Date	Time	Press	Temp	Cond	Sal	O2%	O2ppm	pH	PAR	Trx-Chl-a	Pethr	Pchan
[D-M-Y]	[h:m:s]	[dbar]	[°C]	[mS/cm]	[PSU]	[%]	[mg/l]	[pH]	[-]	[ug/l]	[ug/l]	[ug/l]
21-07-2024 17:17:10.22    0.32  11.652   0.008    0.009   74.8   8.12  14.000 1569.50757   23.13 1000.00 1000.00
21-07-2024 17:17:10.40    0.31  11.671   0.008    0.009   74.8   8.11  14.000 1587.66052   23.13 1000.00 1000.00
21-07-2024 17:17:10.65    0.34  11.690   0.009    0.010   74.8   8.10  14.000 1079.53198   23.13 1000.00 1000.00
21-07-2024 17:17:10.89    0.31  11.708   0.009    0.010   74.7   8.09  14.000 1028.32092 1000.00 1000.00 1000.00
21-07-2024 17:17:11.14    0.33  11.712   0.009    0.010   74.7   8.09  14.000 1336.57581    6.53    5.12    5.62
21-07-2024 17:17:11.38    0.32  11.713   0.008    0.009   74.7   8.09  14.000 2118.86792    2.62    3.18    5.54
21-07-2024 17:17:11.63    0.31  11.714   0.008    0.009   74.7   8.09  14.000 2328.29980    2.62    3.18    5.54
21-07-2024 17:17:11.87    0.30  11.713   0.008    0.009   74.7   8.09  14.000 2328.29980    2.70    3.09    5.50
21-07-2024 17:17:12.12    0.33  11.705   0.008    0.009   74.7   8.09  14.000 2328.29980    2.52    3.40    5.38
21-07-2024 17:17:12.36    0.31  11.702   0.008    0.010   74.7   8.09  14.000 2328.29980   23.50    0.00    0.00
21-07-2024 17:17:12.61    0.33  11.694   0.008    0.010   74.7   8.09  14.000 2328.29980   23.50 1000.00   19.72
21-07-2024 17:17:12.85    0.32  11.695   0.008    0.009   74.7   8.09  14.000 2328.29980    0.00   41.76    0.00
21-07-2024 17:17:13.10    0.33  11.691   0.008    0.009   74.7   8.09  14.000 2328.29980    0.00 1000.00 1000.00
21-07-2024 17:17:13.34    0.34  11.692   0.008    0.009   74.7   8.09  14.000 2328.29980    0.00 1000.00 1000.00
21-07-2024 17:17:13.59    0.31  11.688   0.008    0.009   74.7   8.09  14.000 2328.29980 1000.00 1000.00 1000.00
21-07-2024 17:17:13.84    0.34  11.682   0.008    0.010   74.7   8.09  14.000 2328.29980    3.26    0.00    0.00
21-07-2024 17:17:14.09    0.30  11.673   0.008    0.009   74.7   8.09  14.000 2328.29980    3.26   35.72 1000.00
21-07-2024 17:17:14.33    0.30  11.660   0.008    0.009   74.7   8.10  14.000 1536.95508 1000.00 1000.00 1000.00
21-07-2024 17:17:14.58    0.33  11.655   0.008    0.009   74.7   8.10  14.000 1146.70386 1000.00 1000.00 1000.00
21-07-2024 17:17:14.82    0.32  11.656   0.008    0.009   74.7   8.10  14.000 1013.45563 1000.00 1000.00   11.51
21-07-2024 17:17:15.06    0.31  11.660   0.008    0.009   74.7   8.10  14.000 1401.95715 1000.00 1000.00   11.51
21-07-2024 17:17:15.31    0.30  11.678   0.008    0.009   74.6   8.09  14.000 1567.53589    3.50    3.29    5.63
21-07-2024 17:17:15.56    0.28  11.696   0.008    0.009   74.6   8.08  14.000 1539.82532    2.64    3.27    5.60
21-07-2024 17:17:15.80    0.32  11.712   0.008    0.009   74.6   8.07  14.000 1419.72070    2.59    3.25    5.63
21-07-2024 17:17:16.05    0.31  11.731   0.008    0.009   74.5   8.06  14.000 1059.87878    2.62    3.17    5.51
21-07-2024 17:17:16.29    0.32  11.735   0.008    0.009   74.5   8.07  14.000 1623.75635    2.55    3.26    5.47
21-07-2024 17:17:16.54    0.34  11.726   0.008    0.009   74.5   8.07  14.000 2328.29980    2.59    3.24    5.69
21-07-2024 17:17:16.78    0.31  11.716   0.008    0.009   74.6   8.08  14.000 2328.29980    2.59    3.24    5.69
21-07-2024 17:17:17.03    0.30  11.711   0.008    0.009   74.5   8.07  14.000 2328.29980    2.70    3.21    5.50
21-07-2024 17:17:17.27    0.32  11.704   0.008    0.009   74.5   8.07  14.000 2328.29980    2.72   34.12    0.00
21-07-2024 17:17:17.52    0.34  11.711   0.008    0.009   74.5   8.07  14.000 2328.29980    0.00    4.22    0.00
21-07-2024 17:17:17.77    0.32  11.720   0.008    0.009   74.5   8.07  14.000 2328.29980    0.00    0.00 1000.00
21-07-2024 17:17:18.02    0.31  11.721   0.008    0.009   74.5   8.07  14.000 2328.29980   44.13    0.00   45.49
21-07-2024 17:17:18.26    0.34  11.718   0.008    0.009   74.5   8.06  14.000 2328.29980   43.24    4.14   45.49
21-07-2024 17:17:18.51    0.33  11.723   0.008    0.009   74.4   8.06  14.000 2328.29980   43.24    4.14   45.49
21-07-2024 17:17:18.75    0.30  11.719   0.008    0.009   74.4   8.06  14.000 2328.29980   43.24   11.24   18.93
21-07-2024 17:17:19.00    0.34  11.711   0.008    0.009   74.5   8.07  14.000 2328.29980   30.44 1000.00 1000.00
21-07-2024 17:17:19.24    0.31  11.710   0.008    0.009   74.4   8.06  14.000 2328.29980 1000.00 1000.00 1000.00
21-07-2024 17:17:19.49    0.31  11.697   0.008    0.009   74.5   8.07  14.000 2328.29980 1000.00    0.00    0.00
21-07-2024 17:17:19.73    0.32  11.703   0.008    0.009   74.4   8.06  14.000 2328.29980    0.00    0.00   17.49
21-07-2024 17:17:19.98    0.34  11.707   0.008    0.009   74.4   8.06  14.000 2328.29980    0.00    0.00   17.49
21-07-2024 17:17:20.22    0.31  11.698   0.007    0.009   74.3   8.05  14.000 2328.29980    0.00   17.95   17.49
21-07-2024 17:17:20.47    0.32  11.686   0.007    0.009   74.3   8.05  14.000 2328.29980   39.58    1.90   17.49
21-07-2024 17:17:20.71    0.30  11.686   0.008    0.009   74.3   8.06  14.000 2328.29980    0.00   27.37   17.49
21-07-2024 17:17:20.96    0.35  11.694   0.008    0.009   74.3   8.05  14.000 2328.29980   14.09   57.42   17.49
21-07-2024 17:17:21.21    0.33  11.709   0.008    0.009   74.2   8.04  14.000 2328.29980   13.03   57.42  316.12
21-07-2024 17:17:21.45    0.31  11.697   0.008    0.009   74.3   8.05  14.000 2328.29980   13.03   40.67  316.12
21-07-2024 17:17:21.70    0.31  11.670   0.008    0.009   74.3   8.06  14.000 2328.29980   13.03   40.67  316.12
21-07-2024 17:17:21.94    0.31  11.646   0.008    0.009   74.4   8.06  14.000 2328.29980   13.03   40.67  316.12
21-07-2024 17:17:22.19    0.30  11.623   0.008    0.009   74.5   8.08  14.000 2328.29980   13.03   42.23 1000.00
21-07-2024 17:17:22.44    0.28  11.607   0.008    0.009   74.5   8.09  14.000 2328.29980    0.00  391.87   47.62
21-07-2024 17:17:22.68    0.32  11.600   0.008    0.009   74.5   8.09  14.000 2328.29980    0.00   38.24 1000.00
21-07-2024 17:17:22.93    0.31  11.589   0.008    0.009   74.5   8.09  14.000 2328.29980    0.00   38.24 1000.00
21-07-2024 17:17:23.17    0.29  11.579   0.008    0.009   74.5   8.10  14.000 2328.29980 1000.00 1000.00 1000.00
21-07-2024 17:17:23.42    0.30  11.574   0.008    0.009   74.6   8.10  14.000 2328.29980 1000.00 1000.00 1000.00
21-07-2024 17:17:23.66    0.35  11.564   0.008    0.009   74.5   8.10  14.000 2328.29980 1000.00 1000.00 1000.00
21-07-2024 17:17:23.91    0.32  11.560   0.008    0.009   74.6   8.10  14.000 2328.29980 1000.00   10.22    5.71
21-07-2024 17:17:24.15    0.35  11.567   0.008    0.009   74.5   8.10  14.000 2328.29980    2.65    3.46    5.50
21-07-2024 17:17:24.40    0.31  11.573   0.008    0.009   74.5   8.10  14.000 2328.29980    2.73    3.43    5.75
21-07-2024 17:17:24.64    0.32  11.581   0.008    0.009   74.5   8.09  14.000 2328.29980    2.61    3.24    5.59
21-07-2024 17:17:24.89    0.33  11.583   0.008    0.009   74.4   8.08  14.000 2328.29980    2.64    3.42    5.56
21-07-2024 17:17:25.14    0.32  11.580   0.008    0.009   74.4   8.08  14.000 2328.29980    2.64    3.42    5.56
21-07-2024 17:17:25.39    0.31  11.583   0.007    0.009   74.4   8.08  14.000 2328.29980    2.59    3.20    5.60
21-07-2024 17:17:25.63    0.31  11.592   0.008    0.009   74.4   8.08  14.000 2328.29980    2.61    3.38    5.42
21-07-2024 17:17:25.88    0.29  11.599   0.007    0.009   74.4   8.08  14.000 2328.29980   10.93    3.80    2.21
21-07-2024 17:17:26.12    0.29  11.603   0.007    0.009   74.4   8.07  14.000 2328.29980    9.23    0.00   81.28
21-07-2024 17:17:26.37    0.33  11.603   0.007    0.009   74.4   8.07  14.000 2328.29980 1000.00 1000.00 1000.00
21-07-2024 17:17:26.61    0.30  11.605   0.007    0.009   74.4   8.08  14.000 2328.29980 1000.00 1000.00    0.00
21-07-2024 17:17:26.86    0.31  11.619   0.008    0.009   74.4   8.07  14.000 2328.29980 1000.00 1000.00    0.00
21-07-2024 17:17:27.10    0.33  11.628   0.008    0.009   74.4   8.07  14.000 2328.29980    0.00    2.69   26.48
21-07-2024 17:17:27.35    0.32  11.647   0.007    0.009   74.4   8.06  14.000 2328.29980 1000.00 1000.00   26.48
21-07-2024 17:17:27.59    0.29  11.670   0.007    0.009   74.3   8.05  14.000 2328.29980    0.00   43.89 1000.00
21-07-2024 17:17:27.84    0.31  11.678   0.008    0.009   74.3   8.05  14.000 2328.29980 1000.00 1000.00 1000.00
21-07-2024 17:17:28.08    0.30  11.685   0.007    0.009   74.3   8.05  14.000 2328.29980    7.51    9.04 1000.00
21-07-2024 17:17:28.33    0.31  11.677   0.007    0.009   74.3   8.05  14.000 2328.29980    6.07 1000.00 1000.00
21-07-2024 17:17:28.58    0.33  11.670   0.007    0.009   74.3   8.06  14.000 2328.29980    6.07 1000.00 1000.00
21-07-2024 17:17:28.82    0.29  11.676   0.007    0.009   74.3   8.05  14.000 2328.29980   39.65 1000.00   66.71
21-07-2024 17:17:29.07    0.30  11.671   0.008    0.009   74.3   8.06  14.000 2328.29980   39.65   16.34    6.00
21-07-2024 17:17:29.32    0.32  11.666   0.008    0.009   74.3   8.05  14.000 2328.29980   24.13    4.25    0.00
21-07-2024 17:17:29.56    0.31  11.669   0.008    0.009   74.3   8.05  14.000 2328.29980   38.91 1000.00    5.53
21-07-2024 17:17:29.81    0.31  11.667   0.008    0.009   74.2   8.05  14.000 2328.29980    6.78 1000.00    0.00
21-07-2024 17:17:30.05    0.32  11.654   0.007    0.009   74.2   8.05  14.000 2328.29980    0.00   61.07 1000.00
21-07-2024 17:17:30.30    0.31  11.646   0.007    0.009   74.2   8.05  14.000 2328.29980    0.00   61.07 1000.00
21-07-2024 17:17:30.54    0.32  11.645   0.008    0.009   74.2   8.05  14.000 2328.29980 1000.00   54.23   17.06
21-07-2024 17:17:30.79    0.34  11.649   0.007    0.009   74.2   8.05  14.000 2328.29980    3.18   61.88    7.49
21-07-2024 17:17:31.03    0.32  11.644   0.007    0.009   74.2   8.05  14.000 2328.29980 1000.00   43.33    0.00
21-07-2024 17:17:31.28    0.31  11.655   0.007    0.009   74.2   8.04  14.000 2328.29980   13.70    7.65 1000.00
21-07-2024 17:17:31.52    0.33  11.660   0.007    0.009   74.2   8.04  14.000 2328.29980    2.40 1000.00 1000.00
21-07-2024 17:17:31.77    0.31  11.654   0.007    0.009   74.2   8.04  14.000 2328.29980 1000.00 1000.00    7.54
21-07-2024 17:17:32.01    0.34  11.661   0.007    0.009   74.2   8.04  14.000 2328.29980 1000.00 1000.00    7.54
21-07-2024 17:17:32.27    0.33  11.670   0.007    0.009   74.2   8.04  14.000 2328.29980    2.58    3.21    5.55
21-07-2024 17:17:32.51    0.29  11.679   0.007    0.009   74.2   8.04  14.000 2328.29980    2.69    3.32    5.46
21-07-2024 17:17:32.76    0.31  11.689   0.007    0.009   74.2   8.04  14.000 2328.29980    2.60    3.31    5.48
21-07-2024 17:17:33.01    0.31  11.693   0.007    0.009   74.2   8.04  14.000 2328.29980    2.67    3.17    5.36
21-07-2024 17:17:33.25    0.32  11.695   0.007    0.009   74.2   8.04  14.000 2328.29980    2.59    3.42    5.54
21-07-2024 17:17:33.50    0.32  11.709   0.007    0.009   74.2   8.04  14.000 2328.29980    2.54    3.32    5.41
21-07-2024 17:17:33.74    0.34  11.723   0.007    0.009   74.2   8.03  14.000 2328.29980    2.54    3.32    5.41
21-07-2024 17:17:33.99    0.31  11.733   0.007    0.009   74.2   8.03  14.000 2328.29980    2.68    3.19    5.46
21-07-2024 17:17:34.23    0.30  11.746   0.008    0.009   74.1   8.02  14.000 2328.29980    2.64    3.19    5.46
21-07-2024 17:17:34.48    0.32  11.772   0.007    0.009   74.1   8.01  14.000 2328.29980    2.66    3.37    5.53
21-07-2024 17:17:34.72    0.30  11.766   0.007    0.009   74.1   8.01  14.000 2328.29980    2.70    3.34    5.45
21-07-2024 17:17:34.97    0.31  11.777   0.008    0.009   74.0   8.00  14.000 2328.29980    9.37    3.34    5.45
21-07-2024 17:17:35.21    0.29  11.787   0.008    0.009   74.0   8.00  14.000 2328.29980   10.24    2.87    5.84
21-07-2024 17:17:35.46    0.32  11.804   0.007    0.009   74.0   7.99  14.000 2328.29980   10.24    2.87    5.84
21-07-2024 17:17:35.70    0.30  11.828   0.007    0.009   74.0   7.99  14.000 2328.29980    2.43    3.22    5.32
21-07-2024 17:17:35.95    0.34  11.852   0.008    0.009   73.9   7.98  14.000 2328.29980    2.62    3.43    5.47
21-07-2024 17:17:36.21    0.31  11.865   0.007    0.009   73.9   7.98  14.000 2328.29980    2.61    3.31    5.59
21-07-2024 17:17:36.45    0.31  11.852   0.007    0.009   73.9   7.98  14.000 2328.29980    2.57    3.35    5.56
21-07-2024 17:17:36.69    0.32  11.833   0.007    0.009   74.0   7.99  14.000 2328.29980    2.63    3.35    5.39
21-07-2024 17:17:36.94    0.31  11.818   0.007    0.009   74.0   7.99  14.000 2328.29980    2.53    3.18    5.47
21-07-2024 17:17:37.19    0.32  11.804   0.007    0.009   73.9   7.99  14.000 2328.29980    2.53    3.18    5.47
21-07-2024 17:17:37.43    0.31  11.801   0.008    0.009   74.0   8.00  14.000 2328.29980    2.76    3.06    5.54
21-07-2024 17:17:37.68    0.31  11.805   0.008    0.009   74.0   7.99  14.000 2328.29980    2.66    3.23    5.65
21-07-2024 17:17:37.92    0.31  11.800   0.008    0.009   74.0   7.99  14.000 2328.29980    2.62    3.37    5.57
21-07-2024 17:17:38.17    0.30  11.791   0.008    0.009   73.9   7.99  14.000 2328.29980    2.62    3.27    5.55
21-07-2024 17:17:38.41    0.31  11.789   0.007    0.009   74.0   8.00  14.000 2328.29980    2.67    3.40    5.57
21-07-2024 17:17:38.66    0.33  11.795   0.008    0.009   74.0   7.99  14.000 2328.29980    2.62    3.28    5.63
21-07-2024 17:17:38.90    0.31  11.800   0.007    0.009   74.0   7.99  14.000 2328.29980    2.62    3.28    5.63
21-07-2024 17:17:39.15    0.32  11.808   0.008    0.009   73.9   7.99  14.000 2328.29980    2.72    3.19    5.39
21-07-2024 17:17:39.39    0.33  11.816   0.007    0.009   74.0   7.99  14.000 2328.29980    2.69    3.23    5.65
21-07-2024 17:17:39.64    0.32  11.825   0.007    0.009   73.9   7.99  14.000 2328.29980    2.69    3.13    5.56
21-07-2024 17:17:39.89    0.32  11.834   0.007    0.009   73.9   7.98  14.000 2328.29980    2.65    3.36    5.65
21-07-2024 17:17:40.14    0.33  11.842   0.007    0.009   73.9   7.98  14.000 2328.29980    2.58    3.22    5.44
21-07-2024 17:17:40.38    0.30  11.849   0.007    0.009   73.9   7.98  14.000 2328.29980    2.47    3.20    5.34
21-07-2024 17:17:40.63    0.32  11.859   0.008    0.009   73.9   7.97  14.000 2328.29980    2.47    3.20    5.34
21-07-2024 17:17:40.87    0.31  11.869   0.007    0.009   73.9   7.97  14.000 2328.29980    2.58    3.29    5.55
21-07-2024 17:17:41.12    0.32  11.878   0.007    0.009   73.9   7.97  14.000 2328.29980    2.70    3.31    5.53
21-07-2024 17:17:41.36    0.28  11.893   0.007    0.009   73.8   7.96  14.000 2328.29980    2.63    3.23    5.57
21-07-2024 17:17:41.61    0.30  11.904   0.008    0.009   73.8   7.96  14.000 2328.29980    2.56    3.12    5.57
21-07-2024 17:17:41.85    0.32  11.906   0.008    0.009   73.8   7.96  14.000 2328.29980    2.59    3.26    5.50
21-07-2024 17:17:42.10    0.30  11.916   0.007    0.009   73.8   7.95  14.000 2328.29980    2.48    3.23    5.53
21-07-2024 17:17:42.34    0.31  11.931   0.008    0.009   73.8   7.95  14.000 2328.29980    2.48    3.23    5.53
21-07-2024 17:17:42.59    0.34  11.945   0.008    0.009   73.7   7.94  14.000 2328.29980    2.62    3.38    5.59
21-07-2024 17:17:42.83    0.31  11.954   0.008    0.009   73.7   7.94  14.000 2328.29980    2.61    3.20    5.51
21-07-2024 17:17:43.08    0.31  11.961   0.007    0.009   73.7   7.93  14.000 2328.29980    2.60    3.20 1000.00
21-07-2024 17:17:43.33    0.32  11.965   0.007    0.009   73.6   7.92  14.000 2328.29980    2.60 1000.00   15.03
21-07-2024 17:17:43.58    0.35  11.958   0.008    0.009   73.5   7.92  14.000 2328.29980    2.75    7.76    5.52
21-07-2024 17:17:43.83    0.33  11.952   0.008    0.009   73.5   7.92  14.000 2328.29980   27.06    0.00 1000.00
21-07-2024 17:17:44.07    0.35  11.947   0.007    0.009   73.6   7.93  14.000 2328.29980   27.06    0.00 1000.00
21-07-2024 17:17:44.32    0.35  11.930   0.008    0.009   73.6   7.93  14.000 2328.29980 1000.00 1000.00 1000.00
21-07-2024 17:17:44.56    0.30  11.899   0.007    0.009   73.7   7.95  14.000 2328.29980 1000.00 1000.00 1000.00
21-07-2024 17:17:44.81    0.27  11.871   0.008    0.009   73.7   7.95  14.000 2328.29980    8.56    3.33    5.52
21-07-2024 17:17:45.05    0.26  11.849   0.007    0.009   73.8   7.96  14.000 2328.29980    2.66   18.02    0.00
21-07-2024 17:17:45.30    0.30  11.830   0.007    0.009   73.8   7.97  14.000 2328.29980    2.66 1000.00   10.21
21-07-2024 17:17:45.54    0.32  11.812   0.007    0.009   73.9   7.98  14.000 2328.29980    3.79   36.21   14.91
21-07-2024 17:17:45.79    0.34  11.791   0.007    0.009   73.9   7.99  14.000 2328.29980    3.79   36.21   14.91
21-07-2024 17:17:46.03    0.35  11.763   0.007    0.009   74.0   8.00  14.000 2328.29980    3.79   46.92   14.91
21-07-2024 17:17:46.28    0.30  11.746   0.007    0.009   74.0   8.00  14.000 2328.29980    0.00   85.93   14.91
21-07-2024 17:17:46.52    0.35  11.724   0.007    0.009   74.0   8.01  14.000 2328.29980 1000.00 1000.00   24.90
21-07-2024 17:17:46.77    0.34  11.721   0.007    0.009   74.0   8.02  14.000 2328.29980 1000.00   43.82    5.01
21-07-2024 17:17:47.03    0.35  11.721   0.007    0.009   74.1   8.02  14.000 2328.29980 1000.00    4.23 1000.00
21-07-2024 17:17:47.26    0.30  11.697   0.007    0.009   74.1   8.02  14.000 2328.29980 1000.00 1000.00    0.00
21-07-2024 17:17:47.51    0.32  11.667   0.007    0.009   74.1   8.03  14.000 2328.29980 1000.00 1000.00    0.00
21-07-2024 17:17:47.76    0.28  11.674   0.007    0.009   74.1   8.03  14.000 2328.29980  346.55 1000.00 1000.00
21-07-2024 17:17:48.00    0.34  11.687   0.007    0.009   74.1   8.03  14.000 2328.29980   12.47   13.00 1000.00
21-07-2024 17:17:48.25    0.32  11.706   0.007    0.009   74.1   8.02  14.000 2328.29980 1000.00    0.00   12.03
21-07-2024 17:17:48.49    0.28  11.728   0.008    0.009   74.0   8.01  14.000 2328.29980 1000.00    4.21    0.00
21-07-2024 17:17:48.74    0.36  11.744   0.007    0.009   74.0   8.01  14.000 2328.29980 1000.00   53.80    0.00
21-07-2024 17:17:48.98    0.30  11.739   0.007    0.009   74.2   8.03  14.000 2328.29980 1000.00 1000.00   11.48
21-07-2024 17:17:49.23    0.31  11.598  18.357   15.015   74.3   7.34  14.000 2328.29980 1000.00 1000.00   11.48
21-07-2024 17:17:49.47    0.42  11.248  18.545   15.326   73.8   7.33  14.000 2328.29980 1000.00   48.32   50.73
21-07-2024 17:17:49.72    0.43  11.147  18.564   15.385   73.4   7.31  14.000 2328.29980    2.25   48.32    0.00
21-07-2024 17:17:49.96    0.45  11.096  18.574   15.415   73.2   7.30  14.000 2328.29980    2.25   48.32    0.00
21-07-2024 17:17:50.21    0.46  11.128  18.600   15.426   72.9   7.26  14.000 2328.29980   26.79   48.32   24.47
21-07-2024 17:17:50.45    0.53  11.111  18.633   15.463   72.6   7.24  14.000 2328.29980   26.79   53.79   24.47
21-07-2024 17:17:50.71    0.55  11.090  18.652   15.489   72.5   7.23  14.000 2328.29980   11.52   53.79    6.05
21-07-2024 17:17:50.95    0.57  11.100  18.672   15.503   72.3   7.20  14.000 2328.29980   11.52   53.79    6.05
21-07-2024 17:17:51.20    0.55  11.057  18.688   15.534   72.3   7.21  14.000 2328.29980   31.98   46.54   47.37
21-07-2024 17:17:51.44    0.48  11.071  18.689   15.531   72.2   7.19  14.000 2328.29980    8.09   18.04   47.37
21-07-2024 17:17:51.69    0.51  11.069  18.691   15.532   72.1   7.18  14.000 2328.29980    8.09   18.04   17.78
21-07-2024 17:17:51.94    0.46  11.086  18.688   15.522   72.1   7.18  14.000 2328.29980    8.09   18.04   17.78
21-07-2024 17:17:52.18    0.51  11.098  18.696   15.525   72.0   7.17  14.000 2328.29980    8.09  122.86    8.92
21-07-2024 17:17:52.43    0.58  11.066  18.736   15.575   71.9   7.16  14.000 2328.29980    8.09   32.40   12.32
21-07-2024 17:17:52.67    0.53  11.023  18.753   15.608   72.0   7.18  14.000 2328.29980    8.09   32.40   12.32
21-07-2024 17:17:52.92    0.49  11.012  18.747   15.608   72.1   7.19  14.000 2328.29980 1000.00   32.40    0.00
21-07-2024 17:17:53.16    0.48  11.030  18.749   15.601   72.1   7.19  14.000 2328.29980   42.30   32.40   29.72
21-07-2024 17:17:53.41    0.52  11.013  18.754   15.613   72.1   7.19  14.000 2328.29980   42.30   11.31  114.51
21-07-2024 17:17:53.65    0.55  11.013  18.747   15.607   72.1   7.20  14.000 2328.29980   42.30   22.45  114.51
21-07-2024 17:17:53.90    0.54  11.014  18.748   15.608   72.3   7.21  14.000 2328.29980    4.93   22.45   19.32
21-07-2024 17:17:54.14    0.58  11.004  18.759   15.622   72.4   7.22  14.000 2328.29980    4.93   22.45   19.32
21-07-2024 17:17:54.39    0.51  10.991  18.762   15.630   72.4   7.23  14.000 2328.29980   39.27   71.00    6.80
21-07-2024 17:17:54.64    0.50  11.001  18.744   15.610   72.4   7.23  14.000 2328.29980    7.29   50.86   56.51
21-07-2024 17:17:54.89    0.49  11.025  18.747   15.602   72.5   7.22  14.000 2328.29980   15.21    8.12   67.63
21-07-2024 17:17:55.13    0.47  11.043  18.761   15.607   72.5   7.23  14.000 2328.29980   15.21   86.51    7.07
21-07-2024 17:17:55.38    0.52  11.044  18.768   15.613   72.6   7.23  14.000 2328.29980    0.64   86.51   53.39
21-07-2024 17:17:55.62    0.51  11.021  18.782   15.635   72.6   7.24  14.000 2328.29980 1000.00 1000.00   53.39
21-07-2024 17:17:55.87    0.52  11.003  18.789   15.649   72.6   7.24  14.000 2328.29980    6.67 1000.00   18.27
21-07-2024 17:17:56.11    0.53  11.000  18.789   15.650   72.7   7.25  14.000 2328.29980    6.67 1000.00   18.27
21-07-2024 17:17:56.36    0.51  11.016  18.794   15.648   72.8   7.26  14.000 2328.29980    7.51   23.39   48.08
21-07-2024 17:17:56.60    0.59  11.034  18.790   15.637   72.8   7.26  14.000 2328.29980   49.98   12.64 1000.00
21-07-2024 17:17:56.85    0.56  11.049  18.757   15.601   72.8   7.26  14.000 2328.29980   17.78   45.41 1000.00
21-07-2024 17:17:57.09    0.49  11.066  18.740   15.578   72.8   7.25  14.000 2328.29980   36.74   45.41   13.46
21-07-2024 17:17:57.34    0.53  11.076  18.755   15.588   72.8   7.26  14.000 2328.29980   36.74   13.55   24.19
21-07-2024 17:17:57.58    0.56  11.083  18.713   15.547   72.9   7.26  14.000 2328.29980   36.74   13.55   24.19
21-07-2024 17:17:57.83    0.54  11.093  18.685   15.517   72.9   7.27  14.000 2328.29980   27.24   79.44   24.19
21-07-2024 17:17:58.09    0.57  11.107  18.701   15.526   73.0   7.27  14.000 2328.29980   26.42   79.44   24.19
21-07-2024 17:17:58.33    0.54  11.107  18.703   15.528   73.0   7.27  14.000 2328.29980   68.61   79.44   24.19
21-07-2024 17:17:58.57    0.50  11.100  18.707   15.534   73.0   7.27  14.000 2328.29980    2.91   79.44   24.19
21-07-2024 17:17:58.82    0.52  11.102  18.706   15.532   73.0   7.27  14.000 2328.29980    5.89   79.44   41.04
21-07-2024 17:17:59.06    0.54  11.106  18.729   15.551   73.0   7.26  14.000 2328.29980    5.89   72.56   48.88
21-07-2024 17:17:59.31    0.55  11.082  18.751   15.582   73.0   7.28  14.000 2328.29980    5.89   72.56   48.88
21-07-2024 17:17:59.55    0.53  11.061  18.754   15.593   73.1   7.28  14.000 2328.29980    6.22 1000.00   48.88
21-07-2024 17:17:59.80    0.55  11.054  18.750   15.593   73.1   7.29  14.000 2328.29980    0.00   25.17   48.88
21-07-2024 17:18:00.04    0.55  11.058  18.752   15.592   73.2   7.29  14.000 2328.29980 1000.00   25.17   11.78
21-07-2024 17:18:00.29    0.58  11.068  18.737   15.575   73.2   7.29  14.000 2328.29980 1000.00   25.17   20.53
21-07-2024 17:18:00.53    0.54  11.071  18.721   15.559   73.2   7.30  14.000 2328.29980    4.86   39.22   21.94
21-07-2024 17:18:00.78    0.46  11.076  18.732   15.566   73.2   7.30  14.000 2328.29980   53.75   39.22   21.94
21-07-2024 17:18:01.02    0.50  11.081  18.747   15.578   73.2   7.29  14.000 2328.29980   53.75   39.22   21.94
21-07-2024 17:18:01.27    0.53  11.074  18.769   15.601   73.3   7.30  14.000 2328.29980    1.41   39.22 1000.00
21-07-2024 17:18:01.52    0.53  11.080  18.740   15.572   73.4   7.31  14.000 2328.29980    0.44    9.91   10.34
21-07-2024 17:18:01.77    0.54  11.087  18.758   15.585   73.4   7.31  14.000 2328.29980    5.08    2.54   10.34
21-07-2024 17:18:02.01    0.51  11.084  18.767   15.595   73.4   7.31  14.000 2328.29980    5.08   93.40   40.57
21-07-2024 17:18:02.26    0.51  11.082  18.768   15.597   73.4   7.31  14.000 2328.29980    5.08   93.40 1000.00
21-07-2024 17:18:02.51    0.55  11.080  18.762   15.592   73.4   7.31  14.000 2328.29980 1000.00    0.00 1000.00
21-07-2024 17:18:02.75    0.59  11.074  18.774   15.606   73.4   7.31  14.000 2328.29980 1000.00    0.00 1000.00
21-07-2024 17:18:03.00    0.53  11.060  18.786   15.623   73.5   7.32  14.000 2328.29980   14.98   31.61    0.00
21-07-2024 17:18:03.24    0.54  11.059  18.787   15.623   73.5   7.32  14.000 2328.29980   14.98   43.28    0.00
21-07-2024 17:18:03.49    0.49  11.072  18.776   15.608   73.5   7.32  14.000 2328.29980   29.56 1000.00    0.00
21-07-2024 17:18:03.73    0.55  11.071  18.780   15.613   73.5   7.33  14.000 2328.29980    4.30   39.91   11.54
21-07-2024 17:18:03.98    0.56  11.064  18.788   15.623   73.6   7.33  14.000 2328.29980    4.30   67.61   21.33
21-07-2024 17:18:04.22    0.54  11.061  18.792   15.628   73.6   7.33  14.000 2328.29980 1000.00    0.86   18.35
21-07-2024 17:18:04.47    0.52  11.054  18.794   15.632   73.7   7.34  14.000 2328.29980 1000.00    0.86   18.35
21-07-2024 17:18:04.71    0.47  11.049  18.805   15.644   73.8   7.35  14.000 2328.29980    8.77   10.68   54.87
21-07-2024 17:18:04.96    0.48  11.052  18.804   15.642   73.8   7.36  14.000 2328.29980    8.77   25.09   54.87
21-07-2024 17:18:05.20    0.58  11.056  18.781   15.620   73.9   7.36  14.000 2328.29980    8.77   25.75   54.87
21-07-2024 17:18:05.46    0.61  11.069  18.767   15.602   73.9   7.37  14.000 2328.29980    8.77 1000.00   54.87
21-07-2024 17:18:05.70    0.58  11.080  18.778   15.607   74.0   7.37  14.000 2328.29980    8.77 1000.00   54.87
21-07-2024 17:18:05.95    0.53  11.087  18.778   15.604   74.1   7.38  14.000 2328.29980   42.43   36.72   54.87
21-07-2024 17:18:06.19    0.54  11.082  18.757   15.587   74.0   7.37  14.000 2328.29980   42.43   36.72   54.87
21-07-2024 17:18:06.44    0.52  11.070  18.762   15.596   74.1   7.38  14.000 2328.29980    1.87   28.37   54.87
21-07-2024 17:18:06.69    0.50  11.064  18.765   15.601   74.1   7.38  14.000 2328.29980    1.87    5.28   54.87
21-07-2024 17:18:06.93    0.53  11.068  18.763   15.599   74.1   7.38  14.000 2328.29980   39.97 1000.00   54.87
21-07-2024 17:18:07.17    0.53  11.074  18.745   15.579   74.1   7.38  14.000 2328.29980    0.36    0.00   54.87
21-07-2024 17:18:07.42    0.52  11.081  18.750   15.581   74.2   7.39  14.000 2328.29980    0.36    0.00   54.52
21-07-2024 17:18:07.67    0.54  11.084  18.753   15.582   74.2   7.39  14.000 2328.29980    0.36    0.00    0.00
21-07-2024 17:18:07.91    0.52  11.083  18.750   15.580   74.2   7.39  14.000 2328.29980    0.36    0.00    0.00
21-07-2024 17:18:08.16    0.51  11.084  18.750   15.580   74.2   7.39  14.000 2328.29980    0.36    7.75 1000.00
21-07-2024 17:18:08.40    0.53  11.087  18.747   15.576   74.2   7.39  14.000 2328.29980    0.36 1000.00 1000.00
21-07-2024 17:18:08.65    0.51  11.089  18.753   15.581   74.3   7.40  14.000 2328.29980    5.03    6.80 1000.00
21-07-2024 17:18:08.89    0.52  11.090  18.756   15.583   74.3   7.40  14.000 2328.29980   22.78   28.17    2.36
21-07-2024 17:18:09.15    0.57  11.090  18.754   15.581   74.3   7.40  14.000 2328.29980   32.58    9.72    0.00
21-07-2024 17:18:09.39    0.53  11.098  18.757   15.580   74.4   7.40  14.000 2328.29980   32.58 1000.00    0.00
21-07-2024 17:18:09.64    0.51  11.104  18.769   15.589   74.4   7.40  14.000 2328.29980   32.58 1000.00    0.00
21-07-2024 17:18:09.88    0.52  11.107  18.762   15.581   74.4   7.41  14.000 2328.29980   32.58   21.61    4.57
21-07-2024 17:18:10.13    0.53  11.103  18.763   15.583   74.4   7.41  14.000 2328.29980   32.58   21.61    4.57
21-07-2024 17:18:10.37    0.51  11.103  18.767   15.587   74.5   7.41  14.000 2328.29980   37.76   21.61    4.57
21-07-2024 17:18:10.62    0.51  11.107  18.766   15.585   74.5   7.41  14.000 2328.29980   37.76   21.61    3.31
21-07-2024 17:18:10.86    0.51  11.120  18.769   15.582   74.4   7.41  14.000 2328.29980   37.76   33.15    3.31
21-07-2024 17:18:11.11    0.54  11.120  18.772   15.584   74.4   7.40  14.000 2328.29980   23.32    6.86    5.33
21-07-2024 17:18:11.35    0.55  11.115  18.773   15.587   74.4   7.41  14.000 2328.29980   23.32    6.86    5.33
21-07-2024 17:18:11.60    0.53  11.105  18.770   15.589   74.4   7.41  14.000 2328.29980   23.32   16.15    5.33
21-07-2024 17:18:11.84    0.56  11.098  18.766   15.588   74.5   7.42  14.000 2328.29980 1000.00   16.15   48.02
21-07-2024 17:18:12.09    0.52  11.097  18.769   15.592   74.5   7.41  14.000 2328.29980 1000.00   16.15    5.92
21-07-2024 17:18:12.33    0.53  11.090  18.779   15.603   74.4   7.41  14.000 2328.29980    4.84   16.15   58.18
21-07-2024 17:18:12.58    0.55  11.076  18.794   15.623   74.4   7.41  14.000 2328.29980   21.74   50.93   58.18
21-07-2024 17:18:12.83    0.52  11.060  18.799   15.634   74.4   7.41  14.000 2328.29980    7.71   53.71   58.18
21-07-2024 17:18:13.07    0.54  11.052  18.814   15.651   74.5   7.42  14.000 2328.29980    7.71   53.71   58.18
21-07-2024 17:18:13.32    0.51  11.052  18.824   15.661   74.4   7.41  14.000 2328.29980   13.78 1000.00   58.18
21-07-2024 17:18:13.57    0.51  11.065  18.819   15.650   74.4   7.41  14.000 2328.29980   13.78   84.26   58.18
21-07-2024 17:18:13.81    0.49  11.075  18.823   15.650   74.4   7.40  14.000 2328.29980   10.23   18.07   24.43
21-07-2024 17:18:14.06    0.49  11.076  18.822   15.648   74.4   7.41  14.000 2328.29980   14.99    5.58   24.43
21-07-2024 17:18:14.31    0.52  11.079  18.818   15.643   74.3   7.40  14.000 2328.29980   14.99    5.58   24.43
21-07-2024 17:18:14.55    0.54  11.077  18.791   15.620   74.3   7.40  14.000 2328.29980   14.99    0.00   34.99
21-07-2024 17:18:14.79    0.55  11.071  18.798   15.629   74.3   7.40  14.000 2328.29980   14.99    0.00   34.99
21-07-2024 17:18:15.04    0.52  11.067  18.805   15.637   74.3   7.40  14.000 2328.29980   14.99    5.18   34.99
21-07-2024 17:18:15.29    0.55  11.065  18.811   15.642   74.3   7.40  14.000 2328.29980   14.99 1000.00   34.99
21-07-2024 17:18:15.53    0.53  11.066  18.807   15.639   74.3   7.40  14.000 2328.29980   14.99    3.02   34.99
21-07-2024 17:18:15.78    0.52  11.067  18.793   15.626   74.2   7.40  14.000 2328.29980   14.99   14.95   34.99
21-07-2024 17:18:16.02    0.49  11.067  18.781   15.615   74.2   7.39  14.000 2328.29980   14.99   14.95    6.42
21-07-2024 17:18:16.27    0.48  11.067  18.779   15.613   74.2   7.39  14.000 2328.29980   14.99   14.95    2.68
21-07-2024 17:18:16.52    0.51  11.068  18.751   15.588   74.2   7.39  14.000 2328.29980   14.99   14.95    2.68
21-07-2024 17:18:16.76    0.54  11.069  18.756   15.592   74.2   7.39  14.000 2328.29980   35.18   14.95    2.68
21-07-2024 17:18:17.01    0.53  11.069  18.764   15.598   74.2   7.39  14.000 2328.29980   19.87   14.95    2.68
21-07-2024 17:18:17.25    0.51  11.070  18.767   15.601   74.1   7.39  14.000 2328.29980    6.66   14.95   45.71
21-07-2024 17:18:17.50    0.50  11.074  18.767   15.599   74.1   7.38  14.000 2328.29980    6.66 1000.00   64.28
21-07-2024 17:18:17.75    0.51  11.080  18.752   15.583   74.1   7.38  14.000 2328.29980   22.89 1000.00   64.28
21-07-2024 17:18:17.99    0.54  11.083  18.742   15.572   74.1   7.38  14.000 2328.29980   22.89   40.50   36.62
21-07-2024 17:18:18.26    0.55  11.087  18.744   15.573   74.1   7.38  14.000 2328.29980   22.89   40.50   15.49
21-07-2024 17:18:18.48    0.52  11.089  18.749   15.577   74.1   7.38  14.000 2328.29980   22.89   40.50   15.49
21-07-2024 17:18:18.73    0.49  11.089  18.750   15.578   74.1   7.38  14.000 2328.29980   19.38   16.08   69.71
21-07-2024 17:18:18.97    0.50  11.089  18.752   15.580   74.1   7.38  14.000 2328.29980   25.99   34.81   69.71
21-07-2024 17:18:19.22    0.50  11.089  18.754   15.581   74.1   7.38  14.000 2328.29980    0.00   34.81   69.71
21-07-2024 17:18:19.46    0.51  11.089  18.755   15.582   74.1   7.38  14.000 2328.29980 1000.00   34.81   55.53
21-07-2024 17:18:19.71    0.50  11.088  18.755   15.583   74.1   7.38  14.000 2328.29980 1000.00   34.81 1000.00
21-07-2024 17:18:19.95    0.48  11.086  18.757   15.585   74.1   7.38  14.000 2328.29980 1000.00   34.81 1000.00
21-07-2024 17:18:20.21    0.53  11.087  18.759   15.587   74.1   7.38  14.000 2328.29980   27.84   34.81 1000.00
21-07-2024 17:18:20.45    0.52  11.087  18.756   15.584   74.1   7.38  14.000 2328.29980   31.86   75.11 1000.00
21-07-2024 17:18:20.70    0.52  11.088  18.759   15.586   74.1   7.38  14.000 2328.29980   31.86   75.11 1000.00
21-07-2024 17:18:20.94    0.52  11.087  18.747   15.575   74.1   7.38  14.000 2328.29980   31.86   13.37 1000.00
21-07-2024 17:18:21.19    0.53  11.086  18.733   15.564   74.1   7.38  14.000 2328.29980   31.86   60.22    2.68
21-07-2024 17:18:21.43    0.56  11.088  18.733   15.563   74.1   7.38  14.000 2328.29980   31.86   26.15 1000.00
21-07-2024 17:18:21.68    0.57  11.090  18.743   15.571   74.1   7.38  14.000 2328.29980   31.86   26.15 1000.00
21-07-2024 17:18:21.92    0.49  11.092  18.748   15.575   74.1   7.38  14.000 2328.29980 1000.00    3.33    5.61
21-07-2024 17:18:22.17    0.49  11.093  18.750   15.576   74.1   7.38  14.000 2328.29980 1000.00    9.89   51.23
21-07-2024 17:18:22.41    0.50  11.093  18.750   15.576   74.1   7.38  14.000 2328.29980   16.15   15.59   51.23
21-07-2024 17:18:22.66    0.54  11.092  18.746   15.572   74.1   7.38  14.000 2328.29980   22.19    0.00   51.23
21-07-2024 17:18:22.90    0.54  11.094  18.755   15.580   74.1   7.38  14.000 2328.29980    6.61   31.67    6.89
21-07-2024 17:18:23.15    0.50  11.092  18.758   15.583   74.1   7.37  14.000 2328.29980    6.61    4.81   57.57
21-07-2024 17:18:23.43    0.54  11.089  18.762   15.589   74.1   7.38  14.000 2328.29980    6.61    4.81   14.06
21-07-2024 17:18:23.64    0.52  11.086  18.768   15.595   74.1   7.38  14.000 2328.29980    6.61    4.81   14.06
21-07-2024 17:18:23.89    0.53  11.087  18.766   15.592   74.1   7.38  14.000 2328.29980   20.24   76.14   14.06
21-07-2024 17:18:24.14    0.54  11.090  18.768   15.593   74.1   7.38  14.000 2328.29980   13.07    8.01   14.06
21-07-2024 17:18:24.39    0.51  11.096  18.754   15.578   74.1   7.38  14.000 2328.29980   13.07    8.01   14.06
21-07-2024 17:18:24.63    0.50  11.102  18.717   15.542   74.0   7.37  14.000 2328.29980   13.07   19.33   14.06
21-07-2024 17:18:24.87    0.53  11.101  18.705   15.532   74.1   7.38  14.000 2328.29980 1000.00   22.45   20.21
21-07-2024 17:18:25.12    0.56  11.100  18.710   15.536   74.1   7.38  14.000 2328.29980 1000.00   22.45   20.21
21-07-2024 17:18:25.37    0.52  11.101  18.719   15.545   74.1   7.38  14.000 2328.29980    3.17   12.64   20.21
21-07-2024 17:18:25.61    0.52  11.102  18.722   15.547   74.1   7.38  14.000 2328.29980    8.62   41.96   20.21
21-07-2024 17:18:25.86    0.50  11.102  18.725   15.550   74.1   7.38  14.000 2328.29980   16.37    6.61   20.21
21-07-2024 17:18:26.10    0.49  11.102  18.709   15.535   74.1   7.38  14.000 2328.29980 1000.00   12.47   20.22
21-07-2024 17:18:26.35    0.48  11.102  18.705   15.531   74.1   7.38  14.000 2328.29980 1000.00   12.47    3.56
21-07-2024 17:18:26.59    0.54  11.103  18.707   15.533   74.2   7.39  14.000 2328.29980    4.35   30.66    5.82
21-07-2024 17:18:26.84    0.52  11.103  18.709   15.535   74.2   7.39  14.000 2328.29980    4.35   30.66    5.82
21-07-2024 17:18:27.08    0.51  11.106  18.715   15.538   74.2   7.39  14.000 2328.29980    0.00   30.66    5.82
21-07-2024 17:18:27.33    0.53  11.123  18.708   15.526   74.2   7.38  14.000 2328.29980    0.77   30.66   24.25
21-07-2024 17:18:27.58    0.57  11.128  18.677   15.495   74.2   7.38  14.000 2328.29980   14.24    3.42   24.25
21-07-2024 17:18:27.83    0.57  11.130  18.675   15.492   74.2   7.38  14.000 2328.29980   31.27    3.42   24.25
21-07-2024 17:18:28.07    0.50  11.124  18.683   15.503   74.2   7.38  14.000 2328.29980   31.27   65.28   29.83
21-07-2024 17:18:28.32    0.49  11.117  18.709   15.529   74.2   7.39  14.000 2328.29980   31.27   65.28   29.83
21-07-2024 17:18:28.56    0.50  11.102  18.740   15.563   74.2   7.39  14.000 2328.29980   31.27   65.28   29.83
21-07-2024 17:18:28.81    0.50  11.093  18.738   15.565   74.2   7.39  14.000 2328.29980    7.32   65.28   34.15
21-07-2024 17:18:29.05    0.56  11.092  18.719   15.549   74.1   7.38  14.000 2328.29980   18.76   56.17 1000.00
21-07-2024 17:18:29.30    0.50  11.093  18.733   15.561   74.1   7.38  14.000 2328.29980   18.76   56.17    7.92
21-07-2024 17:18:29.54    0.54  11.092  18.728   15.557   74.1   7.38  14.000 2328.29980    0.00    4.35   40.44
21-07-2024 17:18:29.79    0.59  11.092  18.728   15.557   74.1   7.38  14.000 2328.29980    0.00   11.63   40.44
21-07-2024 17:18:30.03    0.72  11.103  18.634   15.467   74.1   7.38  14.000 2328.29980    7.92   13.93   27.34
21-07-2024 17:18:30.28    0.74  11.114  18.665   15.490   74.1   7.38  14.000 2328.29980    7.92   13.93   27.34
21-07-2024 17:18:30.52    0.84  11.111  18.682   15.507   74.1   7.38  14.000 1818.45349   27.39   11.82    2.28
21-07-2024 17:18:30.77    0.90  11.102  18.722   15.546   74.1   7.38  14.000 1608.94067 1000.00   16.14    2.28
21-07-2024 17:18:31.02    1.02  11.058  18.879   15.707   74.1   7.38  14.000 1774.94495   59.14   16.14    2.28
21-07-2024 17:18:31.27    1.11  10.976  18.972   15.826   74.1   7.38  14.000 1841.83777   59.14   21.08   33.29
21-07-2024 17:18:31.51    1.18  10.844  19.060   15.964   74.2   7.41  14.000 1265.50342    4.81   77.43   15.96
21-07-2024 17:18:31.76    1.24  10.788  19.098   16.023   74.2   7.41  14.000 1653.51575   18.28   77.43   23.02
21-07-2024 17:18:32.01    1.28  10.713  19.203   16.153   74.2   7.42  14.000 2001.43018   18.28   77.43   23.02
21-07-2024 17:18:32.25    1.36  10.616  19.482   16.452   74.1   7.41  14.000 1934.34131   23.11   77.43    7.33
21-07-2024 17:18:32.50    1.46  10.448  19.584   16.622   74.2   7.45  14.000 1488.91235   23.11    0.19    7.33
21-07-2024 17:18:32.74    1.51  10.302  19.629   16.730   74.4   7.49  14.000 1284.00354    4.98    0.19    7.33
21-07-2024 17:18:32.99    1.56  10.247  19.656   16.781   74.4   7.49  14.000 1297.13159    9.13    0.19    7.33
21-07-2024 17:18:33.23    1.62  10.207  19.668   16.810   74.4   7.50  14.000 1828.97839    8.72   14.94    7.68
21-07-2024 17:18:33.48    1.73  10.192  19.675   16.824   74.4   7.50  14.000 1348.65588    8.72    7.84    7.29
21-07-2024 17:18:33.72    1.78  10.175  19.693   16.849   74.4   7.50  14.000 1180.17493    8.72    7.84    7.29
21-07-2024 17:18:33.97    1.87  10.108  20.013   17.179   74.4   7.50  14.000 1575.00037    9.16    5.58   14.96
21-07-2024 17:18:34.21    1.99   9.990  19.942   17.168   74.4   7.52  14.000 1609.86218    9.16    7.01    9.36
21-07-2024 17:18:34.46    2.05   9.983  19.913   17.144   74.3   7.51  14.000 1340.68579    2.72    7.74    2.13
21-07-2024 17:18:34.70    2.17   9.967  20.223   17.443   74.3   7.50  14.000  934.27417    2.72    7.74    1.25
21-07-2024 17:18:34.96    2.19   9.877  20.330   17.588   74.4   7.52  14.000 1523.40576    2.21    7.74    8.34
21-07-2024 17:18:35.20    2.31   9.704  21.159   18.460   74.5   7.52  14.000 1360.07568    2.26    0.07    7.76
21-07-2024 17:18:35.45    2.43   9.277  21.456   18.967   75.3   7.65  14.000 1086.33765    2.26    0.07    7.76
21-07-2024 17:18:35.70    2.53   9.025  21.576   19.218   75.5   7.70  14.000  906.59619    1.34    2.43   12.93
21-07-2024 17:18:35.94    2.59   8.667  22.383   20.208   76.1   7.78  14.000 1215.19971    3.97    1.96    1.79
21-07-2024 17:18:36.19    2.69   8.397  22.489   20.468   76.0   7.80  14.000 1097.15955    3.71    1.96    1.70
21-07-2024 17:18:36.43    2.78   8.158  22.717   20.836   75.9   7.81  14.000  829.13110    0.71    1.96    3.21
21-07-2024 17:18:36.68    2.86   8.089  22.831   20.991   75.6   7.79  14.000  938.73883    0.71    3.98    0.75
21-07-2024 17:18:36.92    3.00   8.030  22.723   20.918   75.5   7.79  14.000 1001.28979    4.00    3.98    0.79
21-07-2024 17:18:37.17    3.10   7.926  23.647   21.916   75.5   7.77  14.000 1111.18311    4.00    3.98    0.79
21-07-2024 17:18:37.41    3.21   7.702  23.580   21.988   75.7   7.83  14.000  950.88025    0.94    4.57    1.91
21-07-2024 17:18:37.66    3.30   7.554  23.672   22.176   75.8   7.85  14.000 1035.43225    2.74    2.69    0.13
21-07-2024 17:18:37.90    3.45   7.565  23.526   22.020   75.3   7.81  14.000  893.01587    3.46    1.78    2.34
21-07-2024 17:18:38.15    3.54   7.610  23.787   22.259   74.9   7.75  14.000  883.28137    1.47    3.89    2.22
21-07-2024 17:18:38.39    3.58   7.593  23.626   22.105   75.1   7.78  14.000  827.38879    3.57    2.68    2.74
21-07-2024 17:18:38.65    3.75   7.627  23.740   22.200   75.3   7.78  14.000  832.40625    3.17    0.54    2.31
21-07-2024 17:18:38.89    3.82   7.345  24.683   23.357   75.8   7.83  14.000  884.57593    3.17    0.54    2.31
21-07-2024 17:18:39.14    3.92   7.181  24.568   23.348   76.0   7.88  14.000  805.79187    4.29    3.23    3.19
21-07-2024 17:18:39.38    4.05   7.123  24.573   23.392   76.2   7.91  14.000  740.17816    2.84    1.80    3.47
21-07-2024 17:18:39.63    4.11   7.085  24.645   23.493   76.4   7.93  14.000  720.79132    2.75    1.40    2.77
21-07-2024 17:18:39.87    4.25   7.013  25.108   24.028   76.7   7.95  14.000  706.41022    2.24    0.91    2.99
21-07-2024 17:18:40.12    4.35   6.754  25.349   24.465   77.1   8.02  14.000  778.23602    2.37    1.82    2.68
21-07-2024 17:18:40.36    4.43   6.623  25.363   24.573   77.5   8.07  14.000  651.11194    2.37    1.82    2.68
21-07-2024 17:18:40.61    4.54   6.565  25.417   24.672   77.7   8.10  14.000  620.58734    3.41    2.01    2.58
21-07-2024 17:18:40.85    4.69   6.490  25.388   24.696   78.0   8.15  14.000  613.63354    1.93    2.83    2.77
21-07-2024 17:18:41.10    4.80   6.521  25.494   24.786   78.1   8.15  14.000  712.94202    3.03    1.85    2.60
21-07-2024 17:18:41.34    4.92   6.410  25.703   25.091   78.4   8.19  14.000  662.53986    2.23    2.33    3.61
21-07-2024 17:18:41.59    4.98   6.220  25.760   25.293   78.8   8.26  14.000  600.82227    2.65    2.35    2.82
21-07-2024 17:18:41.83    5.11   6.055  25.675   25.323   79.3   8.33  14.000  533.14203    2.89    2.75    2.65
21-07-2024 17:18:42.09    5.23   5.948  25.942   25.693   79.5   8.36  14.000  563.95380    2.89    2.75    2.65
21-07-2024 17:18:42.33    5.31   5.891  26.039   25.844   79.6   8.38  14.000  581.65900    2.44    2.36    2.42
21-07-2024 17:18:42.58    5.42   5.747  26.165   26.092   80.0   8.43  14.000  587.15833    2.88    2.14    2.82
21-07-2024 17:18:42.82    5.52   5.578  26.179   26.238   80.5   8.51  14.000  567.54578    3.16    1.34    3.24
21-07-2024 17:18:43.07    5.61   5.416  26.164   26.348   80.9   8.58  14.000  516.66034    2.86    2.00    2.68
21-07-2024 17:18:43.31    5.71   5.341  26.132   26.372   81.0   8.61  14.000  498.01663    2.43    2.10    2.87
21-07-2024 17:18:43.56    5.88   5.139  26.261   26.676   81.3   8.66  14.000  488.29770    2.36    1.64    2.80
21-07-2024 17:18:43.80    5.98   4.754  26.130   26.837   81.7   8.78  14.000  499.17349    2.36    1.64    2.80
21-07-2024 17:18:44.05    6.03   4.613  25.998   26.801   82.0   8.84  14.000  507.21155    2.87    2.25    3.31
21-07-2024 17:18:44.29    6.16   4.492  25.975   26.873   82.4   8.92  14.000  484.84711    2.98    1.83    3.04
21-07-2024 17:18:44.54    6.27   4.381  25.992   26.983   82.5   8.94  14.000  463.95184    3.69    2.51    3.09
21-07-2024 17:18:44.78    6.40   4.150  26.166   27.373   82.6   8.98  14.000  434.07932    2.79    1.73    2.99
21-07-2024 17:18:45.03    6.48   3.994  26.193   27.536   82.8   9.02  14.000  418.90396    2.82    2.51    2.82
21-07-2024 17:18:45.28    6.60   3.791  26.210   27.726   83.2   9.11  14.000  423.41815    3.36    1.73    2.60
21-07-2024 17:18:45.52    6.68   3.640  25.922   27.519   83.4   9.17  14.000  432.75369    3.36    1.73    2.60
21-07-2024 17:18:45.77    6.80   3.319  25.982   27.863   83.6   9.25  14.000  415.46817    3.59    1.89    2.78
21-07-2024 17:18:46.02    6.88   3.167  25.991   28.005   83.8   9.30  14.000  401.69989    2.77    2.26    2.80
21-07-2024 17:18:46.26    7.01   3.010  25.955   28.099   83.9   9.34  14.000  372.79471    2.59    1.97    2.74
21-07-2024 17:18:46.51    7.14   2.799  25.909   28.228   84.3   9.43  14.000  367.77277    2.60    2.61    2.58
21-07-2024 17:18:46.76    7.25   2.713  25.901   28.294   84.4   9.45  14.000  372.89313    2.95    2.31    2.74
21-07-2024 17:18:47.00    7.35   2.672  25.904   28.333   84.7   9.50  14.000  369.83261    2.90    1.71    2.83
21-07-2024 17:18:47.25    7.43   2.598  25.864   28.351   84.6   9.50  14.000  353.10147    2.90    1.71    2.83
21-07-2024 17:18:47.49    7.52   2.383  25.775   28.435   85.0   9.59  14.000  337.11270    2.84    1.70    2.72
21-07-2024 17:18:47.74    7.67   2.144  25.757   28.627   85.3   9.67  14.000  322.06985    2.57    1.97    3.07
21-07-2024 17:18:47.98    7.77   1.997  25.753   28.755   85.6   9.73  14.000  321.41925    2.61    1.90    2.82
21-07-2024 17:18:48.23    7.86   1.932  25.734   28.792   85.8   9.77  14.000  321.90628    2.77    2.26    2.56
21-07-2024 17:18:48.47    7.96   1.750  25.555   28.737   86.1   9.85  14.000  318.45050    3.25    2.49    2.62
21-07-2024 17:18:48.72    8.09   1.581  25.554   28.890   86.2   9.91  14.000  306.01151    2.79    2.69    2.68
21-07-2024 17:18:48.96    8.21   1.473  25.559   28.996   86.3   9.93  14.000  287.79117    2.79    2.69    2.68
21-07-2024 17:18:49.21    8.31   1.477  25.539   28.966   86.2   9.93  14.000  274.97693    2.93    1.87    2.66
21-07-2024 17:18:49.45    8.42   1.440  25.494   28.945   86.4   9.96  14.000  272.25760    3.06    2.30    2.93
21-07-2024 17:18:49.71    8.50   1.374  25.492   29.003   86.6  10.00  14.000  275.40326    2.94    2.19    2.33
21-07-2024 17:18:49.95    8.65   1.304  25.511   29.091   86.7  10.02  14.000  279.76053    3.01    2.01    2.53
21-07-2024 17:18:50.20    8.74   1.285  25.542   29.148   86.9  10.04  14.000  273.33008    2.91    2.47    2.91
21-07-2024 17:18:50.45    8.87   1.275  25.440   29.030   86.9  10.06  14.000  261.73560    3.44    2.22    3.26
21-07-2024 17:18:50.69    8.99   1.161  25.436   29.132   87.1  10.10  14.000  246.19240    3.44    2.22    3.26
21-07-2024 17:18:50.94    9.08   1.076  25.429   29.202   87.2  10.13  14.000  238.43042    3.56    1.97    2.92
21-07-2024 17:18:51.18    9.21   1.019  25.423   29.247   87.4  10.16  14.000  240.10539    3.59    1.74    2.94
21-07-2024 17:18:51.43    9.30   0.975  25.419   29.285   87.5  10.19  14.000  240.19421    3.30    2.15    2.67
21-07-2024 17:18:51.67    9.41   0.985  25.440   29.301   87.6  10.19  14.000  237.43863    3.36    2.19    2.82
21-07-2024 17:18:51.92    9.53   0.980  25.416   29.276   87.8  10.22  14.000  230.08965    3.62    2.29    2.63
21-07-2024 17:18:52.16    9.61   0.960  25.431   29.314   88.2  10.26  14.000  221.70816    3.82    2.24    2.80
21-07-2024 17:18:52.41    9.74   0.966  25.426   29.301   88.2  10.27  14.000  216.58482    3.82    2.24    2.80
21-07-2024 17:18:52.65    9.87   0.945  25.388   29.272   88.3  10.29  14.000  211.55550    3.73    2.07    2.70
21-07-2024 17:18:52.90    9.98   0.897  25.397   29.330   88.4  10.31  14.000  206.92584    3.61    2.31    2.64
21-07-2024 17:18:53.15   10.08   0.900  25.404   29.335   88.7  10.34  14.000  201.45390    3.65    2.38    2.74
21-07-2024 17:18:53.39   10.20   0.901  25.401   29.330   88.9  10.36  14.000  197.36752    3.80    2.18    3.20
21-07-2024 17:18:53.64   10.32   0.890  25.407   29.349   89.0  10.38  14.000  191.92740    4.15    2.40    3.31
21-07-2024 17:18:53.89   10.41   0.880  25.406   29.357   89.1  10.39  14.000  186.64862    4.17    2.00    2.89
21-07-2024 17:18:54.13   10.50   0.845  25.409   29.394   89.3  10.42  14.000  182.61481    4.17    2.00    2.89
21-07-2024 17:18:54.38   10.61   0.826  25.433   29.442   89.5  10.44  14.000  177.88004    4.74    2.55    2.94
21-07-2024 17:18:54.63   10.75   0.823  25.438   29.451   89.6  10.46  14.000  174.52789    4.81    2.00    3.19
21-07-2024 17:18:54.87   10.83   0.813  25.438   29.460   89.8  10.48  14.000  169.18695    4.97    2.40    3.19
21-07-2024 17:18:55.11   11.00   0.812  25.437   29.460   89.9  10.50  14.000  164.52029    5.32    2.25    3.19
21-07-2024 17:18:55.36   11.02   0.795  25.430   29.467   90.2  10.53  14.000  159.73744    5.59    2.08    3.13
21-07-2024 17:18:55.60   11.19   0.766  25.422   29.485   90.3  10.56  14.000  154.71921    6.04    2.28    3.25
21-07-2024 17:18:55.85   11.23   0.745  25.416   29.496   90.5  10.58  14.000  150.36932    6.04    2.28    3.25
21-07-2024 17:18:56.09   11.38   0.734  25.406   29.495   90.6  10.60  14.000  146.78995    5.85    2.93    3.14
21-07-2024 17:18:56.34   11.46   0.721  25.400   29.499   90.8  10.62  14.000  143.53255    7.58    2.64    3.39
21-07-2024 17:18:56.58   11.58   0.700  25.391   29.508   91.0  10.65  14.000  139.48244   10.29    3.09    4.16
21-07-2024 17:18:56.83   11.70   0.688  25.391   29.519   91.1  10.67  14.000  134.49084   12.35    3.40    4.22
21-07-2024 17:18:57.08   11.82   0.674  25.393   29.535   91.3  10.69  14.000  129.14990   13.83    3.24    3.93
21-07-2024 17:18:57.33   11.91   0.672  25.394   29.539   91.4  10.70  14.000  124.64385   13.57    3.22    4.76
21-07-2024 17:18:57.57   12.03   0.668  25.391   29.538   91.5  10.72  14.000  119.77366   13.57    3.22    4.76
21-07-2024 17:18:57.82   12.18   0.650  25.387   29.549   91.6  10.74  14.000  115.13512   19.63    3.66    5.07
21-07-2024 17:18:58.07   12.30   0.640  25.390   29.564   91.7  10.75  14.000  109.23167   25.22    4.33    5.63
21-07-2024 17:18:58.31   12.33   0.639  25.398   29.574   91.8  10.75  14.000  102.98034   26.82    4.43    5.87
21-07-2024 17:18:58.56   12.45   0.644  25.406   29.579   91.8  10.76  14.000   96.99917   30.09    4.34    6.72
21-07-2024 17:18:58.80   12.56   0.647  25.407   29.579   91.8  10.76  14.000   90.79447   43.42    5.28    7.91
21-07-2024 17:18:59.05   12.77   0.653  25.415   29.583   91.9  10.77  14.000   85.51201   51.40    5.61    8.03
21-07-2024 17:18:59.29   12.84   0.658  25.429   29.595   91.9  10.77  14.000   79.99566   51.40    5.61    8.03
21-07-2024 17:18:59.54   12.98   0.665  25.429   29.589   91.9  10.77  14.000   74.24986   55.74    6.51    9.28
21-07-2024 17:18:59.78   12.99   0.660  25.420   29.583   92.0  10.77  14.000   68.69057   69.52    6.78   10.01
21-07-2024 17:19:00.03   13.10   0.645  25.407   29.580   92.0  10.78  14.000   63.52505   77.43    7.79   11.26
21-07-2024 17:19:00.27   13.30   0.625  25.395   29.583   92.0  10.79  14.000   58.52458   84.72    7.23   10.38
21-07-2024 17:19:00.52   13.38   0.602  25.383   29.590   92.0  10.79  14.000   53.82387   82.90    7.04    9.74
21-07-2024 17:19:00.77   13.50   0.583  25.373   29.595   92.0  10.80  14.000   49.36964   77.72    7.35    9.55
21-07-2024 17:19:01.01   13.64   0.570  25.373   29.607   91.9  10.79  14.000   45.27141   77.72    7.35    9.55
21-07-2024 17:19:01.26   13.67   0.564  25.370   29.610   91.9  10.79  14.000   41.52550   73.75    6.70    9.32
21-07-2024 17:19:01.51   13.77   0.557  25.370   29.616   91.9  10.79  14.000   38.42870   72.54    6.64    9.89
21-07-2024 17:19:01.75   13.97   0.549  25.369   29.623   91.8  10.79  14.000   35.74565   76.82    7.28   10.59
21-07-2024 17:19:02.00   14.08   0.543  25.373   29.633   91.8  10.78  14.000   33.42083   75.59    6.52    9.44
21-07-2024 17:19:02.24   14.19   0.540  25.375   29.639   91.7  10.77  14.000   31.32102   74.45    6.65    9.48
21-07-2024 17:19:02.49   14.23   0.536  25.375   29.642   91.7  10.77  14.000   29.34334   75.26    7.13    9.68
21-07-2024 17:19:02.73   14.39   0.531  25.395   29.673   91.6  10.77  14.000   27.52108   75.26    7.13    9.68
21-07-2024 17:19:02.98   14.45   0.558  25.534   29.826   91.6  10.74  14.000   25.76840   73.08    8.27   12.48
21-07-2024 17:19:03.22   14.60   0.678  25.653   29.861   91.4  10.68  14.000   23.97945  117.01   10.82   17.29
21-07-2024 17:19:03.47   14.62   0.795  25.697   29.806   91.3  10.65  14.000   22.28376  172.17   14.37   21.25
21-07-2024 17:19:03.71   14.70   0.844  25.714   29.780   91.4  10.64  14.000   20.74203  164.46   10.83   14.85
21-07-2024 17:19:03.96   14.83   0.875  25.709   29.744   91.4  10.63  14.000   19.11443  120.72    8.67   12.62
21-07-2024 17:19:04.21   14.95   0.901  25.784   29.813   91.4  10.63  14.000   17.28922  103.85    8.98   13.13
21-07-2024 17:19:04.45   15.03   0.944  25.796   29.789   91.4  10.62  14.000   15.24788  103.85    8.98   13.13
21-07-2024 17:19:04.70   15.23   0.966  25.811   29.786   91.5  10.61  14.000   13.49594  119.19   10.19   14.92
21-07-2024 17:19:04.95   15.40   0.978  25.813   29.776   91.5  10.62  14.000   12.16736  131.54   10.32   15.82
21-07-2024 17:19:05.19   15.37   0.991  25.826   29.781   91.6  10.62  14.000   11.09710  147.62   11.78   16.87
21-07-2024 17:19:05.44   15.50   1.006  25.857   29.806   91.6  10.62  14.000   10.18894  153.22   11.53   16.47
21-07-2024 17:19:05.69   15.57   1.019  25.856   29.792   91.6  10.62  14.000    9.32962  149.64   11.13   15.64
21-07-2024 17:19:05.93   15.82   1.006  25.807   29.742   91.6  10.62  14.000    8.50435  144.90   11.09   16.65
21-07-2024 17:19:06.17   15.89   0.971  25.769   29.728   91.7  10.64  14.000    7.73755  144.90   11.09   16.65
21-07-2024 17:19:06.42   15.90   0.918  25.771   29.781   91.7  10.66  14.000    6.97964  143.26   11.22   15.63
21-07-2024 17:19:06.67   16.09   0.924  25.879   29.912   91.7  10.64  14.000    6.28981  131.66   10.31   12.95
21-07-2024 17:19:06.91   16.30   0.976  25.914   29.907   91.6  10.62  14.000    5.69103  100.91    7.73    9.84
21-07-2024 17:19:07.16   16.21   1.008  25.932   29.898   91.6  10.61  14.000    5.17292   69.71    6.06    8.20
21-07-2024 17:19:07.40   16.35   1.027  25.938   29.887   91.6  10.60  14.000    4.73845   56.99    4.94    7.05
21-07-2024 17:19:07.65   16.50   1.036  25.943   29.886   91.5  10.59  14.000    4.39502   47.85    5.14    7.22
21-07-2024 17:19:07.89   16.61   1.046  25.975   29.916   91.5  10.59  14.000    4.13227   47.85    5.14    7.22
21-07-2024 17:19:08.14   16.66   1.057  25.932   29.850   91.4  10.58  14.000    3.90578   50.37    5.28    7.31
21-07-2024 17:19:08.39   16.93   1.069  25.992   29.915   91.4  10.56  14.000    3.73703   45.79    5.13    7.02
21-07-2024 17:19:08.64   16.88   1.056  25.960   29.888   91.3  10.56  14.000    3.58382   42.51    4.71    6.10
21-07-2024 17:19:08.88   16.96   1.052  25.966   29.899   91.2  10.55  14.000    3.44097   43.78    6.24    9.86
21-07-2024 17:19:09.13   17.26   1.001  25.953   29.931   91.2  10.56  14.000    3.30922   78.97    6.20    7.39
21-07-2024 17:19:09.37   17.34   0.997  25.878   29.840   91.1  10.55  14.000    3.18043   43.08    4.12    4.81
21-07-2024 17:19:09.62   17.38   0.887  25.890   29.960   91.1  10.58  14.000    3.04795   43.08    4.12    4.81
21-07-2024 17:19:09.86   17.55   0.875  25.835   29.903   91.0  10.57  14.000    2.95321   25.33    3.11    4.30
21-07-2024 17:19:10.11   17.60   0.766  25.654   29.778   90.9  10.60  14.000    2.82738   17.98    3.47    3.89
21-07-2024 17:19:10.35   17.64   0.645  25.584   29.805   90.8  10.62  14.000    2.72450   13.22    2.67    3.52
21-07-2024 17:19:10.60   17.88   0.558  25.565   29.863   90.6  10.62  14.000    2.65419    9.46    1.74    3.59
21-07-2024 17:19:10.84   17.93   0.500  25.642   30.019   90.4  10.61  14.000    2.59423    7.88    2.33    3.40
21-07-2024 17:19:11.09   18.07   0.486  25.603   29.982   90.3  10.60  14.000    2.55501    6.68    2.06    3.25
21-07-2024 17:19:11.33   18.17   0.453  25.600   30.010   90.2  10.59  14.000    2.48765    6.68    2.06    3.25
21-07-2024 17:19:11.58   18.10   0.441  25.599   30.021   90.0  10.57  14.000    2.44990    7.18    2.05    3.18
21-07-2024 17:19:11.83   18.39   0.441  25.635   30.066   89.9  10.55  14.000    2.41586    5.48    2.08    2.91
21-07-2024 17:19:12.07   18.40   0.430  25.604   30.038   89.7  10.54  14.000    2.38847    5.16    2.78    3.09
21-07-2024 17:19:12.32   18.48   0.407  25.608   30.065   89.6  10.53  14.000    2.35146    4.71    2.42    2.83
21-07-2024 17:19:12.57   18.54   0.400  25.626   30.096   89.4  10.51  14.000    2.32038    4.74    2.10    2.83
21-07-2024 17:19:12.81   18.75   0.400  25.642   30.116   89.2  10.48  14.000    2.31076    4.76    1.89    2.80
21-07-2024 17:19:13.06   18.85   0.398  25.661   30.142   89.0  10.46  14.000    2.26709    4.76    1.89    2.80
21-07-2024 17:19:13.30   18.99   0.394  25.666   30.152   88.8  10.44  14.000    2.23452    4.10    2.34    2.58
21-07-2024 17:19:13.55   18.96   0.393  25.671   30.159   88.7  10.42  14.000    2.19529    4.27    1.96    3.20
21-07-2024 17:19:13.79   19.24   0.396  25.764   30.277   88.5  10.39  14.000    2.17457    4.42    2.40    3.09
21-07-2024 17:19:14.04   19.28   0.424  25.803   30.301   88.4  10.36  14.000    2.14496    4.63    1.94    3.04
21-07-2024 17:19:14.28   19.28   0.457  25.823   30.293   88.2  10.33  14.000    2.11387    4.33    2.47    3.15
21-07-2024 17:19:14.53   19.37   0.488  25.826   30.266   88.0  10.30  14.000    2.06799    4.33    2.47    3.15
21-07-2024 17:19:14.77   19.49   0.512  25.828   30.246   87.7  10.27  14.000    2.04800    4.31    2.56    3.13
21-07-2024 17:19:15.03   19.78   0.529  25.828   30.229   87.6  10.25  14.000    2.03764    4.42    1.80    2.89
21-07-2024 17:19:15.26   19.77   0.537  25.831   30.224   87.3  10.22  14.000    2.00729    4.28    2.25    2.72
21-07-2024 17:19:15.52   19.83   0.538  25.818   30.207   87.1  10.20  14.000    1.97029    4.28    2.16    2.78
21-07-2024 17:19:15.76   19.98   0.534  25.833   30.230   86.9  10.17  14.000    1.94438    4.25    2.39    3.25
21-07-2024 17:19:16.01   20.21   0.525  25.858   30.271   86.7  10.15  14.000    1.91329    3.87    2.42    3.02
21-07-2024 17:19:16.26   20.16   0.525  25.874   30.291   86.5  10.12  14.000    1.89775    4.14    2.11    2.56
21-07-2024 17:19:16.50   20.42   0.527  25.891   30.311   86.3  10.10  14.000    1.86148    4.14    2.11    2.56
21-07-2024 17:19:16.75   20.52   0.533  25.886   30.299   86.1  10.07  14.000    1.82744    3.86    2.21    3.22
21-07-2024 17:19:16.99   20.48   0.535  25.894   30.307   85.9  10.04  14.000    1.79931    4.08    1.91    2.86
21-07-2024 17:19:17.24   20.76   0.536  25.905   30.321   85.7  10.02  14.000    1.77340    3.86    2.29    2.62
21-07-2024 17:19:17.48   20.86   0.538  25.916   30.332   85.5  10.00  14.000    1.75342    4.02    2.12    2.98
21-07-2024 17:19:17.73   20.72   0.539  25.922   30.339   85.2   9.97  14.000    1.72307    3.81    1.69    2.98
21-07-2024 17:19:17.98   20.89   0.537  25.926   30.345   85.0   9.94  14.000    1.68977    3.97    2.19    2.89
21-07-2024 17:19:18.22   20.98   0.535  25.925   30.348   84.8   9.92  14.000    1.66386    3.97    2.19    2.89
21-07-2024 17:19:18.46   21.08   0.532  25.923   30.347   84.6   9.89  14.000    1.64240    3.69    2.28    2.94
21-07-2024 17:19:18.71   21.24   0.526  25.909   30.335   84.4   9.87  14.000    1.62908    3.71    2.31    2.82
21-07-2024 17:19:18.96   21.37   0.512  25.911   30.352   84.2   9.85  14.000    1.59133    3.84    2.00    2.97
21-07-2024 17:19:19.21   21.48   0.490  25.951   30.425   84.0   9.83  14.000    1.56246    3.85    2.18    3.01
21-07-2024 17:19:19.45   21.48   0.487  25.985   30.471   83.8   9.81  14.000    1.54766    3.60    2.11    2.54
21-07-2024 17:19:19.70   21.83   0.500  26.027   30.512   83.7   9.78  14.000    1.52693    4.89    2.42    3.09
21-07-2024 17:19:19.95   21.91   0.519  26.044   30.516   83.5   9.75  14.000    1.49659    4.89    2.42    3.09
21-07-2024 17:19:20.19   21.77   0.533  26.015   30.464   83.2   9.72  14.000    1.48252    4.09    2.24    3.11
21-07-2024 17:19:20.44   21.93   0.528  26.010   30.463   83.0   9.70  14.000    1.46106    3.94    1.82    3.28
21-07-2024 17:19:20.69   22.00   0.512  26.017   30.487   82.8   9.68  14.000    1.44478    3.59    2.03    2.84
21-07-2024 17:19:20.93   22.30   0.502  26.042   30.530   82.6   9.66  14.000    1.42183    3.77    1.88    3.21
21-07-2024 17:19:21.18   22.24   0.502  26.019   30.500   82.4   9.64  14.000    1.37890    3.54    2.26    2.93
21-07-2024 17:19:21.42   22.54   0.500  26.077   30.576   82.3   9.61  14.000    1.38038    4.02    2.74    3.07
21-07-2024 17:19:21.66   22.42   0.506  26.115   30.619   82.1   9.59  14.000    1.34708    4.02    2.74    3.07
21-07-2024 17:19:21.91   22.53   0.536  26.142   30.623   81.9   9.56  14.000    1.32635    3.43    1.87    2.57
21-07-2024 17:19:22.16   22.76   0.566  26.158   30.615   81.7   9.53  14.000    1.30045    3.54    2.43    2.97
21-07-2024 17:19:22.40   22.73   0.588  26.173   30.613   81.6   9.51  14.000    1.27602    4.11    2.07    3.14
21-07-2024 17:19:22.65   22.94   0.603  26.151   30.570   81.4   9.49  14.000    1.25826    3.38    2.19    2.90
21-07-2024 17:19:22.89   23.21   0.603  26.161   30.581   81.2   9.47  14.000    1.24420    3.69    1.94    3.17
21-07-2024 17:19:23.14   23.27   0.605  26.195   30.624   81.1   9.45  14.000    1.23531    3.69    1.94    3.17
21-07-2024 17:19:23.39   23.38   0.614  26.221   30.648   81.0   9.43  14.000    1.22199    3.66    2.15    3.13
21-07-2024 17:19:23.63   23.43   0.635  26.241   30.652   80.9   9.41  14.000    1.19683    3.45    2.33    2.62
21-07-2024 17:19:23.88   23.41   0.658  26.258   30.652   80.7   9.39  14.000    1.18794    3.78    2.37    3.02
21-07-2024 17:19:24.13   23.72   0.675  26.264   30.643   80.6   9.37  14.000    1.16278    4.01    2.09    2.80
21-07-2024 17:19:24.37   23.63   0.683  26.279   30.654   80.5   9.35  14.000    1.14131    3.56    2.17    3.02
21-07-2024 17:19:24.62   23.88   0.695  26.279   30.642   80.4   9.34  14.000    1.12133    3.12    2.04    2.63
21-07-2024 17:19:24.86   23.87   0.704  26.263   30.612   80.3   9.32  14.000    1.08802    3.12    2.04    2.63
21-07-2024 17:19:25.11   24.08   0.704  26.261   30.610   80.1   9.31  14.000    1.09246    3.29    2.57    2.66
21-07-2024 17:19:25.35   24.20   0.700  26.282   30.641   80.0   9.30  14.000    1.08950    3.21    1.86    2.77
21-07-2024 17:19:25.60   24.17   0.703  26.310   30.673   80.0   9.29  14.000    1.07100    3.46    2.57    2.89
21-07-2024 17:19:25.84   24.33   0.715  26.316   30.669   79.9   9.27  14.000    1.04954    3.15    2.00    2.74
21-07-2024 17:19:26.09   24.38   0.728  26.310   30.649   79.8   9.26  14.000    1.02067    3.48    2.38    3.27
21-07-2024 17:19:26.33   24.71   0.732  26.309   30.644   79.7   9.25  14.000    1.02733    3.41    1.74    2.78
21-07-2024 17:19:26.58   24.77   0.727  26.301   30.638   79.6   9.24  14.000    1.00291    3.41    1.74    2.78
21-07-2024 17:19:26.83   24.73   0.720  26.298   30.642   79.5   9.23  14.000    0.98958    3.34    2.09    3.13
21-07-2024 17:19:27.08   24.86   0.713  26.293   30.642   79.5   9.24  14.000    0.97330    3.05    2.15    3.08
21-07-2024 17:19:27.32   24.96   0.705  26.256   30.602   79.4   9.23  14.000    0.94517    3.16    2.31    2.86
21-07-2024 17:19:27.57   25.31   0.682  26.218   30.576   79.4   9.23  14.000    0.94369    3.11    1.78    2.56
21-07-2024 17:19:27.81   25.34   0.654  26.173   30.546   79.2   9.22  14.000    0.92519    3.24    2.24    2.94
21-07-2024 17:19:28.06   25.49   0.605  26.130   30.539   79.2   9.23  14.000    0.90817    3.28    2.02    2.78
21-07-2024 17:19:28.30   25.38   0.561  26.117   30.566   79.1   9.23  14.000    0.90151    3.28    2.02    2.78
21-07-2024 17:19:28.55   25.50   0.517  26.103   30.592   79.1   9.24  14.000    0.88670    3.71    2.26    2.75
21-07-2024 17:19:28.79   25.60   0.483  26.100   30.621   79.1   9.25  14.000    0.88152    3.50    2.38    2.75
21-07-2024 17:19:29.04   25.80   0.468  26.155   30.707   79.1   9.24  14.000    0.86968    3.51    2.13    3.07
21-07-2024 17:19:29.28   25.90   0.476  26.238   30.806   79.1   9.23  14.000    0.85784    3.49    2.36    2.67
21-07-2024 17:19:29.53   25.90   0.531  26.259   30.779   79.0   9.21  14.000    0.85043    3.17    2.17    3.12
21-07-2024 17:19:29.77   26.21   0.570  26.310   30.804   79.0   9.19  14.000    0.84229    3.45    2.18    2.30
21-07-2024 17:19:30.02   26.32   0.623  26.326   30.772   78.9   9.18  14.000    0.83489    3.45    2.18    2.30
21-07-2024 17:19:30.27   26.22   0.669  26.291   30.682   78.7   9.15  14.000    0.81639    2.96    1.86    2.85
21-07-2024 17:19:30.51   26.57   0.676  26.289   30.671   78.7   9.15  14.000    0.80307    2.85    2.26    3.10
21-07-2024 17:19:30.76   26.60   0.666  26.289   30.682   78.7   9.14  14.000    0.78086    2.80    2.56    2.95
21-07-2024 17:19:31.01   26.54   0.653  26.291   30.698   78.6   9.14  14.000    0.76754    3.20    2.21    2.74
21-07-2024 17:19:31.25   26.74   0.646  26.291   30.704   78.6   9.14  14.000    0.75940    3.30    2.08    3.05
21-07-2024 17:19:31.50   26.87   0.640  26.284   30.701   78.6   9.14  14.000    0.75718    3.28    2.82    2.70
21-07-2024 17:19:31.74   26.97   0.633  26.298   30.726   78.6   9.14  14.000    0.74015    3.28    2.82    2.70
21-07-2024 17:19:31.99   26.98   0.631  26.329   30.768   78.5   9.13  14.000    0.74089    3.50    2.18    2.93
21-07-2024 17:19:32.23   27.21   0.641  26.347   30.782   78.5   9.13  14.000    0.72609    3.20    2.03    3.27
21-07-2024 17:19:32.48   27.28   0.652  26.333   30.753   78.5   9.12  14.000    0.72239    3.55    2.00    2.86
21-07-2024 17:19:32.72   27.45   0.654  26.326   30.742   78.4   9.11  14.000    0.72461    3.31    2.51    2.80
21-07-2024 17:19:32.97   27.40   0.644  26.322   30.746   78.4   9.12  14.000    0.68908    3.24    2.29    3.25
21-07-2024 17:19:33.21   27.70   0.632  26.327   30.764   78.4   9.12  14.000    0.68834    3.05    1.59    2.88
21-07-2024 17:19:33.46   27.78   0.625  26.332   30.778   78.4   9.12  14.000    0.68982    3.05    1.59    2.88
21-07-2024 17:19:33.70   27.74   0.619  26.332   30.784   78.3   9.11  14.000    0.68686    3.41    2.17    3.08
21-07-2024 17:19:33.96   27.98   0.614  26.331   30.787   78.3   9.11  14.000    0.67650    3.08    2.25    2.96
21-07-2024 17:19:34.20   28.12   0.609  26.321   30.779   78.3   9.11  14.000    0.67132    3.00    2.18    3.30
21-07-2024 17:19:34.45   28.16   0.602  26.296   30.754   78.3   9.11  14.000    0.64467    3.43    1.98    2.81
21-07-2024 17:19:34.70   28.15   0.587  26.265   30.729   78.2   9.11  14.000    0.65726    3.41    2.38    2.73
21-07-2024 17:19:34.94   28.31   0.564  26.253   30.736   78.2   9.11  14.000    0.62543    3.22    2.25    2.81
21-07-2024 17:19:35.19   28.37   0.534  26.252   30.765   78.2   9.12  14.000    0.62839    3.22    2.25    2.81
21-07-2024 17:19:35.43   28.53   0.518  26.254   30.783   78.2   9.12  14.000    0.60692    3.20    1.96    3.18
21-07-2024 17:19:35.68   28.53   0.506  26.251   30.791   78.2   9.12  14.000    0.62173    2.87    2.51    3.11
21-07-2024 17:19:35.92   28.79   0.497  26.230   30.773   78.1   9.11  14.000    0.60618    3.14    2.67    3.17
21-07-2024 17:19:36.17   28.87   0.483  26.198   30.746   78.0   9.11  14.000    0.60692    2.93    2.32    2.72
21-07-2024 17:19:36.41   28.88   0.457  26.214   30.793   78.0   9.11  14.000    0.58694    3.12    1.72    3.07
21-07-2024 17:19:36.66   29.00   0.436  26.228   30.831   77.9   9.11  14.000    0.58028    3.08    1.80    2.64
21-07-2024 17:19:36.90   29.09   0.428  26.279   30.905   77.9   9.10  14.000    0.57732    3.08    1.80    2.64
21-07-2024 17:19:37.16   29.32   0.436  26.327   30.959   77.9   9.10  14.000    0.56252    3.29    2.66    2.80
21-07-2024 17:19:37.39   29.45   0.471  26.339   30.940   77.9   9.09  14.000    0.55289    3.18    2.04    3.24
21-07-2024 17:19:37.64   29.58   0.506  26.343   30.909   77.8   9.07  14.000    0.56326    2.84    2.35    3.08
21-07-2024 17:19:37.89   29.52   0.528  26.348   30.894   77.8   9.06  14.000    0.53587    2.94    2.46    2.68
21-07-2024 17:19:38.14   29.74   0.539  26.355   30.892   77.7   9.05  14.000    0.54623    2.96    2.18    3.07
21-07-2024 17:19:38.38   29.89   0.547  26.364   30.896   77.7   9.04  14.000    0.53809    3.13    1.71    2.84
21-07-2024 17:19:38.63   29.99   0.554  26.372   30.899   77.6   9.04  14.000    0.53217    3.13    1.71    2.84
21-07-2024 17:19:38.87   30.11   0.560  26.379   30.902   77.6   9.03  14.000    0.52181    3.11    2.46    3.48
21-07-2024 17:19:39.12   30.10   0.566  26.387   30.906   77.6   9.03  14.000    0.52699    2.97    2.70    2.90
21-07-2024 17:19:39.36   30.31   0.571  26.396   30.912   77.6   9.03  14.000    0.50552    2.81    2.08    3.05
21-07-2024 17:19:39.61   30.32   0.577  26.409   30.923   77.5   9.02  14.000    0.50774    2.90    1.77    3.14
21-07-2024 17:19:39.85   30.42   0.586  26.420   30.928   77.5   9.01  14.000    0.48480    2.88    1.93    2.74
21-07-2024 17:19:40.10   30.49   0.592  26.410   30.909   77.5   9.01  14.000    0.48332    2.79    2.05    3.11
21-07-2024 17:19:40.34   30.60   0.590  26.379   30.871   77.4   9.00  14.000    0.47518    2.79    2.05    3.11
21-07-2024 17:19:40.59   30.84   0.570  26.336   30.836   77.3   9.00  14.000    0.47222    2.88    1.57    3.20
21-07-2024 17:19:40.84   30.95   0.535  26.322   30.853   77.4   9.01  14.000    0.45149    3.30    2.01    2.82
21-07-2024 17:19:41.08   31.03   0.508  26.313   30.868   77.4   9.02  14.000    0.46704    2.98    1.96    3.10
21-07-2024 17:19:41.33   31.09   0.483  26.311   30.890   77.4   9.03  14.000    0.47444    2.79    2.48    3.03
21-07-2024 17:19:41.58   31.21   0.462  26.306   30.906   77.4   9.03  14.000    0.44335    2.73    2.25    2.84
21-07-2024 17:19:41.83   31.37   0.448  26.296   30.907   77.4   9.03  14.000    0.44853    3.02    2.43    2.50
21-07-2024 17:19:42.07   31.38   0.437  26.292   30.912   77.3   9.03  14.000    0.43669    3.02    2.43    2.50
21-07-2024 17:19:42.32   31.53   0.427  26.294   30.925   77.3   9.03  14.000    0.43521    3.03    1.90    2.92
21-07-2024 17:19:42.56   31.61   0.420  26.307   30.948   77.3   9.03  14.000    0.44335    3.18    1.87    3.12
21-07-2024 17:19:42.81   31.83   0.420  26.327   30.974   77.3   9.03  14.000    0.41523    2.64    1.73    3.34
21-07-2024 17:19:43.05   31.89   0.430  26.333   30.972   77.3   9.02  14.000    0.42485    2.77    2.24    2.96
21-07-2024 17:19:43.30   32.03   0.440  26.344   30.976   77.3   9.02  14.000    0.42189    2.50    2.36    2.92
21-07-2024 17:19:43.54   32.10   0.450  26.379   31.011   77.3   9.01  14.000    0.41597    3.04    2.07    2.61
21-07-2024 17:19:43.79   32.10   0.468  26.394   31.013   77.3   9.01  14.000    0.41523    3.04    2.07    2.61
21-07-2024 17:19:44.03   32.26   0.491  26.409   31.008   77.3   9.00  14.000    0.39450    2.46    1.82    3.18
21-07-2024 17:19:44.28   32.33   0.511  26.424   31.007   77.3   9.00  14.000    0.40930    2.87    2.72    2.53
21-07-2024 17:19:44.52   32.53   0.530  26.430   30.997   77.2   8.99  14.000    0.39968    3.04    2.07    2.83
21-07-2024 17:19:44.77   32.60   0.545  26.435   30.987   77.2   8.98  14.000    0.39968    2.89    2.48    3.11
21-07-2024 17:19:45.02   32.76   0.553  26.439   30.985   77.2   8.98  14.000    0.39524    2.74    2.37    2.76
21-07-2024 17:19:45.27   32.78   0.557  26.441   30.983   77.2   8.98  14.000    0.38636    2.75    2.00    2.96
21-07-2024 17:19:45.51   32.95   0.557  26.448   30.992   77.2   8.98  14.000    0.37304    2.75    2.00    2.96
21-07-2024 17:19:45.76   33.05   0.556  26.447   30.992   77.2   8.98  14.000    0.37008    2.77    1.65    2.96
21-07-2024 17:19:46.01   33.07   0.555  26.442   30.986   77.2   8.98  14.000    0.38192    2.87    2.54    2.75
21-07-2024 17:19:46.25   33.23   0.546  26.429   30.979   77.2   8.98  14.000    0.37082    2.79    2.10    2.92
21-07-2024 17:19:46.49   33.34   0.531  26.405   30.963   77.2   8.98  14.000    0.37304    2.47    2.46    2.97
21-07-2024 17:19:46.74   33.46   0.511  26.391   30.965   77.2   8.99  14.000    0.37970    2.40    2.15    2.99
21-07-2024 17:19:46.98   33.52   0.490  26.392   30.986   77.2   8.99  14.000    0.35379    2.72    2.05    3.02
21-07-2024 17:19:47.23   33.70   0.475  26.391   31.000   77.2   9.00  14.000    0.35527    2.72    2.05    3.02
21-07-2024 17:19:47.47   33.74   0.467  26.394   31.012   77.2   9.00  14.000    0.35083    2.41    2.36    2.74
21-07-2024 17:19:47.72   33.88   0.461  26.394   31.019   77.2   9.00  14.000    0.32567    2.61    1.84    2.75
21-07-2024 17:19:47.96   33.95   0.459  26.394   31.021   77.2   9.01  14.000    0.33529    2.59    2.46    2.91
21-07-2024 17:19:48.22   34.03   0.458  26.395   31.022   77.2   9.01  14.000    0.32789    3.08    2.81    2.78
21-07-2024 17:19:48.46   34.17   0.457  26.395   31.023   77.2   9.01  14.000    0.33603    2.50    2.11    3.03
21-07-2024 17:19:48.71   34.33   0.457  26.397   31.026   77.3   9.01  14.000    0.33751    2.31    1.82    3.26
21-07-2024 17:19:48.95   34.40   0.456  26.398   31.028   77.3   9.01  14.000    0.32567    2.31    1.82    3.26
21-07-2024 17:19:49.20   34.49   0.457  26.399   31.028   77.3   9.01  14.000    0.31604    2.40    2.08    2.81
21-07-2024 17:19:49.45   34.61   0.457  26.400   31.030   77.2   9.01  14.000    0.32567    2.46    2.00    2.98
21-07-2024 17:19:49.69   34.68   0.458  26.400   31.029   77.2   9.01  14.000    0.30938    2.53    2.00    2.79
21-07-2024 17:19:49.94   34.85   0.459  26.406   31.035   77.2   9.00  14.000    0.31234    2.56    1.93    3.02
21-07-2024 17:19:50.18   34.91   0.461  26.411   31.040   77.2   9.01  14.000    0.31530    2.58    2.14    3.12
21-07-2024 17:19:50.43   35.02   0.463  26.411   31.038   77.2   9.00  14.000    0.30790    2.89    1.65    2.74
21-07-2024 17:19:50.67   35.17   0.465  26.413   31.038   77.3   9.01  14.000    0.30198    2.89    1.65    2.74
21-07-2024 17:19:50.92   35.25   0.466  26.423   31.051   77.2   9.01  14.000    0.30494    2.62    2.36    2.65
21-07-2024 17:19:51.16   35.36   0.466  26.428   31.057   77.2   9.00  14.000    0.30494    2.32    2.13    2.82
21-07-2024 17:19:51.41   35.49   0.466  26.439   31.070   77.2   9.00  14.000    0.29976    2.83    1.84    2.94
21-07-2024 17:19:51.65   35.58   0.466  26.451   31.086   77.2   9.00  14.000    0.29236    2.81    2.36    3.03
21-07-2024 17:19:51.90   35.69   0.468  26.443   31.073   77.2   9.00  14.000    0.29458    2.52    2.01    3.00
21-07-2024 17:19:52.14   35.79   0.465  26.442   31.076   77.2   9.00  14.000    0.28866    2.77    2.65    3.04
21-07-2024 17:19:52.39   35.89   0.456  26.464   31.112   77.2   9.00  14.000    0.28570    2.77    2.65    3.04
21-07-2024 17:19:52.64   36.00   0.453  26.498   31.159   77.2   9.00  14.000    0.28644    2.68    1.90    3.02
21-07-2024 17:19:52.89   36.15   0.463  26.491   31.141   77.2   9.00  14.000    0.27978    2.24    2.18    3.00
21-07-2024 17:19:53.13   36.25   0.470  26.486   31.128   77.2   8.99  14.000    0.28126    2.59    1.92    2.96
21-07-2024 17:19:53.38   36.34   0.468  26.482   31.123   77.2   8.99  14.000    0.27090    2.49    2.21    3.12
21-07-2024 17:19:53.63   36.45   0.465  26.487   31.134   77.2   8.99  14.000    0.28718    2.62    2.16    2.59
21-07-2024 17:19:53.87   36.55   0.462  26.491   31.142   77.2   8.99  14.000    0.27164    2.71    2.11    2.91
21-07-2024 17:19:54.11   36.67   0.462  26.495   31.146   77.2   9.00  14.000    0.25535    2.71    2.11    2.91
21-07-2024 17:19:54.36   36.79   0.463  26.514   31.170   77.2   8.99  14.000    0.24869    2.54    1.31    2.74
21-07-2024 17:19:54.61   36.89   0.472  26.550   31.207   77.3   9.00  14.000    0.25683    2.37    2.19    3.06
21-07-2024 17:19:54.85   36.97   0.490  26.558   31.199   77.3   8.99  14.000    0.25683    2.42    2.09    2.74
21-07-2024 17:19:55.10   37.06   0.508  26.544   31.163   77.3   8.99  14.000    0.26719    2.47    2.34    3.00
21-07-2024 17:19:55.34   37.20   0.513  26.564   31.184   77.3   8.99  14.000    0.24795    2.69    2.52    2.76
21-07-2024 17:19:55.59   37.29   0.519  26.584   31.204   77.3   8.99  14.000    0.26053    2.44    2.02    2.92
21-07-2024 17:19:55.83   37.38   0.533  26.583   31.187   77.3   8.99  14.000    0.25165    2.44    2.02    2.92
21-07-2024 17:19:56.08   37.47   0.546  26.588   31.181   77.3   8.99  14.000    0.25165    2.37    2.01    2.66
21-07-2024 17:19:56.33   37.60   0.553  26.590   31.176   77.3   8.99  14.000    0.25313    2.41    1.61    2.78
21-07-2024 17:19:56.58   37.73   0.556  26.585   31.167   77.3   8.98  14.000    0.24869    2.42    2.09    2.96
21-07-2024 17:19:56.82   37.83   0.555  26.586   31.169   77.3   8.99  14.000    0.24203    2.43    2.10    2.82
21-07-2024 17:19:57.07   37.91   0.551  26.590   31.178   77.4   8.99  14.000    0.23833    2.21    1.88    3.01
21-07-2024 17:19:57.31   38.01   0.550  26.591   31.181   77.4   9.00  14.000    0.24203    2.18    2.16    2.68
21-07-2024 17:19:57.56   38.14   0.549  26.594   31.185   77.4   9.00  14.000    0.24203    2.18    2.16    2.68
21-07-2024 17:19:57.80   38.24   0.548  26.595   31.188   77.5   9.00  14.000    0.23537    2.68    1.88    2.74
21-07-2024 17:19:58.05   38.34   0.548  26.596   31.189   77.5   9.00  14.000    0.23315    2.47    2.14    2.87
21-07-2024 17:19:58.29   38.45   0.546  26.597   31.192   77.5   9.01  14.000    0.23315    2.28    2.14    2.94
21-07-2024 17:19:58.54   38.57   0.545  26.598   31.195   77.5   9.01  14.000    0.22279    2.45    2.81    2.77
21-07-2024 17:19:58.78   38.66   0.543  26.599   31.197   77.5   9.01  14.000    0.20946    2.33    2.36    2.78
21-07-2024 17:19:59.03   38.76   0.541  26.599   31.200   77.5   9.01  14.000    0.23019    2.26    2.01    3.04
21-07-2024 17:19:59.27   38.86   0.538  26.600   31.204   77.6   9.02  14.000    0.21612    2.26    2.01    3.04
21-07-2024 17:19:59.52   39.00   0.534  26.599   31.207   77.6   9.02  14.000    0.21686    3.04    1.93    2.71
21-07-2024 17:19:59.77   39.09   0.527  26.597   31.211   77.6   9.02  14.000    0.22575    2.55    2.13    2.72
21-07-2024 17:20:00.01   39.21   0.522  26.594   31.213   77.6   9.02  14.000    0.22279    2.28    2.07    2.96
21-07-2024 17:20:00.26   39.30   0.517  26.596   31.219   77.6   9.03  14.000    0.22279    2.04    2.18    2.82
21-07-2024 17:20:00.51   39.38   0.514  26.599   31.227   77.7   9.03  14.000    0.21464    2.12    2.79    2.80
21-07-2024 17:20:00.75   39.52   0.510  26.594   31.224   77.7   9.03  14.000    0.21316    2.39    2.23    2.79
21-07-2024 17:20:01.00   39.63   0.506  26.593   31.227   77.7   9.04  14.000    0.20280    2.39    2.23    2.79
21-07-2024 17:20:01.24   39.71   0.502  26.595   31.233   77.7   9.04  14.000    0.20280    2.22    2.21    2.71
21-07-2024 17:20:01.49   39.83   0.499  26.595   31.237   77.7   9.04  14.000    0.20280    2.27    2.39    2.80
21-07-2024 17:20:01.73   39.94   0.495  26.586   31.229   77.7   9.04  14.000    0.21168    2.42    2.59    2.88
21-07-2024 17:20:01.98   40.06   0.484  26.582   31.235   77.7   9.05  14.000    0.20354    2.18    2.00    3.04
21-07-2024 17:20:02.22   40.18   0.470  26.583   31.250   77.8   9.06  14.000    0.21242    2.25    2.49    2.97
21-07-2024 17:20:02.47   40.28   0.464  26.579   31.250   77.8   9.06  14.000    0.19540    2.25    2.49    2.97
21-07-2024 17:20:02.71   40.36   0.458  26.538   31.204   77.8   9.06  14.000    0.20058    2.37    2.29    2.54
21-07-2024 17:20:02.96   40.50   0.435  26.574   31.274   77.8   9.06  14.000    0.21538    2.07    2.25    2.70
21-07-2024 17:20:03.20   40.61   0.426  26.564   31.271   77.8   9.06  14.000    0.20502    2.51    2.14    2.82
21-07-2024 17:20:03.46   40.69   0.418  26.540   31.247   77.8   9.06  14.000    0.19244    2.14    2.15    3.19
21-07-2024 17:20:03.70   40.81   0.406  26.493   31.198   77.7   9.07  14.000    0.19392    2.47    2.21    3.01
21-07-2024 17:20:03.95   40.90   0.375  26.448   31.171   77.7   9.07  14.000    0.18430    2.16    2.88    2.74
21-07-2024 17:20:04.19   41.06   0.331  26.523   31.313   77.8   9.08  14.000    0.18948    2.16    2.88    2.74
21-07-2024 17:20:04.44   41.14   0.322  26.591   31.411   77.9   9.09  14.000    0.19540    2.40    1.76    2.89
21-07-2024 17:20:04.69   41.24   0.349  26.572   31.358   77.9   9.09  14.000    0.19614    2.02    2.23    2.59
21-07-2024 17:20:04.93   41.40   0.362  26.591   31.369   77.9   9.08  14.000    0.18800    2.34    2.41    2.61
21-07-2024 17:20:05.18   41.48   0.377  26.612   31.381   77.9   9.08  14.000    0.17542    2.29    2.52    2.94
21-07-2024 17:20:05.42   41.60   0.391  26.562   31.302   77.8   9.07  14.000    0.18726    2.49    2.42    2.84
21-07-2024 17:20:05.67   41.72   0.389  26.536   31.271   77.8   9.07  14.000    0.18356    2.45    2.42    2.75
21-07-2024 17:20:05.91   41.79   0.360  26.516   31.274   77.8   9.08  14.000    0.17912    2.45    2.42    2.75
21-07-2024 17:20:06.16   41.90   0.327  26.554   31.356   77.8   9.09  14.000    0.17838    5.14    2.10    3.02
21-07-2024 17:20:06.40   42.04   0.315  26.622   31.458   77.9   9.10  14.000    0.18208    2.22    2.39    3.02
21-07-2024 17:20:06.65   42.16   0.326  26.637   31.465   78.0   9.10  14.000    0.18504    2.66    2.21    2.63
21-07-2024 17:20:06.89   42.27   0.353  26.651   31.456   78.0   9.09  14.000    0.17838    2.17    2.75    2.88
21-07-2024 17:20:07.14   42.37   0.378  26.667   31.451   78.0   9.08  14.000    0.18208    2.01    2.10    2.99
21-07-2024 17:20:07.39   42.47   0.404  26.647   31.399   77.9   9.08  14.000    0.18060    2.19    2.26    2.86
21-07-2024 17:20:07.64   42.60   0.407  26.627   31.370   77.9   9.08  14.000    0.16209    2.19    2.26    2.86
21-07-2024 17:20:07.88   42.71   0.400  26.624   31.373   77.9   9.08  14.000    0.18134    2.18    1.72    2.83
21-07-2024 17:20:08.13   42.82   0.387  26.605   31.362   77.9   9.08  14.000    0.17542    2.24    2.60    2.90
21-07-2024 17:20:08.37   42.90   0.368  26.580   31.348   78.0   9.10  14.000    0.18652    2.38    1.89    2.46
21-07-2024 17:20:08.62   43.02   0.347  26.552   31.333   78.0   9.10  14.000    0.18356    1.99    1.84    3.01
21-07-2024 17:20:08.86   43.13   0.320  26.541   31.346   78.0   9.11  14.000    0.16727    2.14    1.64    3.00
21-07-2024 17:20:09.11   43.25   0.294  26.541   31.373   78.1   9.12  14.000    0.17912    2.67    2.73    2.12
21-07-2024 17:20:09.35   43.29   0.271  26.533   31.386   78.1   9.13  14.000    0.18578    2.67    2.73    2.12
21-07-2024 17:20:09.60   43.45   0.257  26.532   31.400   78.1   9.13  14.000    0.17246    2.15    1.82    2.92
21-07-2024 17:20:09.84   43.55   0.249  26.537   31.413   78.1   9.13  14.000    0.16283    2.31    2.51    2.77
21-07-2024 17:20:10.09   43.65   0.245  26.543   31.426   78.1   9.14  14.000    0.15395    2.57    2.02    2.92
21-07-2024 17:20:10.33   43.75   0.245  26.537   31.418   78.1   9.14  14.000    0.17764    2.29    2.71    2.76
21-07-2024 17:20:10.58   43.86   0.244  26.522   31.399   78.1   9.14  14.000    0.16209    2.47    1.82    2.73
21-07-2024 17:20:10.83   43.97   0.239  26.525   31.408   78.1   9.14  14.000    0.16875    2.35    2.40    2.50
21-07-2024 17:20:11.08   44.07   0.230  26.497   31.380   78.1   9.14  14.000    0.15247    2.35    2.40    2.50
21-07-2024 17:20:11.33   44.22   0.214  26.533   31.444   78.1   9.14  14.000    0.16505    2.44    1.93    3.22
21-07-2024 17:20:11.57   44.31   0.209  26.555   31.477   78.2   9.15  14.000    0.18208    2.09    1.82    2.93
21-07-2024 17:20:11.82   44.40   0.221  26.549   31.457   78.1   9.14  14.000    0.15691    2.35    2.20    2.84
21-07-2024 17:20:12.06   44.50   0.228  26.551   31.452   78.1   9.14  14.000    0.15765    2.08    1.82    2.85
21-07-2024 17:20:12.31   44.64   0.233  26.538   31.430   78.1   9.14  14.000    0.16875    2.26    2.11    2.91
21-07-2024 17:20:12.55   44.71   0.227  26.526   31.421   78.1   9.14  14.000    0.16431    2.11    2.68    2.76
21-07-2024 17:20:12.80   44.83   0.219  26.522   31.425   78.1   9.14  14.000    0.15617    2.11    2.68    2.76
21-07-2024 17:20:13.04   44.94   0.209  26.512   31.422   78.1   9.15  14.000    0.15691    2.20    1.98    2.93
21-07-2024 17:20:13.29   45.06   0.199  26.531   31.456   78.1   9.15  14.000    0.15543    2.25    1.98    2.74
21-07-2024 17:20:13.53   45.18   0.198  26.549   31.481   78.2   9.15  14.000    0.15839    2.18    2.09    2.85
21-07-2024 17:20:13.78   45.26   0.208  26.562   31.488   78.1   9.14  14.000    0.14063    2.60    2.22    2.86
21-07-2024 17:20:14.02   45.36   0.218  26.559   31.473   78.1   9.14  14.000    0.15987    2.61    2.18    2.80
21-07-2024 17:20:14.27   45.47   0.223  26.550   31.456   78.1   9.14  14.000    0.15099    1.98    2.37    2.85
21-07-2024 17:20:14.52   45.57   0.219  26.535   31.441   78.1   9.14  14.000    0.15321    1.98    2.37    2.85
21-07-2024 17:20:14.76   45.71   0.211  26.528   31.440   78.1   9.14  14.000    0.15025    2.03    2.07    3.01
21-07-2024 17:20:15.02   45.80   0.199  26.527   31.451   78.1   9.14  14.000    0.14951    2.37    2.32    2.75
21-07-2024 17:20:15.26   45.92   0.192  26.525   31.456   78.1   9.15  14.000    0.15691    2.08    2.09    3.06
21-07-2024 17:20:15.51   46.03   0.185  26.525   31.463   78.1   9.14  14.000    0.13323    1.75    2.25    3.14
21-07-2024 17:20:15.75   46.10   0.180  26.525   31.467   78.1   9.15  14.000    0.15765    2.43    1.96    2.96
21-07-2024 17:20:16.00   46.26   0.178  26.526   31.470   78.1   9.15  14.000    0.13989    2.55    2.06    3.12
21-07-2024 17:20:16.24   46.36   0.178  26.540   31.488   78.1   9.15  14.000    0.14137    2.55    2.06    3.12
21-07-2024 17:20:16.49   46.42   0.181  26.552   31.501   78.1   9.15  14.000    0.14581    2.33    1.66    3.18
21-07-2024 17:20:16.73   46.55   0.189  26.567   31.513   78.1   9.14  14.000    0.14507    2.46    2.03    3.03
21-07-2024 17:20:16.98   46.66   0.203  26.563   31.493   78.1   9.14  14.000    0.14433    1.97    2.22    3.01
21-07-2024 17:20:17.22   46.77   0.209  26.527   31.440   78.1   9.14  14.000    0.14507    2.39    2.63    3.19
21-07-2024 17:20:17.47   46.85   0.198  26.469   31.375   78.1   9.15  14.000    0.14877    2.12    1.91    3.23
21-07-2024 17:20:17.71   47.00   0.166  26.432   31.360   78.0   9.15  14.000    0.14581    2.20    1.63    2.95
21-07-2024 17:20:17.96   47.09   0.121  26.392   31.353   78.0   9.16  14.000    0.12731    2.20    1.63    2.95
21-07-2024 17:20:18.21   47.21   0.069  26.331   31.326   78.1   9.18  14.000    0.13175    2.28    2.10    2.95
21-07-2024 17:20:18.45   47.30   0.017  26.239   31.260   78.1   9.20  14.000    0.15543    1.93    2.46    2.74
21-07-2024 17:20:18.70   47.43  -0.063  26.215   31.310   78.0   9.21  14.000    0.13915    2.43    2.26    3.13
21-07-2024 17:20:18.95   47.50  -0.137  26.239   31.417   78.1   9.22  14.000    0.14285    2.16    2.62    2.67
21-07-2024 17:20:19.19   47.58  -0.177  26.211   31.421   78.1   9.23  14.000    0.12731    2.17    2.56    3.14
21-07-2024 17:20:19.44   47.75  -0.201  26.225   31.464   78.1   9.24  14.000    0.14285    2.24    1.83    2.79
21-07-2024 17:20:19.68   47.84  -0.219  26.281   31.557   78.1   9.24  14.000    0.13249    2.24    1.83    2.79
21-07-2024 17:20:19.93   48.00  -0.208  26.345   31.630   78.1   9.23  14.000    0.13101    1.99    1.76    2.64
21-07-2024 17:20:20.17   48.08  -0.169  26.349   31.594   78.0   9.22  14.000    0.14359    2.14    2.19    2.72
21-07-2024 17:20:20.42   48.18  -0.132  26.342   31.546   77.9   9.20  14.000    0.14951    2.19    1.96    2.86
21-07-2024 17:20:20.66   48.31  -0.107  26.514   31.748   78.0   9.19  14.000    0.15099    2.38    2.38    2.96
21-07-2024 17:20:20.91   48.40  -0.057  26.671   31.901   78.1   9.18  14.000    0.13027    2.43    2.44    3.04
21-07-2024 17:20:21.16   48.53   0.081  26.681   31.772   78.0   9.15  14.000    0.12953    2.23    2.03    2.85
21-07-2024 17:20:21.40   48.64   0.188  26.723   31.716   77.9   9.11  14.000    0.12657    2.23    2.03    2.85
21-07-2024 17:20:21.65   48.76   0.264  26.765   31.693   77.9   9.09  14.000    0.12657    1.80    2.15    2.87
21-07-2024 17:20:21.90   48.81   0.340  26.783   31.638   77.9   9.07  14.000    0.13619    2.31    2.11    3.00
21-07-2024 17:20:22.14   48.96   0.384  26.770   31.576   77.9   9.07  14.000    0.12953    2.35    2.45    3.12
21-07-2024 17:20:22.39   49.09   0.431  26.832   31.608   77.9   9.05  14.000    0.12361    2.24    2.13    2.51
21-07-2024 17:20:22.64   49.16   0.466  26.830   31.569   77.9   9.05  14.000    0.12731    2.22    2.38    3.01
21-07-2024 17:20:22.88   49.27   0.478  26.842   31.572   77.9   9.05  14.000    0.14359    2.24    2.28    2.55
21-07-2024 17:20:23.13   49.36   0.489  26.838   31.556   77.9   9.05  14.000    0.11768    2.24    2.28    2.55
21-07-2024 17:20:23.37   49.50   0.491  26.822   31.533   78.0   9.05  14.000    0.13027    2.39    2.39    3.14
21-07-2024 17:20:23.62   49.60   0.483  26.816   31.534   78.0   9.06  14.000    0.13027    2.05    2.01    2.66
21-07-2024 17:20:23.86   49.73   0.473  26.810   31.535   78.1   9.07  14.000    0.13249    1.88    1.96    2.96
21-07-2024 17:20:24.11   49.79   0.464  26.798   31.529   78.1   9.07  14.000    0.13693    2.35    1.83    2.98
21-07-2024 17:20:24.35   49.92   0.453  26.779   31.515   78.1   9.08  14.000    0.12583    2.09    2.09    3.32
21-07-2024 17:20:24.60   50.02   0.437  26.763   31.512   78.1   9.08  14.000    0.13175    2.12    2.62    3.09
21-07-2024 17:20:24.84   50.09   0.419  26.744   31.505   78.2   9.09  14.000    0.14581    2.12    2.62    3.09
21-07-2024 17:20:25.09   50.24   0.400  26.698   31.466   78.1   9.10  14.000    0.13101    2.15    2.30    2.79
21-07-2024 17:20:25.33   50.34   0.365  26.636   31.419   78.1   9.11  14.000    0.12805    2.08    2.00    2.87
21-07-2024 17:20:25.58   50.47   0.314  26.607   31.434   78.2   9.13  14.000    0.12953    2.19    1.97    2.95
21-07-2024 17:20:25.83   50.53   0.263  26.593   31.469   78.2   9.14  14.000    0.13841    2.23    2.22    2.79
21-07-2024 17:20:26.08   50.68   0.223  26.596   31.513   78.2   9.15  14.000    0.11250    2.22    2.34    2.91
21-07-2024 17:20:26.32   50.77   0.201  26.612   31.557   78.3   9.16  14.000    0.12657    2.06    2.09    2.90
21-07-2024 17:20:26.57   50.85   0.194  26.623   31.578   78.3   9.16  14.000    0.11028    2.06    2.09    2.90
21-07-2024 17:20:26.81   51.00   0.196  26.618   31.570   78.3   9.16  14.000    0.11768    2.09    1.87    2.93
21-07-2024 17:20:27.06   51.08   0.198  26.597   31.540   78.3   9.16  14.000    0.10584    2.23    2.08    3.03
21-07-2024 17:20:27.30   51.21   0.186  26.579   31.529   78.3   9.17  14.000    0.12361    2.25    1.92    3.32
21-07-2024 17:20:27.55   51.31   0.170  26.583   31.550   78.3   9.17  14.000    0.11694    2.34    2.19    2.69
21-07-2024 17:20:27.79   51.38   0.161  26.606   31.589   78.4   9.18  14.000    0.12138    2.18    1.94    3.23
21-07-2024 17:20:28.04   51.52   0.162  26.615   31.600   78.4   9.18  14.000    0.11990    2.17    2.39    2.95
21-07-2024 17:20:28.28   51.62   0.172  26.647   31.631   78.4   9.17  14.000    0.10954    2.17    2.39    2.95
21-07-2024 17:20:28.53   51.73   0.192  26.679   31.652   78.4   9.17  14.000    0.10880    2.51    2.18    2.92
21-07-2024 17:20:28.77   51.83   0.217  26.696   31.649   78.4   9.16  14.000    0.13101    2.58    2.21    2.89
21-07-2024 17:20:29.02   51.94   0.242  26.723   31.659   78.4   9.16  14.000    0.11250    2.21    1.62    2.98
21-07-2024 17:20:29.27   52.04   0.264  26.746   31.666   78.4   9.15  14.000    0.11176    2.21    1.68    2.90
21-07-2024 17:20:29.51   52.18   0.290  26.759   31.655   78.4   9.15  14.000    0.12879    2.29    2.68    3.21
21-07-2024 17:20:29.76   52.27   0.322  26.784   31.655   78.4   9.14  14.000    0.11546    2.08    1.99    3.13
21-07-2024 17:20:30.01   52.37   0.346  26.789   31.637   78.4   9.14  14.000    0.10066    2.08    1.99    3.13
21-07-2024 17:20:30.25   52.47   0.365  26.796   31.626   78.4   9.13  14.000    0.11768    2.04    2.17    2.87
21-07-2024 17:20:30.50   52.57   0.380  26.798   31.614   78.4   9.13  14.000    0.12435    2.24    1.92    2.80
21-07-2024 17:20:30.74   52.68   0.387  26.802   31.612   78.5   9.13  14.000    0.10362    2.10    2.10    2.91
21-07-2024 17:20:30.99   52.78   0.391  26.802   31.607   78.5   9.13  14.000    0.11842    2.14    2.48    2.82
21-07-2024 17:20:31.23   52.88   0.394  26.786   31.583   78.5   9.13  14.000    0.12138    2.04    1.82    3.17
21-07-2024 17:20:31.48   53.01   0.390  26.784   31.585   78.5   9.13  14.000    0.11916    2.10    2.24    2.87
21-07-2024 17:20:31.72   53.14   0.381  26.782   31.592   78.5   9.14  14.000    0.11102    2.10    2.24    2.87
21-07-2024 17:20:31.97   53.25   0.369  26.761   31.576   78.5   9.14  14.000    0.11546    2.23    2.14    3.00
21-07-2024 17:20:32.22   53.34   0.358  26.741   31.563   78.5   9.15  14.000    0.10510    2.15    2.70    2.96
21-07-2024 17:20:32.46   53.45   0.338  26.725   31.561   78.5   9.15  14.000    0.10288    2.31    1.97    3.04
21-07-2024 17:20:32.70   53.59   0.319  26.741   31.602   78.5   9.16  14.000    0.10436    2.29    1.90    2.78
21-07-2024 17:20:32.96   53.69   0.310  26.741   31.611   78.6   9.16  14.000    0.11028    2.07    2.18    2.82
21-07-2024 17:20:33.20   53.78   0.307  26.748   31.624   78.6   9.16  14.000    0.11472    2.54    2.54    2.97
21-07-2024 17:20:33.45   53.89   0.308  26.759   31.636   78.6   9.16  14.000    0.11102    2.54    2.54    2.97
21-07-2024 17:20:33.70   54.01   0.312  26.763   31.638   78.6   9.16  14.000    0.10658    2.06    1.52    2.72
21-07-2024 17:20:33.94   54.11   0.317  26.747   31.611   78.6   9.16  14.000    0.11398    1.98    2.83    2.75
21-07-2024 17:20:34.19   54.21   0.314  26.738   31.602   78.6   9.16  14.000    0.09474    2.12    2.11    3.37
21-07-2024 17:20:34.43   54.32   0.307  26.744   31.618   78.6   9.16  14.000    0.11546    2.24    1.72    3.25
21-07-2024 17:20:34.68   54.43   0.302  26.744   31.622   78.6   9.17  14.000    0.11324    2.46    1.89    2.61
21-07-2024 17:20:34.92   54.54   0.298  26.744   31.626   78.6   9.16  14.000    0.11842    1.89    2.19    2.85
21-07-2024 17:20:35.17   54.66   0.294  26.734   31.618   78.6   9.17  14.000    0.10510    1.89    2.19    2.85
21-07-2024 17:20:35.41   54.76   0.288  26.729   31.618   78.6   9.17  14.000    0.10732    2.05    2.17    2.79
21-07-2024 17:20:35.66   54.86   0.279  26.742   31.643   78.6   9.17  14.000    0.10288    2.21    1.88    3.06
21-07-2024 17:20:35.90   54.95   0.277  26.759   31.668   78.6   9.17  14.000    0.10732    2.12    2.10    2.91
21-07-2024 17:20:36.15   55.08   0.282  26.768   31.674   78.6   9.17  14.000    0.11324    2.65    2.14    3.15
21-07-2024 17:20:36.39   55.21   0.291  26.781   31.681   78.6   9.17  14.000    0.10288    2.10    2.19    3.12
21-07-2024 17:20:36.65   55.31   0.304  26.791   31.682   78.6   9.16  14.000    0.12213    2.21    2.40    3.00
21-07-2024 17:20:36.89   55.38   0.314  26.793   31.673   78.6   9.16  14.000    0.10362    2.21    2.40    3.00
21-07-2024 17:20:37.14   55.54   0.324  26.808   31.683   78.6   9.16  14.000    0.10880    1.99    2.26    2.76
21-07-2024 17:20:37.39   55.63   0.336  26.819   31.685   78.6   9.16  14.000    0.11028    2.49    2.56    2.75
21-07-2024 17:20:37.63   55.75   0.347  26.825   31.681   78.6   9.15  14.000    0.09770    2.07    1.85    3.23
21-07-2024 17:20:37.88   55.86   0.354  26.826   31.674   78.6   9.15  14.000    0.09548    2.30    2.45    3.23
21-07-2024 17:20:38.12   55.95   0.360  26.826   31.669   78.6   9.15  14.000    0.10214    1.84    2.14    3.02
21-07-2024 17:20:38.37   56.08   0.363  26.823   31.662   78.6   9.15  14.000    0.11842    1.96    2.20    2.93
21-07-2024 17:20:38.61   56.19   0.362  26.813   31.650   78.6   9.15  14.000    0.11694    1.96    2.20    2.93
21-07-2024 17:20:38.86   56.30   0.359  26.805   31.643   78.6   9.15  14.000    0.10954    1.89    2.17    2.86
21-07-2024 17:20:39.10   56.37   0.350  26.803   31.648   78.6   9.16  14.000    0.10066    1.99    1.93    2.84
21-07-2024 17:20:39.35   56.49   0.342  26.799   31.652   78.6   9.16  14.000    0.11472    2.00    2.22    2.86
21-07-2024 17:20:39.59   56.61   0.333  26.790   31.650   78.6   9.16  14.000    0.11250    2.17    1.74    2.96
21-07-2024 17:20:39.84   56.72   0.325  26.785   31.650   78.6   9.16  14.000    0.10140    2.13    2.20    2.45
21-07-2024 17:20:40.08   56.83   0.316  26.782   31.657   78.6   9.17  14.000    0.09252    2.13    2.20    2.45
21-07-2024 17:20:40.33   56.94   0.308  26.781   31.663   78.6   9.17  14.000    0.08956    2.09    2.34    2.78
21-07-2024 17:20:40.58   57.04   0.303  26.777   31.663   78.6   9.17  14.000    0.11324    2.16    1.85    3.02
21-07-2024 17:20:40.83   57.15   0.298  26.774   31.665   78.6   9.17  14.000    0.09030    2.01    2.51    2.68
21-07-2024 17:20:41.07   57.27   0.293  26.774   31.668   78.6   9.17  14.000    0.10510    1.80    2.24    3.12
21-07-2024 17:20:41.32   57.36   0.289  26.772   31.671   78.6   9.17  14.000    0.10880    2.25    2.06    2.82
21-07-2024 17:20:41.56   57.49   0.286  26.771   31.673   78.6   9.17  14.000    0.11028    2.40    2.42    3.19
21-07-2024 17:20:41.81   57.57   0.283  26.772   31.677   78.6   9.17  14.000    0.10214    2.27    2.16    2.72
21-07-2024 17:20:42.05   57.70   0.282  26.773   31.680   78.6   9.17  14.000    0.10658    2.27    2.16    2.72
21-07-2024 17:20:42.30   57.81   0.282  26.775   31.682   78.6   9.17  14.000    0.11102    2.42    2.06    2.98
21-07-2024 17:20:42.54   57.92   0.282  26.776   31.683   78.6   9.17  14.000    0.11028    2.13    2.22    2.51
21-07-2024 17:20:42.79   58.03   0.282  26.778   31.685   78.6   9.17  14.000    0.09696    1.95    2.41    2.64
21-07-2024 17:20:43.04   58.12   0.282  26.780   31.687   78.6   9.17  14.000    0.09992    2.27    2.36    2.78
21-07-2024 17:20:43.28   58.24   0.284  26.781   31.688   78.6   9.17  14.000    0.09844    1.83    2.20    3.06
21-07-2024 17:20:43.52   58.35   0.285  26.784   31.691   78.6   9.17  14.000    0.10806    1.83    2.20    3.06
21-07-2024 17:20:43.77   58.44   0.287  26.786   31.691   78.6   9.17  14.000    0.10806    2.21    2.17    2.75
21-07-2024 17:20:44.02   58.55   0.289  26.789   31.692   78.6   9.16  14.000    0.11176    2.21    2.17    2.65
21-07-2024 17:20:44.27   58.64   0.291  26.792   31.694   78.6   9.17  14.000    0.09178    2.16    1.85    3.15
21-07-2024 17:20:44.51   58.77   0.293  26.794   31.694   78.6   9.17  14.000    0.09178    2.32    2.29    2.94
21-07-2024 17:20:44.76   58.86   0.295  26.799   31.698   78.6   9.17  14.000    0.11028    2.25    2.05    2.76
21-07-2024 17:20:45.01   58.98   0.297  26.802   31.700   78.6   9.16  14.000    0.09992    1.91    2.11    2.90
21-07-2024 17:20:45.25   59.09   0.302  26.807   31.703   78.6   9.16  14.000    0.10954    1.91    2.11    2.90
21-07-2024 17:20:45.50   59.19   0.306  26.816   31.710   78.6   9.16  14.000    0.10732    2.01    2.26    2.99
21-07-2024 17:20:45.74   59.31   0.310  26.832   31.726   78.6   9.16  14.000    0.11324    2.01    1.88    2.91
21-07-2024 17:20:45.99   59.41   0.319  26.844   31.732   78.6   9.16  14.000    0.08512    2.19    2.15    3.39
21-07-2024 17:20:46.23   59.50   0.334  26.846   31.720   78.6   9.16  14.000    0.08882    2.02    2.00    3.32
21-07-2024 17:20:46.48   59.65   0.343  26.849   31.714   78.6   9.15  14.000    0.10806    2.14    2.27    2.78
21-07-2024 17:20:46.72   59.75   0.347  26.851   31.713   78.6   9.15  14.000    0.09844    2.18    2.24    2.66
21-07-2024 17:20:46.96   59.82   0.350  26.852   31.711   78.6   9.15  14.000    0.10954    2.18    2.24    2.66
21-07-2024 17:20:47.21   59.98   0.351  26.852   31.710   78.6   9.15  14.000    0.09770    2.27    2.37    2.83
21-07-2024 17:20:47.46   60.09   0.352  26.854   31.710   78.6   9.15  14.000    0.11028    2.17    2.27    3.05
21-07-2024 17:20:47.71   60.20   0.352  26.854   31.711   78.6   9.15  14.000    0.10288    1.94    2.53    2.92
21-07-2024 17:20:47.95   60.31   0.353  26.854   31.710   78.6   9.15  14.000    0.11028    2.22    2.15    3.28
21-07-2024 17:20:48.20   60.42   0.352  26.853   31.710   78.6   9.15  14.000    0.10362    2.18    2.32    3.12
21-07-2024 17:20:48.45   60.52   0.350  26.849   31.705   78.6   9.15  14.000    0.09178    2.22    2.14    2.92
21-07-2024 17:20:48.69   60.64   0.348  26.851   31.711   78.6   9.15  14.000    0.09252    2.22    2.14    2.92
21-07-2024 17:20:48.94   60.74   0.344  26.850   31.714   78.6   9.16  14.000    0.09696    2.00    1.78    2.50
21-07-2024 17:20:49.18   60.87   0.342  26.849   31.715   78.6   9.16  14.000    0.10732    2.03    1.90    2.70
21-07-2024 17:20:49.43   60.97   0.340  26.849   31.717   78.7   9.16  14.000    0.10510    2.17    2.14    2.61
21-07-2024 17:20:49.67   61.05   0.338  26.847   31.716   78.7   9.16  14.000    0.08586    2.00    2.27    2.83
21-07-2024 17:20:49.92   61.17   0.336  26.837   31.705   78.7   9.16  14.000    0.09548    2.14    1.96    2.75
21-07-2024 17:20:50.16   61.29   0.329  26.832   31.706   78.7   9.16  14.000    0.11324    1.82    1.96    2.93
21-07-2024 17:20:50.41   61.38   0.321  26.839   31.722   78.7   9.16  14.000    0.10288    1.82    1.96    2.93
21-07-2024 17:20:50.65   61.49   0.317  26.841   31.730   78.7   9.17  14.000    0.11102    2.15    1.81    3.13
21-07-2024 17:20:50.90   61.62   0.316  26.847   31.738   78.7   9.17  14.000    0.09474    2.00    1.86    3.07
21-07-2024 17:20:51.14   61.71   0.318  26.854   31.745   78.7   9.17  14.000    0.09474    2.11    2.52    3.11
21-07-2024 17:20:51.40   61.85   0.322  26.854   31.741   78.7   9.17  14.000    0.10140    1.96    2.23    2.88
21-07-2024 17:20:51.64   61.91   0.324  26.854   31.739   78.7   9.17  14.000    0.09400    2.19    2.11    2.91
21-07-2024 17:20:51.89   62.03   0.324  26.853   31.737   78.7   9.17  14.000    0.08290    2.17    2.68    3.29
21-07-2024 17:20:52.13   62.14   0.324  26.850   31.733   78.7   9.17  14.000    0.10436    2.17    2.68    3.29
21-07-2024 17:20:52.38   62.22   0.322  26.848   31.733   78.7   9.17  14.000    0.08290    1.93    2.30    2.71
21-07-2024 17:20:52.63   62.34   0.320  26.848   31.735   78.7   9.17  14.000    0.11324    2.22    2.02    3.27
21-07-2024 17:20:52.87   62.42   0.317  26.850   31.740   78.7   9.17  14.000    0.09178    1.80    2.15    2.97
21-07-2024 17:20:53.12   62.59   0.314  26.850   31.743   78.7   9.17  14.000    0.09696    2.19    1.94    3.11
21-07-2024 17:20:53.36   62.70   0.313  26.850   31.745   78.7   9.17  14.000    0.10658    1.87    2.10    3.02
21-07-2024 17:20:53.61   62.80   0.311  26.850   31.747   78.7   9.17  14.000    0.10880    2.06    1.96    2.80
21-07-2024 17:20:53.85   62.92   0.309  26.850   31.749   78.7   9.17  14.000    0.07772    2.06    1.96    2.80
21-07-2024 17:20:54.10   63.02   0.308  26.851   31.751   78.7   9.17  14.000    0.09844    2.32    2.04    3.09
21-07-2024 17:20:54.34   63.10   0.307  26.850   31.751   78.7   9.17  14.000    0.10214    2.12    2.33    3.02
21-07-2024 17:20:54.59   63.20   0.305  26.849   31.752   78.7   9.17  14.000    0.09918    2.27    2.42    2.97
21-07-2024 17:20:54.83   63.30   0.304  26.850   31.754   78.7   9.17  14.000    0.08142    2.06    2.32    3.10
21-07-2024 17:20:55.08   63.44   0.302  26.850   31.755   78.7   9.17  14.000    0.08882    2.25    1.68    3.01
21-07-2024 17:20:55.33   63.54   0.302  26.852   31.759   78.7   9.17  14.000    0.09030    2.16    2.21    2.66
21-07-2024 17:20:55.58   63.68   0.302  26.850   31.755   78.7   9.17  14.000    0.07772    2.16    2.21    2.66
21-07-2024 17:20:55.82   63.78   0.301  26.848   31.753   78.7   9.17  14.000    0.10288    2.11    2.21    3.04
21-07-2024 17:20:56.07   63.89   0.298  26.841   31.748   78.7   9.17  14.000    0.10362    2.24    2.58    3.07
21-07-2024 17:20:56.31   63.98   0.292  26.830   31.739   78.7   9.18  14.000    0.08956    2.27    2.69    2.72
21-07-2024 17:20:56.56   64.10   0.284  26.827   31.743   78.7   9.18  14.000    0.09844    2.57    1.98    2.95
21-07-2024 17:20:56.80   64.21   0.275  26.822   31.746   78.7   9.18  14.000    0.08142    2.08    2.19    3.34
21-07-2024 17:20:57.05   64.30   0.269  26.819   31.748   78.7   9.18  14.000    0.09030    2.07    1.93    2.78
21-07-2024 17:20:57.29   64.42   0.263  26.819   31.755   78.7   9.19  14.000    0.08734    2.07    1.93    2.78
21-07-2024 17:20:57.54   64.48   0.258  26.811   31.750   78.7   9.19  14.000    0.08586    2.22    2.20    3.05
21-07-2024 17:20:57.78   64.63   0.253  26.800   31.741   78.8   9.19  14.000    0.08882    2.31    2.06    3.09
21-07-2024 17:20:58.03   64.72   0.241  26.789   31.738   78.8   9.19  14.000    0.08142    2.44    2.13    2.74
21-07-2024 17:20:58.27   64.86   0.224  26.783   31.749   78.8   9.20  14.000    0.08734    2.18    2.20    2.86
21-07-2024 17:20:58.52   64.96   0.213  26.783   31.759   78.8   9.20  14.000    0.10362    2.12    1.60    3.09
21-07-2024 17:20:58.77   65.06   0.206  26.780   31.763   78.8   9.20  14.000    0.08216    2.18    2.36    2.64
21-07-2024 17:20:59.02   65.17   0.200  26.774   31.761   78.8   9.20  14.000    0.09104    2.18    2.36    2.64
21-07-2024 17:20:59.27   65.27   0.196  26.771   31.761   78.8   9.20  14.000    0.10584    2.08    1.91    2.86
21-07-2024 17:20:59.51   65.36   0.189  26.771   31.768   78.8   9.20  14.000    0.07624    2.08    2.38    2.97
21-07-2024 17:20:59.76   65.50   0.183  26.769   31.772   78.8   9.21  14.000    0.09770    1.85    2.27    3.04
21-07-2024 17:21:00.00   65.57   0.179  26.768   31.775   78.7   9.20  14.000    0.09992    2.44    2.17    3.09
21-07-2024 17:21:00.25   65.72   0.176  26.769   31.778   78.7   9.20  14.000    0.09696    2.08    1.52    3.02
21-07-2024 17:21:00.49   65.81   0.173  26.769   31.783   78.7   9.20  14.000    0.09326    2.11    2.00    2.93
21-07-2024 17:21:00.74   65.90   0.170  26.768   31.784   78.7   9.20  14.000    0.08512    2.11    2.00    2.93
21-07-2024 17:21:00.98   66.00   0.168  26.767   31.784   78.7   9.20  14.000    0.08660    1.99    2.57    2.95
21-07-2024 17:21:01.23   66.11   0.166  26.765   31.783   78.7   9.20  14.000    0.09030    2.32    2.38    3.00
21-07-2024 17:21:01.47   66.22   0.164  26.766   31.788   78.7   9.20  14.000    0.08438    2.02    2.31    3.03
21-07-2024 17:21:01.72   66.37   0.161  26.764   31.787   78.6   9.19  14.000    0.09770    2.20    1.87    2.71
21-07-2024 17:21:01.96   66.47   0.160  26.765   31.789   78.6   9.20  14.000    0.08734    2.25    2.04    3.21
21-07-2024 17:21:02.21   66.53   0.160  26.770   31.797   78.6   9.19  14.000    0.10140    2.41    2.20    3.44
21-07-2024 17:21:02.46   66.64   0.159  26.779   31.809   78.6   9.19  14.000    0.08438    2.41    2.20    3.44
21-07-2024 17:21:02.70   66.77   0.162  26.788   31.818   78.6   9.19  14.000    0.09326    2.24    1.92    3.22
21-07-2024 17:21:02.95   66.85   0.167  26.792   31.818   78.6   9.18  14.000    0.09252    1.73    1.94    2.99
21-07-2024 17:21:03.20   66.98   0.170  26.791   31.812   78.5   9.18  14.000    0.07920    2.19    2.59    2.99
21-07-2024 17:21:03.44   67.05   0.172  26.792   31.812   78.5   9.18  14.000    0.09104    2.05    1.97    3.28
21-07-2024 17:21:03.69   67.18   0.173  26.793   31.812   78.5   9.17  14.000    0.10362    1.99    2.00    3.10
21-07-2024 17:21:03.93   67.28   0.174  26.792   31.811   78.4   9.17  14.000    0.09252    1.99    2.28    3.26
21-07-2024 17:21:04.18   67.41   0.173  26.793   31.812   78.4   9.17  14.000    0.07624    1.99    2.28    3.26
21-07-2024 17:21:04.42   67.50   0.173  26.790   31.808   78.4   9.16  14.000    0.07624    1.98    2.62    2.59
21-07-2024 17:21:04.67   67.60   0.170  26.791   31.812   78.4   9.16  14.000    0.08512    2.00    2.25    2.68
21-07-2024 17:21:04.91   67.72   0.167  26.791   31.816   78.3   9.16  14.000    0.08438    3.05    2.61    3.06
21-07-2024 17:21:05.17   67.82   0.166  26.790   31.815   78.3   9.16  14.000    0.09326    2.11    2.23    2.96
21-07-2024 17:21:05.40   67.95   0.166  26.790   31.816   78.3   9.16  14.000    0.09622    2.36    2.18    3.53
21-07-2024 17:21:05.65   68.03   0.165  26.792   31.818   78.3   9.15  14.000    0.07179    2.36    1.93    3.06
21-07-2024 17:21:05.89   68.16   0.165  26.791   31.817   78.3   9.15  14.000    0.08882    2.36    1.93    3.06
21-07-2024 17:21:06.15   68.21   0.165  26.791   31.818   78.2   9.15  14.000    0.07624    2.21    2.14    3.10
21-07-2024 17:21:06.39   68.35   0.165  26.791   31.818   78.2   9.14  14.000    0.09030    2.04    2.27    2.97
21-07-2024 17:21:06.64   68.45   0.165  26.791   31.818   78.2   9.14  14.000    0.08438    2.27    2.43    2.70
21-07-2024 17:21:06.89   68.58   0.165  26.791   31.817   78.2   9.14  14.000    0.10066    2.16    1.90    2.76
21-07-2024 17:21:07.13   68.67   0.165  26.791   31.818   78.2   9.14  14.000    0.08882    2.64    2.18    3.01
21-07-2024 17:21:07.38   68.77   0.165  26.792   31.819   78.1   9.13  14.000    0.08364    2.56    2.05    3.03
21-07-2024 17:21:07.62   68.89   0.165  26.791   31.818   78.1   9.13  14.000    0.09104    2.56    2.05    3.03
21-07-2024 17:21:07.87   69.00   0.165  26.791   31.818   78.1   9.13  14.000    0.09178    2.15    2.07    3.00
21-07-2024 17:21:08.11   69.09   0.164  26.792   31.819   78.1   9.13  14.000    0.08142    2.28    2.25    2.83
21-07-2024 17:21:08.36   69.18   0.165  26.793   31.820   78.1   9.13  14.000    0.09030    1.99    2.27    2.83
21-07-2024 17:21:08.60   69.34   0.164  26.792   31.819   78.1   9.13  14.000    0.09844    2.04    1.95    3.20
21-07-2024 17:21:08.85   69.43   0.164  26.792   31.820   78.1   9.12  14.000    0.09474    2.46    1.93    3.13
21-07-2024 17:21:09.09   69.53   0.162  26.791   31.820   78.1   9.12  14.000    0.10436    2.09    2.14    3.08
21-07-2024 17:21:09.34   69.63   0.162  26.793   31.822   78.0   9.12  14.000    0.09622    2.09    2.14    3.08
21-07-2024 17:21:09.58   69.75   0.162  26.795   31.825   78.0   9.12  14.000    0.09252    1.94    2.37    3.09
21-07-2024 17:21:09.83   69.87   0.162  26.795   31.825   78.0   9.12  14.000    0.08956    2.40    2.32    3.23
21-07-2024 17:21:10.08   69.96   0.162  26.795   31.826   78.0   9.12  14.000    0.11324    2.22    2.40    3.03
21-07-2024 17:21:10.33   70.08   0.160  26.794   31.825   78.0   9.12  14.000    0.11176    2.37    1.95    3.03
21-07-2024 17:21:10.57   70.18   0.159  26.796   31.829   78.0   9.12  14.000    0.09474    2.31    1.82    3.09
21-07-2024 17:21:10.82   70.30   0.158  26.796   31.831   78.0   9.11  14.000    0.10584    2.10    2.42    2.85
21-07-2024 17:21:11.06   70.41   0.158  26.796   31.830   77.9   9.11  14.000    0.09474    2.10    2.42    2.85
21-07-2024 17:21:11.31   70.53   0.158  26.797   31.831   78.0   9.11  14.000    0.08660    2.15    1.78    3.15
21-07-2024 17:21:11.56   70.65   0.158  26.797   31.831   78.0   9.11  14.000    0.08956    2.50    1.68    3.18
21-07-2024 17:21:11.80   70.75   0.159  26.797   31.830   78.0   9.11  14.000    0.08808    2.27    2.21    2.87
21-07-2024 17:21:12.05   70.82   0.158  26.797   31.831   78.0   9.12  14.000    0.09622    2.03    2.32    2.73
21-07-2024 17:21:12.29   70.94   0.158  26.797   31.831   78.0   9.11  14.000    0.09622    2.80    2.20    3.08
21-07-2024 17:21:12.54   71.03   0.158  26.797   31.831   78.0   9.11  14.000    0.09696    2.09    2.22    3.20
21-07-2024 17:21:12.78   71.15   0.157  26.795   31.829   78.0   9.12  14.000    0.09104    2.09    2.22    3.20
21-07-2024 17:21:13.03   71.26   0.156  26.796   31.832   78.0   9.12  14.000    0.09548    1.68    1.68    3.27
21-07-2024 17:21:13.27   71.36   0.156  26.797   31.833   78.0   9.12  14.000    0.07994    2.38    2.93    3.10
21-07-2024 17:21:13.52   71.47   0.156  26.797   31.834   78.0   9.11  14.000    0.09252    2.19    2.25    3.42
21-07-2024 17:21:13.77   71.57   0.156  26.796   31.832   78.0   9.12  14.000    0.07920    2.13    2.23    3.05
21-07-2024 17:21:14.02   71.70   0.155  26.792   31.827   77.9   9.11  14.000    0.09030    2.09    2.26    2.81
21-07-2024 17:21:14.26   71.79   0.152  26.787   31.823   77.9   9.11  14.000    0.08438    1.98    1.84    3.10
21-07-2024 17:21:14.51   71.92   0.145  26.785   31.828   77.9   9.11  14.000    0.08290    1.98    1.84    3.10
21-07-2024 17:21:14.75   72.02   0.139  26.785   31.835   77.9   9.12  14.000    0.09178    1.86    2.50    2.85
21-07-2024 17:21:15.00   72.12   0.136  26.785   31.838   77.9   9.12  14.000    0.09178    2.25    2.40    2.77
21-07-2024 17:21:15.24   72.24   0.134  26.785   31.839   77.9   9.12  14.000    0.08216    2.09    2.44    2.99
21-07-2024 17:21:15.49   72.33   0.133  26.785   31.840   77.9   9.12  14.000    0.09770    2.20    1.91    3.03
21-07-2024 17:21:15.73   72.42   0.133  26.786   31.841   77.9   9.12  14.000    0.09992    2.25    2.12    2.99
21-07-2024 17:21:15.98   72.55   0.133  26.787   31.843   77.9   9.11  14.000    0.10732    1.93    2.65    3.13
21-07-2024 17:21:16.23   72.64   0.132  26.788   31.845   77.9   9.11  14.000    0.09770    1.93    2.65    3.13
21-07-2024 17:21:16.47   72.75   0.131  26.785   31.843   77.9   9.11  14.000    0.08956    2.14    2.11    2.81
21-07-2024 17:21:16.71   72.86   0.129  26.785   31.845   77.9   9.11  14.000    0.10806    3.33    2.07    2.74
21-07-2024 17:21:16.96   72.97   0.127  26.784   31.845   77.9   9.11  14.000    0.10288    1.78    2.05    2.89
21-07-2024 17:21:17.21   73.07   0.124  26.783   31.847   77.8   9.11  14.000    0.08956    2.16    2.25    2.95
21-07-2024 17:21:17.46   73.16   0.122  26.783   31.848   77.8   9.11  14.000    0.09104    2.13    2.16    3.03
21-07-2024 17:21:17.71   73.30   0.120  26.783   31.852   77.8   9.10  14.000    0.08808    2.23    2.03    2.78
21-07-2024 17:21:17.95   73.36   0.118  26.784   31.855   77.8   9.11  14.000    0.08068    2.23    2.03    2.78
21-07-2024 17:21:18.20   73.49   0.117  26.785   31.856   77.8   9.10  14.000    0.09178    2.25    2.24    3.13
21-07-2024 17:21:18.44   73.59   0.117  26.784   31.855   77.8   9.10  14.000    0.10066    2.61    2.00    2.93
21-07-2024 17:21:18.69   73.72   0.115  26.785   31.858   77.8   9.10  14.000    0.09326    1.88    1.94    2.89
21-07-2024 17:21:18.93   73.82   0.115  26.784   31.857   77.7   9.10  14.000    0.09252    2.28    1.66    3.17
21-07-2024 17:21:19.18   73.91   0.114  26.785   31.860   77.7   9.10  14.000    0.09326    2.04    2.11    2.78
21-07-2024 17:21:19.42   74.03   0.113  26.784   31.859   77.7   9.09  14.000    0.09548    2.19    1.76    3.09
21-07-2024 17:21:19.67   74.11   0.112  26.784   31.860   77.7   9.09  14.000    0.08438    2.19    1.76    3.09
21-07-2024 17:21:19.91   74.23   0.112  26.785   31.861   77.7   9.09  14.000    0.08364    2.21    1.84    3.12
21-07-2024 17:21:20.16   74.36   0.113  26.782   31.857   77.7   9.09  14.000    0.09178    2.18    1.79    2.76
21-07-2024 17:21:20.40   74.45   0.111  26.780   31.856   77.7   9.09  14.000    0.09918    1.98    2.37    3.03
21-07-2024 17:21:20.65   74.57   0.108  26.781   31.860   77.7   9.09  14.000    0.08586    2.23    2.28    3.34
21-07-2024 17:21:20.90   74.65   0.107  26.781   31.861   77.7   9.09  14.000    0.08216    2.16    2.18    3.02
21-07-2024 17:21:21.14   74.79   0.106  26.780   31.861   77.6   9.09  14.000    0.10066    1.94    1.77    3.30
21-07-2024 17:21:21.39   74.88   0.106  26.781   31.862   77.6   9.08  14.000    0.10140    1.94    1.77    3.30
21-07-2024 17:21:21.64   75.00   0.105  26.780   31.861   77.6   9.08  14.000    0.09918    2.14    1.81    2.79
21-07-2024 17:21:21.88   75.11   0.104  26.780   31.862   77.6   9.08  14.000    0.07994    1.98    2.21    3.09
21-07-2024 17:21:22.13   75.21   0.104  26.779   31.861   77.6   9.08  14.000    0.09696    2.52    2.26    3.04
21-07-2024 17:21:22.37   75.34   0.103  26.779   31.862   77.6   9.08  14.000    0.09252    1.85    2.10    3.00
21-07-2024 17:21:22.62   75.44   0.103  26.780   31.863   77.6   9.08  14.000    0.07253    1.96    2.44    3.17
21-07-2024 17:21:22.86   75.54   0.103  26.779   31.863   77.6   9.08  14.000    0.09400    2.25    2.16    3.16
21-07-2024 17:21:23.11   75.62   0.103  26.780   31.863   77.6   9.08  14.000    0.08882    2.25    2.16    3.16
21-07-2024 17:21:23.35   75.75   0.102  26.778   31.862   77.5   9.08  14.000    0.08364    2.33    1.73    2.75
21-07-2024 17:21:23.60   75.85   0.101  26.778   31.863   77.5   9.08  14.000    0.06957    2.15    2.03    2.95
21-07-2024 17:21:23.84   75.96   0.100  26.778   31.863   77.5   9.08  14.000    0.07550    1.88    2.15    2.63
21-07-2024 17:21:24.09   76.07   0.098  26.777   31.865   77.5   9.08  14.000    0.09252    1.90    2.11    3.02
21-07-2024 17:21:24.33   76.16   0.097  26.777   31.866   77.5   9.08  14.000    0.08364    1.94    2.37    3.08
21-07-2024 17:21:24.59   76.25   0.095  26.777   31.867   77.5   9.08  14.000    0.08586    2.24    2.17    3.20
21-07-2024 17:21:24.83   76.37   0.094  26.779   31.870   77.5   9.07  14.000    0.09178    2.24    2.17    3.20
21-07-2024 17:21:25.08   76.47   0.094  26.779   31.872   77.5   9.07  14.000    0.06587    2.02    2.75    3.24
21-07-2024 17:21:25.32   76.58   0.093  26.779   31.872   77.5   9.07  14.000    0.07994    1.98    2.10    2.82
21-07-2024 17:21:25.57   76.72   0.093  26.779   31.872   77.5   9.08  14.000    0.10140    2.10    2.17    3.11
21-07-2024 17:21:25.82   76.81   0.093  26.780   31.872   77.5   9.07  14.000    0.08808    2.08    2.42    2.83
21-07-2024 17:21:26.06   76.94   0.093  26.782   31.876   77.5   9.07  14.000    0.08956    2.20    2.27    3.11
21-07-2024 17:21:26.30   77.00   0.092  26.782   31.877   77.5   9.07  14.000    0.09030    2.20    2.27    3.11
21-07-2024 17:21:26.55   77.12   0.092  26.782   31.876   77.5   9.07  14.000    0.08364    2.12    2.35    2.96
21-07-2024 17:21:26.80   77.23   0.091  26.782   31.878   77.5   9.07  14.000    0.07476    2.11    2.32    3.22
21-07-2024 17:21:27.05   77.34   0.090  26.781   31.878   77.5   9.07  14.000    0.08956    2.10    2.38    3.19
21-07-2024 17:21:27.29   77.45   0.088  26.779   31.877   77.5   9.07  14.000    0.08808    2.14    2.16    2.90
21-07-2024 17:21:27.53   77.56   0.084  26.779   31.881   77.5   9.07  14.000    0.08216    2.41    2.06    3.22
21-07-2024 17:21:27.78   77.63   0.082  26.776   31.879   77.4   9.07  14.000    0.08290    2.32    2.22    3.10
21-07-2024 17:21:28.02   77.76   0.078  26.776   31.882   77.5   9.07  14.000    0.09474    2.32    2.22    3.10
21-07-2024 17:21:28.27   77.86   0.075  26.776   31.885   77.4   9.07  14.000    0.08068    1.91    1.75    2.75
21-07-2024 17:21:28.52   77.94   0.073  26.776   31.888   77.4   9.07  14.000    0.10140    2.29    2.33    2.91
21-07-2024 17:21:28.77   78.06   0.071  26.775   31.888   77.4   9.07  14.000    0.10658    2.23    2.25    2.97
21-07-2024 17:21:29.01   78.14   0.070  26.774   31.888   77.4   9.07  14.000    0.08142    2.26    2.35    3.17
21-07-2024 17:21:29.26   78.29   0.068  26.773   31.890   77.4   9.07  14.000    0.08142    2.30    2.24    3.24
21-07-2024 17:21:29.50   78.36   0.066  26.772   31.890   77.4   9.07  14.000    0.09696    1.87    2.01    2.98
21-07-2024 17:21:29.75   78.47   0.063  26.772   31.892   77.4   9.07  14.000    0.07624    1.87    2.01    2.98
21-07-2024 17:21:29.99   78.56   0.062  26.771   31.893   77.4   9.07  14.000    0.09400    2.41    2.28    2.74
21-07-2024 17:21:30.24   78.66   0.059  26.771   31.896   77.4   9.07  14.000    0.09770    2.06    2.03    2.98
21-07-2024 17:21:30.48   78.77   0.057  26.772   31.898   77.4   9.07  14.000    0.08808    2.10    2.18    3.21
21-07-2024 17:21:30.73   78.89   0.055  26.770   31.898   77.4   9.07  14.000    0.09030    1.78    2.23    2.90
21-07-2024 17:21:30.97   78.98   0.054  26.770   31.899   77.4   9.07  14.000    0.11102    2.06    2.13    2.93
21-07-2024 17:21:31.22   79.10   0.052  26.769   31.901   77.4   9.06  14.000    0.06809    2.05    2.05    3.25
21-07-2024 17:21:31.46   79.16   0.050  26.769   31.902   77.4   9.07  14.000    0.08068    2.05    2.05    3.25
21-07-2024 17:21:31.71   79.31   0.048  26.768   31.903   77.4   9.07  14.000    0.08142    2.11    2.19    3.01
21-07-2024 17:21:31.96   79.39   0.047  26.768   31.903   77.3   9.06  14.000    0.10954    2.11    1.90    2.88
21-07-2024 17:21:32.21   79.51   0.044  26.767   31.905   77.3   9.06  14.000    0.08512    2.25    2.20    3.31
21-07-2024 17:21:32.45   79.60   0.042  26.767   31.908   77.3   9.06  14.000    0.08290    1.94    2.23    2.86
21-07-2024 17:21:32.70   79.71   0.041  26.766   31.907   77.3   9.06  14.000    0.08586    2.16    2.62    2.77
21-07-2024 17:21:32.94   79.79   0.040  26.765   31.907   77.3   9.06  14.000    0.08438    2.14    2.21    3.03
21-07-2024 17:21:33.19   79.92   0.038  26.764   31.907   77.3   9.06  14.000    0.09548    2.14    2.21    3.03
21-07-2024 17:21:33.44   80.02   0.036  26.764   31.909   77.3   9.06  14.000    0.09844    2.03    2.37    2.97
21-07-2024 17:21:33.68   80.13   0.033  26.763   31.911   77.3   9.06  14.000    0.08808    1.88    2.42    3.17
21-07-2024 17:21:33.93   80.23   0.031  26.762   31.912   77.3   9.06  14.000    0.08364    2.43    2.53    2.82
21-07-2024 17:21:34.17   80.32   0.029  26.761   31.913   77.3   9.06  14.000    0.08660    2.02    2.34    2.68
21-07-2024 17:21:34.42   80.43   0.026  26.759   31.913   77.3   9.06  14.000    0.09030    2.11    2.18    2.96
21-07-2024 17:21:34.66   80.53   0.025  26.758   31.914   77.3   9.06  14.000    0.08438    1.93    2.61    2.83
21-07-2024 17:21:34.90   80.64   0.022  26.759   31.916   77.3   9.06  14.000    0.08364    1.93    2.61    2.83
21-07-2024 17:21:35.15   80.74   0.021  26.758   31.917   77.2   9.06  14.000    0.09030    2.34    2.08    3.36
21-07-2024 17:21:35.40   80.82   0.020  26.758   31.918   77.2   9.06  14.000    0.08586    2.08    2.13    3.36
21-07-2024 17:21:35.65   80.93   0.018  26.758   31.919   77.2   9.06  14.000    0.07253    1.99    2.72    2.81
21-07-2024 17:21:35.89   81.02   0.016  26.756   31.919   77.2   9.05  14.000    0.08882    2.01    2.31    2.91
21-07-2024 17:21:36.14   81.12   0.015  26.757   31.922   77.2   9.05  14.000    0.08290    1.88    2.38    2.86
21-07-2024 17:21:36.39   81.26   0.015  26.757   31.922   77.2   9.06  14.000    0.07402    2.13    1.47    3.07
21-07-2024 17:21:36.63   81.34   0.014  26.757   31.922   77.2   9.05  14.000    0.09030    2.13    1.47    3.07
21-07-2024 17:21:36.88   81.45   0.014  26.757   31.922   77.2   9.05  14.000    0.08882    1.96    2.28    3.07
21-07-2024 17:21:37.12   81.56   0.014  26.757   31.922   77.2   9.05  14.000    0.09252    2.27    2.07    3.08
21-07-2024 17:21:37.37   81.64   0.014  26.756   31.921   77.1   9.05  14.000    0.08956    2.22    2.31    3.07
21-07-2024 17:21:37.61   81.73   0.014  26.758   31.924   77.1   9.05  14.000    0.08512    2.02    2.07    2.95
21-07-2024 17:21:37.86   81.82   0.014  26.758   31.923   77.1   9.05  14.000    0.08290    2.21    2.58    2.47
21-07-2024 17:21:38.11   81.94   0.015  26.760   31.926   77.1   9.04  14.000    0.07920    2.01    2.13    3.01
21-07-2024 17:21:38.35   82.05   0.015  26.760   31.926   77.1   9.04  14.000    0.08808    2.01    2.13    3.01
21-07-2024 17:21:38.59   82.14   0.016  26.761   31.926   77.1   9.04  14.000    0.10732    2.28    2.04    3.15
21-07-2024 17:21:38.84   82.23   0.015  26.761   31.926   77.1   9.04  14.000    0.08808    2.31    2.09    3.13
21-07-2024 17:21:39.08   82.35   0.016  26.761   31.925   77.0   9.03  14.000    0.09252    1.93    2.05    2.84
21-07-2024 17:21:39.33   82.44   0.015  26.761   31.925   77.0   9.03  14.000    0.08660    2.24    2.45    3.08
21-07-2024 17:21:39.58   82.54   0.015  26.763   31.928   77.0   9.03  14.000    0.08586    2.12    2.00    3.26
21-07-2024 17:21:39.83   82.68   0.015  26.763   31.929   77.0   9.03  14.000    0.07994    1.98    2.27    3.03
21-07-2024 17:21:40.07   82.76   0.015  26.762   31.928   77.0   9.03  14.000    0.08512    1.98    2.27    3.03
21-07-2024 17:21:40.32   82.85   0.014  26.761   31.927   77.0   9.03  14.000    0.08216    2.04    2.52    3.21
21-07-2024 17:21:40.57   82.99   0.013  26.761   31.928   76.9   9.02  14.000    0.10140    2.10    2.12    2.80
21-07-2024 17:21:40.81   83.09   0.011  26.760   31.929   76.9   9.02  14.000    0.08882    2.09    1.88    2.90
21-07-2024 17:21:41.06   83.21   0.008  26.757   31.928   76.9   9.02  14.000    0.08512    2.08    2.17    2.95
21-07-2024 17:21:41.30   83.31   0.006  26.757   31.930   76.9   9.02  14.000    0.08660    2.39    2.55    3.64
21-07-2024 17:21:41.55   83.40   0.004  26.755   31.929   76.9   9.02  14.000    0.09178    2.07    2.53    2.98
21-07-2024 17:21:41.79   83.51   0.001  26.753   31.929   76.9   9.02  14.000    0.08438    2.07    2.53    2.98
21-07-2024 17:21:42.04   83.65  -0.002  26.752   31.932   76.8   9.02  14.000    0.07772    2.35    2.08    3.02
21-07-2024 17:21:42.28   83.73  -0.005  26.753   31.936   76.8   9.02  14.000    0.07698    1.96    2.76    2.91
21-07-2024 17:21:42.53   83.84  -0.007  26.753   31.938   76.8   9.01  14.000    0.08734    2.07    2.14    2.96
21-07-2024 17:21:42.77   83.94  -0.008  26.752   31.938   76.8   9.02  14.000    0.09548    2.00    2.11    2.97
21-07-2024 17:21:43.02   84.10  -0.009  26.752   31.939   76.8   9.01  14.000    0.07994    2.01    2.37    3.24
21-07-2024 17:21:43.27   84.11  -0.010  26.751   31.939   76.8   9.01  14.000    0.08660    2.22    2.42    3.09
21-07-2024 17:21:43.51   84.28  -0.011  26.750   31.938   76.8   9.01  14.000    0.08142    2.22    2.42    3.09
21-07-2024 17:21:43.76   84.38  -0.013  26.749   31.938   76.8   9.01  14.000    0.08586    2.03    2.51    3.05
21-07-2024 17:21:44.01   84.48  -0.015  26.748   31.938   76.8   9.01  14.000    0.08438    1.88    2.53    3.15
21-07-2024 17:21:44.25   84.54  -0.018  26.747   31.941   76.8   9.01  14.000    0.09030    2.53    2.08    3.00
21-07-2024 17:21:44.50   84.65  -0.020  26.747   31.943   76.8   9.02  14.000    0.09400    2.21    2.10    3.19
21-07-2024 17:21:44.74   84.74  -0.022  26.746   31.944   76.8   9.01  14.000    0.07550    2.18    2.35    3.01
21-07-2024 17:21:44.99   84.87  -0.024  26.746   31.945   76.8   9.02  14.000    0.09622    2.15    2.37    2.87
21-07-2024 17:21:45.23   84.97  -0.024  26.746   31.947   76.8   9.02  14.000    0.08586    2.15    2.37    2.87
21-07-2024 17:21:45.48   85.07  -0.026  26.745   31.947   76.8   9.02  14.000    0.07994    2.04    2.30    2.82
21-07-2024 17:21:45.72   85.17  -0.026  26.744   31.945   76.8   9.02  14.000    0.09104    2.38    2.79    2.99
21-07-2024 17:21:45.97   85.27  -0.028  26.744   31.947   76.8   9.02  14.000    0.08290    2.06    2.50    3.13
21-07-2024 17:21:46.21   85.37  -0.030  26.744   31.949   76.8   9.02  14.000    0.08068    2.04    2.15    2.84
21-07-2024 17:21:46.46   85.47  -0.032  26.744   31.952   76.8   9.02  14.000    0.07698    1.86    2.04    3.22
21-07-2024 17:21:46.71   85.58  -0.034  26.744   31.953   76.8   9.02  14.000    0.09474    2.07    2.23    3.34
21-07-2024 17:21:46.95   85.70  -0.036  26.744   31.954   76.8   9.02  14.000    0.08956    2.07    2.23    3.34
21-07-2024 17:21:47.20   85.81  -0.036  26.744   31.955   76.8   9.02  14.000    0.09030    2.03    1.44    3.06
21-07-2024 17:21:47.45   85.88  -0.038  26.742   31.955   76.8   9.02  14.000    0.08512    2.17    2.02    3.09
21-07-2024 17:21:47.69   85.95  -0.040  26.741   31.955   76.8   9.02  14.000    0.08808    2.08    2.13    2.88
21-07-2024 17:21:47.94   86.10  -0.042  26.741   31.957   76.8   9.02  14.000    0.09104    2.14    1.62    3.17
21-07-2024 17:21:48.19   86.22  -0.044  26.740   31.959   76.8   9.02  14.000    0.08956    2.38    1.72    2.87
21-07-2024 17:21:48.43   86.30  -0.047  26.739   31.960   76.8   9.02  14.000    0.07920    2.18    2.56    2.89
21-07-2024 17:21:48.67   86.41  -0.048  26.740   31.961   76.8   9.02  14.000    0.08364    2.18    2.56    2.89
21-07-2024 17:21:48.92   86.49  -0.049  26.740   31.963   76.8   9.02  14.000    0.06587    2.11    1.98    3.13
21-07-2024 17:21:49.17   86.60  -0.049  26.740   31.962   76.8   9.02  14.000    0.08956    2.34    2.35    3.22
21-07-2024 17:21:49.41   86.67  -0.050  26.739   31.963   76.8   9.02  14.000    0.08660    2.23    2.73    2.90
21-07-2024 17:21:49.66   86.80  -0.050  26.739   31.962   76.8   9.02  14.000    0.07994    2.09    1.93    3.07
21-07-2024 17:21:49.90   86.88  -0.051  26.738   31.963   76.8   9.02  14.000    0.08438    1.95    2.28    3.12
21-07-2024 17:21:50.15   87.01  -0.051  26.738   31.963   76.8   9.02  14.000    0.08734    2.18    1.91    3.24
21-07-2024 17:21:50.42   87.09  -0.052  26.739   31.965   76.8   9.02  14.000    0.07253    2.47    2.21    3.09
21-07-2024 17:21:50.64   87.21  -0.053  26.738   31.964   76.8   9.02  14.000    0.08216    2.47    2.21    3.09
21-07-2024 17:21:50.89   87.31  -0.052  26.738   31.964   76.7   9.01  14.000    0.08512    2.21    1.78    2.71
21-07-2024 17:21:51.14   87.40  -0.053  26.737   31.964   76.8   9.02  14.000    0.08068    2.17    1.97    3.09
21-07-2024 17:21:51.38   87.52  -0.054  26.738   31.965   76.7   9.01  14.000    0.09030    1.99    2.01    3.01
21-07-2024 17:21:51.63   87.61  -0.054  26.738   31.966   76.7   9.01  14.000    0.07920    2.23    2.37    3.03
21-07-2024 17:21:51.87   87.69  -0.054  26.738   31.966   76.7   9.01  14.000    0.06587    2.15    1.98    3.09
21-07-2024 17:21:52.12   87.83  -0.055  26.738   31.966   76.7   9.01  14.000    0.08660    2.15    1.98    3.09
21-07-2024 17:21:52.36   87.92  -0.055  26.738   31.966   76.7   9.01  14.000    0.07772    2.99    2.17    3.05
21-07-2024 17:21:52.61   88.05  -0.055  26.738   31.966   76.7   9.01  14.000    0.08512    2.22    1.99    2.66
21-07-2024 17:21:52.85   88.13  -0.056  26.735   31.964   76.7   9.01  14.000    0.08290    2.07    2.33    2.65
21-07-2024 17:21:53.10   88.22  -0.057  26.736   31.965   76.7   9.00  14.000    0.08290    2.14    2.08    2.86
21-07-2024 17:21:53.34   88.36  -0.058  26.736   31.966   76.6   9.00  14.000    0.08586    2.17    1.88    2.76
21-07-2024 17:21:53.59   88.44  -0.060  26.736   31.968   76.6   9.00  14.000    0.10436    2.19    2.29    3.05
21-07-2024 17:21:53.83   88.54  -0.060  26.737   31.969   76.6   9.00  14.000    0.08216    2.19    2.29    3.05
21-07-2024 17:21:54.09   88.65  -0.061  26.734   31.966   76.6   9.00  14.000    0.07253    2.18    2.58    2.86
21-07-2024 17:21:54.33   88.77  -0.063  26.733   31.967   76.6   9.00  14.000    0.08586    2.18    2.44    2.85
21-07-2024 17:21:54.58   88.87  -0.065  26.733   31.969   76.6   9.00  14.000    0.08290    1.94    2.62    3.03
21-07-2024 17:21:54.82   88.98  -0.066  26.731   31.969   76.6   9.00  14.000    0.08660    1.99    2.39    3.39
21-07-2024 17:21:55.07   89.06  -0.069  26.732   31.971   76.6   9.00  14.000    0.07994    2.32    2.42    2.69
21-07-2024 17:21:55.31   89.16  -0.071  26.731   31.973   76.6   9.00  14.000    0.09252    1.85    2.43    3.21
21-07-2024 17:21:55.56   89.29  -0.073  26.729   31.972   76.6   9.00  14.000    0.08734    1.85    2.43    3.21
21-07-2024 17:21:55.80   89.36  -0.075  26.728   31.973   76.6   9.00  14.000    0.08290    2.21    1.92    3.04
21-07-2024 17:21:56.05   89.47  -0.077  26.728   31.975   76.6   9.00  14.000    0.08364    2.18    1.87    2.80
21-07-2024 17:21:56.29   89.59  -0.080  26.726   31.975   76.6   9.00  14.000    0.09030    1.97    2.51    3.08
21-07-2024 17:21:56.54   89.69  -0.083  26.727   31.979   76.6   9.00  14.000    0.07846    2.32    2.26    3.46
21-07-2024 17:21:56.78   89.80  -0.086  26.727   31.983   76.6   9.00  14.000    0.08586    1.86    2.19    3.07
21-07-2024 17:21:57.03   89.90  -0.087  26.727   31.984   76.6   9.00  14.000    0.10362    2.17    2.09    2.89
21-07-2024 17:21:57.27   90.02  -0.088  26.726   31.983   76.6   9.00  14.000    0.06809    2.17    2.09    2.89
21-07-2024 17:21:57.52   90.09  -0.089  26.724   31.982   76.6   9.00  14.000    0.08068    2.02    2.35    2.88
21-07-2024 17:21:57.77   90.23  -0.090  26.723   31.982   76.6   9.00  14.000    0.07179    2.15    2.05    3.13
21-07-2024 17:21:58.02   90.35  -0.091  26.722   31.981   76.5   9.00  14.000    0.07698    2.22    2.06    3.18
21-07-2024 17:21:58.27   90.42  -0.093  26.721   31.982   76.5   9.00  14.000    0.07994    2.26    2.19    2.80
21-07-2024 17:21:58.51   90.54  -0.095  26.721   31.984   76.6   9.00  14.000    0.09548    1.68    2.43    3.09
21-07-2024 17:21:58.76   90.65  -0.098  26.720   31.985   76.5   9.00  14.000    0.08512    2.21    2.19    3.42
21-07-2024 17:21:59.00   90.79  -0.098  26.720   31.986   76.5   9.00  14.000    0.09326    2.21    2.19    3.42
21-07-2024 17:21:59.25   90.85  -0.099  26.721   31.987   76.5   9.00  14.000    0.07846    2.08    2.64    3.03
21-07-2024 17:21:59.50   90.94  -0.099  26.720   31.986   76.5   9.00  14.000    0.09400    2.23    2.17    3.02
21-07-2024 17:21:59.74   91.06  -0.100  26.721   31.989   76.5   9.00  14.000    0.08364    2.10    2.43    2.98
21-07-2024 17:21:59.99   91.15  -0.101  26.721   31.989   76.5   9.00  14.000    0.08364    2.04    2.19    2.91
21-07-2024 17:22:00.24   91.25  -0.101  26.723   31.993   76.5   9.00  14.000    0.09030    2.26    2.60    3.18
21-07-2024 17:22:00.48   91.38  -0.101  26.720   31.989   76.5   9.00  14.000    0.10880    2.57    1.97    3.03
21-07-2024 17:22:00.72   91.48  -0.105  26.718   31.990   76.5   9.00  14.000    0.09252    2.57    1.97    3.03
21-07-2024 17:22:00.97   91.59  -0.106  26.719   31.992   76.5   8.99  14.000    0.08586    1.92    2.30    3.20
21-07-2024 17:22:01.21   91.69  -0.109  26.720   31.996   76.5   8.99  14.000    0.08290    2.31    2.24    2.90
21-07-2024 17:22:01.46   91.80  -0.109  26.722   32.000   76.5   9.00  14.000    0.09918    2.27    2.06    3.00
21-07-2024 17:22:01.71   91.93  -0.110  26.716   31.992   76.5   8.99  14.000    0.08068    1.97    2.16    3.04
21-07-2024 17:22:01.96   91.99  -0.112  26.716   31.994   76.5   8.99  14.000    0.09770    2.17    2.57    3.19
21-07-2024 17:22:02.20   92.11  -0.114  26.715   31.996   76.5   8.99  14.000    0.08216    2.16    2.08    2.91
21-07-2024 17:22:02.44   92.21  -0.116  26.720   32.003   76.4   8.99  14.000    0.07624    2.16    2.08    2.91
21-07-2024 17:22:02.69   92.30  -0.118  26.720   32.005   76.4   8.99  14.000    0.07550    1.85    2.55    3.02
21-07-2024 17:22:02.94   92.40  -0.117  26.720   32.004   76.4   8.99  14.000    0.07402    2.52    1.83    2.73
21-07-2024 17:22:03.18   92.52  -0.117  26.719   32.003   76.4   8.99  14.000    0.08142    2.23    2.46    3.02
21-07-2024 17:22:03.43   92.63  -0.119  26.714   31.999   76.4   8.99  14.000    0.07031    2.58    2.09    3.03
21-07-2024 17:22:03.67   92.73  -0.121  26.717   32.005   76.4   8.99  14.000    0.07920    1.99    2.20    2.97
21-07-2024 17:22:03.92   92.83  -0.123  26.714   32.002   76.4   8.99  14.000    0.08882    1.90    2.34    2.93
21-07-2024 17:22:04.16   92.93  -0.125  26.714   32.005   76.4   8.99  14.000    0.08586    1.90    2.34    2.93
21-07-2024 17:22:04.41   93.02  -0.126  26.708   31.999   76.4   8.99  14.000    0.08660    1.99    2.35    3.13
21-07-2024 17:22:04.65   93.13  -0.130  26.708   32.002   76.4   8.99  14.000    0.08364    2.24    2.53    3.02
21-07-2024 17:22:04.90   93.25  -0.133  26.704   32.000   76.4   8.99  14.000    0.08734    2.10    1.94    3.17
21-07-2024 17:22:05.15   93.34  -0.136  26.701   31.999   76.3   8.98  14.000    0.09252    1.97    2.53    3.35
21-07-2024 17:22:05.39   93.46  -0.142  26.700   32.004   76.3   8.99  14.000    0.07476    2.16    2.41    2.88
21-07-2024 17:22:05.64   93.56  -0.145  26.703   32.011   76.3   8.98  14.000    0.09992    2.68    2.41    2.78
21-07-2024 17:22:05.89   93.66  -0.147  26.698   32.007   76.3   8.98  14.000    0.08660    2.68    2.41    2.78
21-07-2024 17:22:06.13   93.75  -0.151  26.696   32.007   76.3   8.98  14.000    0.07476    2.19    2.51    3.00
21-07-2024 17:22:06.38   93.88  -0.154  26.697   32.013   76.3   8.98  14.000    0.08956    1.80    2.05    2.75
21-07-2024 17:22:06.62   93.95  -0.156  26.700   32.018   76.3   8.98  14.000    0.08956    2.37    1.95    3.05
21-07-2024 17:22:06.87   94.09  -0.157  26.700   32.019   76.3   8.98  14.000    0.08438    2.27    2.00    3.11
21-07-2024 17:22:07.11   94.20  -0.157  26.705   32.026   76.2   8.98  14.000    0.07846    2.40    2.17    3.26
21-07-2024 17:22:07.36   94.28  -0.157  26.698   32.017   76.2   8.98  14.000    0.09252    2.40    2.17    3.26
21-07-2024 17:22:07.60   94.38  -0.158  26.700   32.020   76.2   8.97  14.000    0.08216    1.92    1.87    3.20
21-07-2024 17:22:07.85   94.49  -0.160  26.698   32.020   76.2   8.97  14.000    0.08586    1.97    2.63    3.17
21-07-2024 17:22:08.09   94.60  -0.162  26.696   32.019   76.2   8.97  14.000    0.08808    2.02    2.32    2.93
21-07-2024 17:22:08.34   94.71  -0.163  26.698   32.022   76.2   8.97  14.000    0.08364    2.19    2.26    3.07
21-07-2024 17:22:08.58   94.81  -0.165  26.694   32.019   76.1   8.97  14.000    0.09770    2.27    2.19    2.90
21-07-2024 17:22:08.84   94.91  -0.166  26.692   32.017   76.1   8.97  14.000    0.08068    2.04    2.76    2.95
21-07-2024 17:22:09.08   95.02  -0.168  26.695   32.024   76.1   8.96  14.000    0.09030    2.04    2.76    2.95
21-07-2024 17:22:09.33   95.16  -0.170  26.695   32.025   76.1   8.96  14.000    0.08808    2.21    2.29    3.25
21-07-2024 17:22:09.57   95.24  -0.170  26.693   32.023   76.1   8.96  14.000    0.09696    2.02    2.19    2.95
21-07-2024 17:22:09.82   95.33  -0.171  26.695   32.027   76.1   8.96  14.000    0.07624    1.96    2.45    3.08
21-07-2024 17:22:10.07   95.45  -0.172  26.695   32.028   76.1   8.96  14.000    0.08512    1.88    2.27    3.31
21-07-2024 17:22:10.31   95.56  -0.174  26.693   32.026   76.0   8.96  14.000    0.09474    2.23    2.36    3.07
21-07-2024 17:22:10.56   95.64  -0.176  26.691   32.026   76.0   8.96  14.000    0.08586    2.21    2.00    3.00
21-07-2024 17:22:10.80   95.73  -0.177  26.692   32.029   76.0   8.96  14.000    0.08438    2.21    2.00    3.00
21-07-2024 17:22:11.05   95.85  -0.180  26.690   32.029   76.0   8.96  14.000    0.09622    2.27    2.42    2.82
21-07-2024 17:22:11.29   95.97  -0.183  26.688   32.029   76.0   8.95  14.000    0.10954    2.08    2.61    2.82
21-07-2024 17:22:11.54   96.07  -0.185  26.684   32.025   76.0   8.95  14.000    0.09770    2.22    2.05    3.05
21-07-2024 17:22:11.78   96.18  -0.187  26.685   32.029   76.0   8.95  14.000    0.10066    2.32    2.17    2.84
21-07-2024 17:22:12.03   96.27  -0.190  26.683   32.030   75.9   8.95  14.000    0.08438    2.22    2.34    3.04
21-07-2024 17:22:12.27   96.39  -0.195  26.681   32.034   75.9   8.95  14.000    0.09400    2.01    2.02    3.04
21-07-2024 17:22:12.52   96.50  -0.199  26.683   32.040   75.9   8.95  14.000    0.09474    2.01    2.02    3.04
21-07-2024 17:22:12.77   96.60  -0.201  26.683   32.041   75.9   8.95  14.000    0.09252    2.34    2.31    3.28
21-07-2024 17:22:13.02   96.72  -0.201  26.682   32.040   75.9   8.95  14.000    0.09548    2.44    2.36    2.82
21-07-2024 17:22:13.27   96.80  -0.203  26.682   32.043   75.9   8.95  14.000    0.09326    2.12    1.99    3.13
21-07-2024 17:22:13.51   96.92  -0.204  26.684   32.046   75.9   8.94  14.000    0.11028    2.32    2.29    3.08
21-07-2024 17:22:13.76   97.00  -0.205  26.682   32.043   75.9   8.94  14.000    0.07179    2.07    2.56    3.16
21-07-2024 17:22:14.00   97.11  -0.206  26.680   32.043   75.8   8.94  14.000    0.09178    2.02    2.03    3.03
21-07-2024 17:22:14.25   97.22  -0.208  26.679   32.043   75.8   8.94  14.000    0.08512    2.02    2.03    3.03
21-07-2024 17:22:14.49   97.32  -0.210  26.677   32.043   75.8   8.93  14.000    0.07920    1.78    2.22    2.89
21-07-2024 17:22:14.74   97.43  -0.212  26.676   32.044   75.8   8.93  14.000    0.10732    2.02    2.03    3.25
21-07-2024 17:22:14.98   97.52  -0.214  26.676   32.045   75.8   8.93  14.000    0.07105    2.10    1.90    2.80
21-07-2024 17:22:15.23   97.63  -0.216  26.676   32.047   75.7   8.93  14.000    0.07994    2.08    2.38    3.27
21-07-2024 17:22:15.47   97.74  -0.218  26.677   32.051   75.7   8.93  14.000    0.09918    2.05    1.87    3.00
21-07-2024 17:22:15.72   97.86  -0.218  26.678   32.053   75.7   8.93  14.000    0.08956    2.09    2.32    3.13
21-07-2024 17:22:15.96   97.92  -0.219  26.678   32.053   75.7   8.92  14.000    0.09400    2.09    2.32    3.13
21-07-2024 17:22:16.21   98.04  -0.219  26.679   32.054   75.7   8.93  14.000    0.08660    2.19    2.35    2.88
21-07-2024 17:22:16.46   98.13  -0.218  26.679   32.053   75.7   8.92  14.000    0.09696    2.18    2.08    3.20
21-07-2024 17:22:16.71   98.24  -0.219  26.679   32.054   75.6   8.92  14.000    0.07994    2.20    2.10    3.11
21-07-2024 17:22:16.95   98.35  -0.219  26.678   32.052   75.6   8.92  14.000    0.08882    2.28    2.08    2.94
21-07-2024 17:22:17.20   98.45  -0.219  26.679   32.055   75.6   8.92  14.000    0.08734    2.07    1.84    3.70
21-07-2024 17:22:17.44   98.55  -0.219  26.679   32.054   75.6   8.91  14.000    0.09030    2.26    2.14    2.99
21-07-2024 17:22:17.69   98.66  -0.219  26.679   32.054   75.6   8.91  14.000    0.09770    2.26    2.14    2.99
21-07-2024 17:22:17.93   98.76  -0.220  26.678   32.054   75.6   8.91  14.000    0.08290    2.01    2.18    3.28
21-07-2024 17:22:18.18   98.88  -0.220  26.679   32.055   75.6   8.91  14.000    0.08882    2.06    2.14    3.03
21-07-2024 17:22:18.42   98.97  -0.220  26.678   32.054   75.5   8.91  14.000    0.07550    1.86    2.41    3.35
21-07-2024 17:22:18.67   99.06  -0.221  26.677   32.053   75.5   8.90  14.000    0.09474    2.09    2.32    3.02
21-07-2024 17:22:18.91   99.18  -0.221  26.677   32.054   75.5   8.90  14.000    0.09622    2.25    2.39    3.33
21-07-2024 17:22:19.16   99.28  -0.223  26.678   32.056   75.5   8.90  14.000    0.10066    2.27    2.03    2.98
21-07-2024 17:22:19.40   99.37  -0.224  26.678   32.057   75.5   8.90  14.000    0.07772    2.27    2.03    2.98
21-07-2024 17:22:19.65   99.47  -0.224  26.677   32.057   75.5   8.90  14.000    0.06957    2.06    2.09    2.94
21-07-2024 17:22:19.90   99.57  -0.225  26.677   32.057   75.4   8.90  14.000    0.09030    1.74    2.42    3.36
21-07-2024 17:22:20.14   99.69  -0.226  26.674   32.053   75.4   8.90  14.000    0.07994    2.27    2.41    2.77
21-07-2024 17:22:20.39   99.82  -0.228  26.675   32.057   75.4   8.90  14.000    0.08364    2.12    2.41    3.09
21-07-2024 17:22:20.64   99.90  -0.229  26.673   32.055   75.4   8.89  14.000    0.08808    1.99    1.97    3.13
21-07-2024 17:22:20.88  100.00  -0.230  26.673   32.056   75.4   8.89  14.000    0.07624    2.07    2.07    3.37
21-07-2024 17:22:21.13  100.08  -0.233  26.673   32.059   75.4   8.89  14.000    0.09992    2.07    2.07    3.37
21-07-2024 17:22:21.37  100.22  -0.234  26.672   32.060   75.4   8.89  14.000    0.06883    2.01    2.17    3.04
21-07-2024 17:22:21.62  100.32  -0.236  26.671   32.060   75.3   8.89  14.000    0.08438    1.91    2.06    2.95
21-07-2024 17:22:21.86  100.42  -0.237  26.670   32.060   75.3   8.89  14.000    0.09548    2.58    2.40    3.20
21-07-2024 17:22:22.12  100.50  -0.239  26.668   32.060   75.3   8.89  14.000    0.08660    2.08    2.22    2.69
21-07-2024 17:22:22.35  100.62  -0.242  26.667   32.060   75.3   8.88  14.000    0.08586    2.12    2.56    3.07
21-07-2024 17:22:22.60  100.70  -0.245  26.665   32.061   75.3   8.88  14.000    0.08660    2.09    2.37    3.15
21-07-2024 17:22:22.84  100.83  -0.249  26.662   32.062   75.3   8.88  14.000    0.09030    2.09    2.37    3.15
21-07-2024 17:22:23.09  100.93  -0.254  26.661   32.066   75.2   8.88  14.000    0.08142    2.36    2.25    2.93
21-07-2024 17:22:23.33  101.04  -0.256  26.662   32.069   75.2   8.88  14.000    0.08808    2.22    2.35    3.05
21-07-2024 17:22:23.59  101.16  -0.258  26.662   32.070   75.2   8.88  14.000    0.09474    1.82    1.96    2.93
21-07-2024 17:22:23.83  101.26  -0.258  26.659   32.067   75.2   8.88  14.000    0.09696    2.04    1.97    3.06
21-07-2024 17:22:24.08  101.36  -0.261  26.658   32.069   75.2   8.87  14.000    0.08438    2.29    2.18    3.08
21-07-2024 17:22:24.32  101.48  -0.264  26.659   32.072   75.2   8.87  14.000    0.09252    2.15    2.18    3.19
21-07-2024 17:22:24.57  101.57  -0.265  26.657   32.071   75.2   8.87  14.000    0.08586    2.15    2.18    3.19
21-07-2024 17:22:24.82  101.69  -0.267  26.656   32.072   75.1   8.87  14.000    0.08660    1.98    2.40    3.32
21-07-2024 17:22:25.06  101.80  -0.269  26.656   32.074   75.1   8.87  14.000    0.08882    2.51    2.35    2.75
21-07-2024 17:22:25.31  101.89  -0.269  26.656   32.075   75.1   8.87  14.000    0.08660    1.93    1.75    3.11
21-07-2024 17:22:25.55  101.98  -0.270  26.654   32.072   75.1   8.87  14.000    0.10806    2.11    2.66    3.18
21-07-2024 17:22:25.80  102.10  -0.272  26.651   32.071   75.1   8.86  14.000    0.09400    2.14    2.14    3.14
21-07-2024 17:22:26.04  102.21  -0.275  26.649   32.071   75.0   8.86  14.000    0.09770    2.11    2.61    2.69
21-07-2024 17:22:26.28  102.32  -0.279  26.648   32.074   75.0   8.86  14.000    0.08290    2.11    2.61    2.69
21-07-2024 17:22:26.53  102.40  -0.283  26.645   32.074   75.0   8.86  14.000    0.08734    2.08    2.21    3.15
21-07-2024 17:22:26.78  102.51  -0.286  26.645   32.076   75.0   8.86  14.000    0.07772    2.18    2.20    3.28
21-07-2024 17:22:27.02  102.63  -0.288  26.644   32.078   75.0   8.86  14.000    0.09918    2.05    2.31    3.10
21-07-2024 17:22:27.27  102.74  -0.289  26.645   32.080   75.0   8.85  14.000    0.09104    1.67    1.89    3.02
21-07-2024 17:22:27.52  102.83  -0.291  26.642   32.079   74.9   8.85  14.000    0.08956    2.03    2.24    3.18
21-07-2024 17:22:27.77  102.94  -0.293  26.642   32.080   74.9   8.85  14.000    0.08586    2.11    2.03    3.09
21-07-2024 17:22:28.01  103.03  -0.295  26.639   32.078   74.9   8.85  14.000    0.09696    2.11    2.03    3.09
21-07-2024 17:22:28.26  103.15  -0.298  26.639   32.082   74.9   8.85  14.000    0.08364    1.90    2.30    2.93
21-07-2024 17:22:28.50  103.24  -0.300  26.638   32.083   74.9   8.84  14.000    0.08142    2.16    2.07    2.82
21-07-2024 17:22:28.75  103.37  -0.301  26.638   32.084   74.8   8.84  14.000    0.08586    1.90    3.00    2.94
21-07-2024 17:22:28.99  103.48  -0.302  26.638   32.084   74.8   8.84  14.000    0.10288    1.96    2.41    2.98
21-07-2024 17:22:29.24  103.55  -0.303  26.637   32.084   74.8   8.84  14.000    0.09474    1.96    2.25    3.04
21-07-2024 17:22:29.48  103.66  -0.304  26.634   32.081   74.8   8.84  14.000    0.08512    1.94    2.36    3.26
21-07-2024 17:22:29.73  103.78  -0.307  26.630   32.079   74.8   8.83  14.000    0.08882    1.94    2.36    3.26
21-07-2024 17:22:29.97  103.88  -0.312  26.631   32.084   74.7   8.83  14.000    0.09030    2.07    2.09    3.09
21-07-2024 17:22:30.22  103.99  -0.316  26.631   32.089   74.7   8.83  14.000    0.07253    2.24    2.65    3.10
21-07-2024 17:22:30.46  104.10  -0.317  26.629   32.089   74.7   8.83  14.000    0.09030    2.35    2.00    2.96
21-07-2024 17:22:30.71  104.20  -0.319  26.628   32.089   74.7   8.83  14.000    0.06291    2.19    2.52    3.09
21-07-2024 17:22:30.96  104.32  -0.320  26.628   32.090   74.7   8.83  14.000    0.06661    2.18    2.14    2.73
21-07-2024 17:22:31.21  104.40  -0.321  26.627   32.090   74.7   8.83  14.000    0.07846    2.23    2.33    2.58
21-07-2024 17:22:31.45  104.49  -0.322  26.628   32.091   74.7   8.83  14.000    0.09178    2.23    2.33    2.58
21-07-2024 17:22:31.70  104.64  -0.323  26.626   32.090   74.7   8.82  14.000    0.07550    1.82    2.64    3.07
21-07-2024 17:22:31.95  104.73  -0.325  26.626   32.092   74.6   8.82  14.000    0.09548    1.88    2.37    2.93
21-07-2024 17:22:32.19  104.83  -0.326  26.627   32.093   74.6   8.82  14.000    0.09770    2.15    2.43    3.27
21-07-2024 17:22:32.44  104.94  -0.326  26.624   32.090   74.6   8.82  14.000    0.10214    2.05    2.27    2.93
21-07-2024 17:22:32.68  105.01  -0.328  26.625   32.093   74.6   8.82  14.000    0.07772    2.02    2.20    2.75
21-07-2024 17:22:32.93  105.16  -0.329  26.623   32.092   74.5   8.81  14.000    0.09474    1.87    2.58    3.16
21-07-2024 17:22:33.18  105.25  -0.331  26.621   32.090   74.6   8.81  14.000    0.07550    1.87    2.58    3.16
21-07-2024 17:22:33.42  105.34  -0.332  26.620   32.090   74.5   8.81  14.000    0.06661    1.93    2.52    2.94
21-07-2024 17:22:33.66  105.46  -0.335  26.619   32.093   74.5   8.81  14.000    0.07772    2.18    1.84    2.89
21-07-2024 17:22:33.91  105.54  -0.338  26.619   32.095   74.5   8.81  14.000    0.07402    1.91    1.71    3.05
21-07-2024 17:22:34.15  105.62  -0.339  26.618   32.095   74.5   8.81  14.000    0.10214    2.16    2.46    3.21
21-07-2024 17:22:34.40  105.79  -0.340  26.619   32.098   74.5   8.81  14.000    0.07550    2.16    2.14    2.87
21-07-2024 17:22:34.65  105.86  -0.342  26.618   32.098   74.4   8.80  14.000    0.08142    2.30    2.35    3.11
21-07-2024 17:22:34.89  105.95  -0.343  26.615   32.095   74.4   8.80  14.000    0.08660    2.30    2.35    3.11
21-07-2024 17:22:35.14  106.04  -0.344  26.615   32.097   74.4   8.80  14.000    0.07698    1.76    2.50    3.22
21-07-2024 17:22:35.39  106.18  -0.345  26.614   32.096   74.4   8.80  14.000    0.09918    2.15    2.20    3.12
21-07-2024 17:22:35.63  106.26  -0.347  26.613   32.096   74.3   8.79  14.000    0.09178    2.06    2.75    3.16
21-07-2024 17:22:35.88  106.37  -0.348  26.608   32.091   74.3   8.79  14.000    0.08216    2.07    2.07    3.16
21-07-2024 17:22:36.13  106.47  -0.352  26.604   32.089   74.3   8.79  14.000    0.08660    1.70    1.61    2.81
21-07-2024 17:22:36.37  106.56  -0.360  26.600   32.092   74.3   8.79  14.000    0.06735    2.12    2.10    2.89
21-07-2024 17:22:36.61  106.67  -0.366  26.597   32.095   74.3   8.79  14.000    0.08586    2.12    2.10    2.89
21-07-2024 17:22:36.86  106.77  -0.372  26.593   32.097   74.2   8.79  14.000    0.09622    2.02    2.57    2.88
21-07-2024 17:22:37.11  106.88  -0.377  26.593   32.101   74.2   8.79  14.000    0.08438    2.05    2.48    3.03
21-07-2024 17:22:37.35  106.99  -0.382  26.591   32.104   74.2   8.78  14.000    0.08290    2.02    2.28    3.34
21-07-2024 17:22:37.60  107.08  -0.386  26.589   32.106   74.2   8.78  14.000    0.07550    1.75    1.97    3.03
21-07-2024 17:22:37.84  107.19  -0.389  26.588   32.107   74.1   8.78  14.000    0.08216    2.05    2.40    2.95
21-07-2024 17:22:38.09  107.32  -0.391  26.587   32.109   74.1   8.77  14.000    0.09918    1.81    2.46    3.18
21-07-2024 17:22:38.34  107.43  -0.393  26.586   32.109   74.1   8.77  14.000    0.08216    1.81    2.46    3.18
21-07-2024 17:22:38.58  107.53  -0.396  26.584   32.110   74.1   8.77  14.000    0.08290    2.27    2.05    2.76
21-07-2024 17:22:38.83  107.60  -0.399  26.583   32.112   74.0   8.77  14.000    0.08290    1.77    2.52    3.15
21-07-2024 17:22:39.07  107.72  -0.401  26.580   32.110   74.0   8.77  14.000    0.07994    1.96    2.12    2.98
21-07-2024 17:22:39.32  107.83  -0.404  26.578   32.110   74.0   8.76  14.000    0.06661    2.33    2.10    2.99
21-07-2024 17:22:39.57  107.93  -0.409  26.574   32.110   73.9   8.76  14.000    0.06439    2.18    2.00    3.14
21-07-2024 17:22:39.81  108.03  -0.412  26.572   32.111   73.9   8.76  14.000    0.08956    1.79    2.14    3.37
21-07-2024 17:22:40.05  108.16  -0.417  26.572   32.115   73.9   8.76  14.000    0.06291    1.79    2.14    3.37
21-07-2024 17:22:40.30  108.27  -0.421  26.568   32.114   73.9   8.75  14.000    0.07624    2.17    2.04    2.88
21-07-2024 17:22:40.55  108.37  -0.424  26.565   32.114   73.9   8.75  14.000    0.06217    2.15    1.91    2.99
21-07-2024 17:22:40.79  108.47  -0.430  26.563   32.117   73.8   8.75  14.000    0.07328    2.93    2.25    3.15
21-07-2024 17:22:41.04  108.56  -0.434  26.558   32.114   73.8   8.75  14.000    0.09474    2.19    2.28    3.22
21-07-2024 17:22:41.28  108.67  -0.441  26.556   32.119   73.8   8.75  14.000    0.07476    1.97    2.29    3.14
21-07-2024 17:22:41.53  108.78  -0.446  26.554   32.122   73.8   8.75  14.000    0.07920    2.38    2.35    3.02
21-07-2024 17:22:41.77  108.86  -0.450  26.553   32.125   73.7   8.74  14.000    0.09104    2.38    2.35    3.02
21-07-2024 17:22:42.02  108.96  -0.453  26.553   32.128   73.7   8.74  14.000    0.07698    2.30    2.30    3.16
21-07-2024 17:22:42.27  109.06  -0.456  26.553   32.130   73.7   8.74  14.000    0.07698    2.18    2.33    2.88
21-07-2024 17:22:42.52  109.17  -0.457  26.553   32.132   73.6   8.73  14.000    0.07402    2.23    1.99    2.75
21-07-2024 17:22:42.76  109.29  -0.458  26.552   32.131   73.6   8.73  14.000    0.08586    2.22    1.54    2.89
21-07-2024 17:22:43.01  109.40  -0.459  26.551   32.131   73.6   8.73  14.000    0.08290    2.11    1.79    2.82
21-07-2024 17:22:43.25  109.48  -0.460  26.552   32.133   73.5   8.72  14.000    0.09104    2.37    2.27    3.03
21-07-2024 17:22:43.50  109.58  -0.460  26.551   32.133   73.5   8.72  14.000    0.07920    2.37    2.27    3.03
21-07-2024 17:22:43.74  109.71  -0.461  26.550   32.132   73.5   8.72  14.000    0.06957    2.13    2.36    3.20
21-07-2024 17:22:43.99  109.80  -0.461  26.549   32.130   73.4   8.71  14.000    0.09104    2.14    2.45    3.01
21-07-2024 17:22:44.24  109.87  -0.462  26.548   32.130   73.4   8.71  14.000    0.07772    2.12    2.19    2.78
21-07-2024 17:22:44.48  110.03  -0.463  26.547   32.130   73.4   8.70  14.000    0.07550    2.36    2.03    2.98
21-07-2024 17:22:44.72  110.10  -0.466  26.545   32.130   73.4   8.70  14.000    0.08734    2.17    2.49    2.92
21-07-2024 17:22:44.97  110.20  -0.468  26.543   32.129   73.3   8.70  14.000    0.07476    2.17    2.49    2.92
21-07-2024 17:22:45.21  110.32  -0.470  26.541   32.129   73.3   8.69  14.000    0.09030    2.04    2.10    2.94
21-07-2024 17:22:45.46  110.42  -0.474  26.539   32.130   73.3   8.69  14.000    0.09326    2.13    2.54    3.08
21-07-2024 17:22:45.71  110.53  -0.477  26.537   32.132   73.2   8.69  14.000    0.09104    2.01    3.07    2.81
21-07-2024 17:22:45.96  110.60  -0.480  26.537   32.134   73.2   8.68  14.000    0.09918    1.93    1.80    2.95
21-07-2024 17:22:46.20  110.73  -0.483  26.535   32.134   73.1   8.68  14.000    0.09030    1.86    2.28    2.94
21-07-2024 17:22:46.45  110.84  -0.485  26.534   32.135   73.1   8.68  14.000    0.09844    1.73    2.31    2.94
21-07-2024 17:22:46.70  110.94  -0.488  26.533   32.137   73.1   8.68  14.000    0.10214    2.16    2.67    2.88
21-07-2024 17:22:46.94  111.05  -0.490  26.531   32.136   73.1   8.67  14.000    0.09622    2.16    2.67    2.88
21-07-2024 17:22:47.18  111.18  -0.492  26.530   32.137   73.0   8.67  14.000    0.07550    1.97    2.01    3.04
21-07-2024 17:22:47.43  111.26  -0.495  26.529   32.138   73.0   8.67  14.000    0.07550    1.96    2.40    3.14
21-07-2024 17:22:47.68  111.35  -0.496  26.528   32.138   73.0   8.67  14.000    0.07994    2.00    2.38    2.65
21-07-2024 17:22:47.92  111.46  -0.499  26.527   32.140   73.1   8.67  14.000    0.09696    2.33    1.46    3.00
21-07-2024 17:22:48.17  111.57  -0.501  26.524   32.139   72.9   8.66  14.000    0.09030    2.03    1.79    3.19
21-07-2024 17:22:48.41  111.65  -0.504  26.522   32.139   72.9   8.66  14.000    0.08734    2.03    1.79    3.19
21-07-2024 17:22:48.66  111.76  -0.507  26.521   32.141   72.9   8.66  14.000    0.07105    1.85    2.67    2.97
21-07-2024 17:22:48.90  111.86  -0.511  26.520   32.144   72.9   8.65  14.000    0.10806    1.87    2.09    3.09
21-07-2024 17:22:49.15  111.96  -0.514  26.517   32.143   72.8   8.65  14.000    0.08216    2.03    2.55    2.62
21-07-2024 17:22:49.40  112.07  -0.517  26.516   32.145   72.8   8.65  14.000    0.08882    2.08    2.11    3.06
21-07-2024 17:22:49.64  112.17  -0.519  26.515   32.145   72.8   8.65  14.000    0.07105    2.18    2.44    3.11
21-07-2024 17:22:49.89  112.30  -0.522  26.514   32.147   72.8   8.65  14.000    0.09104    1.72    2.19    2.82
21-07-2024 17:22:50.14  112.40  -0.524  26.513   32.148   72.8   8.64  14.000    0.08142    2.12    1.95    3.35
21-07-2024 17:22:50.38  112.52  -0.526  26.511   32.147   72.7   8.64  14.000    0.07994    2.12    1.95    3.35
21-07-2024 17:22:50.63  112.62  -0.528  26.511   32.149   72.7   8.64  14.000    0.07402    2.08    2.66    2.97
21-07-2024 17:22:50.87  112.70  -0.530  26.509   32.148   72.7   8.63  14.000    0.07772    2.24    2.12    3.19
21-07-2024 17:22:51.12  112.81  -0.532  26.507   32.147   72.7   8.63  14.000    0.07772    1.95    2.42    2.87
21-07-2024 17:22:51.36  112.88  -0.538  26.502   32.147   72.6   8.63  14.000    0.07846    1.95    2.27    2.96
21-07-2024 17:22:51.61  113.00  -0.542  26.498   32.146   72.6   8.63  14.000    0.07624    2.18    2.01    3.02
21-07-2024 17:22:51.85  113.11  -0.547  26.494   32.146   72.6   8.63  14.000    0.09474    2.18    2.01    3.02
21-07-2024 17:22:52.10  113.20  -0.551  26.490   32.146   72.6   8.63  14.000    0.07920    2.05    2.90    3.26
21-07-2024 17:22:52.34  113.28  -0.557  26.489   32.149   72.5   8.62  14.000    0.10806    2.11    1.79    3.04
21-07-2024 17:22:52.59  113.43  -0.564  26.486   32.153   72.5   8.62  14.000    0.08512    1.86    2.20    3.27
21-07-2024 17:22:52.84  113.53  -0.568  26.479   32.147   72.5   8.62  14.000    0.09030    2.12    2.54    2.73
21-07-2024 17:22:53.08  113.65  -0.576  26.468   32.142   72.4   8.62  14.000    0.06365    2.16    2.33    3.17
21-07-2024 17:22:53.33  113.73  -0.587  26.463   32.147   72.4   8.62  14.000    0.08808    2.02    2.11    3.15
21-07-2024 17:22:53.58  113.80  -0.599  26.458   32.152   72.4   8.62  14.000    0.08660    2.02    2.11    3.15
21-07-2024 17:22:53.82  113.94  -0.611  26.455   32.162   72.4   8.62  14.000    0.06883    1.96    2.68    2.93
21-07-2024 17:22:54.07  114.02  -0.620  26.455   32.171   72.3   8.61  14.000    0.10658    2.22    2.54    2.91
21-07-2024 17:22:54.32  114.09  -0.625  26.454   32.175   72.3   8.61  14.000    0.08068    2.12    2.56    2.81
21-07-2024 17:22:54.56  114.19  -0.628  26.452   32.175   72.3   8.61  14.000    0.08068    2.16    2.02    2.83
21-07-2024 17:22:54.81  114.29  -0.631  26.453   32.179   72.2   8.60  14.000    0.07624    1.94    2.12    3.38
21-07-2024 17:22:55.06  114.41  -0.632  26.451   32.178   72.2   8.60  14.000    0.07698    1.90    2.30    3.12
21-07-2024 17:22:55.30  114.49  -0.635  26.445   32.173   72.1   8.59  14.000    0.07846    1.90    2.30    3.12
21-07-2024 17:22:55.54  114.61  -0.640  26.438   32.169   72.1   8.59  14.000    0.08956    1.99    2.06    2.99
21-07-2024 17:22:55.79  114.73  -0.649  26.432   32.170   72.0   8.59  14.000    0.09326    2.03    2.18    3.38
21-07-2024 17:22:56.03  114.82  -0.658  26.429   32.176   72.0   8.58  14.000    0.08364    2.06    1.87    2.73
21-07-2024 17:22:56.28  114.93  -0.666  26.427   32.182   72.0   8.58  14.000    0.08142    2.04    2.21    2.99
21-07-2024 17:22:56.52  114.98  -0.672  26.425   32.185   71.9   8.58  14.000    0.09178    2.39    2.19    3.11
21-07-2024 17:22:56.78  115.13  -0.677  26.420   32.184   71.9   8.57  14.000    0.07920    2.29    2.28    3.15
21-07-2024 17:22:57.02  115.23  -0.684  26.417   32.187   71.8   8.57  14.000    0.07031    2.29    2.28    3.15
21-07-2024 17:22:57.27  115.35  -0.692  26.415   32.192   71.8   8.56  14.000    0.08882    2.17    2.39    2.92
21-07-2024 17:22:57.51  115.44  -0.696  26.412   32.193   71.7   8.56  14.000    0.08808    1.99    2.11    3.36
21-07-2024 17:22:57.76  115.52  -0.700  26.410   32.194   71.7   8.55  14.000    0.08290    1.96    1.96    2.92
21-07-2024 17:22:58.01  115.66  -0.704  26.408   32.197   71.6   8.55  14.000    0.09918    2.08    2.25    3.24
21-07-2024 17:22:58.25  115.75  -0.708  26.406   32.198   71.6   8.54  14.000    0.07846    2.21    2.13    3.03
21-07-2024 17:22:58.50  115.86  -0.712  26.405   32.200   71.5   8.54  14.000    0.07994    2.01    2.00    3.11
21-07-2024 17:22:58.74  115.98  -0.716  26.403   32.202   71.5   8.53  14.000    0.07402    2.01    2.00    3.11
21-07-2024 17:22:58.99  116.06  -0.719  26.400   32.202   71.4   8.53  14.000    0.07253    1.94    2.63    3.07
21-07-2024 17:22:59.23  116.17  -0.722  26.397   32.200   71.4   8.52  14.000    0.08956    2.28    2.55    3.08
21-07-2024 17:22:59.48  116.28  -0.727  26.394   32.202   71.3   8.52  14.000    0.07846    2.11    2.32    3.21
21-07-2024 17:22:59.72  116.37  -0.731  26.392   32.203   71.3   8.51  14.000    0.07698    2.30    2.33    2.94
21-07-2024 17:22:59.97  116.49  -0.736  26.388   32.204   71.2   8.51  14.000    0.07031    2.10    2.34    3.36
21-07-2024 17:23:00.21  116.58  -0.742  26.385   32.205   71.2   8.50  14.000    0.08808    2.79    1.66    3.46
21-07-2024 17:23:00.46  116.69  -0.748  26.384   32.210   71.1   8.50  14.000    0.08142    2.79    1.66    3.46
21-07-2024 17:23:00.71  116.76  -0.752  26.382   32.211   71.0   8.49  14.000    0.07328    2.03    2.01    3.05
21-07-2024 17:23:00.96  116.89  -0.756  26.380   32.213   71.0   8.48  14.000    0.10880    2.02    1.85    2.88
21-07-2024 17:23:01.20  116.98  -0.760  26.379   32.216   70.9   8.48  14.000    0.08364    2.29    2.03    2.79
21-07-2024 17:23:01.45  117.08  -0.764  26.379   32.220   70.9   8.47  14.000    0.08290    2.20    2.47    2.94
21-07-2024 17:23:01.69  117.19  -0.766  26.378   32.221   70.8   8.46  14.000    0.08882    2.15    2.42    3.24
21-07-2024 17:23:01.94  117.30  -0.767  26.376   32.220   70.8   8.46  14.000    0.08956    2.25    2.30    3.32
21-07-2024 17:23:02.18  117.41  -0.770  26.375   32.221   70.7   8.45  14.000    0.08364    2.25    2.30    3.32
21-07-2024 17:23:02.43  117.52  -0.772  26.373   32.221   70.7   8.45  14.000    0.08216    1.96    2.62    3.04
21-07-2024 17:23:02.67  117.64  -0.775  26.373   32.223   70.6   8.44  14.000    0.08216    2.32    2.63    3.12
21-07-2024 17:23:02.92  117.71  -0.778  26.371   32.225   70.5   8.43  14.000    0.07846    2.19    2.11    3.25
21-07-2024 17:23:03.16  117.80  -0.780  26.370   32.225   70.5   8.43  14.000    0.09548    2.18    2.64    2.82
21-07-2024 17:23:03.41  117.91  -0.782  26.370   32.226   70.4   8.42  14.000    0.08290    2.92    1.88    3.20
21-07-2024 17:23:03.65  118.04  -0.783  26.369   32.227   70.3   8.41  14.000    0.07105    1.96    2.17    3.07
21-07-2024 17:23:03.90  118.13  -0.785  26.368   32.228   70.3   8.41  14.000    0.08216    1.96    2.17    3.07
21-07-2024 17:23:04.15  118.24  -0.787  26.367   32.228   70.2   8.40  14.000    0.08142    1.97    2.25    3.10
21-07-2024 17:23:04.39  118.34  -0.789  26.366   32.229   70.2   8.39  14.000    0.08142    1.86    2.27    3.19
21-07-2024 17:23:04.64  118.42  -0.792  26.365   32.230   70.1   8.39  14.000    0.08364    2.05    2.03    3.17
21-07-2024 17:23:04.89  118.56  -0.793  26.364   32.231   70.0   8.38  14.000    0.08956    2.03    1.82    3.07
21-07-2024 17:23:05.13  118.64  -0.795  26.364   32.233   70.0   8.37  14.000    0.07624    2.05    2.39    3.39
21-07-2024 17:23:05.38  118.75  -0.798  26.363   32.234   69.9   8.36  14.000    0.07031    1.84    1.95    3.13
21-07-2024 17:23:05.62  118.84  -0.800  26.362   32.234   69.9   8.36  14.000    0.09104    1.84    1.95    3.13
21-07-2024 17:23:05.87  118.95  -0.802  26.362   32.237   69.8   8.35  14.000    0.07328    1.75    2.09    3.00
21-07-2024 17:23:06.12  119.06  -0.803  26.362   32.237   69.8   8.35  14.000    0.08956    1.88    2.48    2.89
21-07-2024 17:23:06.36  119.16  -0.803  26.361   32.237   69.7   8.34  14.000    0.07328    2.37    1.95    3.17
21-07-2024 17:23:06.60  119.25  -0.804  26.360   32.237   69.6   8.33  14.000    0.09178    1.94    2.20    3.12
21-07-2024 17:23:06.85  119.36  -0.806  26.359   32.238   69.6   8.32  14.000    0.08660    2.07    1.90    2.89
21-07-2024 17:23:07.09  119.48  -0.807  26.359   32.238   69.5   8.32  14.000    0.08512    2.34    2.48    3.24
21-07-2024 17:23:07.34  119.56  -0.808  26.359   32.239   69.5   8.31  14.000    0.09178    2.34    2.48    3.24
21-07-2024 17:23:07.58  119.65  -0.809  26.358   32.239   69.4   8.30  14.000    0.07920    2.13    2.71    3.29
21-07-2024 17:23:07.84  119.78  -0.810  26.357   32.239   69.3   8.30  14.000    0.06291    2.20    2.13    2.93
21-07-2024 17:23:08.08  119.88  -0.812  26.357   32.240   69.3   8.29  14.000    0.07402    2.21    2.17    2.72
21-07-2024 17:23:08.33  119.99  -0.813  26.356   32.240   69.2   8.28  14.000    0.08290    2.08    2.06    3.24
21-07-2024 17:23:08.58  120.08  -0.814  26.355   32.241   69.2   8.28  14.000    0.08142    1.92    1.83    3.12
21-07-2024 17:23:08.82  120.20  -0.817  26.355   32.243   69.1   8.27  14.000    0.06809    2.03    2.71    2.84
21-07-2024 17:23:09.07  120.28  -0.818  26.354   32.243   69.1   8.27  14.000    0.07920    2.03    2.71    2.84
21-07-2024 17:23:09.31  120.39  -0.820  26.354   32.244   69.0   8.26  14.000    0.07846    2.02    2.20    3.15
21-07-2024 17:23:09.56  120.48  -0.820  26.354   32.245   69.0   8.25  14.000    0.07550    1.80    2.27    3.10
21-07-2024 17:23:09.80  120.60  -0.821  26.353   32.244   68.9   8.25  14.000    0.07253    2.10    1.85    3.21
21-07-2024 17:23:10.05  120.69  -0.823  26.353   32.246   68.9   8.24  14.000    0.10436    1.92    2.04    2.99
21-07-2024 17:23:10.29  120.80  -0.823  26.353   32.247   68.8   8.23  14.000    0.09178    2.36    2.24    3.10
21-07-2024 17:23:10.54  120.89  -0.823  26.354   32.248   68.8   8.23  14.000    0.08586    2.12    2.18    3.28
21-07-2024 17:23:10.78  121.00  -0.823  26.355   32.249   68.7   8.22  14.000    0.07550    2.12    2.18    3.28
21-07-2024 17:23:11.03  121.07  -0.823  26.353   32.246   68.7   8.22  14.000    0.07328    2.19    2.40    2.74
21-07-2024 17:23:11.28  121.19  -0.824  26.351   32.244   68.6   8.21  14.000    0.08882    1.96    2.94    3.26
21-07-2024 17:23:11.53  121.30  -0.827  26.349   32.244   68.6   8.21  14.000    0.07476    2.39    2.05    3.24
21-07-2024 17:23:11.77  121.41  -0.830  26.348   32.247   68.5   8.20  14.000    0.10362    2.04    2.54    3.27
21-07-2024 17:23:12.02  121.49  -0.832  26.348   32.249   68.5   8.20  14.000    0.08660    2.06    2.20    2.58
21-07-2024 17:23:12.27  121.61  -0.834  26.348   32.251   68.4   8.19  14.000    0.08956    1.74    2.14    3.02
21-07-2024 17:23:12.51  121.73  -0.836  26.350   32.255   68.4   8.19  14.000    0.07550    1.74    2.14    3.02
21-07-2024 17:23:12.76  121.83  -0.839  26.350   32.258   68.3   8.18  14.000    0.09548    2.28    2.35    3.02
21-07-2024 17:23:13.00  121.89  -0.841  26.349   32.260   68.3   8.18  14.000    0.08290    2.44    2.49    2.99
21-07-2024 17:23:13.25  121.99  -0.843  26.350   32.263   68.3   8.17  14.000    0.08882    2.16    2.39    2.97
21-07-2024 17:23:13.49  122.13  -0.844  26.350   32.263   68.2   8.17  14.000    0.07624    2.17    2.01    3.19
21-07-2024 17:23:13.74  122.22  -0.845  26.350   32.264   68.2   8.16  14.000    0.07253    1.82    1.83    3.05
21-07-2024 17:23:13.98  122.31  -0.846  26.348   32.263   68.1   8.16  14.000    0.08216    1.97    2.57    3.10
21-07-2024 17:23:14.22  122.43  -0.848  26.348   32.265   68.1   8.15  14.000    0.08142    1.97    2.57    3.10
21-07-2024 17:23:14.47  122.51  -0.850  26.348   32.267   68.0   8.15  14.000    0.06735    1.92    2.74    3.13
21-07-2024 17:23:14.71  122.62  -0.852  26.347   32.268   68.0   8.14  14.000    0.08734    1.93    1.59    2.98
21-07-2024 17:23:14.96  122.74  -0.853  26.348   32.270   67.9   8.14  14.000    0.07994    1.94    2.34    3.26
21-07-2024 17:23:15.21  122.84  -0.855  26.348   32.273   67.9   8.13  14.000    0.10880    1.96    1.75    2.84
21-07-2024 17:23:15.46  122.93  -0.856  26.348   32.275   67.8   8.13  14.000    0.08734    2.16    2.11    3.17
21-07-2024 17:23:15.71  123.03  -0.858  26.348   32.277   67.8   8.12  14.000    0.08438    2.19    2.07    2.95
21-07-2024 17:23:15.95  123.16  -0.861  26.348   32.279   67.8   8.12  14.000    0.08290    2.19    2.07    2.95
21-07-2024 17:23:16.20  123.25  -0.865  26.349   32.285   67.7   8.11  14.000    0.08586    1.97    1.56    2.70
21-07-2024 17:23:16.44  123.35  -0.867  26.350   32.288   67.7   8.11  14.000    0.10362    2.15    2.16    3.03
21-07-2024 17:23:16.69  123.44  -0.869  26.352   32.292   67.6   8.10  14.000    0.09770    1.97    2.46    3.60
21-07-2024 17:23:16.93  123.54  -0.869  26.356   32.298   67.6   8.10  14.000    0.07994    1.95    2.24    3.05
21-07-2024 17:23:17.19  123.63  -0.868  26.359   32.301   67.6   8.09  14.000    0.08956    2.17    2.05    2.98
21-07-2024 17:23:17.42  123.75  -0.867  26.359   32.300   67.5   8.09  14.000    0.08290    2.07    2.23    3.01
21-07-2024 17:23:17.67  123.84  -0.866  26.369   32.312   67.5   8.08  14.000    0.07846    2.07    2.23    3.01
21-07-2024 17:23:17.91  123.92  -0.865  26.374   32.317   67.4   8.08  14.000    0.06143    2.03    2.34    2.89
21-07-2024 17:23:18.16  124.05  -0.864  26.380   32.324   67.4   8.07  14.000    0.07105    2.34    1.93    3.10
21-07-2024 17:23:18.41  124.17  -0.862  26.385   32.329   67.4   8.07  14.000    0.07994    2.19    2.30    3.17
21-07-2024 17:23:18.65  124.28  -0.859  26.387   32.328   67.3   8.06  14.000    0.06513    2.16    1.97    3.06
21-07-2024 17:23:18.90  124.37  -0.856  26.386   32.325   67.3   8.05  14.000    0.06291    1.94    2.41    3.22
21-07-2024 17:23:19.15  124.47  -0.856  26.390   32.329   67.2   8.05  14.000    0.07253    2.06    2.41    3.00
21-07-2024 17:23:19.39  124.60  -0.858  26.391   32.333   67.2   8.04  14.000    0.09400    2.06    2.41    3.00
21-07-2024 17:23:19.64  124.68  -0.858  26.397   32.340   67.2   8.04  14.000    0.07772    2.09    2.06    2.70
21-07-2024 17:23:19.89  124.78  -0.856  26.402   32.344   67.1   8.03  14.000    0.08882    2.22    2.35    3.03
21-07-2024 17:23:20.13  124.88  -0.853  26.403   32.344   67.1   8.03  14.000    0.07994    2.15    2.24    2.99
21-07-2024 17:23:20.38  124.99  -0.851  26.413   32.354   67.1   8.03  14.000    0.08512    1.96    2.45    2.84
21-07-2024 17:23:20.62  125.09  -0.846  26.422   32.362   67.0   8.02  14.000    0.08364    1.68    2.42    3.02
21-07-2024 17:23:20.87  125.21  -0.840  26.433   32.369   67.0   8.01  14.000    0.09696    1.97    2.27    3.06
21-07-2024 17:23:21.11  125.29  -0.832  26.444   32.375   66.9   8.01  14.000    0.08290    1.97    2.27    3.06
21-07-2024 17:23:21.36  125.39  -0.822  26.447   32.369   66.9   8.00  14.000    0.07476    2.01    2.11    3.23
21-07-2024 17:23:21.60  125.52  -0.813  26.452   32.367   66.8   7.99  14.000    0.06735    2.41    2.37    3.24
21-07-2024 17:23:21.85  125.59  -0.807  26.462   32.373   66.8   7.99  14.000    0.08512    2.20    2.01    3.17
21-07-2024 17:23:22.09  125.70  -0.801  26.470   32.377   66.8   7.98  14.000    0.07253    2.02    2.45    3.38
21-07-2024 17:23:22.34  125.83  -0.795  26.472   32.373   66.8   7.98  14.000    0.08586    2.20    2.56    3.28
21-07-2024 17:23:22.59  125.90  -0.791  26.472   32.368   66.7   7.97  14.000    0.09400    2.19    2.38    3.15
21-07-2024 17:23:22.83  126.04  -0.790  26.471   32.367   66.7   7.96  14.000    0.06587    2.19    2.38    3.15
21-07-2024 17:23:23.08  126.11  -0.791  26.472   32.369   66.6   7.96  14.000    0.09696    2.10    2.03    3.30
21-07-2024 17:23:23.33  126.26  -0.792  26.474   32.373   66.6   7.95  14.000    0.06513    1.83    2.51    3.26
21-07-2024 17:23:23.57  126.37  -0.792  26.480   32.381   66.6   7.95  14.000    0.08956    1.90    1.96    3.15
21-07-2024 17:23:23.82  126.43  -0.790  26.488   32.389   66.5   7.95  14.000    0.08882    2.01    2.67    3.30
21-07-2024 17:23:24.06  126.55  -0.786  26.501   32.402   66.5   7.94  14.000    0.09474    1.69    2.43    3.07
21-07-2024 17:23:24.31  126.68  -0.780  26.506   32.402   66.5   7.94  14.000    0.09252    1.62    2.37    2.89
21-07-2024 17:23:24.55  126.77  -0.772  26.512   32.402   66.4   7.93  14.000    0.06587    1.62    2.37    2.89
21-07-2024 17:23:24.80  126.88  -0.765  26.520   32.405   66.4   7.93  14.000    0.09474    2.14    2.22    2.83
21-07-2024 17:23:25.04  126.98  -0.758  26.530   32.412   66.4   7.92  14.000    0.09252    1.93    1.35    3.13
21-07-2024 17:23:25.29  127.07  -0.750  26.540   32.416   66.4   7.92  14.000    0.08364    2.43    2.37    3.15
21-07-2024 17:23:25.53  127.21  -0.739  26.552   32.421   66.3   7.91  14.000    0.06365    2.38    2.10    3.15
21-07-2024 17:23:25.78  127.29  -0.731  26.562   32.425   66.3   7.91  14.000    0.08142    2.15    2.24    3.05
21-07-2024 17:23:26.02  127.40  -0.720  26.569   32.422   66.3   7.90  14.000    0.08142    2.15    2.24    3.05
21-07-2024 17:23:26.27  127.53  -0.709  26.575   32.419   66.2   7.89  14.000    0.06513    2.26    2.42    2.91
21-07-2024 17:23:26.52  127.58  -0.703  26.577   32.414   66.2   7.89  14.000    0.08882    1.93    1.98    2.94
21-07-2024 17:23:26.77  127.72  -0.700  26.586   32.424   66.2   7.88  14.000    0.09030    1.91    2.31    3.21
21-07-2024 17:23:27.01  127.83  -0.695  26.593   32.428   66.2   7.88  14.000    0.07846    2.18    2.07    3.14
21-07-2024 17:23:27.26  127.91  -0.689  26.600   32.431   66.1   7.88  14.000    0.09104    2.16    2.16    2.98
21-07-2024 17:23:27.50  128.02  -0.682  26.605   32.430   66.1   7.87  14.000    0.07920    2.07    2.19    3.03
21-07-2024 17:23:27.75  128.13  -0.677  26.608   32.429   66.1   7.87  14.000    0.08808    2.30    2.12    3.48
21-07-2024 17:23:27.99  128.21  -0.674  26.615   32.434   66.0   7.86  14.000    0.09030    2.30    2.12    3.48
21-07-2024 17:23:28.25  128.34  -0.669  26.617   32.432   66.0   7.86  14.000    0.07772    2.12    2.52    3.09
21-07-2024 17:23:28.49  128.45  -0.665  26.622   32.434   66.0   7.86  14.000    0.07476    1.66    1.92    3.00
21-07-2024 17:23:28.73  128.51  -0.662  26.632   32.444   66.0   7.85  14.000    0.06957    1.87    2.11    3.13
21-07-2024 17:23:28.98  128.63  -0.656  26.649   32.460   66.0   7.85  14.000    0.07846    1.72    2.03    3.27
21-07-2024 17:23:29.22  128.73  -0.648  26.660   32.467   65.9   7.84  14.000    0.07328    2.10    2.23    2.81
21-07-2024 17:23:29.47  128.83  -0.639  26.669   32.469   65.9   7.84  14.000    0.07550    2.10    2.23    2.81
21-07-2024 17:23:29.71  128.93  -0.629  26.675   32.467   65.9   7.83  14.000    0.09030    2.09    2.15    2.88
21-07-2024 17:23:29.96  129.04  -0.618  26.684   32.467   65.9   7.83  14.000    0.08068    1.66    2.35    3.09
21-07-2024 17:23:30.21  129.16  -0.611  26.698   32.477   65.8   7.82  14.000    0.08142    2.09    2.35    3.21
21-07-2024 17:23:30.46  129.25  -0.599  26.715   32.487   65.8   7.82  14.000    0.07550    1.85    1.74    3.33
21-07-2024 17:23:30.70  129.34  -0.585  26.730   32.493   65.8   7.81  14.000    0.09252    2.01    2.34    3.15
21-07-2024 17:23:30.95  129.46  -0.574  26.744   32.499   65.8   7.81  14.000    0.08660    2.02    2.45    3.10
21-07-2024 17:23:31.20  129.55  -0.558  26.757   32.500   65.8   7.80  14.000    0.08364    2.02    2.06    3.18
21-07-2024 17:23:31.44  129.65  -0.542  26.775   32.506   65.7   7.80  14.000    0.08882    2.02    2.06    3.18
21-07-2024 17:23:31.68  129.75  -0.527  26.791   32.511   65.7   7.79  14.000    0.07031    2.01    2.57    3.20
21-07-2024 17:23:31.93  129.85  -0.516  26.809   32.524   65.7   7.79  14.000    0.07772    2.16    2.19    3.03
21-07-2024 17:23:32.17  129.96  -0.499  26.821   32.521   65.7   7.78  14.000    0.07698    2.27    2.22    3.20
21-07-2024 17:23:32.42  130.08  -0.487  26.828   32.519   65.7   7.77  14.000    0.07328    1.95    2.51    2.84
21-07-2024 17:23:32.66  130.14  -0.477  26.835   32.516   65.7   7.77  14.000    0.09104    1.77    2.35    3.20
21-07-2024 17:23:32.91  130.26  -0.466  26.843   32.516   65.6   7.77  14.000    0.07846    1.77    2.35    3.20
21-07-2024 17:23:33.15  130.37  -0.459  26.853   32.521   65.6   7.76  14.000    0.06883    2.06    2.54    3.19
21-07-2024 17:23:33.40  130.48  -0.450  26.864   32.526   65.6   7.76  14.000    0.08808    2.01    2.32    3.11
21-07-2024 17:23:33.65  130.57  -0.442  26.877   32.535   65.6   7.76  14.000    0.06957    1.79    2.32    2.98
21-07-2024 17:23:33.89  130.68  -0.433  26.886   32.537   65.6   7.75  14.000    0.08512    2.16    1.69    3.16
21-07-2024 17:23:34.14  130.77  -0.423  26.895   32.538   65.6   7.75  14.000    0.08290    1.73    2.20    3.03
21-07-2024 17:23:34.39  130.91  -0.413  26.917   32.557   65.6   7.74  14.000    0.07994    2.48    2.24    3.00
21-07-2024 17:23:34.63  130.97  -0.399  26.943   32.576   65.5   7.74  14.000    0.08808    2.48    2.24    3.00
21-07-2024 17:23:34.88  131.10  -0.382  26.960   32.580   65.5   7.73  14.000    0.07772    1.96    2.43    2.94
21-07-2024 17:23:35.12  131.18  -0.362  26.971   32.573   65.5   7.73  14.000    0.09844    2.27    2.65    3.00
21-07-2024 17:23:35.37  131.27  -0.346  26.980   32.569   65.5   7.72  14.000    0.07476    2.08    2.32    3.16
21-07-2024 17:23:35.61  131.42  -0.335  26.989   32.568   65.5   7.72  14.000    0.06365    2.05    2.40    3.12
21-07-2024 17:23:35.86  131.51  -0.323  26.997   32.567   65.5   7.72  14.000    0.07698    2.20    2.41    2.87
21-07-2024 17:23:36.10  131.59  -0.313  27.009   32.572   65.5   7.71  14.000    0.06513    2.38    2.44    3.37
21-07-2024 17:23:36.35  131.72  -0.304  27.027   32.585   65.4   7.71  14.000    0.07624    2.38    2.44    3.37
21-07-2024 17:23:36.59  131.82  -0.292  27.055   32.611   65.4   7.70  14.000    0.07846    1.97    2.24    3.17
21-07-2024 17:23:36.84  131.90  -0.272  27.075   32.616   65.4   7.70  14.000    0.07846    2.27    2.56    2.92
21-07-2024 17:23:37.08  132.03  -0.254  27.095   32.622   65.4   7.69  14.000    0.07920    1.98    1.81    3.12
21-07-2024 17:23:37.34  132.16  -0.235  27.116   32.630   65.4   7.68  14.000    0.07253    2.17    2.27    2.94
21-07-2024 17:23:37.58  132.24  -0.217  27.133   32.633   65.4   7.68  14.000    0.08734    1.95    2.41    3.21
21-07-2024 17:23:37.83  132.33  -0.199  27.149   32.636   65.4   7.67  14.000    0.07994    2.19    2.27    2.99
21-07-2024 17:23:38.08  132.41  -0.188  27.171   32.653   65.4   7.67  14.000    0.08808    2.19    2.27    2.99
21-07-2024 17:23:38.32  132.52  -0.171  27.190   32.659   65.4   7.67  14.000    0.08586    2.05    2.04    2.99
21-07-2024 17:23:38.57  132.61  -0.153  27.210   32.666   65.4   7.66  14.000    0.10214    2.17    2.75    2.86
21-07-2024 17:23:38.81  132.75  -0.133  27.230   32.671   65.3   7.66  14.000    0.08142    2.12    2.36    3.00
21-07-2024 17:23:39.07  132.84  -0.115  27.240   32.666   65.3   7.65  14.000    0.07476    2.22    2.14    3.37
21-07-2024 17:23:39.30  132.91  -0.096  27.250   32.658   65.3   7.65  14.000    0.08512    2.28    2.40    3.15
21-07-2024 17:23:39.55  133.03  -0.083  27.261   32.658   65.3   7.64  14.000    0.06957    2.28    2.50    2.98
21-07-2024 17:23:39.79  133.13  -0.071  27.274   32.663   65.3   7.64  14.000    0.07328    2.28    2.50    2.98
21-07-2024 17:23:40.04  133.25  -0.063  27.285   32.668   65.3   7.63  14.000    0.07624    2.17    2.56    3.13
21-07-2024 17:23:40.28  133.35  -0.048  27.292   32.661   65.3   7.63  14.000    0.07031    2.16    2.36    2.71
21-07-2024 17:23:40.53  133.45  -0.040  27.298   32.661   65.3   7.63  14.000    0.09178    2.18    2.54    3.04
21-07-2024 17:23:40.77  133.52  -0.035  27.311   32.674   65.3   7.63  14.000    0.08660    2.31    2.30    3.11
21-07-2024 17:23:41.03  133.63  -0.026  27.319   32.673   65.3   7.62  14.000    0.07476    2.07    2.45    2.92
21-07-2024 17:23:41.27  133.72  -0.015  27.327   32.672   65.3   7.62  14.000    0.08808    2.09    1.87    2.84
21-07-2024 17:23:41.52  133.85  -0.006  27.333   32.671   65.2   7.62  14.000    0.07476    2.09    1.87    2.84
21-07-2024 17:23:41.76  133.91   0.001  27.343   32.676   65.2   7.61  14.000    0.07476    2.31    2.82    3.18
21-07-2024 17:23:42.01  134.05   0.009  27.351   32.678   65.2   7.61  14.000    0.09844    2.09    2.17    3.34
21-07-2024 17:23:42.25  134.13   0.017  27.362   32.685   65.2   7.61  14.000    0.07846    1.81    2.66    3.12
21-07-2024 17:23:42.50  134.25   0.026  27.374   32.691   65.2   7.61  14.000    0.07624    2.18    2.18    3.27
21-07-2024 17:23:42.74  134.36   0.035  27.387   32.698   65.2   7.60  14.000    0.07179    2.26    2.05    2.94
21-07-2024 17:23:42.99  134.44   0.046  27.398   32.700   65.2   7.60  14.000    0.06809    2.03    2.17    3.16
21-07-2024 17:23:43.23  134.54   0.055  27.411   32.708   65.2   7.59  14.000    0.08512    2.03    2.17    3.16
21-07-2024 17:23:43.48  134.62   0.066  27.423   32.712   65.2   7.59  14.000    0.08734    2.10    2.42    3.18
21-07-2024 17:23:43.72  134.75   0.077  27.443   32.726   65.1   7.59  14.000    0.08660    2.08    2.61    2.98
21-07-2024 17:23:43.97  134.85   0.095  27.466   32.737   65.1   7.58  14.000    0.09030    2.18    2.50    3.06
21-07-2024 17:23:44.21  134.96   0.108  27.491   32.756   65.1   7.58  14.000    0.10288    1.86    2.20    3.22
21-07-2024 17:23:44.46  135.04   0.124  27.536   32.799   65.1   7.57  14.000    0.07846    1.89    2.30    3.51
21-07-2024 17:23:44.71  135.12   0.155  27.572   32.812   65.1   7.56  14.000    0.07328    2.07    2.48    3.17
21-07-2024 17:23:44.96  135.26   0.194  27.601   32.809   65.1   7.55  14.000    0.08956    2.07    2.48    3.17
21-07-2024 17:23:45.21  135.34   0.226  27.624   32.805   65.1   7.55  14.000    0.08364    2.23    2.14    3.10
21-07-2024 17:23:45.45  135.46   0.250  27.642   32.802   65.1   7.54  14.000    0.07550    1.84    2.68    3.14
21-07-2024 17:23:45.70  135.54   0.269  27.668   32.816   65.1   7.53  14.000    0.08660    1.94    2.86    3.09
21-07-2024 17:23:45.94  135.63   0.289  27.697   32.833   65.1   7.53  14.000    0.08290    2.21    2.10    3.34
21-07-2024 17:23:46.19  135.76   0.315  27.718   32.832   65.0   7.52  14.000    0.07402    2.16    2.33    3.33
21-07-2024 17:23:46.43  135.84   0.339  27.732   32.825   65.0   7.52  14.000    0.08808    2.19    1.88    2.72
21-07-2024 17:23:46.68  135.95   0.360  27.738   32.811   65.0   7.51  14.000    0.07328    2.19    1.88    2.72
21-07-2024 17:23:46.92  136.06   0.371  27.743   32.805   65.0   7.50  14.000    0.08586    1.86    2.03    3.22
21-07-2024 17:23:47.17  136.16   0.380  27.749   32.803   65.0   7.50  14.000    0.07550    2.19    2.39    3.16
21-07-2024 17:23:47.41  136.25   0.387  27.757   32.806   65.0   7.50  14.000    0.06883    1.95    2.38    2.71
21-07-2024 17:23:47.66  136.34   0.395  27.762   32.805   65.0   7.50  14.000    0.09992    2.04    2.23    3.07
21-07-2024 17:23:47.90  136.44   0.400  27.777   32.818   65.0   7.50  14.000    0.07402    2.06    2.20    3.05
21-07-2024 17:23:48.15  136.57   0.410  27.803   32.841   64.9   7.49  14.000    0.09178    2.16    1.76    3.01
21-07-2024 17:23:48.40  136.64   0.424  27.823   32.852   64.9   7.48  14.000    0.06735    2.16    1.76    3.01
21-07-2024 17:23:48.64  136.76   0.440  27.848   32.869   64.9   7.48  14.000    0.06661    2.19    2.51    2.99
21-07-2024 17:23:48.89  136.86   0.460  27.868   32.872   64.9   7.47  14.000    0.08586    2.17    2.17    3.18
21-07-2024 17:23:49.14  136.96   0.480  27.882   32.870   64.9   7.47  14.000    0.07031    2.14    2.14    3.04
21-07-2024 17:23:49.38  137.06   0.495  27.893   32.867   64.9   7.46  14.000    0.09104    2.19    2.40    3.04
21-07-2024 17:23:49.63  137.16   0.509  27.902   32.865   64.8   7.46  14.000    0.07772    2.26    2.52    2.77
21-07-2024 17:23:49.88  137.28   0.521  27.913   32.866   64.8   7.45  14.000    0.09104    2.03    2.53    3.23
21-07-2024 17:23:50.13  137.39   0.532  27.918   32.861   64.8   7.45  14.000    0.08290    2.03    2.53    3.23
21-07-2024 17:23:50.36  137.46   0.537  27.932   32.874   64.8   7.44  14.000    0.07253    2.05    2.11    3.09
21-07-2024 17:23:50.61  137.59   0.546  27.945   32.881   64.8   7.44  14.000    0.10362    2.14    2.16    3.25
21-07-2024 17:23:50.85  137.68   0.557  27.958   32.886   64.7   7.43  14.000    0.06661    2.25    2.16    3.08
21-07-2024 17:23:51.10  137.79   0.568  27.969   32.888   64.7   7.43  14.000    0.08808    2.14    2.24    3.12
21-07-2024 17:23:51.34  137.89   0.580  27.983   32.893   64.7   7.42  14.000    0.08512    2.32    2.17    2.90
21-07-2024 17:23:51.59  137.97   0.592  27.995   32.896   64.7   7.42  14.000    0.09104    2.05    2.16    3.31
21-07-2024 17:23:51.83  138.09   0.602  28.009   32.904   64.6   7.41  14.000    0.07624    2.05    2.16    3.31
21-07-2024 17:23:52.09  138.20   0.612  28.019   32.906   64.6   7.41  14.000    0.08142    2.15    2.38    3.06
21-07-2024 17:23:52.33  138.28   0.622  28.031   32.911   64.6   7.40  14.000    0.08660    2.27    2.19    3.10
21-07-2024 17:23:52.58  138.40   0.633  28.043   32.915   64.6   7.40  14.000    0.07772    1.94    1.92    3.11
21-07-2024 17:23:52.83  138.50   0.642  28.053   32.919   64.6   7.40  14.000    0.09770    1.91    2.14    3.13
21-07-2024 17:23:53.07  138.60   0.652  28.061   32.918   64.5   7.39  14.000    0.08068    2.02    2.18    3.06
21-07-2024 17:23:53.32  138.71   0.663  28.066   32.913   64.5   7.39  14.000    0.07698    1.92    1.90    3.14
21-07-2024 17:23:53.56  138.80   0.673  28.074   32.912   64.5   7.38  14.000    0.07920    1.92    1.90    3.14
21-07-2024 17:23:53.81  138.90   0.679  28.079   32.911   64.5   7.38  14.000    0.07846    2.37    2.49    3.13
21-07-2024 17:23:54.05  138.97   0.684  28.083   32.911   64.4   7.37  14.000    0.08660    2.09    1.86    3.13
21-07-2024 17:23:54.30  139.07   0.689  28.089   32.915   64.4   7.37  14.000    0.06661    2.14    2.46    3.02
21-07-2024 17:23:54.54  139.20   0.694  28.100   32.923   64.4   7.37  14.000    0.06957    1.85    2.44    2.85
21-07-2024 17:23:54.79  139.31   0.701  28.115   32.935   64.4   7.36  14.000    0.07994    2.04    2.11    2.85
21-07-2024 17:23:55.03  139.36   0.708  28.125   32.940   64.4   7.36  14.000    0.08808    2.12    2.23    3.17
21-07-2024 17:23:55.28  139.49   0.720  28.138   32.945   64.3   7.35  14.000    0.07772    2.12    2.23    3.17
21-07-2024 17:23:55.52  139.59   0.730  28.151   32.950   64.3   7.35  14.000    0.07994    2.12    2.30    3.08
21-07-2024 17:23:55.77  139.68   0.744  28.164   32.952   64.3   7.34  14.000    0.08808    1.99    1.58    2.90
21-07-2024 17:23:56.02  139.80   0.753  28.174   32.956   64.2   7.34  14.000    0.08660    2.34    2.24    3.35
21-07-2024 17:23:56.27  139.90   0.766  28.184   32.955   64.2   7.33  14.000    0.07994    2.28    2.30    2.65
21-07-2024 17:23:56.51  140.02   0.774  28.194   32.959   64.2   7.33  14.000    0.07550    2.15    2.09    3.10
21-07-2024 17:23:56.76  140.11   0.781  28.202   32.962   64.2   7.33  14.000    0.07920    2.03    2.24    2.88
21-07-2024 17:23:57.00  140.19   0.793  28.210   32.959   64.2   7.32  14.000    0.06883    2.03    2.24    2.88
21-07-2024 17:23:57.25  140.31   0.800  28.216   32.960   64.2   7.32  14.000    0.07698    1.82    1.96    3.17
21-07-2024 17:23:57.50  140.42   0.809  28.226   32.963   64.1   7.31  14.000    0.06809    2.08    2.64    3.12
21-07-2024 17:23:57.74  140.50   0.816  28.237   32.970   64.1   7.31  14.000    0.08364    2.01    2.21    2.99
21-07-2024 17:23:57.99  140.62   0.824  28.244   32.971   64.1   7.30  14.000    0.09178    2.16    2.16    3.03
21-07-2024 17:23:58.23  140.75   0.832  28.250   32.968   64.0   7.30  14.000    0.08364    2.19    2.60    3.10
21-07-2024 17:23:58.48  140.83   0.837  28.253   32.968   64.0   7.30  14.000    0.09992    2.37    2.62    3.12
21-07-2024 17:23:58.72  140.90   0.842  28.257   32.967   64.0   7.29  14.000    0.08216    2.37    2.62    3.12
21-07-2024 17:23:58.97  141.06   0.846  28.263   32.971   64.0   7.29  14.000    0.07846    1.97    2.40    3.28
21-07-2024 17:23:59.21  141.13   0.851  28.281   32.988   64.0   7.29  14.000    0.07698    2.24    2.34    3.17
21-07-2024 17:23:59.46  141.27   0.860  28.290   32.990   63.9   7.28  14.000    0.05921    1.87    2.35    2.96
21-07-2024 17:23:59.71  141.36   0.868  28.304   33.001   63.9   7.28  14.000    0.07476    2.27    2.41    3.09
21-07-2024 17:23:59.96  141.47   0.880  28.311   32.996   63.9   7.27  14.000    0.07994    2.27    2.34    3.13
21-07-2024 17:24:00.20  141.59   0.890  28.321   32.998   63.9   7.27  14.000    0.07624    2.10    2.22    3.19
21-07-2024 17:24:00.45  141.68   0.896  28.334   33.009   63.8   7.26  14.000    0.08068    2.10    2.22    3.19
21-07-2024 17:24:00.69  141.80   0.906  28.346   33.014   63.8   7.26  14.000    0.07994    2.16    2.49    3.17
21-07-2024 17:24:00.94  141.90   0.918  28.357   33.014   63.8   7.25  14.000    0.07031    2.05    2.51    2.97
21-07-2024 17:24:01.19  141.97   0.928  28.367   33.018   63.8   7.25  14.000    0.08068    2.39    2.43    2.83
21-07-2024 17:24:01.43  142.10   0.937  28.379   33.022   63.8   7.24  14.000    0.08438    2.41    2.23    2.89
21-07-2024 17:24:01.67  142.19   0.950  28.387   33.019   63.7   7.24  14.000    0.07920    2.11    2.54    3.13
21-07-2024 17:24:01.92  142.31   0.959  28.391   33.015   63.7   7.23  14.000    0.10214    2.07    2.39    3.21
21-07-2024 17:24:02.16  142.41   0.966  28.398   33.017   63.7   7.23  14.000    0.05995    2.07    2.39    3.21
21-07-2024 17:24:02.41  142.52   0.971  28.403   33.018   63.7   7.23  14.000    0.06661    2.33    2.40    3.36
21-07-2024 17:24:02.65  142.63   0.976  28.414   33.026   63.6   7.22  14.000    0.08586    1.90    2.39    2.90
21-07-2024 17:24:02.90  142.71   0.984  28.429   33.037   63.6   7.22  14.000    0.08216    2.42    2.24    2.95
21-07-2024 17:24:03.15  142.80   0.991  28.444   33.048   63.6   7.22  14.000    0.07105    1.64    2.28    3.01
21-07-2024 17:24:03.39  142.94   1.003  28.457   33.053   63.6   7.21  14.000    0.07994    1.93    2.60    3.07
21-07-2024 17:24:03.64  143.02   1.018  28.471   33.055   63.6   7.20  14.000    0.07624    2.19    2.10    3.23
21-07-2024 17:24:03.89  143.12   1.033  28.484   33.056   63.5   7.20  14.000    0.07550    2.19    2.10    3.23
21-07-2024 17:24:04.14  143.23   1.044  28.499   33.062   63.5   7.19  14.000    0.07624    2.26    2.51    2.83
21-07-2024 17:24:04.38  143.33   1.057  28.515   33.069   63.5   7.19  14.000    0.08882    2.25    2.73    3.48
21-07-2024 17:24:04.63  143.46   1.068  28.527   33.073   63.4   7.18  14.000    0.07994    1.74    2.12    3.30
21-07-2024 17:24:04.87  143.58   1.079  28.535   33.072   63.4   7.18  14.000    0.06735    1.95    2.25    3.23
21-07-2024 17:24:05.12  143.66   1.089  28.541   33.068   63.4   7.17  14.000    0.08290    2.07    2.28    2.81
21-07-2024 17:24:05.36  143.79   1.097  28.550   33.072   63.3   7.16  14.000    0.08438    1.92    1.97    2.89
21-07-2024 17:24:05.60  143.87   1.105  28.554   33.068   63.3   7.16  14.000    0.05403    1.92    1.97    2.89
21-07-2024 17:24:05.85  143.99   1.111  28.560   33.069   63.3   7.16  14.000    0.06069    2.13    1.78    3.19
21-07-2024 17:24:06.10  144.09   1.116  28.565   33.071   63.3   7.15  14.000    0.07253    2.16    2.53    3.06
21-07-2024 17:24:06.34  144.20   1.120  28.571   33.073   63.3   7.15  14.000    0.07846    2.12    2.33    2.87
21-07-2024 17:24:06.59  144.28   1.126  28.576   33.074   63.2   7.14  14.000    0.07031    2.04    2.43    2.96
21-07-2024 17:24:06.84  144.41   1.131  28.584   33.079   63.2   7.14  14.000    0.06217    1.94    1.78    3.21
21-07-2024 17:24:07.08  144.52   1.135  28.588   33.079   63.2   7.14  14.000    0.09326    1.92    2.31    2.84
21-07-2024 17:24:07.33  144.62   1.140  28.597   33.085   63.1   7.13  14.000    0.07920    1.92    2.31    2.84
21-07-2024 17:24:07.58  144.73   1.147  28.602   33.084   63.1   7.13  14.000    0.08882    2.16    2.53    2.78
21-07-2024 17:24:07.82  144.84   1.153  28.605   33.081   63.1   7.12  14.000    0.07994    2.09    2.00    3.16
21-07-2024 17:24:08.07  144.92   1.158  28.611   33.084   63.0   7.12  14.000    0.07476    2.38    2.41    2.68
21-07-2024 17:24:08.31  145.04   1.161  28.615   33.086   63.0   7.11  14.000    0.07105    2.38    1.95    3.10
21-07-2024 17:24:08.56  145.17   1.165  28.621   33.090   63.0   7.11  14.000    0.06883    2.25    2.05    3.18
21-07-2024 17:24:08.81  145.24   1.170  28.632   33.098   63.0   7.10  14.000    0.07772    2.21    2.74    3.00
21-07-2024 17:24:09.05  145.33   1.178  28.640   33.101   62.9   7.10  14.000    0.06365    2.21    2.74    3.00
21-07-2024 17:24:09.29  145.46   1.184  28.652   33.108   62.9   7.10  14.000    0.07402    2.33    1.90    3.05
21-07-2024 17:24:09.54  145.56   1.192  28.665   33.117   62.9   7.09  14.000    0.07105    2.02    2.23    2.94
21-07-2024 17:24:09.78  145.67   1.205  28.675   33.115   62.8   7.08  14.000    0.07402    1.94    2.58    3.14
21-07-2024 17:24:10.03  145.75   1.216  28.680   33.110   62.8   7.08  14.000    0.05181    1.99    2.33    3.23
21-07-2024 17:24:10.27  145.87   1.222  28.683   33.108   62.8   7.08  14.000    0.08734    2.18    1.89    3.20
21-07-2024 17:24:10.53  145.97   1.227  28.683   33.103   62.8   7.07  14.000    0.07846    1.78    2.24    3.34
21-07-2024 17:24:10.77  146.05   1.229  28.686   33.104   62.8   7.07  14.000    0.06735    1.78    2.24    3.34
21-07-2024 17:24:11.02  146.16   1.232  28.688   33.104   62.7   7.07  14.000    0.08512    2.10    2.67    3.06
21-07-2024 17:24:11.27  146.27   1.233  28.691   33.106   62.7   7.06  14.000    0.08734    2.21    2.06    3.11
21-07-2024 17:24:11.51  146.35   1.235  28.694   33.107   62.7   7.06  14.000    0.07624    1.88    2.21    3.10
21-07-2024 17:24:11.76  146.44   1.239  28.696   33.106   62.6   7.06  14.000    0.07550    1.99    2.27    3.29
21-07-2024 17:24:12.00  146.59   1.241  28.701   33.110   62.6   7.05  14.000    0.07994    2.48    2.18    3.16
21-07-2024 17:24:12.25  146.71   1.244  28.705   33.112   62.6   7.05  14.000    0.07698    1.68    2.13    2.96
21-07-2024 17:24:12.49  146.78   1.247  28.709   33.114   62.6   7.05  14.000    0.08364    1.68    2.13    2.96
21-07-2024 17:24:12.74  146.89   1.250  28.714   33.117   62.6   7.05  14.000    0.08216    1.96    1.90    3.13
21-07-2024 17:24:12.98  146.99   1.255  28.717   33.115   62.5   7.04  14.000    0.07772    2.11    1.89    2.90
21-07-2024 17:24:13.23  147.08   1.258  28.721   33.117   62.5   7.04  14.000    0.07772    1.95    2.58    3.20
21-07-2024 17:24:13.47  147.15   1.261  28.723   33.116   62.5   7.04  14.000    0.07772    2.23    1.97    3.04
21-07-2024 17:24:13.72  147.29   1.263  28.726   33.119   62.5   7.03  14.000    0.07402    1.80    2.15    3.12
21-07-2024 17:24:13.96  147.40   1.265  28.729   33.120   62.5   7.03  14.000    0.07920    1.80    2.15    3.12
21-07-2024 17:24:14.21  147.48   1.267  28.736   33.127   62.5   7.03  14.000    0.07328    2.01    2.25    3.26
21-07-2024 17:24:14.46  147.61   1.272  28.748   33.136   62.5   7.03  14.000    0.07994    1.87    2.60    3.08
21-07-2024 17:24:14.71  147.70   1.280  28.763   33.147   62.4   7.02  14.000    0.07179    2.25    2.10    3.38
21-07-2024 17:24:14.95  147.80   1.288  28.777   33.156   62.4   7.02  14.000    0.07994    1.96    2.40    3.05
21-07-2024 17:24:15.20  147.91   1.299  28.793   33.164   62.4   7.02  14.000    0.07105    2.43    2.06    3.22
21-07-2024 17:24:15.45  148.02   1.312  28.813   33.176   62.4   7.01  14.000    0.07846    2.27    2.06    3.33
21-07-2024 17:24:15.69  148.13   1.330  28.823   33.170   62.4   7.01  14.000    0.08364    2.27    2.06    3.33
21-07-2024 17:24:15.94  148.20   1.343  28.829   33.164   62.4   7.00  14.000    0.08216    2.00    2.07    3.28
21-07-2024 17:24:16.18  148.35   1.353  28.831   33.156   62.4   7.00  14.000    0.09474    2.28    2.18    2.71
21-07-2024 17:24:16.43  148.41   1.359  28.833   33.152   62.3   7.00  14.000    0.07920    2.09    2.24    3.00
21-07-2024 17:24:16.67  148.52   1.362  28.838   33.155   62.3   7.00  14.000    0.06365    2.04    1.63    3.09
21-07-2024 17:24:16.92  148.61   1.366  28.841   33.155   62.3   7.00  14.000    0.07402    2.14    2.01    3.34
21-07-2024 17:24:17.16  148.66   1.369  28.849   33.161   62.3   6.99  14.000    0.07476    2.03    2.85    2.87
21-07-2024 17:24:17.40  148.84   1.374  28.857   33.167   62.3   6.99  14.000    0.06513    2.03    2.85    2.87
21-07-2024 17:24:17.65  148.89   1.380  28.870   33.176   62.3   6.99  14.000    0.08438    2.03    2.44    3.28
21-07-2024 17:24:17.90  149.02   1.387  28.879   33.180   62.3   6.99  14.000    0.08734    1.90    2.01    3.07
21-07-2024 17:24:18.15  149.11   1.396  28.882   33.175   62.3   6.98  14.000    0.07920    2.05    2.23    2.90
21-07-2024 17:24:18.40  149.20   1.402  28.890   33.178   62.3   6.98  14.000    0.06957    2.07    1.97    3.18
21-07-2024 17:24:18.64  149.35   1.409  28.894   33.176   62.3   6.98  14.000    0.07253    1.92    1.82    2.73
21-07-2024 17:24:18.89  149.41   1.415  28.898   33.175   62.2   6.98  14.000    0.08142    1.73    1.91    3.17
21-07-2024 17:24:19.13  149.52   1.418  28.902   33.176   62.2   6.97  14.000    0.08734    1.73    1.91    3.17
21-07-2024 17:24:19.38  149.57   1.422  28.909   33.181   62.2   6.97  14.000    0.07920    2.07    2.00    3.23
21-07-2024 17:24:19.62  149.73   1.427  28.913   33.181   62.2   6.97  14.000    0.10140    1.93    1.77    3.15
21-07-2024 17:24:19.87  149.77   1.432  28.918   33.182   62.2   6.97  14.000    0.08512    2.22    2.42    2.76
21-07-2024 17:24:20.11  149.90   1.435  28.925   33.187   62.2   6.97  14.000    0.05625    1.93    2.12    3.17
21-07-2024 17:24:20.36  150.02   1.439  28.926   33.185   62.2   6.96  14.000    0.08068    2.22    3.16    3.04
21-07-2024 17:24:20.60  150.08   1.443  28.928   33.183   62.1   6.96  14.000    0.07031    1.77    2.26    2.93
21-07-2024 17:24:20.85  150.21   1.446  28.933   33.185   62.1   6.96  14.000    0.08216    1.77    2.26    2.93
21-07-2024 17:24:21.09  150.26   1.449  28.938   33.189   62.1   6.95  14.000    0.07846    2.16    2.54    3.06
21-07-2024 17:24:21.34  150.45   1.453  28.949   33.198   62.1   6.95  14.000    0.07920    2.19    2.38    2.93
21-07-2024 17:24:21.59  150.54   1.460  28.947   33.189   62.1   6.95  14.000    0.07846    1.83    2.37    3.38
21-07-2024 17:24:21.83  150.64   1.464  28.950   33.188   62.1   6.95  14.000    0.08512    2.00    2.27    3.44
21-07-2024 17:24:22.08  150.73   1.466  28.956   33.193   62.0   6.94  14.000    0.06809    2.20    2.32    3.31
21-07-2024 17:24:22.33  150.85   1.471  28.967   33.202   62.0   6.94  14.000    0.08364    2.20    2.40    3.17
21-07-2024 17:24:22.57  150.91   1.477  28.982   33.214   62.0   6.94  14.000    0.07920    2.20    2.40    3.17
21-07-2024 17:24:22.82  151.03   1.486  28.993   33.218   62.0   6.93  14.000    0.08290    2.21    1.82    3.18
21-07-2024 17:24:23.07  151.12   1.495  28.997   33.215   62.0   6.93  14.000    0.09030    2.42    2.14    3.35
21-07-2024 17:24:23.31  151.22   1.505  29.001   33.209   62.0   6.93  14.000    0.07179    2.31    2.35    3.00
21-07-2024 17:24:23.55  151.35   1.511  29.005   33.207   61.9   6.92  14.000    0.08438    1.92    2.30    3.13
21-07-2024 17:24:23.80  151.46   1.515  29.008   33.206   61.9   6.92  14.000    0.08660    2.31    2.05    3.17
21-07-2024 17:24:24.04  151.55   1.518  29.018   33.217   61.9   6.92  14.000    0.07624    1.78    2.72    3.08
21-07-2024 17:24:24.29  151.67   1.523  29.031   33.227   61.9   6.92  14.000    0.07328    1.78    2.72    3.08
21-07-2024 17:24:24.53  151.74   1.531  29.044   33.235   61.9   6.91  14.000    0.07253    2.30    1.64    2.98
21-07-2024 17:24:24.78  151.83   1.540  29.053   33.237   61.9   6.91  14.000    0.07772    2.26    2.39    3.38
21-07-2024 17:24:25.02  151.94   1.550  29.055   33.229   61.9   6.91  14.000    0.08290    1.91    2.53    3.32
21-07-2024 17:24:25.28  152.07   1.557  29.059   33.227   61.8   6.90  14.000    0.07328    1.96    1.79    2.98
21-07-2024 17:24:25.52  152.17   1.562  29.062   33.225   61.8   6.90  14.000    0.06957    2.10    2.27    3.17
21-07-2024 17:24:25.77  152.23   1.566  29.063   33.223   61.8   6.90  14.000    0.06143    2.43    2.22    3.12
21-07-2024 17:24:26.01  152.38   1.568  29.064   33.221   61.8   6.89  14.000    0.06883    2.43    2.22    3.12
21-07-2024 17:24:26.26  152.47   1.570  29.066   33.222   61.8   6.89  14.000    0.07105    2.27    2.53    3.23
21-07-2024 17:24:26.51  152.57   1.572  29.068   33.222   61.7   6.89  14.000    0.07624    2.33    2.18    3.14
21-07-2024 17:24:26.75  152.68   1.574  29.073   33.227   61.7   6.89  14.000    0.07253    1.92    2.19    3.31
21-07-2024 17:24:27.00  152.81   1.577  29.079   33.230   61.7   6.89  14.000    0.08808    2.19    2.48    2.89
21-07-2024 17:24:27.24  152.87   1.580  29.095   33.247   61.7   6.88  14.000    0.07550    1.62    2.25    3.16
21-07-2024 17:24:27.49  153.01   1.588  29.106   33.252   61.7   6.88  14.000    0.07179    1.84    1.96    2.86
21-07-2024 17:24:27.73  153.09   1.597  29.112   33.251   61.7   6.87  14.000    0.07253    1.84    1.96    2.86
21-07-2024 17:24:27.98  153.22   1.603  29.116   33.249   61.7   6.87  14.000    0.06735    1.88    1.88    3.07
21-07-2024 17:24:28.22  153.28   1.609  29.119   33.247   61.6   6.87  14.000    0.07846    2.08    2.88    3.13
21-07-2024 17:24:28.47  153.41   1.614  29.131   33.256   61.6   6.87  14.000    0.06957    2.20    2.42    3.03
21-07-2024 17:24:28.71  153.50   1.620  29.143   33.264   61.6   6.86  14.000    0.11694    2.18    2.09    3.22
21-07-2024 17:24:28.96  153.62   1.629  29.151   33.266   61.6   6.86  14.000    0.07031    2.05    1.69    3.21
21-07-2024 17:24:29.21  153.71   1.637  29.167   33.278   61.6   6.86  14.000    0.07031    2.25    2.41    2.93
21-07-2024 17:24:29.46  153.80   1.648  29.187   33.292   61.5   6.85  14.000    0.06439    2.25    2.41    2.93
21-07-2024 17:24:29.70  153.95   1.662  29.209   33.305   61.5   6.85  14.000    0.07105    2.16    2.87    3.26
21-07-2024 17:24:29.95  154.05   1.682  29.222   33.300   61.5   6.84  14.000    0.06513    2.01    2.21    3.03
21-07-2024 17:24:30.19  154.12   1.697  29.229   33.293   61.5   6.83  14.000    0.07846    2.12    2.42    3.20
21-07-2024 17:24:30.44  154.23   1.709  29.237   33.290   61.5   6.83  14.000    0.08808    2.13    2.53    3.01
21-07-2024 17:24:30.68  154.34   1.717  29.242   33.287   61.4   6.83  14.000    0.06661    2.27    1.47    3.29
21-07-2024 17:24:30.93  154.49   1.723  29.253   33.294   61.4   6.83  14.000    0.06069    1.87    2.35    2.85
21-07-2024 17:24:31.17  154.53   1.731  29.260   33.295   61.4   6.82  14.000    0.08142    1.87    2.35    2.85
21-07-2024 17:24:31.42  154.66   1.740  29.273   33.302   61.4   6.82  14.000    0.08882    1.67    2.43    3.23
21-07-2024 17:24:31.66  154.77   1.747  29.277   33.299   61.4   6.82  14.000    0.07476    2.04    2.98    2.96
21-07-2024 17:24:31.91  154.85   1.756  29.287   33.302   61.4   6.82  14.000    0.07105    2.02    2.09    3.20
21-07-2024 17:24:32.15  154.96   1.763  29.294   33.304   61.4   6.81  14.000    0.07994    2.26    2.21    3.19
21-07-2024 17:24:32.40  155.01   1.772  29.304   33.307   61.4   6.81  14.000    0.06809    1.95    2.06    3.03
21-07-2024 17:24:32.65  155.10   1.780  29.312   33.308   61.3   6.80  14.000    0.07328    2.26    2.59    2.94
21-07-2024 17:24:32.90  155.26   1.785  29.330   33.326   61.4   6.80  14.000    0.09104    2.26    2.59    2.94
21-07-2024 17:24:33.15  155.33   1.791  29.351   33.346   61.3   6.80  14.000    0.07994    2.28    2.42    3.06
21-07-2024 17:24:33.39  155.40   1.814  29.374   33.351   61.3   6.79  14.000    0.06809    1.70    2.47    3.12
21-07-2024 17:24:33.64  155.49   1.830  29.384   33.347   61.3   6.79  14.000    0.07105    2.22    2.04    2.82
21-07-2024 17:24:33.88  155.63   1.842  29.393   33.344   61.3   6.78  14.000    0.09844    2.02    1.92    3.14
21-07-2024 17:24:34.13  155.67   1.851  29.401   33.344   61.3   6.78  14.000    0.08068    2.15    2.28    3.37
21-07-2024 17:24:34.37  155.80   1.863  29.411   33.345   61.2   6.78  14.000    0.07698    1.98    2.15    3.48
21-07-2024 17:24:34.62  155.92   1.872  29.424   33.351   61.2   6.77  14.000    0.06957    1.98    2.15    3.48
21-07-2024 17:24:34.86  156.05   1.884  29.428   33.344   61.2   6.77  14.000    0.07179    1.98    2.52    3.15
21-07-2024 17:24:35.11  156.08   1.888  29.429   33.340   61.2   6.76  14.000    0.07476    1.84    1.97    3.30
21-07-2024 17:24:35.35  156.27   1.893  29.430   33.336   61.1   6.76  14.000    0.08660    2.19    1.83    3.24
21-07-2024 17:24:35.60  156.32   1.897  29.440   33.345   61.1   6.76  14.000    0.07994    2.11    2.11    3.03
21-07-2024 17:24:35.84  156.46   1.901  29.448   33.351   61.1   6.75  14.000    0.07550    1.91    2.06    3.08
21-07-2024 17:24:36.09  156.50   1.906  29.453   33.351   61.1   6.75  14.000    0.08438    2.05    2.40    3.22
21-07-2024 17:24:36.34  156.66   1.912  29.458   33.352   61.0   6.75  14.000    0.07698    2.05    2.40    3.22
21-07-2024 17:24:36.58  156.76   1.918  29.460   33.347   61.0   6.74  14.000    0.06883    2.03    2.16    2.90
21-07-2024 17:24:36.83  156.84   1.922  29.463   33.347   61.0   6.74  14.000    0.06957    2.17    2.16    3.09
21-07-2024 17:24:37.08  157.03   1.923  29.466   33.349   61.0   6.74  14.000    0.07476    2.22    2.15    3.21
21-07-2024 17:24:37.32  157.05   1.928  29.470   33.350   61.0   6.74  14.000    0.07772    2.03    2.06    3.00
21-07-2024 17:24:37.57  157.15   1.931  29.479   33.357   60.9   6.73  14.000    0.07476    1.74    2.32    2.96
21-07-2024 17:24:37.81  157.26   1.935  29.488   33.364   60.9   6.73  14.000    0.07031    1.88    2.31    2.97
21-07-2024 17:24:38.06  157.37   1.942  29.496   33.367   60.9   6.73  14.000    0.08660    1.88    2.31    2.97
21-07-2024 17:24:38.30  157.47   1.950  29.502   33.365   60.9   6.72  14.000    0.07550    2.06    1.89    3.52
21-07-2024 17:24:38.55  157.63   1.956  29.506   33.365   60.8   6.72  14.000    0.07994    2.19    2.35    2.96
21-07-2024 17:24:38.79  157.69   1.961  29.511   33.366   60.8   6.71  14.000    0.08586    2.14    2.12    2.87
21-07-2024 17:24:39.04  157.76   1.965  29.519   33.371   60.8   6.71  14.000    0.08734    1.76    2.49    3.00
21-07-2024 17:24:39.28  157.89   1.971  29.529   33.378   60.7   6.70  14.000    0.08142    1.81    2.54    3.37
21-07-2024 17:24:39.53  158.00   1.978  29.544   33.388   60.7   6.70  14.000    0.10066    1.86    2.49    3.14
21-07-2024 17:24:39.77  158.11   1.986  29.562   33.402   60.7   6.70  14.000    0.07179    1.86    2.49    3.14
21-07-2024 17:24:40.03  158.19   1.997  29.577   33.410   60.7   6.69  14.000    0.06661    1.84    2.24    3.27
21-07-2024 17:24:40.27  158.29   2.010  29.586   33.407   60.7   6.68  14.000    0.06069    2.02    2.10    3.27
21-07-2024 17:24:40.52  158.44   2.028  29.607   33.415   60.6   6.68  14.000    0.07179    1.86    2.21    3.16
21-07-2024 17:24:40.77  158.52   2.044  29.618   33.411   60.6   6.67  14.000    0.08142    2.03    2.10    2.96
21-07-2024 17:24:41.01  158.64   2.056  29.633   33.417   60.6   6.67  14.000    0.07994    2.04    2.18    3.32
21-07-2024 17:24:41.26  158.69   2.072  29.643   33.413   60.5   6.66  14.000    0.07253    1.86    2.00    3.07
21-07-2024 17:24:41.50  158.84   2.085  29.656   33.416   60.5   6.66  14.000    0.06069    1.86    2.00    3.07
21-07-2024 17:24:41.75  158.94   2.093  29.668   33.422   60.5   6.65  14.000    0.06661    2.31    2.27    2.94
21-07-2024 17:24:41.99  159.06   2.101  29.675   33.421   60.5   6.65  14.000    0.07402    2.11    1.92    2.99
21-07-2024 17:24:42.24  159.15   2.111  29.677   33.413   60.4   6.64  14.000    0.07402    1.91    2.76    2.93
21-07-2024 17:24:42.48  159.26   2.117  29.684   33.416   60.4   6.64  14.000    0.07846    1.85    2.37    3.22
21-07-2024 17:24:42.73  159.31   2.123  29.691   33.418   60.4   6.63  14.000    0.07402    1.99    2.48    2.88
21-07-2024 17:24:42.97  159.39   2.129  29.699   33.423   60.4   6.63  14.000    0.09252    1.91    2.53    3.54
21-07-2024 17:24:43.22  159.48   2.134  29.712   33.433   60.3   6.63  14.000    0.06513    1.91    2.53    3.54
21-07-2024 17:24:43.46  159.60   2.141  29.739   33.458   60.3   6.62  14.000    0.07920    2.23    2.51    3.13
21-07-2024 17:24:43.72  159.75   2.156  29.747   33.454   60.3   6.62  14.000    0.08438    2.05    2.51    3.05
21-07-2024 17:24:43.96  159.85   2.171  29.758   33.450   60.2   6.61  14.000    0.09104    1.87    1.87    2.99
21-07-2024 17:24:44.21  159.93   2.184  29.775   33.458   60.2   6.60  14.000    0.09030    2.14    1.97    3.37
21-07-2024 17:24:44.46  160.02   2.198  29.781   33.451   60.2   6.60  14.000    0.08734    2.03    2.38    3.08
21-07-2024 17:24:44.70  160.16   2.208  29.783   33.443   60.1   6.59  14.000    0.06883    2.03    2.01    3.20
21-07-2024 17:24:44.95  160.20   2.213  29.788   33.444   60.1   6.59  14.000    0.06143    2.03    2.01    3.20
21-07-2024 17:24:45.20  160.35   2.218  29.790   33.440   60.1   6.58  14.000    0.07846    2.50    2.32    3.10
21-07-2024 17:24:45.44  160.46   2.221  29.792   33.439   60.0   6.58  14.000    0.07476    1.89    2.28    2.82
21-07-2024 17:24:45.68  160.54   2.223  29.795   33.441   60.0   6.57  14.000    0.06661    2.18    2.08    3.07
21-07-2024 17:24:45.93  160.60   2.226  29.801   33.446   60.0   6.57  14.000    0.06957    1.69    2.10    3.26
21-07-2024 17:24:46.17  160.73   2.230  29.812   33.455   60.0   6.57  14.000    0.07624    2.31    2.30    3.00
21-07-2024 17:24:46.42  160.78   2.236  29.816   33.454   59.9   6.56  14.000    0.08660    2.07    2.55    2.78
21-07-2024 17:24:46.66  160.97   2.242  29.818   33.451   59.9   6.56  14.000    0.09400    2.07    2.55    2.78
21-07-2024 17:24:46.91  161.04   2.247  29.822   33.450   59.8   6.55  14.000    0.08512    1.96    2.07    3.22
21-07-2024 17:24:47.15  161.17   2.249  29.825   33.452   59.8   6.55  14.000    0.07920    2.08    2.46    3.09
21-07-2024 17:24:47.40  161.23   2.253  29.829   33.453   59.8   6.54  14.000    0.06365    2.11    2.43    2.97
21-07-2024 17:24:47.65  161.36   2.255  29.836   33.458   59.7   6.54  14.000    0.07772    2.07    2.00    2.67
21-07-2024 17:24:47.90  161.43   2.258  29.844   33.465   59.7   6.53  14.000    0.06883    2.11    2.69    3.21
21-07-2024 17:24:48.14  161.54   2.263  29.853   33.471   59.6   6.53  14.000    0.09918    1.76    1.88    2.99
21-07-2024 17:24:48.39  161.61   2.270  29.855   33.467   59.6   6.52  14.000    0.06069    1.76    1.88    2.99
21-07-2024 17:24:48.63  161.70   2.275  29.861   33.468   59.6   6.52  14.000    0.07105    1.95    2.21    2.82
21-07-2024 17:24:48.88  161.85   2.280  29.868   33.472   59.5   6.51  14.000    0.07253    2.00    2.38    2.95
21-07-2024 17:24:49.12  161.90   2.286  29.876   33.475   59.5   6.51  14.000    0.07698    1.73    1.96    3.09
21-07-2024 17:24:49.37  162.05   2.293  29.882   33.475   59.4   6.50  14.000    0.07031    2.10    2.25    3.04
21-07-2024 17:24:49.61  162.16   2.299  29.886   33.474   59.4   6.49  14.000    0.07994    2.31    2.35    2.91
21-07-2024 17:24:49.86  162.21   2.303  29.892   33.477   59.4   6.49  14.000    0.07994    2.13    2.14    3.04
21-07-2024 17:24:50.10  162.37   2.306  29.901   33.485   59.3   6.49  14.000    0.06735    2.13    2.14    3.04
21-07-2024 17:24:50.35  162.43   2.313  29.907   33.485   59.3   6.48  14.000    0.08290    2.14    1.93    3.03
21-07-2024 17:24:50.59  162.53   2.319  29.921   33.496   59.2   6.47  14.000    0.08068    2.21    2.24    3.34
21-07-2024 17:24:50.84  162.63   2.327  29.927   33.495   59.2   6.47  14.000    0.06217    1.64    2.15    3.12
21-07-2024 17:24:51.09  162.78   2.337  29.930   33.488   59.2   6.46  14.000    0.07402    2.19    2.47    3.20
21-07-2024 17:24:51.33  162.88   2.343  29.938   33.491   59.1   6.45  14.000    0.08586    2.17    1.99    2.94
21-07-2024 17:24:51.58  162.95   2.349  29.940   33.488   59.0   6.45  14.000    0.09326    2.14    2.31    2.89
21-07-2024 17:24:51.83  163.10   2.354  29.942   33.485   59.0   6.44  14.000    0.06365    2.14    2.31    2.89
21-07-2024 17:24:52.08  163.14   2.358  29.949   33.489   59.0   6.44  14.000    0.06365    1.92    2.59    2.83
21-07-2024 17:24:52.32  163.29   2.362  29.962   33.501   58.9   6.43  14.000    0.07846    1.90    1.86    3.25
21-07-2024 17:24:52.57  163.39   2.369  29.975   33.510   58.9   6.43  14.000    0.07402    1.96    2.38    3.13
21-07-2024 17:24:52.81  163.48   2.378  29.992   33.521   58.9   6.42  14.000    0.08142    2.12    2.16    2.87
21-07-2024 17:24:53.06  163.63   2.390  29.994   33.511   58.8   6.42  14.000    0.07402    2.07    2.24    3.07
21-07-2024 17:24:53.30  163.64   2.401  29.995   33.501   58.8   6.41  14.000    0.06365    2.07    2.24    3.07
21-07-2024 17:24:53.55  163.83   2.407  30.005   33.507   58.7   6.40  14.000    0.05773    1.94    2.59    3.14
21-07-2024 17:24:53.79  163.89   2.412  30.016   33.514   58.7   6.40  14.000    0.07253    1.95    2.28    3.33
21-07-2024 17:24:54.04  163.95   2.419  30.016   33.507   58.7   6.40  14.000    0.05625    2.21    2.11    3.01
21-07-2024 17:24:54.28  164.07   2.425  30.022   33.508   58.6   6.39  14.000    0.06661    2.02    2.23    3.16
21-07-2024 17:24:54.53  164.23   2.431  30.029   33.511   58.6   6.38  14.000    0.07105    2.12    2.17    3.12
21-07-2024 17:24:54.78  164.35   2.434  30.039   33.520   58.6   6.38  14.000    0.07328    2.05    2.48    3.02
21-07-2024 17:24:55.02  164.38   2.440  30.050   33.526   58.5   6.38  14.000    0.08068    2.05    2.48    3.02
21-07-2024 17:24:55.27  164.46   2.447  30.055   33.526   58.5   6.37  14.000    0.08364    2.23    2.55    3.37
21-07-2024 17:24:55.52  164.56   2.454  30.055   33.519   58.5   6.37  14.000    0.07476    1.86    2.36    3.20
21-07-2024 17:24:55.76  164.74   2.460  30.058   33.516   58.4   6.36  14.000    0.07031    2.29    2.44    3.27
21-07-2024 17:24:56.02  164.84   2.465  30.062   33.516   58.4   6.36  14.000    0.06735    2.02    2.52    3.41
21-07-2024 17:24:56.25  164.89   2.468  30.063   33.514   58.4   6.35  14.000    0.07772    1.90    2.10    3.59
21-07-2024 17:24:56.50  165.00   2.470  30.065   33.514   58.3   6.35  14.000    0.07772    2.00    2.30    2.98
21-07-2024 17:24:56.74  165.15   2.472  30.068   33.516   58.3   6.35  14.000    0.07994    2.00    2.30    2.98
21-07-2024 17:24:56.99  165.22   2.475  30.073   33.519   58.3   6.34  14.000    0.07846    2.10    1.90    3.31
21-07-2024 17:24:57.23  165.31   2.478  30.077   33.520   58.2   6.34  14.000    0.08956    2.16    2.52    2.97
21-07-2024 17:24:57.48  165.41   2.481  30.077   33.518   58.2   6.33  14.000    0.05847    2.46    2.06    3.06
21-07-2024 17:24:57.72  165.58   2.483  30.083   33.522   58.2   6.33  14.000    0.06735    2.23    2.67    3.05
21-07-2024 17:24:57.97  165.60   2.486  30.083   33.520   58.2   6.33  14.000    0.07994    1.96    2.43    2.88
21-07-2024 17:24:58.21  165.74   2.487  30.088   33.524   58.1   6.32  14.000    0.06735    1.81    2.40    3.19
21-07-2024 17:24:58.47  165.80   2.489  30.092   33.527   58.1   6.32  14.000    0.08512    1.81    2.40    3.19
21-07-2024 17:24:58.71  165.92   2.493  30.096   33.527   58.1   6.32  14.000    0.06735    2.19    2.48    3.06
21-07-2024 17:24:58.96  166.08   2.498  30.101   33.528   58.0   6.31  14.000    0.07994    1.92    2.51    3.00
21-07-2024 17:24:59.21  166.18   2.502  30.106   33.530   58.0   6.31  14.000    0.06365    2.19    2.37    3.13
21-07-2024 17:24:59.45  166.25   2.506  30.112   33.534   58.0   6.31  14.000    0.07846    2.20    1.82    3.23
21-07-2024 17:24:59.70  166.38   2.509  30.114   33.533   58.0   6.30  14.000    0.07253    2.09    2.68    3.20
21-07-2024 17:24:59.94  166.47   2.513  30.115   33.529   57.9   6.30  14.000    0.05847    1.99    2.29    3.27
21-07-2024 17:25:00.19  166.56   2.516  30.115   33.527   57.9   6.29  14.000    0.06883    1.99    2.29    3.27
21-07-2024 17:25:00.43  166.63   2.517  30.116   33.527   57.9   6.29  14.000    0.06661    2.04    2.08    3.47
21-07-2024 17:25:00.68  166.77   2.518  30.127   33.539   57.9   6.29  14.000    0.09030    1.90    2.34    2.87
21-07-2024 17:25:00.92  166.93   2.522  30.136   33.546   57.8   6.28  14.000    0.07550    2.05    2.45    3.19
21-07-2024 17:25:01.17  166.93   2.529  30.143   33.547   57.8   6.28  14.000    0.06809    2.13    2.25    3.25
21-07-2024 17:25:01.41  167.05   2.536  30.150   33.548   57.8   6.27  14.000    0.07846    2.01    2.14    3.03
21-07-2024 17:25:01.66  167.21   2.542  30.155   33.547   57.7   6.27  14.000    0.07920    2.11    2.19    3.02
21-07-2024 17:25:01.90  167.28   2.548  30.162   33.550   57.7   6.27  14.000    0.06587    2.11    2.19    3.02
21-07-2024 17:25:02.15  167.34   2.553  30.164   33.547   57.7   6.26  14.000    0.08216    2.05    2.34    3.25
21-07-2024 17:25:02.40  167.50   2.557  30.165   33.545   57.6   6.26  14.000    0.09178    2.19    2.46    3.30
21-07-2024 17:25:02.65  167.61   2.560  30.170   33.548   57.6   6.25  14.000    0.08512    2.53    2.12    3.40
21-07-2024 17:25:02.89  167.68   2.563  30.172   33.547   57.6   6.25  14.000    0.06957    2.27    2.38    3.31
21-07-2024 17:25:03.14  167.81   2.567  30.173   33.543   57.5   6.24  14.000    0.07772    2.15    2.32    3.26
21-07-2024 17:25:03.38  167.85   2.569  30.175   33.543   57.5   6.24  14.000    0.07179    2.30    2.18    3.09
21-07-2024 17:25:03.63  167.97   2.569  30.179   33.549   57.5   6.24  14.000    0.05107    2.30    2.18    3.09
21-07-2024 17:25:03.87  168.07   2.571  30.181   33.549   57.4   6.23  14.000    0.05699    2.03    2.34    2.94
21-07-2024 17:25:04.12  168.21   2.574  30.182   33.547   57.4   6.23  14.000    0.07031    2.22    2.24    3.27
21-07-2024 17:25:04.36  168.31   2.576  30.183   33.545   57.3   6.22  14.000    0.06809    2.14    2.50    3.28
21-07-2024 17:25:04.61  168.34   2.578  30.185   33.547   57.3   6.22  14.000    0.08660    1.91    2.05    3.49
21-07-2024 17:25:04.85  168.45   2.578  30.185   33.546   57.3   6.22  14.000    0.06735    2.38    2.54    3.18
21-07-2024 17:25:05.10  168.55   2.579  30.185   33.546   57.2   6.21  14.000    0.06809    2.14    2.19    3.28
21-07-2024 17:25:05.34  168.67   2.580  30.191   33.552   57.2   6.21  14.000    0.08660    2.14    2.19    3.28
21-07-2024 17:25:05.59  168.80   2.582  30.192   33.551   57.2   6.20  14.000    0.08290    2.04    2.56    2.97
21-07-2024 17:25:05.84  168.94   2.584  30.194   33.550   57.1   6.20  14.000    0.09030    2.01    2.54    3.24
21-07-2024 17:25:06.09  169.01   2.585  30.193   33.549   57.1   6.19  14.000    0.06883    2.42    2.01    2.74
21-07-2024 17:25:06.33  169.07   2.586  30.192   33.547   57.0   6.19  14.000    0.06809    2.18    2.02    2.68
21-07-2024 17:25:06.58  169.15   2.586  30.194   33.549   57.0   6.18  14.000    0.07328    2.27    2.24    3.38
21-07-2024 17:25:06.83  169.32   2.587  30.197   33.551   57.0   6.18  14.000    0.06809    2.02    1.92    3.24
21-07-2024 17:25:07.08  169.47   2.588  30.200   33.553   56.9   6.17  14.000    0.07476    2.02    1.92    3.24
21-07-2024 17:25:07.32  169.47   2.591  30.200   33.552   56.9   6.17  14.000    0.07994    1.97    2.62    2.95
21-07-2024 17:25:07.56  169.62   2.593  30.203   33.553   56.9   6.17  14.000    0.08216    2.08    2.00    3.35
21-07-2024 17:25:07.81  169.74   2.594  30.205   33.554   56.8   6.16  14.000    0.06143    2.00    1.98    3.19
21-07-2024 17:25:08.05  169.86   2.595  30.208   33.556   56.8   6.16  14.000    0.07920    2.02    2.42    2.91
21-07-2024 17:25:08.30  169.94   2.598  30.211   33.558   56.8   6.16  14.000    0.06291    2.37    2.14    3.06
21-07-2024 17:25:08.54  170.02   2.600  30.213   33.558   56.7   6.15  14.000    0.07253    2.00    2.01    3.14
21-07-2024 17:25:08.78  170.14   2.602  30.220   33.564   56.7   6.15  14.000    0.07550    2.00    2.01    3.14
21-07-2024 17:25:09.03  170.18   2.605  30.224   33.565   56.6   6.14  14.000    0.06365    1.70    1.96    3.08
21-07-2024 17:25:09.28  170.37   2.610  30.226   33.562   56.6   6.14  14.000    0.08364    2.04    2.24    2.98
21-07-2024 17:25:09.53  170.40   2.614  30.229   33.562   56.6   6.13  14.000    0.07031    1.92    2.49    3.01
21-07-2024 17:25:09.77  170.47   2.617  30.231   33.561   56.5   6.13  14.000    0.07994    2.25    2.31    3.03
21-07-2024 17:25:10.02  170.58   2.619  30.233   33.562   56.5   6.13  14.000    0.08364    1.89    2.57    3.22
21-07-2024 17:25:10.27  170.71   2.621  30.234   33.562   56.5   6.12  14.000    0.08882    1.85    2.38    3.05
21-07-2024 17:25:10.51  170.87   2.623  30.237   33.563   56.4   6.12  14.000    0.05699    1.85    2.38    3.05
21-07-2024 17:25:10.76  170.87   2.625  30.243   33.568   56.4   6.11  14.000    0.07550    2.00    2.39    3.32
21-07-2024 17:25:11.00  171.07   2.627  30.248   33.572   56.4   6.11  14.000    0.08068    2.18    2.30    2.87
21-07-2024 17:25:11.25  171.12   2.630  30.251   33.571   56.3   6.11  14.000    0.07846    2.30    2.42    3.21
21-07-2024 17:25:11.49  171.28   2.635  30.258   33.575   56.3   6.10  14.000    0.08438    2.09    1.96    2.79
21-07-2024 17:25:11.74  171.29   2.640  30.266   33.580   56.3   6.10  14.000    0.07476    2.18    2.44    2.95
21-07-2024 17:25:11.98  171.38   2.646  30.271   33.579   56.2   6.09  14.000    0.06587    2.18    2.43    3.50
21-07-2024 17:25:12.23  171.47   2.652  30.272   33.574   56.2   6.09  14.000    0.06365    2.18    2.43    3.50
21-07-2024 17:25:12.47  171.68   2.655  30.273   33.572   56.2   6.08  14.000    0.06069    2.24    2.30    3.14
21-07-2024 17:25:12.72  171.72   2.657  30.276   33.575   56.2   6.08  14.000    0.08956    2.33    2.16    2.94
21-07-2024 17:25:12.96  171.82   2.659  30.278   33.574   56.1   6.08  14.000    0.06143    2.05    2.36    3.03
21-07-2024 17:25:13.22  171.96   2.661  30.280   33.575   56.1   6.07  14.000    0.09252    1.86    2.06    3.09
21-07-2024 17:25:13.46  172.00   2.664  30.282   33.574   56.0   6.07  14.000    0.06735    2.16    2.39    3.35
21-07-2024 17:25:13.71  172.13   2.665  30.285   33.576   56.0   6.06  14.000    0.07105    1.96    2.10    3.25
21-07-2024 17:25:13.95  172.25   2.668  30.290   33.580   56.0   6.06  14.000    0.07624    1.96    2.10    3.25
21-07-2024 17:25:14.20  172.35   2.670  30.295   33.583   55.9   6.06  14.000    0.07698    2.00    2.66    3.20
21-07-2024 17:25:14.45  172.51   2.675  30.309   33.596   55.9   6.05  14.000    0.08734    2.09    2.71    2.96
21-07-2024 17:25:14.69  172.54   2.681  30.315   33.596   55.9   6.05  14.000    0.07698    2.18    2.18    3.23
21-07-2024 17:25:14.94  172.63   2.689  30.319   33.593   55.8   6.04  14.000    0.09918    2.03    2.14    3.00
21-07-2024 17:25:15.18  172.73   2.696  30.321   33.587   55.8   6.04  14.000    0.05921    2.15    2.13    3.34
21-07-2024 17:25:15.43  172.90   2.700  30.320   33.583   55.8   6.03  14.000    0.05699    1.67    2.12    2.79
21-07-2024 17:25:15.67  173.00   2.702  30.320   33.580   55.7   6.03  14.000    0.07179    1.67    2.12    2.79
21-07-2024 17:25:15.92  173.03   2.702  30.320   33.580   55.7   6.03  14.000    0.08512    2.03    2.26    3.23
21-07-2024 17:25:16.16  173.15   2.703  30.320   33.579   55.7   6.02  14.000    0.07550    1.86    2.14    3.16
21-07-2024 17:25:16.41  173.28   2.703  30.320   33.579   55.6   6.02  14.000    0.08586    2.14    1.97    2.94
21-07-2024 17:25:16.65  173.34   2.703  30.321   33.580   55.6   6.01  14.000    0.07994    1.93    2.49    3.22
21-07-2024 17:25:16.90  173.42   2.703  30.321   33.580   55.6   6.01  14.000    0.07698    1.98    2.54    3.30
21-07-2024 17:25:17.15  173.57   2.704  30.325   33.584   55.5   6.01  14.000    0.06587    2.51    2.56    3.28
21-07-2024 17:25:17.40  173.62   2.705  30.327   33.585   55.5   6.00  14.000    0.07476    2.51    2.56    3.28
21-07-2024 17:25:17.64  173.79   2.707  30.334   33.591   55.5   6.00  14.000    0.06957    1.84    2.09    3.09
21-07-2024 17:25:17.89  173.85   2.710  30.334   33.588   55.4   5.99  14.000    0.07772    2.18    2.05    2.99
21-07-2024 17:25:18.14  173.98   2.713  30.341   33.594   55.4   5.99  14.000    0.06439    1.96    1.69    3.13
21-07-2024 17:25:18.38  174.01   2.717  30.345   33.595   55.4   5.99  14.000    0.08290    2.13    2.57    3.25
21-07-2024 17:25:18.62  174.21   2.720  30.345   33.592   55.4   5.98  14.000    0.07994    1.88    1.98    3.08
21-07-2024 17:25:18.87  174.22   2.723  30.346   33.589   55.3   5.98  14.000    0.07179    1.97    2.55    3.19
21-07-2024 17:25:19.11  174.38   2.724  30.348   33.590   55.3   5.98  14.000    0.07846    1.97    2.55    3.19
21-07-2024 17:25:19.36  174.50   2.726  30.347   33.587   55.3   5.97  14.000    0.07402    1.99    2.58    3.05
21-07-2024 17:25:19.60  174.58   2.727  30.349   33.589   55.3   5.97  14.000    0.07031    1.85    2.45    2.96
21-07-2024 17:25:19.85  174.68   2.727  30.350   33.590   55.2   5.97  14.000    0.08512    1.82    2.04    3.27
21-07-2024 17:25:20.09  174.76   2.728  30.350   33.589   55.2   5.97  14.000    0.07476    2.18    2.34    2.98
21-07-2024 17:25:20.34  174.84   2.729  30.350   33.587   55.2   5.96  14.000    0.08734    1.96    2.45    2.85
21-07-2024 17:25:20.59  174.99   2.729  30.351   33.589   55.2   5.96  14.000    0.06439    2.12    2.30    3.23
21-07-2024 17:25:20.83  175.04   2.730  30.352   33.588   55.1   5.96  14.000    0.07105    2.12    2.30    3.23
21-07-2024 17:25:21.08  175.19   2.730  30.352   33.589   55.1   5.96  14.000    0.07179    1.96    2.06    2.79
21-07-2024 17:25:21.33  175.31   2.731  30.353   33.590   55.1   5.95  14.000    0.07105    2.13    2.22    3.43
21-07-2024 17:25:21.57  175.41   2.731  30.354   33.590   55.1   5.95  14.000    0.06883    2.37    2.29    2.94
21-07-2024 17:25:21.82  175.48   2.732  30.357   33.592   55.0   5.95  14.000    0.08216    1.98    2.71    3.06
21-07-2024 17:25:22.07  175.67   2.733  30.358   33.593   55.0   5.94  14.000    0.06365    2.15    1.93    3.23
21-07-2024 17:25:22.31  175.69   2.735  30.359   33.591   55.0   5.94  14.000    0.06661    1.99    2.38    2.96
21-07-2024 17:25:22.55  175.87   2.736  30.362   33.595   55.0   5.94  14.000    0.07179    1.99    2.38    2.96
21-07-2024 17:25:22.80  175.96   2.737  30.364   33.595   54.9   5.94  14.000    0.07179    2.07    2.35    3.26
21-07-2024 17:25:23.05  176.03   2.739  30.364   33.593   54.9   5.93  14.000    0.08142    2.05    2.37    3.12
21-07-2024 17:25:23.29  176.13   2.740  30.366   33.595   54.9   5.93  14.000    0.07920    2.18    1.83    2.79
21-07-2024 17:25:23.54  176.21   2.742  30.366   33.593   54.9   5.93  14.000    0.06809    1.92    2.23    3.38
21-07-2024 17:25:23.78  176.34   2.742  30.368   33.594   54.8   5.92  14.000    0.07253    2.07    2.66    3.09
21-07-2024 17:25:24.03  176.41   2.744  30.368   33.592   54.8   5.92  14.000    0.09918    2.10    1.47    3.07
21-07-2024 17:25:24.28  176.56   2.745  30.368   33.592   54.8   5.92  14.000    0.07179    2.10    1.47    3.07
21-07-2024 17:25:24.52  176.58   2.746  30.369   33.593   54.8   5.91  14.000    0.07476    2.12    2.15    2.93
21-07-2024 17:25:24.77  176.76   2.746  30.371   33.594   54.7   5.91  14.000    0.07476    2.41    2.08    2.95
21-07-2024 17:25:25.02  176.78   2.747  30.373   33.596   54.7   5.91  14.000    0.07328    1.84    2.34    2.87
21-07-2024 17:25:25.26  176.95   2.748  30.375   33.597   54.7   5.91  14.000    0.06957    2.27    2.57    3.24
21-07-2024 17:25:25.51  177.04   2.749  30.375   33.596   54.7   5.90  14.000    0.08364    2.07    2.45    3.29
21-07-2024 17:25:25.75  177.11   2.750  30.377   33.598   54.6   5.90  14.000    0.09252    1.95    2.14    3.09
21-07-2024 17:25:26.00  177.25   2.751  30.378   33.597   54.6   5.89  14.000    0.07698    1.95    2.14    3.09
21-07-2024 17:25:26.24  177.34   2.752  30.379   33.598   54.6   5.89  14.000    0.05107    2.11    1.99    3.15
21-07-2024 17:25:26.49  177.48   2.754  30.381   33.597   54.5   5.89  14.000    0.07105    2.18    2.62    3.18
21-07-2024 17:25:26.73  177.53   2.755  30.382   33.598   54.5   5.89  14.000    0.07031    1.98    2.16    3.08
21-07-2024 17:25:26.98  177.65   2.756  30.382   33.597   54.5   5.88  14.000    0.05033    2.28    2.30    3.03
21-07-2024 17:25:27.22  177.75   2.756  30.382   33.596   54.4   5.88  14.000    0.07920    1.88    2.64    3.42
21-07-2024 17:25:27.47  177.90   2.757  30.382   33.596   54.4   5.88  14.000    0.07846    2.48    1.67    2.88
21-07-2024 17:25:27.71  178.01   2.757  30.383   33.597   54.4   5.88  14.000    0.06217    2.48    1.67    2.88
21-07-2024 17:25:27.97  178.06   2.758  30.383   33.596   54.4   5.87  14.000    0.07179    2.23    1.87    3.32
21-07-2024 17:25:28.21  178.23   2.758  30.383   33.595   54.4   5.87  14.000    0.06291    2.17    2.12    3.38
21-07-2024 17:25:28.46  178.27   2.758  30.384   33.596   54.3   5.87  14.000    0.07698    2.10    2.18    3.30
21-07-2024 17:25:28.71  178.43   2.758  30.385   33.598   54.3   5.86  14.000    0.06809    2.16    2.69    3.16
21-07-2024 17:25:28.95  178.45   2.759  30.387   33.600   54.3   5.86  14.000    0.07402    2.02    1.95    3.20
21-07-2024 17:25:29.20  178.61   2.760  30.387   33.599   54.3   5.86  14.000    0.09400    2.05    2.13    3.27
21-07-2024 17:25:29.44  178.76   2.761  30.392   33.603   54.2   5.86  14.000    0.07772    2.05    2.13    3.27
21-07-2024 17:25:29.69  178.87   2.763  30.395   33.605   54.2   5.85  14.000    0.06957    1.66    1.95    3.02
21-07-2024 17:25:29.93  178.96   2.765  30.397   33.605   54.2   5.85  14.000    0.07105    2.20    3.12    3.26
21-07-2024 17:25:30.18  179.06   2.767  30.398   33.604   54.2   5.85  14.000    0.06291    2.07    1.87    3.03
21-07-2024 17:25:30.42  179.14   2.769  30.399   33.604   54.1   5.84  14.000    0.08660    2.41    2.52    3.12
21-07-2024 17:25:30.67  179.19   2.771  30.399   33.601   54.1   5.84  14.000    0.07772    2.14    2.39    2.83
21-07-2024 17:25:30.91  179.35   2.771  30.400   33.602   54.1   5.84  14.000    0.06143    2.01    2.93    3.08
21-07-2024 17:25:31.16  179.42   2.772  30.400   33.601   54.1   5.84  14.000    0.07624    2.01    2.93    3.08
21-07-2024 17:25:31.40  179.47   2.772  30.400   33.601   54.1   5.84  14.000    0.06513    1.84    1.76    2.93
21-07-2024 17:25:31.65  179.59   2.773  30.401   33.602   54.0   5.83  14.000    0.06587    2.01    2.34    3.00
21-07-2024 17:25:31.90  179.77   2.774  30.401   33.601   54.0   5.83  14.000    0.07772    1.95    2.17    2.85
21-07-2024 17:25:32.15  179.89   2.774  30.403   33.602   54.0   5.83  14.000    0.07105    2.11    2.38    3.34
21-07-2024 17:25:32.39  179.94   2.775  30.405   33.604   54.0   5.83  14.000    0.07253    1.99    2.27    2.94
21-07-2024 17:25:32.64  179.98   2.776  30.409   33.607   54.0   5.82  14.000    0.07402    2.01    2.10    2.83
21-07-2024 17:25:32.88  180.15   2.778  30.411   33.608   53.9   5.82  14.000    0.06069    2.01    2.10    2.83
21-07-2024 17:25:33.13  180.20   2.780  30.414   33.609   53.9   5.82  14.000    0.07105    1.99    2.03    3.10
21-07-2024 17:25:33.37  180.38   2.783  30.416   33.608   53.9   5.82  14.000    0.07920    1.85    2.65    2.96
21-07-2024 17:25:33.62  180.41   2.786  30.415   33.604   53.9   5.81  14.000    0.06365    2.16    2.31    3.17
21-07-2024 17:25:33.86  180.56   2.785  30.415   33.605   53.9   5.81  14.000    0.06291    2.06    2.36    3.04
21-07-2024 17:25:34.11  180.63   2.787  30.417   33.606   53.9   5.81  14.000    0.07402    1.97    2.73    3.18
21-07-2024 17:25:34.35  180.74   2.787  30.419   33.608   53.8   5.81  14.000    0.06513    1.97    2.73    3.18
21-07-2024 17:25:34.60  180.83   2.788  30.421   33.610   53.8   5.81  14.000    0.06143    2.11    1.59    2.80
21-07-2024 17:25:34.84  180.97   2.789  30.421   33.608   53.8   5.81  14.000    0.08216    2.01    2.13    3.15
21-07-2024 17:25:35.09  181.09   2.791  30.423   33.608   53.8   5.80  14.000    0.06587    2.02    2.11    3.04
21-07-2024 17:25:35.34  181.16   2.793  30.425   33.609   53.8   5.80  14.000    0.05995    1.71    1.91    3.36
21-07-2024 17:25:35.59  181.24   2.794  30.426   33.609   53.7   5.80  14.000    0.06513    2.27    2.32    3.15
21-07-2024 17:25:35.84  181.39   2.795  30.427   33.609   53.7   5.80  14.000    0.07253    2.22    2.45    3.05
21-07-2024 17:25:36.08  181.46   2.797  30.427   33.608   53.7   5.79  14.000    0.07031    1.84    2.29    3.34
21-07-2024 17:25:36.33  181.57   2.797  30.428   33.608   53.7   5.79  14.000    0.07846    1.84    2.29    3.34
21-07-2024 17:25:36.57  181.72   2.797  30.428   33.609   53.7   5.79  14.000    0.07698    2.14    2.62    3.20
21-07-2024 17:25:36.82  181.80   2.798  30.429   33.607   53.7   5.79  14.000    0.06513    2.06    2.11    3.00
21-07-2024 17:25:37.06  181.90   2.799  30.431   33.609   53.7   5.79  14.000    0.06069    2.10    2.34    2.97
21-07-2024 17:25:37.31  181.94   2.799  30.431   33.609   53.6   5.79  14.000    0.07772    1.93    2.28    3.01
21-07-2024 17:25:37.55  182.08   2.800  30.432   33.609   53.6   5.79  14.000    0.06143    1.94    2.92    3.15
21-07-2024 17:25:37.80  182.14   2.800  30.433   33.610   53.6   5.78  14.000    0.07624    1.94    2.92    3.15
21-07-2024 17:25:38.04  182.25   2.802  30.433   33.609   53.6   5.78  14.000    0.05847    2.11    2.07    2.94
21-07-2024 17:25:38.29  182.38   2.802  30.433   33.609   53.6   5.78  14.000    0.08808    1.86    2.02    3.39
21-07-2024 17:25:38.53  182.42   2.802  30.435   33.610   53.6   5.78  14.000    0.07920    2.46    2.40    3.20
21-07-2024 17:25:38.78  182.56   2.803  30.437   33.612   53.6   5.78  14.000    0.06439    1.85    2.03    3.15
21-07-2024 17:25:39.03  182.65   2.805  30.438   33.612   53.6   5.78  14.000    0.06365    1.86    2.24    2.88
21-07-2024 17:25:39.27  182.72   2.806  30.441   33.613   53.5   5.77  14.000    0.07550    2.18    2.54    3.09
21-07-2024 17:25:39.52  182.89   2.807  30.441   33.612   53.5   5.77  14.000    0.08512    2.18    2.54    3.09
21-07-2024 17:25:39.77  182.90   2.808  30.441   33.612   53.5   5.77  14.000    0.06661    2.00    2.46    2.97
21-07-2024 17:25:40.02  183.06   2.809  30.442   33.612   53.5   5.77  14.000    0.07402    2.01    1.89    2.90
21-07-2024 17:25:40.26  183.17   2.810  30.444   33.613   53.5   5.77  14.000    0.06809    2.07    2.19    3.46
21-07-2024 17:25:40.50  183.29   2.811  30.445   33.613   53.5   5.77  14.000    0.06439    2.00    2.38    2.85
21-07-2024 17:25:40.75  183.33   2.812  30.446   33.612   53.4   5.76  14.000    0.08142    2.37    1.86    3.23
21-07-2024 17:25:40.99  183.42   2.813  30.446   33.612   53.4   5.76  14.000    0.08216    1.74    2.00    2.84
21-07-2024 17:25:41.24  183.51   2.815  30.447   33.612   53.4   5.76  14.000    0.06809    1.74    2.00    2.84
21-07-2024 17:25:41.48  183.66   2.815  30.448   33.613   53.4   5.76  14.000    0.07179    2.24    2.18    3.32
21-07-2024 17:25:41.73  183.77   2.816  30.450   33.614   53.4   5.76  14.000    0.08586    2.22    1.98    3.02
21-07-2024 17:25:41.97  183.81   2.816  30.451   33.615   53.4   5.76  14.000    0.05921    2.29    1.79    2.75
21-07-2024 17:25:42.22  183.95   2.817  30.451   33.615   53.4   5.76  14.000    0.05551    2.03    2.43    3.04
21-07-2024 17:25:42.46  184.01   2.818  30.453   33.615   53.4   5.76  14.000    0.06661    2.10    2.11    3.37
21-07-2024 17:25:42.72  184.12   2.819  30.453   33.614   53.4   5.75  14.000    0.07698    2.21    2.43    2.91
21-07-2024 17:25:42.96  184.24   2.820  30.455   33.616   53.4   5.75  14.000    0.08142    2.21    2.43    2.91
21-07-2024 17:25:43.21  184.35   2.821  30.457   33.617   53.3   5.75  14.000    0.07105    2.23    2.32    2.99
21-07-2024 17:25:43.45  184.45   2.823  30.458   33.616   53.3   5.75  14.000    0.08660    2.38    1.96    3.09
21-07-2024 17:25:43.70  184.53   2.824  30.461   33.619   53.3   5.75  14.000    0.07772    2.09    2.61    2.91
21-07-2024 17:25:43.95  184.61   2.825  30.462   33.619   53.3   5.75  14.000    0.06661    2.23    2.33    2.88
21-07-2024 17:25:44.19  184.78   2.826  30.462   33.617   53.3   5.74  14.000    0.06587    2.30    2.25    2.65
21-07-2024 17:25:44.44  184.83   2.828  30.464   33.618   53.3   5.74  14.000    0.07179    2.18    2.32    3.17
21-07-2024 17:25:44.68  184.97   2.829  30.465   33.618   53.3   5.74  14.000    0.07328    2.18    2.32    3.17
21-07-2024 17:25:44.93  185.11   2.830  30.465   33.617   53.2   5.74  14.000    0.07846    2.11    2.26    3.14
21-07-2024 17:25:45.17  185.20   2.831  30.465   33.617   53.2   5.74  14.000    0.05181    2.13    2.20    2.86
21-07-2024 17:25:45.42  185.28   2.831  30.467   33.617   53.2   5.74  14.000    0.06217    2.26    2.52    2.94
21-07-2024 17:25:45.66  185.36   2.832  30.467   33.616   53.2   5.73  14.000    0.07846    1.86    2.44    3.21
21-07-2024 17:25:45.91  185.45   2.833  30.468   33.617   53.2   5.73  14.000    0.06513    2.29    1.77    3.26
21-07-2024 17:25:46.15  185.50   2.833  30.468   33.617   53.2   5.73  14.000    0.05625    2.08    2.64    3.12
21-07-2024 17:25:46.40  185.63   2.834  30.468   33.616   53.2   5.73  14.000    0.07031    2.08    2.64    3.12
21-07-2024 17:25:46.65  185.72   2.834  30.469   33.616   53.2   5.73  14.000    0.07846    1.95    1.48    3.09
21-07-2024 17:25:46.90  185.87   2.834  30.469   33.617   53.1   5.73  14.000    0.08660    2.19    2.38    3.05
21-07-2024 17:25:47.15  185.95   2.834  30.469   33.617   53.1   5.73  14.000    0.07476    2.17    2.36    3.52
21-07-2024 17:25:47.39  186.01   2.835  30.469   33.617   53.1   5.73  14.000    0.06069    2.38    2.02    3.24
21-07-2024 17:25:47.64  186.11   2.835  30.469   33.617   53.1   5.72  14.000    0.07550    2.13    2.55    2.92
21-07-2024 17:25:47.88  186.31   2.835  30.470   33.617   53.1   5.72  14.000    0.08808    2.50    2.70    3.30
21-07-2024 17:25:48.13  186.42   2.835  30.471   33.618   53.1   5.72  14.000    0.05921    2.50    2.70    3.30
21-07-2024 17:25:48.37  186.49   2.835  30.469   33.616   53.1   5.72  14.000    0.07846    2.24    2.12    3.11
21-07-2024 17:25:48.62  186.57   2.835  30.470   33.616   53.1   5.72  14.000    0.07253    2.00    2.49    2.77
21-07-2024 17:25:48.86  186.63   2.836  30.471   33.617   53.1   5.72  14.000    0.06365    1.90    2.71    3.00
21-07-2024 17:25:49.11  186.74   2.836  30.472   33.618   53.1   5.72  14.000    0.05699    1.99    1.98    3.00
21-07-2024 17:25:49.35  186.92   2.836  30.472   33.618   53.0   5.72  14.000    0.06439    1.93    2.09    2.76
21-07-2024 17:25:49.60  186.98   2.836  30.472   33.618   53.1   5.72  14.000    0.06291    2.25    2.14    2.91
21-07-2024 17:25:49.84  187.07   2.836  30.472   33.617   53.0   5.72  14.000    0.07624    2.25    2.14    2.91
21-07-2024 17:25:50.09  187.19   2.837  30.473   33.618   53.0   5.72  14.000    0.06883    1.87    2.11    3.07
21-07-2024 17:25:50.34  187.30   2.837  30.474   33.619   53.0   5.71  14.000    0.07772    1.71    2.35    3.00
21-07-2024 17:25:50.59  187.38   2.838  30.474   33.617   53.0   5.71  14.000    0.08808    2.06    2.01    3.46
21-07-2024 17:25:50.83  187.45   2.838  30.474   33.618   53.0   5.71  14.000    0.06883    2.13    2.41    3.17
21-07-2024 17:25:51.08  187.60   2.839  30.475   33.619   53.0   5.71  14.000    0.06365    2.13    2.10    3.07
21-07-2024 17:25:51.32  187.63   2.840  30.476   33.619   53.0   5.71  14.000    0.06883    2.32    2.14    3.16
21-07-2024 17:25:51.57  187.74   2.840  30.477   33.620   53.0   5.71  14.000    0.07476    2.32    2.14    3.16
21-07-2024 17:25:51.81  187.89   2.841  30.478   33.620   53.0   5.71  14.000    0.06513    2.17    2.24    2.79
21-07-2024 17:25:52.06  187.99   2.841  30.479   33.621   53.0   5.71  14.000    0.08364    2.39    2.34    3.11
21-07-2024 17:25:52.30  188.06   2.842  30.480   33.621   53.0   5.71  14.000    0.06809    2.00    2.13    3.10
21-07-2024 17:25:52.55  188.15   2.843  30.481   33.621   53.0   5.71  14.000    0.08364    2.17    1.91    3.60
21-07-2024 17:25:52.79  188.30   2.844  30.482   33.622   53.0   5.71  14.000    0.07328    1.77    1.98    3.05
21-07-2024 17:25:53.04  188.34   2.845  30.482   33.620   53.0   5.71  14.000    0.06809    2.09    1.66    3.15
21-07-2024 17:25:53.28  188.47   2.845  30.482   33.621   53.0   5.71  14.000    0.06883    2.09    1.66    3.15
21-07-2024 17:25:53.53  188.56   2.845  30.482   33.620   53.0   5.71  14.000    0.05699    1.99    1.99    2.93
21-07-2024 17:25:53.78  188.67   2.846  30.483   33.621   53.0   5.71  14.000    0.06143    2.21    2.17    2.99
21-07-2024 17:25:54.03  188.73   2.846  30.483   33.620   53.0   5.71  14.000    0.06291    2.20    2.15    3.30
21-07-2024 17:25:54.27  188.84   2.846  30.483   33.620   53.0   5.71  14.000    0.07179    2.19    2.03    2.81
21-07-2024 17:25:54.52  188.92   2.847  30.484   33.621   53.0   5.71  14.000    0.06217    1.84    2.11    3.25
21-07-2024 17:25:54.76  189.01   2.847  30.484   33.620   53.0   5.71  14.000    0.07920    2.07    2.06    3.14
21-07-2024 17:25:55.01  189.13   2.847  30.485   33.621   53.0   5.71  14.000    0.08216    2.07    2.06    3.14
21-07-2024 17:25:55.26  189.28   2.848  30.486   33.622   53.0   5.71  14.000    0.07179    1.99    2.51    3.11
21-07-2024 17:25:55.50  189.31   2.848  30.487   33.622   53.0   5.71  14.000    0.07328    1.89    2.22    3.11
21-07-2024 17:25:55.74  189.46   2.849  30.488   33.622   53.0   5.71  14.000    0.06143    2.31    2.63    3.35
21-07-2024 17:25:55.99  189.54   2.849  30.488   33.623   53.0   5.71  14.000    0.10214    1.97    2.40    2.81
21-07-2024 17:25:56.23  189.69   2.850  30.488   33.621   53.0   5.70  14.000    0.07105    1.84    2.26    3.16
21-07-2024 17:25:56.48  189.76   2.850  30.488   33.622   52.9   5.70  14.000    0.08660    2.12    2.20    3.24
21-07-2024 17:25:56.72  189.82   2.851  30.489   33.622   52.9   5.70  14.000    0.07402    2.12    2.20    3.24
21-07-2024 17:25:56.97  189.93   2.851  30.489   33.622   52.9   5.70  14.000    0.06439    2.28    2.11    3.02
21-07-2024 17:25:57.21  190.10   2.852  30.490   33.622   52.9   5.70  14.000    0.07550    2.17    2.22    2.94
21-07-2024 17:25:57.47  190.16   2.852  30.490   33.621   52.9   5.70  14.000    0.07624    1.79    2.18    3.26
21-07-2024 17:25:57.71  190.20   2.852  30.490   33.622   52.9   5.70  14.000    0.08438    2.09    2.17    3.14
21-07-2024 17:25:57.96  190.35   2.852  30.490   33.622   52.9   5.70  14.000    0.06439    2.24    2.26    3.03
21-07-2024 17:25:58.20  190.43   2.852  30.491   33.623   52.9   5.70  14.000    0.06661    2.10    2.44    3.24
21-07-2024 17:25:58.45  190.57   2.853  30.491   33.622   52.9   5.70  14.000    0.06883    2.10    2.44    3.24
21-07-2024 17:25:58.70  190.62   2.853  30.492   33.623   52.9   5.70  14.000    0.07624    2.02    2.41    2.85
21-07-2024 17:25:58.94  190.77   2.853  30.494   33.625   52.9   5.70  14.000    0.06957    2.13    2.52    3.17
21-07-2024 17:25:59.19  190.85   2.854  30.493   33.622   52.9   5.70  14.000    0.05699    1.94    2.21    2.74
21-07-2024 17:25:59.43  190.94   2.855  30.495   33.624   52.9   5.69  14.000    0.06513    2.11    2.37    3.27
21-07-2024 17:25:59.68  191.07   2.856  30.496   33.625   52.9   5.69  14.000    0.06291    2.26    2.19    3.02
21-07-2024 17:25:59.92  191.19   2.856  30.496   33.624   52.8   5.69  14.000    0.08068    1.77    2.61    3.30
21-07-2024 17:26:00.17  191.21   2.856  30.496   33.624   52.8   5.69  14.000    0.08068    1.77    2.61    3.30
21-07-2024 17:26:00.41  191.33   2.857  30.495   33.623   52.8   5.69  14.000    0.06513    2.17    1.60    3.14
21-07-2024 17:26:00.66  191.43   2.857  30.497   33.624   52.8   5.69  14.000    0.06513    2.26    1.89    3.29
21-07-2024 17:26:00.90  191.53   2.858  30.497   33.623   52.8   5.69  14.000    0.07624    2.05    2.24    2.97
21-07-2024 17:26:01.15  191.61   2.858  30.498   33.625   52.8   5.68  14.000    0.07476    2.22    2.03    3.19
21-07-2024 17:26:01.40  191.73   2.859  30.499   33.624   52.8   5.68  14.000    0.07328    2.14    2.54    2.86
21-07-2024 17:26:01.65  191.80   2.859  30.499   33.625   52.8   5.68  14.000    0.06587    2.03    2.18    3.17
21-07-2024 17:26:01.89  191.92   2.860  30.498   33.623   52.7   5.68  14.000    0.06661    2.03    2.18    3.17
21-07-2024 17:26:02.15  191.99   2.860  30.500   33.625   52.7   5.68  14.000    0.06365    2.15    2.05    3.22
21-07-2024 17:26:02.38  192.05   2.860  30.501   33.625   52.7   5.68  14.000    0.06291    2.18    2.25    2.93
21-07-2024 17:26:02.63  192.11   2.861  30.501   33.625   52.7   5.68  14.000    0.06291    1.95    1.86    3.03
21-07-2024 17:26:02.87  192.20   2.861  30.501   33.624   52.7   5.68  14.000    0.06143    1.92    2.51    2.72
21-07-2024 17:26:03.12  192.21   2.862  30.501   33.623   52.7   5.68  14.000    0.07476    2.51    2.23    3.12
21-07-2024 17:26:03.36  192.25   2.862  30.501   33.623   52.7   5.67  14.000    0.07624    2.00    2.19    2.98
21-07-2024 17:26:03.61  192.32   2.863  30.502   33.623   52.7   5.67  14.000    0.06439    2.00    2.19    2.98
21-07-2024 17:26:03.85  192.31   2.863  30.503   33.624   52.7   5.67  14.000    0.07402    2.23    2.63    2.78
21-07-2024 17:26:04.10  192.41   2.863  30.502   33.623   52.7   5.67  14.000    0.07476    2.14    2.34    3.06
21-07-2024 17:26:04.34  192.48   2.864  30.503   33.623   52.6   5.67  14.000    0.07328    2.18    1.99    3.19
21-07-2024 17:26:04.59  192.53   2.864  30.503   33.623   52.6   5.67  14.000    0.06883    1.87    2.45    2.97
21-07-2024 17:26:04.84  192.51   2.865  30.504   33.624   52.6   5.67  14.000    0.06661    2.17    2.21    3.18
21-07-2024 17:26:05.09  192.59   2.865  30.503   33.623   52.6   5.67  14.000    0.06439    2.15    2.45    2.72
21-07-2024 17:26:05.33  192.60   2.866  30.505   33.625   52.6   5.66  14.000    0.07179    2.15    2.45    2.72
21-07-2024 17:26:05.58  192.67   2.867  30.506   33.623   52.6   5.66  14.000    0.07179    2.22    2.31    3.10
21-07-2024 17:26:05.83  192.71   2.868  30.506   33.623   52.6   5.66  14.000    0.06365    2.10    2.45    2.88
21-07-2024 17:26:06.07  192.73   2.869  30.507   33.623   52.6   5.66  14.000    0.06439    2.11    2.31    3.28
21-07-2024 17:26:06.32  192.84   2.870  30.509   33.624   52.6   5.66  14.000    0.05625    2.00    1.96    3.18
21-07-2024 17:26:06.56  192.82   2.871  30.507   33.622   52.6   5.66  14.000    0.07031    2.08    2.63    3.17
21-07-2024 17:26:06.81  192.83   2.871  30.508   33.623   52.5   5.66  14.000    0.07994    2.04    2.21    3.21
21-07-2024 17:26:07.05  192.88   2.871  30.510   33.625   52.5   5.65  14.000    0.06883    2.04    2.21    3.21
21-07-2024 17:26:07.30  193.01   2.873  30.510   33.623   52.5   5.65  14.000    0.07624    2.02    3.13    2.80
21-07-2024 17:26:07.54  193.00   2.872  30.510   33.623   52.5   5.65  14.000    0.06365    2.15    2.30    2.96
21-07-2024 17:26:07.79  193.03   2.873  30.510   33.622   52.5   5.65  14.000    0.05033    2.44    1.92    3.22
21-07-2024 17:26:08.03  193.10   2.873  30.511   33.624   52.5   5.65  14.000    0.07476    2.22    2.44    2.87
21-07-2024 17:26:08.28  193.11   2.873  30.512   33.625   52.5   5.65  14.000    0.08216    2.17    2.32    3.24
21-07-2024 17:26:08.53  193.16   2.874  30.510   33.622   52.5   5.65  14.000    0.07698    2.32    1.85    3.16
21-07-2024 17:26:08.77  193.21   2.873  30.512   33.625   52.5   5.65  14.000    0.06439    2.32    1.85    3.16
21-07-2024 17:26:09.02  193.26   2.873  30.512   33.625   52.4   5.65  14.000    0.07179    1.75    2.41    3.32
21-07-2024 17:26:09.27  193.27   2.873  30.512   33.624   52.4   5.64  14.000    0.08290    2.06    2.06    3.01
21-07-2024 17:26:09.51  193.34   2.874  30.512   33.624   52.4   5.64  14.000    0.07105    2.10    2.20    2.94
21-07-2024 17:26:09.76  193.43   2.874  30.511   33.622   52.4   5.64  14.000    0.07994    2.05    2.21    3.38
21-07-2024 17:26:10.00  193.49   2.874  30.512   33.624   52.4   5.64  14.000    0.07402    2.07    2.19    3.18
21-07-2024 17:26:10.25  193.50   2.874  30.513   33.624   52.4   5.64  14.000    0.09252    2.05    2.41    3.08
21-07-2024 17:26:10.49  193.52   2.874  30.514   33.625   52.4   5.64  14.000    0.07550    2.05    2.41    3.08
21-07-2024 17:26:10.74  193.57   2.875  30.514   33.625   52.4   5.64  14.000    0.07031    2.18    2.03    2.95
21-07-2024 17:26:10.98  193.63   2.875  30.514   33.625   52.4   5.64  14.000    0.06883    2.34    2.11    3.03
21-07-2024 17:26:11.23  193.67   2.876  30.516   33.626   52.3   5.63  14.000    0.06069    1.93    2.04    2.89
21-07-2024 17:26:11.47  193.72   2.876  30.517   33.627   52.3   5.63  14.000    0.07402    2.08    1.99    2.88
21-07-2024 17:26:11.72  193.76   2.876  30.516   33.627   52.3   5.63  14.000    0.05921    2.25    2.36    2.91
21-07-2024 17:26:11.96  193.77   2.877  30.516   33.626   52.3   5.63  14.000    0.05699    2.25    2.36    2.91
21-07-2024 17:26:12.22  193.86   2.877  30.517   33.626   52.3   5.63  14.000    0.06069    2.25    2.20    3.41
21-07-2024 17:26:12.46  193.92   2.878  30.518   33.627   52.3   5.63  14.000    0.07105    1.95    2.36    3.26
21-07-2024 17:26:12.71  193.95   2.878  30.518   33.626   52.3   5.63  14.000    0.05921    2.02    2.68    3.16
21-07-2024 17:26:12.96  193.97   2.878  30.518   33.626   52.2   5.62  14.000    0.05625    1.96    2.94    3.25
21-07-2024 17:26:13.21  194.06   2.878  30.519   33.627   52.2   5.62  14.000    0.05699    2.15    2.46    3.11
21-07-2024 17:26:13.45  194.12   2.879  30.518   33.626   52.2   5.62  14.000    0.06513    2.27    2.43    3.21
21-07-2024 17:26:13.69  194.17   2.878  30.520   33.628   52.2   5.62  14.000    0.06661    1.81    2.16    3.14
21-07-2024 17:26:13.94  194.23   2.879  30.524   33.633   52.2   5.62  14.000    0.05995    1.81    2.16    3.14
21-07-2024 17:26:14.18  194.34   2.881  30.524   33.631   52.2   5.62  14.000    0.06365    1.78    2.16    3.03
21-07-2024 17:26:14.43  194.40   2.881  30.525   33.632   52.2   5.62  14.000    0.07328    1.92    1.90    3.03
21-07-2024 17:26:14.67  194.46   2.882  30.526   33.632   52.2   5.62  14.000    0.05329    2.02    1.88    3.08
21-07-2024 17:26:14.92  194.54   2.883  30.526   33.632   52.2   5.62  14.000    0.06439    2.21    2.15    3.06
21-07-2024 17:26:15.16  194.63   2.883  30.526   33.631   52.2   5.61  14.000    0.05625    2.01    2.34    3.35
21-07-2024 17:26:15.41  194.70   2.884  30.526   33.630   52.1   5.61  14.000    0.05699    2.01    2.34    3.35
21-07-2024 17:26:15.65  194.74   2.884  30.527   33.631   52.1   5.61  14.000    0.06513    2.03    2.58    3.21
21-07-2024 17:26:15.90  194.85   2.884  30.528   33.632   52.1   5.61  14.000    0.06587    2.09    2.11    2.89
21-07-2024 17:26:16.15  194.90   2.885  30.528   33.630   52.1   5.61  14.000    0.06587    2.08    2.61    3.04
21-07-2024 17:26:16.40  194.95   2.885  30.529   33.632   52.1   5.61  14.000    0.05921    2.23    2.01    2.91
21-07-2024 17:26:16.64  195.09   2.886  30.531   33.633   52.1   5.61  14.000    0.05699    2.03    2.39    2.76
21-07-2024 17:26:16.89  195.10   2.887  30.531   33.632   52.1   5.60  14.000    0.05551    2.11    2.44    2.90
21-07-2024 17:26:17.14  195.20   2.888  30.531   33.632   52.1   5.60  14.000    0.07328    2.05    2.72    2.89
21-07-2024 17:26:17.38  195.30   2.888  30.531   33.632   52.1   5.60  14.000    0.06069    2.05    2.72    2.89
21-07-2024 17:26:17.63  195.33   2.889  30.531   33.631   52.0   5.60  14.000    0.06513    1.85    1.96    3.11
21-07-2024 17:26:17.87  195.46   2.888  30.531   33.631   52.1   5.60  14.000    0.08438    2.25    2.51    3.26
21-07-2024 17:26:18.12  195.48   2.889  30.532   33.631   52.0   5.60  14.000    0.05921    1.93    2.05    2.97
21-07-2024 17:26:18.36  195.61   2.889  30.533   33.632   52.0   5.60  14.000    0.05403    2.17    2.58    3.15
21-07-2024 17:26:18.61  195.67   2.889  30.533   33.633   52.0   5.60  14.000    0.07402    2.15    2.60    3.09
21-07-2024 17:26:18.85  195.71   2.890  30.535   33.634   52.0   5.60  14.000    0.07402    2.15    2.60    3.09
21-07-2024 17:26:19.10  195.83   2.890  30.534   33.632   52.0   5.60  14.000    0.06735    2.17    2.37    3.00
21-07-2024 17:26:19.34  195.88   2.891  30.536   33.634   52.0   5.60  14.000    0.09104    2.15    1.90    2.83
21-07-2024 17:26:19.59  195.95   2.891  30.536   33.634   52.0   5.59  14.000    0.07179    2.15    2.61    3.06
21-07-2024 17:26:19.84  196.06   2.892  30.538   33.635   52.0   5.59  14.000    0.06291    2.28    1.98    3.15
21-07-2024 17:26:20.08  196.16   2.892  30.538   33.635   52.0   5.59  14.000    0.07328    2.12    2.34    3.00
21-07-2024 17:26:20.33  196.15   2.893  30.538   33.634   52.0   5.59  14.000    0.05921    2.09    2.44    2.72
21-07-2024 17:26:20.57  196.27   2.894  30.539   33.635   51.9   5.59  14.000    0.07846    2.09    2.44    2.72
21-07-2024 17:26:20.82  196.32   2.895  30.538   33.633   52.0   5.59  14.000    0.07550    1.91    2.18    3.11
21-07-2024 17:26:21.07  196.42   2.895  30.538   33.632   51.9   5.59  14.000    0.08660    2.38    2.31    3.01
21-07-2024 17:26:21.31  196.46   2.895  30.540   33.634   51.9   5.59  14.000    0.07031    2.02    2.38    2.93
21-07-2024 17:26:21.56  196.56   2.896  30.541   33.635   51.9   5.59  14.000    0.05403    1.91    2.24    3.18
21-07-2024 17:26:21.80  196.65   2.896  30.541   33.634   51.9   5.59  14.000    0.06957    1.84    1.98    3.17
21-07-2024 17:26:22.05  196.70   2.897  30.542   33.634   51.9   5.59  14.000    0.05921    2.22    2.27    3.13
21-07-2024 17:26:22.29  196.76   2.897  30.541   33.634   51.9   5.58  14.000    0.07031    2.22    2.27    3.13
21-07-2024 17:26:22.54  196.88   2.897  30.542   33.634   51.9   5.58  14.000    0.07328    2.34    2.13    3.15
21-07-2024 17:26:22.78  196.91   2.897  30.541   33.633   51.9   5.58  14.000    0.07402    2.30    2.42    3.23
21-07-2024 17:26:23.03  197.03   2.898  30.542   33.633   51.9   5.58  14.000    0.06809    2.21    2.08    3.16
21-07-2024 17:26:23.28  197.08   2.897  30.543   33.634   51.9   5.58  14.000    0.07031    1.98    2.38    3.00
21-07-2024 17:26:23.53  197.13   2.898  30.542   33.634   51.9   5.58  14.000    0.05995    1.96    2.56    2.87
21-07-2024 17:26:23.78  197.22   2.898  30.542   33.632   51.9   5.58  14.000    0.04589    1.84    2.32    3.13
21-07-2024 17:26:24.03  197.33   2.898  30.543   33.634   51.9   5.58  14.000    0.05625    2.28    2.00    3.24
21-07-2024 17:26:24.26  197.43   2.898  30.542   33.633   51.8   5.58  14.000    0.06661    2.28    2.00    3.24
21-07-2024 17:26:24.51  197.42   2.898  30.543   33.634   51.8   5.58  14.000    0.07476    1.83    2.72    2.99
21-07-2024 17:26:24.75  197.56   2.898  30.542   33.633   51.8   5.58  14.000    0.07253    2.48    2.13    3.32
21-07-2024 17:26:25.00  197.59   2.898  30.543   33.633   51.8   5.58  14.000    0.04515    2.08    2.40    3.24
21-07-2024 17:26:25.24  197.72   2.899  30.543   33.634   51.8   5.58  14.000    0.07179    2.21    2.24    3.33
21-07-2024 17:26:25.49  197.77   2.899  30.544   33.635   51.8   5.58  14.000    0.06217    2.35    2.33    2.95
21-07-2024 17:26:25.73  197.90   2.899  30.543   33.634   51.8   5.58  14.000    0.05181    2.35    2.33    2.95
21-07-2024 17:26:25.98  197.91   2.899  30.545   33.635   51.8   5.57  14.000    0.06735    2.37    2.19    3.19
21-07-2024 17:26:26.22  198.02   2.899  30.544   33.634   51.8   5.58  14.000    0.07476    1.96    2.12    3.03
21-07-2024 17:26:26.47  198.06   2.899  30.544   33.634   51.8   5.58  14.000    0.06291    2.24    2.78    2.93
21-07-2024 17:26:26.72  198.18   2.899  30.545   33.635   51.8   5.57  14.000    0.07624    2.29    2.32    3.07
21-07-2024 17:26:26.97  198.24   2.900  30.544   33.633   51.8   5.57  14.000    0.06143    1.95    2.22    2.86
21-07-2024 17:26:27.21  198.31   2.899  30.545   33.635   51.8   5.57  14.000    0.05329    2.10    2.15    3.19
21-07-2024 17:26:27.46  198.37   2.900  30.546   33.635   51.8   5.57  14.000    0.05551    2.10    2.15    3.19
21-07-2024 17:26:27.70  198.47   2.900  30.547   33.636   51.8   5.57  14.000    0.07772    1.85    2.48    3.22
21-07-2024 17:26:27.95  198.54   2.900  30.546   33.634   51.8   5.57  14.000    0.07476    2.04    2.16    3.07
21-07-2024 17:26:28.20  198.57   2.901  30.545   33.634   51.8   5.57  14.000    0.06957    2.38    2.37    3.04
21-07-2024 17:26:28.44  198.71   2.901  30.547   33.635   51.8   5.57  14.000    0.06069    1.87    2.63    2.80
21-07-2024 17:26:28.69  198.71   2.901  30.548   33.636   51.8   5.57  14.000    0.06439    2.13    2.40    3.24
21-07-2024 17:26:28.93  198.85   2.902  30.548   33.636   51.7   5.57  14.000    0.07772    2.10    2.59    3.29
21-07-2024 17:26:29.17  198.90   2.902  30.549   33.636   51.8   5.57  14.000    0.05847    2.10    2.59    3.29
21-07-2024 17:26:29.42  198.90   2.902  30.548   33.635   51.7   5.56  14.000    0.06143    2.24    2.07    2.91
21-07-2024 17:26:29.67  198.93   2.903  30.548   33.635   51.7   5.56  14.000    0.07402    2.11    1.92    3.12
21-07-2024 17:26:29.91  198.96   2.904  30.551   33.636   51.7   5.56  14.000    0.05921    2.15    2.33    3.12
21-07-2024 17:26:30.16  199.00   2.906  30.552   33.636   51.7   5.56  14.000    0.08586    1.97    2.13    3.19
21-07-2024 17:26:30.40  199.06   2.906  30.551   33.635   51.7   5.56  14.000    0.05995    2.19    2.07    3.23
21-07-2024 17:26:30.65  199.11   2.907  30.552   33.635   51.7   5.56  14.000    0.07994    2.15    2.56    3.14
21-07-2024 17:26:30.90  199.16   2.907  30.552   33.635   51.7   5.56  14.000    0.07920    2.15    2.56    3.14
21-07-2024 17:26:31.15  199.23   2.907  30.551   33.634   51.7   5.56  14.000    0.07476    1.98    2.51    3.21
21-07-2024 17:26:31.39  199.28   2.907  30.552   33.635   51.7   5.56  14.000    0.04885    2.15    2.20    2.76
21-07-2024 17:26:31.64  199.29   2.908  30.553   33.635   51.7   5.56  14.000    0.06957    2.21    1.87    2.96
21-07-2024 17:26:31.89  199.34   2.908  30.551   33.633   51.7   5.56  14.000    0.06661    1.99    2.33    3.27
21-07-2024 17:26:32.13  199.42   2.908  30.553   33.636   51.6   5.56  14.000    0.07105    1.98    2.64    2.92
21-07-2024 17:26:32.38  199.42   2.908  30.553   33.635   51.6   5.56  14.000    0.06439    1.87    2.20    3.10
21-07-2024 17:26:32.62  199.42   2.908  30.553   33.635   51.6   5.55  14.000    0.05181    1.87    2.20    3.10
21-07-2024 17:26:32.87  199.53   2.908  30.552   33.634   51.6   5.55  14.000    0.07031    1.95    2.44    2.98
21-07-2024 17:26:33.11  199.57   2.908  30.554   33.636   51.6   5.55  14.000    0.07698    2.04    2.21    3.13
21-07-2024 17:26:33.36  199.59   2.908  30.554   33.636   51.6   5.55  14.000    0.06587    1.78    2.26    3.26
21-07-2024 17:26:33.60  199.61   2.909  30.556   33.637   51.6   5.55  14.000    0.08956    2.21    1.75    3.18
21-07-2024 17:26:33.85  199.62   2.909  30.558   33.639   51.6   5.55  14.000    0.05995    2.10    2.51    3.09
21-07-2024 17:26:34.09  199.69   2.912  30.559   33.639   51.6   5.54  14.000    0.05699    2.10    2.03    3.23
21-07-2024 17:26:34.34  199.71   2.914  30.561   33.638   51.5   5.54  14.000    0.04885    2.10    2.03    3.23
21-07-2024 17:26:34.59  199.75   2.916  30.561   33.637   51.5   5.54  14.000    0.04441    2.25    1.91    3.02
21-07-2024 17:26:34.84  199.86   2.916  30.562   33.638   51.5   5.54  14.000    0.07253    2.07    2.39    3.03
21-07-2024 17:26:35.09  199.87   2.917  30.563   33.637   51.5   5.54  14.000    0.05699    1.96    1.91    3.35
21-07-2024 17:26:35.33  199.96   2.918  30.563   33.637   51.5   5.54  14.000    0.06143    2.55    2.30    3.15
21-07-2024 17:26:35.57  199.93   2.918  30.564   33.638   51.5   5.54  14.000    0.06365    2.19    1.96    3.04
21-07-2024 17:26:35.82  200.03   2.918  30.564   33.637   51.5   5.54  14.000    0.06291    1.98    2.55    3.16
21-07-2024 17:26:36.06  200.03   2.918  30.564   33.637   51.5   5.53  14.000    0.05625    1.98    2.55    3.16
21-07-2024 17:26:36.31  200.05   2.919  30.565   33.638   51.5   5.53  14.000    0.06587    1.96    2.27    2.98
21-07-2024 17:26:36.55  200.11   2.919  30.567   33.639   51.4   5.53  14.000    0.06217    2.35    2.30    3.14
21-07-2024 17:26:36.80  200.13   2.921  30.567   33.638   51.4   5.53  14.000    0.07994    1.83    2.36    3.30
21-07-2024 17:26:37.04  200.22   2.921  30.567   33.638   51.4   5.53  14.000    0.08364    2.49    2.07    3.05
21-07-2024 17:26:37.29  200.22   2.922  30.568   33.638   51.4   5.53  14.000    0.05107    2.01    2.16    2.95
21-07-2024 17:26:37.53  200.31   2.922  30.569   33.640   51.4   5.53  14.000    0.07550    2.07    2.18    3.43
21-07-2024 17:26:37.78  200.34   2.923  30.569   33.638   51.4   5.53  14.000    0.06587    2.07    2.18    3.43
21-07-2024 17:26:38.03  200.37   2.923  30.570   33.639   51.4   5.53  14.000    0.06365    2.01    2.40    3.05
21-07-2024 17:26:38.27  200.43   2.924  30.571   33.639   51.4   5.52  14.000    0.06439    2.21    2.38    2.96
21-07-2024 17:26:38.52  200.48   2.925  30.572   33.640   51.4   5.52  14.000    0.04885    1.88    2.27    2.90
21-07-2024 17:26:38.77  200.47   2.926  30.572   33.640   51.3   5.52  14.000    0.08734    2.24    2.46    2.94
21-07-2024 17:26:39.01  200.48   2.926  30.574   33.641   51.3   5.52  14.000    0.07105    2.00    2.59    2.73
21-07-2024 17:26:39.26  200.53   2.927  30.572   33.639   51.3   5.52  14.000    0.05847    1.85    2.30    3.24
21-07-2024 17:26:39.50  200.54   2.927  30.570   33.635   51.3   5.52  14.000    0.06439    1.85    2.30    3.24
21-07-2024 17:26:39.75  200.55   2.928  30.571   33.636   51.3   5.52  14.000    0.05773    2.19    2.00    3.07
21-07-2024 17:26:39.99  200.54   2.927  30.571   33.636   51.3   5.51  14.000    0.05773    2.05    2.42    2.66
21-07-2024 17:26:40.24  200.54   2.926  30.570   33.636   51.3   5.51  14.000    0.05255    1.88    2.52    3.13
21-07-2024 17:26:40.48  200.53   2.927  30.570   33.635   51.3   5.51  14.000    0.06365    2.11    2.07    2.92
21-07-2024 17:26:40.73  200.52   2.926  30.568   33.634   51.3   5.51  14.000    0.06365    1.84    2.22    3.13
21-07-2024 17:26:40.97  200.47   2.926  30.569   33.634   51.2   5.51  14.000    0.07328    2.21    2.19    3.16
21-07-2024 17:26:41.22  200.54   2.927  30.568   33.633   51.2   5.51  14.000    0.05625    2.21    2.19    3.16
21-07-2024 17:26:41.47  200.54   2.927  30.567   33.632   51.2   5.51  14.000    0.06069    1.92    2.09    3.33
21-07-2024 17:26:41.72  200.49   2.927  30.567   33.632   51.2   5.51  14.000    0.07179    1.97    2.29    2.89
21-07-2024 17:26:41.96  200.49   2.928  30.567   33.631   51.2   5.50  14.000    0.05625    2.02    2.37    3.01
21-07-2024 17:26:42.21  200.49   2.928  30.569   33.632   51.2   5.50  14.000    0.07698    2.24    2.04    3.18
21-07-2024 17:26:42.46  200.48   2.928  30.569   33.633   51.2   5.50  14.000    0.04885    2.27    2.05    3.10
21-07-2024 17:26:42.70  200.47   2.928  30.568   33.633   51.1   5.50  14.000    0.04145    2.29    2.19    2.85
21-07-2024 17:26:42.95  200.53   2.928  30.570   33.634   51.1   5.49  14.000    0.06735    2.29    2.19    2.85
21-07-2024 17:26:43.19  200.48   2.928  30.570   33.633   51.1   5.49  14.000    0.06143    2.12    2.07    3.26
21-07-2024 17:26:43.44  200.52   2.928  30.569   33.633   51.1   5.49  14.000    0.05551    2.04    2.35    3.18
21-07-2024 17:26:43.68  200.54   2.929  30.569   33.632   51.0   5.49  14.000    0.05699    2.06    2.53    2.79
21-07-2024 17:26:43.93  200.51   2.929  30.567   33.630   51.0   5.48  14.000    0.06513    2.01    2.18    3.10
21-07-2024 17:26:44.17  200.58   2.929  30.570   33.633   51.0   5.48  14.000    0.06587    2.22    2.17    2.84
21-07-2024 17:26:44.42  200.58   2.929  30.573   33.637   50.9   5.48  14.000    0.06365    2.26    2.32    3.31
21-07-2024 17:26:44.66  200.67   2.930  30.577   33.641   50.9   5.47  14.000    0.07179    2.26    2.32    3.31
21-07-2024 17:26:44.91  200.75   2.932  30.580   33.642   50.9   5.47  14.000    0.05699    2.25    2.29    3.05
21-07-2024 17:26:45.15  200.77   2.933  30.581   33.643   50.9   5.47  14.000    0.06439    2.03    2.28    3.22
21-07-2024 17:26:45.40  200.83   2.934  30.580   33.640   50.8   5.46  14.000    0.05107    2.14    2.09    2.83
21-07-2024 17:26:45.65  200.82   2.934  30.581   33.642   50.8   5.46  14.000    0.07402    1.95    2.41    2.89
21-07-2024 17:26:45.90  200.86   2.935  30.585   33.645   50.7   5.45  14.000    0.06143    2.16    2.25    3.31
21-07-2024 17:26:46.15  200.87   2.938  30.582   33.639   50.7   5.45  14.000    0.06143    2.05    2.49    3.17
21-07-2024 17:26:46.39  200.81   2.938  30.582   33.639   50.7   5.45  14.000    0.04959    2.05    2.49    3.17
21-07-2024 17:26:46.63  200.87   2.937  30.581   33.638   50.6   5.44  14.000    0.07031    2.06    2.54    3.26
21-07-2024 17:26:46.88  200.85   2.938  30.582   33.639   50.6   5.44  14.000    0.06217    1.83    2.08    2.97
21-07-2024 17:26:47.12  200.91   2.938  30.580   33.636   50.6   5.44  14.000    0.07253    1.83    2.18    2.76
21-07-2024 17:26:47.37  200.87   2.938  30.580   33.636   50.6   5.44  14.000    0.07105    2.15    2.21    2.87
21-07-2024 17:26:47.61  200.81   2.937  30.579   33.635   50.6   5.43  14.000    0.05625    2.24    2.08    3.02
21-07-2024 17:26:47.86  200.85   2.938  30.579   33.635   50.5   5.43  14.000    0.06291    2.55    2.73    3.11
21-07-2024 17:26:48.10  200.89   2.938  30.580   33.635   50.5   5.43  14.000    0.06439    2.55    2.73    3.11
21-07-2024 17:26:48.35  200.91   2.938  30.579   33.635   50.5   5.43  14.000    0.05773    2.23    2.32    3.12
21-07-2024 17:26:48.60  200.90   2.939  30.579   33.634   50.5   5.43  14.000    0.05995    2.25    2.32    2.88
21-07-2024 17:26:48.84  200.90   2.939  30.580   33.634   50.5   5.43  14.000    0.05329    2.38    1.91    3.10
21-07-2024 17:26:49.09  200.83   2.939  30.581   33.636   50.5   5.43  14.000    0.07402    2.19    2.27    3.25
21-07-2024 17:26:49.34  200.89   2.939  30.581   33.635   50.5   5.43  14.000    0.05033    1.82    2.68    3.20
21-07-2024 17:26:49.59  200.84   2.939  30.581   33.635   50.5   5.43  14.000    0.04737    2.04    2.31    2.85
21-07-2024 17:26:49.83  200.88   2.940  30.580   33.633   50.5   5.42  14.000    0.05625    2.04    2.31    2.85
21-07-2024 17:26:50.08  200.84   2.939  30.580   33.634   50.5   5.42  14.000    0.06069    2.08    2.43    3.48
21-07-2024 17:26:50.32  200.88   2.940  30.580   33.633   50.5   5.42  14.000    0.06735    2.13    2.12    3.08
21-07-2024 17:26:50.57  200.86   2.940  30.579   33.633   50.4   5.42  14.000    0.05403    2.21    2.04    3.05
21-07-2024 17:26:50.81  200.88   2.939  30.579   33.632   50.4   5.42  14.000    0.05477    2.06    2.27    2.97
21-07-2024 17:26:51.06  200.89   2.939  30.577   33.631   50.4   5.42  14.000    0.06661    1.93    2.62    3.05
21-07-2024 17:26:51.30  200.88   2.940  30.581   33.636   50.4   5.42  14.000    0.07476    1.93    2.24    2.94
21-07-2024 17:26:51.55  200.99   2.941  30.585   33.638   50.4   5.42  14.000    0.05995    1.93    2.24    2.94
21-07-2024 17:26:51.79  201.08   2.942  30.588   33.641   50.4   5.42  14.000    0.05181    2.00    2.30    3.05
21-07-2024 17:26:52.04  201.15   2.942  30.590   33.644   50.4   5.42  14.000    0.05477    2.12    2.58    3.00
21-07-2024 17:26:52.28  201.33   2.943  30.592   33.646   50.4   5.41  14.000    0.05625    2.14    2.29    3.20
21-07-2024 17:26:52.53  201.42   2.944  30.593   33.646   50.4   5.41  14.000    0.05847    2.26    2.12    2.92
21-07-2024 17:26:52.78  201.39   2.944  30.592   33.643   50.4   5.41  14.000    0.05921    2.16    2.11    3.22
21-07-2024 17:26:53.02  201.41   2.945  30.591   33.641   50.3   5.41  14.000    0.07328    2.06    2.64    3.06
21-07-2024 17:26:53.27  201.50   2.945  30.592   33.642   50.3   5.41  14.000    0.06069    2.06    2.64    3.06
21-07-2024 17:26:53.52  201.47   2.945  30.592   33.643   50.3   5.41  14.000    0.07105    1.92    2.34    3.04
21-07-2024 17:26:53.76  201.55   2.945  30.593   33.644   50.3   5.41  14.000    0.06957    2.04    1.95    3.02
21-07-2024 17:26:54.01  201.55   2.946  30.593   33.643   50.3   5.41  14.000    0.06439    2.01    2.32    3.11
21-07-2024 17:26:54.26  201.50   2.946  30.593   33.643   50.3   5.41  14.000    0.05625    2.00    1.76    3.53
21-07-2024 17:26:54.50  201.57   2.947  30.591   33.640   50.3   5.40  14.000    0.05329    2.35    1.96    3.03
21-07-2024 17:26:54.75  201.55   2.949  30.592   33.639   50.3   5.40  14.000    0.05107    2.12    2.25    3.04
21-07-2024 17:26:54.99  201.52   2.949  30.592   33.639   50.3   5.40  14.000    0.05181    2.12    2.25    3.04
21-07-2024 17:26:55.24  201.58   2.950  30.591   33.636   50.3   5.40  14.000    0.06143    2.45    2.16    3.38
21-07-2024 17:26:55.48  201.59   2.950  30.593   33.639   50.3   5.40  14.000    0.05477    1.97    2.30    3.17
21-07-2024 17:26:55.73  201.61   2.951  30.597   33.643   50.3   5.40  14.000    0.06957    2.16    2.31    3.18
21-07-2024 17:26:55.97  201.64   2.951  30.598   33.644   50.3   5.40  14.000    0.07031    1.91    2.00    3.26
21-07-2024 17:26:56.22  201.65   2.952  30.600   33.645   50.3   5.40  14.000    0.06439    1.97    2.31    3.13
21-07-2024 17:26:56.47  201.73   2.953  30.601   33.645   50.3   5.40  14.000    0.05921    1.89    2.35    3.13
21-07-2024 17:26:56.71  201.76   2.954  30.602   33.645   50.3   5.40  14.000    0.04737    1.89    2.35    3.13
21-07-2024 17:26:56.96  201.84   2.955  30.601   33.644   50.3   5.40  14.000    0.05477    1.99    2.65    2.99
21-07-2024 17:26:57.21  201.79   2.954  30.601   33.644   50.3   5.40  14.000    0.05107    2.08    2.58    2.88
21-07-2024 17:26:57.45  201.83   2.954  30.602   33.645   50.3   5.40  14.000    0.06291    2.19    2.34    2.90
21-07-2024 17:26:57.70  201.90   2.954  30.603   33.646   50.3   5.40  14.000    0.05773    2.12    2.41    3.18
21-07-2024 17:26:57.94  201.98   2.954  30.603   33.646   50.3   5.40  14.000    0.05921    2.15    2.73    3.07
21-07-2024 17:26:58.19  202.02   2.954  30.603   33.646   50.3   5.40  14.000    0.06735    2.15    2.73    3.07
21-07-2024 17:26:58.43  202.05   2.955  30.602   33.644   50.2   5.40  14.000    0.05033    1.82    2.16    3.18
21-07-2024 17:26:58.68  202.07   2.955  30.602   33.645   50.2   5.40  14.000    0.07624    1.75    2.29    3.17
21-07-2024 17:26:58.92  202.08   2.954  30.603   33.646   50.2   5.40  14.000    0.05773    2.04    2.28    3.22
21-07-2024 17:26:59.17  202.13   2.954  30.602   33.645   50.2   5.40  14.000    0.05847    2.43    2.04    3.19
21-07-2024 17:26:59.41  202.19   2.954  30.602   33.645   50.2   5.40  14.000    0.07698    2.14    2.11    3.13
21-07-2024 17:26:59.66  202.23   2.954  30.603   33.646   50.2   5.39  14.000    0.08364    2.23    2.76    2.98
21-07-2024 17:26:59.90  202.23   2.955  30.602   33.645   50.2   5.39  14.000    0.06661    2.23    2.76    2.98
21-07-2024 17:27:00.16  202.29   2.955  30.603   33.645   50.2   5.40  14.000    0.06069    2.11    2.42    3.42
21-07-2024 17:27:00.40  202.32   2.955  30.603   33.645   50.2   5.39  14.000    0.08364    2.13    2.12    3.27
21-07-2024 17:27:00.65  202.35   2.955  30.603   33.645   50.2   5.40  14.000    0.05625    1.97    2.47    3.15
21-07-2024 17:27:00.89  202.36   2.956  30.604   33.646   50.2   5.40  14.000    0.05847    2.34    2.01    2.85
21-07-2024 17:27:01.14  202.41   2.956  30.605   33.647   50.2   5.40  14.000    0.05033    1.89    2.36    3.16
21-07-2024 17:27:01.38  202.43   2.956  30.605   33.646   50.2   5.40  14.000    0.06365    1.85    1.98    3.30
21-07-2024 17:27:01.63  202.47   2.957  30.604   33.645   50.2   5.39  14.000    0.07179    1.85    1.98    3.30
21-07-2024 17:27:01.87  202.45   2.957  30.604   33.644   50.2   5.39  14.000    0.05107    1.86    2.49    3.18
21-07-2024 17:27:02.12  202.44   2.957  30.604   33.644   50.2   5.40  14.000    0.07402    2.15    1.90    3.05
21-07-2024 17:27:02.36  202.42   2.957  30.605   33.645   50.2   5.39  14.000    0.05847    1.84    2.25    2.94
21-07-2024 17:27:02.61  202.42   2.957  30.604   33.644   50.2   5.40  14.000    0.05699    2.41    2.55    3.09
21-07-2024 17:27:02.85  202.39   2.956  30.602   33.643   50.2   5.40  14.000    0.06661    2.02    2.47    3.22
21-07-2024 17:27:03.10  202.44   2.956  30.602   33.643   50.2   5.40  14.000    0.04293    1.99    1.97    2.65
21-07-2024 17:27:03.34  202.44   2.957  30.602   33.642   50.2   5.40  14.000    0.05329    1.99    1.97    2.65
21-07-2024 17:27:03.59  202.42   2.957  30.602   33.642   50.2   5.40  14.000    0.05921    2.35    2.75    3.11
21-07-2024 17:27:03.84  202.42   2.957  30.602   33.642   50.2   5.40  14.000    0.05625    1.98    2.59    3.20
21-07-2024 17:27:04.09  202.41   2.958  30.601   33.640   50.2   5.39  14.000    0.05773    2.19    1.94    3.13
21-07-2024 17:27:04.34  202.46   2.958  30.603   33.642   50.2   5.39  14.000    0.05995    2.23    2.30    2.84
21-07-2024 17:27:04.58  202.44   2.957  30.603   33.643   50.2   5.39  14.000    0.05477    2.37    1.65    2.98
21-07-2024 17:27:04.83  202.43   2.958  30.602   33.641   50.2   5.39  14.000    0.05847    2.36    2.54    3.04
21-07-2024 17:27:05.07  202.45   2.958  30.603   33.642   50.2   5.39  14.000    0.05403    2.36    2.54    3.04
21-07-2024 17:27:05.32  202.45   2.958  30.604   33.643   50.2   5.39  14.000    0.04959    2.00    2.15    3.31
21-07-2024 17:27:05.56  202.43   2.958  30.603   33.642   50.2   5.39  14.000    0.06809    1.56    2.57    3.04
21-07-2024 17:27:05.81  202.43   2.958  30.602   33.641   50.2   5.39  14.000    0.05255    2.39    1.84    3.16
21-07-2024 17:27:06.05  202.44   2.958  30.602   33.641   50.1   5.39  14.000    0.05551    2.36    2.10    3.23
21-07-2024 17:27:06.30  202.43   2.959  30.604   33.642   50.1   5.38  14.000    0.05699    1.99    2.41    3.08
21-07-2024 17:27:06.54  202.44   2.958  30.603   33.642   50.1   5.38  14.000    0.05033    1.97    2.67    3.05
21-07-2024 17:27:06.79  202.40   2.958  30.601   33.640   50.1   5.38  14.000    0.07031    1.97    2.67    3.05
21-07-2024 17:27:07.03  202.38   2.958  30.602   33.641   50.1   5.38  14.000    0.04663    1.93    2.23    3.06
21-07-2024 17:27:07.28  202.46   2.958  30.601   33.640   50.1   5.38  14.000    0.05551    1.97    2.14    3.19
21-07-2024 17:27:07.53  202.35   2.958  30.602   33.640   50.0   5.37  14.000    0.05477    1.98    2.65    3.36
21-07-2024 17:27:07.78  202.36   2.958  30.602   33.640   50.0   5.37  14.000    0.06069    2.25    2.25    2.93
21-07-2024 17:27:08.03  202.37   2.958  30.602   33.640   50.0   5.37  14.000    0.07402    2.07    2.48    3.13
21-07-2024 17:27:08.27  202.40   2.958  30.600   33.638   50.0   5.37  14.000    0.04663    2.09    2.07    3.05
21-07-2024 17:27:08.52  202.41   2.958  30.601   33.639   49.9   5.36  14.000    0.05847    2.09    2.07    3.05
21-07-2024 17:27:08.76  202.35   2.958  30.602   33.641   49.9   5.36  14.000    0.05181    2.09    2.64    3.23
21-07-2024 17:27:09.01  202.42   2.958  30.601   33.640   49.9   5.36  14.000    0.06735    2.07    2.14    3.05
21-07-2024 17:27:09.25  202.37   2.959  30.602   33.640   49.9   5.36  14.000    0.05773    2.11    1.98    2.77
21-07-2024 17:27:09.50  202.42   2.959  30.601   33.639   49.9   5.35  14.000    0.05403    2.16    1.93    3.34
21-07-2024 17:27:09.74  202.38   2.958  30.602   33.641   49.8   5.35  14.000    0.05477    1.97    2.12    3.21
21-07-2024 17:27:09.99  202.40   2.958  30.602   33.640   49.8   5.35  14.000    0.05625    2.10    2.18    3.25
21-07-2024 17:27:10.23  202.42   2.958  30.602   33.640   49.8   5.35  14.000    0.06365    2.10    2.18    3.25
21-07-2024 17:27:10.48  202.36   2.959  30.600   33.637   49.8   5.34  14.000    0.04219    2.30    2.32    3.11
21-07-2024 17:27:10.72  202.44   2.959  30.600   33.638   49.7   5.34  14.000    0.06217    2.13    2.17    3.01
21-07-2024 17:27:10.97  202.41   2.958  30.599   33.637   49.7   5.34  14.000    0.04071    1.81    2.26    3.14
21-07-2024 17:27:11.22  202.41   2.959  30.598   33.636   49.7   5.34  14.000    0.05255    1.95    2.01    3.05
21-07-2024 17:27:11.46  202.39   2.959  30.597   33.634   49.7   5.34  14.000    0.05995    2.15    2.37    3.17
21-07-2024 17:27:11.71  202.43   2.959  30.598   33.634   49.7   5.34  14.000    0.05329    2.11    1.88    3.17
21-07-2024 17:27:11.96  202.39   2.959  30.597   33.633   49.6   5.33  14.000    0.05107    2.11    1.88    3.17
21-07-2024 17:27:12.20  202.41   2.958  30.597   33.634   49.6   5.33  14.000    0.04811    2.02    2.19    3.03
21-07-2024 17:27:12.45  202.41   2.959  30.596   33.633   49.6   5.33  14.000    0.05255    2.02    2.76    3.32
21-07-2024 17:27:12.69  202.39   2.959  30.597   33.633   49.6   5.33  14.000    0.05033    2.19    2.45    2.89
21-07-2024 17:27:12.94  202.41   2.960  30.595   33.631   49.6   5.33  14.000    0.04959    2.07    2.16    3.06
21-07-2024 17:27:13.18  202.39   2.959  30.595   33.631   49.6   5.33  14.000    0.05773    2.04    2.25    3.10
21-07-2024 17:27:13.43  202.38   2.959  30.595   33.632   49.6   5.32  14.000    0.04293    2.02    2.38    3.01
21-07-2024 17:27:13.67  202.42   2.959  30.596   33.633   49.6   5.32  14.000    0.05921    2.02    2.38    3.01
21-07-2024 17:27:13.92  202.36   2.960  30.594   33.629   49.5   5.32  14.000    0.07031    1.93    2.71    3.08
21-07-2024 17:27:14.16  202.41   2.959  30.595   33.631   49.5   5.32  14.000    0.06513    1.98    2.60    3.75
21-07-2024 17:27:14.41  202.37   2.959  30.595   33.630   49.5   5.32  14.000    0.06365    2.14    2.18    3.03
21-07-2024 17:27:14.65  202.41   2.959  30.594   33.630   49.5   5.32  14.000    0.07846    2.29    2.72    3.11
21-07-2024 17:27:14.91  202.36   2.960  30.594   33.630   49.5   5.32  14.000    0.04663    2.45    2.40    3.37
21-07-2024 17:27:15.15  202.35   2.959  30.593   33.629   49.5   5.31  14.000    0.04515    2.21    2.63    2.64
21-07-2024 17:27:15.40  202.40   2.960  30.593   33.628   49.4   5.31  14.000    0.04441    2.21    2.63    2.64
21-07-2024 17:27:15.64  202.38   2.959  30.592   33.628   49.4   5.31  14.000    0.04219    2.41    2.01    3.07
21-07-2024 17:27:15.89  202.40   2.959  30.593   33.628   49.4   5.31  14.000    0.05551    1.97    2.41    2.79
21-07-2024 17:27:16.14  202.33   2.959  30.593   33.628   49.4   5.31  14.000    0.06439    1.86    2.14    2.95
21-07-2024 17:27:16.38  202.33   2.959  30.595   33.630   49.4   5.31  14.000    0.06439    1.94    2.29    3.08
21-07-2024 17:27:16.63  202.33   2.960  30.595   33.631   49.4   5.30  14.000    0.05551    2.00    2.18    3.17
21-07-2024 17:27:16.87  202.35   2.960  30.595   33.630   49.4   5.30  14.000    0.05921    1.74    2.12    3.17
21-07-2024 17:27:17.14  202.40   2.960  30.597   33.633   49.4   5.30  14.000    0.06291    2.09    2.17    3.22
21-07-2024 17:27:17.36  202.38   2.960  30.598   33.634   49.4   5.30  14.000    0.05551    2.09    2.17    3.22
21-07-2024 17:27:17.61  202.38   2.960  30.600   33.636   49.3   5.30  14.000    0.04811    2.37    2.57    3.22
21-07-2024 17:27:17.85  202.37   2.960  30.603   33.640   49.3   5.30  14.000    0.05921    2.04    1.91    3.16
21-07-2024 17:27:18.10  202.34   2.960  30.603   33.640   49.3   5.30  14.000    0.06513    1.66    2.09    3.17
21-07-2024 17:27:18.34  202.33   2.960  30.605   33.642   49.3   5.30  14.000    0.06957    2.00    2.30    2.94
21-07-2024 17:27:18.60  202.34   2.960  30.605   33.642   49.3   5.30  14.000    0.07031    1.99    2.25    2.89
21-07-2024 17:27:18.84  202.35   2.960  30.604   33.640   49.3   5.30  14.000    0.05551    1.99    2.25    2.89
21-07-2024 17:27:19.10  202.32   2.960  30.605   33.642   49.3   5.30  14.000    0.06217    1.99    2.35    2.87
21-07-2024 17:27:19.33  202.39   2.961  30.606   33.642   49.3   5.29  14.000    0.05477    1.93    2.32    3.12
21-07-2024 17:27:19.58  202.32   2.960  30.604   33.642   49.3   5.29  14.000    0.05181    1.95    2.08    2.78
21-07-2024 17:27:19.82  202.40   2.960  30.605   33.642   49.3   5.29  14.000    0.07105    2.24    2.40    3.16
21-07-2024 17:27:20.07  202.33   2.960  30.606   33.643   49.3   5.29  14.000    0.05477    1.88    2.11    2.81
21-07-2024 17:27:20.31  202.41   2.960  30.606   33.643   49.3   5.30  14.000    0.04885    2.12    2.36    2.88
21-07-2024 17:27:20.56  202.40   2.960  30.605   33.643   49.3   5.29  14.000    0.07031    2.12    2.36    2.88
21-07-2024 17:27:20.80  202.33   2.960  30.606   33.643   49.3   5.29  14.000    0.04589    2.06    2.23    2.96
21-07-2024 17:27:21.05  202.35   2.960  30.607   33.644   49.3   5.29  14.000    0.05921    1.79    2.27    2.99
21-07-2024 17:27:21.29  202.36   2.960  30.606   33.643   49.3   5.29  14.000    0.05773    1.96    2.32    3.08
21-07-2024 17:27:21.54  202.39   2.961  30.607   33.644   49.3   5.29  14.000    0.05107    2.21    1.88    2.91
21-07-2024 17:27:21.78  202.33   2.961  30.607   33.645   49.3   5.29  14.000    0.05995    2.07    2.00    3.31
21-07-2024 17:27:22.03  202.41   2.961  30.606   33.643   49.3   5.29  14.000    0.04663    2.18    2.31    2.83
21-07-2024 17:27:22.28  202.39   2.961  30.607   33.644   49.3   5.29  14.000    0.05773    2.18    2.31    2.83
21-07-2024 17:27:22.53  202.39   2.961  30.607   33.644   49.3   5.29  14.000    0.05255    2.18    1.88    2.95
21-07-2024 17:27:22.77  202.38   2.961  30.608   33.645   49.3   5.29  14.000    0.06069    2.00    1.99    3.34
21-07-2024 17:27:23.02  202.32   2.960  30.608   33.645   49.3   5.29  14.000    0.05255    2.22    2.28    3.00
21-07-2024 17:27:23.26  202.39   2.961  30.608   33.645   49.3   5.29  14.000    0.06587    2.10    1.84    3.16
21-07-2024 17:27:23.51  202.38   2.961  30.608   33.645   49.3   5.29  14.000    0.05995    2.19    2.15    2.87
21-07-2024 17:27:23.75  202.32   2.961  30.609   33.646   49.3   5.29  14.000    0.06143    2.15    2.43    2.95
21-07-2024 17:27:24.00  202.38   2.961  30.608   33.644   49.2   5.29  14.000    0.06069    2.15    2.43    2.95
21-07-2024 17:27:24.24  202.36   2.961  30.608   33.646   49.2   5.29  14.000    0.03701    2.16    2.24    2.88
21-07-2024 17:27:24.49  202.34   2.961  30.607   33.644   49.2   5.29  14.000    0.05403    2.19    2.16    3.24
21-07-2024 17:27:24.73  202.35   2.961  30.608   33.645   49.2   5.29  14.000    0.05033    2.34    2.09    3.00
21-07-2024 17:27:24.98  202.34   2.961  30.608   33.645   49.2   5.29  14.000    0.04071    2.16    2.77    3.12
21-07-2024 17:27:25.22  202.33   2.961  30.608   33.644   49.2   5.29  14.000    0.05847    2.19    2.08    3.28
21-07-2024 17:27:25.47  202.33   2.961  30.607   33.644   49.2   5.29  14.000    0.07920    2.33    1.99    3.16
21-07-2024 17:27:25.71  202.34   2.961  30.608   33.644   49.2   5.29  14.000    0.04515    2.33    1.99    3.16
21-07-2024 17:27:25.97  202.31   2.961  30.608   33.645   49.2   5.28  14.000    0.05625    2.01    2.20    3.50
21-07-2024 17:27:26.21  202.37   2.961  30.608   33.646   49.2   5.28  14.000    0.06809    2.10    2.12    3.40
21-07-2024 17:27:26.46  202.38   2.961  30.608   33.645   49.2   5.28  14.000    0.07253    1.92    2.14    2.97
21-07-2024 17:27:26.71  202.31   2.961  30.608   33.645   49.2   5.28  14.000    0.06883    2.07    2.45    3.01
21-07-2024 17:27:26.95  202.34   2.961  30.608   33.645   49.2   5.28  14.000    0.05033    2.00    2.13    2.91
21-07-2024 17:27:27.20  202.35   2.961  30.607   33.644   49.2   5.28  14.000    0.05403    1.74    2.03    2.98
21-07-2024 17:27:27.44  202.31   2.962  30.607   33.643   49.2   5.28  14.000    0.04959    1.74    2.03    2.98
21-07-2024 17:27:27.69  202.39   2.961  30.608   33.645   49.2   5.28  14.000    0.03627    2.11    2.50    3.29
21-07-2024 17:27:27.93  202.38   2.961  30.608   33.645   49.2   5.28  14.000    0.05699    1.97    2.62    3.28
21-07-2024 17:27:28.18  202.38   2.962  30.608   33.644   49.1   5.28  14.000    0.04441    2.07    2.65    2.92
21-07-2024 17:27:28.42  202.35   2.962  30.607   33.643   49.2   5.28  14.000    0.06217    1.81    2.21    3.07
21-07-2024 17:27:28.67  202.36   2.962  30.608   33.644   49.1   5.28  14.000    0.05773    2.24    2.42    3.15
21-07-2024 17:27:28.91  202.34   2.962  30.607   33.643   49.1   5.28  14.000    0.08438    1.94    2.41    2.97
21-07-2024 17:27:29.16  202.35   2.962  30.607   33.643   49.1   5.28  14.000    0.06439    1.94    2.41    2.97
21-07-2024 17:27:29.41  202.31   2.962  30.607   33.642   49.1   5.28  14.000    0.05403    1.89    2.19    3.02
21-07-2024 17:27:29.65  202.35   2.961  30.608   33.645   49.1   5.28  14.000    0.06291    1.84    2.43    2.99
21-07-2024 17:27:29.90  202.33   2.962  30.607   33.643   49.1   5.28  14.000    0.06291    1.94    2.52    3.13
21-07-2024 17:27:30.16  202.36   2.962  30.607   33.643   49.1   5.28  14.000    0.06587    2.28    1.88    3.25
21-07-2024 17:27:30.39  202.37   2.961  30.607   33.644   49.1   5.28  14.000    0.05107    2.04    2.28    3.18
21-07-2024 17:27:30.64  202.29   2.961  30.607   33.643   49.1   5.28  14.000    0.07402    1.93    2.24    3.12
21-07-2024 17:27:30.88  202.36   2.961  30.608   33.644   49.1   5.28  14.000    0.05329    1.93    2.24    3.12
21-07-2024 17:27:31.13  202.28   2.961  30.606   33.642   49.1   5.28  14.000    0.04737    2.24    1.92    3.37
21-07-2024 17:27:31.38  202.36   2.961  30.608   33.645   49.1   5.27  14.000    0.06883    2.23    2.29    2.69
21-07-2024 17:27:31.62  202.29   2.961  30.608   33.644   49.1   5.27  14.000    0.05699    2.35    2.30    3.13
21-07-2024 17:27:31.87  202.34   2.961  30.608   33.644   49.1   5.27  14.000    0.05699    2.14    2.44    3.12
21-07-2024 17:27:32.11  202.35   2.962  30.608   33.645   49.1   5.27  14.000    0.05625    1.98    2.22    3.13
21-07-2024 17:27:32.36  202.30   2.962  30.608   33.644   49.1   5.27  14.000    0.04663    2.39    2.38    3.36
21-07-2024 17:27:32.60  202.35   2.962  30.609   33.645   49.1   5.27  14.000    0.05847    2.39    2.38    3.36
21-07-2024 17:27:32.85  202.32   2.962  30.608   33.644   49.1   5.27  14.000    0.06365    2.22    2.30    3.22
21-07-2024 17:27:33.09  202.29   2.962  30.608   33.644   49.1   5.27  14.000    0.04145    2.19    2.03    3.09
21-07-2024 17:27:33.34  202.34   2.962  30.609   33.645   49.1   5.27  14.000    0.05773    2.15    2.46    2.65
21-07-2024 17:27:33.59  202.27   2.962  30.609   33.645   49.1   5.27  14.000    0.04145    2.40    1.86    3.24
21-07-2024 17:27:33.84  202.30   2.961  30.609   33.646   49.1   5.27  14.000    0.04589    1.84    1.85    3.27
21-07-2024 17:27:34.08  202.31   2.961  30.610   33.647   49.1   5.27  14.000    0.07994    2.13    2.08    3.21
21-07-2024 17:27:34.33  202.38   2.962  30.610   33.646   49.1   5.27  14.000    0.06291    2.13    2.08    3.21
21-07-2024 17:27:34.57  202.37   2.962  30.610   33.647   49.1   5.27  14.000    0.05921    2.00    2.24    3.30
21-07-2024 17:27:34.82  202.37   2.962  30.609   33.645   49.1   5.27  14.000    0.07105    2.17    1.49    3.06
21-07-2024 17:27:35.06  202.32   2.962  30.610   33.646   49.1   5.27  14.000    0.06143    2.21    2.25    3.39
21-07-2024 17:27:35.31  202.38   2.962  30.610   33.647   49.1   5.27  14.000    0.05551    2.21    2.24    3.11
21-07-2024 17:27:35.55  202.34   2.962  30.611   33.647   49.1   5.27  14.000    0.03997    2.22    2.31    3.22
21-07-2024 17:27:35.80  202.33   2.963  30.610   33.646   49.1   5.27  14.000    0.05699    2.22    2.31    3.22
21-07-2024 17:27:36.04  202.34   2.963  30.610   33.646   49.0   5.27  14.000    0.05921    2.08    2.32    2.93
21-07-2024 17:27:36.29  202.36   2.962  30.610   33.646   49.1   5.27  14.000    0.06291    2.06    2.23    3.18
21-07-2024 17:27:36.53  202.32   2.963  30.611   33.647   49.0   5.27  14.000    0.05921    2.21    2.41    2.99
21-07-2024 17:27:36.78  202.34   2.963  30.611   33.646   49.0   5.27  14.000    0.05847    2.04    2.35    3.13
21-07-2024 17:27:37.03  202.34   2.962  30.610   33.646   49.0   5.27  14.000    0.04293    2.21    2.49    3.17
21-07-2024 17:27:37.28  202.32   2.962  30.610   33.646   49.0   5.27  14.000    0.04515    2.06    1.94    3.13
21-07-2024 17:27:37.53  202.34   2.962  30.610   33.647   49.0   5.27  14.000    0.05847    2.21    2.19    2.85
21-07-2024 17:27:37.77  202.28   2.962  30.609   33.646   49.0   5.26  14.000    0.05699    2.21    2.19    2.85
21-07-2024 17:27:38.02  202.36   2.962  30.609   33.645   49.0   5.26  14.000    0.05773    1.87    1.98    3.17
21-07-2024 17:27:38.26  202.28   2.962  30.610   33.646   49.0   5.26  14.000    0.06883    2.03    2.78    2.70
21-07-2024 17:27:38.51  202.30   2.962  30.609   33.646   49.0   5.26  14.000    0.04145    2.08    2.32    2.98
21-07-2024 17:27:38.75  202.30   2.962  30.610   33.646   49.0   5.26  14.000    0.06809    2.04    2.39    3.33
21-07-2024 17:27:39.00  202.32   2.962  30.609   33.645   49.0   5.26  14.000    0.06143    1.91    2.13    3.19
21-07-2024 17:27:39.24  202.31   2.962  30.610   33.646   49.0   5.26  14.000    0.03775    1.91    2.13    3.19
21-07-2024 17:27:39.49  202.32   2.963  30.610   33.645   49.0   5.26  14.000    0.03923    1.78    2.14    3.50
21-07-2024 17:27:39.73  202.36   2.963  30.609   33.645   49.0   5.26  14.000    0.07031    2.16    2.16    3.14
21-07-2024 17:27:39.98  202.31   2.962  30.610   33.647   49.0   5.26  14.000    0.06661    2.22    1.83    3.14
21-07-2024 17:27:40.22  202.31   2.962  30.610   33.646   49.0   5.26  14.000    0.05921    1.91    2.02    2.86
21-07-2024 17:27:40.47  202.33   2.962  30.610   33.646   49.0   5.26  14.000    0.05921    2.11    2.18    3.00
21-07-2024 17:27:40.72  202.32   2.962  30.610   33.647   49.0   5.26  14.000    0.07179    2.24    2.12    3.18
21-07-2024 17:27:40.96  202.28   2.962  30.610   33.647   49.0   5.26  14.000    0.05255    2.24    2.12    3.18
21-07-2024 17:27:41.22  202.30   2.962  30.610   33.646   49.0   5.26  14.000    0.06143    2.07    2.60    3.08
21-07-2024 17:27:41.46  202.34   2.962  30.610   33.647   49.0   5.26  14.000    0.06439    2.01    1.78    3.10
21-07-2024 17:27:41.70  202.36   2.962  30.610   33.646   49.0   5.26  14.000    0.04589    2.26    2.61    3.41
21-07-2024 17:27:41.95  202.35   2.962  30.610   33.647   49.0   5.26  14.000    0.05329    2.29    2.44    3.09
21-07-2024 17:27:42.20  202.30   2.962  30.610   33.646   49.0   5.26  14.000    0.06069    2.20    2.73    2.73
21-07-2024 17:27:42.44  202.36   2.962  30.611   33.648   49.0   5.26  14.000    0.03775    2.10    2.31    3.11
21-07-2024 17:27:42.68  202.39   2.962  30.611   33.647   49.0   5.26  14.000    0.05995    2.10    2.31    3.11
21-07-2024 17:27:42.93  202.27   2.962  30.611   33.647   49.0   5.26  14.000    0.06513    2.03    2.39    3.24
21-07-2024 17:27:43.18  202.37   2.962  30.611   33.647   49.0   5.26  14.000    0.08586    2.19    2.68    3.17
21-07-2024 17:27:43.42  202.31   2.962  30.610   33.646   49.0   5.26  14.000    0.04515    2.03    1.94    3.24
21-07-2024 17:27:43.67  202.40   2.963  30.611   33.647   49.0   5.26  14.000    0.03627    2.34    2.26    3.03
21-07-2024 17:27:43.91  202.29   2.962  30.610   33.646   49.0   5.26  14.000    0.05403    2.33    1.89    2.98
21-07-2024 17:27:44.16  202.32   2.963  30.609   33.645   49.0   5.26  14.000    0.05107    1.79    2.23    3.01
21-07-2024 17:27:44.41  202.37   2.962  30.609   33.645   49.0   5.26  14.000    0.04441    1.79    2.23    3.01
21-07-2024 17:27:44.65  202.37   2.963  30.610   33.646   49.0   5.26  14.000    0.04589    2.02    2.13    3.07
21-07-2024 17:27:44.90  202.37   2.962  30.610   33.646   49.0   5.26  14.000    0.04811    1.67    2.39    3.12
21-07-2024 17:27:45.15  202.36   2.962  30.610   33.647   49.0   5.26  14.000    0.04959    1.97    2.07    3.02
21-07-2024 17:27:45.39  202.33   2.962  30.610   33.647   49.0   5.26  14.000    0.05403    2.13    2.53    3.33
21-07-2024 17:27:45.64  202.32   2.962  30.609   33.646   49.0   5.26  14.000    0.05329    1.96    2.22    2.82
21-07-2024 17:27:45.88  202.30   2.962  30.610   33.646   49.0   5.26  14.000    0.04145    2.06    2.63    2.64
21-07-2024 17:27:46.13  202.35   2.962  30.610   33.647   49.0   5.26  14.000    0.05699    2.06    2.63    2.64
21-07-2024 17:27:46.37  202.33   2.962  30.610   33.646   49.0   5.26  14.000    0.05033    2.15    2.17    2.97
21-07-2024 17:27:46.62  202.33   2.962  30.610   33.646   49.0   5.26  14.000    0.07031    2.37    2.20    3.15
21-07-2024 17:27:46.86  202.33   2.962  30.609   33.646   49.0   5.26  14.000    0.03701    1.95    2.14    3.20
21-07-2024 17:27:47.11  202.30   2.962  30.610   33.647   49.0   5.26  14.000    0.05773    2.29    2.08    3.29
21-07-2024 17:27:47.35  202.28   2.962  30.611   33.647   49.0   5.26  14.000    0.04293    2.08    2.15    3.44
21-07-2024 17:27:47.60  202.34   2.962  30.610   33.647   49.0   5.26  14.000    0.05107    2.00    1.99    2.93
21-07-2024 17:27:47.84  202.37   2.961  30.610   33.647   49.0   5.26  14.000    0.04515    2.00    1.99    2.93
21-07-2024 17:27:48.10  202.32   2.962  30.611   33.647   49.0   5.26  14.000    0.04885    2.10    2.19    3.22
21-07-2024 17:27:48.34  202.32   2.962  30.611   33.648   49.0   5.26  14.000    0.07476    1.94    2.13    3.10
21-07-2024 17:27:48.59  202.36   2.962  30.611   33.647   49.0   5.26  14.000    0.05329    2.12    2.58    3.27
21-07-2024 17:27:48.83  202.37   2.962  30.610   33.647   49.0   5.26  14.000    0.06661    2.25    2.19    3.23
21-07-2024 17:27:49.08  202.28   2.962  30.611   33.648   49.0   5.26  14.000    0.06661    2.15    1.78    2.93
21-07-2024 17:27:49.32  202.38   2.962  30.611   33.647   49.0   5.26  14.000    0.05181    2.13    1.93    3.29
21-07-2024 17:27:49.57  202.30   2.962  30.611   33.648   49.0   5.26  14.000    0.05699    2.13    1.93    3.29
21-07-2024 17:27:49.81  202.34   2.962  30.611   33.648   49.0   5.26  14.000    0.06143    2.01    2.54    2.97
21-07-2024 17:27:50.06  202.34   2.962  30.611   33.648   49.0   5.26  14.000    0.05255    2.13    2.54    2.70
21-07-2024 17:27:50.30  202.39   2.963  30.611   33.647   49.0   5.26  14.000    0.04145    1.97    1.96    3.17
21-07-2024 17:27:50.55  202.35   2.962  30.611   33.647   49.0   5.26  14.000    0.03553    2.13    2.12    3.13
21-07-2024 17:27:50.79  202.37   2.962  30.611   33.647   49.0   5.26  14.000    0.04145    2.06    2.36    3.13
21-07-2024 17:27:51.04  202.36   2.962  30.611   33.648   49.0   5.26  14.000    0.04885    1.90    2.12    2.98
21-07-2024 17:27:51.28  202.31   2.962  30.610   33.647   49.0   5.26  14.000    0.04145    1.90    2.12    2.98
21-07-2024 17:27:51.53  202.29   2.963  30.611   33.647   49.0   5.26  14.000    0.05921    2.18    2.03    3.26
21-07-2024 17:27:51.78  202.38   2.962  30.611   33.647   49.0   5.26  14.000    0.07253    2.47    2.00    3.18
21-07-2024 17:27:52.04  202.36   2.963  30.611   33.647   49.0   5.26  14.000    0.05995    2.21    2.17    3.03
21-07-2024 17:27:52.28  202.32   2.962  30.612   33.649   49.0   5.26  14.000    0.03405    2.29    2.25    3.26
21-07-2024 17:27:52.52  202.32   2.962  30.611   33.647   49.0   5.26  14.000    0.05255    2.03    2.30    2.94
21-07-2024 17:27:52.77  202.35   2.963  30.611   33.647   49.0   5.26  14.000    0.04811    2.11    2.36    2.91
21-07-2024 17:27:53.01  202.32   2.963  30.611   33.646   49.0   5.26  14.000    0.04663    2.11    2.36    2.91
21-07-2024 17:27:53.26  202.35   2.963  30.612   33.648   49.0   5.26  14.000    0.04515    2.13    2.05    3.35
21-07-2024 17:27:53.50  202.37   2.963  30.611   33.647   49.0   5.26  14.000    0.04515    2.16    2.43    3.13
21-07-2024 17:27:53.75  202.31   2.963  30.611   33.647   49.0   5.26  14.000    0.03109    1.98    1.82    2.59
21-07-2024 17:27:53.99  202.29   2.963  30.612   33.648   49.0   5.26  14.000    0.06069    1.88    2.29    3.29
21-07-2024 17:27:54.24  202.39   2.963  30.611   33.647   49.0   5.26  14.000    0.04441    2.09    1.93    3.57
21-07-2024 17:27:54.48  202.28   2.963  30.611   33.647   49.0   5.26  14.000    0.04293    2.05    2.37    3.02
21-07-2024 17:27:54.73  202.31   2.963  30.612   33.648   49.0   5.26  14.000    0.05255    2.05    2.37    3.02
21-07-2024 17:27:54.97  202.31   2.963  30.613   33.649   49.0   5.26  14.000    0.05773    2.07    2.25    3.10
21-07-2024 17:27:55.22  202.31   2.963  30.613   33.649   49.0   5.26  14.000    0.04367    1.91    2.67    3.07
21-07-2024 17:27:55.47  202.34   2.963  30.613   33.649   49.0   5.26  14.000    0.04811    2.12    2.31    3.01
21-07-2024 17:27:55.71  202.30   2.963  30.611   33.647   48.9   5.26  14.000    0.05477    2.40    2.35    3.36
21-07-2024 17:27:55.96  202.30   2.963  30.612   33.648   48.9   5.26  14.000    0.03997    2.02    2.17    3.19
21-07-2024 17:27:56.21  202.36   2.963  30.611   33.647   49.0   5.26  14.000    0.05625    2.09    2.23    3.25
21-07-2024 17:27:56.45  202.30   2.963  30.612   33.648   48.9   5.26  14.000    0.05329    2.09    2.23    3.25
21-07-2024 17:27:56.70  202.32   2.963  30.612   33.647   49.0   5.26  14.000    0.04737    2.25    2.10    3.23
21-07-2024 17:27:56.94  202.38   2.963  30.611   33.647   48.9   5.26  14.000    0.04441    2.07    2.31    3.16
21-07-2024 17:27:57.19  202.31   2.963  30.613   33.649   49.0   5.26  14.000    0.05255    1.89    1.98    3.19
21-07-2024 17:27:57.43  202.36   2.963  30.612   33.648   49.0   5.26  14.000    0.07698    2.03    2.48    3.21
21-07-2024 17:27:57.68  202.39   2.963  30.612   33.648   49.0   5.26  14.000    0.06735    2.21    1.97    2.97
21-07-2024 17:27:57.92  202.35   2.963  30.612   33.648   49.0   5.26  14.000    0.04737    2.09    1.75    3.19
21-07-2024 17:27:58.17  202.37   2.963  30.612   33.648   49.0   5.26  14.000    0.05699    2.09    1.75    3.19
21-07-2024 17:27:58.41  202.35   2.963  30.613   33.649   49.0   5.26  14.000    0.06365    2.02    2.15    3.00
21-07-2024 17:27:58.66  202.38   2.963  30.612   33.648   49.0   5.26  14.000    0.06217    1.99    2.00    3.14
21-07-2024 17:27:58.90  202.36   2.964  30.612   33.648   49.0   5.26  14.000    0.06069    2.04    2.23    2.63
21-07-2024 17:27:59.16  202.32   2.963  30.612   33.648   49.0   5.26  14.000    0.05477    2.16    2.26    2.96
21-07-2024 17:27:59.40  202.33   2.963  30.612   33.647   49.0   5.26  14.000    0.06143    2.22    1.67    3.38
21-07-2024 17:27:59.65  202.31   2.964  30.612   33.648   49.0   5.26  14.000    0.04737    2.32    2.09    2.97
21-07-2024 17:27:59.90  202.37   2.964  30.612   33.647   49.0   5.26  14.000    0.05921    2.32    2.09    2.97
21-07-2024 17:28:00.14  202.32   2.963  30.612   33.647   49.0   5.26  14.000    0.05107    2.27    2.43    3.24
21-07-2024 17:28:00.39  202.32   2.963  30.612   33.648   49.0   5.26  14.000    0.04885    1.94    2.14    2.96
21-07-2024 17:28:00.63  202.30   2.963  30.612   33.647   49.0   5.26  14.000    0.06735    2.16    2.70    3.23
21-07-2024 17:28:00.88  202.33   2.963  30.613   33.648   49.0   5.26  14.000    0.08586    1.73    2.07    3.10
21-07-2024 17:28:01.12  202.30   2.963  30.612   33.648   49.0   5.26  14.000    0.05625    2.00    2.59    2.89
21-07-2024 17:28:01.37  202.34   2.963  30.612   33.648   49.0   5.26  14.000    0.04959    2.05    2.29    3.15
21-07-2024 17:28:01.61  202.37   2.963  30.611   33.647   49.0   5.26  14.000    0.03849    2.05    2.29    3.15
21-07-2024 17:28:01.86  202.38   2.964  30.612   33.647   49.0   5.26  14.000    0.05255    1.94    2.19    3.01
21-07-2024 17:28:02.10  202.35   2.963  30.613   33.648   49.0   5.26  14.000    0.05551    1.98    2.09    3.05
21-07-2024 17:28:02.35  202.37   2.963  30.612   33.647   49.0   5.26  14.000    0.04293    1.77    2.53    2.99
21-07-2024 17:28:02.59  202.33   2.964  30.613   33.648   49.0   5.26  14.000    0.04737    1.90    2.59    2.83
21-07-2024 17:28:02.85  202.33   2.963  30.612   33.647   49.0   5.26  14.000    0.06069    2.09    2.59    2.82
21-07-2024 17:28:03.10  202.32   2.964  30.612   33.647   49.0   5.26  14.000    0.04885    1.83    2.41    3.08
21-07-2024 17:28:03.34  202.41   2.963  30.613   33.648   49.0   5.26  14.000    0.05921    1.83    2.41    3.08
21-07-2024 17:28:03.58  202.32   2.963  30.613   33.648   49.0   5.26  14.000    0.06143    2.12    2.15    2.93
21-07-2024 17:28:03.83  202.34   2.964  30.613   33.648   49.0   5.26  14.000    0.06439    2.23    2.01    3.23
21-07-2024 17:28:04.07  202.38   2.964  30.612   33.647   49.0   5.26  14.000    0.03479    2.19    2.36    3.05
21-07-2024 17:28:04.32  202.35   2.964  30.612   33.648   49.0   5.26  14.000    0.06809    2.00    2.20    3.30
21-07-2024 17:28:04.56  202.35   2.963  30.613   33.648   49.0   5.26  14.000    0.05625    1.89    2.56    3.08
21-07-2024 17:28:04.81  202.35   2.964  30.613   33.648   49.0   5.26  14.000    0.04589    2.00    2.32    2.77
21-07-2024 17:28:05.05  202.31   2.964  30.613   33.648   49.0   5.26  14.000    0.06513    2.00    2.32    2.77
21-07-2024 17:28:05.30  202.30   2.964  30.613   33.648   49.0   5.26  14.000    0.04515    2.21    2.30    2.90
21-07-2024 17:28:05.54  202.29   2.964  30.613   33.649   49.0   5.26  14.000    0.04885    2.54    2.49    3.01
21-07-2024 17:28:05.79  202.35   2.964  30.613   33.649   49.0   5.26  14.000    0.06957    1.83    2.45    2.81
21-07-2024 17:28:06.04  202.38   2.964  30.614   33.649   49.0   5.26  14.000    0.04885    2.20    2.47    2.98
21-07-2024 17:28:06.28  202.37   2.964  30.613   33.648   49.0   5.26  14.000    0.05403    1.97    2.26    2.91
21-07-2024 17:28:06.53  202.32   2.963  30.613   33.649   49.0   5.26  14.000    0.04589    1.93    1.96    2.99
21-07-2024 17:28:06.78  202.31   2.964  30.614   33.649   49.0   5.26  14.000    0.05551    1.93    1.96    2.99
21-07-2024 17:28:07.03  202.35   2.964  30.613   33.649   49.0   5.26  14.000    0.03997    2.09    2.20    2.76
21-07-2024 17:28:07.27  202.34   2.964  30.613   33.648   49.0   5.26  14.000    0.03775    2.07    2.20    2.83
21-07-2024 17:28:07.52  202.32   2.964  30.613   33.648   49.0   5.26  14.000    0.03923    2.01    2.08    2.96
21-07-2024 17:28:07.76  202.28   2.964  30.613   33.648   49.0   5.26  14.000    0.03257    2.08    2.90    3.40
21-07-2024 17:28:08.01  202.28   2.964  30.613   33.649   49.0   5.26  14.000    0.05921    2.02    2.41    3.13
21-07-2024 17:28:08.25  202.30   2.963  30.613   33.649   49.0   5.26  14.000    0.05773    1.87    2.23    3.14
21-07-2024 17:28:08.50  202.32   2.963  30.613   33.648   49.0   5.26  14.000    0.04885    1.87    2.23    3.14
21-07-2024 17:28:08.74  202.36   2.964  30.613   33.649   49.0   5.26  14.000    0.04515    2.06    2.10    2.92
21-07-2024 17:28:08.99  202.35   2.964  30.613   33.648   49.0   5.26  14.000    0.05995    2.04    1.80    3.25
21-07-2024 17:28:09.23  202.30   2.964  30.613   33.648   49.0   5.26  14.000    0.03479    2.08    1.50    2.92
21-07-2024 17:28:09.48  202.37   2.963  30.613   33.648   49.0   5.26  14.000    0.05625    2.30    2.28    3.13
21-07-2024 17:28:09.72  202.30   2.964  30.613   33.648   49.0   5.26  14.000    0.06587    2.07    2.81    3.23
21-07-2024 17:28:09.97  202.34   2.964  30.613   33.648   49.0   5.26  14.000    0.07031    2.08    2.35    3.06
21-07-2024 17:28:10.22  202.38   2.964  30.613   33.648   49.0   5.26  14.000    0.05847    2.08    2.35    3.06
21-07-2024 17:28:10.46  202.30   2.964  30.614   33.649   49.0   5.26  14.000    0.04959    2.02    2.41    3.01
21-07-2024 17:28:10.71  202.34   2.964  30.614   33.649   49.0   5.26  14.000    0.04441    2.13    2.43    2.68
21-07-2024 17:28:10.96  202.37   2.964  30.613   33.649   49.0   5.26  14.000    0.05921    1.98    2.09    2.74
21-07-2024 17:28:11.20  202.34   2.964  30.614   33.649   49.0   5.26  14.000    0.05181    2.22    2.19    3.01
21-07-2024 17:28:11.45  202.32   2.964  30.613   33.649   49.0   5.26  14.000    0.05033    2.03    2.35    3.07
21-07-2024 17:28:11.69  202.26   2.964  30.614   33.649   49.0   5.26  14.000    0.07105    2.02    2.52    3.31
21-07-2024 17:28:11.94  202.35   2.963  30.613   33.649   49.0   5.26  14.000    0.05773    2.02    2.52    3.31
21-07-2024 17:28:12.18  202.36   2.964  30.613   33.649   49.0   5.26  14.000    0.04959    2.29    2.12    3.19
21-07-2024 17:28:12.43  202.30   2.963  30.613   33.648   49.0   5.26  14.000    0.03997    2.00    1.90    3.12
21-07-2024 17:28:12.67  202.28   2.963  30.613   33.649   49.0   5.26  14.000    0.03479    2.10    2.25    2.90
21-07-2024 17:28:12.92  202.30   2.963  30.612   33.648   49.0   5.26  14.000    0.04663    2.13    1.98    3.01
21-07-2024 17:28:13.16  202.35   2.964  30.612   33.648   48.9   5.26  14.000    0.05699    1.97    2.12    2.95
21-07-2024 17:28:13.41  202.28   2.964  30.612   33.648   48.9   5.26  14.000    0.06735    2.31    2.05    2.98
21-07-2024 17:28:13.65  202.31   2.964  30.613   33.648   48.9   5.26  14.000    0.05477    2.31    2.05    2.98
21-07-2024 17:28:13.91  202.33   2.963  30.613   33.648   48.9   5.26  14.000    0.05403    1.93    2.48    2.82
21-07-2024 17:28:14.16  202.27   2.964  30.613   33.649   48.9   5.25  14.000    0.06661    2.28    1.92    3.08
21-07-2024 17:28:14.40  202.31   2.964  30.613   33.649   48.9   5.26  14.000    0.04441    2.29    2.10    2.91
21-07-2024 17:28:14.65  202.32   2.963  30.614   33.650   48.9   5.26  14.000    0.03627    2.17    2.60    2.78
21-07-2024 17:28:14.89  202.27   2.964  30.614   33.649   48.9   5.25  14.000    0.05181    2.06    2.47    3.13
21-07-2024 17:28:15.14  202.26   2.964  30.613   33.648   48.9   5.25  14.000    0.07550    2.00    2.87    3.31
21-07-2024 17:28:15.38  202.28   2.964  30.613   33.648   48.9   5.25  14.000    0.05107    2.00    2.87    3.31
21-07-2024 17:28:15.63  202.27   2.964  30.613   33.648   48.9   5.25  14.000    0.05033    2.11    2.28    3.02
21-07-2024 17:28:15.87  202.36   2.964  30.614   33.649   48.9   5.25  14.000    0.05329    2.05    2.27    3.31
21-07-2024 17:28:16.12  202.30   2.964  30.614   33.649   48.9   5.25  14.000    0.05329    1.93    2.62    3.05
21-07-2024 17:28:16.36  202.29   2.964  30.614   33.649   48.9   5.25  14.000    0.05625    2.15    2.70    3.18
21-07-2024 17:28:16.61  202.34   2.963  30.613   33.649   48.9   5.25  14.000    0.04293    2.16    1.58    3.02
21-07-2024 17:28:16.85  202.32   2.964  30.613   33.648   48.9   5.25  14.000    0.04959    2.16    1.58    3.02
21-07-2024 17:28:17.10  202.33   2.964  30.614   33.650   48.9   5.25  14.000    0.04293    2.28    2.07    3.09
21-07-2024 17:28:17.34  202.24   2.964  30.615   33.650   48.9   5.25  14.000    0.04959    2.16    2.08    2.99
21-07-2024 17:28:17.60  202.07   2.964  30.615   33.651   48.9   5.25  14.000    0.04959    2.16    2.58    3.12
21-07-2024 17:28:17.84  202.07   2.966  30.613   33.647   48.9   5.25  14.000    0.05699    2.24    2.41    2.64
21-07-2024 17:28:18.09  201.97   2.967  30.613   33.645   48.9   5.25  14.000    0.02739    1.65    2.10    3.19
21-07-2024 17:28:18.33  201.77   2.967  30.614   33.646   48.9   5.25  14.000    0.03109    2.24    2.59    3.62
21-07-2024 17:28:18.58  201.74   2.966  30.613   33.647   48.9   5.25  14.000    0.06661    2.13    2.32    3.26
21-07-2024 17:28:18.82  201.59   2.964  30.613   33.648   48.9   5.25  14.000    0.03553    2.13    2.32    3.26
21-07-2024 17:28:19.07  201.44   2.965  30.612   33.646   48.9   5.25  14.000    0.04737    2.32    2.43    3.24
21-07-2024 17:28:19.32  201.41   2.964  30.612   33.647   48.9   5.25  14.000    0.03849    1.89    2.24    3.19
21-07-2024 17:28:19.56  201.22   2.963  30.612   33.649   48.9   5.25  14.000    0.03923    1.75    2.11    3.10
21-07-2024 17:28:19.81  201.10   2.962  30.611   33.648   48.9   5.25  14.000    0.05255    2.34    2.16    3.15
21-07-2024 17:28:20.05  201.03   2.960  30.610   33.649   48.9   5.25  14.000    0.03405    2.07    2.30    3.02
21-07-2024 17:28:20.29  200.89   2.961  30.609   33.648   48.9   5.25  14.000    0.06513    2.07    2.30    3.02
21-07-2024 17:28:20.54  200.81   2.959  30.608   33.647   48.9   5.26  14.000    0.03627    2.19    2.03    3.00
21-07-2024 17:28:20.79  200.76   2.957  30.606   33.648   49.0   5.26  14.000    0.07179    2.16    1.91    3.04
21-07-2024 17:28:21.03  200.57   2.956  30.604   33.646   49.0   5.26  14.000    0.05181    1.96    2.36    2.90
21-07-2024 17:28:21.28  200.48   2.956  30.606   33.649   49.0   5.26  14.000    0.05477    2.12    2.51    2.89
21-07-2024 17:28:21.53  200.26   2.957  30.609   33.652   49.0   5.26  14.000    0.05625    2.22    2.65    3.38
21-07-2024 17:28:21.78  200.16   2.955  30.607   33.651   49.0   5.27  14.000    0.04515    1.94    2.16    3.23
21-07-2024 17:28:22.02  200.01   2.954  30.605   33.650   49.0   5.27  14.000    0.03701    2.07    2.48    3.22
21-07-2024 17:28:22.27  199.82   2.955  30.604   33.648   49.1   5.27  14.000    0.05181    2.07    2.48    3.22
21-07-2024 17:28:22.51  199.64   2.954  30.602   33.646   49.1   5.27  14.000    0.04441    2.16    2.12    3.14
21-07-2024 17:28:22.76  199.50   2.952  30.602   33.649   49.1   5.27  14.000    0.04515    1.99    2.05    2.94
21-07-2024 17:28:23.00  199.28   2.948  30.597   33.647   49.1   5.28  14.000    0.05329    2.21    2.06    2.85
21-07-2024 17:28:23.25  199.16   2.947  30.596   33.646   49.1   5.28  14.000    0.03849    2.25    2.47    3.01
21-07-2024 17:28:23.49  198.91   2.947  30.595   33.646   49.1   5.28  14.000    0.05107    1.91    2.33    2.52
21-07-2024 17:28:23.74  198.82   2.946  30.594   33.646   49.2   5.28  14.000    0.05773    1.91    2.33    2.52
21-07-2024 17:28:23.98  198.61   2.945  30.595   33.648   49.2   5.28  14.000    0.06291    2.14    2.26    3.19
21-07-2024 17:28:24.23  198.41   2.944  30.596   33.650   49.2   5.29  14.000    0.06587    2.04    2.30    2.93
21-07-2024 17:28:24.48  198.32   2.943  30.596   33.651   49.2   5.29  14.000    0.04885    2.03    1.96    3.27
21-07-2024 17:28:24.72  198.02   2.940  30.592   33.650   49.2   5.29  14.000    0.04071    1.84    2.13    3.55
21-07-2024 17:28:24.97  197.85   2.939  30.590   33.648   49.2   5.29  14.000    0.05033    2.39    2.15    3.42
21-07-2024 17:28:25.22  197.71   2.936  30.584   33.644   49.3   5.29  14.000    0.05107    1.95    1.38    2.86
21-07-2024 17:28:25.46  197.52   2.934  30.583   33.645   49.3   5.30  14.000    0.04515    1.95    1.38    2.86
21-07-2024 17:28:25.71  197.31   2.933  30.583   33.647   49.3   5.30  14.000    0.04589    2.22    1.54    3.26
21-07-2024 17:28:25.95  197.09   2.930  30.583   33.649   49.3   5.30  14.000    0.06291    2.25    2.37    2.98
21-07-2024 17:28:26.20  196.89   2.929  30.577   33.644   49.3   5.30  14.000    0.05033    1.92    2.28    3.33
21-07-2024 17:28:26.44  196.65   2.927  30.575   33.643   49.4   5.31  14.000    0.04441    2.27    2.50    2.95
21-07-2024 17:28:26.69  196.52   2.925  30.571   33.640   49.4   5.31  14.000    0.03923    1.90    2.35    3.08
21-07-2024 17:28:26.93  196.24   2.923  30.567   33.638   49.4   5.31  14.000    0.04885    1.99    2.43    3.27
21-07-2024 17:28:27.18  196.12   2.920  30.565   33.639   49.4   5.31  14.000    0.05995    1.99    2.43    3.27
21-07-2024 17:28:27.42  195.83   2.916  30.564   33.642   49.4   5.31  14.000    0.06069    2.02    2.26    3.48
21-07-2024 17:28:27.67  195.66   2.916  30.562   33.640   49.4   5.32  14.000    0.03997    2.10    2.27    3.16
21-07-2024 17:28:27.91  195.48   2.915  30.562   33.641   49.5   5.32  14.000    0.03627    2.38    2.43    3.10
21-07-2024 17:28:28.16  195.21   2.914  30.560   33.640   49.5   5.32  14.000    0.04367    1.68    2.42    3.16
21-07-2024 17:28:28.40  194.98   2.912  30.563   33.645   49.5   5.32  14.000    0.03405    1.96    1.92    3.22
21-07-2024 17:28:28.66  194.82   2.909  30.559   33.643   49.5   5.33  14.000    0.03997    1.94    2.16    2.99
21-07-2024 17:28:28.90  194.61   2.906  30.553   33.640   49.5   5.33  14.000    0.04589    1.94    2.16    2.99
21-07-2024 17:28:29.15  194.39   2.905  30.554   33.643   49.6   5.33  14.000    0.03035    1.98    2.35    3.06
21-07-2024 17:28:29.40  194.16   2.904  30.554   33.643   49.6   5.33  14.000    0.05995    1.87    2.37    2.97
21-07-2024 17:28:29.64  193.88   2.904  30.551   33.640   49.6   5.34  14.000    0.04293    1.84    2.09    2.99
21-07-2024 17:28:29.89  193.69   2.903  30.552   33.641   49.6   5.34  14.000    0.03923    2.19    2.56    3.00
21-07-2024 17:28:30.13  193.46   2.902  30.546   33.637   49.7   5.34  14.000    0.04293    1.84    2.32    3.25
21-07-2024 17:28:30.38  193.19   2.900  30.546   33.638   49.7   5.34  14.000    0.06439    2.19    2.00    3.12
21-07-2024 17:28:30.62  192.99   2.898  30.545   33.640   49.7   5.35  14.000    0.05403    2.19    2.00    3.12
21-07-2024 17:28:30.87  192.76   2.896  30.543   33.639   49.7   5.35  14.000    0.04293    2.04    2.49    3.11
21-07-2024 17:28:31.11  192.51   2.896  30.541   33.637   49.7   5.35  14.000    0.05403    2.11    2.66    2.92
21-07-2024 17:28:31.36  192.23   2.895  30.541   33.639   49.7   5.35  14.000    0.04663    2.17    2.19    3.21
21-07-2024 17:28:31.60  191.92   2.891  30.534   33.633   49.8   5.35  14.000    0.03997    2.00    2.37    3.07
21-07-2024 17:28:31.85  191.64   2.889  30.528   33.629   49.8   5.36  14.000    0.04515    1.93    2.00    3.05
21-07-2024 17:28:32.10  191.38   2.888  30.529   33.631   49.8   5.36  14.000    0.04589    2.10    2.47    3.36
21-07-2024 17:28:32.34  191.04   2.887  30.529   33.632   49.8   5.36  14.000    0.03849    2.10    2.47    3.36
21-07-2024 17:28:32.59  190.74   2.885  30.525   33.630   49.8   5.36  14.000    0.04367    1.95    2.23    3.03
21-07-2024 17:28:32.84  190.56   2.881  30.519   33.627   49.9   5.37  14.000    0.07253    2.07    2.01    3.20
21-07-2024 17:28:33.09  190.22   2.878  30.522   33.633   49.9   5.37  14.000    0.05107    2.30    2.12    3.13
21-07-2024 17:28:33.33  189.92   2.877  30.521   33.633   49.9   5.37  14.000    0.03701    2.48    2.39    3.03
21-07-2024 17:28:33.58  189.68   2.872  30.510   33.626   50.0   5.38  14.000    0.04811    1.75    2.45    2.97
21-07-2024 17:28:33.82  189.43   2.869  30.508   33.626   50.0   5.38  14.000    0.05551    2.11    2.15    2.89
21-07-2024 17:28:34.07  189.16   2.868  30.508   33.628   50.0   5.38  14.000    0.05329    2.11    2.15    2.89
21-07-2024 17:28:34.31  188.77   2.866  30.507   33.628   50.0   5.39  14.000    0.03997    2.03    1.70    2.95
21-07-2024 17:28:34.56  188.58   2.863  30.504   33.627   50.0   5.39  14.000    0.05477    1.93    2.28    2.95
21-07-2024 17:28:34.80  188.28   2.861  30.502   33.627   50.1   5.39  14.000    0.03627    2.09    2.14    3.25
21-07-2024 17:28:35.05  188.07   2.858  30.503   33.631   50.1   5.39  14.000    0.05477    2.18    2.51    2.89
21-07-2024 17:28:35.29  187.76   2.857  30.501   33.631   50.1   5.40  14.000    0.05107    2.22    1.80    3.33
21-07-2024 17:28:35.54  187.42   2.855  30.494   33.625   50.1   5.40  14.000    0.04959    2.20    2.31    2.79
21-07-2024 17:28:35.78  187.12   2.854  30.491   33.623   50.2   5.40  14.000    0.04959    2.20    2.31    2.79
21-07-2024 17:28:36.04  186.85   2.856  30.491   33.620   50.2   5.41  14.000    0.05033    2.02    2.05    2.98
21-07-2024 17:28:36.28  186.61   2.856  30.490   33.620   50.2   5.41  14.000    0.05625    2.33    2.08    3.20
21-07-2024 17:28:36.53  186.37   2.852  30.485   33.618   50.2   5.41  14.000    0.03997    1.96    2.05    3.28
21-07-2024 17:28:36.77  186.01   2.850  30.485   33.620   50.3   5.42  14.000    0.05625    2.32    2.08    2.76
21-07-2024 17:28:37.02  185.80   2.848  30.484   33.622   50.3   5.42  14.000    0.04219    1.88    2.32    3.25
21-07-2024 17:28:37.26  185.42   2.846  30.478   33.616   50.3   5.42  14.000    0.04959    1.85    2.29    3.05
21-07-2024 17:28:37.51  185.22   2.844  30.479   33.619   50.4   5.43  14.000    0.05033    1.85    2.29    3.05
21-07-2024 17:28:37.75  184.89   2.843  30.479   33.620   50.4   5.43  14.000    0.04441    2.10    2.20    3.09
21-07-2024 17:28:38.00  184.65   2.842  30.472   33.613   50.4   5.43  14.000    0.04885    2.09    2.29    3.21
21-07-2024 17:28:38.24  184.42   2.840  30.470   33.613   50.4   5.44  14.000    0.04367    2.06    1.95    3.18
21-07-2024 17:28:38.49  184.16   2.837  30.468   33.613   50.5   5.44  14.000    0.05329    2.03    2.05    3.10
21-07-2024 17:28:38.73  183.85   2.835  30.464   33.612   50.5   5.44  14.000    0.04959    1.86    2.24    2.89
21-07-2024 17:28:38.98  183.56   2.834  30.465   33.614   50.5   5.45  14.000    0.03775    2.17    2.35    3.36
21-07-2024 17:28:39.22  183.31   2.832  30.459   33.609   50.6   5.45  14.000    0.03035    2.17    2.35    3.36
21-07-2024 17:28:39.47  182.98   2.828  30.457   33.611   50.6   5.45  14.000    0.05329    2.01    2.41    3.24
21-07-2024 17:28:39.72  182.76   2.822  30.459   33.619   50.6   5.46  14.000    0.04959    2.14    2.22    2.95
21-07-2024 17:28:39.97  182.42   2.813  30.454   33.623   50.7   5.46  14.000    0.04145    1.95    2.02    2.92
21-07-2024 17:28:40.22  182.14   2.808  30.434   33.604   50.7   5.47  14.000    0.04293    2.08    2.27    3.18
21-07-2024 17:28:40.46  181.94   2.806  30.434   33.605   50.7   5.47  14.000    0.04367    2.06    1.98    2.82
21-07-2024 17:28:40.71  181.57   2.806  30.435   33.607   50.8   5.47  14.000    0.04071    1.96    2.00    2.97
21-07-2024 17:28:40.95  181.32   2.804  30.434   33.608   50.8   5.48  14.000    0.03479    1.96    2.00    2.97
21-07-2024 17:28:41.20  181.02   2.803  30.432   33.607   50.8   5.48  14.000    0.05329    2.02    1.93    3.05
21-07-2024 17:28:41.44  180.78   2.802  30.430   33.606   50.8   5.48  14.000    0.05477    2.17    2.65    3.10
21-07-2024 17:28:41.69  180.44   2.799  30.428   33.607   50.9   5.49  14.000    0.04367    2.17    2.33    2.94
21-07-2024 17:28:41.93  180.20   2.798  30.428   33.607   50.9   5.49  14.000    0.05551    2.05    1.99    2.67
21-07-2024 17:28:42.18  179.96   2.796  30.419   33.599   50.9   5.49  14.000    0.03997    1.77    1.98    2.89
21-07-2024 17:28:42.42  179.64   2.791  30.417   33.602   51.0   5.50  14.000    0.05181    2.18    2.31    3.11
21-07-2024 17:28:42.67  179.36   2.789  30.419   33.607   51.0   5.50  14.000    0.02368    2.18    2.31    3.11
21-07-2024 17:28:42.91  179.04   2.786  30.415   33.606   51.0   5.50  14.000    0.04515    2.04    2.02    3.16
21-07-2024 17:28:43.16  178.80   2.782  30.406   33.598   51.0   5.51  14.000    0.03479    2.14    2.61    3.06
21-07-2024 17:28:43.41  178.49   2.777  30.403   33.600   51.1   5.51  14.000    0.04515    2.11    2.06    3.30
21-07-2024 17:28:43.65  178.29   2.775  30.403   33.603   51.1   5.51  14.000    0.05995    2.07    2.21    3.14
21-07-2024 17:28:43.90  177.96   2.775  30.404   33.604   51.1   5.52  14.000    0.03923    1.99    2.44    2.78
21-07-2024 17:28:44.15  177.67   2.774  30.397   33.596   51.1   5.52  14.000    0.03923    2.24    2.16    3.11
21-07-2024 17:28:44.39  177.44   2.772  30.396   33.598   51.2   5.52  14.000    0.03109    2.24    2.16    3.11
21-07-2024 17:28:44.64  177.06   2.770  30.396   33.600   51.2   5.52  14.000    0.04885    2.09    2.24    3.52
21-07-2024 17:28:44.88  176.86   2.769  30.395   33.599   51.2   5.53  14.000    0.03775    1.96    2.28    3.10
21-07-2024 17:28:45.13  176.49   2.767  30.394   33.600   51.2   5.53  14.000    0.04441    2.16    2.46    3.26
21-07-2024 17:28:45.37  176.26   2.760  30.389   33.602   51.3   5.53  14.000    0.03183    2.18    2.20    2.97
21-07-2024 17:28:45.62  175.96   2.758  30.379   33.592   51.3   5.54  14.000    0.04959    2.58    2.54    3.21
21-07-2024 17:28:45.86  175.62   2.756  30.381   33.597   51.3   5.54  14.000    0.05329    2.12    2.09    2.92
21-07-2024 17:28:46.11  175.42   2.755  30.383   33.600   51.3   5.54  14.000    0.03997    2.12    2.09    2.92
21-07-2024 17:28:46.35  175.15   2.753  30.381   33.600   51.3   5.54  14.000    0.04737    2.17    2.62    3.11
21-07-2024 17:28:46.60  174.78   2.749  30.369   33.590   51.4   5.55  14.000    0.04367    1.99    2.17    2.50
21-07-2024 17:28:46.84  174.56   2.746  30.366   33.590   51.4   5.55  14.000    0.04885    1.75    2.25    3.20
21-07-2024 17:28:47.10  174.25   2.745  30.366   33.591   51.4   5.55  14.000    0.04293    2.23    2.31    3.25
21-07-2024 17:28:47.34  173.98   2.745  30.365   33.590   51.4   5.56  14.000    0.04293    1.74    2.11    2.81
21-07-2024 17:28:47.59  173.69   2.741  30.357   33.584   51.4   5.56  14.000    0.04367    2.05    2.03    2.80
21-07-2024 17:28:47.83  173.42   2.735  30.353   33.585   51.5   5.56  14.000    0.05255    2.05    2.03    2.80
21-07-2024 17:28:48.08  173.17   2.728  30.358   33.598   51.5   5.57  14.000    0.05255    1.92    2.12    3.48
21-07-2024 17:28:48.33  172.88   2.724  30.358   33.603   51.5   5.57  14.000    0.04737    1.92    2.37    2.99
21-07-2024 17:28:48.57  172.56   2.721  30.348   33.595   51.5   5.57  14.000    0.03257    2.22    2.73    3.15
21-07-2024 17:28:48.82  172.28   2.710  30.328   33.582   51.6   5.58  14.000    0.04367    2.07    2.45    3.18
21-07-2024 17:28:49.06  172.01   2.708  30.333   33.590   51.6   5.58  14.000    0.04663    2.02    2.03    3.39
21-07-2024 17:28:49.31  171.72   2.706  30.331   33.590   51.6   5.58  14.000    0.04959    2.01    1.83    3.28
21-07-2024 17:28:49.55  171.48   2.693  30.305   33.572   51.6   5.59  14.000    0.05921    2.01    1.83    3.28
21-07-2024 17:28:49.80  171.22   2.680  30.297   33.575   51.7   5.59  14.000    0.05181    2.02    2.14    3.28
21-07-2024 17:28:50.04  170.89   2.677  30.299   33.581   51.7   5.59  14.000    0.04145    1.80    2.65    3.26
21-07-2024 17:28:50.29  170.61   2.671  30.292   33.579   51.7   5.60  14.000    0.05477    2.09    2.26    3.24
21-07-2024 17:28:50.53  170.34   2.665  30.300   33.595   51.7   5.60  14.000    0.04293    2.19    2.34    3.22
21-07-2024 17:28:50.78  170.09   2.656  30.288   33.591   51.8   5.60  14.000    0.04071    2.23    2.48    3.00
21-07-2024 17:28:51.03  169.76   2.646  30.264   33.572   51.8   5.61  14.000    0.04959    1.95    2.34    3.08
21-07-2024 17:28:51.28  169.43   2.638  30.266   33.582   51.8   5.61  14.000    0.03257    1.95    2.34    3.08
21-07-2024 17:28:51.52  169.23   2.632  30.267   33.590   51.8   5.61  14.000    0.03997    2.01    2.10    3.15
21-07-2024 17:28:51.77  168.93   2.630  30.257   33.580   51.8   5.62  14.000    0.04293    2.21    2.23    3.12
21-07-2024 17:28:52.01  168.69   2.625  30.236   33.560   51.9   5.62  14.000    0.02739    2.27    2.57    2.87
21-07-2024 17:28:52.26  168.41   2.620  30.228   33.556   51.9   5.63  14.000    0.03627    2.23    2.03    3.27
21-07-2024 17:28:52.50  168.05   2.615  30.232   33.566   51.9   5.63  14.000    0.05107    2.14    2.78    3.15
21-07-2024 17:28:52.75  167.78   2.609  30.229   33.568   51.9   5.63  14.000    0.05403    2.01    2.36    3.02
21-07-2024 17:28:52.99  167.52   2.602  30.208   33.550   52.0   5.64  14.000    0.05847    2.01    2.36    3.02
21-07-2024 17:28:53.24  167.20   2.597  30.207   33.555   52.0   5.64  14.000    0.03405    1.78    2.51    3.30
21-07-2024 17:28:53.49  166.99   2.593  30.214   33.567   52.0   5.64  14.000    0.03775    2.26    1.99    3.24
21-07-2024 17:28:53.73  166.71   2.591  30.215   33.571   52.1   5.65  14.000    0.04441    1.88    2.00    3.62
21-07-2024 17:28:53.98  166.42   2.586  30.207   33.567   52.1   5.65  14.000    0.04145    1.89    1.97    3.04
21-07-2024 17:28:54.22  166.11   2.583  30.189   33.548   52.1   5.66  14.000    0.05477    2.10    2.75    3.38
21-07-2024 17:28:54.47  165.85   2.573  30.187   33.556   52.2   5.66  14.000    0.06291    2.29    2.31    2.94
21-07-2024 17:28:54.72  165.54   2.565  30.183   33.559   52.2   5.67  14.000    0.06069    2.29    2.31    2.94
21-07-2024 17:28:54.97  165.30   2.560  30.162   33.539   52.3   5.67  14.000    0.03479    2.30    1.91    2.81
21-07-2024 17:28:55.21  164.98   2.552  30.155   33.539   52.3   5.68  14.000    0.04071    1.93    2.48    3.04
21-07-2024 17:28:55.46  164.67   2.549  30.149   33.535   52.3   5.69  14.000    0.05255    2.05    2.36    3.30
21-07-2024 17:28:55.70  164.33   2.544  30.137   33.526   52.4   5.69  14.000    0.05625    2.06    2.09    3.03
21-07-2024 17:28:55.95  164.09   2.536  30.135   33.531   52.4   5.70  14.000    0.04145    2.15    2.33    3.35
21-07-2024 17:28:56.19  163.80   2.529  30.138   33.543   52.5   5.70  14.000    0.05625    1.98    2.45    3.36
21-07-2024 17:28:56.44  163.56   2.513  30.137   33.558   52.5   5.71  14.000    0.03997    1.98    2.45    3.36
21-07-2024 17:28:56.68  163.30   2.505  30.132   33.561   52.6   5.71  14.000    0.04145    2.11    1.70    2.65
21-07-2024 17:28:56.93  162.97   2.497  30.133   33.571   52.6   5.72  14.000    0.03997    1.93    2.42    2.92
21-07-2024 17:28:57.17  162.67   2.486  30.125   33.572   52.6   5.72  14.000    0.04811    2.02    1.87    3.15
21-07-2024 17:28:57.42  162.42   2.485  30.097   33.539   52.7   5.73  14.000    0.02517    2.04    2.13    3.33
21-07-2024 17:28:57.66  162.17   2.476  30.104   33.557   52.7   5.73  14.000    0.04959    2.23    2.34    2.96
21-07-2024 17:28:57.91  161.83   2.454  30.063   33.529   52.7   5.74  14.000    0.04811    2.23    2.34    2.96
21-07-2024 17:28:58.17  161.51   2.423  30.010   33.497   52.8   5.75  14.000    0.05255    2.08    2.67    3.12
21-07-2024 17:28:58.40  161.29   2.408  30.029   33.536   52.8   5.76  14.000    0.04219    1.74    2.14    3.20
21-07-2024 17:28:58.65  161.01   2.397  30.028   33.547   52.9   5.76  14.000    0.03701    2.10    2.08    3.20
21-07-2024 17:28:58.90  160.77   2.386  30.024   33.553   52.9   5.77  14.000    0.03849    1.76    2.11    3.21
21-07-2024 17:28:59.14  160.49   2.367  30.008   33.554   52.9   5.77  14.000    0.05107    1.93    2.08    3.32
21-07-2024 17:28:59.39  160.16   2.333  29.905   33.463   53.0   5.79  14.000    0.03627    2.15    2.34    3.15
21-07-2024 17:28:59.63  159.84   2.306  29.897   33.481   53.0   5.80  14.000    0.05181    2.03    2.57    3.36
21-07-2024 17:28:59.88  159.48   2.296  29.902   33.498   53.0   5.80  14.000    0.03849    2.03    2.57    3.36
21-07-2024 17:29:00.12  159.34   2.291  29.875   33.470   53.1   5.80  14.000    0.04219    2.44    2.65    3.17
21-07-2024 17:29:00.37  159.02   2.253  29.802   33.420   53.1   5.82  14.000    0.04737    2.18    2.33    3.21
21-07-2024 17:29:00.61  158.77   2.221  29.755   33.396   53.2   5.83  14.000    0.03183    1.80    2.14    3.03
21-07-2024 17:29:00.86  158.48   2.200  29.762   33.427   53.2   5.84  14.000    0.02665    2.21    2.53    3.19
21-07-2024 17:29:01.10  158.27   2.192  29.769   33.444   53.3   5.84  14.000    0.04219    2.12    2.06    2.99
21-07-2024 17:29:01.35  157.95   2.188  29.771   33.451   53.3   5.85  14.000    0.03849    2.12    2.06    2.99
21-07-2024 17:29:01.59  157.66   2.170  29.739   33.430   53.4   5.86  14.000    0.03627    2.14    1.91    2.54
21-07-2024 17:29:01.85  157.41   2.146  29.726   33.438   53.4   5.86  14.000    0.03701    2.05    2.55    3.00
21-07-2024 17:29:02.09  157.17   2.134  29.738   33.466   53.4   5.87  14.000    0.05329    2.20    2.21    3.20
21-07-2024 17:29:02.34  156.87   2.127  29.732   33.466   53.5   5.87  14.000    0.03849    2.28    1.75    2.92
21-07-2024 17:29:02.59  156.52   2.105  29.686   33.433   53.5   5.88  14.000    0.04515    2.09    2.15    2.86
21-07-2024 17:29:02.83  156.28   2.090  29.661   33.417   53.6   5.89  14.000    0.02887    2.14    2.14    2.72
21-07-2024 17:29:03.08  155.97   2.070  29.619   33.386   53.6   5.90  14.000    0.05403    1.91    1.75    3.09
21-07-2024 17:29:03.32  155.72   2.051  29.611   33.397   53.6   5.91  14.000    0.04737    1.91    1.75    3.09
21-07-2024 17:29:03.57  155.46   2.038  29.594   33.389   53.7   5.92  14.000    0.05551    2.13    2.41    3.26
21-07-2024 17:29:03.81  155.23   2.005  29.540   33.357   53.8   5.93  14.000    0.03997    1.98    2.04    3.02
21-07-2024 17:29:04.06  154.90   1.993  29.518   33.341   53.8   5.94  14.000    0.05921    2.27    2.35    2.94
21-07-2024 17:29:04.30  154.67   1.983  29.536   33.376   53.9   5.94  14.000    0.03627    1.83    2.42    2.95
21-07-2024 17:29:04.55  154.39   1.966  29.527   33.382   53.9   5.95  14.000    0.03701    2.06    2.36    3.03
21-07-2024 17:29:04.79  154.08   1.938  29.483   33.356   54.0   5.96  14.000    0.03849    2.06    2.36    3.03
21-07-2024 17:29:05.04  153.75   1.912  29.420   33.306   54.0   5.97  14.000    0.04367    2.11    2.41    3.03
21-07-2024 17:29:05.28  153.50   1.885  29.408   33.319   54.1   5.99  14.000    0.05921    1.98    2.48    3.09
21-07-2024 17:29:05.53  153.21   1.874  29.428   33.356   54.2   5.99  14.000    0.03775    1.87    2.56    2.90
21-07-2024 17:29:05.78  152.96   1.852  29.398   33.342   54.2   6.00  14.000    0.03257    2.12    1.73    3.26
21-07-2024 17:29:06.03  152.69   1.835  29.368   33.322   54.3   6.01  14.000    0.03701    2.01    2.56    3.09
21-07-2024 17:29:06.27  152.35   1.818  29.359   33.329   54.3   6.02  14.000    0.03997    2.06    2.13    3.05
21-07-2024 17:29:06.52  152.08   1.782  29.372   33.384   54.4   6.03  14.000    0.03257    2.06    2.13    3.05
21-07-2024 17:29:06.76  151.80   1.756  29.343   33.374   54.5   6.04  14.000    0.04441    2.23    2.34    3.14
21-07-2024 17:29:07.01  151.55   1.718  29.288   33.345   54.5   6.06  14.000    0.06587    1.85    2.45    3.35
21-07-2024 17:29:07.25  151.22   1.692  29.243   33.318   54.6   6.07  14.000    0.04515    2.01    2.19    3.28
21-07-2024 17:29:07.50  150.97   1.662  29.203   33.298   54.7   6.09  14.000    0.05329    1.81    2.50    2.55
21-07-2024 17:29:07.74  150.64   1.652  29.197   33.301   54.7   6.09  14.000    0.04959    2.08    2.66    3.11
21-07-2024 17:29:07.99  150.41   1.616  29.136   33.263   54.8   6.11  14.000    0.04367    2.07    2.24    3.43
21-07-2024 17:29:08.23  150.14   1.593  29.136   33.287   54.9   6.12  14.000    0.04367    2.07    2.24    3.43
21-07-2024 17:29:08.48  149.92   1.590  29.142   33.298   54.9   6.13  14.000    0.03923    2.33    2.34    3.07
21-07-2024 17:29:08.72  149.64   1.583  29.150   33.316   55.0   6.13  14.000    0.04737    2.28    2.21    3.02
21-07-2024 17:29:08.97  149.28   1.568  29.105   33.275   55.1   6.15  14.000    0.03627    2.12    2.60    3.14
21-07-2024 17:29:09.23  149.05   1.546  29.052   33.232   55.2   6.16  14.000    0.04071    2.26    2.47    3.07
21-07-2024 17:29:09.47  148.76   1.531  29.038   33.229   55.2   6.17  14.000    0.05033    2.47    2.16    3.08
21-07-2024 17:29:09.71  148.47   1.523  29.034   33.233   55.3   6.18  14.000    0.04515    2.13    2.36    3.08
21-07-2024 17:29:09.96  148.21   1.515  29.045   33.255   55.4   6.19  14.000    0.03553    2.13    2.36    3.08
21-07-2024 17:29:10.21  147.95   1.500  29.046   33.273   55.4   6.20  14.000    0.03479    1.88    2.62    2.98
21-07-2024 17:29:10.45  147.70   1.484  29.040   33.283   55.5   6.20  14.000    0.07253    2.23    2.19    2.93
21-07-2024 17:29:10.70  147.36   1.474  29.041   33.295   55.6   6.21  14.000    0.05255    2.09    2.22    2.76
21-07-2024 17:29:10.94  147.12   1.457  29.043   33.315   55.7   6.23  14.000    0.04441    2.24    2.62    2.93
21-07-2024 17:29:11.19  146.84   1.449  29.028   33.304   55.8   6.24  14.000    0.04663    1.79    2.48    3.43
21-07-2024 17:29:11.43  146.61   1.434  29.013   33.302   55.8   6.25  14.000    0.05403    2.18    1.99    3.30
21-07-2024 17:29:11.68  146.24   1.412  28.949   33.244   55.9   6.26  14.000    0.04441    2.18    1.99    3.30
21-07-2024 17:29:11.92  146.02   1.392  28.974   33.297   56.0   6.27  14.000    0.05181    2.06    2.25    3.43
21-07-2024 17:29:12.17  145.76   1.384  28.914   33.231   56.0   6.28  14.000    0.05181    2.15    2.50    3.41
21-07-2024 17:29:12.41  145.46   1.371  28.919   33.250   56.1   6.29  14.000    0.04589    2.03    2.38    3.47
21-07-2024 17:29:12.66  145.14   1.343  28.830   33.168   56.2   6.31  14.000    0.05107    2.11    2.49    3.36
21-07-2024 17:29:12.91  144.88   1.335  28.836   33.183   56.2   6.32  14.000    0.05107    2.15    2.36    3.28
21-07-2024 17:29:13.15  144.57   1.327  28.854   33.215   56.3   6.32  14.000    0.05181    2.23    2.64    3.21
21-07-2024 17:29:13.40  144.34   1.317  28.858   33.230   56.3   6.33  14.000    0.05255    2.23    2.64    3.21
21-07-2024 17:29:13.65  144.06   1.307  28.805   33.174   56.4   6.34  14.000    0.03553    1.98    2.68    3.37
21-07-2024 17:29:13.89  143.73   1.295  28.789   33.166   56.5   6.35  14.000    0.05477    1.79    2.03    2.94
21-07-2024 17:29:14.14  143.46   1.269  28.804   33.213   56.6   6.37  14.000    0.03775    2.13    2.08    2.91
21-07-2024 17:29:14.38  143.24   1.256  28.786   33.204   56.6   6.37  14.000    0.04293    1.97    2.43    3.05
21-07-2024 17:29:14.63  142.90   1.243  28.762   33.187   56.7   6.39  14.000    0.03331    1.75    2.66    2.98
21-07-2024 17:29:14.87  142.60   1.227  28.778   33.225   56.8   6.39  14.000    0.03405    1.87    1.98    3.10
21-07-2024 17:29:15.12  142.39   1.203  28.752   33.217   56.8   6.40  14.000    0.04219    1.87    1.98    3.10
21-07-2024 17:29:15.36  142.05   1.190  28.712   33.181   56.9   6.42  14.000    0.05181    1.82    1.87    3.01
21-07-2024 17:29:15.61  141.83   1.151  28.704   33.213   57.0   6.43  14.000    0.05329    1.95    2.64    3.11
21-07-2024 17:29:15.85  141.52   1.089  28.661   33.223   57.2   6.46  14.000    0.05255    2.34    2.37    3.08
21-07-2024 17:29:16.10  141.23   1.079  28.637   33.203   57.2   6.46  14.000    0.05181    2.03    1.61    3.24
21-07-2024 17:29:16.34  140.97   1.061  28.618   33.198   57.2   6.47  14.000    0.04293    1.87    2.52    2.92
21-07-2024 17:29:16.60  140.62   1.043  28.553   33.134   57.2   6.48  14.000    0.04441    1.98    2.37    3.02
21-07-2024 17:29:16.84  140.34   0.973  28.538   33.190   57.4   6.50  14.000    0.04959    1.98    2.37    3.02
21-07-2024 17:29:17.09  140.00   0.951  28.434   33.080   57.4   6.51  14.000    0.03849    1.93    2.14    3.25
21-07-2024 17:29:17.34  139.82   0.926  28.439   33.114   57.4   6.52  14.000    0.04219    1.83    1.94    3.00
21-07-2024 17:29:17.58  139.54   0.901  28.442   33.144   57.5   6.53  14.000    0.04293    2.11    2.38    3.22
21-07-2024 17:29:17.83  139.21   0.890  28.339   33.023   57.5   6.54  14.000    0.02887    2.13    2.53    3.09
21-07-2024 17:29:18.07  138.98   0.881  28.265   32.938   57.5   6.54  14.000    0.04885    1.97    2.02    3.19
21-07-2024 17:29:18.32  138.69   0.841  28.271   32.988   57.6   6.56  14.000    0.03627    1.96    2.51    2.84
21-07-2024 17:29:18.56  138.42   0.821  28.283   33.025   57.6   6.57  14.000    0.03627    1.96    2.51    2.84
21-07-2024 17:29:18.81  138.16   0.812  28.263   33.009   57.7   6.57  14.000    0.04515    1.99    1.75    3.02
21-07-2024 17:29:19.05  137.82   0.806  28.183   32.913   57.7   6.58  14.000    0.03405    2.13    2.13    2.92
21-07-2024 17:29:19.30  137.59   0.780  28.177   32.932   57.7   6.59  14.000    0.05551    2.16    2.09    3.03
21-07-2024 17:29:19.54  137.29   0.755  28.207   32.998   57.8   6.60  14.000    0.06291    2.26    2.35    2.88
21-07-2024 17:29:19.79  136.98   0.739  28.200   33.005   57.8   6.61  14.000    0.03627    1.91    2.19    2.96
21-07-2024 17:29:20.04  136.77   0.699  28.095   32.913   57.9   6.63  14.000    0.03257    1.80    2.35    3.01
21-07-2024 17:29:20.28  136.49   0.669  28.096   32.946   58.0   6.63  14.000    0.03997    1.80    2.35    3.01
21-07-2024 17:29:20.53  136.19   0.657  28.110   32.977   58.0   6.64  14.000    0.05033    1.92    2.13    2.94
21-07-2024 17:29:20.78  135.90   0.635  28.113   33.004   58.1   6.65  14.000    0.03923    1.93    2.29    3.15
21-07-2024 17:29:21.02  135.64   0.626  28.053   32.938   58.1   6.66  14.000    0.04367    1.93    2.17    3.28
21-07-2024 17:29:21.27  135.41   0.603  28.037   32.940   58.2   6.67  14.000    0.06883    2.04    2.26    3.11
21-07-2024 17:29:21.51  135.10   0.570  28.059   33.004   58.3   6.68  14.000    0.04367    2.09    2.54    3.17
21-07-2024 17:29:21.76  134.82   0.536  28.005   32.971   58.3   6.70  14.000    0.02887    2.04    2.04    3.12
21-07-2024 17:29:22.00  134.55   0.527  27.947   32.905   58.3   6.70  14.000    0.05847    2.04    2.04    3.12
21-07-2024 17:29:22.25  134.31   0.478  27.957   32.971   58.4   6.72  14.000    0.04589    2.13    2.46    3.00
21-07-2024 17:29:22.49  133.98   0.402  27.934   33.022   58.5   6.73  14.000    0.03775    1.88    2.01    3.04
21-07-2024 17:29:22.74  133.70   0.351  27.941   33.085   58.5   6.75  14.000    0.04663    2.12    2.10    2.93
21-07-2024 17:29:22.98  133.51   0.339  27.905   33.052   58.6   6.76  14.000    0.04515    1.79    2.27    3.05
21-07-2024 17:29:23.23  133.19   0.289  27.788   32.952   58.7   6.78  14.000    0.04071    1.92    1.88    3.41
21-07-2024 17:29:23.47  132.96   0.252  27.831   33.049   58.6   6.78  14.000    0.03997    2.05    2.62    3.38
21-07-2024 17:29:23.72  132.69   0.226  27.831   33.077   58.7   6.79  14.000    0.04219    2.05    2.62    3.38
21-07-2024 17:29:23.97  132.37   0.195  27.773   33.035   58.7   6.80  14.000    0.04293    2.14    2.10    2.90
21-07-2024 17:29:24.22  132.09   0.141  27.638   32.916   58.8   6.82  14.000    0.03405    1.89    2.78    3.11
21-07-2024 17:29:24.46  131.85   0.085  27.648   32.989   58.8   6.84  14.000    0.03923    2.37    1.88    3.26
21-07-2024 17:29:24.71  131.55   0.046  27.514   32.855   58.9   6.86  14.000    0.04959    2.09    2.31    3.04
21-07-2024 17:29:24.96  131.29  -0.003  27.539   32.941   58.9   6.86  14.000    0.03331    2.09    2.31    3.22
21-07-2024 17:29:25.20  131.05  -0.019  27.514   32.925   58.9   6.87  14.000    0.03035    1.80    2.82    3.36
21-07-2024 17:29:25.45  130.74  -0.041  27.382   32.775   59.0   6.89  14.000    0.04589    1.80    2.82    3.36
21-07-2024 17:29:25.69  130.47  -0.116  27.181   32.590   59.0   6.92  14.000    0.03923    2.13    2.38    3.24
21-07-2024 17:29:25.94  130.18  -0.162  27.246   32.725   59.0   6.92  14.000    0.03923    2.26    2.22    2.83
21-07-2024 17:29:26.18  129.90  -0.172  27.196   32.670   59.0   6.92  14.000    0.04367    2.06    2.04    3.03
21-07-2024 17:29:26.43  129.59  -0.190  27.208   32.705   59.1   6.93  14.000    0.04293    1.97    2.78    2.98
21-07-2024 17:29:26.67  129.38  -0.231  27.168   32.696   59.2   6.95  14.000    0.03405    2.17    2.27    3.02
21-07-2024 17:29:26.92  129.06  -0.274  27.164   32.738   59.1   6.95  14.000    0.04441    2.09    2.13    3.29
21-07-2024 17:29:27.16  128.80  -0.290  27.092   32.660   59.2   6.96  14.000    0.04959    2.09    2.13    3.29
21-07-2024 17:29:27.41  128.52  -0.325  27.104   32.712   59.2   6.97  14.000    0.03553    2.06    2.04    3.19
21-07-2024 17:29:27.66  128.24  -0.420  26.854   32.482   59.4   7.02  14.000    0.04071    2.16    2.55    3.10
21-07-2024 17:29:27.91  127.96  -0.465  26.895   32.585   59.4   7.02  14.000    0.04885    2.04    2.56    3.11
21-07-2024 17:29:28.16  127.73  -0.461  26.906   32.595   59.4   7.03  14.000    0.07105    2.34    2.52    2.91
21-07-2024 17:29:28.40  127.40  -0.468  26.927   32.631   59.5   7.03  14.000    0.05033    2.42    2.81    3.24
21-07-2024 17:29:28.65  127.15  -0.477  26.940   32.659   59.4   7.03  14.000    0.04811    2.18    2.21    2.99
21-07-2024 17:29:28.89  126.86  -0.499  26.932   32.672   59.4   7.03  14.000    0.02739    2.18    2.21    2.99
21-07-2024 17:29:29.14  126.58  -0.544  26.804   32.550   59.5   7.05  14.000    0.04515    2.13    2.61    3.36
21-07-2024 17:29:29.38  126.29  -0.586  26.836   32.638   59.6   7.06  14.000    0.04737    2.09    2.24    3.12
21-07-2024 17:29:29.63  126.00  -0.607  26.807   32.621   59.6   7.07  14.000    0.02517    2.09    2.06    2.96
21-07-2024 17:29:29.87  125.71  -0.631  26.823   32.669   59.7   7.08  14.000    0.04367    2.38    2.10    3.14
21-07-2024 17:29:30.12  125.47  -0.644  26.818   32.676   59.7   7.09  14.000    0.04811    2.04    2.32    2.94
21-07-2024 17:29:30.36  125.15  -0.678  26.804   32.695   59.7   7.10  14.000    0.02813    2.00    2.00    3.06
21-07-2024 17:29:30.61  124.89  -0.721  26.689   32.586   59.8   7.12  14.000    0.04811    2.00    2.00    3.06
21-07-2024 17:29:30.85  124.60  -0.743  26.696   32.620   59.9   7.13  14.000    0.03405    2.20    1.87    3.16
21-07-2024 17:29:31.10  124.32  -0.766  26.527   32.418   59.9   7.15  14.000    0.03997    2.30    2.24    3.52
21-07-2024 17:29:31.35  124.03  -0.781  26.552   32.467   59.9   7.15  14.000    0.05255    2.13    2.09    3.35
21-07-2024 17:29:31.59  123.77  -0.788  26.526   32.440   59.9   7.15  14.000    0.04071    1.79    2.29    2.77
21-07-2024 17:29:31.84  123.47  -0.790  26.528   32.446   59.9   7.15  14.000    0.05255    2.28    1.53    3.16
21-07-2024 17:29:32.09  123.24  -0.797  26.501   32.416   59.9   7.16  14.000    0.04293    1.88    2.11    3.16
21-07-2024 17:29:32.33  122.93  -0.803  26.512   32.438   60.0   7.17  14.000    0.03109    1.88    2.11    3.16
21-07-2024 17:29:32.58  122.63  -0.810  26.514   32.449   60.1   7.18  14.000    0.03109    2.10    1.98    3.04
21-07-2024 17:29:32.82  122.38  -0.816  26.525   32.470   60.1   7.18  14.000    0.05181    1.95    2.19    2.88
21-07-2024 17:29:33.07  122.10  -0.821  26.500   32.442   60.1   7.19  14.000    0.05773    2.29    2.46    3.30
21-07-2024 17:29:33.31  121.87  -0.827  26.475   32.415   60.2   7.19  14.000    0.04885    1.95    2.41    2.86
21-07-2024 17:29:33.56  121.59  -0.830  26.478   32.421   60.2   7.20  14.000    0.02961    1.95    2.45    3.05
21-07-2024 17:29:33.80  121.27  -0.832  26.497   32.450   60.3   7.21  14.000    0.06291    2.06    2.00    3.36
21-07-2024 17:29:34.05  121.06  -0.831  26.495   32.446   60.3   7.21  14.000    0.05921    2.06    2.00    3.36
21-07-2024 17:29:34.29  120.76  -0.834  26.479   32.428   60.3   7.21  14.000    0.03331    2.54    2.28    3.07
21-07-2024 17:29:34.54  120.49  -0.837  26.483   32.437   60.4   7.22  14.000    0.03553    2.20    2.31    2.99
21-07-2024 17:29:34.78  120.24  -0.838  26.474   32.425   60.5   7.23  14.000    0.03627    1.85    2.35    3.27
21-07-2024 17:29:35.04  119.92  -0.838  26.464   32.413   60.5   7.24  14.000    0.02220    2.00    2.39    3.04
21-07-2024 17:29:35.28  119.66  -0.838  26.485   32.441   60.6   7.24  14.000    0.02813    2.11    2.78    2.95
21-07-2024 17:29:35.53  119.41  -0.838  26.417   32.348   60.6   7.25  14.000    0.04441    2.15    2.32    2.84
21-07-2024 17:29:35.78  119.10  -0.831  26.432   32.362   60.7   7.26  14.000    0.04219    2.15    2.32    2.84
21-07-2024 17:29:36.02  118.82  -0.822  26.433   32.354   60.7   7.26  14.000    0.05551    1.95    2.05    3.13
21-07-2024 17:29:36.27  118.51  -0.820  26.428   32.346   60.7   7.26  14.000    0.03627    1.93    2.28    3.11
21-07-2024 17:29:36.51  118.26  -0.819  26.404   32.313   60.8   7.27  14.000    0.03997    2.41    2.89    3.23
21-07-2024 17:29:36.76  118.00  -0.816  26.405   32.312   60.8   7.28  14.000    0.03331    1.92    2.65    3.03
21-07-2024 17:29:37.00  117.75  -0.805  26.416   32.313   60.9   7.28  14.000    0.04145    1.88    2.40    3.04
21-07-2024 17:29:37.25  117.48  -0.801  26.418   32.312   60.9   7.29  14.000    0.07624    1.96    1.84    2.93
21-07-2024 17:29:37.49  117.17  -0.797  26.407   32.294   61.0   7.29  14.000    0.04737    1.96    1.84    2.93
21-07-2024 17:29:37.74  116.88  -0.796  26.413   32.300   61.0   7.30  14.000    0.04367    2.32    1.78    3.23
21-07-2024 17:29:37.98  116.63  -0.794  26.418   32.306   61.1   7.31  14.000    0.04515    2.04    1.83    2.98
21-07-2024 17:29:38.23  116.36  -0.787  26.423   32.305   61.2   7.31  14.000    0.03775    2.16    2.12    3.24
21-07-2024 17:29:38.47  116.07  -0.782  26.415   32.289   61.3   7.32  14.000    0.03701    2.11    2.29    2.90
21-07-2024 17:29:38.72  115.80  -0.777  26.401   32.265   61.3   7.33  14.000    0.04441    2.13    2.28    2.80
21-07-2024 17:29:38.97  115.52  -0.770  26.408   32.267   61.4   7.33  14.000    0.06513    2.22    2.51    3.12
21-07-2024 17:29:39.22  115.22  -0.761  26.410   32.260   61.4   7.34  14.000    0.03923    2.22    2.51    3.12
21-07-2024 17:29:39.46  114.96  -0.746  26.406   32.239   61.5   7.34  14.000    0.04367    1.81    2.60    3.31
21-07-2024 17:29:39.71  114.67  -0.731  26.415   32.235   61.5   7.35  14.000    0.03627    1.80    2.05    2.81
21-07-2024 17:29:39.95  114.36  -0.720  26.426   32.238   61.6   7.35  14.000    0.03923    2.17    2.14    3.19
21-07-2024 17:29:40.20  114.09  -0.703  26.431   32.227   61.7   7.36  14.000    0.03997    2.04    2.58    3.27
21-07-2024 17:29:40.44  113.82  -0.690  26.445   32.231   61.7   7.36  14.000    0.03035    1.83    2.31    3.01
21-07-2024 17:29:40.69  113.52  -0.671  26.439   32.204   61.8   7.37  14.000    0.05329    2.08    2.55    3.16
21-07-2024 17:29:40.93  113.26  -0.660  26.449   32.206   61.9   7.38  14.000    0.03479    2.08    2.55    3.16
21-07-2024 17:29:41.18  112.98  -0.654  26.452   32.203   62.0   7.39  14.000    0.03701    2.16    2.15    3.10
21-07-2024 17:29:41.42  112.67  -0.647  26.457   32.203   62.0   7.39  14.000    0.04441    2.29    2.76    3.24
21-07-2024 17:29:41.67  112.43  -0.629  26.469   32.199   62.1   7.40  14.000    0.03849    2.15    2.80    2.99
21-07-2024 17:29:41.91  112.09  -0.618  26.476   32.198   62.1   7.40  14.000    0.03849    2.12    2.64    3.13
21-07-2024 17:29:42.17  111.86  -0.607  26.477   32.188   62.2   7.40  14.000    0.04515    1.69    2.65    3.07
21-07-2024 17:29:42.41  111.62  -0.605  26.484   32.195   62.3   7.42  14.000    0.04441    1.87    2.22    3.22
21-07-2024 17:29:42.65  111.31  -0.603  26.487   32.196   62.4   7.42  14.000    0.03997    1.87    2.22    3.22
21-07-2024 17:29:42.90  111.03  -0.585  26.486   32.177   62.5   7.43  14.000    0.03553    2.04    2.50    3.05
21-07-2024 17:29:43.15  110.78  -0.578  26.490   32.175   62.5   7.44  14.000    0.04219    2.14    2.91    3.04
21-07-2024 17:29:43.39  110.50  -0.569  26.496   32.173   62.6   7.45  14.000    0.03849    2.43    2.33    2.96
21-07-2024 17:29:43.64  110.21  -0.550  26.502   32.161   62.7   7.45  14.000    0.04515    2.14    2.76    3.20
21-07-2024 17:29:43.89  109.97  -0.528  26.512   32.151   62.7   7.45  14.000    0.02443    2.13    1.81    3.30
21-07-2024 17:29:44.13  109.66  -0.522  26.523   32.160   62.8   7.46  14.000    0.03109    2.04    2.11    3.21
21-07-2024 17:29:44.37  109.44  -0.524  26.527   32.168   62.9   7.47  14.000    0.03553    2.04    2.11    3.21
21-07-2024 17:29:44.62  109.15  -0.516  26.530   32.163   63.0   7.48  14.000    0.03923    2.00    2.50    3.16
21-07-2024 17:29:44.87  108.90  -0.511  26.536   32.166   63.1   7.49  14.000    0.03849    2.15    2.16    3.20
21-07-2024 17:29:45.11  108.59  -0.495  26.535   32.148   63.1   7.50  14.000    0.02294    2.20    2.33    3.02
21-07-2024 17:29:45.36  108.32  -0.485  26.541   32.146   63.2   7.50  14.000    0.04367    2.10    2.39    2.83
21-07-2024 17:29:45.60  108.08  -0.479  26.544   32.143   63.3   7.51  14.000    0.05773    2.38    2.06    3.12
21-07-2024 17:29:45.85  107.78  -0.459  26.548   32.128   63.4   7.51  14.000    0.04145    2.38    2.06    3.12
21-07-2024 17:29:46.10  107.47  -0.457  26.553   32.132   63.5   7.53  14.000    0.04145    1.88    2.67    3.08
21-07-2024 17:29:46.34  107.23  -0.454  26.557   32.135   63.6   7.54  14.000    0.04663    2.13    2.76    2.77
21-07-2024 17:29:46.59  106.95  -0.447  26.561   32.133   63.7   7.55  14.000    0.06217    2.02    2.64    2.97
21-07-2024 17:29:46.84  106.69  -0.444  26.566   32.137   63.8   7.56  14.000    0.04293    2.38    2.75    3.35
21-07-2024 17:29:47.08  106.39  -0.435  26.574   32.138   63.9   7.57  14.000    0.03183    2.12    1.95    3.29
21-07-2024 17:29:47.33  106.08  -0.427  26.577   32.134   64.0   7.58  14.000    0.03701    2.28    2.19    3.16
21-07-2024 17:29:47.57  105.82  -0.416  26.580   32.127   64.1   7.59  14.000    0.04071    2.28    2.19    3.16
21-07-2024 17:29:47.82  105.53  -0.407  26.583   32.121   64.2   7.60  14.000    0.04663    2.19    1.93    3.16
21-07-2024 17:29:48.06  105.25  -0.402  26.588   32.122   64.3   7.61  14.000    0.05625    2.14    2.51    3.17
21-07-2024 17:29:48.31  105.01  -0.393  26.597   32.125   64.4   7.62  14.000    0.04219    2.24    2.35    3.25
21-07-2024 17:29:48.55  104.69  -0.380  26.599   32.113   64.5   7.63  14.000    0.04219    2.15    2.07    2.88
21-07-2024 17:29:48.80  104.44  -0.373  26.603   32.112   64.6   7.64  14.000    0.04219    3.12    2.27    2.93
21-07-2024 17:29:49.04  104.16  -0.370  26.609   32.116   64.7   7.65  14.000    0.03405    1.97    2.32    3.37
21-07-2024 17:29:49.29  103.90  -0.360  26.615   32.114   64.8   7.67  14.000    0.04811    1.97    2.32    3.37
21-07-2024 17:29:49.54  103.61  -0.352  26.615   32.107   64.9   7.68  14.000    0.04219    2.46    1.94    3.19
21-07-2024 17:29:49.79  103.32  -0.345  26.622   32.108   65.0   7.69  14.000    0.06439    2.00    1.99    2.91
21-07-2024 17:29:50.03  103.06  -0.332  26.628   32.103   65.1   7.70  14.000    0.05551    2.15    1.93    3.19
21-07-2024 17:29:50.28  102.74  -0.324  26.625   32.091   65.2   7.71  14.000    0.04737    2.11    2.15    2.89
21-07-2024 17:29:50.53  102.48  -0.323  26.628   32.094   65.3   7.72  14.000    0.03331    2.18    2.13    3.40
21-07-2024 17:29:50.77  102.25  -0.320  26.633   32.098   65.4   7.73  14.000    0.03035    2.01    2.56    3.27
21-07-2024 17:29:51.02  101.95  -0.312  26.637   32.095   65.5   7.74  14.000    0.03775    2.01    2.56    3.27
21-07-2024 17:29:51.26  101.66  -0.307  26.639   32.091   65.7   7.76  14.000    0.03627    1.78    2.28    2.93
21-07-2024 17:29:51.51  101.36  -0.299  26.639   32.084   65.8   7.77  14.000    0.06809    2.00    2.14    3.15
21-07-2024 17:29:51.75  101.10  -0.297  26.646   32.090   65.9   7.78  14.000    0.04811    2.19    2.41    3.22
21-07-2024 17:29:52.00  100.84  -0.295  26.647   32.090   66.0   7.79  14.000    0.03997    2.19    1.98    3.19
21-07-2024 17:29:52.24  100.54  -0.294  26.648   32.090   66.1   7.81  14.000    0.04885    2.28    2.31    3.03
21-07-2024 17:29:52.49  100.26  -0.289  26.649   32.087   66.2   7.82  14.000    0.02961    2.22    2.80    3.00
21-07-2024 17:29:52.73   99.97  -0.285  26.651   32.086   66.3   7.83  14.000    0.05995    2.22    2.80    3.00
21-07-2024 17:29:52.98   99.69  -0.278  26.654   32.082   66.4   7.84  14.000    0.04293    1.69    2.41    3.19
21-07-2024 17:29:53.23   99.41  -0.273  26.656   32.080   66.5   7.85  14.000    0.03553    2.37    2.55    3.36
21-07-2024 17:29:53.47   99.15  -0.268  26.657   32.076   66.6   7.86  14.000    0.05773    2.16    2.21    3.12
21-07-2024 17:29:53.72   98.84  -0.257  26.660   32.068   66.7   7.87  14.000    0.04219    2.10    2.30    3.12
21-07-2024 17:29:53.97   98.58  -0.250  26.669   32.073   66.8   7.88  14.000    0.04515    2.13    2.03    2.84
21-07-2024 17:29:54.21   98.29  -0.248  26.670   32.073   66.9   7.90  14.000    0.03331    2.10    2.36    3.12
21-07-2024 17:29:54.46   98.01  -0.244  26.672   32.072   67.0   7.91  14.000    0.05033    2.10    2.36    3.12
21-07-2024 17:29:54.70   97.73  -0.239  26.674   32.068   67.1   7.92  14.000    0.06069    2.15    2.37    3.08
21-07-2024 17:29:54.95   97.47  -0.230  26.677   32.063   67.2   7.93  14.000    0.05699    2.17    2.47    3.25
21-07-2024 17:29:55.19   97.21  -0.228  26.677   32.061   67.4   7.94  14.000    0.05699    2.18    1.72    3.15
21-07-2024 17:29:55.44   96.91  -0.226  26.679   32.062   67.5   7.96  14.000    0.04663    1.94    2.49    2.92
21-07-2024 17:29:55.68   96.63  -0.222  26.683   32.063   67.6   7.97  14.000    0.03331    2.30    2.38    3.25
21-07-2024 17:29:55.93   96.37  -0.218  26.685   32.062   67.7   7.98  14.000    0.04219    2.13    2.13    3.26
21-07-2024 17:29:56.17   96.10  -0.215  26.685   32.060   67.8   7.99  14.000    0.03109    2.13    2.13    3.26
21-07-2024 17:29:56.42   95.80  -0.211  26.686   32.057   67.9   8.00  14.000    0.04515    2.04    1.78    3.19
21-07-2024 17:29:56.66   95.57  -0.208  26.687   32.054   68.0   8.01  14.000    0.04515    2.39    2.24    2.99
21-07-2024 17:29:56.91   95.28  -0.206  26.689   32.056   68.1   8.03  14.000    0.04219    2.29    2.20    3.31
21-07-2024 17:29:57.16   94.96  -0.202  26.690   32.052   68.2   8.04  14.000    0.04367    2.13    2.52    3.05
21-07-2024 17:29:57.41   94.72  -0.200  26.690   32.051   68.3   8.05  14.000    0.03479    2.08    1.80    3.14
21-07-2024 17:29:57.66   94.42  -0.198  26.691   32.050   68.4   8.06  14.000    0.03701    2.03    2.52    2.59
21-07-2024 17:29:57.90   94.15  -0.194  26.693   32.049   68.5   8.07  14.000    0.03701    2.03    2.52    2.59
21-07-2024 17:29:58.15   93.88  -0.181  26.697   32.040   68.6   8.08  14.000    0.04959    2.13    2.23    3.12
21-07-2024 17:29:58.39   93.55  -0.177  26.696   32.035   68.7   8.09  14.000    0.05551    2.00    2.49    3.12
21-07-2024 17:29:58.64   93.29  -0.168  26.698   32.028   68.7   8.10  14.000    0.04663    2.28    1.62    3.10
21-07-2024 17:29:58.88   93.01  -0.166  26.701   32.030   68.8   8.11  14.000    0.04219    1.83    2.32    3.08
21-07-2024 17:29:59.13   92.76  -0.159  26.704   32.027   68.9   8.12  14.000    0.05403    2.26    2.40    3.25
21-07-2024 17:29:59.37   92.45  -0.154  26.704   32.021   69.0   8.13  14.000    0.04293    2.13    3.07    3.05
21-07-2024 17:29:59.62   92.17  -0.151  26.705   32.021   69.1   8.14  14.000    0.03849    2.13    3.07    3.05
21-07-2024 17:29:59.86   91.90  -0.149  26.708   32.023   69.2   8.15  14.000    0.03035    2.28    2.30    3.08
21-07-2024 17:30:00.11   91.63  -0.145  26.707   32.017   69.3   8.15  14.000    0.05625    2.24    2.54    3.24
21-07-2024 17:30:00.35   91.37  -0.141  26.710   32.017   69.4   8.16  14.000    0.03257    2.01    2.87    2.79
21-07-2024 17:30:00.60   91.06  -0.138  26.710   32.014   69.5   8.17  14.000    0.04071    2.11    2.30    3.01
21-07-2024 17:30:00.85   90.80  -0.134  26.709   32.008   69.5   8.18  14.000    0.05625    2.20    2.29    3.25
21-07-2024 17:30:01.09   90.53  -0.133  26.711   32.010   69.6   8.19  14.000    0.05847    2.35    1.74    3.28
21-07-2024 17:30:01.34   90.23  -0.132  26.712   32.010   69.7   8.20  14.000    0.04071    2.35    1.74    3.28
21-07-2024 17:30:01.59   89.97  -0.129  26.712   32.008   69.8   8.21  14.000    0.05255    2.10    2.67    3.03
21-07-2024 17:30:01.83   89.69  -0.126  26.713   32.006   69.9   8.22  14.000    0.05181    2.10    2.01    3.28
21-07-2024 17:30:02.08   89.39  -0.124  26.713   32.005   70.0   8.23  14.000    0.04367    1.98    2.56    3.20
21-07-2024 17:30:02.32   89.12  -0.118  26.714   31.999   70.1   8.24  14.000    0.06291    2.10    2.43    3.61
21-07-2024 17:30:02.57   88.86  -0.115  26.715   31.998   70.1   8.25  14.000    0.05329    2.11    1.91    3.06
21-07-2024 17:30:02.81   88.56  -0.110  26.714   31.992   70.2   8.26  14.000    0.04145    2.20    2.25    2.98
21-07-2024 17:30:03.06   88.30  -0.108  26.717   31.994   70.3   8.27  14.000    0.02739    2.20    2.25    2.98
21-07-2024 17:30:03.30   88.03  -0.105  26.719   31.993   70.4   8.27  14.000    0.03553    1.98    1.74    2.79
21-07-2024 17:30:03.55   87.76  -0.101  26.720   31.991   70.4   8.28  14.000    0.04219    2.39    2.30    3.11
21-07-2024 17:30:03.79   87.47  -0.097  26.721   31.988   70.5   8.29  14.000    0.03479    2.20    2.29    3.04
21-07-2024 17:30:04.05   87.20  -0.096  26.719   31.985   70.6   8.30  14.000    0.04811    2.30    2.86    2.84
21-07-2024 17:30:04.28   86.94  -0.096  26.720   31.986   70.7   8.31  14.000    0.04959    1.84    2.03    2.89
21-07-2024 17:30:04.53   86.64  -0.093  26.721   31.983   70.8   8.32  14.000    0.03997    2.35    2.28    3.07
21-07-2024 17:30:04.78   86.36  -0.085  26.724   31.980   70.8   8.33  14.000    0.04293    2.35    2.28    3.07
21-07-2024 17:30:05.03   86.07  -0.080  26.725   31.976   70.9   8.34  14.000    0.03997    2.25    2.02    3.26
21-07-2024 17:30:05.27   85.86  -0.073  26.728   31.973   71.0   8.34  14.000    0.04367    2.49    2.12    3.25
21-07-2024 17:30:05.52   85.57  -0.065  26.729   31.967   71.1   8.35  14.000    0.03849    2.52    2.22    3.18
21-07-2024 17:30:05.76   85.28  -0.062  26.732   31.967   71.1   8.36  14.000    0.07698    1.85    2.35    3.25
21-07-2024 17:30:06.01   85.01  -0.060  26.733   31.966   71.2   8.37  14.000    0.04293    2.06    2.70    3.31
21-07-2024 17:30:06.25   84.74  -0.058  26.735   31.967   71.3   8.38  14.000    0.05551    1.88    2.32    3.14
21-07-2024 17:30:06.50   84.49  -0.055  26.737   31.967   71.4   8.38  14.000    0.05329    1.88    2.32    3.14
21-07-2024 17:30:06.74   84.21  -0.052  26.737   31.963   71.5   8.39  14.000    0.04885    2.28    2.28    3.10
21-07-2024 17:30:06.99   83.93  -0.048  26.739   31.963   71.5   8.40  14.000    0.06143    1.93    2.17    3.33
21-07-2024 17:30:07.23   83.67  -0.041  26.741   31.957   71.6   8.41  14.000    0.02813    2.28    2.40    2.87
21-07-2024 17:30:07.48   83.37  -0.036  26.742   31.954   71.7   8.41  14.000    0.04071    3.03    2.12    2.92
21-07-2024 17:30:07.72   83.09  -0.031  26.743   31.950   71.7   8.42  14.000    0.03479    1.84    2.56    2.97
21-07-2024 17:30:07.97   82.80  -0.028  26.743   31.947   71.8   8.43  14.000    0.05773    2.17    2.29    3.14
21-07-2024 17:30:08.22   82.53  -0.025  26.744   31.945   71.9   8.44  14.000    0.03923    2.17    2.29    3.14
21-07-2024 17:30:08.47   82.28  -0.023  26.746   31.946   71.9   8.44  14.000    0.04515    2.12    2.54    3.13
21-07-2024 17:30:08.72   81.97  -0.017  26.746   31.940   72.0   8.45  14.000    0.04441    2.25    2.55    3.29
21-07-2024 17:30:08.96   81.68  -0.014  26.748   31.940   72.0   8.46  14.000    0.04811    2.31    2.44    3.37
21-07-2024 17:30:09.21   81.44  -0.013  26.750   31.941   72.1   8.46  14.000    0.03775    2.11    1.91    3.15
21-07-2024 17:30:09.45   81.17  -0.008  26.750   31.936   72.2   8.47  14.000    0.05107    2.37    2.35    3.43
21-07-2024 17:30:09.70   80.92  -0.003  26.753   31.935   72.2   8.48  14.000    0.04071    2.25    2.23    3.25
21-07-2024 17:30:09.94   80.63  -0.001  26.754   31.934   72.3   8.48  14.000    0.03183    2.25    2.23    3.25
21-07-2024 17:30:10.19   80.34   0.001  26.754   31.933   72.3   8.49  14.000    0.03479    1.91    1.74    3.14
21-07-2024 17:30:10.43   80.08   0.006  26.756   31.930   72.4   8.49  14.000    0.04663    2.31    2.34    3.34
21-07-2024 17:30:10.68   79.82   0.010  26.755   31.925   72.4   8.50  14.000    0.03257    2.31    2.49    3.23
21-07-2024 17:30:10.92   79.56   0.013  26.755   31.922   72.5   8.50  14.000    0.05033    2.16    2.25    2.96
21-07-2024 17:30:11.17   79.27   0.016  26.756   31.921   72.6   8.51  14.000    0.05329    1.82    2.55    3.25
21-07-2024 17:30:11.41   79.00   0.017  26.756   31.920   72.6   8.51  14.000    0.07550    2.01    2.18    3.20
21-07-2024 17:30:11.66   78.71   0.019  26.758   31.920   72.7   8.52  14.000    0.05921    2.01    2.18    3.20
21-07-2024 17:30:11.91   78.44   0.022  26.760   31.920   72.7   8.53  14.000    0.03775    2.13    2.01    2.90
21-07-2024 17:30:12.15   78.14   0.025  26.760   31.917   72.8   8.53  14.000    0.03627    2.05    2.38    3.31
21-07-2024 17:30:12.40   77.88   0.028  26.760   31.913   72.8   8.54  14.000    0.03997    2.32    2.04    3.21
21-07-2024 17:30:12.65   77.61   0.031  26.761   31.913   72.9   8.54  14.000    0.03923    2.78    1.95    3.29
21-07-2024 17:30:12.89   77.35   0.031  26.763   31.916   72.9   8.55  14.000    0.05255    2.22    2.26    3.14
21-07-2024 17:30:13.14   77.02   0.038  26.764   31.909   73.0   8.55  14.000    0.03997    2.04    2.21    3.11
21-07-2024 17:30:13.38   76.79   0.046  26.762   31.900   73.0   8.56  14.000    0.03849    2.04    2.21    3.11
21-07-2024 17:30:13.63   76.52   0.052  26.763   31.893   73.0   8.56  14.000    0.03405    1.98    2.11    3.22
21-07-2024 17:30:13.88   76.22   0.060  26.767   31.890   73.1   8.56  14.000    0.05033    2.55    1.83    2.88
21-07-2024 17:30:14.12   75.95   0.068  26.771   31.888   73.1   8.57  14.000    0.05329    2.28    2.18    3.08
21-07-2024 17:30:14.37   75.64   0.073  26.773   31.885   73.2   8.57  14.000    0.04367    2.27    2.31    3.22
21-07-2024 17:30:14.61   75.38   0.077  26.774   31.882   73.2   8.58  14.000    0.03257    1.93    2.32    2.97
21-07-2024 17:30:14.86   75.10   0.082  26.775   31.878   73.3   8.58  14.000    0.06809    2.12    2.34    3.01
21-07-2024 17:30:15.11   74.82   0.085  26.776   31.878   73.3   8.58  14.000    0.03627    2.12    2.34    3.01
21-07-2024 17:30:15.35   74.50   0.092  26.779   31.874   73.4   8.59  14.000    0.05773    2.07    2.53    3.13
21-07-2024 17:30:15.60   74.24   0.098  26.783   31.874   73.4   8.59  14.000    0.06069    2.05    2.11    3.21
21-07-2024 17:30:15.85   73.94   0.102  26.783   31.869   73.4   8.60  14.000    0.05255    2.18    1.96    3.07
21-07-2024 17:30:16.10   73.69   0.106  26.783   31.865   73.5   8.60  14.000    0.02591    2.19    2.37    3.20
21-07-2024 17:30:16.34   73.38   0.110  26.784   31.863   73.5   8.61  14.000    0.05181    2.22    2.45    3.37
21-07-2024 17:30:16.58   73.07   0.116  26.790   31.864   73.6   8.61  14.000    0.06661    2.26    1.77    3.45
21-07-2024 17:30:16.83   72.81   0.122  26.788   31.856   73.6   8.61  14.000    0.05699    2.26    1.77    3.45
21-07-2024 17:30:17.08   72.54   0.125  26.791   31.858   73.7   8.62  14.000    0.05181    2.21    1.81    2.80
21-07-2024 17:30:17.32   72.25   0.129  26.793   31.855   73.7   8.62  14.000    0.05181    2.20    2.49    3.07
21-07-2024 17:30:17.57   71.98   0.130  26.795   31.857   73.8   8.63  14.000    0.03479    2.17    2.49    3.25
21-07-2024 17:30:17.81   71.70   0.131  26.795   31.857   73.8   8.63  14.000    0.04811    2.03    1.97    3.20
21-07-2024 17:30:18.06   71.44   0.131  26.796   31.857   73.9   8.64  14.000    0.04885    2.19    2.35    3.19
21-07-2024 17:30:18.30   71.16   0.131  26.797   31.859   73.9   8.64  14.000    0.08586    2.25    2.63    3.10
21-07-2024 17:30:18.54   70.86   0.130  26.792   31.854   74.0   8.65  14.000    0.05921    2.25    2.63    3.10
21-07-2024 17:30:18.79   70.55   0.129  26.789   31.851   74.0   8.65  14.000    0.04811    2.38    2.19    2.91
21-07-2024 17:30:19.04   70.28   0.130  26.790   31.852   74.0   8.66  14.000    0.04219    2.04    2.69    3.13
21-07-2024 17:30:19.29   69.98   0.131  26.790   31.851   74.1   8.67  14.000    0.04811    2.24    2.05    3.48
21-07-2024 17:30:19.53   69.69   0.132  26.789   31.849   74.1   8.67  14.000    0.05551    2.02    2.07    3.15
21-07-2024 17:30:19.78   69.38   0.132  26.790   31.849   74.2   8.68  14.000    0.07105    2.39    2.58    3.08
21-07-2024 17:30:20.03   69.10   0.138  26.790   31.844   74.2   8.68  14.000    0.08068    2.06    2.37    3.18
21-07-2024 17:30:20.27   68.85   0.140  26.789   31.840   74.3   8.68  14.000    0.04885    2.06    2.37    3.18
21-07-2024 17:30:20.52   68.53   0.142  26.790   31.839   74.3   8.69  14.000    0.04293    2.31    2.18    3.19
21-07-2024 17:30:20.76   68.26   0.142  26.790   31.840   74.3   8.69  14.000    0.05255    2.37    2.24    3.65
21-07-2024 17:30:21.01   67.96   0.143  26.788   31.837   74.4   8.70  14.000    0.04811    2.13    2.05    3.18
21-07-2024 17:30:21.25   67.72   0.145  26.788   31.835   74.4   8.70  14.000    0.05699    2.23    2.46    3.24
21-07-2024 17:30:21.50   67.43   0.148  26.788   31.832   74.5   8.71  14.000    0.04663    2.36    2.10    3.01
21-07-2024 17:30:21.74   67.12   0.149  26.788   31.831   74.5   8.71  14.000    0.05625    2.23    2.05    2.96
21-07-2024 17:30:21.98   66.85   0.153  26.789   31.828   74.5   8.72  14.000    0.04737    2.23    2.05    2.96
21-07-2024 17:30:22.23   66.56   0.159  26.789   31.822   74.6   8.72  14.000    0.06439    2.54    1.87    3.12
21-07-2024 17:30:22.48   66.29   0.172  26.792   31.813   74.6   8.72  14.000    0.05699    1.97    2.13    3.00
21-07-2024 17:30:22.72   66.00   0.180  26.796   31.810   74.6   8.72  14.000    0.05477    2.14    2.39    3.39
21-07-2024 17:30:22.98   65.73   0.183  26.795   31.806   74.7   8.73  14.000    0.04071    2.48    1.71    3.08
21-07-2024 17:30:23.22   65.39   0.182  26.796   31.807   74.7   8.73  14.000    0.06143    2.03    2.01    2.98
21-07-2024 17:30:23.47   65.13   0.182  26.797   31.809   74.8   8.74  14.000    0.07105    2.30    2.93    3.52
21-07-2024 17:30:23.72   64.81   0.182  26.797   31.809   74.8   8.74  14.000    0.07179    2.30    2.93    3.52
21-07-2024 17:30:23.96   64.54   0.191  26.800   31.805   74.8   8.74  14.000    0.07402    2.37    2.31    2.98
21-07-2024 17:30:24.21   64.23   0.205  26.815   31.810   74.8   8.74  14.000    0.06143    2.26    1.77    2.96
21-07-2024 17:30:24.45   63.96   0.219  26.810   31.788   74.9   8.74  14.000    0.07031    2.19    1.92    3.27
21-07-2024 17:30:24.70   63.69   0.227  26.812   31.784   74.9   8.74  14.000    0.06735    2.42    2.13    3.55
21-07-2024 17:30:24.94   63.41   0.233  26.814   31.780   74.9   8.75  14.000    0.07105    1.95    1.90    3.29
21-07-2024 17:30:25.19   63.11   0.236  26.825   31.791   75.0   8.75  14.000    0.07994    1.92    2.29    3.31
21-07-2024 17:30:25.43   62.83   0.247  26.829   31.785   75.0   8.75  14.000    0.06365    1.92    2.29    3.31
21-07-2024 17:30:25.68   62.52   0.255  26.826   31.773   75.0   8.75  14.000    0.08068    2.07    2.39    3.10
21-07-2024 17:30:25.92   62.24   0.261  26.828   31.770   75.1   8.76  14.000    0.06217    2.26    2.62    2.87
21-07-2024 17:30:26.18   61.94   0.276  26.832   31.759   75.1   8.76  14.000    0.08956    2.10    2.12    2.94
21-07-2024 17:30:26.41   61.64   0.286  26.836   31.755   75.1   8.76  14.000    0.07253    2.30    2.69    2.93
21-07-2024 17:30:26.66   61.36   0.291  26.837   31.751   75.2   8.76  14.000    0.07476    2.34    2.19    3.29
21-07-2024 17:30:26.91   61.08   0.296  26.837   31.747   75.2   8.77  14.000    0.09104    2.34    2.19    3.29
21-07-2024 17:30:27.16   60.79   0.298  26.836   31.742   75.3   8.77  14.000    0.07624    2.10    3.02    3.13
21-07-2024 17:30:27.40   60.53   0.300  26.837   31.742   75.3   8.78  14.000    0.07253    2.34    1.83    3.02
21-07-2024 17:30:27.65   60.24   0.302  26.837   31.740   75.4   8.78  14.000    0.07624    2.21    1.93    3.01
21-07-2024 17:30:27.89   59.95   0.302  26.836   31.738   75.4   8.79  14.000    0.08734    2.14    1.86    3.10
21-07-2024 17:30:28.14   59.68   0.303  26.833   31.734   75.4   8.79  14.000    0.09104    2.19    1.64    3.01
21-07-2024 17:30:28.38   59.35   0.304  26.831   31.731   75.5   8.79  14.000    0.09696    2.32    2.30    3.20
21-07-2024 17:30:28.63   59.07   0.304  26.830   31.730   75.5   8.80  14.000    0.09400    2.32    2.30    3.20
21-07-2024 17:30:28.87   58.78   0.310  26.830   31.723   75.5   8.80  14.000    0.07179    2.47    2.16    3.15
21-07-2024 17:30:29.12   58.51   0.318  26.831   31.716   75.5   8.80  14.000    0.11546    2.41    2.63    3.19
21-07-2024 17:30:29.36   58.26   0.320  26.831   31.715   75.6   8.81  14.000    0.08290    2.20    2.52    3.15
21-07-2024 17:30:29.61   57.96   0.318  26.830   31.715   75.7   8.81  14.000    0.10362    2.10    1.93    3.04
21-07-2024 17:30:29.85   57.65   0.318  26.830   31.716   75.7   8.82  14.000    0.09474    2.04    2.24    3.12
21-07-2024 17:30:30.10   57.40   0.321  26.828   31.710   75.7   8.82  14.000    0.07772    2.19    2.49    3.06
21-07-2024 17:30:30.35   57.09   0.322  26.827   31.709   75.8   8.83  14.000    0.08512    2.19    2.49    3.06
21-07-2024 17:30:30.59   56.77   0.320  26.826   31.709   75.8   8.83  14.000    0.10140    1.98    2.11    3.11
21-07-2024 17:30:30.84   56.50   0.315  26.817   31.704   75.8   8.84  14.000    0.09252    1.85    2.61    3.18
21-07-2024 17:30:31.09   56.20   0.309  26.815   31.707   75.9   8.84  14.000    0.12064    2.46    2.36    3.12
21-07-2024 17:30:31.34   55.92   0.304  26.811   31.706   75.9   8.85  14.000    0.10806    2.23    2.45    3.19
21-07-2024 17:30:31.58   55.63   0.301  26.805   31.703   76.0   8.85  14.000    0.10732    1.93    2.24    3.12
21-07-2024 17:30:31.83   55.36   0.300  26.805   31.703   76.0   8.86  14.000    0.10584    1.94    2.08    3.18
21-07-2024 17:30:32.07   55.07   0.300  26.800   31.697   76.0   8.86  14.000    0.12361    1.94    2.08    3.18
21-07-2024 17:30:32.32   54.77   0.309  26.796   31.683   76.0   8.86  14.000    0.10436    2.02    1.90    3.33
21-07-2024 17:30:32.56   54.48   0.308  26.795   31.682   76.1   8.87  14.000    0.13989    4.24    2.65    3.26
21-07-2024 17:30:32.81   54.21   0.307  26.795   31.683   76.1   8.87  14.000    0.11842    2.02    2.71    3.15
21-07-2024 17:30:33.05   53.89   0.309  26.791   31.678   76.2   8.88  14.000    0.12879    2.27    2.25    3.13
21-07-2024 17:30:33.30   53.60   0.308  26.790   31.677   76.2   8.88  14.000    0.11176    2.27    2.23    2.76
21-07-2024 17:30:33.54   53.32   0.308  26.789   31.676   76.2   8.88  14.000    0.12509    1.97    2.46    3.33
21-07-2024 17:30:33.79   53.04   0.308  26.785   31.671   76.2   8.89  14.000    0.11472    1.97    2.46    3.33
21-07-2024 17:30:34.04   52.73   0.310  26.783   31.667   76.3   8.89  14.000    0.12138    2.32    2.54    3.14
21-07-2024 17:30:34.28   52.43   0.314  26.782   31.660   76.3   8.89  14.000    0.14063    2.25    2.46    3.32
21-07-2024 17:30:34.53   52.11   0.317  26.777   31.651   76.3   8.90  14.000    0.13545    2.09    2.21    3.14
21-07-2024 17:30:34.78   51.84   0.323  26.776   31.643   76.4   8.90  14.000    0.15099    2.40    2.50    2.94
21-07-2024 17:30:35.02   51.52   0.332  26.779   31.638   76.4   8.90  14.000    0.12583    2.34    2.12    3.18
21-07-2024 17:30:35.27   51.24   0.340  26.777   31.629   76.4   8.90  14.000    0.13249    2.28    2.40    3.31
21-07-2024 17:30:35.51   50.95   0.344  26.777   31.624   76.4   8.90  14.000    0.14137    2.28    2.40    3.31
21-07-2024 17:30:35.76   50.68   0.348  26.776   31.619   76.4   8.90  14.000    0.13767    2.10    2.19    3.25
21-07-2024 17:30:36.00   50.39   0.351  26.775   31.615   76.5   8.91  14.000    0.15173    2.34    2.37    3.04
21-07-2024 17:30:36.25   50.13   0.353  26.775   31.613   76.5   8.91  14.000    0.16653    2.29    2.30    3.13
21-07-2024 17:30:36.49   49.84   0.357  26.775   31.609   76.5   8.91  14.000    0.15321    2.38    2.10    3.09
21-07-2024 17:30:36.74   49.58   0.360  26.776   31.607   76.5   8.91  14.000    0.16505    2.16    2.26    3.00
21-07-2024 17:30:36.98   49.29   0.362  26.774   31.603   76.6   8.92  14.000    0.16801    2.08    2.05    3.24
21-07-2024 17:30:37.23   49.03   0.363  26.772   31.599   76.6   8.92  14.000    0.17246    2.08    2.05    3.24
21-07-2024 17:30:37.47   48.75   0.367  26.770   31.593   76.6   8.93  14.000    0.16135    2.25    1.94    3.03
21-07-2024 17:30:37.72   48.43   0.381  26.772   31.581   76.7   8.92  14.000    0.18208    2.40    2.97    3.02
21-07-2024 17:30:37.97   48.19   0.392  26.771   31.569   76.7   8.92  14.000    0.17912    2.42    2.06    3.26
21-07-2024 17:30:38.22   47.89   0.390  26.769   31.568   76.7   8.93  14.000    0.17468    2.33    2.23    3.19
21-07-2024 17:30:38.46   47.59   0.395  26.769   31.563   76.7   8.93  14.000    0.18726    2.30    2.76    3.19
21-07-2024 17:30:38.71   47.33   0.379  26.758   31.565   76.7   8.94  14.000    0.18578    2.38    2.20    3.03
21-07-2024 17:30:38.95   47.04   0.285  26.741   31.640   76.9   8.97  14.000    0.19762    2.38    2.20    3.03
21-07-2024 17:30:39.20   46.74   0.227  26.735   31.692   76.9   8.98  14.000    0.20946    2.33    2.41    3.01
21-07-2024 17:30:39.45   46.43   0.117  26.703   31.765   77.0   9.02  14.000    0.20280    2.22    2.19    3.06
21-07-2024 17:30:39.69   46.17   0.098  26.625   31.682   77.0   9.02  14.000    0.20798    2.20    2.01    3.01
21-07-2024 17:30:39.94   45.88   0.110  26.540   31.559   76.9   9.01  14.000    0.20798    2.38    2.67    3.24
21-07-2024 17:30:40.18   45.59   0.118  26.542   31.553   76.9   9.01  14.000    0.21464    2.17    2.13    3.37
21-07-2024 17:30:40.43   45.34   0.136  26.516   31.501   76.8   9.01  14.000    0.22057    2.21    2.11    3.07
21-07-2024 17:30:40.67   45.03   0.131  26.521   31.513   76.8   9.01  14.000    0.23907    2.21    2.11    3.07
21-07-2024 17:30:40.92   44.75   0.125  26.521   31.518   76.8   9.00  14.000    0.22575    2.25    2.45    3.00
21-07-2024 17:30:41.16   44.48   0.114  26.515   31.523   76.8   9.01  14.000    0.23759    1.69    1.77    3.18
21-07-2024 17:30:41.41   44.17   0.088  26.472   31.494   76.8   9.02  14.000    0.23685    2.53    2.56    3.17
21-07-2024 17:30:41.66   43.89   0.060  26.427   31.463   76.8   9.02  14.000    0.25683    2.28    2.74    3.22
21-07-2024 17:30:41.91   43.61   0.054  26.419   31.459   76.8   9.03  14.000    0.25757    2.50    2.30    3.26
21-07-2024 17:30:42.15   43.31   0.053  26.422   31.464   76.8   9.03  14.000    0.26942    2.22    1.98    2.93
21-07-2024 17:30:42.40   43.06   0.051  26.426   31.472   76.8   9.02  14.000    0.27386    2.22    1.98    2.93
21-07-2024 17:30:42.64   42.78   0.035  26.403   31.458   76.8   9.03  14.000    0.26719    2.33    2.21    3.36
21-07-2024 17:30:42.89   42.47   0.004  26.382   31.463   76.8   9.04  14.000    0.29458    2.28    2.33    3.21
21-07-2024 17:30:43.13   42.19  -0.012  26.389   31.489   76.8   9.04  14.000    0.28866    2.12    2.84    3.28
21-07-2024 17:30:43.38   41.93  -0.015  26.370   31.467   76.8   9.04  14.000    0.31604    2.87    2.11    2.98
21-07-2024 17:30:43.62   41.63  -0.006  26.346   31.426   76.8   9.04  14.000    0.31086    2.35    2.41    3.41
21-07-2024 17:30:43.87   41.33   0.009  26.383   31.460   76.7   9.03  14.000    0.31530    2.41    2.51    3.27
21-07-2024 17:30:44.11   41.04   0.033  26.423   31.487   76.7   9.02  14.000    0.32419    2.41    2.51    3.27
21-07-2024 17:30:44.36   40.77   0.072  26.437   31.466   76.7   9.01  14.000    0.32271    2.47    2.12    3.32
21-07-2024 17:30:44.60   40.46   0.122  26.442   31.421   76.7   9.00  14.000    0.34713    2.64    2.34    3.28
21-07-2024 17:30:44.85   40.20   0.196  26.438   31.341   76.6   8.98  14.000    0.35231    2.07    2.27    3.08
21-07-2024 17:30:45.10   39.89   0.221  26.483   31.374   76.6   8.97  14.000    0.39524    2.24    2.28    2.91
21-07-2024 17:30:45.34   39.60   0.252  26.493   31.355   76.6   8.96  14.000    0.38266    2.71    2.41    3.48
21-07-2024 17:30:45.59   39.32   0.294  26.494   31.313   76.6   8.95  14.000    0.38636    2.28    2.30    3.04
21-07-2024 17:30:45.84   39.02   0.300  26.503   31.320   76.6   8.96  14.000    0.40782    2.28    2.30    3.04
21-07-2024 17:30:46.08   38.72   0.314  26.520   31.328   76.7   8.95  14.000    0.42485    2.36    2.31    3.18
21-07-2024 17:30:46.33   38.43   0.355  26.536   31.307   76.6   8.94  14.000    0.43299    2.62    2.56    2.95
21-07-2024 17:30:46.57   38.20   0.399  26.530   31.254   76.6   8.94  14.000    0.44261    2.16    1.72    3.10
21-07-2024 17:30:46.82   37.88   0.414  26.529   31.239   76.6   8.94  14.000    0.48332    2.35    2.35    3.13
21-07-2024 17:30:47.06   37.61   0.429  26.546   31.244   76.7   8.94  14.000    0.47814    2.45    2.33    3.28
21-07-2024 17:30:47.31   37.33   0.438  26.543   31.233   76.7   8.94  14.000    0.47740    2.17    2.33    3.01
21-07-2024 17:30:47.55   37.03   0.450  26.541   31.218   76.7   8.94  14.000    0.50108    2.17    2.33    3.01
21-07-2024 17:30:47.80   36.72   0.458  26.540   31.209   76.7   8.94  14.000    0.52403    2.39    2.62    3.01
21-07-2024 17:30:48.05   36.46   0.461  26.540   31.207   76.8   8.94  14.000    0.52995    2.53    2.64    3.03
21-07-2024 17:30:48.29   36.15   0.460  26.538   31.204   76.8   8.94  14.000    0.55659    2.31    2.32    3.24
21-07-2024 17:30:48.54   35.91   0.460  26.523   31.185   76.8   8.94  14.000    0.56622    2.46    1.84    2.96
21-07-2024 17:30:48.79   35.58   0.458  26.518   31.181   76.8   8.95  14.000    0.59064    2.30    2.66    3.80
21-07-2024 17:30:49.03   35.34   0.442  26.503   31.178   76.8   8.95  14.000    0.61581    2.69    2.83    3.53
21-07-2024 17:30:49.28   35.00   0.440  26.491   31.164   76.8   8.96  14.000    0.62025    2.69    2.83    3.53
21-07-2024 17:30:49.52   34.73   0.445  26.491   31.160   76.8   8.96  14.000    0.65281    2.47    2.34    2.74
21-07-2024 17:30:49.77   34.44   0.446  26.488   31.155   76.8   8.96  14.000    0.68390    2.45    2.25    3.16
21-07-2024 17:30:50.02   34.17   0.443  26.484   31.153   76.9   8.96  14.000    0.70166    2.15    2.17    3.28
21-07-2024 17:30:50.26   33.87   0.452  26.480   31.139   76.8   8.96  14.000    0.72683    2.37    2.63    3.03
21-07-2024 17:30:50.51   33.57   0.454  26.479   31.135   76.9   8.96  14.000    0.73867    2.14    1.59    3.22
21-07-2024 17:30:50.75   33.31   0.461  26.466   31.112   76.9   8.96  14.000    0.77642    2.57    2.11    3.00
21-07-2024 17:30:51.00   33.05   0.461  26.467   31.112   76.9   8.96  14.000    0.78604    2.57    2.11    3.00
21-07-2024 17:30:51.24   32.75   0.463  26.464   31.108   76.9   8.96  14.000    0.81935    2.69    2.68    3.11
21-07-2024 17:30:51.49   32.52   0.463  26.461   31.104   76.9   8.96  14.000    0.85784    2.84    2.20    3.32
21-07-2024 17:30:51.73   32.24   0.465  26.437   31.072   76.9   8.96  14.000    0.87116    2.39    2.43    3.08
21-07-2024 17:30:51.98   32.04   0.482  26.433   31.048   76.9   8.96  14.000    0.89188    2.59    2.86    2.96
21-07-2024 17:30:52.22   31.84   0.485  26.433   31.045   76.9   8.96  14.000    0.92445    2.46    1.95    2.99
21-07-2024 17:30:52.47   31.64   0.495  26.434   31.037   76.9   8.96  14.000    0.93777    2.59    2.37    3.16
21-07-2024 17:30:52.72   31.45   0.502  26.435   31.031   76.9   8.96  14.000    0.96294    2.59    2.37    3.16
21-07-2024 17:30:52.97   31.21   0.497  26.433   31.034   76.9   8.96  14.000    0.97256    2.78    2.53    3.20
21-07-2024 17:30:53.21   31.03   0.498  26.433   31.033   77.0   8.96  14.000    1.01105    2.97    2.37    3.28
21-07-2024 17:30:53.46   30.82   0.504  26.434   31.029   76.9   8.96  14.000    1.01401    2.88    2.32    3.17
21-07-2024 17:30:53.71   30.63   0.515  26.438   31.022   76.9   8.96  14.000    1.05916    2.58    2.70    3.22
21-07-2024 17:30:53.95   30.44   0.529  26.444   31.016   76.9   8.95  14.000    1.06878    2.59    2.52    3.17
21-07-2024 17:30:54.19   30.19   0.557  26.456   31.005   76.9   8.94  14.000    1.11763    3.05    2.24    3.09
21-07-2024 17:30:54.44   29.97   0.565  26.456   30.995   76.9   8.94  14.000    1.13095    3.05    2.24    3.09
21-07-2024 17:30:54.68   29.80   0.582  26.453   30.975   76.8   8.93  14.000    1.16796    2.91    2.62    3.25
21-07-2024 17:30:54.93   29.57   0.584  26.453   30.972   76.9   8.94  14.000    1.21385    2.94    2.47    3.21
21-07-2024 17:30:55.17   29.37   0.586  26.452   30.969   76.8   8.93  14.000    1.22569    2.98    2.16    2.98
21-07-2024 17:30:55.42   29.21   0.590  26.448   30.961   76.8   8.93  14.000    1.27972    3.10    2.04    3.39
21-07-2024 17:30:55.66   29.03   0.592  26.442   30.951   76.8   8.93  14.000    1.30267    2.83    2.51    3.31
21-07-2024 17:30:55.91   28.87   0.591  26.441   30.951   76.8   8.93  14.000    1.33375    3.00    2.17    3.37
21-07-2024 17:30:56.16   28.67   0.588  26.447   30.961   76.8   8.93  14.000    1.35448    3.00    2.17    3.37
21-07-2024 17:30:56.41   28.53   0.588  26.445   30.959   76.8   8.93  14.000    1.38186    2.92    2.10    3.09
21-07-2024 17:30:56.66   28.35   0.586  26.443   30.959   76.8   8.93  14.000    1.41739    2.89    2.37    3.10
21-07-2024 17:30:56.90   28.16   0.583  26.439   30.958   76.8   8.93  14.000    1.44256    3.19    2.41    2.99
21-07-2024 17:30:57.15   28.03   0.582  26.435   30.952   76.7   8.92  14.000    1.48623    2.99    2.40    3.21
21-07-2024 17:30:57.39   27.85   0.582  26.426   30.942   76.7   8.92  14.000    1.50769    2.69    2.41    3.24
21-07-2024 17:30:57.64   27.64   0.582  26.424   30.939   76.7   8.92  14.000    1.56838    2.85    2.10    3.14
21-07-2024 17:30:57.88   27.40   0.575  26.413   30.931   76.7   8.92  14.000    1.59207    2.85    2.10    3.14
21-07-2024 17:30:58.13   27.20   0.569  26.388   30.906   76.7   8.92  14.000    1.65720    3.07    2.30    3.21
21-07-2024 17:30:58.37   26.94   0.569  26.382   30.898   76.6   8.92  14.000    1.69569    3.07    2.27    2.95
21-07-2024 17:30:58.62   26.76   0.565  26.379   30.898   76.6   8.91  14.000    1.74380    2.76    2.29    3.23
21-07-2024 17:30:58.86   26.54   0.561  26.362   30.880   76.6   8.91  14.000    1.79857    3.28    2.30    3.73
21-07-2024 17:30:59.11   26.32   0.573  26.331   30.828   76.5   8.91  14.000    1.84964    3.23    2.24    3.27
21-07-2024 17:30:59.35   26.09   0.582  26.326   30.813   76.5   8.90  14.000    1.91551    3.18    2.72    3.05
21-07-2024 17:30:59.60   25.90   0.579  26.328   30.819   76.5   8.90  14.000    1.97547    3.18    2.72    3.05
21-07-2024 17:30:59.85   25.65   0.576  26.329   30.824   76.5   8.90  14.000    2.02728    3.08    2.05    3.02
21-07-2024 17:31:00.09   25.42   0.580  26.317   30.804   76.4   8.89  14.000    2.08057    3.24    2.49    3.24
21-07-2024 17:31:00.34   25.20   0.581  26.293   30.772   76.4   8.89  14.000    2.16865    3.35    2.05    3.25
21-07-2024 17:31:00.59   24.97   0.579  26.290   30.772   76.3   8.89  14.000    2.23748    3.06    2.54    3.35
21-07-2024 17:31:00.83   24.71   0.599  26.279   30.737   76.3   8.88  14.000    2.31742    3.11    2.23    2.94
21-07-2024 17:31:01.08   24.45   0.604  26.276   30.729   76.3   8.88  14.000    2.43584    3.42    2.48    3.57
21-07-2024 17:31:01.32   24.20   0.594  26.257   30.714   76.3   8.88  14.000    2.49801    3.42    2.48    3.57
21-07-2024 17:31:01.57   23.95   0.595  26.273   30.733   76.3   8.88  14.000    2.58535    3.44    2.42    3.32
21-07-2024 17:31:01.81   23.74   0.606  26.271   30.721   76.2   8.87  14.000    2.68379    3.41    2.73    3.48
21-07-2024 17:31:02.06   23.45   0.627  26.276   30.706   76.2   8.87  14.000    2.79111    3.45    1.76    2.93
21-07-2024 17:31:02.30   23.19   0.634  26.274   30.696   76.2   8.86  14.000    2.91694    3.19    2.53    3.47
21-07-2024 17:31:02.55   22.97   0.636  26.266   30.685   76.2   8.86  14.000    3.01612    3.25    2.49    3.35
21-07-2024 17:31:02.79   22.72   0.635  26.268   30.688   76.2   8.86  14.000    3.12714    3.25    2.49    3.35
21-07-2024 17:31:03.04   22.43   0.629  26.269   30.695   76.1   8.86  14.000    3.24187    3.20    2.27    3.65
21-07-2024 17:31:03.28   22.19   0.541  26.178   30.666   76.3   8.90  14.000    3.39212    3.39    2.21    2.91
21-07-2024 17:31:03.54   21.93   0.505  26.051   30.539   76.3   8.92  14.000    3.52609    3.42    2.30    3.42
21-07-2024 17:31:03.78   21.65   0.495  26.047   30.543   76.2   8.91  14.000    3.66153    3.73    2.67    3.30
21-07-2024 17:31:04.03   21.39   0.511  26.052   30.534   76.1   8.89  14.000    3.79920    3.51    2.50    3.01
21-07-2024 17:31:04.27   21.11   0.510  26.024   30.499   76.1   8.89  14.000    3.97314    3.60    2.73    3.39
21-07-2024 17:31:04.52   20.88   0.514  26.010   30.476   76.0   8.89  14.000    4.13005    4.11    2.67    3.24
21-07-2024 17:31:04.76   20.62   0.514  26.015   30.484   76.0   8.88  14.000    4.30473    4.11    2.67    3.24
21-07-2024 17:31:05.01   20.36   0.514  26.012   30.480   76.0   8.88  14.000    4.46016    3.86    2.13    3.32
21-07-2024 17:31:05.26   20.10   0.515  26.012   30.478   75.9   8.88  14.000    4.63779    3.63    2.43    3.44
21-07-2024 17:31:05.50   19.84   0.529  25.997   30.446   75.9   8.87  14.000    4.82949    3.72    2.34    3.38
21-07-2024 17:31:05.75   19.58   0.523  25.948   30.389   75.8   8.87  14.000    4.99307    3.97    2.96    3.06
21-07-2024 17:31:05.99   19.34   0.483  25.872   30.331   75.9   8.89  14.000    5.19661    3.83    1.84    3.74
21-07-2024 17:31:06.23   19.09   0.453  25.888   30.382   75.9   8.89  14.000    5.41717    3.83    1.84    3.74
21-07-2024 17:31:06.48   18.83   0.431  25.891   30.407   75.9   8.89  14.000    5.61405    4.18    2.14    3.48
21-07-2024 17:31:06.73   18.56   0.422  25.859   30.374   75.9   8.89  14.000    5.88717    4.61    2.38    3.15
21-07-2024 17:31:06.97   18.33   0.412  25.772   30.272   75.8   8.90  14.000    6.12032    4.15    2.47    3.14
21-07-2024 17:31:07.22   18.15   0.404  25.703   30.191   75.8   8.90  14.000    6.31720    4.21    2.27    3.24
21-07-2024 17:31:07.47   18.01   0.410  25.726   30.215   75.7   8.89  14.000    6.48151    4.11    2.36    3.31
21-07-2024 17:31:07.72   17.89   0.417  25.730   30.214   75.7   8.88  14.000    6.56441    4.59    1.96    3.35
21-07-2024 17:31:07.97   17.78   0.417  25.729   30.212   75.6   8.88  14.000    6.68135    4.70    2.74    3.31
21-07-2024 17:31:08.21   17.66   0.416  25.723   30.205   75.6   8.88  14.000    6.78646    4.70    2.74    3.31
21-07-2024 17:31:08.45   17.54   0.413  25.710   30.192   75.6   8.88  14.000    6.90562    4.82    2.40    3.29
21-07-2024 17:31:08.70   17.44   0.413  25.711   30.193   75.6   8.87  14.000    7.03293    4.84    2.36    3.38
21-07-2024 17:31:08.94   17.31   0.412  25.708   30.191   75.5   8.87  14.000    7.17874    4.82    2.63    3.36
21-07-2024 17:31:09.19   17.21   0.422  25.704   30.175   75.4   8.86  14.000    7.36525    4.84    2.66    2.90
21-07-2024 17:31:09.43   17.09   0.431  25.701   30.163   75.4   8.85  14.000    7.66872    4.92    2.58    3.67
21-07-2024 17:31:09.68   16.95   0.438  25.703   30.158   75.3   8.84  14.000    8.20829    4.92    2.58    3.67
21-07-2024 17:31:09.92   16.85   0.457  25.704   30.141   75.2   8.83  14.000    8.59243    4.82    2.93    3.25
21-07-2024 17:31:10.18   16.73   0.466  25.699   30.126   75.2   8.82  14.000    8.96916    4.50    2.53    3.56
21-07-2024 17:31:10.42   16.62   0.467  25.694   30.118   75.2   8.82  14.000    9.36071    4.57    2.53    3.69
21-07-2024 17:31:10.66   16.49   0.465  25.691   30.117   75.1   8.81  14.000    9.84180    5.84    2.52    3.69
21-07-2024 17:31:10.91   16.38   0.459  25.684   30.114   75.1   8.81  14.000   10.34363    6.45    3.01    4.04
21-07-2024 17:31:11.16   16.28   0.457  25.672   30.100   75.1   8.81  14.000   10.83805   17.67    3.94    5.23
21-07-2024 17:31:11.41   16.15   0.462  25.667   30.088   75.0   8.80  14.000   11.30509   17.67    3.94    5.23
21-07-2024 17:31:11.65   15.93   0.516  25.676   30.048   74.9   8.78  14.000   11.98825   34.06    3.91    5.24
21-07-2024 17:31:11.90   15.73   0.656  25.682   29.920   74.6   8.72  14.000   12.78021   18.31    3.81    5.51
21-07-2024 17:31:12.14   15.55   0.716  25.681   29.861   74.5   8.70  14.000   13.67135   29.36    4.03    5.96
21-07-2024 17:31:12.39   15.31   0.746  25.713   29.873   74.5   8.69  14.000   14.56842   32.63    4.08    5.85
21-07-2024 17:31:12.63   15.15   0.769  25.744   29.890   74.5   8.69  14.000   15.48250   28.06    4.20    5.91
21-07-2024 17:31:12.88   14.91   0.780  25.751   29.890   74.6   8.69  14.000   16.54092   28.91    3.77    5.24
21-07-2024 17:31:13.12   14.70   0.814  25.774   29.885   74.5   8.68  14.000   18.63185   28.91    3.77    5.24
21-07-2024 17:31:13.37   14.49   0.850  25.797   29.880   74.5   8.67  14.000   24.25627   25.75    4.24    5.38
21-07-2024 17:31:13.61   14.31   0.863  25.799   29.870   74.6   8.67  14.000   31.48904   28.26    4.19    5.77
21-07-2024 17:31:13.86   14.05   0.881  25.806   29.862   74.5   8.66  14.000   38.10304   29.00    4.53    5.84
21-07-2024 17:31:14.10   13.86   0.893  25.807   29.851   74.6   8.66  14.000   44.72000   27.32    3.53    5.29
21-07-2024 17:31:14.35   13.66   0.905  25.807   29.840   74.5   8.66  14.000   51.50497   23.18    3.91    5.44
21-07-2024 17:31:14.60   13.42   0.908  25.764   29.783   74.5   8.66  14.000   59.90644   34.69    5.52    7.86
21-07-2024 17:31:14.84   13.23   0.902  25.672   29.672   74.4   8.66  14.000   66.49824   34.69    5.52    7.86
21-07-2024 17:31:15.09   12.99   0.862  25.631   29.658   74.5   8.67  14.000   73.16109   74.15    6.07    9.14
21-07-2024 17:31:15.34   12.81   0.815  25.616   29.683   74.5   8.69  14.000   79.59301   76.54    7.67    9.80
21-07-2024 17:31:15.58   12.60   0.750  25.633   29.768   74.7   8.71  14.000   85.59934   67.68    6.44    8.95
21-07-2024 17:31:15.83   12.37   0.729  25.639   29.795   74.7   8.72  14.000   91.98981   68.10    6.72    8.95
21-07-2024 17:31:16.08   12.19   0.685  25.595   29.782   74.8   8.75  14.000   98.54239   62.78    6.38    8.29
21-07-2024 17:31:16.32   11.95   0.666  25.513   29.696   74.9   8.76  14.000  105.44801   59.47    6.77    8.72
21-07-2024 17:31:16.58   11.74   0.657  25.500   29.687   74.9   8.77  14.000  111.99244   59.87    6.26    7.70
21-07-2024 17:31:16.81   11.52   0.659  25.488   29.671   75.0   8.77  14.000  117.83002   59.87    6.26    7.70
21-07-2024 17:31:17.06   11.32   0.658  25.481   29.662   75.0   8.78  14.000  123.52993   53.76    6.59    8.33
21-07-2024 17:31:17.30   11.12   0.657  25.473   29.653   75.1   8.79  14.000  129.45041   61.82    5.70    7.75
21-07-2024 17:31:17.55   10.87   0.678  25.444   29.596   75.1   8.79  14.000  136.50850   47.21    4.92    6.58
21-07-2024 17:31:17.79   10.65   0.687  25.430   29.571   75.2   8.80  14.000  144.99731   35.26    4.43    6.26
21-07-2024 17:31:18.04   10.44   0.697  25.425   29.554   75.3   8.81  14.000  154.11893   35.50    4.27    6.07
21-07-2024 17:31:18.29   10.21   0.708  25.423   29.542   75.4   8.82  14.000  161.71956   35.50    4.27    6.07
21-07-2024 17:31:18.53   10.00   0.716  25.424   29.536   75.5   8.83  14.000  168.40240   27.34    4.26    5.78
21-07-2024 17:31:18.78    9.81   0.726  25.420   29.521   75.6   8.85  14.000  174.55011   23.79    3.70    4.84
21-07-2024 17:31:19.03    9.60   0.740  25.416   29.503   75.7   8.85  14.000  180.33884   22.10    4.22    5.28
21-07-2024 17:31:19.27    9.41   0.762  25.418   29.485   75.8   8.86  14.000  188.06528   24.06    3.64    4.66
21-07-2024 17:31:19.52    9.20   0.811  25.419   29.438   75.9   8.86  14.000  197.02039   18.46    3.65    4.68
21-07-2024 17:31:19.76    9.00   0.835  25.415   29.411   76.0   8.87  14.000  205.39743   13.00    3.27    4.81
21-07-2024 17:31:20.01    8.79   0.841  25.411   29.401   76.1   8.89  14.000  215.02902   13.00    3.27    4.81
21-07-2024 17:31:20.25    8.59   0.834  25.412   29.408   76.3   8.91  14.000  225.70276   14.87    3.04    4.50
21-07-2024 17:31:20.50    8.36   0.865  25.416   29.384   76.5   8.92  14.000  237.68657   13.87    3.52    3.58
21-07-2024 17:31:20.74    8.17   0.910  25.433   29.363   76.7   8.94  14.000  248.14122   11.41    3.02    3.87
21-07-2024 17:31:20.99    7.94   0.976  25.437   29.306   76.9   8.95  14.000  255.24002    8.79    2.79    3.71
21-07-2024 17:31:21.24    7.74   1.023  25.436   29.261   77.0   8.96  14.000  257.57742   11.04    2.93    4.21
21-07-2024 17:31:21.48    7.51   1.066  25.341   29.101   77.2   8.98  14.000  264.00638   10.90    2.90    3.83
21-07-2024 17:31:21.72    7.30   1.104  25.473   29.231   77.5   9.00  14.000  274.49582   10.90    2.90    3.83
21-07-2024 17:31:21.97    7.09   1.162  25.527   29.246   77.8   9.02  14.000  303.76141    6.11    2.45    3.40
21-07-2024 17:31:22.22    6.86   1.251  25.572   29.219   78.0   9.01  14.000  328.68607    7.26    2.24    3.49
21-07-2024 17:31:22.47    6.61   1.389  25.624   29.155   78.2   9.02  14.000  338.05566    6.40    2.77    3.56
21-07-2024 17:31:22.71    6.44   1.521  25.631   29.041   78.5   9.03  14.000  353.49155    7.45    2.86    3.52
21-07-2024 17:31:22.96    6.18   1.651  25.633   28.924   78.7   9.02  14.000  368.96368    6.39    2.61    3.51
21-07-2024 17:31:23.20    5.95   1.877  25.710   28.813   78.7   8.98  14.000  385.07233    6.27    2.14    3.36
21-07-2024 17:31:23.45    5.75   2.051  25.805   28.771   79.1   8.98  14.000  401.43341    6.27    2.14    3.36
21-07-2024 17:31:23.69    5.53   2.227  25.845   28.662   79.4   8.98  14.000  412.41580    4.78    2.27    3.17
21-07-2024 17:31:23.94    5.30   2.308  25.911   28.668   80.0   9.03  14.000  447.80173    4.43    2.36    3.15
21-07-2024 17:31:24.18    5.08   2.590  25.960   28.476   80.0   8.97  14.000  508.58896    4.09    2.95    2.89
21-07-2024 17:31:24.43    4.87   2.946  25.932   28.128   79.7   8.89  14.000  544.09924    4.97    2.72    3.43
21-07-2024 17:31:24.67    4.65   3.109  25.929   27.983   79.9   8.88  14.000  517.81201    4.00    2.85    3.51
21-07-2024 17:31:24.92    4.43   3.287  26.023   27.940   80.4   8.90  14.000  511.29053    3.68    1.76    3.15
21-07-2024 17:31:25.17    4.21   3.401  26.021   27.839   81.2   8.96  14.000  510.97150    3.68    1.76    3.15
21-07-2024 17:31:25.41    3.99   3.598  25.999   27.645   81.5   8.97  14.000  587.83630    3.99    3.33    3.77
21-07-2024 17:31:25.66    3.79   3.742  26.016   27.544   82.1   9.01  14.000  703.69086    3.56    1.81    2.82
21-07-2024 17:31:25.91    3.59   4.002  25.975   27.278   82.4   8.99  14.000  678.05200    3.75    3.05    3.23
21-07-2024 17:31:26.16    3.43   4.297  25.704   26.725   82.8   9.01  14.000  654.45966    4.52    3.85    1.72
21-07-2024 17:31:26.40    3.22   4.616  25.311   26.024   83.1   9.01  14.000  709.06287    4.36    0.39    2.68
21-07-2024 17:31:26.65    3.08   4.849  25.470   26.021   84.0   9.05  14.000  751.08582    2.32    3.60    5.21
21-07-2024 17:31:26.89    2.95   4.930  25.533   26.027   84.6   9.10  14.000  691.93872    2.32    3.60    5.21
21-07-2024 17:31:27.14    2.84   5.677  25.280   25.177   84.0   8.92  14.000  752.12122    1.52    2.95    5.21
21-07-2024 17:31:27.39    2.77   5.990  24.988   24.629   84.8   8.97  14.000  856.64258    3.04    2.14    1.59
21-07-2024 17:31:27.63    2.68   6.237  24.763   24.209   84.8   8.95  14.000  926.22430    5.11    2.14    4.45
21-07-2024 17:31:27.88    2.60   6.543  24.307   23.508   84.7   8.91  14.000  786.39844    2.94    2.14    1.64
21-07-2024 17:31:28.12    2.53   6.681  24.139   23.237   84.7   8.89  14.000  921.03876    4.68    2.14    1.97
21-07-2024 17:31:28.37    2.48   6.848  24.110   23.094   84.6   8.86  14.000 1079.98572    3.25    2.59    3.96
21-07-2024 17:31:28.61    2.39   6.805  24.336   23.360   85.4   8.93  14.000  841.60785    3.25    2.59    3.96
21-07-2024 17:31:28.86    2.32   6.598  24.505   23.681   86.5   9.07  14.000  891.73987    5.47    2.69    2.42
21-07-2024 17:31:29.10    2.25   6.477  24.563   23.826   87.2   9.17  14.000 1143.07703    0.46    2.69    4.00
21-07-2024 17:31:29.35    2.19   6.402  24.613   23.932   87.6   9.22  14.000  802.15778    6.55    1.42    4.61
21-07-2024 17:31:29.60    2.10   6.357  24.564   23.911   87.7   9.24  14.000 1301.48889    6.55    3.33    3.97
21-07-2024 17:31:29.85    2.04   6.402  24.462   23.772   87.7   9.24  14.000 1073.55676    1.64    0.70    5.00
21-07-2024 17:31:30.09    1.96   6.483  24.373   23.620   87.8   9.24  14.000  957.70001    1.97    0.70    1.32
21-07-2024 17:31:30.33    1.87   6.575  24.284   23.462   87.5   9.20  14.000  870.26880    1.97    0.70    1.32
21-07-2024 17:31:30.58    1.81   6.663  24.254   23.371   87.8   9.22  14.000  993.45453    1.97    9.58    2.86
21-07-2024 17:31:30.82    1.74   6.633  24.265   23.403   88.0   9.24  14.000 1060.39026    2.21    9.58    8.92
21-07-2024 17:31:31.07    1.66   6.668  24.251   23.364   88.1   9.25  14.000  834.20636    2.21    2.59    3.07
21-07-2024 17:31:31.32    1.58   6.737  24.195   23.258   88.4   9.27  14.000 1467.83887    9.73    7.06    1.64
21-07-2024 17:31:31.56    1.50   6.966  23.771   22.661   88.8   9.30  14.000 1720.59131    9.73    2.12    1.64
21-07-2024 17:31:31.80    1.44   7.215  23.315   22.026   88.7   9.27  14.000 1095.83838   27.38    2.12    5.84
21-07-2024 17:31:32.06    1.31   7.408  23.119   21.701   89.6   9.34  14.000  790.54401   27.38    2.12    5.84
21-07-2024 17:31:32.30    1.23   7.587  23.132   21.603   90.1   9.36  14.000 1024.38110   27.38   45.33    2.22
21-07-2024 17:31:32.54    1.15   8.093  22.641   20.799   89.6   9.25  14.000 1819.97290    4.38   45.33    5.86
21-07-2024 17:31:32.79    1.09   9.023  21.887   19.523   88.2   8.98  14.000 1400.94897    7.44   45.33    4.78
21-07-2024 17:31:33.04    1.05   9.496  21.881   19.261   88.3   8.91  14.000 1048.21399    7.44   21.04   11.18
21-07-2024 17:31:33.28    0.93   9.702  21.886   19.156   88.8   8.92  14.000 2272.60425   10.18    6.51   11.18
21-07-2024 17:31:33.53    0.86   9.769  20.865   18.148   89.5   9.04  14.000 1682.97302   12.68    6.51   11.18
21-07-2024 17:31:33.78    0.75   9.724  20.217   17.556   90.1   9.13  14.000 1542.94275   12.68    6.51   11.18
21-07-2024 17:31:34.02    0.62   9.864  20.152   17.426   89.7   9.08  14.000 1544.69336 1000.00   10.89   35.07
21-07-2024 17:31:34.27    0.53   9.911  20.198   17.447   89.8   9.08  14.000 2328.29980 1000.00   34.63   16.25
21-07-2024 17:31:34.51    0.45  10.049  19.362   16.597   90.2   9.14  14.000 2328.29980    8.98   33.20   13.00
21-07-2024 17:31:34.76    0.43  10.622  18.961   15.970   89.6   9.00  14.000 2328.29980    8.98   10.44   31.03
21-07-2024 17:31:35.00    0.36  10.819  19.039   15.957   89.6   8.95  14.000 2328.29980    0.00   10.44   16.00
21-07-2024 17:31:35.25    0.28  10.864  19.249   16.129   89.7   8.95  14.000 2328.29980    1.16   10.44 1000.00
21-07-2024 17:31:35.49    0.26  10.913  18.970   15.852   89.2   8.91  14.000 2328.29980    1.16   10.44 1000.00
21-07-2024 17:31:35.74    0.09  10.929  19.019   15.890   88.7   8.85  14.000 2328.29980   21.47   10.44    7.35
21-07-2024 17:31:35.98    0.10  10.896   3.303    2.425   88.6   9.63  14.000 2328.29980   21.47    1.40   12.49
21-07-2024 17:31:36.23    0.12  10.721   2.165    1.559   88.0   9.66  14.000 2328.29980 1000.00    1.40    2.87
21-07-2024 17:31:36.47    0.12  10.560   1.601    1.139   86.7   9.57  14.000 2328.29980    0.00 1000.00   33.46
21-07-2024 17:31:36.73    0.11  10.497   1.337    0.944   85.3   9.45  14.000 2328.29980   85.82   39.94    0.00
21-07-2024 17:31:36.97    0.11  10.446   1.310    0.925   84.4   9.35  14.000 2328.29980   85.82    0.00 1000.00
21-07-2024 17:31:37.22    0.11  10.416   1.337    0.946   83.3   9.24  14.000 2328.29980   85.82    0.00 1000.00
21-07-2024 17:31:37.47    0.11  10.395   1.360    0.964   82.5   9.16  14.000 2328.29980   49.97 1000.00 1000.00
21-07-2024 17:31:37.71    0.10  10.363   1.286    0.910   81.7   9.08  14.000 2328.29980   24.13   17.72 1000.00
21-07-2024 17:31:37.96    0.09  10.333   1.221    0.863   80.9   8.99  14.000 2328.29980 1000.00   17.72   13.28
21-07-2024 17:31:38.20    0.11  10.297   1.218    0.861   80.2   8.92  14.000 2328.29980   21.11  100.42    9.05
21-07-2024 17:31:38.45    0.12  10.258   1.300    0.923   79.7   8.87  14.000 2328.29980 1000.00 1000.00    9.05
21-07-2024 17:31:38.69    0.10  10.216   1.276    0.906   79.0   8.81  14.000 2328.29980 1000.00    4.22   22.20
21-07-2024 17:31:38.93    0.10  10.175   1.219    0.865   78.4   8.75  14.000 2328.29980 1000.00    4.22   22.20
21-07-2024 17:31:39.18    0.08  10.139   1.230    0.874   77.8   8.69  14.000 2328.29980 1000.00 1000.00 1000.00
21-07-2024 17:31:39.43    0.09  10.102   1.160    0.823   77.0   8.61  14.000 2328.29980    3.22   23.55 1000.00
21-07-2024 17:31:39.67    0.09  10.084   1.196    0.850   76.5   8.56  14.000 2328.29980    0.00 1000.00   19.05
21-07-2024 17:31:39.92    0.09  10.058   1.014    0.715   76.2   8.54  14.000 2328.29980    0.00   63.48 1000.00
21-07-2024 17:31:40.16    0.10  10.002   0.944    0.665   76.1   8.54  14.000 1950.90442 1000.00 1000.00   89.02
21-07-2024 17:31:40.41    0.09   9.938   0.961    0.679   75.6   8.50  14.000 1861.58203 1000.00    0.00   22.25
21-07-2024 17:31:40.66    0.13   9.878   0.912    0.644   75.2   8.46  14.000 1709.51038 1000.00    0.00   22.25
21-07-2024 17:31:40.91    0.10   9.822   0.817    0.575   74.8   8.43  14.000 1542.30859 1000.00    0.00   22.25
21-07-2024 17:31:41.15    0.12   9.775   0.747    0.524   74.6   8.42  14.000 1236.93054   45.24  314.11 1000.00
21-07-2024 17:31:41.40    0.11   9.753   0.758    0.533   74.4   8.41  14.000 1093.02063 1000.00 1000.00 1000.00
21-07-2024 17:31:41.64    0.12   9.721   0.670    0.469   73.8   8.34  14.000 1059.90979 1000.00 1000.00 1000.00
21-07-2024 17:31:41.89    0.10   9.698   0.572    0.398   73.1   8.28  14.000 1017.95581 1000.00    8.03    5.58
21-07-2024 17:31:42.13    0.08   9.663   0.511    0.355   73.3   8.31  14.000 1003.65680    2.66   34.83 1000.00
21-07-2024 17:31:42.38    0.13   9.626   0.475    0.329   73.1   8.29  14.000 1204.66663    2.66   34.83 1000.00
21-07-2024 17:31:42.62    0.13   9.612   0.444    0.307   72.6   8.24  14.000 1119.24927 1000.00 1000.00 1000.00
21-07-2024 17:31:42.87    0.11   9.597   0.494    0.343   72.1   8.19  14.000 1108.07751    4.47    3.41    5.40
21-07-2024 17:31:43.12    0.10   9.566   0.511    0.355   72.3   8.22  14.000 1200.47595    2.69    3.33    5.53
21-07-2024 17:31:43.36    0.11   9.532   0.467    0.324   72.0   8.19  14.000 1341.67993    2.69    3.50    5.43
21-07-2024 17:31:43.60    0.11   9.509   0.446    0.309   72.1   8.20  14.000 1395.32764    2.60    3.17    5.47
21-07-2024 17:31:43.85    0.13   9.491   0.448    0.311   71.7   8.16  14.000 1390.33228    2.60    3.17    5.47
21-07-2024 17:31:44.10    0.07   9.461   0.442    0.307   71.6   8.16  14.000 1420.52979    2.72    3.38    5.62
21-07-2024 17:31:44.35    0.09   9.430   0.425    0.295   71.6   8.16  14.000 1464.23511    2.69    3.12    5.38
21-07-2024 17:31:44.60    0.10   9.385   0.404    0.280   71.7   8.18  14.000 1569.72681    2.68    3.18    5.45
21-07-2024 17:31:44.84    0.12   9.358   0.389    0.269   71.3   8.14  14.000 1679.65271    2.57    3.13    5.49
21-07-2024 17:31:45.09    0.10   9.321   0.375    0.260   71.3   8.15  14.000 1932.74475    2.63    3.37    5.44
21-07-2024 17:31:45.33    0.12   9.269   0.362    0.251   71.3   8.16  14.000 2328.29980    2.57    3.33    5.35
21-07-2024 17:31:45.58    0.11   9.215   0.352    0.244   71.4   8.19  14.000 2328.29980    2.52    3.18    5.55
21-07-2024 17:31:45.82    0.11   9.172   0.342    0.237   71.3   8.18  14.000 2328.29980    2.52    3.18    5.55
21-07-2024 17:31:46.07    0.10   9.135   0.334    0.231   71.3   8.18  14.000 2328.29980    2.57    3.17    5.51
21-07-2024 17:31:46.31    0.10   9.095   0.327    0.227   71.2   8.19  14.000 2328.29980    2.59    3.30    5.47
21-07-2024 17:31:46.56    0.12   9.059   0.319    0.221   71.2   8.20  14.000 2328.29980    2.59    3.28    5.41
21-07-2024 17:31:46.80    0.12   9.031   0.311    0.216   71.1   8.19  14.000 2328.29980    2.65    3.27    5.49
21-07-2024 17:31:47.05    0.11   9.013   0.316    0.220   71.0   8.18  14.000 2328.29980    2.70    3.21    5.51
21-07-2024 17:31:47.29    0.13   8.997   0.336    0.234   70.9   8.17  14.000 2328.29980    2.70    3.21    5.51
21-07-2024 17:31:47.54    0.08   8.971   0.342    0.239   70.9   8.18  14.000 2328.29980    2.55    3.11    5.35
21-07-2024 17:31:47.79    0.13   8.940   0.327    0.228   70.8   8.17  14.000 2328.29980    2.54    3.28    5.52
21-07-2024 17:31:48.03    0.11   8.906   0.320    0.223   70.8   8.18  14.000 2328.29980    2.49    3.13    5.55
21-07-2024 17:31:48.28    0.08   8.874   0.317    0.221   70.7   8.17  14.000 2328.29980    2.64    3.13    5.55
21-07-2024 17:31:48.53    0.11   8.851   0.313    0.218   70.9   8.20  14.000 2328.29980    2.65    3.27    5.56
21-07-2024 17:31:48.77    0.12   8.830   0.308    0.215   70.8   8.19  14.000 2328.29980    2.75    3.31    5.50
21-07-2024 17:31:49.02    0.09   8.813   0.309    0.216   70.8   8.19  14.000 2328.29980    2.51    3.12    5.42
21-07-2024 17:31:49.26    0.10   8.804   0.314    0.219   70.6   8.18  14.000 2328.29980    2.51    3.12    5.42
21-07-2024 17:31:49.51    0.11   8.794   0.314    0.220   70.8   8.20  14.000 2328.29980    2.51    2.96    5.45
21-07-2024 17:31:49.75    0.12   8.781   0.311    0.217   70.8   8.20  14.000 2328.29980    2.61    3.10    5.41
21-07-2024 17:31:50.00    0.11   8.774   0.308    0.215   70.5   8.17  14.000 2328.29980    2.64    3.26    5.44
21-07-2024 17:31:50.24    0.12   8.757   0.305    0.213   70.2   8.14  14.000 2328.29980    2.61    3.18    5.38
21-07-2024 17:31:50.49    0.09   8.747   0.570    0.407   70.4   8.15  14.000 2328.29980    2.65    3.13    5.48
21-07-2024 17:31:50.73    0.07   8.728   0.804    0.583   70.6   8.17  14.000 2328.29980    2.65    3.13    5.48
21-07-2024 17:31:50.98    0.11   8.705   0.688    0.496   70.7   8.19  14.000 2328.29980    2.59    3.09    5.49
21-07-2024 17:31:51.22    0.13   8.686   0.586    0.420   70.8   8.21  14.000 2328.29980    2.62    3.34    5.52
21-07-2024 17:31:51.48    0.10   8.671   0.489    0.348   70.7   8.21  14.000 2328.29980    2.63    3.23    5.53
21-07-2024 17:31:51.72    0.10   8.659   0.447    0.317   70.7   8.21  14.000 2328.29980    2.57    3.17    5.45
21-07-2024 17:31:51.97    0.11   8.651   0.432    0.306   70.5   8.19  14.000 2328.29980    2.55    3.21    5.60
21-07-2024 17:31:52.21    0.07   8.647   0.406    0.287   70.5   8.20  14.000 2328.29980    2.58    3.19    5.49
21-07-2024 17:31:52.46    0.09   8.647   0.375    0.265   70.4   8.18  14.000 2328.29980    2.58    3.19    5.49
21-07-2024 17:31:52.71    0.10   8.652   0.349    0.245   70.5   8.19  14.000 2328.29980    2.56    3.18    5.58
21-07-2024 17:31:52.95    0.08   8.656   0.350    0.247   70.3   8.17  14.000 2328.29980    2.59    3.24    5.59
21-07-2024 17:31:53.20    0.10   8.660   0.352    0.248   70.2   8.15  14.000 2328.29980    2.60    3.53    5.48
21-07-2024 17:31:53.44    0.09   8.666   0.340    0.239   70.2   8.15  14.000 2328.29980    2.49    3.26    5.60
21-07-2024 17:31:53.69    0.13   8.669   0.330    0.231   70.3   8.16  14.000 2328.29980    2.62    3.14    5.43
21-07-2024 17:31:53.93    0.07   8.687   0.312    0.219   70.3   8.16  14.000 2328.29980    2.63    3.11    5.59
21-07-2024 17:31:54.18    0.09   8.716   0.297    0.207   70.2   8.14  14.000 2328.29980    2.63    3.11    5.59
21-07-2024 17:31:54.42    0.12   8.729   0.287    0.200   70.1   8.14  14.000 2328.29980    2.50    3.16    5.41
21-07-2024 17:31:54.67    0.06   8.746   0.280    0.195   70.2   8.14  14.000 2328.29980    2.56    3.16    5.43
21-07-2024 17:31:54.91    0.11   8.769   0.273    0.190   70.0   8.12  14.000 2328.29980    2.54    3.22    5.53
21-07-2024 17:31:55.16    0.10   8.788   0.268    0.187   70.0   8.11  14.000 2328.29980    2.62    3.24    5.49
21-07-2024 17:31:55.41    0.10   8.800   0.264    0.183   70.0   8.11  14.000 2328.29980    2.73    3.18    5.40
21-07-2024 17:31:55.66    0.09   8.820   0.259    0.180   70.0   8.10  14.000 2328.29980    2.55    3.29    5.53
21-07-2024 17:31:55.90    0.09   8.831   0.256    0.177   69.9   8.09  14.000 2328.29980    2.55    3.29    5.53
21-07-2024 17:31:56.15    0.08   8.848   0.252    0.175   69.8   8.08  14.000 2328.29980    2.58    3.46    5.60
21-07-2024 17:31:56.39    0.11   8.866   0.250    0.173   69.7   8.06  14.000 2328.29980    2.62    3.05    5.43
21-07-2024 17:31:56.64    0.09   8.884   0.248    0.172   69.6   8.05  14.000 2328.29980    2.58    3.22    5.49
21-07-2024 17:31:56.88    0.07   8.891   0.246    0.170   69.6   8.04  14.000 2328.29980    2.49    3.14    5.49
21-07-2024 17:31:57.13    0.12   8.896   0.244    0.169   69.5   8.03  14.000 2328.29980    2.53    3.17    5.47
21-07-2024 17:31:57.37    0.10   8.897   0.242    0.168   69.4   8.02  14.000 2328.29980    2.54    3.21    5.57
21-07-2024 17:31:57.62    0.11   8.890   0.241    0.166   69.4   8.03  14.000 2328.29980    2.54    3.21    5.57
21-07-2024 17:31:57.86    0.10   8.899   0.240    0.166   69.4   8.02  14.000 2328.29980    2.61    3.06    5.48
21-07-2024 17:31:58.11    0.08   8.905   0.240    0.166   69.4   8.02  14.000 2328.29980    2.51    3.16    5.54
21-07-2024 17:31:58.35    0.07   8.896   0.242    0.167   69.4   8.02  14.000 2328.29980    2.56    3.32    5.57
21-07-2024 17:31:58.60    0.08   8.869   0.253    0.175   69.5   8.03  14.000 2328.29980    2.70    3.33    5.52
21-07-2024 17:31:58.85    0.11   8.844   0.281    0.195   69.5   8.05  14.000 2328.29980    2.65    3.14    5.51
21-07-2024 17:31:59.10    0.08   8.843   0.269    0.187   69.6   8.05  14.000 1347.17334    2.55    3.18    5.54
21-07-2024 17:31:59.34    0.09   8.857   0.266    0.184   69.5   8.04  14.000 1072.64124    2.55    3.18    5.54
21-07-2024 17:31:59.59    0.10   8.855   0.265    0.184   69.6   8.05  14.000 1395.55554    2.41    3.31    5.59
21-07-2024 17:31:59.83    0.07   8.839   0.264    0.184   69.6   8.05  14.000 1609.98364    2.49    3.14    5.47
21-07-2024 17:32:00.08    0.08   8.827   0.268    0.186   69.6   8.06  14.000 1440.56726    2.56    3.38    5.35
21-07-2024 17:32:00.32    0.11   8.833   0.270    0.187   69.6   8.05  14.000 1148.19373    2.64    3.23    5.35
21-07-2024 17:32:00.57    0.10   8.854   0.269    0.187   69.6   8.05  14.000 1554.26196    2.53    3.32    5.42
21-07-2024 17:32:00.81    0.09   8.856   0.788    0.568   69.5   8.02  14.000 2222.33154    2.58    3.27    5.53
21-07-2024 17:32:01.06    0.10   8.841   0.768    0.553   69.5   8.03  14.000 2328.29980    2.58    3.27    5.53
21-07-2024 17:32:01.30    0.08   8.827   0.713    0.513   69.6   8.04  14.000 2328.29980    2.63    3.22    5.43
21-07-2024 17:32:01.55    0.09   8.822   0.742    0.534   69.6   8.03  14.000 1523.90833    2.62    3.28    5.00
21-07-2024 17:32:01.79    0.11   8.835   0.627    0.448   69.5   8.03  14.000 1523.70410    2.24    3.40    5.47
21-07-2024 17:32:02.04    0.09   8.850   0.644    0.461   69.5   8.02  14.000 1828.89026    2.67    2.68    5.99
21-07-2024 17:32:02.28    0.09   8.869   0.694    0.498   69.5   8.02  14.000 1741.66260    9.63    0.00    0.00
21-07-2024 17:32:02.54    0.11   8.871   0.661    0.473   69.5   8.02  14.000 1929.60645   12.73   19.36 1000.00
21-07-2024 17:32:02.78    0.11   8.877   0.663    0.475   69.4   8.01  14.000 1914.98694   12.73   19.36 1000.00
21-07-2024 17:32:03.03    0.09   8.882   0.659    0.472   69.3   8.00  14.000 1815.04578 1000.00 1000.00 1000.00
21-07-2024 17:32:03.28    0.11   8.859   0.635    0.454   69.1   7.98  14.000 2174.08105 1000.00 1000.00 1000.00
21-07-2024 17:32:03.52    0.12   8.828   0.772    0.557   68.9   7.95  14.000 2311.32813 1000.00   12.93    6.39
21-07-2024 17:32:03.77    0.13   8.807   0.669    0.480   68.7   7.94  14.000 2328.29980    2.67    3.53    5.56
21-07-2024 17:32:04.01    0.12   8.784   0.580    0.414   68.2   7.89  14.000 2328.29980    2.58    3.11   27.10
21-07-2024 17:32:04.26    0.06   8.768   0.517    0.368   68.1   7.88  14.000 2328.29980    0.00    3.11 1000.00
21-07-2024 17:32:04.50    0.10   8.764   0.460    0.325   68.1   7.89  14.000 2328.29980    0.00    3.11 1000.00
21-07-2024 17:32:04.75    0.10   8.765   0.441    0.312   68.2   7.90  14.000 2328.29980 1000.00 1000.00 1000.00
21-07-2024 17:32:04.99    0.10   8.770   0.491    0.348   67.6   7.83  14.000 2328.29980 1000.00 1000.00   12.01
21-07-2024 17:32:05.25    0.13   8.774   0.486    0.344   68.1   7.88  14.000 2328.29980    2.71    3.30    5.54
21-07-2024 17:32:05.48    0.08   8.767   0.395    0.278   68.0   7.88  14.000 2328.29980    2.65    3.27   26.82
21-07-2024 17:32:05.73    0.12   8.762   0.334    0.234   68.0   7.88  14.000 2328.29980    2.65 1000.00 1000.00
21-07-2024 17:32:05.98    0.09   8.745   0.313    0.219   68.1   7.89  14.000 2328.29980    8.03    4.35    5.51
21-07-2024 17:32:06.23    0.13   8.731   0.293    0.205   68.0   7.89  14.000 2328.29980    8.03    4.35    5.51
21-07-2024 17:32:06.47    0.14   8.718   0.276    0.193   68.0   7.90  14.000 2328.29980    2.69    2.83    0.00
21-07-2024 17:32:06.72    0.14   8.701   0.326    0.229   68.2   7.91  14.000 2328.29980    2.69 1000.00 1000.00
21-07-2024 17:32:06.97    0.12   8.689   0.316    0.222   68.1   7.91  14.000 2328.29980   31.33 1000.00 1000.00
21-07-2024 17:32:07.21    0.09   8.687   0.298    0.208   68.1   7.90  14.000 2328.29980 1000.00 1000.00   33.43
21-07-2024 17:32:07.46    0.12   8.698   0.273    0.190   68.1   7.91  14.000 2328.29980    0.00    0.00   33.43
21-07-2024 17:32:07.70    0.06   8.712   0.257    0.179   68.1   7.90  14.000 2328.29980   25.38    0.00   17.62
21-07-2024 17:32:07.94    0.13   8.718   0.245    0.170   68.0   7.90  14.000 2328.29980   25.38    0.00   17.62
21-07-2024 17:32:08.19    0.09   8.717   0.235    0.163   68.0   7.90  14.000 2328.29980    0.00    0.00   17.62
21-07-2024 17:32:08.44    0.11   8.698   0.230    0.160   68.1   7.90  14.000 2328.29980   23.06   27.96 1000.00
21-07-2024 17:32:08.68    0.04   8.692   0.224    0.156   68.1   7.91  14.000 2328.29980   27.33   27.96 1000.00
21-07-2024 17:32:08.93    0.13   8.696   0.220    0.152   68.2   7.92  14.000 2328.29980    0.65    7.19   16.19
21-07-2024 17:32:09.17    0.10   8.699   0.217    0.150   68.2   7.92  14.000 2328.29980    8.13   48.53   16.12
21-07-2024 17:32:09.42    0.11   8.708   0.213    0.147   68.1   7.91  14.000 2328.29980    3.55   48.53   16.64
21-07-2024 17:32:09.66    0.10   8.714   0.208    0.144   68.1   7.90  14.000 2328.29980    3.55   48.53   16.64
21-07-2024 17:32:09.91    0.09   8.721   0.205    0.142   68.1   7.90  14.000 2328.29980   15.95   35.32   29.87
21-07-2024 17:32:10.16    0.09   8.729   0.202    0.140   68.1   7.90  14.000 2328.29980   20.44    2.88   30.23
21-07-2024 17:32:10.41    0.07   8.734   0.200    0.138   68.1   7.90  14.000 2328.29980    7.38   11.09   30.23
21-07-2024 17:32:10.65    0.09   8.727   0.198    0.137   68.1   7.90  14.000 2328.29980    7.38   55.48   47.51
21-07-2024 17:32:10.90    0.09   8.731   0.196    0.135   68.1   7.90  14.000 2328.29980    0.40   55.48   10.48
21-07-2024 17:32:11.14    0.14   8.735   0.193    0.134   68.0   7.90  14.000 2328.29980   13.26   55.48 1000.00
21-07-2024 17:32:11.39    0.08   8.744   0.192    0.133   68.0   7.89  14.000 2328.29980   13.26   55.48 1000.00
21-07-2024 17:32:11.63    0.12   8.758   0.190    0.132   68.0   7.88  14.000 2328.29980   13.26   25.00    4.97
21-07-2024 17:32:11.88    0.10   8.772   0.189    0.130   67.9   7.88  14.000 2328.29980 1000.00   22.64    0.44
21-07-2024 17:32:12.12    0.10   8.783   0.187    0.129   67.9   7.87  14.000 2328.29980 1000.00   22.64    7.87
21-07-2024 17:32:12.37    0.07   8.797   0.185    0.128   67.9   7.87  14.000 2328.29980    8.12   22.64    7.87
21-07-2024 17:32:12.61    0.04   8.804   0.184    0.127   68.0   7.88  14.000 2328.29980    8.12   22.64 1000.00
21-07-2024 17:32:12.86    0.10   8.811   0.183    0.126   67.9   7.87  14.000 2328.29980   27.81    1.85   11.49
21-07-2024 17:32:13.10    0.10   8.817   0.182    0.125   67.9   7.87  14.000 2328.29980   27.81    1.85   11.49
21-07-2024 17:32:13.35    0.10   8.805   0.181    0.124   67.9   7.87  14.000 2328.29980   17.15    1.29   11.49
21-07-2024 17:32:13.60    0.11   8.782   0.180    0.124   68.0   7.88  14.000 2328.29980   23.20   10.99   11.49
21-07-2024 17:32:13.85    0.07   8.761   0.179    0.123   68.0   7.88  14.000 2328.29980   39.67   92.16    0.00
21-07-2024 17:32:14.09    0.07   8.743   0.179    0.124   67.9   7.88  14.000 2328.29980   39.67 1000.00 1000.00
21-07-2024 17:32:14.34    0.11   8.730   0.178    0.123   67.9   7.88  14.000 2328.29980 1000.00   30.47 1000.00
21-07-2024 17:32:14.58    0.09   8.727   0.177    0.122   67.9   7.89  14.000 2328.29980   17.99   30.47 1000.00
21-07-2024 17:32:14.83    0.10   8.721   0.177    0.122   68.0   7.89  14.000 2328.29980   17.99   30.47 1000.00
21-07-2024 17:32:15.07    0.09   8.712   0.177    0.122   68.0   7.89  14.000 2328.29980   20.48   30.47 1000.00
21-07-2024 17:32:15.32    0.10   8.706   0.177    0.122   68.0   7.89  14.000 2328.29980 1000.00   31.97    1.98
21-07-2024 17:32:15.56    0.13   8.700   0.177    0.122   67.9   7.89  14.000 2328.29980 1000.00    8.87    0.00
21-07-2024 17:32:15.81    0.07   8.693   0.176    0.121   67.9   7.89  14.000 2328.29980    3.80   16.07    0.00
21-07-2024 17:32:16.06    0.10   8.691   0.177    0.122   67.9   7.89  14.000 2328.29980    0.00    0.00    0.00
21-07-2024 17:32:16.30    0.10   8.690   0.177    0.122   67.9   7.88  14.000 2328.29980 1000.00 1000.00   21.30
21-07-2024 17:32:16.54    0.09   8.687   0.176    0.122   67.8   7.88  14.000 2328.29980 1000.00 1000.00   21.30
21-07-2024 17:32:16.79    0.13   8.685   0.177    0.122   67.7   7.87  14.000 2328.29980 1000.00 1000.00 1000.00
21-07-2024 17:32:17.03    0.10   8.680   0.177    0.122   67.7   7.86  14.000 2328.29980 1000.00 1000.00 1000.00
21-07-2024 17:32:17.29    0.13   8.678   0.176    0.122   67.7   7.87  14.000 2328.29980 1000.00 1000.00   15.06
21-07-2024 17:32:17.53    0.10   8.680   0.176    0.122   67.7   7.87  14.000 2328.29980    2.81    3.18    5.53
21-07-2024 17:32:17.78    0.12   8.686   0.176    0.121   67.6   7.86  14.000 2328.29980    2.48   14.20    0.00
21-07-2024 17:32:18.03    0.09   8.699   0.176    0.121   67.6   7.85  14.000 2328.29980    2.48   14.20    7.32
21-07-2024 17:32:18.27    0.13   8.731   0.174    0.120   67.7   7.85  14.000 2328.29980    2.48   14.20    7.32
21-07-2024 17:32:18.52    0.12   8.753   0.174    0.120   67.6   7.84  14.000 2328.29980    9.10   14.20   12.47
21-07-2024 17:32:18.76    0.05   8.783   0.173    0.119   67.5   7.83  14.000 2328.29980   18.31   10.69 1000.00
21-07-2024 17:32:19.01    0.14   8.787   0.171    0.118   67.7   7.84  14.000 2328.29980   10.67    3.57    5.50
21-07-2024 17:32:19.25    0.11   8.793   0.169    0.116   67.7   7.85  14.000 2328.29980    2.53    2.92    0.00
21-07-2024 17:32:19.50    0.12   8.794   0.166    0.114   67.7   7.84  14.000 2328.29980    2.53 1000.00    0.00
21-07-2024 17:32:19.74    0.09   8.788   0.164    0.113   67.7   7.84  14.000 2328.29980    5.95    0.00    0.00
21-07-2024 17:32:19.99    0.06   8.796   0.161    0.111   67.6   7.83  14.000 2328.29980    5.95    0.00    0.00
21-07-2024 17:32:20.23    0.11   8.807   0.160    0.110   67.8   7.85  14.000 2328.29980    0.00   11.42   12.80
21-07-2024 17:32:20.48    0.09   8.846   0.159    0.109   67.8   7.84  14.000 2328.29980   38.42   11.42   48.29
21-07-2024 17:32:20.72    0.11   8.878   0.158    0.108   68.9   7.97  14.000 2328.29980    0.00    0.00    0.00
21-07-2024 17:32:20.98    0.10   8.920   0.156    0.107   67.7   7.82  14.000 2328.29980    0.00    0.00    0.00
21-07-2024 17:32:21.22    0.12   8.957   0.156    0.107   69.0   7.96  14.000 2328.29980    0.00    0.00    6.80
21-07-2024 17:32:21.47    0.10   8.960   0.155    0.106   67.8   7.82  14.000 2328.29980    0.00    0.00    6.80
21-07-2024 17:32:21.72    0.05   8.963   0.154    0.105   67.9   7.83  14.000 2328.29980    0.00    0.00    6.80
21-07-2024 17:32:21.96    0.10   8.970   0.154    0.105   67.9   7.83  14.000 2328.29980    7.53   12.56    6.80
21-07-2024 17:32:22.21    0.12   8.980   0.153    0.105   67.9   7.84  14.000 2328.29980    7.53    8.98    0.04
