Date	Time	Press	Temp	Cond	Sal	O2%	O2ppm	pH	PAR	Trx-Chl-a	Pethr	Pchan
[D-M-Y]	[h:m:s]	[dbar]	[°C]	[mS/cm]	[PSU]	[%]	[mg/l]	[pH]	[-]	[ug/l]	[ug/l]	[ug/l]
15-07-2024 08:45:52.37    0.05   0.453  25.190   29.493  102.0  12.02  14.000  212.32970    1.93    2.70    2.89
15-07-2024 08:45:52.54    0.04   0.457  25.190   29.488  101.9  12.01  14.000  212.63834    1.93    2.70    2.89
15-07-2024 08:45:52.79    0.01   0.463  25.213   29.512  101.9  12.01  14.000  212.36449    3.30    2.02    3.16
15-07-2024 08:45:53.04    0.02   0.461  25.213   29.514  101.9  12.00  14.000  210.59477    2.13    2.22    2.91
15-07-2024 08:45:53.28    0.07   0.454  25.164   29.458  101.9  12.01  14.000  207.63490    2.24    2.97    3.05
15-07-2024 08:45:53.53    0.08   0.449  25.144   29.437  102.0  12.03  14.000  204.93408    2.77    1.74    3.53
15-07-2024 08:45:53.77    0.08   0.445  25.111   29.398  101.9  12.02  14.000  204.00224    2.77    1.74    3.53
15-07-2024 08:45:54.02   -0.01   0.443  25.112   29.401  101.9  12.01  14.000  204.26869    2.92    2.41    3.47
15-07-2024 08:45:54.26   -0.00   0.443  25.118   29.409  102.0  12.03  14.000  204.33606    2.97    2.55    3.20
15-07-2024 08:45:54.51    0.01   0.445  25.125   29.416  102.0  12.03  14.000  203.43083    2.31    2.43    9.64
15-07-2024 08:45:54.76    0.02   0.470  25.136   29.406  102.0  12.02  14.000  202.44644    2.31    2.43   37.01
15-07-2024 08:45:55.01   -0.02   0.456  25.128   29.410  102.0  12.03  14.000  201.52643   22.83   27.72    3.94
15-07-2024 08:45:55.25    0.03   0.450  25.145   29.438  102.1  12.04  14.000  202.02901    4.64    2.40    3.49
15-07-2024 08:45:55.50    0.02   0.447  25.139   29.433  102.3  12.07  14.000  203.38126    4.64    2.40    3.49
15-07-2024 08:45:55.75    0.02   0.447  25.143   29.437  102.5  12.08  14.000  203.44269    2.44    2.32    3.67
15-07-2024 08:45:55.99   -0.00   0.449  25.145   29.438  102.4  12.08  14.000  202.49751    1.96    2.03    3.42
15-07-2024 08:45:56.24   -0.02   0.448  25.135   29.427  102.4  12.08  14.000  202.82170    2.87    1.97    3.33
15-07-2024 08:45:56.48    0.10   0.446  25.133   29.426  102.5  12.08  14.000  205.09692    3.93    2.29    3.25
15-07-2024 08:45:56.73    0.06   0.445  25.132   29.426  102.6  12.10  14.000  207.97464    2.48    2.77    3.28
15-07-2024 08:45:56.97    0.16   0.442  25.132   29.428  102.7  12.11  14.000  210.30833    2.56    2.59    3.74
15-07-2024 08:45:57.22    0.23   0.442  25.137   29.434  102.9  12.13  14.000  210.98189    2.56    2.59    3.74
15-07-2024 08:45:57.46    0.19   0.444  25.147   29.446  103.1  12.15  14.000  209.67255    2.27    2.79    3.13
15-07-2024 08:45:57.71    0.17   0.443  25.158   29.461  103.0  12.15  14.000  209.01604    2.09    1.84    2.82
15-07-2024 08:45:57.95    0.20   0.441  25.141   29.441  103.0  12.15  14.000  209.88348    2.66    2.60    3.49
15-07-2024 08:45:58.20    0.24   0.441  25.126   29.421  103.1  12.16  14.000  212.99287    2.72    3.07    3.33
15-07-2024 08:45:58.45    0.22   0.442  25.133   29.429  103.2  12.17  14.000  216.68771    3.16    2.52    3.23
15-07-2024 08:45:58.70    0.16   0.444  25.141   29.437  103.3  12.18  14.000  217.56183    2.75    2.28    3.03
15-07-2024 08:45:58.94    0.08   0.445  25.152   29.451  103.3  12.18  14.000  214.10976    2.75    2.28    3.03
15-07-2024 08:45:59.19    0.05   0.444  25.166   29.469  103.2  12.17  14.000  211.58141    2.57    2.50    2.94
15-07-2024 08:45:59.44    0.10   0.443  25.154   29.455  103.3  12.18  14.000  211.11288    2.01    2.64    2.90
15-07-2024 08:45:59.68    0.16   0.442  25.170   29.477  103.4  12.19  14.000  212.35707    2.58    2.63    3.37
15-07-2024 08:45:59.93    0.14   0.441  25.148   29.449  103.5  12.21  14.000  211.49037    2.68    2.61    3.35
15-07-2024 08:46:00.17    0.09   0.445  25.133   29.427  103.5  12.21  14.000  207.44986    3.15    2.66    3.26
15-07-2024 08:46:00.42   -0.02   0.448  25.136   29.427  103.5  12.20  14.000  203.78094    4.06    1.89    6.20
15-07-2024 08:46:00.66   -0.05   0.454  21.917   25.321  103.4  12.54  14.000  202.32654    4.06    1.89    6.20
15-07-2024 08:46:00.91   -0.01   0.471   3.201    3.197  103.6  14.59  14.000  202.63147    3.38    1.89   63.46
15-07-2024 08:46:01.15   -0.01   0.495   2.485    2.442  104.1  14.74  14.000  202.47382    3.38    1.89   14.99
15-07-2024 08:46:01.40   -0.04   0.501   7.487    7.910  104.5  14.25  14.000  200.85216    3.38    1.89   14.99
15-07-2024 08:46:01.64    0.09   0.467  25.124   29.394  104.1  12.27  14.000  198.14986    7.05   11.58   24.70
15-07-2024 08:46:01.89    0.10   0.452  25.131   29.417  104.1  12.28  14.000  195.70143    7.05   16.27   24.70
15-07-2024 08:46:02.14    0.16   0.447  25.142   29.437  104.2  12.28  14.000  199.26897    1.70   16.27    0.42
15-07-2024 08:46:02.39    0.13   0.450  25.138   29.429  104.2  12.28  14.000  202.77803    1.70   16.27    0.42
15-07-2024 08:46:02.64    0.05   0.451  25.138   29.427  104.3  12.29  14.000  200.31480    4.66    5.30    6.30
15-07-2024 08:46:02.88   -0.02   0.449  25.138   29.430  104.3  12.30  14.000  197.46375    3.61    2.13    3.02
15-07-2024 08:46:03.13    0.01   0.449  25.130   29.419  104.2  12.29  14.000  197.48224    2.87    5.36    4.89
15-07-2024 08:46:03.37   -0.04   0.447  25.130   29.421  104.2  12.28  14.000  202.72844    0.94    5.36    0.79
15-07-2024 08:46:03.62    0.04   0.446  25.121   29.410  104.2  12.29  14.000  207.66229    2.21    1.21    2.93
15-07-2024 08:46:03.86    0.10   0.446  25.144   29.440  104.2  12.29  14.000  207.65858    3.45    2.08    3.39
15-07-2024 08:46:04.11    0.13   0.445  25.147   29.445  104.4  12.31  14.000  203.54852    3.45    2.08    3.39
15-07-2024 08:46:04.35    0.14   0.444  25.140   29.437  104.4  12.31  14.000  201.18227    3.88    2.33    3.52
15-07-2024 08:46:04.60    0.12   0.444  25.134   29.429  104.4  12.32  14.000  203.77576    3.39    2.25    3.51
15-07-2024 08:46:04.84    0.13   0.443  25.135   29.431  104.5  12.33  14.000  207.84438    3.27    2.23    3.34
15-07-2024 08:46:05.09    0.11   0.444  25.139   29.436  104.5  12.33  14.000  207.66673    2.43    2.46    3.10
15-07-2024 08:46:05.33    0.17   0.444  25.150   29.450  104.6  12.33  14.000  203.65881    2.62    2.38    2.85
15-07-2024 08:46:05.58    0.20   0.441  25.152   29.455  104.7  12.34  14.000  201.93425    2.18    1.89    3.36
15-07-2024 08:46:05.83    0.24   0.440  25.140   29.440  104.8  12.36  14.000  202.62778    2.18    1.89    3.36
15-07-2024 08:46:06.08    0.19   0.439  25.122   29.418  104.8  12.36  14.000  205.97919    2.61    2.05    3.31
15-07-2024 08:46:06.33    0.16   0.440  25.127   29.423  104.9  12.37  14.000  210.87677    2.38    2.50    2.76
15-07-2024 08:46:06.57    0.10   0.444  25.134   29.429  104.9  12.37  14.000  212.82190    3.23    2.68    3.32
15-07-2024 08:46:06.82    0.01   0.446  25.136   29.429  104.9  12.37  14.000  210.29353    3.03    2.38    3.40
15-07-2024 08:46:07.06   -0.02   0.450  25.136   29.426  104.8  12.36  14.000  207.47948    1.75    4.22    6.09
15-07-2024 08:46:07.31   -0.02   0.459  12.888   14.218  104.9  13.71  14.000  207.01021    1.75   13.25    6.09
15-07-2024 08:46:07.55    0.01   0.455  25.145   29.432  104.9  12.37  14.000  207.79404    1.75   13.25    6.09
15-07-2024 08:46:07.80   -0.03   0.451  25.142   29.432  105.0  12.38  14.000  207.85770    1.75   26.13    6.09
15-07-2024 08:46:08.05    0.02   0.448  25.137   29.429  105.1  12.39  14.000  206.08206   11.01    1.88    3.42
15-07-2024 08:46:08.29    0.07   0.448  25.136   29.427  105.1  12.39  14.000  204.37602    1.50    2.12    2.80
15-07-2024 08:46:08.53    0.11   0.446  25.145   29.442  105.2  12.40  14.000  204.76978    2.77    2.05    3.25
15-07-2024 08:46:08.78    0.12   0.443  25.129   29.423  105.2  12.41  14.000  204.72389    2.49    1.98    3.24
15-07-2024 08:46:09.02    0.07   0.443  25.125   29.418  105.2  12.41  14.000  204.71204    2.63    2.58    3.28
15-07-2024 08:46:09.27    0.04   0.444  25.128   29.421  105.3  12.42  14.000  207.50465    2.63    2.58    3.28
15-07-2024 08:46:09.52    0.01   0.446  25.130   29.421  105.3  12.42  14.000  210.94264    2.97    2.36    3.22
15-07-2024 08:46:09.76   -0.02   0.448  25.130   29.420  105.3  12.41  14.000  211.75386    3.71    2.02    4.38
15-07-2024 08:46:10.01    0.02   0.459   4.320    4.398  105.0  14.67  14.000  210.33646    9.82    2.02    4.38
15-07-2024 08:46:10.26    0.01   0.476   2.190    2.138  105.0  14.90  14.000  209.16554    9.82    4.02    4.38
15-07-2024 08:46:10.50   -0.03   0.481  25.135   29.395  105.5  12.43  14.000  209.80504    9.82   46.43    4.38
15-07-2024 08:46:10.75    0.07   0.454  25.123   29.404  105.4  12.43  14.000  210.60144    9.82    1.28    2.99
15-07-2024 08:46:10.99    0.19   0.444  25.122   29.413  105.6  12.45  14.000  208.75699    9.82    1.28    2.99
15-07-2024 08:46:11.24    0.28   0.441  25.125   29.420  105.6  12.46  14.000  204.36270    2.83    2.45    3.10
15-07-2024 08:46:11.48    0.33   0.440  25.128   29.425  105.7  12.47  14.000  205.27603    2.49    2.63    3.56
15-07-2024 08:46:11.73    0.33   0.439  25.129   29.426  105.8  12.47  14.000  208.11009    2.75    2.19    3.02
15-07-2024 08:46:11.97    0.27   0.440  25.125   29.421  105.8  12.48  14.000  209.29950    2.31    1.94    3.43
15-07-2024 08:46:12.22    0.20   0.442  25.127   29.422  105.8  12.48  14.000  212.36226    2.88    2.17    3.30
15-07-2024 08:46:12.46    0.04   0.445  25.135   29.429  105.8  12.47  14.000  216.36427    2.74    2.70    3.07
15-07-2024 08:46:12.71   -0.03   0.444  25.134   29.429  105.7  12.46  14.000  218.55511    2.74    2.70    3.07
15-07-2024 08:46:12.95   -0.00   0.445  25.137   29.431  105.6  12.46  14.000  217.20285    3.57    2.15    3.73
15-07-2024 08:46:13.21   -0.02   0.446  25.139   29.434  105.7  12.47  14.000  213.66714    3.05    1.33    3.16
15-07-2024 08:46:13.45    0.04   0.448  25.143   29.437  105.7  12.46  14.000  211.40005    2.70    2.72    3.45
15-07-2024 08:46:13.70    0.08   0.445  25.143   29.439  105.8  12.48  14.000  210.12552    2.31    1.81    2.96
15-07-2024 08:46:13.94    0.17   0.443  25.132   29.428  105.8  12.48  14.000  211.80345    2.44    2.36    2.68
15-07-2024 08:46:14.19    0.07   0.444  25.129   29.423  105.8  12.48  14.000  212.34671    3.08    2.61    3.23
15-07-2024 08:46:14.43    0.02   0.445  25.131   29.424  105.8  12.48  14.000  206.31226    3.08    2.61    3.23
15-07-2024 08:46:14.68    0.06   0.444  25.139   29.435  105.8  12.48  14.000  200.13199    3.35    1.97    2.79
15-07-2024 08:46:14.93    0.05   0.443  25.137   29.434  105.8  12.48  14.000  198.42297    2.46    2.41    3.22
15-07-2024 08:46:15.17   -0.02   0.446  25.132   29.425  105.8  12.48  14.000  201.52422    3.60    3.41    2.65
15-07-2024 08:46:15.42    0.00   0.446  25.137   29.431  105.9  12.49  14.000  203.85716    1.40    2.88    3.11
15-07-2024 08:46:15.66   -0.04   0.447  25.127   29.417  105.9  12.49  14.000  203.07335    0.62    4.35    3.11
15-07-2024 08:46:15.91   -0.02   0.457   3.709    3.739  105.6  14.83  14.000  200.27335    0.62    4.35    3.11
15-07-2024 08:46:16.15    0.01   0.470   3.010    2.994  105.8  14.93  14.000  197.90042    0.62    4.35    3.11
15-07-2024 08:46:16.40   -0.03   0.480  12.057   13.221  106.6  14.02  14.000  198.91443   13.74   20.07    7.57
15-07-2024 08:46:16.64   -0.00   0.466  25.142   29.418  106.3  12.52  14.000  201.37025   13.74   20.07   10.39
15-07-2024 08:46:16.90    0.01   0.452  25.125   29.410  106.2  12.52  14.000  201.10010   13.74   20.07   10.39
15-07-2024 08:46:17.14    0.06   0.447  25.127   29.418  106.2  12.52  14.000  198.47330    2.55    2.14    3.00
15-07-2024 08:46:17.39    0.10   0.444  25.135   29.431  106.2  12.53  14.000  195.56377    2.58    2.17    3.32
15-07-2024 08:46:17.63    0.12   0.444  25.134   29.430  106.2  12.53  14.000  195.44978    2.85    2.76    3.70
15-07-2024 08:46:17.88    0.25   0.442  25.135   29.432  106.3  12.54  14.000  196.67917    2.85    2.76    3.70
15-07-2024 08:46:18.13    0.17   0.442  25.138   29.436  106.4  12.55  14.000  198.75529    2.79    1.46    3.77
15-07-2024 08:46:18.37    0.15   0.443  25.126   29.420  106.4  12.55  14.000  201.23999    2.80    2.47    3.36
15-07-2024 08:46:18.62    0.07   0.445  25.130   29.423  106.3  12.54  14.000  205.38928    2.42    1.72    2.81
15-07-2024 08:46:18.86    0.05   0.448  25.136   29.428  106.3  12.53  14.000  207.72670    1.97    2.17    3.34
15-07-2024 08:46:19.11    0.12   0.448  25.131   29.422  106.2  12.52  14.000  209.78357    3.31    2.28    2.94
15-07-2024 08:46:19.35    0.11   0.446  25.126   29.416  106.2  12.53  14.000  210.75243    3.31    2.28    2.94
15-07-2024 08:46:19.60    0.23   0.444  25.124   29.416  106.3  12.54  14.000  210.95302    2.40    2.59    3.14
15-07-2024 08:46:19.84    0.24   0.443  25.129   29.424  106.4  12.55  14.000  212.96252    2.81    2.43    2.80
15-07-2024 08:46:20.09    0.21   0.443  25.127   29.421  106.4  12.55  14.000  216.06598    3.88    2.93    3.40
15-07-2024 08:46:20.33    0.10   0.445  25.130   29.423  106.4  12.55  14.000  217.34422    3.29    1.88    3.29
15-07-2024 08:46:20.58    0.04   0.447  25.136   29.428  106.3  12.54  14.000  215.95570    2.69    2.43    3.48
15-07-2024 08:46:20.83   -0.01   0.449  25.136   29.426  106.3  12.53  14.000  212.80414    2.35    3.00    3.04
15-07-2024 08:46:21.08   -0.06   0.450  25.140   29.431  106.3  12.53  14.000  211.40376    2.78    2.74    2.76
15-07-2024 08:46:21.32    0.02   0.451  25.142   29.433  106.3  12.53  14.000  212.12764    2.78    2.74    2.76
15-07-2024 08:46:21.57    0.07   0.451  25.135   29.423  106.3  12.53  14.000  211.44002    2.97    2.63    3.53
15-07-2024 08:46:21.81    0.05   0.451  25.140   29.430  106.3  12.54  14.000  208.22112    3.10    2.24    3.44
15-07-2024 08:46:22.06   -0.02   0.451  25.137   29.426  106.3  12.54  14.000  206.44771    2.41    2.37    3.35
15-07-2024 08:46:22.30   -0.07   0.451  25.130   29.418  106.3  12.54  14.000  205.31749    1.26    0.73    2.97
15-07-2024 08:46:22.55   -0.07   0.455   4.883    5.013  106.1  14.77  14.000  203.27985    1.26   11.21   27.06
15-07-2024 08:46:22.79   -0.01   0.465   2.558    2.520  106.0  15.00  14.000  200.68341    1.26   11.21   27.06
15-07-2024 08:46:23.04   -0.00   0.473   2.374    2.328  106.2  15.06  14.000  199.43550    7.41   11.21   27.06
15-07-2024 08:46:23.28    0.00   0.472  23.175   26.899  106.4  12.76  14.000  199.44290    0.22   53.59   27.06
15-07-2024 08:46:23.53    0.02   0.456  25.077   29.345  106.4  12.55  14.000  199.72786    0.22   53.59   15.76
15-07-2024 08:46:23.77   -0.01   0.449  25.121   29.407  106.4  12.55  14.000  199.23344    2.26    2.58    3.19
15-07-2024 08:46:24.02   -0.04   0.446  25.128   29.419  106.4  12.55  14.000  198.72865    2.54    1.75    4.05
15-07-2024 08:46:24.27    0.06   0.445  25.131   29.424  106.4  12.55  14.000  198.23203    3.28    2.56    2.94
15-07-2024 08:46:24.52    0.09   0.444  25.138   29.434  106.5  12.55  14.000  198.91887    3.28    2.56    2.94
15-07-2024 08:46:24.77    0.14   0.441  25.138   29.437  106.5  12.56  14.000  200.41695    2.83    2.14    3.51
15-07-2024 08:46:25.01    0.22   0.442  25.141   29.441  106.5  12.56  14.000  200.45764    3.82    2.42    3.39
15-07-2024 08:46:25.26    0.20   0.442  25.130   29.425  106.5  12.57  14.000  200.77666    2.26    1.72    2.79
15-07-2024 08:46:25.50    0.22   0.441  25.124   29.419  106.6  12.57  14.000  203.42639    2.76    2.02    3.22
15-07-2024 08:46:25.75    0.21   0.441  25.124   29.418  106.5  12.57  14.000  207.07610    2.47    2.34    3.47
15-07-2024 08:46:25.99    0.23   0.442  25.126   29.421  106.5  12.57  14.000  208.47943    3.06    1.85    3.28
15-07-2024 08:46:26.24    0.27   0.442  25.125   29.420  106.6  12.57  14.000  209.04787    3.06    1.85    3.28
15-07-2024 08:46:26.48    0.16   0.443  25.126   29.419  106.6  12.57  14.000  211.05516    3.59    2.01    3.04
15-07-2024 08:46:26.73    0.11   0.444  25.129   29.422  106.6  12.57  14.000  215.07863    2.78    2.08    3.44
15-07-2024 08:46:26.97    0.05   0.445  25.135   29.429  106.6  12.57  14.000  218.46037    2.80    2.45    3.64
15-07-2024 08:46:27.22    0.08   0.445  25.137   29.432  106.5  12.56  14.000  216.55449    3.34    1.47    3.49
15-07-2024 08:46:27.46   -0.01   0.445  25.133   29.427  106.5  12.56  14.000  212.04105    2.71    1.76    2.73
15-07-2024 08:46:27.71   -0.02   0.446  25.135   29.428  106.5  12.56  14.000  207.60605    2.86    0.49    8.40
15-07-2024 08:46:27.96    0.01   0.447  25.135   29.428  106.5  12.56  14.000  204.75572    2.86    0.49    8.40
15-07-2024 08:46:28.20    0.02   0.449  25.134   29.424  106.5  12.56  14.000  203.38199   25.74    0.49    3.96
15-07-2024 08:46:28.45    0.10   0.447  25.136   29.428  106.5  12.56  14.000  201.53235    7.15    1.47    3.22
15-07-2024 08:46:28.70    0.09   0.446  25.126   29.417  106.5  12.56  14.000  199.68271    2.33    1.94    2.82
15-07-2024 08:46:28.94    0.12   0.445  25.124   29.415  106.5  12.56  14.000  199.80482    2.13    2.41    3.43
15-07-2024 08:46:29.19    0.10   0.445  25.126   29.417  106.5  12.56  14.000  199.91364    2.94    2.56    3.29
15-07-2024 08:46:29.43    0.01   0.446  25.126   29.417  106.5  12.56  14.000  200.13199    3.31    2.29    3.22
15-07-2024 08:46:29.68   -0.01   0.449  25.130   29.419  106.5  12.56  14.000  200.17787    3.31    2.29    3.22
15-07-2024 08:46:29.92    0.00   0.451  22.445   25.990  106.4  12.85  14.000  202.23476    3.69    3.22    2.17
15-07-2024 08:46:30.18    0.01   0.459   4.745    4.862  106.1  14.79  14.000  203.99780    4.31    0.61    2.17
15-07-2024 08:46:30.41   -0.08   0.463   2.888    2.867  106.3  15.02  14.000  203.42123    4.31    0.24    2.17
15-07-2024 08:46:30.66   -0.06   0.467   1.657    1.594  106.6  15.19  14.000  201.24297    4.31    0.24   16.77
15-07-2024 08:46:30.90    0.01   0.470   1.917    1.858  106.7  15.17  14.000  200.20157   12.41    9.63   16.77
15-07-2024 08:46:31.15   -0.05   0.473  25.128   29.395  106.6  12.57  14.000  200.79369   12.41    9.63   16.77
15-07-2024 08:46:31.41    0.11   0.451  25.123   29.408  106.6  12.57  14.000  201.66263   12.41    9.63    3.20
15-07-2024 08:46:31.65    0.23   0.444  25.125   29.417  106.7  12.59  14.000  198.71681   12.41    9.63    3.20
15-07-2024 08:46:31.89    0.32   0.443  25.131   29.426  106.8  12.59  14.000  198.74939    4.16    1.62    2.85
15-07-2024 08:46:32.14    0.23   0.443  25.129   29.423  106.8  12.60  14.000  202.72769    2.75    2.09    3.25
15-07-2024 08:46:32.39    0.20   0.443  25.127   29.421  106.8  12.60  14.000  208.87762    4.41    1.96    3.78
15-07-2024 08:46:32.63    0.14   0.445  25.132   29.425  106.7  12.59  14.000  210.03447    2.46    4.21    4.33
15-07-2024 08:46:32.88    0.19   0.446  25.135   29.428  106.8  12.59  14.000  206.92288    4.59    3.49    2.73
15-07-2024 08:46:33.12    0.12   0.443  25.136   29.432  106.7  12.59  14.000  206.90807    4.59    3.49    2.73
15-07-2024 08:46:33.37    0.24   0.442  25.137   29.435  106.7  12.59  14.000  211.70869    2.45    2.53    2.78
15-07-2024 08:46:33.61    0.23   0.444  25.139   29.435  106.7  12.59  14.000  219.83336    3.13    2.79    3.25
15-07-2024 08:46:33.86    0.28   0.444  25.133   29.428  106.7  12.59  14.000  221.71408    2.23    2.21    2.68
15-07-2024 08:46:34.10    0.26   0.443  25.129   29.423  106.7  12.59  14.000  217.00967    3.10    2.76    3.22
15-07-2024 08:46:34.35    0.10   0.445  25.128   29.420  106.7  12.59  14.000  212.78046    2.87    2.37    3.53
15-07-2024 08:46:34.59    0.07   0.446  25.128   29.419  106.7  12.58  14.000  211.12325    2.50    2.04    3.15
15-07-2024 08:46:34.84   -0.05   0.446  25.131   29.424  106.7  12.58  14.000  209.55486    2.50    2.04    3.15
15-07-2024 08:46:35.08   -0.08   0.447  25.127   29.418  106.6  12.57  14.000  209.88423    3.27    1.73    4.06
15-07-2024 08:46:35.34   -0.00   0.452  25.104   29.383  106.6  12.58  14.000  208.87022    1.94    1.73    4.06
15-07-2024 08:46:35.58    0.03   0.451  25.132   29.419  106.6  12.58  14.000  205.19907    1.94    1.73    4.06
15-07-2024 08:46:35.83   -0.01   0.450  25.131   29.420  106.7  12.58  14.000  201.79362    2.24    3.22    3.11
15-07-2024 08:46:36.07   -0.04   0.449  25.127   29.415  106.7  12.58  14.000  200.58571    2.29    2.72    2.99
15-07-2024 08:46:36.32   -0.05   0.447  25.124   29.413  106.6  12.57  14.000  201.23924    3.38    2.28    1.62
15-07-2024 08:46:36.56   -0.09   0.447  21.452   24.740  106.5  12.97  14.000  201.02608    3.38    2.28    1.62
15-07-2024 08:46:36.81    0.02   0.456   2.800    2.775  106.3  15.02  14.000  198.55103    6.03   13.65   40.80
15-07-2024 08:46:37.06   -0.09   0.466  12.529   13.787  106.8  14.00  14.000  196.12776    2.35   13.65   29.98
15-07-2024 08:46:37.30   -0.02   0.455  25.128   29.412  106.7  12.58  14.000  196.37941    2.35   13.65    7.42
15-07-2024 08:46:37.54    0.00   0.450  25.131   29.420  106.7  12.58  14.000  198.32823   25.40    2.86    3.50
15-07-2024 08:46:37.79   -0.02   0.448  25.132   29.422  106.7  12.58  14.000  199.29190    2.16    2.47    3.07
15-07-2024 08:46:38.03   -0.03   0.447  25.133   29.424  106.7  12.58  14.000  197.13733    3.04    2.73    2.98
15-07-2024 08:46:38.28   -0.05   0.448  25.131   29.421  106.7  12.58  14.000  194.56012    3.04    2.73    2.98
15-07-2024 08:46:38.52    0.01   0.447  25.126   29.416  106.7  12.58  14.000  195.07379    2.60    2.83    2.49
15-07-2024 08:46:38.77    0.02   0.447  25.127   29.417  106.7  12.58  14.000  198.65242    3.15    2.45    3.46
15-07-2024 08:46:39.02    0.08   0.446  25.130   29.421  106.8  12.59  14.000  201.34805    2.64    2.47    3.24
15-07-2024 08:46:39.27    0.23   0.445  25.130   29.422  106.8  12.59  14.000  201.52124    4.47    2.42    3.21
15-07-2024 08:46:39.51    0.25   0.445  25.128   29.421  106.8  12.60  14.000  201.50497    2.52    2.29    3.40
15-07-2024 08:46:39.76    0.17   0.445  25.127   29.418  106.9  12.60  14.000  204.14510    2.94    2.32    2.95
15-07-2024 08:46:40.00    0.23   0.445  25.127   29.418  106.8  12.60  14.000  208.03828    2.94    2.32    2.95
15-07-2024 08:46:40.25    0.14   0.446  25.133   29.425  106.8  12.60  14.000  209.89680    3.39    2.39    3.27
15-07-2024 08:46:40.50    0.20   0.446  25.135   29.428  106.8  12.59  14.000  208.53419    3.10    2.50    2.91
15-07-2024 08:46:40.74    0.23   0.449  25.134   29.424  106.8  12.59  14.000  207.34846    3.12    2.62    3.42
15-07-2024 08:46:40.98    0.23   0.447  25.133   29.424  106.8  12.60  14.000  209.88127    3.02    2.79    3.35
15-07-2024 08:46:41.24    0.21   0.447  25.128   29.418  106.8  12.60  14.000  214.55385    2.38    2.24    3.29
15-07-2024 08:46:41.47    0.16   0.451  25.131   29.419  106.8  12.59  14.000  217.83124    2.61    2.62    3.37
15-07-2024 08:46:41.72    0.04   0.452  25.135   29.423  106.8  12.59  14.000  216.61369    2.61    2.62    3.37
15-07-2024 08:46:41.96   -0.01   0.451  25.132   29.419  106.8  12.59  14.000  210.83533    2.77    1.59    2.59
15-07-2024 08:46:42.21   -0.05   0.454   3.532    3.551  106.4  14.97  14.000  206.80371    3.38    1.59    2.59
15-07-2024 08:46:42.45    0.00   0.460  24.422   28.501  106.8  12.67  14.000  206.53947   14.40    1.59    2.59
15-07-2024 08:46:42.71   -0.01   0.454  25.128   29.412  106.8  12.59  14.000  206.61794    1.20   32.88    2.59
15-07-2024 08:46:42.95    0.04   0.452  25.131   29.417  106.8  12.59  14.000  204.08365    3.68    3.74    3.52
15-07-2024 08:46:43.20    0.01   0.450  25.134   29.423  106.8  12.59  14.000  199.67532    2.28    2.43    3.58
15-07-2024 08:46:43.45    0.02   0.449  25.130   29.419  106.8  12.59  14.000  197.50815    2.28    2.43    3.58
15-07-2024 08:46:43.69    0.01   0.449  25.125   29.413  106.8  12.59  14.000  199.20457    2.58    2.43    5.06
15-07-2024 08:46:43.94   -0.05   0.449  25.125   29.413  106.8  12.59  14.000  201.28587    4.01    2.50    2.99
15-07-2024 08:46:44.18   -0.05   0.450  25.126   29.413  106.8  12.59  14.000  201.92686    3.91    1.99    3.67
15-07-2024 08:46:44.43   -0.01   0.454   3.382    3.391  106.5  15.00  14.000  201.98607    4.22    1.99    3.67
15-07-2024 08:46:44.67    0.06   0.462   3.688    3.717  106.3  14.93  14.000  202.30728    0.25    1.99    1.96
15-07-2024 08:46:44.92   -0.05   0.465  25.108   29.376  106.8  12.59  14.000  203.26430   20.81    1.99    1.96
15-07-2024 08:46:45.16    0.03   0.456  25.131   29.414  106.8  12.59  14.000  203.40346   20.81    1.99    1.96
15-07-2024 08:46:45.41   -0.01   0.453  25.134   29.420  106.8  12.59  14.000  202.36798   20.81    6.70    3.21
15-07-2024 08:46:45.65    0.05   0.450  25.135   29.425  106.8  12.59  14.000  201.84914    3.08    3.34    2.30
15-07-2024 08:46:45.90    0.15   0.446  25.137   29.430  106.9  12.60  14.000  202.58707    2.58    1.71    3.24
15-07-2024 08:46:46.14    0.18   0.445  25.131   29.424  106.9  12.61  14.000  202.76842    2.44    3.10    3.18
15-07-2024 08:46:46.40    0.06   0.445  25.127   29.418  106.9  12.61  14.000  202.34653    2.61    1.45    3.76
15-07-2024 08:46:46.64    0.10   0.446  25.127   29.418  106.8  12.60  14.000  202.92532    3.35    2.24    2.86
15-07-2024 08:46:46.89    0.23   0.445  25.127   29.418  106.9  12.61  14.000  205.56100    3.35    2.24    2.86
15-07-2024 08:46:47.14    0.22   0.445  25.127   29.420  107.0  12.62  14.000  208.80064    4.26    2.53    3.20
15-07-2024 08:46:47.38    0.29   0.445  25.126   29.417  107.0  12.62  14.000  211.49776    2.50    2.65    3.42
15-07-2024 08:46:47.63    0.19   0.445  25.126   29.417  107.0  12.62  14.000  216.13779    2.67    1.95    3.12
15-07-2024 08:46:47.87    0.21   0.447  25.128   29.418  106.9  12.61  14.000  218.00148    3.01    1.76    3.06
15-07-2024 08:46:48.12    0.11   0.449  25.131   29.419  106.9  12.60  14.000  216.00528    2.95    2.56    2.97
15-07-2024 08:46:48.36    0.00   0.450  25.133   29.422  106.9  12.60  14.000  212.22015    3.04    2.15    2.13
15-07-2024 08:46:48.61    0.03   0.450  25.130   29.418  106.9  12.60  14.000  211.47630    3.04    2.15    2.13
15-07-2024 08:46:48.85   -0.05   0.451  25.129   29.417  106.9  12.60  14.000  213.53540    3.00    5.88    3.86
15-07-2024 08:46:49.10   -0.01   0.450  25.132   29.421  106.9  12.60  14.000  215.15115    3.00    4.61    2.98
15-07-2024 08:46:49.34    0.07   0.448  25.133   29.424  106.9  12.60  14.000  212.48514    2.23    2.67    2.86
15-07-2024 08:46:49.59    0.07   0.450  25.135   29.425  106.8  12.60  14.000  205.29454    2.34    2.14    3.86
15-07-2024 08:46:49.83    0.00   0.450  25.135   29.424  106.8  12.60  14.000  200.54869    3.16    2.56    3.29
15-07-2024 08:46:50.08    0.09   0.449  25.125   29.413  106.8  12.60  14.000  200.15640    3.00    2.25    3.45
15-07-2024 08:46:50.33    0.01   0.449  25.125   29.413  106.8  12.60  14.000  202.40942    3.00    2.25    3.45
15-07-2024 08:46:50.58    0.05   0.449  25.126   29.414  106.9  12.60  14.000  204.65137    3.00    2.63    3.32
15-07-2024 08:46:50.82   -0.01   0.451  25.129   29.417  106.9  12.60  14.000  205.06287    2.08    1.96    2.85
15-07-2024 08:46:51.07   -0.08   0.452  25.128   29.413  106.8  12.60  14.000  203.64622    3.48    1.75   14.71
15-07-2024 08:46:51.32    0.03   0.457   4.065    4.123  106.6  14.94  14.000  201.67445    3.75   49.70   14.71
15-07-2024 08:46:51.56   -0.05   0.465   1.952    1.894  106.9  15.20  14.000  201.24147    3.75    5.13   20.79
15-07-2024 08:46:51.80   -0.03   0.464  25.125   29.399  107.1  12.63  14.000  202.09042   18.64   59.33   20.79
15-07-2024 08:46:52.06    0.01   0.452  25.125   29.410  107.0  12.62  14.000  202.01863   18.64   59.33   20.79
15-07-2024 08:46:52.30    0.09   0.447  25.127   29.417  107.0  12.62  14.000  201.66780    5.14    3.16    3.05
15-07-2024 08:46:52.54    0.06   0.446  25.127   29.418  107.0  12.62  14.000  202.46791    2.50    2.82    3.51
15-07-2024 08:46:52.79    0.10   0.446  25.126   29.417  107.0  12.62  14.000  203.45082    2.86    1.64    2.92
15-07-2024 08:46:53.03    0.16   0.446  25.126   29.416  107.0  12.62  14.000  204.64987    2.62    2.53    2.89
15-07-2024 08:46:53.28    0.13   0.446  25.127   29.418  107.1  12.63  14.000  207.08646    2.62    2.38    3.18
15-07-2024 08:46:53.52    0.17   0.446  25.125   29.416  107.1  12.63  14.000  208.27071    3.77    2.66    3.52
15-07-2024 08:46:53.77    0.13   0.446  25.125   29.415  107.1  12.63  14.000  209.95898    3.77    2.66    3.52
15-07-2024 08:46:54.02    0.09   0.446  25.125   29.416  107.1  12.63  14.000  213.77373    2.59    2.52    3.49
15-07-2024 08:46:54.27    0.15   0.446  25.126   29.417  107.0  12.62  14.000  215.89426    2.45    2.61    3.12
15-07-2024 08:46:54.51    0.08   0.446  25.128   29.419  107.0  12.62  14.000  214.22375    2.96    1.91    3.19
15-07-2024 08:46:54.76    0.03   0.447  25.131   29.421  107.0  12.61  14.000  211.98404    2.23    2.69    3.18
15-07-2024 08:46:55.00    0.09   0.447  25.129   29.419  107.0  12.61  14.000  211.36159    3.78    3.27    3.01
15-07-2024 08:46:55.25    0.05   0.447  25.128   29.418  107.0  12.61  14.000  211.48665    3.02    2.58    3.30
15-07-2024 08:46:55.49    0.10   0.447  25.130   29.421  107.0  12.62  14.000  210.53780    3.02    2.58    3.30
15-07-2024 08:46:55.74    0.05   0.448  25.132   29.423  107.0  12.62  14.000  206.16422    2.70    2.27    3.04
15-07-2024 08:46:55.98    0.03   0.448  25.131   29.421  107.0  12.62  14.000  201.80547    2.14    2.30    2.48
15-07-2024 08:46:56.23    0.12   0.448  25.127   29.416  107.0  12.62  14.000  200.40511    3.40    2.28    3.59
15-07-2024 08:46:56.47    0.05   0.448  25.125   29.413  106.9  12.61  14.000  202.95345    2.84    2.17    2.75
15-07-2024 08:46:56.72   -0.05   0.447  25.127   29.416  106.9  12.61  14.000  205.22719    3.18    3.17    3.36
15-07-2024 08:46:56.96   -0.02   0.448  25.129   29.419  106.9  12.60  14.000  202.24883    3.45    2.96    2.67
15-07-2024 08:46:57.21   -0.06   0.451  25.130   29.417  106.9  12.61  14.000  198.27716    3.45    2.96    2.67
15-07-2024 08:46:57.46   -0.03   0.451  25.130   29.417  106.9  12.60  14.000  197.16026    3.45   16.55    2.67
15-07-2024 08:46:57.70    0.00   0.452  25.131   29.418  106.8  12.60  14.000  198.03218    4.26    5.92    3.75
15-07-2024 08:46:57.95    0.09   0.450  25.135   29.424  106.9  12.60  14.000  200.02837    3.88    5.92    4.11
15-07-2024 08:46:58.20    0.08   0.447  25.133   29.425  106.9  12.61  14.000  200.99870    3.23    2.49    3.93
15-07-2024 08:46:58.44    0.04   0.446  25.126   29.417  106.9  12.60  14.000  200.55313    2.31    3.20    3.38
15-07-2024 08:46:58.69    0.05   0.446  25.124   29.414  106.9  12.60  14.000  200.38068    2.59    3.20    3.85
15-07-2024 08:46:58.93    0.06   0.446  25.123   29.413  106.8  12.60  14.000  201.70703    2.59    3.20    3.85
15-07-2024 08:46:59.18    0.08   0.445  25.123   29.414  106.8  12.60  14.000  206.34113    3.95    2.66    3.86
15-07-2024 08:46:59.42    0.08   0.446  25.125   29.416  106.8  12.60  14.000  211.55994    2.77    1.60    3.65
15-07-2024 08:46:59.67    0.04   0.447  25.127   29.417  106.9  12.60  14.000  211.79530    3.18    2.55    3.27
15-07-2024 08:46:59.91    0.06   0.448  25.129   29.419  106.9  12.60  14.000  208.08566    3.10    2.41    3.37
15-07-2024 08:47:00.16    0.08   0.448  25.130   29.420  106.9  12.60  14.000  207.91838    2.71    2.29    3.11
15-07-2024 08:47:00.40    0.10   0.444  25.130   29.423  106.9  12.60  14.000  211.34381    2.71    2.29    3.11
15-07-2024 08:47:00.65    0.14   0.442  25.129   29.424  106.9  12.61  14.000  215.40576    2.84    2.26    2.72
15-07-2024 08:47:00.89    0.09   0.442  25.127   29.421  106.9  12.61  14.000  215.46423    3.25    2.63    3.29
15-07-2024 08:47:01.15    0.11   0.442  25.128   29.423  106.9  12.61  14.000  210.92859    3.06    2.40    3.60
15-07-2024 08:47:01.39    0.10   0.443  25.128   29.422  106.9  12.61  14.000  208.83839    2.71    2.96    2.95
15-07-2024 08:47:01.64    0.07   0.445  25.127   29.419  106.9  12.61  14.000  209.78432    2.99    2.21    3.10
15-07-2024 08:47:01.88    0.04   0.448  25.125   29.414  106.8  12.60  14.000  212.29120    3.26    2.05    3.63
15-07-2024 08:47:02.13    0.03   0.448  25.128   29.417  106.8  12.60  14.000  213.66048    2.30    2.59    3.31
15-07-2024 08:47:02.37    0.04   0.447  25.130   29.421  106.9  12.60  14.000  210.58070    2.30    2.59    3.31
15-07-2024 08:47:02.62    0.03   0.448  25.127   29.417  106.8  12.60  14.000  207.19081    2.47    2.81    2.97
15-07-2024 08:47:02.87    0.00   0.448  25.129   29.419  106.9  12.60  14.000  206.53874    2.50    2.21    3.81
15-07-2024 08:47:03.12   -0.01   0.449  25.131   29.421  106.9  12.60  14.000  207.13678    2.72    3.54    2.79
15-07-2024 08:47:03.36    0.03   0.449  25.130   29.419  106.9  12.60  14.000  206.54614    2.10    2.62    3.09
15-07-2024 08:47:03.60    0.08   0.447  25.130   29.422  106.9  12.60  14.000  204.30200    3.00    2.71    3.45
15-07-2024 08:47:03.84    0.08   0.445  25.128   29.421  106.9  12.61  14.000  202.94456    3.00    2.71    3.45
15-07-2024 08:47:04.09    0.11   0.445  25.125   29.417  106.9  12.61  14.000  205.28270    2.74    2.64    3.38
15-07-2024 08:47:04.34    0.06   0.445  25.125   29.416  106.9  12.61  14.000  205.79193    3.00    2.08    3.27
15-07-2024 08:47:04.58    0.01   0.446  25.126   29.417  106.9  12.60  14.000  204.76683    2.73    1.91    3.54
15-07-2024 08:47:04.83   -0.03   0.446  25.128   29.419  106.8  12.60  14.000  204.25018    2.60    4.04    2.66
15-07-2024 08:47:05.08   -0.08   0.448  25.130   29.421  106.8  12.60  14.000  205.10655    2.55    5.17    2.72
15-07-2024 08:47:05.33   -0.04   0.450  25.131   29.420  106.8  12.60  14.000  206.84296    4.45    5.17    1.48
15-07-2024 08:47:05.57   -0.02   0.451  25.132   29.419  106.8  12.60  14.000  207.68745    4.45    5.17    1.48
15-07-2024 08:47:05.82    0.06   0.449  25.127   29.415  106.8  12.60  14.000  206.33669   20.91    1.22    3.35
15-07-2024 08:47:06.06    0.10   0.448  25.127   29.416  106.9  12.60  14.000  205.36485    3.05    1.29    3.00
15-07-2024 08:47:06.31    0.16   0.446  25.129   29.420  106.9  12.61  14.000  203.68175    3.02    2.06    3.53
15-07-2024 08:47:06.55    0.18   0.445  25.126   29.417  106.9  12.61  14.000  205.50549    2.80    2.93    3.13
15-07-2024 08:47:06.80    0.14   0.446  25.124   29.414  106.9  12.61  14.000  209.59335    2.68    2.65    3.03
15-07-2024 08:47:07.04    0.11   0.447  25.125   29.415  106.9  12.60  14.000  211.97368    2.59    2.93    3.20
15-07-2024 08:47:07.29    0.02   0.447  25.129   29.419  106.9  12.60  14.000  208.31067    2.59    2.93    3.20
15-07-2024 08:47:07.53   -0.03   0.447  25.131   29.422  106.8  12.60  14.000  204.93631    2.60    3.94    3.16
15-07-2024 08:47:07.78    0.05   0.448  25.127   29.416  106.8  12.60  14.000  205.02884    2.70    3.09    3.14
15-07-2024 08:47:08.02    0.12   0.447  25.126   29.416  106.9  12.60  14.000  207.13161    2.88    2.34    3.75
15-07-2024 08:47:08.27    0.16   0.447  25.127   29.417  106.9  12.61  14.000  207.63490    3.17    2.52    2.93
15-07-2024 08:47:08.52    0.16   0.447  25.127   29.417  106.9  12.60  14.000  206.29819    3.49    2.26    3.16
15-07-2024 08:47:08.77    0.10   0.448  25.126   29.415  106.9  12.60  14.000  205.31453    2.72    2.26    3.11
15-07-2024 08:47:09.02    0.11   0.449  25.128   29.417  106.9  12.60  14.000  206.00362    2.72    2.26    3.11
15-07-2024 08:47:09.26    0.08   0.448  25.129   29.418  106.9  12.60  14.000  207.48911    2.82    2.47    3.64
15-07-2024 08:47:09.51    0.06   0.448  25.128   29.418  106.8  12.60  14.000  207.31664    2.49    1.89    3.37
15-07-2024 08:47:09.75    0.02   0.448  25.128   29.417  106.9  12.60  14.000  206.94656    1.98    2.73    3.16
15-07-2024 08:47:10.00    0.03   0.449  25.129   29.418  106.9  12.60  14.000  207.72816    2.48    2.89    2.83
15-07-2024 08:47:10.24    0.04   0.450  25.131   29.419  106.8  12.60  14.000  208.66965    3.08    3.03    3.16
15-07-2024 08:47:10.49   -0.01   0.450  25.132   29.421  106.8  12.60  14.000  208.22925    2.66    3.29    2.44
15-07-2024 08:47:10.73   -0.03   0.450  25.131   29.419  106.8  12.60  14.000  205.67943    2.66    3.29    2.44
15-07-2024 08:47:10.98   -0.03   0.452  25.128   29.414  106.8  12.60  14.000  204.53072    2.16    1.12    2.55
15-07-2024 08:47:11.22   -0.07   0.455   5.828    6.056  106.8  14.77  14.000  205.70311    2.61    5.86    2.55
15-07-2024 08:47:11.47   -0.03   0.455  25.127   29.410  106.8  12.60  14.000  206.79633    2.61   98.07   15.19
15-07-2024 08:47:11.71   -0.07   0.452  25.128   29.414  106.9  12.60  14.000  206.38257   16.49   31.82   23.79
15-07-2024 08:47:11.96    0.00   0.451  25.131   29.418  106.9  12.61  14.000  204.46779   16.49    2.06    0.29
15-07-2024 08:47:12.21    0.04   0.450  25.129   29.417  106.9  12.61  14.000  203.06374    4.39    1.20    2.99
15-07-2024 08:47:12.45    0.02   0.449  25.127   29.414  106.9  12.61  14.000  204.46706    4.39    1.20    2.99
15-07-2024 08:47:12.70    0.07   0.449  25.126   29.414  106.9  12.61  14.000  206.40846    2.87    2.08    3.18
15-07-2024 08:47:12.95    0.07   0.449  25.127   29.415  106.9  12.61  14.000  206.60165    2.78    2.04    3.13
15-07-2024 08:47:13.19    0.09   0.448  25.129   29.418  107.0  12.61  14.000  204.97258    2.76    2.17    3.13
15-07-2024 08:47:13.44    0.06   0.449  25.130   29.419  107.0  12.62  14.000  204.82825    2.51    2.58    3.18
15-07-2024 08:47:13.68    0.09   0.449  25.130   29.419  107.0  12.62  14.000  206.31004    3.13    2.01    4.00
15-07-2024 08:47:13.93    0.16   0.448  25.129   29.418  107.0  12.62  14.000  207.18712    3.09    2.24    3.03
15-07-2024 08:47:14.18    0.14   0.448  25.129   29.418  107.0  12.62  14.000  207.60751    3.09    2.24    3.03
15-07-2024 08:47:14.42    0.17   0.447  25.126   29.415  107.0  12.62  14.000  208.47499    2.52    2.29    3.21
15-07-2024 08:47:14.66    0.19   0.446  25.128   29.420  107.1  12.63  14.000  209.09006    2.64    2.18    3.42
15-07-2024 08:47:14.91    0.19   0.444  25.127   29.420  107.1  12.63  14.000  208.62448    2.53    2.45    3.06
15-07-2024 08:47:15.15    0.16   0.446  25.125   29.415  107.1  12.63  14.000  208.10046    3.34    2.00    3.38
15-07-2024 08:47:15.40    0.17   0.447  25.125   29.415  107.0  12.63  14.000  208.39061    2.62    1.78    2.96
15-07-2024 08:47:15.65    0.14   0.446  25.125   29.415  107.1  12.63  14.000  211.49481    2.68    3.02    2.78
15-07-2024 08:47:15.90    0.16   0.446  25.126   29.417  107.0  12.62  14.000  215.40428    2.68    3.02    2.78
15-07-2024 08:47:16.14    0.14   0.446  25.125   29.416  107.1  12.63  14.000  216.00307    2.61    2.53    2.99
15-07-2024 08:47:16.39    0.12   0.447  25.126   29.415  107.0  12.62  14.000  212.22459    2.65    2.78    3.18
15-07-2024 08:47:16.64    0.06   0.448  25.126   29.415  107.0  12.62  14.000  210.97670    2.27    2.27    3.39
15-07-2024 08:47:16.88    0.06   0.448  25.129   29.418  107.0  12.62  14.000  212.75603    2.93    2.33    3.30
15-07-2024 08:47:17.13    0.05   0.448  25.130   29.420  107.0  12.62  14.000  214.51981    3.21    2.81    3.58
15-07-2024 08:47:17.37   -0.04   0.449  25.128   29.416  107.0  12.62  14.000  212.88037    2.45    1.54    3.06
15-07-2024 08:47:17.62   -0.01   0.451   4.682    4.794  106.8  14.90  14.000  208.43649    2.45    1.54    3.06
15-07-2024 08:47:17.86   -0.04   0.457   3.291    3.294  106.7  15.03  14.000  204.12807   17.07    1.54   52.67
15-07-2024 08:47:18.11   -0.04   0.466   3.284    3.285  106.8  15.05  14.000  202.94974    4.76    1.54    7.94
15-07-2024 08:47:18.35   -0.02   0.469   1.830    1.769  106.9  15.22  14.000  202.75656    4.76   15.53    7.94
15-07-2024 08:47:18.60   -0.02   0.471   2.700    2.668  107.1  15.15  14.000  200.53908   10.17   19.50   41.81
15-07-2024 08:47:18.84    0.03   0.460  25.127   29.405  107.1  12.62  14.000  197.09218   10.17   19.50   41.81
15-07-2024 08:47:19.09    0.11   0.452  25.128   29.413  107.1  12.62  14.000  196.53410   10.17   35.44    3.13
15-07-2024 08:47:19.33    0.16   0.450  25.130   29.418  107.0  12.62  14.000  193.75186   10.17   35.44    3.13
15-07-2024 08:47:19.59    0.14   0.448  25.127   29.416  107.0  12.62  14.000  193.77779    2.72    2.18    3.49
15-07-2024 08:47:19.83    0.10   0.449  25.127   29.415  107.0  12.61  14.000  196.15736    3.02    2.53    3.33
15-07-2024 08:47:20.08    0.06   0.449  25.127   29.415  106.9  12.61  14.000  199.10983    2.65    2.23    3.14
15-07-2024 08:47:20.32    0.01   0.449  25.126   29.413  106.9  12.60  14.000  201.74478    2.59    2.67    3.03
15-07-2024 08:47:20.57   -0.01   0.449  25.126   29.414  106.8  12.60  14.000  204.45003    2.33    2.47    3.49
15-07-2024 08:47:20.82    0.01   0.448  25.125   29.414  106.8  12.60  14.000  206.68233    2.36    2.32    2.90
15-07-2024 08:47:21.06    0.11   0.447  25.128   29.418  106.8  12.59  14.000  208.13451    2.36    2.32    2.90
15-07-2024 08:47:21.31    0.16   0.447  25.130   29.420  106.8  12.59  14.000  208.23146    2.63    1.66    3.04
15-07-2024 08:47:21.55    0.22   0.448  25.130   29.420  106.8  12.59  14.000  206.58685    2.71    2.37    3.31
15-07-2024 08:47:21.80    0.23   0.446  25.131   29.423  106.8  12.60  14.000  207.13455    3.01    2.26    3.29
15-07-2024 08:47:22.04    0.28   0.445  25.129   29.421  106.8  12.59  14.000  209.30913    2.73    2.29    3.12
15-07-2024 08:47:22.29    0.26   0.445  25.126   29.418  106.8  12.59  14.000  210.70949    2.14    1.90    2.72
15-07-2024 08:47:22.53    0.20   0.444  25.126   29.419  106.7  12.59  14.000  210.86049    3.64    2.27    2.93
15-07-2024 08:47:22.77    0.12   0.445  25.126   29.417  106.7  12.59  14.000  211.03221    3.64    2.27    2.93
15-07-2024 08:47:23.02    0.03   0.447  25.127   29.417  106.6  12.58  14.000  211.12621    2.73    2.94    3.62
15-07-2024 08:47:23.27   -0.06   0.448  25.129   29.418  106.6  12.57  14.000  212.11505    2.00    2.93    3.62
15-07-2024 08:47:23.52   -0.04   0.452  14.421   16.061  106.5  13.76  14.000  211.84045    4.22    2.21    1.43
15-07-2024 08:47:23.77    0.01   0.452  25.126   29.411  106.5  12.56  14.000  209.34392    4.05    2.21    6.01
15-07-2024 08:47:24.01    0.07   0.450  25.127   29.414  106.6  12.57  14.000  205.65129    2.13    0.70    4.31
15-07-2024 08:47:24.26    0.04   0.449  25.129   29.417  106.6  12.57  14.000  202.73511    2.46    2.44    2.28
15-07-2024 08:47:24.50    0.01   0.450  25.128   29.416  106.5  12.56  14.000  202.62408    2.46    2.44    2.28
15-07-2024 08:47:24.75   -0.06   0.449  25.126   29.414  106.5  12.56  14.000  202.36133    2.48    1.83    2.95
15-07-2024 08:47:24.99   -0.02   0.448   8.516    9.099  106.3  14.40  14.000  200.65601    3.16    1.83    8.49
15-07-2024 08:47:25.25   -0.04   0.453  24.889   29.105  106.5  12.59  14.000  198.67018    3.16    6.12    2.39
15-07-2024 08:47:25.48   -0.02   0.450  25.127   29.414  106.5  12.56  14.000  197.94040    3.16   38.27   17.84
15-07-2024 08:47:25.73   -0.00   0.449  25.129   29.417  106.5  12.56  14.000  197.91153    8.47   38.27    6.76
15-07-2024 08:47:25.97    0.03   0.448  25.128   29.418  106.5  12.56  14.000  198.93146   12.24    0.45    4.75
15-07-2024 08:47:26.22    0.01   0.447  25.126   29.416  106.5  12.56  14.000  199.46806   12.24    0.45    4.75
15-07-2024 08:47:26.46   -0.06   0.447  25.124   29.414  106.5  12.56  14.000  199.34151    2.42    2.14    3.48
15-07-2024 08:47:26.71   -0.02   0.449  12.975   14.327  106.4  13.91  14.000  198.87373    2.45    2.14    3.48
15-07-2024 08:47:26.96   -0.05   0.455  11.976   13.135  106.5  14.03  14.000  200.68044    2.45    6.86    3.48
15-07-2024 08:47:27.20   -0.02   0.454  25.127   29.410  106.5  12.56  14.000  204.55217    1.97    0.40    3.48
15-07-2024 08:47:27.45    0.02   0.451  25.128   29.414  106.5  12.56  14.000  207.45505    1.97    2.62    3.10
15-07-2024 08:47:27.70    0.09   0.450  25.127   29.414  106.5  12.56  14.000  205.54620    2.90    2.25    3.34
15-07-2024 08:47:27.94    0.23   0.448  25.125   29.414  106.7  12.58  14.000  201.80547    2.90    2.25    3.34
15-07-2024 08:47:28.19    0.31   0.446  25.125   29.415  106.8  12.59  14.000  202.39018    3.57    1.88    2.95
15-07-2024 08:47:28.43    0.31   0.446  25.126   29.417  106.8  12.59  14.000  203.41751    2.53    2.65    3.05
15-07-2024 08:47:28.68    0.29   0.445  25.125   29.417  106.8  12.60  14.000  206.78003    2.22    2.28    3.46
15-07-2024 08:47:28.92    0.24   0.446  25.127   29.417  106.8  12.60  14.000  209.65627    2.96    2.33    3.35
15-07-2024 08:47:29.17    0.18   0.446  25.128   29.419  106.8  12.59  14.000  211.60509    3.37    2.37    3.07
15-07-2024 08:47:29.41    0.09   0.447  25.128   29.418  106.8  12.59  14.000  211.54439    2.51    2.41    3.08
15-07-2024 08:47:29.66    0.03   0.447  25.129   29.420  106.8  12.59  14.000  209.40981    2.51    2.41    3.08
15-07-2024 08:47:29.90   -0.06   0.448  25.130   29.420  106.8  12.59  14.000  208.41873    2.58    2.74    3.38
15-07-2024 08:47:30.15   -0.07   0.452  25.131   29.417  106.7  12.59  14.000  209.19220    4.47    3.04    3.50
15-07-2024 08:47:30.40   -0.01   0.453  25.128   29.412  106.8  12.59  14.000  208.45869   14.52    2.45    9.74
15-07-2024 08:47:30.65    0.02   0.450  25.128   29.415  106.8  12.59  14.000  204.37602   14.52    3.67    3.27
15-07-2024 08:47:30.89    0.03   0.450  25.128   29.416  106.8  12.59  14.000  201.76477    3.62    2.25    3.16
15-07-2024 08:47:31.14    0.00   0.448  25.125   29.414  106.8  12.59  14.000  201.80029    2.54    2.26    3.43
15-07-2024 08:47:31.39    0.02   0.448  25.125   29.413  106.8  12.59  14.000  202.31247    2.54    2.26    3.43
15-07-2024 08:47:31.63    0.04   0.448  25.126   29.416  106.8  12.59  14.000  201.47389    2.59    2.67    3.32
15-07-2024 08:47:31.88   -0.01   0.448  25.127   29.415  106.8  12.59  14.000  200.78036    2.78    2.90    3.37
15-07-2024 08:47:32.12   -0.01   0.449  25.130   29.418  106.8  12.59  14.000  200.58273    2.47    1.97    3.15
15-07-2024 08:47:32.37    0.01   0.450  25.129   29.416  106.8  12.59  14.000  200.96243    2.49    3.41    2.98
15-07-2024 08:47:32.61    0.01   0.450  25.130   29.418  106.7  12.59  14.000  201.24368    2.45    2.02    3.38
15-07-2024 08:47:32.86    0.02   0.450  25.129   29.417  106.7  12.59  14.000  200.39992    2.70    2.74    3.23
15-07-2024 08:47:33.10    0.02   0.450  25.127   29.414  106.7  12.59  14.000  199.56874    2.70    2.74    3.23
15-07-2024 08:47:33.35   -0.02   0.450  25.126   29.413  106.7  12.59  14.000  200.77739    2.35    2.29    3.34
15-07-2024 08:47:33.59   -0.05   0.450  25.126   29.413  106.7  12.58  14.000  204.09550    2.35    1.87    2.31
15-07-2024 08:47:33.84   -0.05   0.452  12.224   13.431  106.7  14.03  14.000  207.40028    2.89    6.88    8.02
15-07-2024 08:47:34.08   -0.00   0.452  25.128   29.413  106.7  12.58  14.000  209.48233    2.89    6.88   41.39
15-07-2024 08:47:34.34    0.08   0.452  25.128   29.414  106.8  12.59  14.000  209.98563    2.89    6.88    2.80
15-07-2024 08:47:34.58    0.18   0.450  25.128   29.415  106.9  12.60  14.000  209.81615    2.84    2.24    3.59
15-07-2024 08:47:34.83    0.21   0.447  25.128   29.418  106.9  12.61  14.000  209.69846    2.84    2.24    3.59
15-07-2024 08:47:35.07    0.19   0.447  25.128   29.418  106.9  12.61  14.000  210.50670    2.95    2.45    3.30
15-07-2024 08:47:35.32    0.16   0.448  25.128   29.418  106.9  12.60  14.000  212.70865    2.98    2.69    3.24
15-07-2024 08:47:35.57    0.10   0.450  25.130   29.417  106.8  12.60  14.000  214.20671    2.66    2.44    3.22
15-07-2024 08:47:35.81    0.06   0.454  25.130   29.415  106.8  12.59  14.000  213.26524    2.84    2.43    3.02
15-07-2024 08:47:36.06    0.01   0.452  25.130   29.416  106.8  12.60  14.000  213.24600    2.84    2.42    3.26
15-07-2024 08:47:36.30    0.02   0.451  25.130   29.417  106.8  12.60  14.000  213.97432    4.24    2.66    3.43
15-07-2024 08:47:36.54    0.08   0.451  25.128   29.414  106.8  12.60  14.000  214.47983    4.24    2.66    3.43
15-07-2024 08:47:36.79    0.08   0.449  25.129   29.418  106.9  12.61  14.000  213.10167    3.59    3.28    3.02
15-07-2024 08:47:37.04    0.10   0.449  25.127   29.415  106.9  12.60  14.000  210.59181    2.53    2.25    3.29
15-07-2024 08:47:37.28    0.04   0.449  25.127   29.415  106.8  12.60  14.000  210.29353    3.15    2.21    3.10
15-07-2024 08:47:37.53    0.04   0.450  25.129   29.417  106.8  12.60  14.000  208.31067    2.28    1.52    2.80
15-07-2024 08:47:37.77    0.00   0.450  25.130   29.419  106.8  12.60  14.000  204.56920    3.83    1.56    3.34
15-07-2024 08:47:38.02    0.04   0.449  25.131   29.420  106.8  12.60  14.000  200.41029    2.75    2.23    3.05
15-07-2024 08:47:38.27    0.09   0.452  25.130   29.416  106.8  12.60  14.000  198.48663    2.75    2.23    3.05
15-07-2024 08:47:38.52    0.11   0.451  25.129   29.416  106.8  12.60  14.000  199.32227    3.69    2.49    3.79
15-07-2024 08:47:38.76    0.12   0.451  25.127   29.413  106.8  12.60  14.000  202.41315    3.03    1.17    2.88
15-07-2024 08:47:39.01    0.09   0.448  25.126   29.414  106.9  12.60  14.000  204.03999    3.38    2.77    3.20
15-07-2024 08:47:39.25    0.10   0.448  25.126   29.415  106.8  12.60  14.000  202.21996    2.62    2.17    3.00
15-07-2024 08:47:39.50    0.09   0.448  25.126   29.414  106.8  12.60  14.000  201.80917    4.33    2.05    3.38
15-07-2024 08:47:39.74    0.09   0.449  25.127   29.415  106.8  12.60  14.000  204.14658    3.06    2.40    3.43
15-07-2024 08:47:39.99    0.05   0.449  25.125   29.413  106.8  12.60  14.000  207.90211    3.06    2.40    3.43
15-07-2024 08:47:40.23   -0.01   0.449  25.126   29.414  106.8  12.59  14.000  210.78574    2.14    2.25    2.77
15-07-2024 08:47:40.48   -0.03   0.450  25.126   29.413  106.8  12.59  14.000  210.92194    2.46    1.37    2.75
15-07-2024 08:47:40.72   -0.02   0.453   3.247    3.247  106.6  15.02  14.000  209.16258    3.87   33.13    0.84
15-07-2024 08:47:40.97   -0.04   0.459   2.600    2.565  106.8  15.11  14.000  208.99530   13.17   48.12    7.29
15-07-2024 08:47:41.21   -0.08   0.461  11.973   13.129  106.8  14.07  14.000  210.88863   13.17   48.12    0.68
15-07-2024 08:47:41.46    0.01   0.454  25.124   29.407  106.8  12.59  14.000  211.62508   13.17   48.12    0.68
15-07-2024 08:47:41.71    0.10   0.449  25.124   29.411  106.8  12.60  14.000  209.71251    1.87   48.12    6.04
15-07-2024 08:47:41.95    0.16   0.446  25.123   29.412  106.8  12.60  14.000  208.00053    5.26   48.12    3.88
15-07-2024 08:47:42.20    0.19   0.445  25.125   29.416  106.9  12.61  14.000  207.17749    2.64    1.94    2.94
15-07-2024 08:47:42.45    0.20   0.445  25.124   29.415  106.9  12.61  14.000  203.92230    2.51    2.42    3.05
15-07-2024 08:47:42.69    0.15   0.447  25.123   29.412  106.9  12.61  14.000  201.34657    2.93    2.00    3.08
15-07-2024 08:47:42.94    0.08   0.450  25.126   29.414  106.8  12.60  14.000  204.30275    2.87    2.54    2.89
15-07-2024 08:47:43.19    0.00   0.451  25.128   29.415  106.8  12.59  14.000  208.14043    2.87    1.18    2.43
15-07-2024 08:47:43.43   -0.03   0.450  25.125   29.411  106.8  12.59  14.000  208.36766    2.87    1.18    2.43
15-07-2024 08:47:43.67   -0.04   0.451  25.128   29.414  106.7  12.59  14.000  206.64828    2.84    1.18    3.02
15-07-2024 08:47:43.92   -0.03   0.456  25.126   29.407  106.8  12.59  14.000  204.89264    2.84    1.18   73.05
15-07-2024 08:47:44.16    0.02   0.453  25.125   29.410  106.8  12.59  14.000  205.31528    7.01   11.75    4.76
15-07-2024 08:47:44.41    0.06   0.450  25.126   29.412  106.8  12.59  14.000  206.71786    3.64    2.76    2.99
15-07-2024 08:47:44.65    0.11   0.449  25.127   29.415  106.8  12.59  14.000  204.80530    2.63    2.19    3.16
15-07-2024 08:47:44.90    0.14   0.449  25.127   29.416  106.8  12.60  14.000  199.98099    2.63    2.19    3.16
15-07-2024 08:47:45.15    0.18   0.449  25.128   29.416  106.8  12.60  14.000  197.01521    2.45    2.05    3.61
15-07-2024 08:47:45.40    0.19   0.449  25.127   29.415  106.8  12.60  14.000  200.41989    2.96    1.72    2.78
15-07-2024 08:47:45.64    0.21   0.447  25.124   29.412  106.8  12.60  14.000  204.15398    2.70    2.09    2.97
15-07-2024 08:47:45.89    0.12   0.448  25.125   29.414  106.8  12.60  14.000  208.42020    3.36    2.16    3.06
15-07-2024 08:47:46.14    0.01   0.449  25.118   29.404  106.8  12.59  14.000  209.63185    2.75    2.29    3.60
15-07-2024 08:47:46.38   -0.04   0.451  25.122   29.407  106.8  12.59  14.000  209.29062    0.58    5.13   26.82
15-07-2024 08:47:46.63   -0.02   0.455   4.424    4.512  106.6  14.89  14.000  208.81471    0.58   80.01   26.82
15-07-2024 08:47:46.92   -0.02   0.461  21.394   24.655  106.8  13.00  14.000  209.34911    0.58   80.01   26.82
15-07-2024 08:47:47.12    0.05   0.457  25.128   29.408  106.8  12.59  14.000  209.61778    0.58   80.01   26.82
15-07-2024 08:47:47.36    0.07   0.452  25.126   29.411  106.8  12.60  14.000  207.71336    0.58    4.45    3.08
15-07-2024 08:47:47.61    0.15   0.449  25.127   29.415  106.8  12.60  14.000  205.52547    2.81    2.94    3.60
15-07-2024 08:47:47.85    0.11   0.449  25.125   29.413  106.8  12.60  14.000  208.44093    2.85    3.20    3.74
15-07-2024 08:47:48.10    0.03   0.449  25.125   29.414  106.8  12.59  14.000  211.26389    2.81    2.23    3.17
15-07-2024 08:47:48.34   -0.06   0.449  25.127   29.415  106.8  12.59  14.000  206.75858    2.81    2.23    3.17
15-07-2024 08:47:48.59   -0.02   0.450   4.912    5.046  106.6  14.85  14.000  199.72490    2.12    0.20    8.04
15-07-2024 08:47:48.83   -0.01   0.453  25.125   29.409  106.8  12.59  14.000  198.34970   22.97   16.61   16.70
15-07-2024 08:47:49.09    0.03   0.453  25.126   29.411  106.8  12.59  14.000  198.37708   22.97   16.61   20.25
15-07-2024 08:47:49.33    0.09   0.451  25.127   29.414  106.8  12.59  14.000  198.38078   22.97   17.07    2.80
15-07-2024 08:47:49.58    0.08   0.448  25.124   29.413  106.8  12.59  14.000  200.75815    2.46    1.38    3.49
15-07-2024 08:47:49.82    0.08   0.447  25.125   29.414  106.8  12.60  14.000  200.99870    2.35    5.74    4.25
15-07-2024 08:47:50.07    0.01   0.447  25.125   29.414  106.8  12.59  14.000  198.98326    2.35    5.74    4.25
15-07-2024 08:47:50.31    0.03   0.447  25.125   29.414  106.8  12.59  14.000  198.77454    2.81    2.41    2.63
15-07-2024 08:47:50.56    0.04   0.448  25.124   29.412  106.8  12.59  14.000  202.07785    3.26    3.31    2.95
15-07-2024 08:47:50.80    0.07   0.447  25.125   29.414  106.8  12.59  14.000  207.08276    3.93    2.87    3.33
15-07-2024 08:47:51.05    0.10   0.446  25.124   29.414  106.8  12.60  14.000  209.14629    2.57    2.81    3.29
15-07-2024 08:47:51.29    0.07   0.446  25.125   29.415  106.8  12.60  14.000  208.83395    2.69    2.24    3.09
15-07-2024 08:47:51.54    0.03   0.448  25.124   29.412  106.8  12.60  14.000  208.29660    2.74    1.91    3.07
15-07-2024 08:47:51.78    0.07   0.448  25.126   29.414  106.9  12.60  14.000  207.15825    2.74    1.91    3.07
15-07-2024 08:47:52.03    0.02   0.449  25.127   29.416  106.8  12.60  14.000  207.87917    2.90    2.47    3.48
15-07-2024 08:47:52.27    0.07   0.448  25.126   29.415  106.9  12.60  14.000  208.96422    4.65    2.64    3.81
15-07-2024 08:47:52.52    0.07   0.448  25.124   29.412  106.9  12.61  14.000  209.12706    5.05    2.18    3.12
15-07-2024 08:47:52.77    0.06   0.448  25.123   29.411  106.9  12.60  14.000  210.83311    2.69    1.77    3.63
15-07-2024 08:47:53.02    0.02   0.448  25.124   29.412  106.9  12.60  14.000  212.57690    3.22    2.79    3.22
15-07-2024 08:47:53.27    0.03   0.447  25.126   29.416  106.8  12.60  14.000  210.53113    2.64    2.13    3.54
15-07-2024 08:47:53.51    0.03   0.447  25.126   29.416  106.9  12.60  14.000  206.60905    2.64    2.13    3.54
15-07-2024 08:47:53.76   -0.03   0.447  25.124   29.414  106.9  12.60  14.000  203.64178    2.89    2.99    2.46
15-07-2024 08:47:54.00   -0.01   0.448  25.125   29.414  106.9  12.60  14.000  203.72025    3.92    2.83    3.13
15-07-2024 08:47:54.25    0.04   0.448  25.126   29.415  106.9  12.60  14.000  205.67572    3.40    2.24    3.13
15-07-2024 08:47:54.49    0.06   0.448  25.125   29.414  106.9  12.60  14.000  206.01100    3.09    2.32    3.47
15-07-2024 08:47:54.74    0.06   0.448  25.126   29.415  106.9  12.60  14.000  203.09705    2.54    2.86    3.00
15-07-2024 08:47:54.98    0.08   0.447  25.126   29.416  106.9  12.61  14.000  199.44438    2.64    2.33    3.04
15-07-2024 08:47:55.23    0.12   0.447  25.124   29.414  106.9  12.61  14.000  198.74123    2.64    2.33    3.04
15-07-2024 08:47:55.47    0.07   0.447  25.125   29.414  106.9  12.61  14.000  202.29027    2.61    2.36    2.91
15-07-2024 08:47:55.72    0.05   0.447  25.124   29.413  106.9  12.61  14.000  206.00212    3.88    3.14    2.97
15-07-2024 08:47:55.96    0.03   0.446  25.124   29.414  106.9  12.61  14.000  205.90442    2.94    2.84    3.45
15-07-2024 08:47:56.21    0.01   0.446  25.125   29.415  106.9  12.61  14.000  204.15767    2.55    2.09    3.23
15-07-2024 08:47:56.46   -0.06   0.446  25.123   29.413  106.9  12.61  14.000  205.69054    2.16    1.67    3.81
15-07-2024 08:47:56.71   -0.02   0.447  17.329   19.605  106.8  13.47  14.000  209.84723    2.21    1.67    9.77
15-07-2024 08:47:56.95   -0.02   0.450  25.127   29.414  106.8  12.60  14.000  212.97955    2.21    1.67    9.77
15-07-2024 08:47:57.20    0.00   0.450  25.125   29.412  106.8  12.60  14.000  212.38890   27.07    1.67    9.77
15-07-2024 08:47:57.44    0.07   0.448  25.125   29.413  106.8  12.60  14.000  210.32536    4.09    2.02    3.35
15-07-2024 08:47:57.69    0.09   0.446  25.124   29.414  106.9  12.61  14.000  209.96342    3.15    2.45    3.40
15-07-2024 08:47:57.93    0.17   0.446  25.124   29.414  106.9  12.61  14.000  211.96999    2.55    2.66    3.12
15-07-2024 08:47:58.19    0.14   0.445  25.124   29.416  106.9  12.61  14.000  211.72276    2.40    2.08    3.45
15-07-2024 08:47:58.42    0.10   0.444  25.123   29.415  106.9  12.61  14.000  210.97151    2.72    2.89    3.25
15-07-2024 08:47:58.67    0.09   0.444  25.124   29.416  106.9  12.61  14.000  212.19720    2.72    2.89    3.25
15-07-2024 08:47:58.91    0.05   0.445  25.125   29.416  106.9  12.60  14.000  213.05801    2.50    2.22    3.13
15-07-2024 08:47:59.16   -0.01   0.446  25.126   29.416  106.8  12.60  14.000  212.26900    3.78    2.03    3.61
15-07-2024 08:47:59.40   -0.05   0.447  25.126   29.416  106.8  12.60  14.000  210.95671    1.53    2.21    2.84
15-07-2024 08:47:59.65    0.02   0.449  25.127   29.414  106.8  12.60  14.000  210.57332    2.23    2.16    3.07
15-07-2024 08:47:59.89    0.05   0.449  25.127   29.414  106.8  12.60  14.000  211.82860    2.21    2.30    3.02
15-07-2024 08:48:00.15    0.08   0.448  25.127   29.416  106.9  12.60  14.000  212.60281    2.83    2.09    2.97
15-07-2024 08:48:00.39    0.12   0.447  25.126   29.416  106.9  12.61  14.000  210.58589    2.83    2.09    2.97
15-07-2024 08:48:00.64    0.13   0.446  25.125   29.416  106.9  12.60  14.000  207.74667    2.44    2.59    2.90
15-07-2024 08:48:00.89    0.10   0.444  25.124   29.416  106.9  12.60  14.000  207.32626    2.42    2.34    3.11
15-07-2024 08:48:01.13    0.08   0.443  25.123   29.416  106.8  12.60  14.000  208.57564    2.48    2.69    3.66
15-07-2024 08:48:01.38    0.04   0.442  25.123   29.416  106.8  12.60  14.000  209.34541    2.39    1.61    3.07
15-07-2024 08:48:01.62    0.00   0.443  25.124   29.417  106.8  12.60  14.000  208.69037    2.51    2.26    3.01
15-07-2024 08:48:01.87    0.02   0.444  25.124   29.416  106.8  12.60  14.000  207.92209    2.77    2.85    3.30
15-07-2024 08:48:02.11    0.05   0.445  25.124   29.415  106.8  12.59  14.000  208.38765    2.77    2.85    3.30
15-07-2024 08:48:02.36   -0.00   0.445  25.123   29.414  106.8  12.59  14.000  209.37277    2.70    1.55    3.66
15-07-2024 08:48:02.60   -0.06   0.445  25.122   29.413  106.7  12.59  14.000  209.66737    2.61    2.28    2.82
15-07-2024 08:48:02.85   -0.04   0.446  25.124   29.414  106.7  12.59  14.000  208.76143    2.72    1.38    3.88
15-07-2024 08:48:03.09   -0.03   0.447  25.126   29.415  106.7  12.59  14.000  207.28777    1.20    1.38    7.25
15-07-2024 08:48:03.34    0.01   0.447  25.126   29.416  106.7  12.58  14.000  206.50766    1.20    1.38    3.40
15-07-2024 08:48:03.58    0.05   0.445  25.126   29.418  106.7  12.59  14.000  205.87631    2.61    1.73    3.31
15-07-2024 08:48:03.83    0.10   0.444  25.126   29.418  106.8  12.59  14.000  205.48550    2.61    1.73    3.31
15-07-2024 08:48:04.08    0.14   0.443  25.125   29.417  106.8  12.59  14.000  205.31601    2.48    2.69    2.56
15-07-2024 08:48:04.33    0.19   0.444  25.123   29.415  106.8  12.59  14.000  205.85336    2.23    2.25    3.19
15-07-2024 08:48:04.57    0.14   0.444  25.123   29.414  106.8  12.59  14.000  206.54097    2.60    2.47    2.78
15-07-2024 08:48:04.82    0.11   0.445  25.124   29.416  106.8  12.59  14.000  205.74826    2.99    2.77    3.45
15-07-2024 08:48:05.06    0.09   0.446  25.125   29.416  106.8  12.59  14.000  206.97765    2.74    2.64    3.26
15-07-2024 08:48:05.31    0.05   0.445  25.124   29.415  106.7  12.59  14.000  210.88196    2.21    2.46    2.87
15-07-2024 08:48:05.55    0.04   0.444  25.124   29.416  106.7  12.59  14.000  212.84113    2.21    2.46    2.87
15-07-2024 08:48:05.80   -0.00   0.444  25.125   29.417  106.7  12.59  14.000  212.39557    2.94    2.25    3.30
15-07-2024 08:48:06.04    0.01   0.445  25.124   29.415  106.7  12.59  14.000  210.99446    2.94    2.38    2.95
15-07-2024 08:48:06.29    0.05   0.445  25.126   29.417  106.7  12.59  14.000  210.63252    3.08    1.71    3.26
15-07-2024 08:48:06.53    0.09   0.444  25.126   29.419  106.8  12.59  14.000  211.45854    2.21    2.66    3.48
15-07-2024 08:48:06.78    0.10   0.443  25.128   29.421  106.7  12.59  14.000  213.55612    3.57    2.57    3.27
15-07-2024 08:48:07.02    0.11   0.443  25.125   29.418  106.7  12.59  14.000  213.76115    2.41    2.50    3.25
15-07-2024 08:48:07.27    0.10   0.443  25.125   29.417  106.7  12.59  14.000  210.94708    2.41    2.50    3.25
15-07-2024 08:48:07.52    0.13   0.444  25.125   29.417  106.8  12.59  14.000  208.47499    2.91    2.88    3.46
15-07-2024 08:48:07.77    0.20   0.444  25.126   29.418  106.8  12.59  14.000  206.91029    2.61    1.78    3.17
15-07-2024 08:48:08.02    0.27   0.444  25.123   29.414  106.8  12.60  14.000  206.04137    2.55    2.33    3.34
15-07-2024 08:48:08.26    0.33   0.444  25.127   29.420  106.9  12.60  14.000  202.80394    2.57    2.45    2.95
15-07-2024 08:48:08.51    0.31   0.445  25.121   29.411  106.9  12.61  14.000  190.91783    3.01    1.88    3.26
15-07-2024 08:48:08.75    0.34   0.445  25.122   29.412  106.9  12.61  14.000  205.03622    2.42    2.55    3.23
15-07-2024 08:48:09.00    0.30   0.445  25.121   29.410  106.9  12.61  14.000  207.07535    2.42    2.55    3.23
15-07-2024 08:48:09.25    0.29   0.446  25.127   29.419  106.9  12.60  14.000  204.41525    2.75    2.31    3.26
15-07-2024 08:48:09.49    0.32   0.445  25.125   29.416  106.9  12.60  14.000  201.52940    3.32    2.13    3.45
15-07-2024 08:48:09.73    0.38   0.444  25.125   29.416  106.9  12.61  14.000  199.16905    2.29    2.46    3.06
15-07-2024 08:48:09.98    0.45   0.444  25.126   29.417  106.9  12.61  14.000  181.31436    2.64    2.52    3.16
15-07-2024 08:48:10.22    0.52   0.445  25.128   29.419  107.0  12.61  14.000   98.54980    2.43    2.64    3.56
15-07-2024 08:48:10.47    0.61   0.445  25.124   29.415  106.9  12.61  14.000   80.63959    2.26    2.79    4.02
15-07-2024 08:48:10.71    0.66   0.444  25.122   29.414  107.0  12.62  14.000   85.87765    2.26    2.79    4.02
15-07-2024 08:48:10.96    0.72   0.432  25.121   29.423  107.0  12.62  14.000   82.79713    2.80    2.13    3.11
15-07-2024 08:48:11.21    0.75   0.407  25.120   29.446  107.0  12.63  14.000   85.90577    3.58    2.18    2.87
15-07-2024 08:48:11.45    0.78   0.400  25.108   29.437  107.0  12.63  14.000   85.60009    2.63    2.23    3.24
15-07-2024 08:48:11.70    0.80   0.400  25.108   29.437  107.0  12.63  14.000   83.99988    2.78    1.99    3.25
15-07-2024 08:48:11.95    0.79   0.407  25.114   29.439  107.0  12.63  14.000   77.03875    2.63    2.13    3.39
15-07-2024 08:48:12.20    0.81   0.408  25.113   29.436  107.0  12.63  14.000   80.38793    2.75    2.41    3.17
15-07-2024 08:48:12.44    0.87   0.405  25.115   29.442  107.0  12.63  14.000   83.07839    2.75    2.41    3.17
15-07-2024 08:48:12.69    0.93   0.411  25.115   29.437  107.0  12.63  14.000   86.59337    2.49    2.26    3.22
15-07-2024 08:48:12.93    0.99   0.413  25.113   29.431  107.0  12.63  14.000   82.11323    2.69    2.55    3.19
15-07-2024 08:48:13.18    1.03   0.421  25.116   29.428  107.0  12.63  14.000   80.19772    3.47    2.54    3.45
15-07-2024 08:48:13.42    1.10   0.427  25.117   29.422  107.0  12.63  14.000   83.87183    2.74    2.17    3.58
15-07-2024 08:48:13.67    1.17   0.414  25.112   29.428  107.1  12.63  14.000   80.88902    2.76    2.10    3.23
15-07-2024 08:48:13.91    1.21   0.399  25.106   29.436  107.1  12.64  14.000   75.42892    2.57    2.64    3.12
15-07-2024 08:48:14.16    1.27   0.382  25.105   29.450  107.1  12.65  14.000   72.19815    2.57    2.64    3.12
15-07-2024 08:48:14.40    1.33   0.397  25.117   29.451  107.1  12.64  14.000   71.11901    3.32    2.35    3.00
15-07-2024 08:48:14.65    1.40   0.410  25.118   29.440  107.1  12.64  14.000   72.88057    3.20    2.29    3.27
15-07-2024 08:48:14.90    1.45   0.423  25.118   29.428  107.1  12.63  14.000   71.07682    2.46    2.38    3.31
15-07-2024 08:48:15.14    1.52   0.425  25.115   29.422  107.1  12.63  14.000   66.50564    2.48    2.69    3.31
15-07-2024 08:48:15.39    1.53   0.422  25.114   29.424  107.1  12.63  14.000   67.09850    3.12    2.14    3.01
15-07-2024 08:48:15.64    1.57   0.425  25.114   29.421  107.1  12.63  14.000   69.00143    3.57    2.18    3.06
15-07-2024 08:48:15.88    1.61   0.420  25.113   29.424  107.1  12.64  14.000   66.67439    3.57    2.18    3.06
15-07-2024 08:48:16.13    1.69   0.419  25.114   29.426  107.1  12.64  14.000   62.12690    2.78    2.38    3.16
15-07-2024 08:48:16.37    1.76   0.426  25.118   29.425  107.1  12.63  14.000   61.45928    2.51    2.72    3.04
15-07-2024 08:48:16.62    1.84   0.430  25.118   29.421  107.1  12.63  14.000   60.61625    3.12    2.06    3.39
15-07-2024 08:48:16.86    1.93   0.427  25.117   29.421  107.1  12.63  14.000   62.44738    3.42    1.82    3.44
15-07-2024 08:48:17.11    2.01   0.424  25.118   29.426  107.1  12.64  14.000   63.83813    1.98    2.22    3.29
15-07-2024 08:48:17.35    2.04   0.428  25.120   29.426  107.1  12.64  14.000   61.34974    2.67    1.99    3.25
15-07-2024 08:48:17.60    2.10   0.434  25.125   29.426  107.1  12.63  14.000   60.02783    2.67    1.99    3.25
15-07-2024 08:48:17.84    2.18   0.435  25.126   29.426  107.1  12.63  14.000   60.46008    3.42    2.69    3.27
15-07-2024 08:48:18.09    2.19   0.434  25.126   29.427  107.1  12.64  14.000   60.46600    2.55    2.37    3.45
15-07-2024 08:48:18.33    2.22   0.436  25.126   29.425  107.1  12.64  14.000   61.38008    2.69    2.17    3.09
15-07-2024 08:48:18.59    2.26   0.432  25.125   29.428  107.1  12.64  14.000   59.15001    2.93    2.10    3.37
15-07-2024 08:48:18.83    2.29   0.436  25.124   29.423  107.2  12.64  14.000   55.83191    3.06    2.28    3.47
15-07-2024 08:48:19.08    2.37   0.365  25.082   29.437  107.3  12.68  14.000   56.21752    4.14    2.52    3.34
15-07-2024 08:48:19.33    2.42   0.255  25.041   29.488  107.5  12.73  14.000   57.94430    4.14    2.52    3.34
15-07-2024 08:48:19.57    2.53   0.198  25.040   29.542  107.4  12.74  14.000   57.87768    3.40    2.32    3.01
15-07-2024 08:48:19.82    2.63   0.177  25.050   29.575  107.3  12.74  14.000   55.50402    3.08    2.48    3.48
15-07-2024 08:48:20.07    2.73   0.168  25.057   29.593  107.3  12.73  14.000   52.04454    2.31    2.46    3.35
15-07-2024 08:48:20.31    2.81   0.150  25.060   29.614  107.3  12.73  14.000   48.95071    3.30    2.06    3.42
15-07-2024 08:48:20.55    2.89   0.115  25.063   29.652  107.3  12.74  14.000   49.19200    3.15    2.52    3.01
15-07-2024 08:48:20.80    2.99   0.102  25.062   29.664  107.2  12.74  14.000   50.04021    3.06    2.53    3.30
15-07-2024 08:48:21.04    3.07   0.096  25.062   29.670  107.2  12.74  14.000   50.14901    3.06    2.53    3.30
15-07-2024 08:48:21.29    3.14   0.094  25.061   29.671  107.1  12.73  14.000   48.18095    5.07    2.36    3.24
15-07-2024 08:48:21.53    3.19   0.088  25.062   29.677  107.1  12.73  14.000   46.04783    2.66    2.65    3.16
15-07-2024 08:48:21.78    3.28   0.084  25.061   29.679  107.1  12.73  14.000   45.02642    2.65    2.39    3.42
15-07-2024 08:48:22.02    3.35   0.085  25.061   29.679  107.1  12.73  14.000   45.70884    2.73    2.33    3.25
15-07-2024 08:48:22.27    3.39   0.080  25.059   29.680  107.1  12.73  14.000   45.84503    3.20    2.19    3.34
15-07-2024 08:48:22.52    3.51   0.079  25.057   29.679  107.1  12.73  14.000   45.10192    2.37    2.17    2.97
15-07-2024 08:48:22.77    3.61   0.071  25.059   29.689  107.1  12.73  14.000   44.93464    2.37    2.17    2.97
15-07-2024 08:48:23.01    3.67   0.069  25.059   29.691  107.0  12.73  14.000   44.81918    3.01    2.63    3.20
15-07-2024 08:48:23.26    3.80   0.068  25.058   29.690  107.0  12.73  14.000   44.87321    3.12    2.31    3.22
15-07-2024 08:48:23.50    3.88   0.068  25.059   29.692  107.1  12.73  14.000   44.31069    2.71    2.32    3.20
15-07-2024 08:48:23.75    3.95   0.069  25.059   29.692  107.1  12.73  14.000   42.84963    2.85    2.43    3.30
15-07-2024 08:48:23.99    4.01   0.068  25.060   29.693  107.1  12.73  14.000   41.71720    3.47    2.07    3.42
15-07-2024 08:48:24.24    4.09   0.066  25.060   29.695  107.1  12.74  14.000   42.16499    2.71    2.63    3.33
15-07-2024 08:48:24.48    4.12   0.064  25.061   29.699  107.1  12.74  14.000   41.97329    2.71    2.63    3.33
15-07-2024 08:48:24.73    4.19   0.064  25.063   29.700  107.1  12.74  14.000   41.81786    3.71    2.24    3.20
15-07-2024 08:48:24.97    4.25   0.063  25.062   29.701  107.2  12.74  14.000   41.93629    3.13    2.78    3.09
15-07-2024 08:48:25.22    4.30   0.062  25.061   29.700  107.2  12.75  14.000   41.31900    2.42    1.97    3.28
15-07-2024 08:48:25.46    4.37   0.059  25.060   29.702  107.2  12.75  14.000   40.00597    2.48    2.14    3.16
15-07-2024 08:48:25.71    4.47   0.050  25.060   29.710  107.2  12.76  14.000   38.68998    2.77    2.41    2.86
15-07-2024 08:48:25.96    4.60   0.033  25.064   29.732  107.3  12.77  14.000   37.61454    3.33    2.48    3.30
15-07-2024 08:48:26.21    4.70   0.011  25.064   29.754  107.3  12.77  14.000   37.11049    3.33    2.48    3.30
15-07-2024 08:48:26.46    4.79  -0.004  25.064   29.768  107.3  12.78  14.000   37.01427    2.28    2.32    3.36
15-07-2024 08:48:26.70    4.88  -0.011  25.063   29.774  107.3  12.78  14.000   36.95802    3.54    2.20    3.11
15-07-2024 08:48:26.95    4.98  -0.020  25.059   29.776  107.4  12.79  14.000   36.51615    2.88    2.43    3.00
15-07-2024 08:48:27.19    5.10  -0.033  25.049   29.776  107.4  12.80  14.000   35.77600    3.04    2.54    2.77
15-07-2024 08:48:27.44    5.16  -0.046  25.045   29.784  107.4  12.80  14.000   34.83675    2.85    2.41    3.26
15-07-2024 08:48:27.68    5.28  -0.073  25.048   29.813  107.4  12.81  14.000   34.45187    2.85    2.41    3.26
15-07-2024 08:48:27.93    5.36  -0.095  25.055   29.844  107.4  12.82  14.000   33.98557    2.82    2.97    2.92
15-07-2024 08:48:28.17    5.43  -0.108  25.057   29.860  107.5  12.83  14.000   33.66805    3.17    2.33    3.39
15-07-2024 08:48:28.42    5.55  -0.114  25.056   29.865  107.5  12.83  14.000   33.45266    3.44    2.17    3.06
15-07-2024 08:48:28.66    5.61  -0.120  25.058   29.873  107.5  12.83  14.000   33.83458    2.43    2.20    3.31
15-07-2024 08:48:28.91    5.70  -0.128  25.060   29.884  107.5  12.83  14.000   33.75464    3.76    2.40    3.36
15-07-2024 08:48:29.15    5.81  -0.135  25.066   29.898  107.5  12.83  14.000   33.07962    4.23    2.20    3.45
15-07-2024 08:48:29.40    5.88  -0.140  25.067   29.903  107.5  12.84  14.000   32.27804    4.23    2.20    3.45
15-07-2024 08:48:29.65    6.00  -0.143  25.067   29.907  107.5  12.84  14.000   31.87466    3.02    2.78    3.59
15-07-2024 08:48:29.89    6.06  -0.147  25.066   29.909  107.5  12.84  14.000   32.06858    4.31    2.83    2.93
15-07-2024 08:48:30.14    6.13  -0.152  25.063   29.910  107.5  12.84  14.000   32.19884    2.89    2.45    3.12
15-07-2024 08:48:30.39    6.20  -0.160  25.078   29.938  107.6  12.85  14.000   32.06191    2.78    2.44    2.94
15-07-2024 08:48:30.63    6.28  -0.167  25.083   29.951  107.6  12.85  14.000   31.66149    4.84    2.21    3.68
15-07-2024 08:48:30.88    6.31  -0.173  25.087   29.963  107.6  12.86  14.000   31.76511    5.42    2.42    3.31
15-07-2024 08:48:31.13    6.37  -0.179  25.094   29.978  107.6  12.86  14.000   31.72737    4.42    2.54    3.26
15-07-2024 08:48:31.37    6.46  -0.184  25.104   29.996  107.7  12.86  14.000   31.28920    4.42    2.54    3.26
15-07-2024 08:48:31.61    6.58  -0.189  25.111   30.011  107.7  12.86  14.000   30.31590    2.64    2.49    3.17
15-07-2024 08:48:31.86    6.64  -0.195  25.122   30.029  107.7  12.87  14.000   29.44992    3.10    1.97    3.44
15-07-2024 08:48:32.10    6.73  -0.199  25.131   30.045  107.7  12.86  14.000   29.26858    4.30    2.86    3.61
15-07-2024 08:48:32.35    6.78  -0.206  25.138   30.062  107.7  12.87  14.000   29.04357    3.35    1.96    3.32
15-07-2024 08:48:32.59    6.90  -0.213  25.142   30.073  107.7  12.87  14.000   28.74159    3.31    2.62    3.39
15-07-2024 08:48:32.84    6.97  -0.219  25.143   30.081  107.7  12.87  14.000   28.56618    3.31    2.62    3.39
15-07-2024 08:48:33.08    7.08  -0.223  25.143   30.085  107.7  12.88  14.000   28.26789    3.30    2.43    3.61
15-07-2024 08:48:33.34    7.19  -0.230  25.142   30.090  107.7  12.88  14.000   27.97183    3.75    2.64    3.59
15-07-2024 08:48:33.58    7.27  -0.233  25.145   30.097  107.8  12.88  14.000   27.54773    2.43    2.54    3.15
15-07-2024 08:48:33.83    7.37  -0.233  25.146   30.100  107.8  12.88  14.000   27.08365    2.80    2.41    3.21
15-07-2024 08:48:34.08    7.48  -0.234  25.145   30.099  107.8  12.89  14.000   26.66768    3.83    2.40    3.42
15-07-2024 08:48:34.32    7.55  -0.236  25.146   30.101  107.8  12.89  14.000   26.52706    3.65    2.12    3.80
15-07-2024 08:48:34.57    7.64  -0.238  25.145   30.102  107.8  12.89  14.000   26.35164    3.65    2.12    3.80
15-07-2024 08:48:34.81    7.70  -0.241  25.145   30.105  107.8  12.89  14.000   26.12293    3.07    2.72    3.16
15-07-2024 08:48:35.06    7.80  -0.243  25.147   30.109  107.9  12.90  14.000   25.88904    2.15    2.61    3.26
15-07-2024 08:48:35.30    7.86  -0.245  25.151   30.116  107.9  12.90  14.000   25.71363    3.63    2.43    3.14
15-07-2024 08:48:35.55    7.91  -0.249  25.152   30.122  107.9  12.90  14.000   25.70549    3.93    2.23    3.42
15-07-2024 08:48:35.79    8.06  -0.251  25.163   30.139  107.9  12.90  14.000   25.81947    4.94    2.61    3.15
15-07-2024 08:48:36.04    8.18  -0.254  25.173   30.153  107.9  12.90  14.000   25.77950    4.23    2.45    2.99
15-07-2024 08:48:36.28    8.26  -0.252  25.197   30.184  108.0  12.90  14.000   25.59447    4.23    2.45    2.99
15-07-2024 08:48:36.53    8.33  -0.251  25.200   30.186  108.0  12.90  14.000   25.46642    2.96    2.39    3.38
15-07-2024 08:48:36.77    8.43  -0.250  25.203   30.191  108.0  12.91  14.000   25.39018    0.00    2.02    3.17
15-07-2024 08:48:37.02    8.48  -0.251  25.206   30.194  108.0  12.91  14.000   25.24585    2.75    2.51    3.40
15-07-2024 08:48:37.27    8.58  -0.251  25.209   30.198  108.0  12.91  14.000   25.07044    2.90    2.66    3.23
15-07-2024 08:48:37.52    8.66  -0.252  25.212   30.204  108.0  12.91  14.000   24.86023    3.96    2.26    3.30
15-07-2024 08:48:37.76    8.74  -0.254  25.218   30.214  108.0  12.91  14.000   24.65151    3.91    2.35    3.18
15-07-2024 08:48:38.01    8.81  -0.255  25.222   30.219  108.1  12.91  14.000   24.41614    3.91    2.35    3.18
15-07-2024 08:48:38.25    8.95  -0.256  25.225   30.224  108.1  12.92  14.000   24.15043    3.07    2.51    3.52
15-07-2024 08:48:38.50    9.04  -0.255  25.235   30.237  108.1  12.92  14.000   23.77517    3.88    2.63    3.45
15-07-2024 08:48:38.74    9.16  -0.252  25.281   30.294  108.1  12.91  14.000   23.43618    3.13    3.03    3.23
15-07-2024 08:48:38.99    9.22  -0.240  25.341   30.361  108.1  12.90  14.000   23.11347    3.53    2.50    3.54
15-07-2024 08:48:39.23    9.31  -0.229  25.365   30.382  108.1  12.90  14.000   22.71749    3.41    2.95    3.48
15-07-2024 08:48:39.48    9.40  -0.220  25.397   30.414  108.1  12.89  14.000   22.51543    2.63    2.56    3.28
15-07-2024 08:48:39.72    9.51  -0.211  25.412   30.424  108.1  12.89  14.000   22.34890    2.63    2.56    3.28
15-07-2024 08:48:39.97    9.58  -0.203  25.426   30.436  108.2  12.89  14.000   22.26822    2.75    2.61    3.22
15-07-2024 08:48:40.21    9.66  -0.192  25.492   30.511  108.2  12.88  14.000   22.13277    3.75    2.15    4.07
15-07-2024 08:48:40.46    9.74  -0.173  25.528   30.540  108.2  12.87  14.000   21.85151    4.49    2.66    3.47
15-07-2024 08:48:40.71    9.84  -0.162  25.582   30.600  108.2  12.87  14.000   21.55175    4.43    2.31    3.41
15-07-2024 08:48:40.95    9.89  -0.141  25.678   30.705  108.2  12.85  14.000   21.35265    3.06    2.75    3.90
15-07-2024 08:48:41.20   10.01  -0.122  25.719   30.739  108.2  12.84  14.000   21.16835    3.54    2.43    3.53
15-07-2024 08:48:41.45   10.07  -0.112  25.779   30.807  108.3  12.84  14.000   20.98850    3.54    2.43    3.53
15-07-2024 08:48:41.70   10.19  -0.099  25.898   30.951  108.3  12.82  14.000   20.77903    5.53    2.35    3.84
15-07-2024 08:48:41.94   10.27  -0.076  25.956   31.004  108.3  12.81  14.000   20.56291    4.44    2.54    3.40
15-07-2024 08:48:42.19   10.40  -0.061  26.022   31.074  108.3  12.81  14.000   20.44226    5.41    2.25    3.67
15-07-2024 08:48:42.43   10.50  -0.053  26.069   31.129  108.4  12.80  14.000   20.41488    5.95    2.67    3.32
15-07-2024 08:48:42.68   10.56  -0.037  26.129   31.191  108.4  12.79  14.000   20.29202    3.02    3.14    3.47
15-07-2024 08:48:42.92   10.66  -0.002  26.184   31.227  108.4  12.78  14.000   20.22244    4.19    2.71    4.15
15-07-2024 08:48:43.17   10.75   0.011  26.194   31.227  108.5  12.78  14.000   20.11734    4.19    2.71    4.15
15-07-2024 08:48:43.41   10.87  -0.022  26.199   31.267  108.6  12.80  14.000   19.95524   13.13    2.90    3.87
15-07-2024 08:48:43.66   10.99  -0.038  26.202   31.288  108.6  12.81  14.000   19.85532    3.32    2.54    3.59
15-07-2024 08:48:43.90   11.08  -0.046  26.204   31.298  108.7  12.82  14.000   19.62884    4.87    2.31    3.29
15-07-2024 08:48:44.15   11.18  -0.052  26.206   31.307  108.7  12.83  14.000   19.42382    4.72    2.88    4.22
15-07-2024 08:48:44.40   11.30  -0.055  26.207   31.312  108.7  12.83  14.000   19.15736    4.56    1.98    3.53
15-07-2024 08:48:44.64   11.38  -0.056  26.208   31.313  108.8  12.84  14.000   18.91681    4.06    2.34    3.51
15-07-2024 08:48:44.91   11.50  -0.058  26.207   31.315  108.8  12.84  14.000   18.64369    5.73    2.89    3.64
15-07-2024 08:48:45.14   11.60  -0.062  26.203   31.313  108.9  12.85  14.000   18.39722    5.73    2.89    3.64
15-07-2024 08:48:45.38   11.70  -0.068  26.199   31.314  108.9  12.85  14.000   18.15964    8.40    3.19    3.80
15-07-2024 08:48:45.63   11.80  -0.080  26.191   31.316  109.0  12.87  14.000   17.96128    4.56    2.40    4.16
15-07-2024 08:48:45.87   11.91  -0.094  26.180   31.315  109.0  12.88  14.000   17.70518    4.16    2.34    3.20
15-07-2024 08:48:46.12   11.98  -0.111  26.172   31.323  109.1  12.89  14.000   17.51422    8.73    2.87    3.89
15-07-2024 08:48:46.36   12.08  -0.124  26.167   31.330  109.1  12.90  14.000   17.32326    4.11    3.30    3.21
15-07-2024 08:48:46.61   12.17  -0.133  26.163   31.333  109.2  12.90  14.000   17.17449    4.11    3.30    3.21
15-07-2024 08:48:46.85   12.29  -0.140  26.162   31.339  109.2  12.91  14.000   16.99834    6.86    2.76    3.22
15-07-2024 08:48:47.10   12.37  -0.144  26.159   31.339  109.2  12.92  14.000   16.82366    5.67    2.50    4.19
15-07-2024 08:48:47.34   12.48  -0.155  26.142   31.328  108.9  12.89  14.000   16.39511    6.10    2.56    3.53
15-07-2024 08:48:47.59   12.55  -0.173  26.144   31.349  109.3  12.93  14.000   16.47727    7.35    3.23    3.31
15-07-2024 08:48:47.83   12.66  -0.177  26.146   31.356  109.3  12.94  14.000   16.38549   10.09    2.50    4.28
15-07-2024 08:48:48.09   12.72  -0.180  26.146   31.359  109.4  12.94  14.000   16.31666    7.85    3.39    4.17
15-07-2024 08:48:48.33   12.82  -0.183  26.145   31.361  109.4  12.95  14.000   16.19453    7.85    3.39    4.17
15-07-2024 08:48:48.58   12.91  -0.187  26.144   31.363  109.4  12.95  14.000   16.03096    7.88    3.22    4.43
15-07-2024 08:48:48.82   13.01  -0.190  26.143   31.365  109.4  12.95  14.000   15.90957   12.52    2.67    3.76
15-07-2024 08:48:49.07   13.12  -0.193  26.141   31.365  109.5  12.96  14.000   15.71639   13.05    3.35    3.81
15-07-2024 08:48:49.32   13.21  -0.199  26.135   31.364  109.5  12.96  14.000   15.52617   11.55    2.87    3.57
15-07-2024 08:48:49.56   13.31  -0.208  26.133   31.370  109.5  12.97  14.000   15.29451   11.35    2.60    4.17
15-07-2024 08:48:49.81   13.41  -0.213  26.131   31.373  109.5  12.97  14.000   15.13537    8.57    3.15    3.23
15-07-2024 08:48:50.05   13.54  -0.219  26.130   31.376  109.5  12.97  14.000   14.96514    8.57    3.15    3.23
15-07-2024 08:48:50.30   13.61  -0.222  26.127   31.376  109.5  12.98  14.000   14.78306    5.00    2.62    3.58
15-07-2024 08:48:50.54   13.78  -0.227  26.124   31.378  109.6  12.98  14.000   14.56176    9.45    2.77    3.84
15-07-2024 08:48:50.79   13.88  -0.231  26.122   31.379  109.6  12.99  14.000   14.37746    5.11    2.61    3.59
15-07-2024 08:48:51.03   14.00  -0.235  26.122   31.383  109.6  12.99  14.000   14.18206    9.47    2.73    4.03
15-07-2024 08:48:51.28   14.12  -0.235  26.125   31.387  109.6  12.99  14.000   13.91486    9.31    2.87    5.18
15-07-2024 08:48:51.52   14.23  -0.236  26.126   31.389  109.6  12.99  14.000   13.71280   10.24    3.15    3.99
15-07-2024 08:48:51.77   14.32  -0.238  26.124   31.388  109.6  12.99  14.000   13.46263   10.24    3.15    3.99
15-07-2024 08:48:52.02   14.46  -0.246  26.115   31.385  109.6  12.99  14.000   13.28795   11.44    3.49    4.14
15-07-2024 08:48:52.27   14.58  -0.254  26.115   31.393  109.6  13.00  14.000   13.13400   12.23    3.58    4.91
15-07-2024 08:48:52.51   14.68  -0.257  26.116   31.398  109.6  13.00  14.000   12.94082   17.54    2.99    3.95
15-07-2024 08:48:52.76   14.77  -0.259  26.116   31.399  109.7  13.00  14.000   12.76393    5.20    2.77    3.67
15-07-2024 08:48:53.00   14.87  -0.260  26.116   31.400  109.6  13.00  14.000   12.58777    9.49    2.93    4.47
15-07-2024 08:48:53.25   14.97  -0.261  26.117   31.403  109.6  13.00  14.000   12.43012   18.32    2.94    3.69
15-07-2024 08:48:53.49   15.08  -0.263  26.117   31.404  109.6  13.00  14.000   12.32353   18.32    2.94    3.69
15-07-2024 08:48:53.74   15.16  -0.263  26.116   31.403  109.6  13.00  14.000   12.17920   11.68    3.29    3.44
15-07-2024 08:48:53.98   15.24  -0.267  26.115   31.406  109.6  13.00  14.000   12.01341   10.21    3.82    5.10
15-07-2024 08:48:54.23   15.37  -0.272  26.113   31.408  109.6  13.00  14.000   11.84318   24.41    3.15    4.01
15-07-2024 08:48:54.47   15.47  -0.278  26.111   31.412  109.6  13.01  14.000   11.64333    9.20    3.43    5.51
15-07-2024 08:48:54.72   15.54  -0.284  26.110   31.416  109.6  13.01  14.000   11.47162    9.86    2.93    4.87
15-07-2024 08:48:54.96   15.64  -0.290  26.105   31.417  109.6  13.01  14.000   11.37688   18.67    2.79    3.97
15-07-2024 08:48:55.21   15.73  -0.304  26.099   31.423  109.7  13.01  14.000   11.23995   18.67    2.79    3.97
15-07-2024 08:48:55.46   15.82  -0.317  26.094   31.430  109.6  13.02  14.000   11.12079   12.77    3.64    3.76
15-07-2024 08:48:55.71   15.92  -0.333  26.097   31.450  109.6  13.02  14.000   10.96906   10.67    4.03    3.66
15-07-2024 08:48:55.96   16.02  -0.357  26.092   31.467  109.6  13.03  14.000   10.79364   11.23    3.40    4.83
15-07-2024 08:48:56.20   16.12  -0.375  26.096   31.492  109.6  13.03  14.000   10.61822   14.10    3.18    5.27
15-07-2024 08:48:56.45   16.22  -0.403  26.096   31.521  109.6  13.04  14.000   10.45391   13.09    3.00    5.04
15-07-2024 08:48:56.69   16.31  -0.417  26.095   31.534  109.6  13.04  14.000   10.29922   10.29    3.62    4.13
15-07-2024 08:48:56.94   16.47  -0.421  26.094   31.537  109.6  13.04  14.000   10.09790   10.29    3.62    4.13
15-07-2024 08:48:57.18   16.57  -0.423  26.095   31.541  109.5  13.03  14.000    9.93358    9.47    3.22    3.61
15-07-2024 08:48:57.43   16.69  -0.425  26.094   31.541  109.5  13.03  14.000    9.78555    7.38    2.93    3.92
15-07-2024 08:48:57.67   16.79  -0.427  26.095   31.544  109.5  13.03  14.000    9.62124    6.51    3.01    3.25
15-07-2024 08:48:57.92   16.90  -0.427  26.094   31.542  109.4  13.02  14.000    9.48505    9.28    3.04    3.90
15-07-2024 08:48:58.16   17.00  -0.427  26.095   31.544  109.4  13.02  14.000    9.35848    9.73    3.26    4.02
15-07-2024 08:48:58.41   17.11  -0.431  26.096   31.550  109.4  13.01  14.000    9.24376    8.30    2.75    3.48
15-07-2024 08:48:58.65   17.24  -0.432  26.098   31.553  109.4  13.01  14.000    9.09425    8.30    2.75    3.48
15-07-2024 08:48:58.90   17.33  -0.434  26.097   31.553  109.3  13.01  14.000    8.96398    5.35    2.59    4.11
15-07-2024 08:48:59.15   17.49  -0.435  26.096   31.554  109.3  13.00  14.000    8.85592   10.69    2.66    3.61
15-07-2024 08:48:59.39   17.57  -0.435  26.097   31.555  109.2  13.00  14.000    8.74046    8.60    2.61    3.37
15-07-2024 08:48:59.64   17.66  -0.436  26.097   31.556  109.2  12.99  14.000    8.62721    5.60    3.10    3.90
15-07-2024 08:48:59.89   17.82  -0.436  26.097   31.556  109.1  12.99  14.000    8.51693   13.84    3.19    3.72
15-07-2024 08:49:00.13   17.90  -0.439  26.096   31.558  109.1  12.98  14.000    8.42663    4.72    2.88    3.80
15-07-2024 08:49:00.38   18.04  -0.443  26.096   31.562  109.0  12.98  14.000    8.27712    4.72    2.88    3.80
15-07-2024 08:49:00.62   18.12  -0.448  26.095   31.564  109.0  12.97  14.000    8.21421   16.95    2.47    3.85
15-07-2024 08:49:00.87   18.23  -0.452  26.095   31.569  109.0  12.97  14.000    8.13723    9.21    2.64    4.13
15-07-2024 08:49:01.11   18.30  -0.456  26.091   31.569  108.9  12.96  14.000    8.05582    5.74    3.20    3.51
15-07-2024 08:49:01.36   18.37  -0.467  26.087   31.574  108.9  12.96  14.000    7.99957    9.54    2.62    3.40
15-07-2024 08:49:01.60   18.44  -0.476  26.085   31.581  108.8  12.96  14.000    7.93221    6.52    2.83    4.20
15-07-2024 08:49:01.85   18.52  -0.483  26.084   31.587  108.8  12.96  14.000    7.86264    9.34    2.47    3.54
15-07-2024 08:49:02.09   18.56  -0.488  26.082   31.590  108.7  12.95  14.000    7.81527    9.34    2.47    3.54
15-07-2024 08:49:02.34   18.63  -0.492  26.084   31.596  108.7  12.95  14.000    7.76346    9.15    2.42    4.28
15-07-2024 08:49:02.58   18.72  -0.503  26.078   31.600  108.6  12.94  14.000    7.71979    7.45    2.36    3.97
15-07-2024 08:49:02.84   18.81  -0.515  26.069   31.600  108.5  12.94  14.000    7.65836    6.83    3.12    3.73
15-07-2024 08:49:03.08   18.92  -0.521  26.063   31.599  108.5  12.93  14.000    7.59322   11.31    3.32    4.35
15-07-2024 08:49:03.33   19.02  -0.535  26.048   31.594  108.4  12.93  14.000    7.50588   11.49    3.40    3.78
15-07-2024 08:49:03.58   19.15  -0.549  26.041   31.598  108.3  12.93  14.000    7.41633    6.51    2.22    3.58
15-07-2024 08:49:03.82   19.28  -0.565  26.034   31.606  108.3  12.93  14.000    7.30974    6.51    2.22    3.58
15-07-2024 08:49:04.07   19.36  -0.588  26.024   31.617  108.2  12.93  14.000    7.21278    7.14    2.51    3.57
15-07-2024 08:49:04.31   19.49  -0.600  26.019   31.622  108.1  12.92  14.000    7.10546    7.80    3.28    3.74
15-07-2024 08:49:04.56   19.64  -0.623  26.003   31.624  108.1  12.92  14.000    6.99296    6.93    2.83    3.55
15-07-2024 08:49:04.80   19.78  -0.649  25.995   31.641  108.0  12.92  14.000    6.90118    6.51    2.72    3.44
15-07-2024 08:49:05.05   19.92  -0.655  25.995   31.648  107.9  12.91  14.000    6.75907    6.07    2.87    3.47
15-07-2024 08:49:05.29   20.02  -0.661  25.985   31.639  107.9  12.91  14.000    6.69838    6.07    2.87    3.47
15-07-2024 08:49:05.54   20.15  -0.673  25.973   31.636  107.8  12.90  14.000    6.63324    5.90    2.65    3.94
15-07-2024 08:49:05.78   20.24  -0.699  25.956   31.641  107.7  12.90  14.000    6.54147    6.58    2.46    3.54
15-07-2024 08:49:06.03   20.35  -0.725  25.943   31.650  107.7  12.90  14.000    6.50520    4.19    2.58    3.47
15-07-2024 08:49:06.27   20.42  -0.743  25.940   31.665  107.6  12.90  14.000    6.44155    5.34    2.30    3.27
15-07-2024 08:49:06.53   20.52  -0.752  25.934   31.667  107.5  12.90  14.000    6.36975    4.82    2.31    3.81
15-07-2024 08:49:06.77   20.63  -0.758  25.929   31.666  107.4  12.89  14.000    6.30462    5.15    2.48    3.19
15-07-2024 08:49:07.02   20.71  -0.777  25.913   31.665  107.4  12.89  14.000    6.24244    4.57    2.74    3.28
15-07-2024 08:49:07.26   20.87  -0.801  25.906   31.680  107.3  12.89  14.000    6.17879    4.57    2.74    3.28
15-07-2024 08:49:07.51   20.94  -0.809  25.905   31.687  107.2  12.88  14.000    6.11440    4.89    3.01    3.61
15-07-2024 08:49:07.75   21.02  -0.813  25.907   31.694  107.2  12.87  14.000    6.04778    4.18    2.46    3.54
15-07-2024 08:49:08.00   21.14  -0.814  25.906   31.695  107.1  12.86  14.000    6.00115    4.91    2.22    3.37
15-07-2024 08:49:08.24   21.23  -0.828  25.899   31.699  107.1  12.87  14.000    5.94638    4.04    2.95    3.62
15-07-2024 08:49:08.49   21.29  -0.839  25.898   31.708  107.0  12.86  14.000    5.92492    3.86    2.37    3.61
15-07-2024 08:49:08.73   21.34  -0.852  25.899   31.724  106.9  12.86  14.000    5.89161    3.86    2.37    3.61
15-07-2024 08:49:08.98   21.41  -0.859  25.900   31.732  106.9  12.85  14.000    5.86423    4.41    2.77    3.63
15-07-2024 08:49:09.22   21.44  -0.862  25.901   31.737  106.8  12.84  14.000    5.88051    3.74    2.63    3.43
15-07-2024 08:49:09.47   21.50  -0.866  25.901   31.742  106.8  12.84  14.000    5.84202    3.81    2.57    3.56
15-07-2024 08:49:09.72   21.58  -0.872  25.886   31.727  106.7  12.83  14.000    5.80575    4.04    2.27    4.20
15-07-2024 08:49:09.96   21.70  -0.879  25.876   31.721  106.6  12.83  14.000    5.74802    4.73    2.56    3.34
15-07-2024 08:49:10.21   21.81  -0.885  25.872   31.722  106.5  12.82  14.000    5.70361    3.61    2.30    3.78
15-07-2024 08:49:10.46   21.92  -0.886  25.872   31.723  106.5  12.81  14.000    5.64218    3.61    2.30    3.78
15-07-2024 08:49:10.71   22.01  -0.891  25.866   31.720  106.4  12.80  14.000    5.57483    4.32    2.53    3.20
15-07-2024 08:49:10.95   22.19  -0.902  25.852   31.713  106.3  12.80  14.000    5.49193    6.25    2.54    3.60
15-07-2024 08:49:11.20   22.30  -0.925  25.831   31.709  106.3  12.80  14.000    5.42680    7.47    2.97    3.40
15-07-2024 08:49:11.44   22.40  -0.948  25.826   31.726  106.2  12.80  14.000    5.36166   16.52    2.73    3.94
15-07-2024 08:49:11.69   22.57  -0.959  25.821   31.730  106.1  12.80  14.000    5.32688    3.54    2.80    3.04
15-07-2024 08:49:11.93   22.68  -0.969  25.812   31.730  106.1  12.79  14.000    5.27507    3.33    2.47    3.22
15-07-2024 08:49:12.18   22.82  -0.976  25.810   31.734  106.0  12.78  14.000    5.20253    3.33    2.47    3.22
15-07-2024 08:49:12.42   22.97  -0.983  25.802   31.731  105.9  12.78  14.000    5.15442    3.37    2.20    3.39
15-07-2024 08:49:12.67   23.08  -0.993  25.797   31.735  105.9  12.77  14.000    5.11223    3.42    2.79    3.42
15-07-2024 08:49:12.91   23.20  -1.003  25.797   31.746  105.8  12.77  14.000    5.04192    3.33    2.91    3.55
15-07-2024 08:49:13.16   23.27  -1.009  25.808   31.766  105.7  12.76  14.000    4.98789    2.96    2.09    3.31
15-07-2024 08:49:13.41   23.39  -1.007  25.820   31.780  105.7  12.75  14.000    4.95236    3.72    2.04    3.32
15-07-2024 08:49:13.65   23.52  -1.006  25.821   31.780  105.6  12.74  14.000    4.90721    3.05    2.56    3.54
15-07-2024 08:49:13.90   23.59  -1.005  25.823   31.782  105.5  12.73  14.000    4.87020    3.05    2.56    3.54
15-07-2024 08:49:14.15   23.70  -1.005  25.824   31.783  105.5  12.73  14.000    4.82061    2.59    2.30    3.26
15-07-2024 08:49:14.40   23.81  -1.005  25.826   31.786  105.4  12.72  14.000    4.76732    3.05    2.68    3.39
15-07-2024 08:49:14.64   23.84  -1.005  25.829   31.790  105.4  12.72  14.000    4.76806    2.62    2.09    3.55
15-07-2024 08:49:14.89   23.88  -1.005  25.831   31.792  105.4  12.71  14.000    4.77102    2.52    2.28    3.10
15-07-2024 08:49:15.14   23.95  -1.006  25.831   31.794  105.4  12.71  14.000    4.76954    3.02    2.44    3.52
15-07-2024 08:49:15.38   23.99  -1.006  25.834   31.797  105.3  12.70  14.000    4.74512    2.86    2.49    3.38
15-07-2024 08:49:15.62   24.02  -1.006  25.837   31.802  105.3  12.70  14.000    4.74438    2.86    2.49    3.38
15-07-2024 08:49:15.87   24.09  -1.006  25.836   31.800  105.2  12.69  14.000    4.71699    3.15    2.31    3.28
15-07-2024 08:49:16.11   24.17  -1.006  25.836   31.800  105.2  12.69  14.000    4.72143    2.86    2.30    3.45
15-07-2024 08:49:16.36   24.29  -1.006  25.831   31.793  105.1  12.68  14.000    4.65482    3.73    2.74    3.46
15-07-2024 08:49:16.60   24.37  -1.006  25.828   31.789  105.1  12.68  14.000    4.62817    2.95    2.36    3.69
15-07-2024 08:49:16.85   24.47  -1.006  25.827   31.788  105.0  12.67  14.000    4.60893    3.16    2.21    3.23
15-07-2024 08:49:17.09   24.57  -1.006  25.827   31.788  105.0  12.67  14.000    4.56230    2.78    2.72    3.41
15-07-2024 08:49:17.34   24.71  -1.006  25.827   31.788  104.9  12.66  14.000    4.48310    2.78    2.72    3.41
15-07-2024 08:49:17.59   24.84  -1.006  25.827   31.788  104.9  12.66  14.000    4.44906    2.65    2.09    3.49
15-07-2024 08:49:17.83   24.95  -1.005  25.827   31.787  104.8  12.65  14.000    4.41871    3.45    2.32    3.38
15-07-2024 08:49:18.08   25.05  -1.006  25.827   31.788  104.8  12.65  14.000    4.37874    3.07    2.31    3.24
15-07-2024 08:49:18.33   25.17  -1.005  25.831   31.792  104.7  12.64  14.000    4.33581    2.82    2.34    3.17
15-07-2024 08:49:18.57   25.33  -1.004  25.831   31.791  104.7  12.63  14.000    4.27364    2.85    2.10    3.09
15-07-2024 08:49:18.82   25.48  -1.004  25.832   31.792  104.7  12.63  14.000    4.22997    3.56    2.30    3.22
15-07-2024 08:49:19.06   25.60  -1.004  25.832   31.792  104.6  12.62  14.000    4.19296    3.56    2.30    3.22
15-07-2024 08:49:19.31   25.74  -1.004  25.832   31.792  104.6  12.62  14.000    4.13523    3.33    2.28    3.73
15-07-2024 08:49:19.55   25.83  -1.004  25.832   31.791  104.5  12.61  14.000    4.09970    2.79    2.59    3.43
15-07-2024 08:49:19.80   25.99  -1.004  25.834   31.794  104.5  12.61  14.000    4.05159    2.97    2.59    3.02
15-07-2024 08:49:20.04   26.11  -1.004  25.833   31.792  104.5  12.60  14.000    4.02199    3.60    2.00    3.56
15-07-2024 08:49:20.29   26.16  -1.004  25.834   31.793  104.4  12.60  14.000    3.98350    2.89    2.43    3.48
15-07-2024 08:49:20.53   26.29  -1.003  25.835   31.795  104.4  12.60  14.000    3.96277    3.16    1.98    3.14
15-07-2024 08:49:20.78   26.36  -1.003  25.837   31.797  104.4  12.59  14.000    3.95981    3.16    1.98    3.14
15-07-2024 08:49:21.02   26.41  -1.003  25.839   31.800  104.4  12.59  14.000    3.92577    3.04    1.81    3.22
15-07-2024 08:49:21.28   26.46  -1.003  25.841   31.802  104.3  12.59  14.000    3.93095    2.53    2.30    3.26
15-07-2024 08:49:21.52   26.54  -1.003  25.841   31.803  104.3  12.59  14.000    3.90430    2.56    2.03    3.27
15-07-2024 08:49:21.77   26.61  -1.002  25.842   31.804  104.3  12.58  14.000    3.86952    3.01    2.77    3.35
15-07-2024 08:49:22.02   26.69  -1.002  25.843   31.804  104.3  12.58  14.000    3.87174    2.91    1.79    3.32
15-07-2024 08:49:22.26   26.78  -1.002  25.843   31.804  104.3  12.58  14.000    3.83621    3.42    2.24    3.01
15-07-2024 08:49:22.51   26.90  -1.001  25.844   31.804  104.2  12.57  14.000    3.80586    3.42    2.24    3.01
15-07-2024 08:49:22.75   27.02  -1.000  25.848   31.809  104.2  12.57  14.000    3.76367    2.71    2.78    3.13
15-07-2024 08:49:23.00   27.09  -1.000  25.851   31.812  104.2  12.57  14.000    3.75109    2.49    2.58    3.22
15-07-2024 08:49:23.24   27.18  -0.998  25.855   31.816  104.2  12.56  14.000    3.71852    3.02    2.60    3.11
15-07-2024 08:49:23.49   27.24  -0.998  25.859   31.821  104.1  12.56  14.000    3.68448    3.67    2.22    3.10
15-07-2024 08:49:23.73   27.36  -0.997  25.860   31.822  104.1  12.56  14.000    3.66597    2.76    2.82    3.33
15-07-2024 08:49:23.98   27.43  -0.996  25.862   31.824  104.1  12.55  14.000    3.63637    2.91    2.49    3.36
15-07-2024 08:49:24.22   27.52  -0.996  25.863   31.824  104.1  12.55  14.000    3.60824    2.91    2.49    3.36
15-07-2024 08:49:24.47   27.66  -0.996  25.863   31.825  104.0  12.55  14.000    3.58382    3.30    2.46    3.20
15-07-2024 08:49:24.71   27.78  -0.996  25.864   31.825  104.0  12.54  14.000    3.53793    3.50    2.40    3.29
15-07-2024 08:49:24.96   27.91  -0.996  25.868   31.830  104.0  12.54  14.000    3.50758    2.78    2.99    3.19
15-07-2024 08:49:25.21   28.03  -0.995  25.874   31.837  103.9  12.53  14.000    3.47205    3.34    2.04    2.93
15-07-2024 08:49:25.46   28.18  -0.993  25.878   31.842  103.9  12.53  14.000    3.42394    2.52    2.57    3.34
15-07-2024 08:49:25.70   28.35  -0.991  25.883   31.846  103.9  12.53  14.000    3.39286    3.72    3.03    3.17
15-07-2024 08:49:25.95   28.48  -0.989  25.883   31.844  103.9  12.52  14.000    3.33587    3.72    3.03    3.17
15-07-2024 08:49:26.20   28.60  -0.989  25.883   31.843  103.9  12.52  14.000    3.29442    4.08    2.39    3.38
15-07-2024 08:49:26.44   28.70  -0.989  25.883   31.843  103.8  12.52  14.000    3.28258    3.15    2.39    3.73
15-07-2024 08:49:26.68   28.82  -0.989  25.884   31.844  103.8  12.51  14.000    3.24335    2.93    1.78    3.39
15-07-2024 08:49:26.93   28.92  -0.989  25.885   31.845  103.8  12.51  14.000    3.23743    3.08    2.87    3.36
15-07-2024 08:49:27.17   29.01  -0.989  25.886   31.847  103.8  12.51  14.000    3.20560    2.96    2.40    3.33
15-07-2024 08:49:27.42   29.10  -0.988  25.887   31.848  103.8  12.51  14.000    3.18043    2.85    2.39    3.27
15-07-2024 08:49:27.66   29.15  -0.988  25.889   31.850  103.7  12.51  14.000    3.18117    2.85    2.39    3.27
15-07-2024 08:49:27.91   29.22  -0.987  25.890   31.850  103.7  12.50  14.000    3.14269    3.02    2.00    3.18
15-07-2024 08:49:28.15   29.32  -0.987  25.891   31.851  103.7  12.50  14.000    3.13306    3.08    2.44    3.19
15-07-2024 08:49:28.40   29.39  -0.986  25.890   31.849  103.7  12.50  14.000    3.11160    2.71    2.33    3.01
15-07-2024 08:49:28.65   29.48  -0.985  25.894   31.854  103.7  12.50  14.000    3.11012    3.03    2.30    3.63
15-07-2024 08:49:28.90   29.58  -0.981  25.901   31.859  103.7  12.49  14.000    3.06497    3.14    2.24    3.16
15-07-2024 08:49:29.14   29.70  -0.977  25.906   31.861  103.7  12.49  14.000    3.02796    2.72    2.49    3.35
15-07-2024 08:49:29.39   29.79  -0.975  25.909   31.862  103.6  12.49  14.000    3.01464    2.72    2.49    3.35
15-07-2024 08:49:29.64   29.90  -0.974  25.910   31.862  103.6  12.48  14.000    2.99688    2.65    2.26    3.29
15-07-2024 08:49:29.88   29.99  -0.973  25.910   31.863  103.6  12.48  14.000    2.96653    2.97    2.47    3.17
15-07-2024 08:49:30.13   30.10  -0.972  25.912   31.864  103.6  12.48  14.000    2.93396    3.55    2.60    3.65
15-07-2024 08:49:30.37   30.19  -0.971  25.915   31.866  103.6  12.48  14.000    2.96135    3.21    2.19    2.98
15-07-2024 08:49:30.62   30.29  -0.970  25.917   31.868  103.5  12.47  14.000    2.91620    3.74    2.78    3.49
15-07-2024 08:49:30.86   30.38  -0.969  25.919   31.870  103.5  12.47  14.000    2.85847    3.88    2.97    3.42
15-07-2024 08:49:31.11   30.51  -0.968  25.921   31.871  103.5  12.47  14.000    2.85403    3.88    2.97    3.42
15-07-2024 08:49:31.35   30.63  -0.967  25.924   31.874  103.5  12.46  14.000    2.83330    3.70    2.41    3.71
15-07-2024 08:49:31.60   30.73  -0.966  25.925   31.874  103.4  12.46  14.000    2.80000    3.52    2.40    3.00
15-07-2024 08:49:31.84   30.84  -0.966  25.924   31.873  103.4  12.46  14.000    2.75929    3.29    2.62    3.43
15-07-2024 08:49:32.09   30.95  -0.966  25.926   31.875  103.4  12.46  14.000    2.73560    3.80    2.19    3.21
15-07-2024 08:49:32.34   31.12  -0.966  25.928   31.879  103.4  12.45  14.000    2.71192    3.19    2.09    3.51
15-07-2024 08:49:32.58   31.19  -0.963  25.936   31.887  103.4  12.45  14.000    2.67787    3.47    1.82    3.14
15-07-2024 08:49:32.83   31.34  -0.960  25.934   31.880  103.3  12.45  14.000    2.65641    3.47    1.82    3.14
15-07-2024 08:49:33.08   31.45  -0.959  25.922   31.862  103.3  12.45  14.000    2.61052    2.88    2.35    3.15
15-07-2024 08:49:33.32   31.55  -0.956  25.949   31.895  103.3  12.44  14.000    2.61570    3.28    2.23    3.49
15-07-2024 08:49:33.57   31.65  -0.953  25.953   31.897  103.3  12.44  14.000    2.59275    3.38    2.91    3.47
15-07-2024 08:49:33.81   31.73  -0.951  25.955   31.899  103.3  12.44  14.000    2.57425    2.55    2.17    3.74
15-07-2024 08:49:34.06   31.79  -0.951  25.956   31.900  103.3  12.44  14.000    2.55501    2.24    2.19    3.42
15-07-2024 08:49:34.30   31.91  -0.949  25.957   31.900  103.3  12.43  14.000    2.52762    2.96    1.72    3.37
15-07-2024 08:49:34.55   31.98  -0.947  25.961   31.902  103.2  12.43  14.000    2.50616    2.96    1.72    3.37
15-07-2024 08:49:34.79   32.08  -0.946  25.962   31.902  103.2  12.43  14.000    2.50690    3.06    2.31    3.21
15-07-2024 08:49:35.04   32.13  -0.945  25.964   31.904  103.2  12.42  14.000    2.49579    4.46    2.64    3.35
15-07-2024 08:49:35.28   32.24  -0.945  25.964   31.904  103.2  12.42  14.000    2.47211    3.00    1.97    3.29
15-07-2024 08:49:35.53   32.32  -0.945  25.963   31.903  103.2  12.42  14.000    2.45212    2.82    2.41    3.33
15-07-2024 08:49:35.77   32.42  -0.944  25.964   31.903  103.2  12.42  14.000    2.44102    3.29    2.92    3.33
15-07-2024 08:49:36.02   32.54  -0.944  25.963   31.902  103.2  12.42  14.000    2.42844    2.88    2.41    3.07
15-07-2024 08:49:36.27   32.61  -0.944  25.962   31.901  103.1  12.42  14.000    2.40475    2.88    2.41    3.07
15-07-2024 08:49:36.52   32.75  -0.944  25.966   31.906  103.1  12.41  14.000    2.35738    3.78    1.97    3.34
15-07-2024 08:49:36.76   32.83  -0.943  25.967   31.905  103.1  12.41  14.000    2.37589    2.79    2.33    3.17
15-07-2024 08:49:37.02   32.94  -0.940  25.970   31.907  103.1  12.41  14.000    2.35220    2.76    2.09    3.40
15-07-2024 08:49:37.25   33.02  -0.938  25.971   31.905  103.1  12.41  14.000    2.32260    2.81    2.79    3.47
15-07-2024 08:49:37.50   33.14  -0.937  25.974   31.908  103.1  12.40  14.000    2.29151    2.66    2.28    3.09
15-07-2024 08:49:37.74   33.26  -0.937  25.974   31.908  103.1  12.40  14.000    2.27301    2.94    2.23    3.36
15-07-2024 08:49:37.99   33.37  -0.937  25.974   31.909  103.0  12.40  14.000    2.25820    2.94    2.23    3.36
15-07-2024 08:49:38.23   33.48  -0.939  25.974   31.910  103.0  12.40  14.000    2.22342    2.50    2.33    3.20
15-07-2024 08:49:38.48   33.60  -0.939  25.973   31.910  103.0  12.39  14.000    2.20639    2.91    2.84    3.17
15-07-2024 08:49:38.72   33.73  -0.940  25.973   31.910  103.0  12.39  14.000    2.16643    3.82    1.89    3.07
15-07-2024 08:49:38.97   33.85  -0.940  25.973   31.910  102.9  12.39  14.000    2.15976    3.08    2.48    3.18
15-07-2024 08:49:39.21   33.98  -0.940  25.975   31.913  102.9  12.39  14.000    2.12054    2.95    2.41    2.88
15-07-2024 08:49:39.46   34.11  -0.939  25.977   31.914  102.9  12.38  14.000    2.11091    2.85    2.15    3.21
15-07-2024 08:49:39.71   34.23  -0.938  25.978   31.915  102.9  12.38  14.000    2.09389    2.85    2.15    3.21
15-07-2024 08:49:39.96   34.30  -0.938  25.979   31.916  102.9  12.38  14.000    2.06502    2.69    1.98    3.33
15-07-2024 08:49:40.21   34.39  -0.937  25.980   31.916  102.9  12.38  14.000    2.07095    2.92    2.30    2.89
15-07-2024 08:49:40.45   34.47  -0.936  25.982   31.918  102.9  12.38  14.000    2.04800    2.98    2.19    3.22
15-07-2024 08:49:40.70   34.53  -0.936  25.983   31.919  102.8  12.37  14.000    2.04356    3.10    2.53    3.15
15-07-2024 08:49:40.94   34.61  -0.936  25.984   31.920  102.8  12.37  14.000    2.03246    2.95    2.21    3.39
15-07-2024 08:49:41.19   34.68  -0.937  25.985   31.922  102.8  12.37  14.000    2.03986    2.94    2.45    3.41
15-07-2024 08:49:41.43   34.77  -0.937  25.985   31.922  102.8  12.37  14.000    2.01247    2.94    2.45    3.41
15-07-2024 08:49:41.68   34.86  -0.939  25.984   31.923  102.8  12.37  14.000    1.98435    3.01    2.17    3.21
15-07-2024 08:49:41.92   34.91  -0.940  25.982   31.921  102.8  12.37  14.000    1.99175    2.83    2.50    3.39
15-07-2024 08:49:42.17   35.00  -0.942  25.981   31.922  102.8  12.37  14.000    1.97473    2.97    2.36    3.30
15-07-2024 08:49:42.41   35.07  -0.943  25.980   31.922  102.8  12.37  14.000    1.95844    2.75    2.43    3.31
15-07-2024 08:49:42.66   35.18  -0.944  25.980   31.922  102.7  12.37  14.000    1.94438    2.44    2.43    3.30
15-07-2024 08:49:42.90   35.26  -0.945  25.979   31.923  102.7  12.36  14.000    1.93624    2.68    2.63    3.60
15-07-2024 08:49:43.15   35.36  -0.945  25.979   31.922  102.7  12.36  14.000    1.90885    2.68    2.63    3.60
15-07-2024 08:49:43.40   35.46  -0.946  25.979   31.924  102.7  12.36  14.000    1.89997    3.01    2.86    3.38
15-07-2024 08:49:43.64   35.55  -0.946  25.978   31.922  102.7  12.36  14.000    1.87629    2.64    2.71    3.43
15-07-2024 08:49:43.89   35.70  -0.947  25.978   31.923  102.7  12.35  14.000    1.87036    3.50    3.01    3.47
15-07-2024 08:49:44.14   35.81  -0.946  25.977   31.921  102.6  12.35  14.000    1.85112    2.99    1.97    3.17
15-07-2024 08:49:44.38   35.91  -0.946  25.978   31.921  102.6  12.35  14.000    1.82966    3.13    2.20    3.40
15-07-2024 08:49:44.63   36.04  -0.946  25.977   31.921  102.6  12.35  14.000    1.84742    3.04    2.39    3.45
15-07-2024 08:49:44.87   36.17  -0.946  25.978   31.921  102.6  12.34  14.000    1.78599    3.04    2.39    3.45
15-07-2024 08:49:45.12   36.32  -0.946  25.979   31.923  102.5  12.34  14.000    1.77563    2.84    2.73    3.18
15-07-2024 08:49:45.37   36.43  -0.946  25.979   31.923  102.5  12.34  14.000    1.74972    2.92    2.32    3.26
15-07-2024 08:49:45.61   36.55  -0.945  25.980   31.923  102.5  12.34  14.000    1.72011    3.26    2.31    3.51
15-07-2024 08:49:45.86   36.66  -0.944  25.981   31.924  102.5  12.33  14.000    1.71197    2.87    2.15    3.44
15-07-2024 08:49:46.10   36.77  -0.944  25.981   31.924  102.5  12.33  14.000    1.70309    3.20    2.17    3.37
15-07-2024 08:49:46.34   36.87  -0.945  25.982   31.925  102.4  12.33  14.000    1.67718    3.20    2.17    3.37
15-07-2024 08:49:46.59   36.99  -0.944  25.982   31.925  102.4  12.33  14.000    1.66682    2.91    2.45    3.31
15-07-2024 08:49:46.84   37.06  -0.944  25.983   31.925  102.4  12.33  14.000    1.65424    3.11    1.99    3.73
15-07-2024 08:49:47.09   37.15  -0.943  25.984   31.927  102.4  12.33  14.000    1.64906    3.34    2.59    3.31
15-07-2024 08:49:47.33   37.24  -0.943  25.985   31.927  102.4  12.32  14.000    1.63426    3.07    2.53    3.64
15-07-2024 08:49:47.58   37.34  -0.943  25.985   31.928  102.4  12.32  14.000    1.62833    3.14    2.75    2.94
15-07-2024 08:49:47.83   37.37  -0.943  25.986   31.929  102.4  12.32  14.000    1.61575    2.81    2.27    3.44
15-07-2024 08:49:48.08   37.47  -0.943  25.987   31.929  102.4  12.32  14.000    1.61279    4.92    2.04    3.24
15-07-2024 08:49:48.32   37.58  -0.942  25.986   31.927  102.4  12.32  14.000    1.61427    4.92    2.04    3.24
15-07-2024 08:49:48.56   37.67  -0.942  25.987   31.929  102.4  12.32  14.000    1.60687    3.76    2.42    3.46
15-07-2024 08:49:48.81   37.72  -0.942  25.986   31.928  102.3  12.32  14.000    1.58023    2.58    2.12    3.31
15-07-2024 08:49:49.05   37.81  -0.943  25.987   31.929  102.3  12.31  14.000    1.56542    3.27    2.32    3.25
15-07-2024 08:49:49.30   37.89  -0.942  25.988   31.930  102.3  12.31  14.000    1.55802    2.74    2.37    3.14
15-07-2024 08:49:49.54   37.97  -0.942  25.990   31.932  102.3  12.31  14.000    1.54618    3.03    2.41    3.38
15-07-2024 08:49:49.79   38.09  -0.941  25.990   31.932  102.3  12.31  14.000    1.53878    3.03    2.41    3.38
15-07-2024 08:49:50.03   38.18  -0.941  25.991   31.933  102.3  12.31  14.000    1.53656    2.77    1.84    3.15
15-07-2024 08:49:50.28   38.26  -0.940  25.993   31.935  102.3  12.30  14.000    1.51805    3.64    2.39    3.56
15-07-2024 08:49:50.52   38.36  -0.939  25.995   31.936  102.3  12.30  14.000    1.50029    3.83    1.90    3.44
15-07-2024 08:49:50.78   38.45  -0.938  25.997   31.938  102.2  12.30  14.000    1.49733    4.13    2.94    3.24
15-07-2024 08:49:51.02   38.59  -0.937  25.998   31.937  102.2  12.30  14.000    1.45810    3.66    2.62    3.24
15-07-2024 08:49:51.27   38.69  -0.936  25.998   31.938  102.2  12.30  14.000    1.44922    2.77    2.34    3.38
15-07-2024 08:49:51.51   38.88  -0.937  25.999   31.938  102.2  12.29  14.000    1.43441    2.77    2.34    3.38
15-07-2024 08:49:51.76   38.98  -0.936  26.000   31.938  102.2  12.29  14.000    1.41961    3.12    2.20    3.09
15-07-2024 08:49:52.01   39.12  -0.935  25.999   31.937  102.2  12.29  14.000    1.40407    2.96    2.39    3.55
15-07-2024 08:49:52.25   39.17  -0.936  26.000   31.938  102.2  12.29  14.000    1.38260    3.05    2.69    3.16
15-07-2024 08:49:52.50   39.31  -0.935  25.999   31.937  102.1  12.29  14.000    1.36410    2.87    2.06    3.58
15-07-2024 08:49:52.74   39.42  -0.935  26.000   31.938  102.1  12.28  14.000    1.35522    5.06    2.01    2.98
15-07-2024 08:49:52.99   39.53  -0.935  26.000   31.938  102.1  12.28  14.000    1.36040    2.55    2.27    3.29
15-07-2024 08:49:53.23   39.64  -0.935  26.000   31.938  102.1  12.28  14.000    1.34634    2.55    2.27    3.29
15-07-2024 08:49:53.48   39.74  -0.935  26.002   31.941  102.1  12.28  14.000    1.33375    2.83    2.03    3.46
15-07-2024 08:49:53.72   39.83  -0.935  26.001   31.939  102.1  12.28  14.000    1.34634    2.71    2.46    3.09
15-07-2024 08:49:53.97   39.92  -0.935  26.002   31.940  102.0  12.28  14.000    1.30933    3.08    2.40    3.33
15-07-2024 08:49:54.21   40.00  -0.934  26.003   31.941  102.0  12.28  14.000    1.30415    2.81    1.96    3.30
15-07-2024 08:49:54.46   40.09  -0.935  26.003   31.941  102.0  12.28  14.000    1.29971    3.07    2.90    3.38
15-07-2024 08:49:54.71   40.17  -0.934  26.003   31.940  102.0  12.28  14.000    1.29749    2.80    2.62    3.57
15-07-2024 08:49:54.95   40.24  -0.935  26.003   31.941  102.0  12.28  14.000    1.27824    2.80    2.62    3.57
15-07-2024 08:49:55.20   40.31  -0.935  26.003   31.942  102.0  12.28  14.000    1.28194    3.06    2.40    3.08
15-07-2024 08:49:55.45   40.40  -0.935  26.003   31.941  102.0  12.28  14.000    1.30119    3.09    2.44    3.22
15-07-2024 08:49:55.69   40.45  -0.935  26.004   31.942  102.0  12.27  14.000    1.25456    3.84    2.39    3.19
15-07-2024 08:49:55.94   40.53  -0.936  26.004   31.943  102.0  12.27  14.000    1.26048    2.59    2.39    3.36
15-07-2024 08:49:56.18   40.58  -0.936  26.003   31.941  102.0  12.27  14.000    1.24272    3.09    2.03    3.27
15-07-2024 08:49:56.43   40.71  -0.935  26.003   31.940  102.0  12.27  14.000    1.24198    2.84    2.38    3.26
15-07-2024 08:49:56.67   40.83  -0.935  26.002   31.940  102.0  12.27  14.000    1.22199    2.84    2.38    3.26
15-07-2024 08:49:56.92   40.91  -0.935  26.002   31.940  102.0  12.27  14.000    1.22643    2.44    2.36    3.43
15-07-2024 08:49:57.16   40.99  -0.935  26.002   31.939  102.0  12.27  14.000    1.21385    3.04    2.71    3.41
15-07-2024 08:49:57.41   41.15  -0.935  26.002   31.939  102.0  12.27  14.000    1.19016    3.32    2.62    3.31
15-07-2024 08:49:57.65   41.28  -0.935  26.002   31.939  102.0  12.27  14.000    1.17980    3.35    2.18    3.48
15-07-2024 08:49:57.90   41.44  -0.935  26.003   31.940  101.9  12.26  14.000    1.16352    2.69    2.24    3.33
15-07-2024 08:49:58.15   41.54  -0.935  26.001   31.938  101.9  12.26  14.000    1.14798    3.14    2.54    3.25
15-07-2024 08:49:58.39   41.67  -0.935  26.001   31.938  101.9  12.26  14.000    1.14057    3.14    2.54    3.25
15-07-2024 08:49:58.64   41.87  -0.935  26.003   31.940  101.9  12.26  14.000    1.12651    3.60    2.34    3.39
15-07-2024 08:49:58.89   41.97  -0.934  26.003   31.939  101.9  12.26  14.000    1.13021    2.72    2.19    3.35
15-07-2024 08:49:59.14   42.12  -0.934  26.003   31.939  101.9  12.26  14.000    1.09765    2.70    1.81    3.18
15-07-2024 08:49:59.38   42.24  -0.935  26.004   31.941  101.9  12.26  14.000    1.06804    3.03    2.15    3.49
15-07-2024 08:49:59.62   42.37  -0.934  26.004   31.940  101.9  12.26  14.000    1.08136    3.28    2.20    3.29
15-07-2024 08:49:59.87   42.46  -0.933  26.005   31.941  101.9  12.25  14.000    1.07174    3.15    2.03    3.34
15-07-2024 08:50:00.11   42.55  -0.933  26.005   31.941  101.9  12.26  14.000    1.05620    3.15    2.03    3.34
15-07-2024 08:50:00.36   42.55  -0.933  26.005   31.940  101.9  12.25  14.000    1.04954    3.61    2.43    3.36
15-07-2024 08:50:00.61   42.68  -0.933  26.006   31.942  101.9  12.26  14.000    1.03177    3.08    2.05    3.04
15-07-2024 08:50:00.85   42.78  -0.932  26.007   31.942  101.9  12.26  14.000    1.03769    3.05    2.76    3.49
15-07-2024 08:50:01.09   42.87  -0.933  26.008   31.944  101.9  12.26  14.000    1.04435    5.23    2.40    3.38
15-07-2024 08:50:01.34   42.92  -0.933  26.008   31.945  101.9  12.25  14.000    1.04139    2.99    2.69    3.46
15-07-2024 08:50:01.59   42.95  -0.932  26.009   31.945  101.8  12.25  14.000    1.02289    3.03    2.03    3.01
15-07-2024 08:50:01.84   43.11  -0.933  26.009   31.945  101.9  12.25  14.000    1.01697    3.03    2.03    3.01
15-07-2024 08:50:02.08   43.19  -0.932  26.010   31.946  101.9  12.25  14.000    0.99550    3.34    2.43    3.27
15-07-2024 08:50:02.33   43.23  -0.932  26.010   31.946  101.9  12.25  14.000    1.01179    3.12    1.96    3.22
15-07-2024 08:50:02.58   43.31  -0.932  26.009   31.944  101.9  12.25  14.000    0.99550    2.69    2.73    3.25
15-07-2024 08:50:02.82   43.40  -0.931  26.011   31.946  101.9  12.25  14.000    0.98736    2.94    2.19    3.01
15-07-2024 08:50:03.07   43.47  -0.930  26.011   31.946  101.8  12.25  14.000    0.98366    2.93    2.57    3.04
15-07-2024 08:50:03.31   43.65  -0.930  26.011   31.945  101.8  12.25  14.000    0.97330    3.09    2.66    3.40
15-07-2024 08:50:03.56   43.67  -0.930  26.011   31.945  101.8  12.25  14.000    0.97182    3.09    2.66    3.40
15-07-2024 08:50:03.80   43.78  -0.930  26.012   31.946  101.8  12.25  14.000    0.95924    2.73    2.36    3.21
15-07-2024 08:50:04.05   43.89  -0.930  26.012   31.946  101.8  12.25  14.000    0.94962    2.90    2.05    3.26
15-07-2024 08:50:04.29   44.06  -0.931  26.012   31.946  101.8  12.24  14.000    0.94147    2.74    2.56    3.61
15-07-2024 08:50:04.54   44.11  -0.930  26.013   31.946  101.8  12.24  14.000    0.93333    3.33    2.43    3.35
15-07-2024 08:50:04.78   44.25  -0.929  26.012   31.946  101.8  12.24  14.000    0.91853    2.94    2.37    2.99
15-07-2024 08:50:05.03   44.39  -0.930  26.013   31.946  101.8  12.24  14.000    0.89928    2.98    2.92    3.26
15-07-2024 08:50:05.27   44.47  -0.929  26.012   31.945  101.8  12.24  14.000    0.90151    2.98    2.92    3.26
15-07-2024 08:50:05.53   44.59  -0.930  26.013   31.946  101.7  12.24  14.000    0.89040    3.16    2.51    3.41
15-07-2024 08:50:05.77   44.74  -0.930  26.014   31.947  101.7  12.24  14.000    0.87560    3.33    2.46    3.07
15-07-2024 08:50:06.02   44.85  -0.929  26.013   31.946  101.7  12.24  14.000    0.87782    2.94    2.12    3.31
15-07-2024 08:50:06.27   45.01  -0.929  26.013   31.946  101.7  12.24  14.000    0.85562    2.69    2.09    3.33
15-07-2024 08:50:06.51   45.06  -0.929  26.014   31.946  101.7  12.24  14.000    0.84525    3.32    2.31    3.29
15-07-2024 08:50:06.76   45.22  -0.929  26.013   31.946  101.7  12.23  14.000    0.85266    3.22    2.01    3.15
15-07-2024 08:50:07.00   45.31  -0.930  26.013   31.946  101.7  12.23  14.000    0.84821    3.22    2.01    3.15
15-07-2024 08:50:07.25   45.37  -0.929  26.013   31.946  101.7  12.23  14.000    0.83563    3.11    2.49    3.38
15-07-2024 08:50:07.49   45.45  -0.929  26.014   31.947  101.7  12.23  14.000    0.82749    2.76    2.79    3.58
15-07-2024 08:50:07.74   45.55  -0.929  26.015   31.948  101.7  12.23  14.000    0.82231    3.47    2.30    3.27
15-07-2024 08:50:07.98   45.63  -0.929  26.015   31.949  101.7  12.23  14.000    0.83563    3.01    2.42    3.04
15-07-2024 08:50:08.23   45.69  -0.929  26.015   31.948  101.7  12.23  14.000    0.80973    3.37    2.36    3.30
15-07-2024 08:50:08.47   45.81  -0.929  26.016   31.949  101.7  12.23  14.000    0.80677    3.06    2.88    3.75
15-07-2024 08:50:08.72   45.89  -0.929  26.015   31.948  101.7  12.23  14.000    0.80677    3.06    2.88    3.75
15-07-2024 08:50:08.96   45.93  -0.930  26.015   31.948  101.7  12.23  14.000    0.80010    4.79    2.44    3.42
15-07-2024 08:50:09.21   46.04  -0.930  26.014   31.947  101.7  12.23  14.000    0.80529    2.88    2.25    2.71
15-07-2024 08:50:09.46   46.11  -0.930  26.016   31.950  101.7  12.23  14.000    0.77716    2.98    2.60    3.42
15-07-2024 08:50:09.71   46.15  -0.930  26.015   31.949  101.7  12.23  14.000    0.78974    3.10    2.46    3.56
15-07-2024 08:50:09.95   46.26  -0.930  26.016   31.951  101.7  12.23  14.000    0.76458    3.02    2.22    3.38
15-07-2024 08:50:10.20   46.33  -0.930  26.016   31.949  101.7  12.23  14.000    0.76384    4.32    2.15    3.34
15-07-2024 08:50:10.44   46.46  -0.930  26.014   31.948  101.7  12.23  14.000    0.76532    4.32    2.15    3.34
15-07-2024 08:50:10.69   46.51  -0.931  26.014   31.947  101.7  12.24  14.000    0.74311    3.21    2.30    3.32
15-07-2024 08:50:10.93   46.61  -0.930  26.015   31.948  101.7  12.23  14.000    0.74385    3.01    2.28    3.19
15-07-2024 08:50:11.18   46.75  -0.930  26.014   31.946  101.7  12.23  14.000    0.73645    2.90    2.44    3.46
15-07-2024 08:50:11.42   46.87  -0.929  26.015   31.947  101.7  12.23  14.000    0.73941    2.73    2.21    3.51
15-07-2024 08:50:11.67   47.02  -0.929  26.015   31.946  101.7  12.23  14.000    0.71499    2.76    2.50    3.38
15-07-2024 08:50:11.91   47.17  -0.928  26.015   31.946  101.7  12.23  14.000    0.70833    2.95    2.14    3.19
15-07-2024 08:50:12.16   47.30  -0.929  26.014   31.946  101.7  12.23  14.000    0.71203    2.95    2.14    3.19
15-07-2024 08:50:12.40   47.43  -0.928  26.014   31.945  101.6  12.23  14.000    0.69056    3.03    2.13    3.33
15-07-2024 08:50:12.65   47.55  -0.928  26.015   31.946  101.6  12.22  14.000    0.69056    2.77    2.29    3.36
15-07-2024 08:50:12.90   47.70  -0.929  26.015   31.947  101.6  12.22  14.000    0.68242    2.66    2.64    3.50
15-07-2024 08:50:13.15   47.83  -0.929  26.015   31.946  101.6  12.22  14.000    0.68612    3.32    2.25    3.50
15-07-2024 08:50:13.40   47.96  -0.928  26.015   31.945  101.6  12.22  14.000    0.66614    2.85    2.62    3.64
15-07-2024 08:50:13.64   48.05  -0.929  26.015   31.946  101.6  12.22  14.000    0.67058    2.97    2.34    3.47
15-07-2024 08:50:13.89   48.13  -0.928  26.016   31.947  101.6  12.22  14.000    0.65503    2.97    2.34    3.47
15-07-2024 08:50:14.13   48.21  -0.928  26.016   31.947  101.6  12.22  14.000    0.65948    2.84    2.28    3.24
15-07-2024 08:50:14.38   48.34  -0.928  26.016   31.947  101.6  12.22  14.000    0.65726    2.92    2.58    3.62
15-07-2024 08:50:14.62   48.36  -0.928  26.017   31.948  101.6  12.22  14.000    0.65059    3.03    2.60    3.51
15-07-2024 08:50:14.87   48.48  -0.928  26.018   31.949  101.6  12.22  14.000    0.64837    2.97    2.60    3.34
15-07-2024 08:50:15.11   48.53  -0.927  26.017   31.948  101.6  12.22  14.000    0.64837    2.90    2.57    3.36
15-07-2024 08:50:15.36   48.60  -0.926  26.018   31.947  101.6  12.22  14.000    0.63431    4.37    2.48    3.24
15-07-2024 08:50:15.60   48.71  -0.926  26.019   31.948  101.6  12.22  14.000    0.63875    4.37    2.48    3.24
15-07-2024 08:50:15.85   48.78  -0.926  26.019   31.948  101.6  12.22  14.000    0.64245    2.77    1.79    3.21
15-07-2024 08:50:16.09   48.91  -0.926  26.019   31.948  101.6  12.22  14.000    0.62321    2.74    2.67    3.46
15-07-2024 08:50:16.34   48.99  -0.926  26.019   31.948  101.6  12.22  14.000    0.60396    5.14    2.43    3.41
15-07-2024 08:50:16.59   49.09  -0.927  26.020   31.950  101.6  12.22  14.000    0.62987    3.16    2.48    3.10
15-07-2024 08:50:16.84   49.13  -0.926  26.020   31.950  101.6  12.22  14.000    0.61655    3.00    2.29    3.28
15-07-2024 08:50:17.09   49.23  -0.926  26.021   31.950  101.6  12.22  14.000    0.60841    2.92    2.71    3.18
15-07-2024 08:50:17.33   49.32  -0.926  26.020   31.950  101.6  12.22  14.000    0.60026    2.92    2.71    3.18
15-07-2024 08:50:17.58   49.41  -0.926  26.021   31.951  101.6  12.22  14.000    0.58472    2.92    2.08    3.40
15-07-2024 08:50:17.82   49.51  -0.926  26.021   31.951  101.6  12.22  14.000    0.59286    3.44    2.66    3.93
15-07-2024 08:50:18.07   49.61  -0.926  26.020   31.949  101.6  12.22  14.000    0.57510    3.03    2.32    3.50
15-07-2024 08:50:18.31   49.70  -0.926  26.019   31.948  101.6  12.22  14.000    0.57584    3.14    2.18    3.46
15-07-2024 08:50:18.56   49.82  -0.926  26.019   31.948  101.6  12.22  14.000    0.58472    3.31    2.65    3.33
15-07-2024 08:50:18.80   49.96  -0.926  26.019   31.948  101.6  12.22  14.000    0.57806    4.02    2.34    3.78
15-07-2024 08:50:19.05   50.07  -0.926  26.021   31.950  101.6  12.22  14.000    0.55437    4.02    2.34    3.78
15-07-2024 08:50:19.29   50.20  -0.926  26.022   31.952  101.6  12.22  14.000    0.54253    3.72    2.46    3.53
15-07-2024 08:50:19.54   50.33  -0.926  26.021   31.950  101.6  12.21  14.000    0.53735    5.65    2.35    3.32
15-07-2024 08:50:19.78   50.44  -0.926  26.022   31.950  101.6  12.21  14.000    0.54401    3.02    2.70    3.15
15-07-2024 08:50:20.03   50.56  -0.926  26.022   31.950  101.6  12.21  14.000    0.53291    3.11    2.72    3.52
15-07-2024 08:50:20.28   50.66  -0.926  26.022   31.951  101.5  12.21  14.000    0.54327    2.83    2.30    3.46
15-07-2024 08:50:20.52   50.74  -0.925  26.022   31.950  101.5  12.21  14.000    0.52551    2.85    2.56    3.28
15-07-2024 08:50:20.77   50.85  -0.926  26.022   31.951  101.5  12.21  14.000    0.51145    2.85    2.56    3.28
15-07-2024 08:50:21.02   50.98  -0.926  26.020   31.949  101.5  12.21  14.000    0.50478    3.58    2.58    3.19
15-07-2024 08:50:21.26   51.05  -0.926  26.021   31.950  101.5  12.21  14.000    0.51145    2.72    2.16    3.24
15-07-2024 08:50:21.51   51.19  -0.926  26.022   31.950  101.5  12.21  14.000    0.51145    2.89    2.55    3.16
15-07-2024 08:50:21.75   51.28  -0.926  26.022   31.950  101.5  12.21  14.000    0.49960    2.68    2.46    2.96
15-07-2024 08:50:22.00   51.36  -0.926  26.021   31.949  101.5  12.21  14.000    0.50922    3.56    2.78    3.31
15-07-2024 08:50:22.24   51.42  -0.926  26.021   31.949  101.5  12.21  14.000    0.51293    2.92    2.47    3.34
15-07-2024 08:50:22.49   51.52  -0.926  26.021   31.949  101.5  12.21  14.000    0.50700    2.92    2.47    3.34
15-07-2024 08:50:22.73   51.63  -0.926  26.022   31.950  101.5  12.21  14.000    0.48628    2.94    2.77    3.40
15-07-2024 08:50:22.98   51.75  -0.926  26.022   31.949  101.5  12.21  14.000    0.47962    2.87    2.62    3.11
15-07-2024 08:50:23.22   51.78  -0.926  26.021   31.949  101.5  12.21  14.000    0.48924    3.02    2.36    3.04
15-07-2024 08:50:23.47   51.89  -0.926  26.022   31.950  101.6  12.21  14.000    0.46704    2.86    2.91    3.51
15-07-2024 08:50:23.71   51.98  -0.926  26.021   31.950  101.6  12.21  14.000    0.46482    3.02    2.05    3.17
15-07-2024 08:50:23.96   52.05  -0.926  26.023   31.952  101.5  12.21  14.000    0.47888    5.33    2.31    3.29
15-07-2024 08:50:24.21   52.14  -0.926  26.022   31.950  101.5  12.21  14.000    0.46111    5.33    2.31    3.29
15-07-2024 08:50:24.46   52.23  -0.925  26.023   31.951  101.5  12.21  14.000    0.45371    2.83    2.66    3.44
15-07-2024 08:50:24.70   52.34  -0.925  26.023   31.950  101.5  12.21  14.000    0.44853    2.69    2.43    3.41
15-07-2024 08:50:24.95   52.45  -0.925  26.023   31.951  101.5  12.21  14.000    0.44779    2.68    2.11    3.32
15-07-2024 08:50:25.20   52.60  -0.925  26.023   31.951  101.5  12.21  14.000    0.43447    3.18    2.36    3.60
15-07-2024 08:50:25.44   52.69  -0.925  26.023   31.950  101.5  12.21  14.000    0.44409    2.96    2.17    3.28
15-07-2024 08:50:25.68   52.79  -0.925  26.023   31.950  101.5  12.21  14.000    0.44927    3.36    2.31    3.36
15-07-2024 08:50:25.93   52.89  -0.925  26.025   31.952  101.5  12.21  14.000    0.43225    3.36    2.31    3.36
15-07-2024 08:50:26.17   53.01  -0.924  26.024   31.951  101.5  12.21  14.000    0.41671    2.91    2.07    3.30
15-07-2024 08:50:26.42   53.14  -0.924  26.023   31.950  101.5  12.21  14.000    0.41449    3.02    2.40    3.52
15-07-2024 08:50:26.66   53.23  -0.924  26.025   31.951  101.5  12.21  14.000    0.40486    3.18    2.92    3.21
15-07-2024 08:50:26.91   53.32  -0.924  26.025   31.951  101.5  12.21  14.000    0.41449    2.77    2.40    3.09
15-07-2024 08:50:27.15   53.42  -0.924  26.024   31.951  101.5  12.20  14.000    0.41819    3.41    2.08    3.41
15-07-2024 08:50:27.40   53.53  -0.924  26.025   31.951  101.5  12.21  14.000    0.40856    3.41    2.08    3.41
15-07-2024 08:50:27.65   53.64  -0.923  26.026   31.952  101.5  12.21  14.000    0.39894    3.04    2.38    3.27
15-07-2024 08:50:27.90   53.75  -0.923  26.026   31.952  101.5  12.20  14.000    0.39894    2.76    2.19    3.21
15-07-2024 08:50:28.14   53.86  -0.923  26.026   31.952  101.5  12.20  14.000    0.39894    3.36    2.73    3.23
15-07-2024 08:50:28.39   53.93  -0.923  26.028   31.955  101.5  12.20  14.000    0.37970    3.15    2.49    3.48
15-07-2024 08:50:28.64   54.03  -0.920  26.034   31.959  101.5  12.20  14.000    0.38562    2.95    2.27    3.24
15-07-2024 08:50:28.88   54.15  -0.915  26.040   31.962  101.5  12.20  14.000    0.38266    2.79    2.91    3.53
15-07-2024 08:50:29.13   54.25  -0.911  26.044   31.963  101.5  12.20  14.000    0.37674    3.60    2.19    3.58
15-07-2024 08:50:29.37   54.33  -0.907  26.052   31.969  101.5  12.20  14.000    0.37378    3.60    2.19    3.58
15-07-2024 08:50:29.62   54.42  -0.900  26.062   31.975  101.5  12.19  14.000    0.38266    2.77    2.38    3.33
15-07-2024 08:50:29.86   54.53  -0.897  26.064   31.975  101.5  12.19  14.000    0.35897    2.55    2.57    3.40
15-07-2024 08:50:30.11   54.62  -0.896  26.067   31.978  101.5  12.19  14.000    0.37304    3.05    2.30    3.17
15-07-2024 08:50:30.35   54.73  -0.896  26.072   31.984  101.5  12.19  14.000    0.36638    2.98    2.74    3.60
15-07-2024 08:50:30.60   54.80  -0.896  26.074   31.987  101.5  12.19  14.000    0.35897    2.60    1.94    3.30
15-07-2024 08:50:30.84   54.88  -0.895  26.074   31.987  101.5  12.19  14.000    0.36193    2.60    1.94    3.30
15-07-2024 08:50:31.09   55.01  -0.895  26.075   31.987  101.5  12.19  14.000    0.34861    2.98    2.40    3.21
15-07-2024 08:50:31.34   55.11  -0.895  26.075   31.987  101.5  12.19  14.000    0.35083    3.00    2.70    3.49
15-07-2024 08:50:31.58   55.18  -0.899  26.072   31.987  101.5  12.19  14.000    0.34861    4.48    2.55    3.24
15-07-2024 08:50:31.83   55.32  -0.902  26.070   31.988  101.5  12.20  14.000    0.33825    4.24    2.12    3.43
15-07-2024 08:50:32.09   55.37  -0.906  26.068   31.989  101.5  12.20  14.000    0.33455    2.87    2.69    3.32
15-07-2024 08:50:32.32   55.49  -0.908  26.067   31.991  101.5  12.20  14.000    0.34195    2.82    2.43    3.20
15-07-2024 08:50:32.57   55.57  -0.910  26.066   31.991  101.5  12.20  14.000    0.32789    2.91    2.22    3.47
15-07-2024 08:50:32.81   55.69  -0.911  26.066   31.992  101.5  12.20  14.000    0.33307    2.91    2.22    3.47
15-07-2024 08:50:33.06   55.77  -0.912  26.064   31.991  101.5  12.20  14.000    0.33159    2.85    2.24    3.43
15-07-2024 08:50:33.31   55.86  -0.913  26.065   31.992  101.5  12.20  14.000    0.35231    3.07    2.50    3.28
15-07-2024 08:50:33.55   55.98  -0.913  26.064   31.992  101.5  12.20  14.000    0.32567    3.21    2.63    3.67
15-07-2024 08:50:33.80   56.08  -0.915  26.063   31.992  101.5  12.20  14.000    0.30420    3.03    2.38    3.21
15-07-2024 08:50:34.04   56.19  -0.916  26.063   31.993  101.5  12.20  14.000    0.31234    2.92    2.55    2.83
15-07-2024 08:50:34.28   56.30  -0.917  26.062   31.992  101.5  12.20  14.000    0.30864    2.92    2.55    2.83
15-07-2024 08:50:34.53   56.40  -0.918  26.062   31.993  101.5  12.20  14.000    0.32271    2.75    2.17    3.08
15-07-2024 08:50:34.78   56.53  -0.919  26.061   31.993  101.5  12.20  14.000    0.32123    3.31    2.31    3.49
15-07-2024 08:50:35.03   56.64  -0.920  26.062   31.994  101.5  12.20  14.000    0.31086    3.40    2.55    3.36
15-07-2024 08:50:35.27   56.71  -0.921  26.058   31.991  101.5  12.20  14.000    0.29976    3.50    2.22    3.11
15-07-2024 08:50:35.52   56.84  -0.924  26.059   31.994  101.5  12.20  14.000    0.29458    2.89    2.14    3.08
15-07-2024 08:50:35.77   56.98  -0.924  26.057   31.993  101.4  12.20  14.000    0.29162    3.48    2.09    3.64
15-07-2024 08:50:36.01   57.04  -0.925  26.058   31.995  101.4  12.20  14.000    0.29828    3.48    2.09    3.64
15-07-2024 08:50:36.26   57.11  -0.924  26.059   31.995  101.4  12.19  14.000    0.27534    2.94    2.76    3.59
15-07-2024 08:50:36.50   57.24  -0.924  26.059   31.995  101.4  12.19  14.000    0.30124    2.99    2.29    3.23
15-07-2024 08:50:36.75   57.31  -0.924  26.058   31.994  101.4  12.19  14.000    0.28570    3.19    2.38    3.20
15-07-2024 08:50:36.99   57.44  -0.924  26.059   31.996  101.4  12.19  14.000    0.27460    2.99    1.91    3.14
15-07-2024 08:50:37.24   57.53  -0.925  26.059   31.995  101.4  12.19  14.000    0.28792    3.40    2.35    3.42
15-07-2024 08:50:37.48   57.61  -0.927  26.058   31.996  101.4  12.19  14.000    0.27830    3.54    2.32    3.31
15-07-2024 08:50:37.72   57.68  -0.926  26.058   31.995  101.4  12.19  14.000    0.27386    3.54    2.32    3.31
15-07-2024 08:50:37.97   57.77  -0.925  26.058   31.995  101.4  12.19  14.000    0.28126    3.35    2.42    3.40
15-07-2024 08:50:38.22   57.92  -0.924  26.059   31.995  101.4  12.19  14.000    0.27460    2.85    1.82    3.42
15-07-2024 08:50:38.46   57.99  -0.924  26.059   31.995  101.4  12.19  14.000    0.27312    4.11    2.34    3.31
15-07-2024 08:50:38.71   58.11  -0.925  26.058   31.994  101.4  12.19  14.000    0.29014    3.27    2.31    2.88
15-07-2024 08:50:38.96   58.24  -0.926  26.058   31.995  101.4  12.19  14.000    0.26571    2.64    2.06    3.30
15-07-2024 08:50:39.21   58.34  -0.926  26.057   31.994  101.4  12.19  14.000    0.24277    3.15    2.37    3.42
15-07-2024 08:50:39.45   58.41  -0.927  26.057   31.995  101.4  12.19  14.000    0.25609    3.15    2.37    3.42
15-07-2024 08:50:39.70   58.48  -0.927  26.057   31.995  101.4  12.19  14.000    0.23685    2.68    2.42    3.51
15-07-2024 08:50:39.95   58.63  -0.927  26.056   31.993  101.3  12.19  14.000    0.27534    3.13    2.51    3.31
15-07-2024 08:50:40.19   58.75  -0.927  26.057   31.995  101.4  12.19  14.000    0.26497    3.03    2.29    3.14
15-07-2024 08:50:40.44   58.86  -0.927  26.056   31.994  101.3  12.18  14.000    0.25313    3.29    2.56    3.19
15-07-2024 08:50:40.68   58.96  -0.927  26.056   31.994  101.3  12.18  14.000    0.24351    3.40    2.32    2.97
15-07-2024 08:50:40.93   59.04  -0.927  26.057   31.995  101.3  12.18  14.000    0.25239    3.13    2.51    3.42
15-07-2024 08:50:41.17   59.16  -0.927  26.056   31.993  101.3  12.18  14.000    0.23833    3.13    2.51    3.42
15-07-2024 08:50:41.42   59.24  -0.928  26.056   31.994  101.3  12.18  14.000    0.24055    3.37    3.05    3.23
15-07-2024 08:50:41.66   59.34  -0.927  26.057   31.995  101.3  12.18  14.000    0.23093    2.71    2.60    3.25
15-07-2024 08:50:41.91   59.49  -0.927  26.057   31.995  101.3  12.18  14.000    0.22427    2.71    2.21    3.58
15-07-2024 08:50:42.15   59.56  -0.928  26.057   31.994  101.3  12.18  14.000    0.24499    3.25    2.76    3.21
15-07-2024 08:50:42.40   59.62  -0.929  26.057   31.996  101.3  12.18  14.000    0.22649    2.96    2.72    3.66
15-07-2024 08:50:42.65   59.72  -0.928  26.056   31.994  101.3  12.18  14.000    0.22279    4.99    2.54    3.26
15-07-2024 08:50:42.89   59.89  -0.928  26.057   31.996  101.3  12.18  14.000    0.22131    4.99    2.54    3.26
15-07-2024 08:50:43.15   59.99  -0.928  26.056   31.994  101.3  12.18  14.000    0.22649    2.85    2.46    3.83
15-07-2024 08:50:43.39   60.06  -0.930  26.056   31.996  101.3  12.18  14.000    0.24129    3.06    2.27    3.19
15-07-2024 08:50:43.63   60.23  -0.931  26.056   31.996  101.3  12.18  14.000    0.22279    3.13    2.69    3.20
15-07-2024 08:50:43.88   60.26  -0.931  26.057   31.998  101.3  12.18  14.000    0.21538    2.56    2.57    3.62
15-07-2024 08:50:44.12   60.31  -0.931  26.057   31.998  101.3  12.18  14.000    0.22353    2.88    2.41    3.72
15-07-2024 08:50:44.37   60.48  -0.932  26.056   31.998  101.3  12.18  14.000    0.21020    3.35    2.64    3.33
15-07-2024 08:50:44.61   60.55  -0.932  26.057   31.999  101.3  12.18  14.000    0.21316    3.35    2.64    3.33
15-07-2024 08:50:44.86   60.64  -0.933  26.056   31.999  101.3  12.18  14.000    0.21686    3.69    2.80    3.37
15-07-2024 08:50:45.10   60.76  -0.933  26.057   32.001  101.3  12.18  14.000    0.20872    2.80    2.59    3.28
15-07-2024 08:50:45.35   60.82  -0.935  26.057   32.002  101.3  12.18  14.000    0.21242    2.74    2.65    3.29
15-07-2024 08:50:45.59   60.83  -0.935  26.058   32.003  101.3  12.18  14.000    0.21686    3.00    2.41    3.44
15-07-2024 08:50:45.84   61.04  -0.935  26.057   32.002  101.3  12.18  14.000    0.19022    2.75    2.02    3.13
15-07-2024 08:50:46.09   61.14  -0.936  26.060   32.006  101.3  12.18  14.000    0.19984    2.61    1.88    3.33
15-07-2024 08:50:46.33   61.22  -0.936  26.065   32.013  101.3  12.18  14.000    0.20132    2.61    1.88    3.33
15-07-2024 08:50:46.58   61.31  -0.934  26.068   32.015  101.3  12.18  14.000    0.20058    2.67    1.97    3.05
15-07-2024 08:50:46.83   61.41  -0.933  26.070   32.016  101.2  12.17  14.000    0.20354    2.99    2.43    3.15
15-07-2024 08:50:47.07   61.59  -0.932  26.070   32.016  101.3  12.17  14.000    0.19392    2.68    2.54    3.15
15-07-2024 08:50:47.32   61.69  -0.932  26.070   32.016  101.2  12.17  14.000    0.20206    3.00    2.22    3.28
15-07-2024 08:50:47.56   61.76  -0.931  26.072   32.018  101.2  12.17  14.000    0.18652    3.05    2.58    3.10
15-07-2024 08:50:47.81   61.86  -0.930  26.080   32.027  101.2  12.17  14.000    0.18060    2.68    2.14    3.65
15-07-2024 08:50:48.05   62.03  -0.927  26.082   32.028  101.2  12.17  14.000    0.17986    2.68    2.14    3.65
15-07-2024 08:50:48.30   62.18  -0.926  26.084   32.028  101.2  12.17  14.000    0.16579    4.33    2.35    3.65
15-07-2024 08:50:48.54   62.29  -0.925  26.086   32.030  101.2  12.16  14.000    0.17024    3.56    2.17    3.24
15-07-2024 08:50:48.79   62.33  -0.924  26.091   32.035  101.2  12.16  14.000    0.17172    3.38    2.01    3.12
15-07-2024 08:50:49.03   62.55  -0.922  26.090   32.032  101.2  12.16  14.000    0.17172    2.96    2.67    3.52
15-07-2024 08:50:49.28   62.51  -0.921  26.096   32.038  101.2  12.16  14.000    0.17024    3.40    2.61    3.31
15-07-2024 08:50:49.52   62.61  -0.918  26.099   32.040  101.2  12.16  14.000    0.15913    3.37    2.53    3.62
15-07-2024 08:50:49.78   62.69  -0.917  26.101   32.041  101.2  12.16  14.000    0.16653    3.37    2.53    3.62
15-07-2024 08:50:50.02   62.81  -0.914  26.107   32.047  101.2  12.16  14.000    0.16505    4.90    2.46    3.32
15-07-2024 08:50:50.27   62.91  -0.910  26.112   32.049  101.2  12.16  14.000    0.19022    3.01    2.51    3.21
15-07-2024 08:50:50.52   63.10  -0.908  26.114   32.049  101.2  12.15  14.000    0.14359    3.61    2.35    3.20
15-07-2024 08:50:50.76   63.15  -0.905  26.118   32.051  101.2  12.15  14.000    0.16949    3.05    2.44    3.46
15-07-2024 08:50:51.01   63.22  -0.901  26.123   32.053  101.2  12.15  14.000    0.17764    2.78    2.04    3.17
15-07-2024 08:50:51.25   63.29  -0.898  26.125   32.053  101.2  12.15  14.000    0.16431    3.39    2.08    3.26
15-07-2024 08:50:51.50   63.28  -0.896  26.127   32.054  101.2  12.15  14.000    0.15765    3.39    2.08    3.26
15-07-2024 08:50:51.74   63.37  -0.893  26.131   32.056  101.2  12.15  14.000    0.13471    2.62    2.13    3.24
15-07-2024 08:50:51.99   63.49  -0.891  26.135   32.059  101.2  12.15  14.000    0.17320    3.33    2.32    3.45
15-07-2024 08:50:52.23   63.58  -0.890  26.138   32.062  101.2  12.14  14.000    0.17542    2.69    2.62    3.36
15-07-2024 08:50:52.48   63.62  -0.890  26.140   32.064  101.2  12.15  14.000    0.17468    2.81    2.47    3.29
15-07-2024 08:50:52.72   63.69  -0.890  26.142   32.067  101.2  12.15  14.000    0.14803    3.16    2.44    3.36
15-07-2024 08:50:52.97   63.84  -0.888  26.148   32.073  101.2  12.14  14.000    0.14951    2.75    2.42    3.48
15-07-2024 08:50:53.21   64.01  -0.885  26.152   32.075  101.2  12.14  14.000    0.15543    2.75    2.42    3.48
15-07-2024 08:50:53.46   64.01  -0.882  26.155   32.077  101.1  12.14  14.000    0.14581    2.52    3.08    3.45
15-07-2024 08:50:53.71   64.11  -0.881  26.157   32.078  101.1  12.14  14.000    0.15691    2.78    2.30    3.14
15-07-2024 08:50:53.96   64.24  -0.879  26.164   32.085  101.1  12.13  14.000    0.15099    2.82    2.20    3.26
15-07-2024 08:50:54.21   64.47  -0.875  26.170   32.089  101.1  12.13  14.000    0.14803    3.53    2.43    3.56
15-07-2024 08:50:54.45   64.61  -0.870  26.180   32.097  101.1  12.13  14.000    0.14433    3.49    2.09    3.35
15-07-2024 08:50:54.70   64.65  -0.866  26.183   32.096  101.1  12.12  14.000    0.13915    3.07    2.39    3.27
15-07-2024 08:50:54.94   64.74  -0.862  26.193   32.105  101.1  12.12  14.000    0.13915    3.07    2.39    3.27
15-07-2024 08:50:55.19   64.96  -0.857  26.196   32.104  101.0  12.12  14.000    0.14285    3.13    1.75    3.17
15-07-2024 08:50:55.43   65.10  -0.855  26.197   32.102  101.0  12.12  14.000    0.14581    3.27    2.53    3.32
15-07-2024 08:50:55.68   65.24  -0.855  26.198   32.105  101.0  12.11  14.000    0.12213    2.71    2.30    3.55
15-07-2024 08:50:55.92   65.27  -0.856  26.204   32.113  101.0  12.12  14.000    0.12583    3.16    2.53    3.24
15-07-2024 08:50:56.17   65.41  -0.856  26.209   32.120  101.0  12.11  14.000    0.12879    5.08    2.02    3.15
15-07-2024 08:50:56.41   65.39  -0.854  26.211   32.121  101.0  12.11  14.000    0.11398    3.10    2.80    3.56
15-07-2024 08:50:56.66   65.57  -0.853  26.218   32.129  101.0  12.11  14.000    0.11916    3.10    2.80    3.56
15-07-2024 08:50:56.90   65.69  -0.850  26.218   32.126  101.0  12.11  14.000    0.13397    2.51    2.60    3.11
15-07-2024 08:50:57.15   65.81  -0.849  26.221   32.129  101.0  12.11  14.000    0.12287    2.70    2.61    3.57
15-07-2024 08:50:57.40   65.77  -0.848  26.221   32.128  101.0  12.11  14.000    0.11990    3.05    2.80    3.22
15-07-2024 08:50:57.65   65.84  -0.847  26.222   32.129  101.0  12.10  14.000    0.13323    2.49    2.18    3.11
15-07-2024 08:50:57.89   65.90  -0.846  26.223   32.128  101.0  12.10  14.000    0.11324    3.23    2.66    3.44
15-07-2024 08:50:58.14   66.02  -0.842  26.224   32.126  101.0  12.10  14.000    0.12509    3.56    2.27    3.42
15-07-2024 08:50:58.38   66.21  -0.840  26.225   32.124  101.0  12.10  14.000    0.11842    3.56    2.27    3.42
15-07-2024 08:50:58.63   66.14  -0.838  26.229   32.127  101.0  12.10  14.000    0.11916    2.98    2.46    3.37
15-07-2024 08:50:58.87   66.36  -0.840  26.231   32.131  101.0  12.10  14.000    0.12287    2.97    2.51    3.28
15-07-2024 08:50:59.12   66.47  -0.837  26.235   32.134  101.0  12.10  14.000    0.10510    3.01    2.21    3.49
15-07-2024 08:50:59.36   66.52  -0.830  26.248   32.145  101.0  12.09  14.000    0.11620    2.37    2.14    3.12
15-07-2024 08:50:59.61   66.51  -0.821  26.252   32.141  100.9  12.09  14.000    0.11176    2.64    2.35    3.31
15-07-2024 08:50:59.85   66.71  -0.819  26.258   32.145  100.9  12.09  14.000    0.13175    2.71    2.34    3.43
15-07-2024 08:51:00.10   66.76  -0.810  26.269   32.151  100.9  12.08  14.000    0.11176    2.71    2.34    3.43
15-07-2024 08:51:00.34   66.99  -0.802  26.281   32.158  100.9  12.08  14.000    0.10806    2.89    2.30    3.51
15-07-2024 08:51:00.59   67.06  -0.795  26.277   32.146  100.9  12.07  14.000    0.10658    2.73    2.21    3.10
15-07-2024 08:51:00.84   67.08  -0.790  26.295   32.165  100.9  12.07  14.000    0.12361    3.37    2.50    3.02
15-07-2024 08:51:01.08   67.35  -0.786  26.295   32.160  100.9  12.07  14.000    0.10214    2.24    2.35    3.27
15-07-2024 08:51:01.33   67.36  -0.786  26.296   32.162  100.8  12.06  14.000    0.09104    3.01    2.82    3.24
15-07-2024 08:51:01.58   67.47  -0.787  26.297   32.164  100.8  12.06  14.000    0.11990    3.20    2.52    3.20
15-07-2024 08:51:01.82   67.54  -0.787  26.299   32.167  100.8  12.06  14.000    0.09104    3.20    2.52    3.20
15-07-2024 08:51:02.07   67.73  -0.786  26.301   32.169  100.8  12.06  14.000    0.09252    2.41    2.15    3.16
15-07-2024 08:51:02.31   67.81  -0.783  26.305   32.171  100.8  12.06  14.000    0.10954    3.10    2.43    3.51
15-07-2024 08:51:02.56   68.02  -0.782  26.306   32.170  100.8  12.06  14.000    0.08734    2.81    2.49    3.22
15-07-2024 08:51:02.80   68.11  -0.781  26.307   32.170  100.8  12.05  14.000    0.10066    2.65    2.13    3.29
15-07-2024 08:51:03.05   68.09  -0.781  26.308   32.173  100.8  12.05  14.000    0.09622    2.57    1.95    3.23
15-07-2024 08:51:03.29   68.38  -0.782  26.309   32.174  100.8  12.05  14.000    0.12657    2.42    2.11    3.29
15-07-2024 08:51:03.54   68.38  -0.782  26.310   32.176  100.7  12.05  14.000    0.09326    2.42    2.11    3.29
15-07-2024 08:51:03.78   68.36  -0.783  26.311   32.177  100.8  12.05  14.000    0.09474    2.55    2.41    2.95
15-07-2024 08:51:04.03   68.48  -0.782  26.312   32.178  100.7  12.05  14.000    0.09992    2.87    2.20    3.28
15-07-2024 08:51:04.27   68.67  -0.782  26.312   32.178  100.7  12.05  14.000    0.07253    3.03    2.51    3.25
15-07-2024 08:51:04.53   68.70  -0.782  26.312   32.178  100.7  12.04  14.000    0.08068    2.71    2.82    3.42
15-07-2024 08:51:04.77   68.84  -0.781  26.313   32.178  100.7  12.04  14.000    0.08660    2.55    2.20    2.95
15-07-2024 08:51:05.03   68.87  -0.782  26.312   32.178  100.7  12.04  14.000    0.10288    2.79    2.19    3.48
15-07-2024 08:51:05.27   69.05  -0.781  26.312   32.177  100.7  12.04  14.000    0.08734    2.79    2.19    3.48
15-07-2024 08:51:05.51   69.16  -0.782  26.313   32.179  100.6  12.04  14.000    0.08438    2.59    2.48    3.15
15-07-2024 08:51:05.76   69.02  -0.781  26.314   32.179  100.6  12.04  14.000    0.07994    2.49    2.54    3.13
15-07-2024 08:51:06.00   69.27  -0.776  26.318   32.179  100.6  12.03  14.000    0.07328    2.60    3.02    3.21
15-07-2024 08:51:06.25   69.35  -0.769  26.325   32.182  100.6  12.03  14.000    0.09178    2.58    2.76    3.19
15-07-2024 08:51:06.49   69.38  -0.765  26.332   32.187  100.6  12.03  14.000    0.08290    2.77    2.47    3.28
15-07-2024 08:51:06.74   69.51  -0.762  26.338   32.192  100.6  12.02  14.000    0.09252    3.01    2.57    3.21
15-07-2024 08:51:06.98   69.51  -0.763  26.342   32.198  100.6  12.02  14.000    0.06883    3.01    2.57    3.21
15-07-2024 08:51:07.23   69.69  -0.764  26.345   32.203  100.6  12.02  14.000    0.09622    3.09    2.34    3.30
15-07-2024 08:51:07.47   69.64  -0.766  26.346   32.207  100.6  12.02  14.000    0.06957    2.72    2.56    3.23
15-07-2024 08:51:07.72   69.94  -0.770  26.345   32.209  100.5  12.02  14.000    0.09548    2.46    2.16    3.39
15-07-2024 08:51:07.96   70.07  -0.775  26.346   32.216  100.5  12.02  14.000    0.06143    3.04    2.43    3.12
15-07-2024 08:51:08.22   70.15  -0.776  26.352   32.224  100.5  12.02  14.000    0.07179    5.32    2.59    3.34
15-07-2024 08:51:08.46   70.38  -0.777  26.351   32.224  100.5  12.02  14.000    0.08734    2.78    2.19    3.49
15-07-2024 08:51:08.71   70.34  -0.780  26.354   32.231  100.5  12.01  14.000    0.07846    2.78    2.19    3.49
15-07-2024 08:51:08.95   70.55  -0.781  26.358   32.237  100.5  12.01  14.000    0.07179    2.86    2.31    3.32
15-07-2024 08:51:09.20   70.77  -0.778  26.361   32.238  100.4  12.01  14.000    0.06217    2.51    2.38    3.41
15-07-2024 08:51:09.45   70.80  -0.779  26.360   32.238  100.4  12.00  14.000    0.06513    3.72    2.15    3.44
15-07-2024 08:51:09.69   70.76  -0.780  26.359   32.237  100.4  12.00  14.000    0.05921    2.53    2.07    3.34
15-07-2024 08:51:09.94   71.09  -0.781  26.358   32.238  100.4  12.00  14.000    0.06217    2.98    2.58    3.09
15-07-2024 08:51:10.18   71.03  -0.782  26.359   32.240  100.4  12.00  14.000    0.07328    2.75    2.77    3.37
15-07-2024 08:51:10.42   71.10  -0.782  26.360   32.241  100.3  12.00  14.000    0.06809    2.75    2.77    3.37
15-07-2024 08:51:10.67   71.25  -0.782  26.361   32.242  100.3  12.00  14.000    0.06735    2.77    2.55    3.58
15-07-2024 08:51:10.92   71.27  -0.782  26.361   32.242  100.3  11.99  14.000    0.06217    2.43    2.14    3.31
15-07-2024 08:51:11.16   71.27  -0.783  26.361   32.244  100.3  11.99  14.000    0.06291    2.81    2.54    3.55
15-07-2024 08:51:11.41   71.41  -0.783  26.361   32.244  100.3  11.99  14.000    0.06809    3.30    2.61    3.32
15-07-2024 08:51:11.65   71.58  -0.783  26.361   32.243  100.3  11.99  14.000    0.06587    2.63    2.19    3.29
15-07-2024 08:51:11.91   71.49  -0.782  26.365   32.247  100.3  11.99  14.000    0.07253    2.98    2.51    3.23
15-07-2024 08:51:12.15   71.78  -0.781  26.367   32.249  100.3  11.99  14.000    0.05847    2.98    2.51    3.23
15-07-2024 08:51:12.40   71.71  -0.777  26.371   32.251  100.2  11.98  14.000    0.05625    2.81    2.52    3.27
15-07-2024 08:51:12.64   71.94  -0.773  26.376   32.252  100.2  11.98  14.000    0.04885    2.69    2.44    3.54
15-07-2024 08:51:12.89   71.90  -0.771  26.378   32.252  100.2  11.98  14.000    0.05255    4.01    2.30    3.22
15-07-2024 08:51:13.14   71.92  -0.770  26.379   32.254  100.2  11.97  14.000    0.04959    2.53    2.55    3.19
15-07-2024 08:51:13.38   72.07  -0.769  26.382   32.257  100.2  11.97  14.000    0.04885    2.69    2.18    3.44
15-07-2024 08:51:13.63   72.19  -0.766  26.387   32.261  100.2  11.97  14.000    0.05329    2.76    2.94    3.19
15-07-2024 08:51:13.87   72.29  -0.760  26.396   32.265  100.1  11.96  14.000    0.05477    2.76    2.94    3.19
15-07-2024 08:51:14.12   72.35  -0.752  26.406   32.270  100.1  11.96  14.000    0.05181    2.68    2.56    3.13
15-07-2024 08:51:14.36   72.38  -0.749  26.410   32.272  100.1  11.96  14.000    0.03627    2.50    2.43    3.40
15-07-2024 08:51:14.61   72.64  -0.745  26.418   32.279  100.1  11.95  14.000    0.06069    2.88    2.16    3.34
15-07-2024 08:51:14.85   72.68  -0.743  26.420   32.280  100.1  11.95  14.000    0.05329    2.62    2.44    3.32
15-07-2024 08:51:15.10   72.73  -0.743  26.425   32.285  100.1  11.95  14.000    0.06069    2.58    2.66    3.02
15-07-2024 08:51:15.34   72.94  -0.741  26.427   32.286  100.1  11.95  14.000    0.05181    2.58    2.66    3.02
15-07-2024 08:51:15.59   73.22  -0.740  26.426   32.285  100.1  11.95  14.000    0.04663    2.32    2.09    3.46
15-07-2024 08:51:15.84   73.31  -0.740  26.427   32.285  100.1  11.94  14.000    0.05699    2.32    2.27    3.35
15-07-2024 08:51:16.09   73.43  -0.736  26.430   32.285  100.0  11.94  14.000    0.03997    2.85    2.34    3.34
15-07-2024 08:51:16.33   73.35  -0.734  26.431   32.283  100.0  11.94  14.000    0.05403    3.02    2.10    3.31
15-07-2024 08:51:16.58   73.57  -0.734  26.430   32.283  100.0  11.94  14.000    0.04515    2.61    2.43    3.70
15-07-2024 08:51:16.82   73.70  -0.732  26.433   32.284  100.0  11.94  14.000    0.03553    2.98    2.52    3.21
15-07-2024 08:51:17.07   73.82  -0.728  26.436   32.284  100.0  11.94  14.000    0.05625    2.98    2.52    3.21
15-07-2024 08:51:17.31   73.84  -0.724  26.441   32.286  100.0  11.93  14.000    0.04737    2.88    2.06    3.32
15-07-2024 08:51:17.56   73.90  -0.720  26.445   32.287  100.0  11.93  14.000    0.06291    2.64    2.31    3.46
15-07-2024 08:51:17.80   73.85  -0.718  26.447   32.289  100.0  11.93  14.000    0.05255    2.87    2.53    3.44
15-07-2024 08:51:18.05   74.01  -0.716  26.449   32.288  100.0  11.93  14.000    0.05181    2.72    2.32    3.19
15-07-2024 08:51:18.29   74.10  -0.715  26.451   32.291  100.0  11.93  14.000    0.02739    2.63    2.40    2.93
15-07-2024 08:51:18.54   74.13  -0.715  26.452   32.292  100.0  11.93  14.000    0.02517    2.56    2.45    3.13
15-07-2024 08:51:18.78   74.35  -0.715  26.452   32.291  100.0  11.93  14.000    0.03405    2.56    2.45    3.13
15-07-2024 08:51:19.03   74.48  -0.714  26.453   32.292  100.0  11.93  14.000    0.04293    2.64    2.25    3.28
15-07-2024 08:51:19.28   74.34  -0.713  26.454   32.292  100.0  11.92  14.000    0.05847    2.48    2.20    3.60
15-07-2024 08:51:19.52   74.56  -0.712  26.453   32.289  100.0  11.92  14.000    0.03627    2.63    2.26    3.24
15-07-2024 08:51:19.77   74.58  -0.711  26.453   32.288  100.0  11.93  14.000    0.02591    3.09    2.51    3.28
15-07-2024 08:51:20.02   74.71  -0.710  26.455   32.289  100.0  11.92  14.000    0.04145    2.56    2.31    3.29
15-07-2024 08:51:20.26   74.57  -0.709  26.456   32.290  100.0  11.92  14.000    0.05033    2.51    2.29    3.43
15-07-2024 08:51:20.51   74.63  -0.708  26.457   32.291   99.9  11.92  14.000    0.04663    2.51    2.29    3.43
15-07-2024 08:51:20.75   74.78  -0.708  26.461   32.295   99.9  11.92  14.000    0.05107    2.85    2.35    3.51
15-07-2024 08:51:21.00   75.07  -0.709  26.463   32.299   99.9  11.92  14.000    0.07031    2.62    2.29    3.42
15-07-2024 08:51:21.24   75.09  -0.710  26.463   32.300   99.9  11.92  14.000    0.02961    2.58    2.06    3.18
15-07-2024 08:51:21.49   75.17  -0.710  26.461   32.298   99.9  11.92  14.000    0.01628    2.31    2.32    3.38
15-07-2024 08:51:21.73   75.27  -0.713  26.460   32.298   99.9  11.92  14.000    0.04145    2.39    2.58    3.34
15-07-2024 08:51:21.98   75.54  -0.715  26.463   32.305   99.9  11.91  14.000    0.02072    2.35    2.06    2.93
15-07-2024 08:51:22.22   75.52  -0.715  26.464   32.306   99.9  11.91  14.000    0.03109    2.35    2.06    2.93
15-07-2024 08:51:22.47   75.71  -0.715  26.467   32.310   99.8  11.91  14.000    0.03183    2.67    2.51    3.43
15-07-2024 08:51:22.72   75.90  -0.712  26.470   32.311   99.8  11.91  14.000    0.02443    2.52    2.50    3.37
15-07-2024 08:51:22.97   75.96  -0.712  26.471   32.312   99.8  11.90  14.000    0.01628    2.80    2.55    3.29
15-07-2024 08:51:23.21   75.93  -0.713  26.475   32.318   99.8  11.90  14.000    0.04145    2.96    2.23    3.08
15-07-2024 08:51:23.46   76.04  -0.713  26.476   32.321   99.8  11.90  14.000    0.01628    2.51    2.31    3.22
15-07-2024 08:51:23.71   76.14  -0.712  26.475   32.319   99.8  11.90  14.000    0.01628    2.77    2.47    3.41
15-07-2024 08:51:23.95   76.42  -0.712  26.475   32.318   99.8  11.90  14.000    0.02146    2.77    2.47    3.41
15-07-2024 08:51:24.20   76.24  -0.712  26.477   32.321   99.8  11.90  14.000    0.00814    3.10    2.39    3.39
15-07-2024 08:51:24.44   76.43  -0.712  26.477   32.321   99.8  11.90  14.000    0.02887    2.43    2.46    3.27
15-07-2024 08:51:24.69   76.67  -0.712  26.475   32.319   99.8  11.90  14.000    0.01480    2.89    2.62    3.37
15-07-2024 08:51:24.93   76.75  -0.712  26.477   32.320   99.7  11.90  14.000    0.03479    2.65    3.03    3.14
15-07-2024 08:51:25.18   76.80  -0.712  26.477   32.320   99.7  11.90  14.000    0.02443    2.85    2.19    3.59
15-07-2024 08:51:25.42   76.68  -0.712  26.481   32.325   99.7  11.89  14.000    0.01850    2.73    2.23    3.34
15-07-2024 08:51:25.66   76.96  -0.712  26.478   32.322   99.7  11.89  14.000    0.02072    2.73    2.23    3.34
15-07-2024 08:51:25.91   76.82  -0.712  26.483   32.328   99.7  11.89  14.000    0.00666    2.73    2.13    3.45
15-07-2024 08:51:26.16   76.88  -0.712  26.484   32.330   99.7  11.89  14.000    0.02072    2.88    2.16    3.03
15-07-2024 08:51:26.40   77.19  -0.712  26.484   32.330   99.7  11.89  14.000    0.01110    2.68    2.38    2.94
15-07-2024 08:51:26.65   77.22  -0.710  26.483   32.326   99.7  11.89  14.000    0.01110    2.28    2.18    3.18
15-07-2024 08:51:26.90   77.39  -0.710  26.489   32.334   99.7  11.89  14.000    0.03923    3.05    2.69    3.31
15-07-2024 08:51:27.16   77.31  -0.710  26.494   32.341   99.7  11.89  14.000    0.00740    2.88    2.36    3.26
15-07-2024 08:51:27.39   77.50  -0.709  26.495   32.341   99.7  11.88  14.000    0.02591    2.88    2.36    3.26
15-07-2024 08:51:27.64   77.71  -0.708  26.497   32.342   99.6  11.88  14.000    0.01332    2.46    2.45    3.36
15-07-2024 08:51:27.88   77.68  -0.705  26.499   32.342   99.6  11.88  14.000    0.02368    2.58    2.20    3.29
15-07-2024 08:51:28.13   77.79  -0.701  26.504   32.343   99.6  11.88  14.000    0.00814    2.79    2.45    3.15
15-07-2024 08:51:28.37   77.94  -0.698  26.511   32.350   99.6  11.87  14.000    0.01406    3.26    2.83    3.18
15-07-2024 08:51:28.62   77.81  -0.696  26.514   32.352   99.6  11.87  14.000    0.01332    2.56    2.51    3.30
15-07-2024 08:51:28.86   77.89  -0.694  26.516   32.353   99.6  11.87  14.000    0.00962    2.27    2.07    3.05
15-07-2024 08:51:29.11   77.97  -0.692  26.519   32.355   99.6  11.87  14.000    0.01332    2.27    2.07    3.05
15-07-2024 08:51:29.35   78.24  -0.689  26.522   32.356   99.6  11.87  14.000    0.02591    3.11    2.54    3.51
15-07-2024 08:51:29.60   78.30  -0.687  26.525   32.357   99.6  11.87  14.000    0.02739    2.56    2.00    3.16
15-07-2024 08:51:29.84   78.38  -0.685  26.532   32.365   99.6  11.86  14.000    0.03109    2.59    2.66    3.37
15-07-2024 08:51:30.09   78.40  -0.682  26.537   32.368   99.6  11.86  14.000    0.03479    3.44    2.72    3.32
15-07-2024 08:51:30.34   78.61  -0.679  26.540   32.369   99.6  11.86  14.000    0.01776    2.97    2.24    3.40
15-07-2024 08:51:30.59   78.75  -0.677  26.542   32.369   99.6  11.86  14.000    0.01110    3.43    2.46    3.45
15-07-2024 08:51:30.83   78.67  -0.674  26.543   32.367   99.6  11.86  14.000    0.00370    3.43    2.46    3.45
15-07-2024 08:51:31.08   78.94  -0.671  26.553   32.377   99.6  11.86  14.000    0.00666    2.98    2.22    3.17
15-07-2024 08:51:31.33   78.83  -0.665  26.554   32.372   99.5  11.85  14.000    0.00148    3.78    2.60    3.23
15-07-2024 08:51:31.57   79.04  -0.659  26.564   32.379   99.5  11.85  14.000   -0.00222    2.99    2.43    3.37
15-07-2024 08:51:31.82   79.15  -0.654  26.570   32.381   99.5  11.85  14.000    0.03849    2.81    2.16    3.23
15-07-2024 08:51:32.06   79.09  -0.649  26.571   32.378   99.5  11.85  14.000    0.01110    2.53    2.34    3.23
15-07-2024 08:51:32.31   79.42  -0.647  26.577   32.384   99.5  11.84  14.000   -0.00370    2.63    2.33    3.48
15-07-2024 08:51:32.55   79.26  -0.643  26.576   32.378   99.5  11.84  14.000    0.00592    2.63    2.33    3.48
15-07-2024 08:51:32.80   79.33  -0.641  26.579   32.380   99.5  11.84  14.000    0.02368    5.52    2.22    3.48
15-07-2024 08:51:33.04   79.46  -0.635  26.594   32.393   99.5  11.84  14.000    0.01332    2.86    2.93    3.17
15-07-2024 08:51:33.29   79.54  -0.624  26.605   32.397   99.5  11.84  14.000   -0.00592    2.71    2.13    3.20
15-07-2024 08:51:33.53   79.87  -0.617  26.614   32.402   99.5  11.83  14.000   -0.00148    2.60    2.30    3.09
15-07-2024 08:51:33.78   79.83  -0.614  26.614   32.397   99.5  11.83  14.000    0.00740    2.77    2.29    3.32
15-07-2024 08:51:34.03   80.00  -0.614  26.616   32.400   99.5  11.83  14.000    0.00222    2.74    2.47    3.75
15-07-2024 08:51:34.27   80.20  -0.613  26.618   32.402   99.5  11.83  14.000   -0.01110    2.74    2.47    3.75
15-07-2024 08:51:34.52   80.13  -0.612  26.617   32.399   99.5  11.83  14.000   -0.01110    2.95    2.10    3.28
15-07-2024 08:51:34.77   80.32  -0.612  26.620   32.402   99.6  11.83  14.000   -0.00296    2.84    2.23    3.08
15-07-2024 08:51:35.01   80.51  -0.612  26.619   32.401   99.6  11.83  14.000   -0.01036    2.95    2.87    3.07
15-07-2024 08:51:35.26   80.59  -0.611  26.620   32.402   99.5  11.83  14.000    0.02368    2.60    2.56    2.94
15-07-2024 08:51:35.50   80.73  -0.610  26.620   32.401   99.5  11.83  14.000   -0.01184    2.65    2.11    3.19
15-07-2024 08:51:35.75   80.59  -0.611  26.621   32.402   99.5  11.83  14.000    0.00592    2.90    2.39    3.18
15-07-2024 08:51:35.99   80.89  -0.610  26.620   32.401   99.5  11.83  14.000    0.01406    2.90    2.39    3.18
15-07-2024 08:51:36.24   80.82  -0.610  26.620   32.401   99.5  11.83  14.000   -0.00444    2.48    2.55    3.30
15-07-2024 08:51:36.48   80.79  -0.610  26.620   32.400   99.5  11.83  14.000   -0.00814    2.72    2.27    3.37
15-07-2024 08:51:36.73   80.87  -0.609  26.621   32.402   99.5  11.83  14.000   -0.01332    2.63    2.36    3.03
15-07-2024 08:51:36.97   81.01  -0.608  26.623   32.403   99.5  11.83  14.000    0.00888    2.71    2.18    3.33
15-07-2024 08:51:37.22   81.23  -0.608  26.625   32.404   99.5  11.83  14.000   -0.00666    2.71    2.01    3.53
15-07-2024 08:51:37.46   81.23  -0.607  26.626   32.406   99.5  11.83  14.000    0.00814    3.16    2.40    3.41
15-07-2024 08:51:37.72   81.45  -0.607  26.627   32.406   99.5  11.83  14.000   -0.00148    3.16    2.40    3.41
15-07-2024 08:51:37.96   81.51  -0.606  26.628   32.407   99.5  11.83  14.000   -0.01184    2.82    2.20    3.20
15-07-2024 08:51:38.22   81.61  -0.607  26.628   32.407   99.5  11.83  14.000   -0.00592    2.68    2.53    3.27
15-07-2024 08:51:38.45   81.79  -0.606  26.628   32.407   99.5  11.83  14.000    0.00444    2.94    2.35    3.43
15-07-2024 08:51:38.70   81.66  -0.606  26.627   32.406   99.5  11.83  14.000    0.02220    3.20    2.55    3.20
15-07-2024 08:51:38.94   81.98  -0.606  26.629   32.408   99.5  11.83  14.000   -0.01628    2.64    2.48    3.29
15-07-2024 08:51:39.19   81.91  -0.606  26.629   32.408   99.5  11.83  14.000   -0.01036    2.71    2.54    3.28
15-07-2024 08:51:39.43   81.95  -0.605  26.630   32.408   99.5  11.83  14.000   -0.00962    2.71    2.54    3.28
15-07-2024 08:51:39.68   82.16  -0.605  26.631   32.408   99.5  11.82  14.000   -0.00370    2.72    2.41    3.05
15-07-2024 08:51:39.92   82.26  -0.600  26.644   32.421   99.5  11.82  14.000   -0.00666    2.76    2.64    3.89
15-07-2024 08:51:40.17   82.29  -0.594  26.653   32.428   99.5  11.82  14.000   -0.01998    2.61    2.09    3.27
15-07-2024 08:51:40.41   82.28  -0.592  26.657   32.429   99.5  11.82  14.000   -0.01850    2.55    2.47    3.35
15-07-2024 08:51:40.66   82.40  -0.591  26.659   32.431   99.4  11.81  14.000   -0.01702    2.72    2.67    3.33
15-07-2024 08:51:40.90   82.64  -0.590  26.660   32.432   99.4  11.81  14.000    0.02591    2.71    2.38    3.09
15-07-2024 08:51:41.15   82.67  -0.590  26.661   32.433   99.5  11.81  14.000   -0.00592    2.71    2.38    3.09
15-07-2024 08:51:41.40   82.88  -0.591  26.661   32.434   99.5  11.81  14.000   -0.01850    3.49    2.41    3.26
15-07-2024 08:51:41.65   83.01  -0.591  26.661   32.434   99.4  11.81  14.000   -0.01258    2.58    2.22    3.29
15-07-2024 08:51:41.90   83.10  -0.591  26.660   32.433   99.5  11.81  14.000   -0.01998    2.92    2.34    3.54
15-07-2024 08:51:42.14   83.18  -0.591  26.661   32.433   99.4  11.81  14.000   -0.01850    2.57    2.58    3.26
15-07-2024 08:51:42.39   83.39  -0.591  26.660   32.433   99.4  11.81  14.000   -0.01628    2.84    2.38    3.00
15-07-2024 08:51:42.63   83.25  -0.592  26.660   32.433   99.4  11.81  14.000   -0.01258    2.34    2.21    3.53
15-07-2024 08:51:42.88   83.56  -0.592  26.661   32.434   99.4  11.81  14.000   -0.01628    2.34    2.21    3.53
15-07-2024 08:51:43.12   83.53  -0.592  26.661   32.435   99.4  11.81  14.000   -0.00444    2.62    2.76    3.48
15-07-2024 08:51:43.37   83.56  -0.591  26.662   32.436   99.4  11.81  14.000    0.00666    2.41    2.15    3.28
15-07-2024 08:51:43.61   83.63  -0.591  26.663   32.436   99.4  11.81  14.000   -0.01998    2.41    2.17    3.34
15-07-2024 08:51:43.86   83.87  -0.589  26.664   32.436   99.4  11.81  14.000   -0.02665    2.46    2.97    3.10
15-07-2024 08:51:44.10   83.97  -0.589  26.665   32.437   99.4  11.81  14.000   -0.01184    2.53    2.57    3.38
15-07-2024 08:51:44.35   83.99  -0.589  26.665   32.437   99.4  11.81  14.000   -0.03775    2.49    2.39    3.00
15-07-2024 08:51:44.59   84.00  -0.589  26.666   32.437   99.4  11.81  14.000   -0.01850    2.49    2.39    3.00
15-07-2024 08:51:44.84   84.12  -0.589  26.666   32.438   99.4  11.81  14.000   -0.00740    2.55    2.51    3.28
15-07-2024 08:51:45.09   84.22  -0.589  26.667   32.439   99.4  11.81  14.000   -0.01258    2.61    1.87    3.37
15-07-2024 08:51:45.34   84.41  -0.588  26.668   32.440   99.4  11.81  14.000   -0.01480    2.63    2.47    3.05
15-07-2024 08:51:45.59   84.45  -0.587  26.670   32.441   99.4  11.80  14.000   -0.01776    2.66    2.51    3.26
15-07-2024 08:51:45.83   84.76  -0.587  26.670   32.441   99.4  11.81  14.000   -0.02146    4.25    2.37    3.02
15-07-2024 08:51:46.08   84.82  -0.587  26.670   32.442   99.4  11.81  14.000    0.00148    2.92    2.24    3.18
15-07-2024 08:51:46.32   84.92  -0.588  26.671   32.443   99.4  11.81  14.000   -0.01406    2.92    2.24    3.18
15-07-2024 08:51:46.57   85.01  -0.587  26.673   32.445   99.4  11.80  14.000   -0.01998    3.02    2.00    3.54
15-07-2024 08:51:46.81   84.93  -0.587  26.674   32.445   99.4  11.80  14.000   -0.02072    2.39    2.03    3.29
15-07-2024 08:51:47.06   85.21  -0.585  26.675   32.445   99.4  11.80  14.000   -0.02072    2.60    2.30    3.16
15-07-2024 08:51:47.30   85.27  -0.584  26.677   32.446   99.4  11.80  14.000   -0.03109    2.61    2.38    3.22
15-07-2024 08:51:47.55   85.30  -0.583  26.677   32.447   99.4  11.80  14.000   -0.01998    3.08    2.29    3.21
15-07-2024 08:51:47.79   85.44  -0.583  26.681   32.451   99.4  11.80  14.000    0.00148    2.46    2.03    3.62
15-07-2024 08:51:48.03   85.55  -0.581  26.684   32.452   99.4  11.80  14.000   -0.01258    2.46    2.03    3.62
15-07-2024 08:51:48.28   85.68  -0.580  26.684   32.452   99.4  11.80  14.000   -0.03479    2.95    2.27    3.40
15-07-2024 08:51:48.53   85.56  -0.580  26.685   32.453   99.4  11.80  14.000   -0.01850    2.56    2.38    3.37
15-07-2024 08:51:48.78   85.69  -0.579  26.688   32.455   99.4  11.80  14.000   -0.02368    3.03    2.47    3.69
15-07-2024 08:51:49.03   85.88  -0.578  26.690   32.457   99.4  11.80  14.000   -0.03405    2.98    2.31    3.13
15-07-2024 08:51:49.27   85.91  -0.576  26.694   32.460   99.3  11.79  14.000   -0.01850    2.76    2.62    3.03
15-07-2024 08:51:49.52   86.02  -0.574  26.697   32.461   99.4  11.79  14.000    0.00148    2.66    1.95    3.21
15-07-2024 08:51:49.76   86.29  -0.571  26.700   32.463   99.4  11.79  14.000   -0.02368    2.66    1.95    3.21
15-07-2024 08:51:50.01   86.22  -0.570  26.699   32.461   99.3  11.79  14.000   -0.02072    2.70    2.39    3.15
15-07-2024 08:51:50.25   86.47  -0.570  26.702   32.464   99.3  11.79  14.000   -0.02294    2.96    2.79    2.94
15-07-2024 08:51:50.50   86.49  -0.567  26.708   32.468   99.3  11.79  14.000   -0.02368    2.34    2.07    3.29
15-07-2024 08:51:50.74   86.65  -0.562  26.713   32.470   99.3  11.79  14.000   -0.04811    2.90    2.72    3.43
15-07-2024 08:51:50.99   86.72  -0.558  26.718   32.473   99.3  11.78  14.000   -0.02517    2.62    2.33    3.19
15-07-2024 08:51:51.23   86.61  -0.555  26.723   32.476   99.3  11.78  14.000   -0.02813    2.62    2.33    3.19
15-07-2024 08:51:51.48   86.89  -0.552  26.730   32.483   99.3  11.78  14.000   -0.01702    2.40    2.07    3.49
15-07-2024 08:51:51.72   87.02  -0.550  26.733   32.483   99.3  11.78  14.000   -0.01554    2.69    2.19    3.30
15-07-2024 08:51:51.97   87.09  -0.548  26.734   32.483   99.3  11.78  14.000   -0.02072    2.58    2.44    3.28
15-07-2024 08:51:52.22   87.16  -0.547  26.737   32.486   99.3  11.78  14.000   -0.03923    3.10    2.25    3.10
15-07-2024 08:51:52.47   87.09  -0.545  26.740   32.489   99.3  11.78  14.000   -0.03183    2.56    3.03    3.35
15-07-2024 08:51:52.71   87.35  -0.544  26.743   32.491   99.3  11.78  14.000   -0.04219    2.83    2.48    2.90
15-07-2024 08:51:52.96   87.32  -0.542  26.746   32.492   99.3  11.78  14.000   -0.02961    2.50    2.40    3.32
15-07-2024 08:51:53.20   87.46  -0.540  26.751   32.498   99.3  11.77  14.000   -0.03109    2.50    2.40    3.32
15-07-2024 08:51:53.45   87.47  -0.537  26.758   32.503   99.3  11.77  14.000   -0.03183    2.65    2.22    3.15
15-07-2024 08:51:53.70   87.56  -0.533  26.764   32.506   99.3  11.77  14.000   -0.02368    2.68    2.33    3.28
15-07-2024 08:51:53.94   87.69  -0.530  26.769   32.511   99.3  11.77  14.000   -0.02887    2.70    1.94    2.82
15-07-2024 08:51:54.19   87.92  -0.528  26.772   32.512   99.3  11.77  14.000   -0.01036    2.45    2.54    2.93
15-07-2024 08:51:54.43   87.85  -0.526  26.775   32.514   99.3  11.77  14.000   -0.02517    2.50    2.43    3.08
15-07-2024 08:51:54.67   87.98  -0.525  26.778   32.516   99.3  11.76  14.000   -0.01332    2.50    2.43    3.08
15-07-2024 08:51:54.92   88.08  -0.524  26.777   32.514   99.3  11.77  14.000   -0.02368    2.10    1.92    3.48
15-07-2024 08:51:55.17   88.17  -0.524  26.778   32.515   99.3  11.76  14.000   -0.00740    3.07    2.55    3.21
15-07-2024 08:51:55.41   88.44  -0.524  26.779   32.516   99.3  11.77  14.000   -0.03035    2.46    2.11    3.57
15-07-2024 08:51:55.66   88.49  -0.524  26.779   32.516   99.3  11.76  14.000   -0.03479    2.32    2.33    3.42
15-07-2024 08:51:55.90   88.68  -0.523  26.781   32.518   99.3  11.76  14.000   -0.02887    2.77    2.39    3.17
15-07-2024 08:51:56.15   88.62  -0.523  26.781   32.518   99.3  11.76  14.000   -0.03479    2.60    1.98    3.41
15-07-2024 08:51:56.40   88.71  -0.523  26.781   32.518   99.3  11.76  14.000   -0.02517    2.60    1.98    3.41
15-07-2024 08:51:56.65   88.90  -0.522  26.781   32.517   99.3  11.76  14.000   -0.04145    2.57    2.45    3.07
15-07-2024 08:51:56.89   88.93  -0.522  26.781   32.517   99.3  11.76  14.000   -0.03331    2.67    2.59    3.55
15-07-2024 08:51:57.14   89.07  -0.522  26.782   32.518   99.3  11.76  14.000   -0.02146    2.86    1.95    3.66
15-07-2024 08:51:57.38   89.25  -0.522  26.782   32.518   99.3  11.76  14.000   -0.04219    2.86    2.27    3.66
15-07-2024 08:51:57.63   89.35  -0.522  26.782   32.518   99.2  11.76  14.000   -0.03183    2.88    2.26    2.99
15-07-2024 08:51:57.87   89.46  -0.522  26.783   32.519   99.2  11.76  14.000   -0.01998    2.92    2.45    3.08
15-07-2024 08:51:58.12   89.49  -0.521  26.783   32.519   99.2  11.76  14.000   -0.03775    2.92    2.45    3.08
15-07-2024 08:51:58.36   89.44  -0.521  26.784   32.519   99.2  11.76  14.000   -0.03183    2.44    2.19    3.29
15-07-2024 08:51:58.61   89.73  -0.521  26.784   32.519   99.2  11.76  14.000   -0.01258    2.53    2.63    3.03
15-07-2024 08:51:58.85   89.65  -0.521  26.783   32.519   99.2  11.76  14.000   -0.03183    2.57    2.58    3.20
15-07-2024 08:51:59.10   89.86  -0.521  26.784   32.519   99.2  11.76  14.000   -0.03553    2.75    2.63    3.54
15-07-2024 08:51:59.35   89.85  -0.521  26.785   32.520   99.2  11.76  14.000   -0.01776    2.64    2.28    3.50
15-07-2024 08:51:59.59   89.92  -0.521  26.784   32.519   99.2  11.76  14.000   -0.02591    2.74    2.06    3.07
15-07-2024 08:51:59.84   90.04  -0.521  26.784   32.519   99.2  11.76  14.000   -0.04959    2.74    2.06    3.07
15-07-2024 08:52:00.10   90.27  -0.521  26.785   32.520   99.2  11.75  14.000   -0.05403    2.71    2.24    3.17
15-07-2024 08:52:00.34   90.21  -0.521  26.784   32.520   99.2  11.76  14.000   -0.03109    4.16    2.62    3.33
15-07-2024 08:52:00.59   90.31  -0.520  26.786   32.521   99.2  11.75  14.000   -0.02739    2.80    2.46    3.29
15-07-2024 08:52:00.83   90.40  -0.520  26.788   32.523   99.2  11.75  14.000   -0.04367    2.32    2.29    3.14
15-07-2024 08:52:01.08   90.49  -0.520  26.788   32.522   99.2  11.75  14.000   -0.02591    2.69    2.06    3.43
15-07-2024 08:52:01.32   90.71  -0.516  26.793   32.526   99.2  11.75  14.000   -0.04293    3.02    2.30    3.33
15-07-2024 08:52:01.56   90.71  -0.511  26.801   32.530   99.2  11.75  14.000   -0.04293    3.02    2.30    3.33
15-07-2024 08:52:01.81   90.96  -0.507  26.804   32.530   99.2  11.75  14.000   -0.05551    2.82    2.42    3.13
15-07-2024 08:52:02.06   91.01  -0.504  26.806   32.530   99.2  11.74  14.000   -0.01998    2.74    2.89    3.28
15-07-2024 08:52:02.30   91.07  -0.504  26.806   32.529   99.2  11.75  14.000   -0.04737    2.48    2.68    3.31
15-07-2024 08:52:02.55   91.22  -0.504  26.807   32.531   99.2  11.75  14.000   -0.03331    3.15    2.26    3.44
15-07-2024 08:52:02.79   91.17  -0.503  26.808   32.531   99.2  11.74  14.000   -0.04515    2.46    2.16    3.16
15-07-2024 08:52:03.04   91.37  -0.503  26.808   32.531   99.2  11.74  14.000   -0.02443    2.91    2.13    3.36
15-07-2024 08:52:03.28   91.51  -0.502  26.810   32.532   99.2  11.74  14.000   -0.03553    2.91    2.13    3.36
15-07-2024 08:52:03.53   91.56  -0.501  26.812   32.534   99.2  11.74  14.000   -0.03405    2.65    2.14    3.50
15-07-2024 08:52:03.77   91.68  -0.499  26.811   32.532   99.2  11.74  14.000   -0.03331    2.68    2.06    3.21
15-07-2024 08:52:04.02   91.82  -0.499  26.812   32.532   99.2  11.74  14.000   -0.05181    2.54    2.25    3.35
15-07-2024 08:52:04.27   91.88  -0.500  26.811   32.531   99.1  11.74  14.000   -0.03997    2.99    2.50    3.25
15-07-2024 08:52:04.51   92.07  -0.501  26.812   32.533   99.1  11.74  14.000   -0.04959    3.46    2.15    3.11
15-07-2024 08:52:04.76   92.04  -0.501  26.811   32.532   99.1  11.74  14.000   -0.03849    2.84    2.51    3.51
15-07-2024 08:52:05.00   92.18  -0.501  26.811   32.532   99.1  11.74  14.000   -0.04959    2.84    2.51    3.51
15-07-2024 08:52:05.25   92.26  -0.502  26.810   32.533   99.1  11.74  14.000   -0.04515    2.62    2.32    3.19
15-07-2024 08:52:05.49   92.38  -0.503  26.810   32.533   99.1  11.74  14.000   -0.04071    2.52    2.75    3.52
15-07-2024 08:52:05.74   92.42  -0.502  26.812   32.534   99.1  11.74  14.000   -0.04293    2.42    2.54    3.44
15-07-2024 08:52:05.98   92.65  -0.501  26.813   32.534   99.1  11.74  14.000   -0.03701    2.65    2.09    3.37
15-07-2024 08:52:06.23   92.63  -0.501  26.813   32.535   99.1  11.74  14.000   -0.03257    2.82    2.46    3.12
15-07-2024 08:52:06.47   92.67  -0.500  26.814   32.535   99.1  11.74  14.000   -0.05107    2.61    2.25    3.42
15-07-2024 08:52:06.72   92.83  -0.495  26.822   32.541   99.1  11.73  14.000   -0.04737    2.61    2.25    3.42
15-07-2024 08:52:06.96   93.03  -0.489  26.834   32.549   99.1  11.73  14.000   -0.03035    2.75    2.32    3.16
15-07-2024 08:52:07.22   93.04  -0.480  26.844   32.554   99.1  11.73  14.000   -0.02443    2.69    2.40    3.11
15-07-2024 08:52:07.46   93.05  -0.473  26.853   32.558   99.1  11.72  14.000   -0.03849    2.51    2.37    3.38
15-07-2024 08:52:07.71   93.16  -0.467  26.859   32.560   99.1  11.72  14.000   -0.03257    2.41    2.60    3.13
15-07-2024 08:52:07.96   93.39  -0.464  26.863   32.562   99.1  11.72  14.000   -0.04293    2.55    2.35    3.33
15-07-2024 08:52:08.20   93.34  -0.461  26.867   32.564   99.1  11.72  14.000   -0.04737    2.32    2.02    3.22
15-07-2024 08:52:08.45   93.43  -0.457  26.869   32.563   99.1  11.72  14.000   -0.04293    2.32    2.02    3.22
15-07-2024 08:52:08.69   93.52  -0.456  26.871   32.564   99.1  11.72  14.000   -0.04959    2.52    2.29    3.01
15-07-2024 08:52:08.94   93.69  -0.454  26.874   32.566   99.1  11.72  14.000   -0.04811    2.60    2.38    3.33
15-07-2024 08:52:09.18   93.81  -0.453  26.878   32.569   99.1  11.72  14.000   -0.03553    2.68    2.57    3.34
15-07-2024 08:52:09.43   93.81  -0.451  26.880   32.570   99.1  11.72  14.000   -0.02961    3.11    2.32    3.08
15-07-2024 08:52:09.67   93.99  -0.449  26.882   32.571   99.1  11.72  14.000   -0.03775    2.50    2.42    3.38
15-07-2024 08:52:09.92   94.09  -0.448  26.884   32.572   99.1  11.71  14.000   -0.05107    2.98    2.53    3.23
15-07-2024 08:52:10.16   94.06  -0.447  26.885   32.572   99.1  11.71  14.000   -0.05107    2.98    2.53    3.23
15-07-2024 08:52:10.41   94.23  -0.447  26.885   32.572   99.1  11.71  14.000   -0.03035    2.65    2.33    3.00
15-07-2024 08:52:10.65   94.36  -0.445  26.888   32.574   99.1  11.71  14.000   -0.03775    2.44    2.12    3.17
15-07-2024 08:52:10.90   94.39  -0.443  26.893   32.578   99.1  11.71  14.000   -0.04589    2.54    1.78    3.36
15-07-2024 08:52:11.16   94.60  -0.438  26.899   32.581   99.1  11.71  14.000   -0.02813    2.47    2.60    3.48
15-07-2024 08:52:11.40   94.56  -0.436  26.900   32.581   99.1  11.71  14.000   -0.03257    2.82    1.85    3.31
15-07-2024 08:52:11.64   94.70  -0.435  26.901   32.581   99.1  11.71  14.000   -0.04663    2.74    2.23    3.23
15-07-2024 08:52:11.89   94.93  -0.434  26.904   32.583   99.1  11.71  14.000   -0.02739    2.74    2.23    3.23
15-07-2024 08:52:12.13   94.91  -0.433  26.905   32.583   99.1  11.71  14.000   -0.04885    2.74    2.48    3.37
15-07-2024 08:52:12.38   95.16  -0.433  26.905   32.584   99.1  11.71  14.000   -0.04811    2.72    2.20    3.41
15-07-2024 08:52:12.62   95.15  -0.432  26.906   32.584   99.1  11.71  14.000   -0.03775    2.77    2.37    3.38
15-07-2024 08:52:12.87   95.28  -0.431  26.909   32.586   99.1  11.70  14.000   -0.02368    2.54    2.29    2.96
15-07-2024 08:52:13.11   95.45  -0.428  26.916   32.592   99.0  11.70  14.000   -0.04589    2.86    2.65    3.10
15-07-2024 08:52:13.36   95.52  -0.423  26.933   32.610   99.1  11.70  14.000   -0.03257    2.61    2.36    3.28
15-07-2024 08:52:13.60   95.58  -0.410  26.947   32.614   99.0  11.69  14.000   -0.04663    2.61    2.36    3.28
15-07-2024 08:52:13.85   95.68  -0.398  26.957   32.615   99.0  11.69  14.000   -0.04441    2.60    2.12    3.57
15-07-2024 08:52:14.10   95.77  -0.390  26.961   32.611   99.0  11.69  14.000   -0.04145    2.49    2.43    3.29
15-07-2024 08:52:14.34   95.91  -0.384  26.966   32.612   99.0  11.68  14.000   -0.05107    5.01    2.72    3.41
15-07-2024 08:52:14.59   95.95  -0.374  26.971   32.608   99.0  11.68  14.000   -0.02294    2.78    2.08    3.29
15-07-2024 08:52:14.84   96.07  -0.368  26.975   32.606   99.0  11.68  14.000   -0.03553    2.85    2.15    3.46
15-07-2024 08:52:15.09   96.09  -0.364  26.982   32.611   99.0  11.68  14.000   -0.03331    2.69    2.79    3.20
15-07-2024 08:52:15.33   96.16  -0.362  26.991   32.621   99.0  11.68  14.000   -0.04737    2.69    2.79    3.20
15-07-2024 08:52:15.58   96.30  -0.351  27.006   32.629   99.0  11.67  14.000   -0.04071    2.36    2.59    3.42
15-07-2024 08:52:15.82   96.34  -0.344  27.017   32.637   99.0  11.67  14.000   -0.04441    2.47    2.27    3.41
15-07-2024 08:52:16.07   96.44  -0.342  27.019   32.636   99.1  11.67  14.000   -0.04811    3.46    2.53    3.48
15-07-2024 08:52:16.31   96.55  -0.341  27.024   32.642   99.1  11.67  14.000   -0.01776    2.60    2.81    3.91
15-07-2024 08:52:16.56   96.68  -0.339  27.029   32.646   99.1  11.67  14.000   -0.03553    4.34    2.39    3.25
15-07-2024 08:52:16.80   96.69  -0.336  27.031   32.647   99.1  11.67  14.000   -0.05403    2.49    2.33    3.25
15-07-2024 08:52:17.05   96.94  -0.336  27.030   32.645   99.1  11.67  14.000   -0.03627    2.49    2.33    3.25
15-07-2024 08:52:17.29   96.98  -0.336  27.030   32.644   99.1  11.67  14.000   -0.04663    2.67    2.88    3.99
15-07-2024 08:52:17.54   97.06  -0.335  27.031   32.645   99.1  11.67  14.000   -0.03997    2.72    3.03    3.18
15-07-2024 08:52:17.78   97.16  -0.335  27.032   32.646   99.1  11.67  14.000   -0.03923    2.46    2.20    3.35
15-07-2024 08:52:18.03   97.34  -0.336  27.030   32.645   99.1  11.67  14.000   -0.05255    2.62    2.31    3.18
15-07-2024 08:52:18.28   97.46  -0.336  27.032   32.647   99.1  11.67  14.000   -0.03775    2.71    2.57    3.02
15-07-2024 08:52:18.52   97.54  -0.333  27.037   32.651   99.1  11.67  14.000   -0.04145    2.56    2.40    3.33
15-07-2024 08:52:18.77   97.65  -0.328  27.046   32.657   99.1  11.66  14.000   -0.03257    2.56    2.40    3.33
15-07-2024 08:52:19.02   97.76  -0.313  27.050   32.646   99.0  11.66  14.000   -0.04367    2.64    2.46    3.51
15-07-2024 08:52:19.26   97.82  -0.299  27.083   32.674   99.0  11.65  14.000   -0.04811    2.68    2.40    3.43
15-07-2024 08:52:19.51   97.93  -0.293  27.092   32.680   99.0  11.65  14.000   -0.04885    3.64    2.71    3.47
15-07-2024 08:52:19.75   97.98  -0.275  27.143   32.729   99.0  11.64  14.000   -0.05181    2.69    2.33    3.27
15-07-2024 08:52:20.00   98.07  -0.253  27.128   32.685   99.0  11.63  14.000   -0.05847    2.62    1.93    3.27
15-07-2024 08:52:20.24   97.97  -0.254  27.119   32.675   99.0  11.63  14.000   -0.04219    3.18    2.57    3.38
15-07-2024 08:52:20.49   97.96  -0.260  27.117   32.678   99.0  11.63  14.000   -0.04589    3.18    2.57    3.38
15-07-2024 08:52:20.73   97.97  -0.269  27.115   32.685   99.0  11.64  14.000   -0.05181    2.77    2.11    3.55
15-07-2024 08:52:20.98   97.93  -0.266  27.109   32.674   99.0  11.64  14.000   -0.05033    2.74    2.52    3.22
15-07-2024 08:52:21.22   97.95  -0.261  27.111   32.671   99.0  11.63  14.000   -0.03331    2.29    1.98    3.25
15-07-2024 08:52:21.47   97.96  -0.265  27.110   32.674   99.0  11.64  14.000   -0.03035    2.28    1.94    3.15
15-07-2024 08:52:21.71   97.88  -0.269  27.108   32.677   99.0  11.64  14.000   -0.03627    2.58    2.59    3.25
15-07-2024 08:52:21.97   97.90  -0.274  27.106   32.679   99.0  11.64  14.000   -0.04071    2.57    2.70    3.21
15-07-2024 08:52:22.22   97.91  -0.279  27.105   32.683   99.0  11.65  14.000   -0.04219    2.57    2.70    3.21
15-07-2024 08:52:22.46   97.81  -0.286  27.103   32.688   99.0  11.65  14.000   -0.05847    2.39    1.95    3.28
15-07-2024 08:52:22.70   97.81  -0.287  27.098   32.682   99.0  11.65  14.000   -0.03923    2.63    2.49    3.01
15-07-2024 08:52:22.95   97.78  -0.284  27.093   32.671   99.0  11.64  14.000   -0.03553    2.45    2.25    3.06
15-07-2024 08:52:23.20   97.82  -0.292  27.081   32.665   99.0  11.65  14.000   -0.02368    2.34    1.99    3.25
15-07-2024 08:52:23.44   97.77  -0.300  27.076   32.667   99.0  11.65  14.000   -0.04367    2.83    2.19    3.25
15-07-2024 08:52:23.69   97.76  -0.308  27.072   32.670   99.0  11.65  14.000   -0.02591    2.66    2.17    3.53
15-07-2024 08:52:23.93   97.79  -0.308  27.067   32.664   98.9  11.65  14.000   -0.04145    2.66    2.17    3.53
15-07-2024 08:52:24.18   97.79  -0.307  27.065   32.660   98.9  11.64  14.000   -0.04071    2.41    2.43    3.21
15-07-2024 08:52:24.42   97.77  -0.306  27.065   32.659   98.9  11.64  14.000   -0.04219    2.81    2.31    3.18
15-07-2024 08:52:24.67   97.84  -0.305  27.067   32.659   98.8  11.63  14.000   -0.06587    2.41    2.55    3.54
15-07-2024 08:52:24.91   97.88  -0.303  27.068   32.659   98.8  11.63  14.000   -0.04071    2.71    2.36    3.14
15-07-2024 08:52:25.16   97.85  -0.304  27.069   32.662   98.8  11.62  14.000   -0.04145    2.84    2.74    3.39
15-07-2024 08:52:25.40   97.89  -0.301  27.072   32.662   98.7  11.62  14.000   -0.05403    2.38    2.63    3.22
15-07-2024 08:52:25.65   97.93  -0.288  27.073   32.650   98.7  11.61  14.000   -0.05847    2.38    2.63    3.22
15-07-2024 08:52:25.90   97.96  -0.281  27.080   32.651   98.6  11.60  14.000   -0.04219    2.12    2.88    3.07
15-07-2024 08:52:26.15   97.97  -0.279  27.091   32.664   98.6  11.59  14.000   -0.05921    2.47    2.17    3.12
15-07-2024 08:52:26.39   98.02  -0.277  27.097   32.670   98.6  11.59  14.000   -0.04219    6.72    2.35    3.35
15-07-2024 08:52:26.64   97.99  -0.272  27.102   32.671   98.5  11.58  14.000   -0.04959    2.79    2.36    3.34
15-07-2024 08:52:26.89   97.98  -0.263  27.107   32.668   98.5  11.58  14.000   -0.06143    2.39    1.99    3.36
15-07-2024 08:52:27.13   97.97  -0.257  27.116   32.673   98.4  11.57  14.000   -0.03627    2.72    2.57    3.31
15-07-2024 08:52:27.37   97.95  -0.255  27.118   32.674   98.4  11.57  14.000   -0.05403    2.72    2.57    3.31
15-07-2024 08:52:27.62   97.95  -0.257  27.117   32.675   98.4  11.57  14.000   -0.05107    2.58    2.51    3.66
15-07-2024 08:52:27.87   97.93  -0.257  27.114   32.671   98.4  11.57  14.000   -0.03331    2.74    2.51    3.45
15-07-2024 08:52:28.11   97.96  -0.257  27.113   32.669   98.4  11.56  14.000   -0.04811    3.77    2.38    3.30
15-07-2024 08:52:28.36   97.93  -0.256  27.112   32.668   98.4  11.56  14.000   -0.04071    2.72    2.42    3.19
15-07-2024 08:52:28.60   97.89  -0.254  27.113   32.666   98.3  11.56  14.000   -0.05255    3.33    2.61    3.22
15-07-2024 08:52:28.85   97.87  -0.253  27.117   32.670   98.3  11.55  14.000   -0.04737    2.63    2.49    3.12
15-07-2024 08:52:29.09   97.87  -0.250  27.108   32.655   98.3  11.55  14.000   -0.04367    2.63    2.49    3.12
15-07-2024 08:52:29.34   97.89  -0.249  27.102   32.646   98.3  11.55  14.000   -0.05477    2.49    2.57    3.26
15-07-2024 08:52:29.59   97.87  -0.250  27.099   32.643   98.3  11.55  14.000   -0.05033    3.09    2.43    3.26
15-07-2024 08:52:29.84   97.84  -0.252  27.100   32.648   98.3  11.55  14.000   -0.04737    2.70    2.62    3.29
15-07-2024 08:52:30.08   97.87  -0.252  27.105   32.654   98.2  11.55  14.000   -0.04737    2.61    2.34    3.51
15-07-2024 08:52:30.33   97.84  -0.246  27.106   32.648   98.2  11.54  14.000   -0.05477    2.38    2.11    3.45
15-07-2024 08:52:30.57   97.83  -0.239  27.110   32.646   98.2  11.53  14.000   -0.01850    2.54    2.34    3.44
15-07-2024 08:52:30.82   97.82  -0.239  27.120   32.660   98.2  11.53  14.000   -0.05033    2.54    2.34    3.44
15-07-2024 08:52:31.06   97.83  -0.243  27.127   32.673   98.2  11.53  14.000   -0.04071    2.24    2.35    3.20
15-07-2024 08:52:31.31   97.89  -0.242  27.131   32.677   98.2  11.53  14.000   -0.06143    2.22    2.39    3.30
15-07-2024 08:52:31.55   97.88  -0.236  27.135   32.676   98.1  11.52  14.000   -0.03109    2.09    2.06    3.44
15-07-2024 08:52:31.80   97.92  -0.230  27.139   32.675   98.1  11.52  14.000   -0.05329    2.43    2.34    3.22
15-07-2024 08:52:32.04   97.93  -0.226  27.152   32.688   98.1  11.51  14.000   -0.04663    2.46    2.21    3.18
15-07-2024 08:52:32.29   97.94  -0.224  27.161   32.698   98.0  11.51  14.000   -0.05477    2.46    2.21    3.18
15-07-2024 08:52:32.53   97.95  -0.223  27.164   32.702   98.0  11.51  14.000   -0.06661    2.31    2.04    3.36
15-07-2024 08:52:32.78   97.95  -0.223  27.166   32.703   98.0  11.50  14.000   -0.01480    2.81    2.52    3.27
15-07-2024 08:52:33.04   97.91  -0.223  27.167   32.705   98.0  11.50  14.000   -0.04811    2.59    2.26    3.12
15-07-2024 08:52:33.27   97.93  -0.223  27.167   32.704   98.0  11.50  14.000   -0.04885    2.47    2.35    3.16
15-07-2024 08:52:33.53   97.89  -0.224  27.165   32.703   97.9  11.50  14.000   -0.04589    2.40    2.27    3.31
15-07-2024 08:52:33.77   97.90  -0.224  27.164   32.703   97.9  11.50  14.000   -0.01776    2.30    2.23    3.58
15-07-2024 08:52:34.02   97.89  -0.227  27.164   32.705   97.9  11.49  14.000   -0.03405    3.01    2.51    2.95
15-07-2024 08:52:34.26   97.88  -0.227  27.164   32.705   97.9  11.49  14.000   -0.03627    3.01    2.51    2.95
15-07-2024 08:52:34.51   97.90  -0.227  27.163   32.703   97.9  11.49  14.000   -0.03775    2.44    2.32    3.17
15-07-2024 08:52:34.75   97.94  -0.227  27.163   32.704   97.9  11.49  14.000   -0.04811    4.38    2.68    3.45
15-07-2024 08:52:35.00   97.90  -0.228  27.163   32.705   97.9  11.49  14.000   -0.04811    2.78    1.74    3.42
15-07-2024 08:52:35.24   97.91  -0.230  27.163   32.708   97.8  11.49  14.000   -0.06291    2.71    2.24    3.23
15-07-2024 08:52:35.49   97.89  -0.231  27.161   32.705   97.8  11.49  14.000   -0.05255    3.01    2.24    3.26
15-07-2024 08:52:35.73   97.92  -0.232  27.161   32.706   97.8  11.48  14.000   -0.05181    3.01    2.24    3.26
15-07-2024 08:52:35.98   97.89  -0.232  27.160   32.705   97.8  11.48  14.000   -0.04441    2.48    2.29    3.30
15-07-2024 08:52:36.22   97.88  -0.232  27.158   32.703   97.8  11.48  14.000   -0.01332    2.61    2.26    3.60
15-07-2024 08:52:36.47   97.88  -0.233  27.157   32.702   97.8  11.48  14.000   -0.05107    2.41    2.22    3.43
15-07-2024 08:52:36.72   97.88  -0.234  27.156   32.703   97.8  11.48  14.000   -0.03109    2.80    2.52    3.25
15-07-2024 08:52:36.96   97.85  -0.235  27.155   32.703   97.8  11.48  14.000   -0.04219    2.58    2.47    3.21
15-07-2024 08:52:37.21   97.88  -0.237  27.154   32.703   97.8  11.48  14.000   -0.03923    2.52    2.13    3.31
15-07-2024 08:52:37.45   97.94  -0.239  27.150   32.700   97.7  11.48  14.000   -0.04737    2.52    2.13    3.31
15-07-2024 08:52:37.70   97.95  -0.239  27.151   32.700   97.7  11.48  14.000   -0.05181    2.71    2.38    3.41
15-07-2024 08:52:37.95   98.00  -0.238  27.151   32.700   97.7  11.48  14.000   -0.03331    2.72    2.44    3.34
15-07-2024 08:52:38.19   98.08  -0.236  27.155   32.703   97.7  11.48  14.000   -0.03849    2.82    2.32    2.97
15-07-2024 08:52:38.44   98.14  -0.235  27.160   32.708   97.7  11.47  14.000   -0.05107    5.29    2.19    3.53
15-07-2024 08:52:38.68   98.25  -0.229  27.168   32.713   97.7  11.47  14.000   -0.04441    2.63    2.42    3.07
15-07-2024 08:52:38.93   98.33  -0.227  27.168   32.711   97.7  11.47  14.000   -0.04145    3.00    2.21    3.36
15-07-2024 08:52:39.17   98.43  -0.230  27.163   32.706   97.7  11.47  14.000   -0.04737    3.00    2.21    3.36
15-07-2024 08:52:39.42   98.52  -0.230  27.162   32.706   97.7  11.47  14.000   -0.05551    2.40    2.61    3.31
15-07-2024 08:52:39.66   98.66  -0.231  27.164   32.708   97.7  11.47  14.000   -0.03183    2.34    2.29    3.11
15-07-2024 08:52:39.91   98.77  -0.231  27.164   32.708   97.7  11.47  14.000   -0.03701    2.82    2.65    3.40
15-07-2024 08:52:40.15   98.87  -0.230  27.164   32.708   97.6  11.46  14.000   -0.02813    2.37    2.66    3.06
15-07-2024 08:52:40.40   98.99  -0.228  27.165   32.707   97.6  11.46  14.000   -0.04293    3.07    2.51    3.28
15-07-2024 08:52:40.65   99.06  -0.226  27.170   32.711   97.6  11.46  14.000   -0.04663    2.80    2.63    3.05
15-07-2024 08:52:40.90   99.17  -0.225  27.170   32.710   97.6  11.46  14.000   -0.04071    2.80    2.63    3.05
15-07-2024 08:52:41.14   99.25  -0.225  27.169   32.709   97.6  11.46  14.000   -0.05033    2.45    2.20    3.37
15-07-2024 08:52:41.39   99.31  -0.226  27.168   32.708   97.7  11.46  14.000   -0.02739    2.58    2.14    3.14
15-07-2024 08:52:41.63   99.36  -0.226  27.168   32.709   97.7  11.47  14.000   -0.03331    2.56    1.74    3.08
15-07-2024 08:52:41.88   99.45  -0.226  27.167   32.707   97.7  11.47  14.000   -0.05255    2.12    2.01    3.09
15-07-2024 08:52:42.12   99.46  -0.226  27.167   32.708   97.7  11.47  14.000   -0.03479    2.41    2.62    3.00
15-07-2024 08:52:42.37   99.46  -0.226  27.167   32.707   97.7  11.47  14.000   -0.03701    2.48    2.69    3.20
15-07-2024 08:52:42.61   99.47  -0.226  27.167   32.708   97.7  11.47  14.000   -0.06587    2.48    2.69    3.20
15-07-2024 08:52:42.86   99.46  -0.226  27.166   32.707   97.7  11.47  14.000   -0.05255    2.70    2.41    3.32
15-07-2024 08:52:43.10   99.46  -0.227  27.166   32.707   97.7  11.47  14.000   -0.04293    2.74    2.62    3.14
15-07-2024 08:52:43.35   99.45  -0.227  27.166   32.707   97.7  11.48  14.000   -0.03257    3.13    2.09    3.42
15-07-2024 08:52:43.59   99.45  -0.227  27.166   32.706   97.8  11.48  14.000   -0.04145    2.36    2.68    3.25
15-07-2024 08:52:43.84   99.45  -0.227  27.166   32.707   97.8  11.48  14.000   -0.05995    2.78    2.43    3.13
15-07-2024 08:52:44.10   99.40  -0.227  27.166   32.706   97.8  11.48  14.000   -0.04737    2.52    2.63    3.01
15-07-2024 08:52:44.34   99.41  -0.227  27.165   32.705   97.8  11.48  14.000   -0.04589    2.52    2.63    3.01
15-07-2024 08:52:44.59   99.41  -0.227  27.165   32.705   97.8  11.48  14.000   -0.06365    2.95    2.35    2.96
15-07-2024 08:52:44.83   99.40  -0.227  27.165   32.705   97.8  11.48  14.000   -0.01110    2.64    2.58    3.51
15-07-2024 08:52:45.08   99.41  -0.227  27.163   32.703   97.8  11.48  14.000   -0.05181    2.33    2.13    3.54
15-07-2024 08:52:45.32   99.43  -0.227  27.164   32.705   97.8  11.48  14.000   -0.06069    2.54    2.68    3.13
15-07-2024 08:52:45.57   99.42  -0.227  27.164   32.704   97.8  11.48  14.000   -0.03405    2.55    2.50    3.08
15-07-2024 08:52:45.81   99.47  -0.227  27.164   32.704   97.8  11.48  14.000   -0.06143    3.43    2.43    3.31
15-07-2024 08:52:46.06   99.49  -0.227  27.165   32.705   97.8  11.48  14.000   -0.04663    3.43    2.43    3.31
15-07-2024 08:52:46.30   99.51  -0.227  27.165   32.705   97.8  11.48  14.000   -0.05625    2.66    2.55    3.52
15-07-2024 08:52:46.55   99.50  -0.227  27.166   32.707   97.7  11.48  14.000   -0.06069    2.85    2.27    3.46
15-07-2024 08:52:46.79   99.52  -0.225  27.169   32.708   97.7  11.47  14.000   -0.03775    2.43    2.31    3.44
15-07-2024 08:52:47.04   99.55  -0.223  27.171   32.709   97.7  11.47  14.000   -0.03035    2.83    1.83    3.26
15-07-2024 08:52:47.28   99.52  -0.223  27.171   32.710   97.7  11.47  14.000   -0.04293    2.66    2.67    3.29
15-07-2024 08:52:47.53   99.51  -0.224  27.171   32.710   97.7  11.47  14.000   -0.04145    2.83    2.70    3.34
15-07-2024 08:52:47.78   99.50  -0.223  27.171   32.709   97.7  11.46  14.000   -0.05699    2.83    2.70    3.34
15-07-2024 08:52:48.03   99.48  -0.224  27.170   32.708   97.7  11.47  14.000   -0.04145    2.46    1.69    3.03
15-07-2024 08:52:48.28   99.45  -0.225  27.169   32.709   97.6  11.46  14.000   -0.02665    2.43    2.34    3.44
15-07-2024 08:52:48.52   99.43  -0.225  27.168   32.708   97.6  11.46  14.000   -0.03997    2.82    2.96    3.07
15-07-2024 08:52:48.77   99.41  -0.225  27.168   32.708   97.6  11.46  14.000   -0.04145    2.04    1.75    3.32
15-07-2024 08:52:49.01   99.38  -0.225  27.168   32.708   97.6  11.46  14.000   -0.04145    2.50    2.36    3.30
15-07-2024 08:52:49.26   99.37  -0.225  27.166   32.705   97.6  11.46  14.000   -0.06069    2.70    2.42    3.31
15-07-2024 08:52:49.50   99.40  -0.225  27.167   32.707   97.6  11.46  14.000   -0.05921    2.70    2.42    3.31
15-07-2024 08:52:49.75   99.39  -0.224  27.168   32.706   97.6  11.45  14.000   -0.04145    2.52    2.15    3.28
15-07-2024 08:52:49.99   99.36  -0.223  27.167   32.705   97.6  11.45  14.000   -0.04737    2.44    2.25    3.30
15-07-2024 08:52:50.24   99.40  -0.223  27.168   32.706   97.5  11.45  14.000   -0.04811    2.62    2.47    3.40
15-07-2024 08:52:50.48   99.42  -0.222  27.168   32.704   97.5  11.45  14.000   -0.02443    2.14    2.35    3.24
15-07-2024 08:52:50.73   99.44  -0.223  27.169   32.706   97.5  11.45  14.000   -0.04589    2.79    2.20    3.38
15-07-2024 08:52:50.97   99.48  -0.223  27.169   32.707   97.5  11.45  14.000   -0.05477    2.41    1.97    3.48
15-07-2024 08:52:51.21   99.55  -0.223  27.170   32.708   97.5  11.45  14.000   -0.05551    2.41    1.97    3.48
15-07-2024 08:52:51.47   99.66  -0.222  27.173   32.711   97.5  11.45  14.000   -0.05773    2.32    2.64    3.49
15-07-2024 08:52:51.71   99.70  -0.220  27.177   32.714   97.5  11.44  14.000   -0.04515    2.79    2.62    3.12
15-07-2024 08:52:51.96   99.75  -0.219  27.175   32.711   97.5  11.44  14.000   -0.04959    3.23    2.72    3.35
15-07-2024 08:52:52.21   99.77  -0.219  27.175   32.711   97.5  11.44  14.000   -0.02739    2.48    2.14    3.23
15-07-2024 08:52:52.45   99.82  -0.220  27.175   32.711   97.4  11.44  14.000   -0.05329    2.35    1.86    2.98
15-07-2024 08:52:52.70   99.84  -0.219  27.174   32.709   97.4  11.44  14.000   -0.04441    2.52    2.45    3.16
15-07-2024 08:52:52.94   99.88  -0.219  27.175   32.710   97.4  11.44  14.000   -0.06143    2.52    2.45    3.16
15-07-2024 08:52:53.19   99.92  -0.219  27.175   32.710   97.4  11.43  14.000   -0.04663    2.53    2.51    3.34
15-07-2024 08:52:53.43   99.93  -0.219  27.176   32.711   97.4  11.43  14.000   -0.04219    2.75    2.42    3.34
15-07-2024 08:52:53.68   99.95  -0.219  27.176   32.711   97.4  11.43  14.000   -0.03627    2.52    2.84    3.00
15-07-2024 08:52:53.92   99.97  -0.218  27.176   32.710   97.4  11.43  14.000   -0.01036    2.53    2.82    3.37
15-07-2024 08:52:54.17   99.96  -0.217  27.176   32.710   97.4  11.43  14.000   -0.03775    2.70    2.03    3.41
15-07-2024 08:52:54.41   99.95  -0.218  27.177   32.712   97.4  11.43  14.000   -0.04589    2.96    2.65    3.27
15-07-2024 08:52:54.66   99.92  -0.218  27.177   32.711   97.4  11.43  14.000   -0.03257    2.96    2.65    3.27
15-07-2024 08:52:54.90   99.92  -0.218  27.177   32.712   97.4  11.43  14.000   -0.03479    2.38    2.57    3.43
15-07-2024 08:52:55.16   99.91  -0.218  27.177   32.711   97.4  11.43  14.000   -0.03553    2.82    2.59    3.05
15-07-2024 08:52:55.40   99.90  -0.217  27.176   32.710   97.4  11.43  14.000   -0.06291    2.48    2.47    3.20
15-07-2024 08:52:55.65   99.85  -0.218  27.176   32.710   97.4  11.43  14.000   -0.05403    2.67    2.49    3.24
15-07-2024 08:52:55.90   99.80  -0.218  27.176   32.710   97.4  11.43  14.000   -0.04515    2.28    2.37    3.31
15-07-2024 08:52:56.14   99.78  -0.219  27.175   32.710   97.3  11.43  14.000   -0.04959    4.74    2.35    3.35
15-07-2024 08:52:56.39   99.71  -0.220  27.175   32.711   97.4  11.43  14.000   -0.04663    4.74    2.35    3.35
15-07-2024 08:52:56.63   99.72  -0.221  27.174   32.712   97.4  11.43  14.000   -0.05773    2.53    1.86    3.17
15-07-2024 08:52:56.88   99.70  -0.224  27.173   32.712   97.4  11.43  14.000   -0.05255    3.06    2.66    3.53
15-07-2024 08:52:57.12   99.67  -0.226  27.170   32.711   97.4  11.43  14.000   -0.04219    2.28    2.05    3.04
15-07-2024 08:52:57.37   99.67  -0.227  27.167   32.708   97.4  11.43  14.000   -0.02368    2.66    2.76    3.28
15-07-2024 08:52:57.61   99.69  -0.228  27.167   32.710   97.4  11.43  14.000   -0.05477    2.74    2.46    3.27
15-07-2024 08:52:57.86   99.74  -0.228  27.167   32.709   97.4  11.43  14.000   -0.05625    3.35    2.45    3.38
15-07-2024 08:52:58.10   99.75  -0.229  27.167   32.711   97.4  11.43  14.000   -0.03997    3.35    2.45    3.38
15-07-2024 08:52:58.35   99.74  -0.230  27.166   32.710   97.4  11.43  14.000   -0.05477    2.37    2.73    3.54
15-07-2024 08:52:58.59   99.76  -0.230  27.165   32.709   97.4  11.43  14.000   -0.03479    2.90    2.48    3.40
15-07-2024 08:52:58.84   99.80  -0.230  27.164   32.708   97.4  11.43  14.000   -0.04367    3.90    2.79    3.20
15-07-2024 08:52:59.09   99.81  -0.230  27.164   32.708   97.3  11.43  14.000   -0.04589    2.90    2.24    3.27
15-07-2024 08:52:59.34   99.78  -0.231  27.163   32.707   97.3  11.43  14.000   -0.03553    2.54    1.98    3.03
15-07-2024 08:52:59.58   99.82  -0.230  27.164   32.707   97.3  11.42  14.000   -0.03775    2.32    2.26    3.44
15-07-2024 08:52:59.83   99.80  -0.231  27.164   32.708   97.3  11.42  14.000   -0.06069    2.32    2.26    3.44
15-07-2024 08:53:00.07   99.80  -0.231  27.163   32.707   97.3  11.42  14.000   -0.04589    2.73    2.44    3.26
15-07-2024 08:53:00.32   99.78  -0.230  27.163   32.706   97.3  11.42  14.000   -0.05255    2.69    2.02    3.04
15-07-2024 08:53:00.56   99.76  -0.230  27.163   32.706   97.3  11.42  14.000   -0.04145    2.62    2.44    3.41
15-07-2024 08:53:00.81   99.80  -0.230  27.164   32.708   97.3  11.42  14.000   -0.05033    4.85    2.54    3.47
15-07-2024 08:53:01.05   99.78  -0.229  27.165   32.707   97.2  11.42  14.000   -0.06439    3.36    2.58    3.35
15-07-2024 08:53:01.30   99.82  -0.228  27.166   32.707   97.2  11.42  14.000   -0.03849    2.43    2.16    3.54
15-07-2024 08:53:01.54   99.78  -0.227  27.166   32.706   97.2  11.42  14.000   -0.04293    2.43    2.16    3.54
15-07-2024 08:53:01.79   99.75  -0.226  27.166   32.706   97.2  11.42  14.000   -0.05625    2.43    2.72    3.31
15-07-2024 08:53:02.03   99.73  -0.226  27.166   32.705   97.2  11.41  14.000   -0.05329    2.36    2.42    3.35
15-07-2024 08:53:02.28   99.72  -0.227  27.166   32.706   97.2  11.41  14.000   -0.04885    2.64    2.01    3.15
15-07-2024 08:53:02.53   99.74  -0.229  27.165   32.708   97.2  11.42  14.000   -0.05107    3.67    2.61    3.19
15-07-2024 08:53:02.78   99.71  -0.229  27.166   32.709   97.2  11.42  14.000   -0.03627    3.03    2.17    3.28
15-07-2024 08:53:03.03   99.66  -0.229  27.164   32.707   97.2  11.42  14.000   -0.06217    2.52    1.85    3.03
15-07-2024 08:53:03.27   99.67  -0.230  27.164   32.708   97.2  11.42  14.000   -0.05255    2.52    1.85    3.03
15-07-2024 08:53:03.52   99.66  -0.230  27.164   32.707   97.2  11.41  14.000   -0.05699    2.37    2.79    3.01
15-07-2024 08:53:03.76   99.64  -0.230  27.164   32.707   97.2  11.42  14.000   -0.06439    3.08    2.39    3.25
15-07-2024 08:53:04.01   99.63  -0.231  27.164   32.708   97.2  11.42  14.000   -0.04589    2.80    2.01    3.16
15-07-2024 08:53:04.25   99.66  -0.231  27.163   32.708   97.2  11.41  14.000   -0.04071    2.85    2.59    3.28
15-07-2024 08:53:04.50   99.67  -0.231  27.163   32.708   97.2  11.41  14.000   -0.04959    2.76    2.84    3.38
15-07-2024 08:53:04.74   99.74  -0.231  27.163   32.707   97.2  11.41  14.000   -0.03775    2.49    2.10    3.08
15-07-2024 08:53:04.99   99.73  -0.231  27.163   32.706   97.2  11.41  14.000   -0.03035    2.49    2.10    3.08
15-07-2024 08:53:05.23   99.82  -0.230  27.162   32.705   97.2  11.41  14.000   -0.04589    2.52    2.26    3.34
15-07-2024 08:53:05.48   99.82  -0.231  27.162   32.706   97.2  11.41  14.000   -0.06883    2.28    2.40    3.47
15-07-2024 08:53:05.72   99.86  -0.230  27.162   32.705   97.2  11.41  14.000   -0.05773    2.23    2.51    3.09
15-07-2024 08:53:05.97   99.94  -0.230  27.162   32.705   97.2  11.41  14.000   -0.03775    3.06    2.45    3.05
15-07-2024 08:53:06.23   99.96  -0.229  27.162   32.704   97.1  11.41  14.000   -0.05255    2.71    2.68    3.37
15-07-2024 08:53:06.46   99.98  -0.229  27.162   32.704   97.2  11.41  14.000   -0.03627    2.90    1.90    3.05
15-07-2024 08:53:06.71   99.96  -0.229  27.163   32.705   97.2  11.41  14.000   -0.05625    2.90    1.90    3.05
15-07-2024 08:53:06.96  100.02  -0.229  27.164   32.706   97.2  11.41  14.000   -0.04885    2.59    2.43    3.40
15-07-2024 08:53:07.20  100.00  -0.228  27.165   32.707   97.1  11.41  14.000   -0.04589    2.09    2.78    3.24
15-07-2024 08:53:07.45  100.02  -0.228  27.166   32.708   97.2  11.41  14.000   -0.05033    2.84    2.58    3.18
15-07-2024 08:53:07.69  100.03  -0.228  27.166   32.707   97.1  11.41  14.000   -0.03923    2.52    2.40    3.24
15-07-2024 08:53:07.94   99.99  -0.228  27.166   32.708   97.2  11.41  14.000   -0.05921    2.40    2.46    2.88
15-07-2024 08:53:08.18   99.97  -0.229  27.165   32.707   97.2  11.41  14.000   -0.01702    2.54    2.53    3.29
15-07-2024 08:53:08.43   99.90  -0.229  27.164   32.707   97.2  11.41  14.000   -0.06735    2.54    2.53    3.29
15-07-2024 08:53:08.67   99.88  -0.229  27.165   32.707   97.2  11.41  14.000   -0.04737    2.71    2.26    3.23
15-07-2024 08:53:08.92   99.83  -0.230  27.164   32.707   97.2  11.41  14.000   -0.04589    2.65    2.67    3.40
15-07-2024 08:53:09.16   99.83  -0.229  27.164   32.706   97.2  11.41  14.000   -0.04145    2.61    2.15    3.47
15-07-2024 08:53:09.41   99.81  -0.230  27.164   32.707   97.2  11.41  14.000   -0.05329    2.81    2.36    3.24
15-07-2024 08:53:09.66   99.77  -0.230  27.163   32.705   97.2  11.41  14.000   -0.04219    2.57    2.49    3.41
15-07-2024 08:53:09.91   99.74  -0.230  27.163   32.706   97.2  11.41  14.000   -0.03923    2.40    2.17    3.34
15-07-2024 08:53:10.15   99.72  -0.231  27.163   32.708   97.2  11.41  14.000   -0.02887    2.40    2.17    3.34
15-07-2024 08:53:10.40   99.73  -0.231  27.163   32.708   97.2  11.41  14.000   -0.03849    2.38    2.27    3.32
15-07-2024 08:53:10.65   99.71  -0.231  27.163   32.708   97.2  11.41  14.000   -0.06439    2.57    1.89    3.34
15-07-2024 08:53:10.89   99.67  -0.232  27.163   32.707   97.2  11.41  14.000   -0.04145    2.50    2.34    3.12
15-07-2024 08:53:11.14   99.70  -0.232  27.163   32.709   97.2  11.41  14.000   -0.05329    2.54    2.84    3.31
15-07-2024 08:53:11.38   99.72  -0.232  27.162   32.708   97.2  11.41  14.000   -0.05847    2.67    2.51    3.31
15-07-2024 08:53:11.63   99.71  -0.233  27.161   32.706   97.2  11.41  14.000   -0.01776    2.73    2.34    3.46
15-07-2024 08:53:11.87   99.71  -0.232  27.162   32.707   97.2  11.41  14.000   -0.04589    2.73    2.34    3.46
15-07-2024 08:53:12.12   99.75  -0.231  27.161   32.705   97.2  11.41  14.000   -0.03997    3.05    2.27    3.40
15-07-2024 08:53:12.36   99.77  -0.231  27.161   32.705   97.2  11.41  14.000   -0.05773    2.47    2.69    3.15
15-07-2024 08:53:12.61   99.75  -0.231  27.162   32.705   97.1  11.41  14.000   -0.03849    2.35    2.13    3.23
15-07-2024 08:53:12.85   99.79  -0.231  27.162   32.706   97.2  11.41  14.000   -0.03627    3.94    2.73    3.52
15-07-2024 08:53:13.10   99.82  -0.231  27.162   32.705   97.1  11.41  14.000   -0.05033    2.52    2.52    3.32
15-07-2024 08:53:13.34   99.82  -0.231  27.163   32.707   97.1  11.41  14.000   -0.04515    2.52    2.52    3.32
15-07-2024 08:53:13.59   99.87  -0.230  27.164   32.708   97.1  11.40  14.000   -0.04885    2.88    2.63    3.48
15-07-2024 08:53:13.84   99.85  -0.230  27.163   32.707   97.1  11.40  14.000   -0.04515    2.76    2.49    3.59
15-07-2024 08:53:14.09   99.88  -0.229  27.164   32.706   97.1  11.40  14.000   -0.04441    2.71    2.70    3.45
15-07-2024 08:53:14.33   99.87  -0.229  27.164   32.707   97.1  11.40  14.000   -0.05107    2.68    1.81    2.98
15-07-2024 08:53:14.58   99.89  -0.229  27.165   32.707   97.1  11.40  14.000   -0.06143    2.79    2.68    3.06
15-07-2024 08:53:14.82   99.88  -0.229  27.166   32.708   97.1  11.40  14.000   -0.05181    2.61    1.49    3.35
15-07-2024 08:53:15.07   99.83  -0.229  27.165   32.708   97.1  11.40  14.000   -0.03627    2.63    2.41    3.18
15-07-2024 08:53:15.31   99.82  -0.229  27.165   32.708   97.1  11.40  14.000   -0.03997    2.63    2.41    3.18
15-07-2024 08:53:15.56   99.79  -0.230  27.165   32.708   97.1  11.40  14.000   -0.05329    2.26    2.32    3.43
15-07-2024 08:53:15.80   99.76  -0.230  27.165   32.709   97.1  11.40  14.000   -0.05625    2.29    2.12    3.48
15-07-2024 08:53:16.05   99.75  -0.229  27.165   32.707   97.1  11.40  14.000   -0.04959    2.51    2.94    3.46
15-07-2024 08:53:16.29   99.75  -0.230  27.164   32.707   97.1  11.40  14.000   -0.04219    2.71    2.71    3.36
15-07-2024 08:53:16.54   99.76  -0.230  27.165   32.708   97.1  11.40  14.000   -0.06587    3.64    2.19    2.92
15-07-2024 08:53:16.78   99.70  -0.230  27.163   32.706   97.1  11.40  14.000   -0.05551    3.64    2.19    2.92
15-07-2024 08:53:17.04   99.71  -0.230  27.162   32.704   97.1  11.40  14.000   -0.05033    2.40    2.27    3.51
15-07-2024 08:53:17.28   99.71  -0.230  27.163   32.707   97.1  11.40  14.000   -0.05403    2.57    2.46    3.33
15-07-2024 08:53:17.53   99.71  -0.230  27.164   32.707   97.1  11.40  14.000   -0.05625    2.63    2.48    3.26
15-07-2024 08:53:17.78   99.78  -0.231  27.163   32.707   97.1  11.40  14.000   -0.05477    2.74    2.37    3.13
15-07-2024 08:53:18.02   99.78  -0.231  27.163   32.707   97.1  11.40  14.000   -0.05329    2.46    2.43    3.06
15-07-2024 08:53:18.27   99.78  -0.232  27.164   32.708   97.1  11.40  14.000   -0.04515    2.66    2.56    3.35
15-07-2024 08:53:18.51   99.76  -0.231  27.164   32.708   97.1  11.40  14.000   -0.03405    2.66    2.56    3.35
15-07-2024 08:53:18.76   99.83  -0.231  27.164   32.708   97.1  11.40  14.000   -0.04515    2.68    2.50    3.28
15-07-2024 08:53:19.00   99.81  -0.232  27.163   32.708   97.1  11.40  14.000   -0.04145    2.34    2.42    3.20
15-07-2024 08:53:19.25   99.81  -0.233  27.163   32.708   97.0  11.40  14.000   -0.04885    2.70    2.34    3.29
15-07-2024 08:53:19.49   99.89  -0.232  27.162   32.706   97.0  11.39  14.000   -0.03257    2.53    2.01    3.46
15-07-2024 08:53:19.74   99.89  -0.231  27.161   32.704   97.0  11.39  14.000   -0.04071    2.42    2.36    3.45
15-07-2024 08:53:19.98   99.88  -0.231  27.162   32.706   97.0  11.39  14.000   -0.04145    2.33    2.34    3.12
15-07-2024 08:53:20.23   99.94  -0.231  27.162   32.706   97.0  11.39  14.000   -0.04737    2.33    2.34    3.12
15-07-2024 08:53:20.47   99.94  -0.231  27.163   32.707   97.0  11.39  14.000   -0.05847    2.22    2.46    3.18
15-07-2024 08:53:20.72   99.99  -0.231  27.164   32.707   97.0  11.39  14.000   -0.02813    2.81    1.98    3.32
15-07-2024 08:53:20.97   99.97  -0.230  27.163   32.706   97.0  11.38  14.000   -0.04737    2.27    2.11    3.57
15-07-2024 08:53:21.21   99.94  -0.231  27.163   32.707   96.9  11.38  14.000   -0.06217    2.46    2.20    3.20
15-07-2024 08:53:21.46   99.97  -0.230  27.164   32.707   97.0  11.38  14.000   -0.04737    2.52    2.42    3.06
15-07-2024 08:53:21.71   99.96  -0.230  27.164   32.707   96.9  11.38  14.000   -0.05477    2.54    2.19    3.41
15-07-2024 08:53:21.95  100.00  -0.230  27.163   32.706   97.0  11.38  14.000   -0.04071    2.54    2.19    3.41
15-07-2024 08:53:22.20   99.92  -0.230  27.163   32.706   97.0  11.38  14.000   -0.05255    2.41    3.06    2.98
15-07-2024 08:53:22.44   99.92  -0.231  27.163   32.708   97.0  11.38  14.000   -0.01554    2.72    2.25    3.46
15-07-2024 08:53:22.69   99.87  -0.232  27.163   32.708   97.0  11.39  14.000   -0.04737    2.57    2.48    3.43
15-07-2024 08:53:22.93   99.83  -0.232  27.163   32.709   97.0  11.39  14.000   -0.03627    3.29    2.35    3.43
15-07-2024 08:53:23.18   99.83  -0.232  27.163   32.708   97.0  11.39  14.000   -0.05625    2.41    2.81    3.03
15-07-2024 08:53:23.42   99.78  -0.232  27.162   32.707   97.0  11.39  14.000   -0.04145    2.27    2.88    3.51
15-07-2024 08:53:23.67   99.73  -0.232  27.162   32.706   97.0  11.39  14.000   -0.03405    2.27    2.88    3.51
15-07-2024 08:53:23.91   99.79  -0.232  27.162   32.707   97.0  11.39  14.000   -0.05255    2.47    2.61    3.05
15-07-2024 08:53:24.16   99.70  -0.232  27.162   32.707   97.0  11.39  14.000   -0.04441    2.15    2.47    3.34
15-07-2024 08:53:24.40   99.69  -0.232  27.162   32.707   97.0  11.39  14.000   -0.02739    2.70    2.56    3.36
15-07-2024 08:53:24.66   99.70  -0.232  27.161   32.706   97.0  11.39  14.000   -0.04885    2.45    2.53    3.38
15-07-2024 08:53:24.90   99.68  -0.232  27.161   32.706   97.0  11.39  14.000   -0.03405    2.42    2.68    3.11
15-07-2024 08:53:25.15   99.70  -0.233  27.161   32.706   97.0  11.39  14.000   -0.03997    2.91    2.47    3.51
15-07-2024 08:53:25.40   99.72  -0.233  27.161   32.707   97.0  11.39  14.000   -0.04515    2.91    2.47    3.51
15-07-2024 08:53:25.64   99.76  -0.233  27.161   32.707   97.0  11.39  14.000   -0.05107    2.28    2.57    2.96
15-07-2024 08:53:25.89   99.70  -0.234  27.160   32.707   97.0  11.39  14.000   -0.03109    2.91    2.73    3.60
15-07-2024 08:53:26.13   99.78  -0.235  27.159   32.706   97.0  11.39  14.000   -0.03405    3.63    2.81    3.46
15-07-2024 08:53:26.38   99.77  -0.235  27.160   32.707   97.0  11.39  14.000   -0.05329    2.52    2.42    3.32
15-07-2024 08:53:26.62   99.83  -0.235  27.160   32.707   97.0  11.39  14.000   -0.06587    3.55    2.40    3.22
15-07-2024 08:53:26.87   99.82  -0.234  27.159   32.705   96.9  11.38  14.000   -0.04071    2.15    2.41    3.26
15-07-2024 08:53:27.11   99.86  -0.233  27.158   32.703   96.9  11.38  14.000   -0.04885    2.15    2.41    3.26
15-07-2024 08:53:27.36   99.84  -0.233  27.160   32.705   96.9  11.38  14.000   -0.04145    2.74    2.53    3.47
15-07-2024 08:53:27.60   99.82  -0.233  27.159   32.704   96.9  11.38  14.000   -0.03109    2.38    2.37    3.36
15-07-2024 08:53:27.85   99.80  -0.234  27.160   32.706   96.9  11.38  14.000   -0.04293    2.85    2.60    3.22
15-07-2024 08:53:28.10   99.76  -0.234  27.160   32.706   96.9  11.38  14.000   -0.03183    2.20    2.10    3.29
15-07-2024 08:53:28.34   99.71  -0.234  27.159   32.705   96.9  11.37  14.000   -0.03479    2.39    2.68    3.23
15-07-2024 08:53:28.59   99.67  -0.234  27.160   32.705   96.9  11.38  14.000   -0.05329    2.79    2.26    3.29
15-07-2024 08:53:28.84   99.52  -0.234  27.160   32.706   96.9  11.38  14.000   -0.03849    2.79    2.26    3.29
15-07-2024 08:53:29.08   99.39  -0.233  27.160   32.706   96.9  11.38  14.000   -0.05181    3.53    2.00    3.32
15-07-2024 08:53:29.33   99.21  -0.233  27.160   32.706   96.9  11.37  14.000   -0.04589    2.24    2.71    3.04
15-07-2024 08:53:29.57   99.02  -0.234  27.159   32.705   96.9  11.38  14.000   -0.06291    2.08    2.65    3.21
15-07-2024 08:53:29.82   98.74  -0.235  27.157   32.703   96.9  11.38  14.000   -0.04811    2.83    2.64    3.35
15-07-2024 08:53:30.06   98.48  -0.246  27.130   32.679   96.9  11.39  14.000   -0.02961    3.09    2.44    3.49
15-07-2024 08:53:30.31   98.24  -0.256  27.123   32.682   96.9  11.39  14.000   -0.03997    2.65    2.56    3.25
15-07-2024 08:53:30.55   98.07  -0.269  27.117   32.687   96.9  11.39  14.000   -0.04959    2.65    2.56    3.25
15-07-2024 08:53:30.80   97.88  -0.294  27.071   32.654   97.0  11.41  14.000   -0.04071    3.28    2.41    3.37
15-07-2024 08:53:31.04   97.76  -0.306  27.075   32.671   97.0  11.41  14.000   -0.04367    2.69    2.36    3.39
15-07-2024 08:53:31.29   97.75  -0.309  27.072   32.671   96.9  11.41  14.000   -0.05255    2.70    2.49    3.18
15-07-2024 08:53:31.54   97.59  -0.314  27.078   32.685   96.9  11.41  14.000   -0.03405    2.63    2.19    3.22
15-07-2024 08:53:31.78   97.51  -0.310  27.076   32.678   96.9  11.41  14.000   -0.06069    2.24    2.02    3.45
15-07-2024 08:53:32.03   97.43  -0.310  27.076   32.677   97.0  11.41  14.000   -0.03257    2.52    1.85    2.87
15-07-2024 08:53:32.28   97.31  -0.323  27.076   32.692   97.0  11.42  14.000   -0.03997    2.52    1.85    2.87
15-07-2024 08:53:32.53   97.26  -0.329  27.062   32.680   97.0  11.42  14.000   -0.04219    2.64    2.42    3.30
15-07-2024 08:53:32.77   97.16  -0.325  27.062   32.675   97.0  11.42  14.000   -0.03479    2.63    2.36    3.38
15-07-2024 08:53:33.02   97.12  -0.316  27.065   32.669   96.9  11.41  14.000   -0.03257    2.70    2.90    3.51
15-07-2024 08:53:33.26   97.07  -0.320  27.061   32.668   97.0  11.41  14.000   -0.02887    2.67    2.20    3.48
15-07-2024 08:53:33.51   96.96  -0.323  27.061   32.672   97.0  11.42  14.000   -0.03775    2.76    2.06    3.14
15-07-2024 08:53:33.75   96.84  -0.331  27.054   32.672   97.0  11.42  14.000   -0.04145    3.07    2.57    3.03
15-07-2024 08:53:34.00   96.76  -0.341  27.053   32.681   97.0  11.42  14.000   -0.04515    3.07    2.57    3.03
15-07-2024 08:53:34.24   96.67  -0.348  27.045   32.678   97.0  11.43  14.000   -0.04515    2.81    2.41    3.41
15-07-2024 08:53:34.49   96.58  -0.352  27.026   32.656   97.0  11.43  14.000   -0.03479    2.62    2.13    3.24
15-07-2024 08:53:34.73   96.52  -0.354  27.015   32.645   97.0  11.43  14.000   -0.03997    2.61    2.62    3.17
15-07-2024 08:53:34.98   96.39  -0.356  27.010   32.640   97.0  11.43  14.000   -0.04219    2.88    2.37    3.03
15-07-2024 08:53:35.22   96.27  -0.360  27.001   32.632   97.0  11.43  14.000   -0.04885    2.83    1.97    3.23
15-07-2024 08:53:35.47   96.14  -0.368  26.988   32.623   97.0  11.44  14.000   -0.05551    2.81    2.54    3.40
15-07-2024 08:53:35.72   96.03  -0.376  26.980   32.621   97.0  11.44  14.000   -0.03775    2.81    2.54    3.40
15-07-2024 08:53:35.96   95.94  -0.384  26.979   32.628   97.0  11.44  14.000   -0.04441    3.10    2.43    3.06
15-07-2024 08:53:36.21   95.73  -0.387  26.969   32.619   97.0  11.44  14.000   -0.04589    2.83    2.72    3.36
15-07-2024 08:53:36.46   95.57  -0.395  26.954   32.609   97.0  11.44  14.000   -0.03405    2.79    2.86    3.27
15-07-2024 08:53:36.70   95.48  -0.406  26.945   32.607   97.0  11.45  14.000   -0.02961    2.82    2.29    3.25
15-07-2024 08:53:36.95   95.28  -0.412  26.932   32.596   97.0  11.45  14.000   -0.04071    2.49    2.40    3.23
15-07-2024 08:53:37.19   95.17  -0.421  26.926   32.598   96.9  11.45  14.000   -0.05921    2.53    2.64    3.30
15-07-2024 08:53:37.44   95.00  -0.427  26.923   32.601   97.0  11.45  14.000   -0.03479    2.53    2.64    3.30
15-07-2024 08:53:37.68   94.82  -0.429  26.918   32.596   97.0  11.46  14.000   -0.04959    2.63    2.37    3.18
15-07-2024 08:53:37.93   94.70  -0.430  26.915   32.594   97.0  11.45  14.000   -0.03479    2.59    2.68    3.52
15-07-2024 08:53:38.17   94.56  -0.435  26.901   32.581   96.9  11.45  14.000   -0.03849    2.75    2.20    3.24
15-07-2024 08:53:38.42   94.44  -0.438  26.900   32.582   96.9  11.45  14.000   -0.01998    2.55    2.57    3.16
15-07-2024 08:53:38.66   94.31  -0.440  26.900   32.584   96.9  11.45  14.000   -0.04663    3.20    2.05    3.26
15-07-2024 08:53:38.91   94.12  -0.439  26.903   32.587   96.9  11.45  14.000   -0.04663    2.64    2.29    3.24
15-07-2024 08:53:39.16   94.02  -0.441  26.897   32.582   96.9  11.45  14.000   -0.04885    2.64    2.29    3.24
15-07-2024 08:53:39.41   93.87  -0.444  26.888   32.573   96.9  11.45  14.000   -0.04811    2.88    2.45    3.59
15-07-2024 08:53:39.65   93.76  -0.445  26.883   32.568   96.9  11.45  14.000   -0.03035    2.68    2.18    3.29
15-07-2024 08:53:39.90   93.62  -0.448  26.882   32.570   96.9  11.46  14.000   -0.02220    2.62    1.96    3.09
15-07-2024 08:53:40.14   93.53  -0.454  26.872   32.562   96.9  11.46  14.000   -0.01554    2.91    2.39    3.04
15-07-2024 08:53:40.39   93.37  -0.460  26.866   32.561   96.9  11.46  14.000   -0.02887    2.56    2.56    3.56
15-07-2024 08:53:40.64   93.31  -0.464  26.865   32.564   96.9  11.46  14.000   -0.03405    2.63    2.39    3.32
15-07-2024 08:53:40.88   93.18  -0.468  26.862   32.566   96.9  11.47  14.000   -0.04219    2.63    2.39    3.32
15-07-2024 08:53:41.13   93.05  -0.471  26.863   32.570   96.9  11.47  14.000   -0.03923    2.70    2.28    3.37
15-07-2024 08:53:41.37   92.93  -0.474  26.863   32.573   97.0  11.47  14.000   -0.03923    2.95    2.26    3.50
15-07-2024 08:53:41.62   92.85  -0.474  26.865   32.575   97.0  11.47  14.000   -0.04219    4.29    2.11    3.38
15-07-2024 08:53:41.86   92.75  -0.471  26.863   32.569   97.0  11.47  14.000   -0.03405    3.03    2.17    3.24
15-07-2024 08:53:42.11   92.62  -0.469  26.861   32.565   97.0  11.47  14.000   -0.04663    2.96    2.34    3.03
15-07-2024 08:53:42.35   92.49  -0.471  26.858   32.563   97.0  11.47  14.000   -0.03627    2.62    3.25    3.32
15-07-2024 08:53:42.60   92.38  -0.472  26.849   32.553   96.9  11.47  14.000   -0.04145    2.62    3.25    3.32
15-07-2024 08:53:42.84   92.24  -0.478  26.844   32.552   96.9  11.47  14.000   -0.04145    2.49    2.39    3.72
15-07-2024 08:53:43.09   92.07  -0.482  26.837   32.547   97.0  11.47  14.000   -0.04145    2.82    2.58    3.57
15-07-2024 08:53:43.34   91.96  -0.486  26.833   32.546   97.0  11.47  14.000   -0.03701    2.82    1.72    3.38
15-07-2024 08:53:43.59   91.80  -0.487  26.829   32.542   97.0  11.48  14.000   -0.04367    2.73    2.56    3.28
15-07-2024 08:53:43.83   91.60  -0.488  26.827   32.541   97.0  11.48  14.000   -0.01628    2.78    2.36    3.12
15-07-2024 08:53:44.08   91.44  -0.490  26.827   32.543   96.9  11.48  14.000   -0.04293    2.69    2.29    3.44
15-07-2024 08:53:44.32   91.27  -0.495  26.822   32.542   97.0  11.48  14.000   -0.02368    2.69    2.29    3.44
15-07-2024 08:53:44.57   91.11  -0.498  26.819   32.541   97.0  11.48  14.000   -0.03849    2.46    2.20    3.33
15-07-2024 08:53:44.81   91.03  -0.501  26.812   32.535   96.9  11.48  14.000   -0.03701    2.77    2.24    3.27
15-07-2024 08:53:45.06   90.82  -0.502  26.810   32.533   96.9  11.48  14.000   -0.03701    3.04    2.45    3.44
15-07-2024 08:53:45.30   90.71  -0.503  26.809   32.533   96.9  11.48  14.000   -0.03405    2.61    2.49    3.31
15-07-2024 08:53:45.55   90.58  -0.505  26.807   32.533   96.9  11.48  14.000   -0.02739    2.99    2.13    3.15
15-07-2024 08:53:45.79   90.43  -0.507  26.806   32.533   96.9  11.48  14.000   -0.00074    2.88    2.01    3.29
15-07-2024 08:53:46.04   90.26  -0.508  26.805   32.534   96.9  11.48  14.000   -0.03331    2.88    2.01    3.29
15-07-2024 08:53:46.28   90.15  -0.508  26.805   32.534   96.9  11.48  14.000   -0.02665    3.08    2.33    3.21
15-07-2024 08:53:46.53   90.00  -0.509  26.803   32.532   96.9  11.48  14.000   -0.03257    2.32    1.93    3.45
15-07-2024 08:53:46.78   89.82  -0.510  26.801   32.530   97.0  11.49  14.000   -0.03183    2.84    2.31    3.31
15-07-2024 08:53:47.03   89.69  -0.512  26.797   32.526   97.0  11.49  14.000   -0.04589    3.20    2.43    3.42
15-07-2024 08:53:47.28   89.55  -0.515  26.793   32.525   97.0  11.49  14.000   -0.03923    2.91    2.39    3.54
15-07-2024 08:53:47.52   89.40  -0.516  26.792   32.525   97.0  11.49  14.000   -0.02813    2.45    2.45    3.36
15-07-2024 08:53:47.77   89.28  -0.517  26.790   32.523   97.0  11.49  14.000   -0.02961    2.45    2.45    3.36
15-07-2024 08:53:48.01   89.14  -0.518  26.788   32.522   97.0  11.49  14.000   -0.01406    2.93    2.40    2.98
15-07-2024 08:53:48.26   88.98  -0.518  26.787   32.521   97.0  11.49  14.000   -0.03405    2.58    2.63    3.36
15-07-2024 08:53:48.50   88.84  -0.519  26.785   32.519   97.0  11.49  14.000   -0.01406    2.37    2.45    3.41
15-07-2024 08:53:48.75   88.74  -0.520  26.785   32.520   97.0  11.49  14.000   -0.03035    2.84    2.24    3.42
15-07-2024 08:53:48.99   88.59  -0.521  26.785   32.521   97.0  11.49  14.000   -0.02517    2.46    2.06    3.14
15-07-2024 08:53:49.24   88.45  -0.521  26.785   32.522   97.0  11.49  14.000   -0.02146    2.51    2.41    3.42
15-07-2024 08:53:49.48   88.33  -0.523  26.783   32.521   97.0  11.50  14.000   -0.02146    2.51    2.41    3.42
15-07-2024 08:53:49.73   88.17  -0.524  26.781   32.519   97.0  11.50  14.000   -0.03553    2.73    2.54    3.25
15-07-2024 08:53:49.97   88.06  -0.525  26.778   32.518   97.0  11.50  14.000   -0.02665    2.71    2.20    3.18
15-07-2024 08:53:50.23   87.86  -0.527  26.772   32.511   97.1  11.50  14.000   -0.03405    2.98    2.38    3.42
15-07-2024 08:53:50.47   87.72  -0.529  26.764   32.502   97.0  11.50  14.000   -0.01850    2.42    2.73    3.46
15-07-2024 08:53:50.72   87.55  -0.533  26.756   32.496   97.0  11.50  14.000   -0.03035    2.75    2.34    3.01
15-07-2024 08:53:50.97   87.35  -0.537  26.751   32.494   97.1  11.51  14.000   -0.01924    2.62    2.56    3.46
15-07-2024 08:53:51.21   87.14  -0.540  26.745   32.489   97.0  11.51  14.000   -0.02517    2.62    2.56    3.46
15-07-2024 08:53:51.46   87.00  -0.545  26.737   32.484   97.0  11.51  14.000   -0.03257    2.58    2.01    3.54
15-07-2024 08:53:51.70   86.80  -0.549  26.733   32.482   97.1  11.51  14.000   -0.02665    3.16    2.24    3.39
15-07-2024 08:53:51.95   86.60  -0.553  26.727   32.479   97.1  11.51  14.000   -0.02813    3.06    2.34    3.25
15-07-2024 08:53:52.19   86.42  -0.556  26.723   32.477   97.1  11.52  14.000   -0.02739    2.52    2.25    3.65
15-07-2024 08:53:52.44   86.23  -0.558  26.723   32.479   97.1  11.51  14.000   -0.00962    3.19    2.59    3.41
15-07-2024 08:53:52.68   86.09  -0.563  26.717   32.477   97.1  11.52  14.000    0.00592    2.84    2.37    3.29
15-07-2024 08:53:52.93   85.95  -0.566  26.711   32.472   97.1  11.52  14.000   -0.01110    2.84    2.37    3.29
15-07-2024 08:53:53.17   85.89  -0.567  26.707   32.467   97.1  11.52  14.000   -0.03183    3.01    2.72    3.62
15-07-2024 08:53:53.42   85.72  -0.571  26.691   32.451   97.1  11.52  14.000   -0.02072    2.32    2.31    3.27
15-07-2024 08:53:53.66   85.59  -0.575  26.692   32.456   97.1  11.53  14.000   -0.01184    2.46    1.95    3.30
15-07-2024 08:53:53.91   85.50  -0.576  26.693   32.459   97.1  11.53  14.000   -0.01258    2.89    1.99    3.33
15-07-2024 08:53:54.16   85.38  -0.575  26.696   32.462   97.1  11.52  14.000   -0.00962    2.85    2.25    3.45
15-07-2024 08:53:54.40   85.20  -0.575  26.696   32.463   97.1  11.52  14.000    0.00074    2.67    2.53    3.33
15-07-2024 08:53:54.65   85.01  -0.575  26.697   32.464   97.1  11.53  14.000   -0.01406    2.67    2.53    3.33
15-07-2024 08:53:54.90   84.87  -0.577  26.693   32.461   97.1  11.53  14.000   -0.01332    2.57    2.58    3.53
15-07-2024 08:53:55.14   84.73  -0.579  26.683   32.450   97.1  11.53  14.000   -0.02517    2.54    1.95    3.38
15-07-2024 08:53:55.39   84.53  -0.583  26.676   32.445   97.1  11.53  14.000   -0.01036    2.52    2.29    3.06
15-07-2024 08:53:55.63   84.41  -0.586  26.668   32.437   97.2  11.54  14.000   -0.01184    2.58    2.82    3.33
15-07-2024 08:53:55.88   84.20  -0.588  26.662   32.432   97.2  11.54  14.000   -0.00074    2.40    2.10    3.20
15-07-2024 08:53:56.12   84.04  -0.591  26.660   32.432   97.2  11.54  14.000   -0.00444    2.60    2.41    3.11
15-07-2024 08:53:56.37   83.89  -0.593  26.658   32.432   97.2  11.54  14.000   -0.00666    2.60    2.41    3.11
15-07-2024 08:53:56.61   83.73  -0.596  26.654   32.430   97.2  11.55  14.000   -0.00148    2.59    2.39    3.48
15-07-2024 08:53:56.86   83.56  -0.596  26.654   32.431   97.2  11.54  14.000   -0.00740    2.59    2.10    3.07
15-07-2024 08:53:57.10   83.42  -0.599  26.649   32.425   97.2  11.55  14.000   -0.00222    2.88    2.44    3.22
15-07-2024 08:53:57.35   83.25  -0.600  26.647   32.425   97.2  11.55  14.000   -0.00962    2.70    2.47    3.52
15-07-2024 08:53:57.60   83.05  -0.602  26.644   32.423   97.2  11.55  14.000    0.01480    2.76    2.23    3.17
15-07-2024 08:53:57.85   82.85  -0.603  26.636   32.414   97.2  11.55  14.000    0.00962    3.42    2.53    3.46
15-07-2024 08:53:58.09   82.67  -0.605  26.635   32.414   97.2  11.55  14.000   -0.00740    3.42    2.53    3.46
15-07-2024 08:53:58.34   82.48  -0.608  26.627   32.407   97.2  11.56  14.000   -0.03553    2.55    2.12    3.44
15-07-2024 08:53:58.58   82.33  -0.614  26.616   32.399   97.2  11.56  14.000    0.00444    2.86    2.61    2.84
15-07-2024 08:53:58.83   82.17  -0.621  26.614   32.405   97.2  11.56  14.000   -0.00814    2.75    2.27    3.18
15-07-2024 08:53:59.08   81.97  -0.630  26.603   32.398   97.2  11.57  14.000    0.00296    2.78    2.74    3.67
15-07-2024 08:53:59.32   81.83  -0.640  26.591   32.393   97.3  11.57  14.000   -0.00888    2.71    2.21    3.06
15-07-2024 08:53:59.56   81.66  -0.643  26.584   32.387   97.3  11.57  14.000    0.00444    2.71    2.21    3.06
15-07-2024 08:53:59.81   81.52  -0.648  26.575   32.381   97.3  11.58  14.000   -0.02146    2.72    2.60    3.17
15-07-2024 08:54:00.06   81.41  -0.651  26.567   32.373   97.3  11.58  14.000    0.01480    2.56    2.32    3.28
15-07-2024 08:54:00.30   81.25  -0.652  26.568   32.376   97.3  11.58  14.000    0.00148    3.03    2.00    3.25
15-07-2024 08:54:00.55   81.12  -0.653  26.566   32.374   97.3  11.58  14.000   -0.00074    3.64    2.19    3.41
15-07-2024 08:54:00.79   80.96  -0.655  26.567   32.377   97.3  11.58  14.000   -0.00666    2.78    2.22    3.14
15-07-2024 08:54:01.04   80.80  -0.665  26.551   32.368   97.3  11.59  14.000    0.00444    2.91    2.73    3.49
15-07-2024 08:54:01.28   80.70  -0.670  26.549   32.369   97.3  11.59  14.000   -0.00148    2.91    2.73    3.49
15-07-2024 08:54:01.53   80.55  -0.673  26.550   32.374   97.4  11.59  14.000    0.00814    2.80    2.07    3.33
15-07-2024 08:54:01.78   80.43  -0.675  26.548   32.373   97.3  11.59  14.000    0.01184    2.79    2.19    3.24
15-07-2024 08:54:02.03   80.30  -0.677  26.540   32.365   97.3  11.60  14.000   -0.00592    2.74    2.12    3.35
15-07-2024 08:54:02.27   80.14  -0.680  26.532   32.359   97.4  11.60  14.000   -0.00666    2.65    2.11    3.19
15-07-2024 08:54:02.52   79.99  -0.683  26.526   32.354   97.4  11.60  14.000    0.00222    2.68    2.28    3.09
15-07-2024 08:54:02.76   79.83  -0.686  26.522   32.351   97.4  11.60  14.000   -0.00592    3.04    2.70    3.27
15-07-2024 08:54:03.01   79.67  -0.691  26.517   32.349   97.4  11.61  14.000   -0.00370    3.04    2.70    3.27
15-07-2024 08:54:03.25   79.50  -0.695  26.511   32.346   97.4  11.61  14.000   -0.00814    2.57    2.18    3.24
15-07-2024 08:54:03.50   79.29  -0.697  26.507   32.342   97.4  11.61  14.000    0.03627    2.85    2.43    3.06
15-07-2024 08:54:03.74   79.10  -0.699  26.498   32.333   97.4  11.61  14.000    0.00592    2.77    1.97    3.25
15-07-2024 08:54:03.99   78.90  -0.703  26.490   32.327   97.4  11.61  14.000    0.01258    2.63    2.33    3.33
15-07-2024 08:54:04.23   78.71  -0.705  26.486   32.324   97.4  11.61  14.000    0.01776    2.82    2.55    4.03
15-07-2024 08:54:04.48   78.57  -0.706  26.485   32.324   97.4  11.62  14.000    0.02887    6.58    2.27    3.20
15-07-2024 08:54:04.72   78.35  -0.706  26.485   32.324   97.4  11.61  14.000    0.02665    6.58    2.27    3.20
15-07-2024 08:54:04.97   78.23  -0.707  26.481   32.320   97.4  11.61  14.000    0.01110    2.96    2.44    3.49
15-07-2024 08:54:05.22   78.04  -0.709  26.474   32.313   97.4  11.61  14.000    0.03997    2.42    2.29    2.89
15-07-2024 08:54:05.47   77.86  -0.711  26.469   32.309   97.4  11.62  14.000    0.02220    2.55    2.93    3.55
15-07-2024 08:54:05.72   77.70  -0.713  26.468   32.309   97.4  11.62  14.000    0.02146    3.19    2.22    3.59
15-07-2024 08:54:05.96   77.56  -0.713  26.463   32.302   97.4  11.62  14.000    0.01776    2.61    2.00    3.35
15-07-2024 08:54:06.21   77.40  -0.716  26.458   32.299   97.4  11.62  14.000    0.02220    2.79    2.71    3.39
15-07-2024 08:54:06.45   77.24  -0.719  26.456   32.299   97.4  11.62  14.000    0.00370    2.79    2.71    3.39
15-07-2024 08:54:06.70   77.09  -0.720  26.455   32.299   97.4  11.63  14.000    0.01776    3.57    2.21    3.20
15-07-2024 08:54:06.94   76.96  -0.723  26.451   32.297   97.4  11.62  14.000    0.04811    2.63    2.50    3.03
15-07-2024 08:54:07.19   76.81  -0.725  26.446   32.293   97.5  11.63  14.000    0.03109    2.75    2.34    3.17
15-07-2024 08:54:07.43   76.67  -0.732  26.437   32.289   97.5  11.63  14.000    0.01998    2.60    2.69    3.31
15-07-2024 08:54:07.68   76.54  -0.733  26.433   32.285   97.5  11.63  14.000    0.01702    3.71    2.07    3.30
15-07-2024 08:54:07.92   76.39  -0.734  26.432   32.284   97.5  11.63  14.000    0.02961    2.58    2.42    3.35
15-07-2024 08:54:08.17   76.24  -0.735  26.428   32.280   97.5  11.63  14.000    0.03331    2.58    2.42    3.35
15-07-2024 08:54:08.41   76.12  -0.739  26.424   32.278   97.5  11.64  14.000    0.02220    2.66    2.13    3.48
15-07-2024 08:54:08.66   75.96  -0.739  26.420   32.273   97.5  11.64  14.000    0.04145    2.67    2.59    3.66
15-07-2024 08:54:08.91   75.85  -0.740  26.418   32.272   97.5  11.64  14.000    0.02517    2.61    2.30    3.27
15-07-2024 08:54:09.15   75.70  -0.742  26.414   32.268   97.5  11.64  14.000    0.03553    2.73    1.82    3.34
15-07-2024 08:54:09.40   75.53  -0.743  26.411   32.266   97.5  11.64  14.000    0.02961    2.77    2.14    3.22
15-07-2024 08:54:09.65   75.40  -0.748  26.394   32.249   97.6  11.65  14.000    0.02961    2.93    1.72    3.03
15-07-2024 08:54:09.89   75.30  -0.755  26.389   32.249   97.6  11.65  14.000    0.03627    2.93    1.72    3.03
15-07-2024 08:54:10.14   75.13  -0.759  26.385   32.248   97.6  11.66  14.000    0.04071    2.58    2.68    3.07
15-07-2024 08:54:10.38   75.01  -0.761  26.379   32.242   97.6  11.66  14.000    0.03775    2.72    2.32    3.15
15-07-2024 08:54:10.63   74.88  -0.762  26.378   32.242   97.6  11.66  14.000    0.04367    2.75    2.00    3.17
15-07-2024 08:54:10.87   74.71  -0.763  26.378   32.244   97.6  11.66  14.000    0.03627    3.07    2.83    3.25
15-07-2024 08:54:11.12   74.55  -0.764  26.380   32.247   97.6  11.66  14.000    0.03923    2.24    2.82    3.59
15-07-2024 08:54:11.36   74.41  -0.764  26.377   32.242   97.6  11.66  14.000    0.05551    2.59    2.71    3.39
15-07-2024 08:54:11.63   74.23  -0.763  26.372   32.235   97.6  11.66  14.000    0.02739    2.82    2.14    3.52
15-07-2024 08:54:11.85   74.06  -0.760  26.370   32.230   97.6  11.66  14.000    0.03331    2.82    2.14    3.52
15-07-2024 08:54:12.11   73.86  -0.760  26.367   32.225   97.6  11.67  14.000    0.04589    2.74    1.80    3.29
15-07-2024 08:54:12.34   73.72  -0.763  26.353   32.210   97.6  11.67  14.000    0.03849    2.57    2.16    3.62
15-07-2024 08:54:12.60   73.50  -0.766  26.342   32.199   97.6  11.67  14.000    0.04811    2.56    2.40    3.30
15-07-2024 08:54:12.84   73.31  -0.767  26.342   32.200   97.6  11.67  14.000    0.05551    2.78    2.57    3.22
15-07-2024 08:54:13.09   73.16  -0.768  26.340   32.199   97.6  11.67  14.000    0.05625    2.82    2.11    3.49
15-07-2024 08:54:13.33   72.96  -0.767  26.342   32.201   97.7  11.67  14.000    0.05033    2.82    2.11    3.49
15-07-2024 08:54:13.58   72.81  -0.768  26.336   32.193   97.6  11.67  14.000    0.04219    3.21    2.40    3.22
15-07-2024 08:54:13.83   72.63  -0.770  26.335   32.194   97.6  11.67  14.000    0.05773    2.73    2.30    3.57
15-07-2024 08:54:14.07   72.45  -0.772  26.331   32.191   97.6  11.67  14.000    0.04441    2.87    2.47    3.60
15-07-2024 08:54:14.32   72.32  -0.774  26.327   32.187   97.7  11.68  14.000    0.06587    2.86    2.22    3.26
15-07-2024 08:54:14.56   72.16  -0.774  26.323   32.183   97.7  11.68  14.000    0.06069    2.96    2.36    3.50
15-07-2024 08:54:14.81   72.01  -0.775  26.321   32.181   97.6  11.68  14.000    0.05699    2.83    2.54    3.57
15-07-2024 08:54:15.05   71.87  -0.776  26.319   32.180   97.7  11.68  14.000    0.07698    2.83    2.54    3.57
15-07-2024 08:54:15.30   71.71  -0.777  26.319   32.180   97.6  11.68  14.000    0.06365    2.78    2.59    3.35
15-07-2024 08:54:15.54   71.54  -0.776  26.316   32.176   97.6  11.68  14.000    0.06513    2.64    2.47    3.00
15-07-2024 08:54:15.79   71.45  -0.777  26.315   32.175   97.7  11.68  14.000    0.05329    2.60    2.15    3.47
15-07-2024 08:54:16.03   71.30  -0.779  26.313   32.174   97.7  11.68  14.000    0.07179    2.60    2.36    3.09
15-07-2024 08:54:16.28   71.16  -0.782  26.306   32.168   97.7  11.68  14.000    0.07624    2.87    2.25    3.16
15-07-2024 08:54:16.53   71.04  -0.786  26.305   32.172   97.7  11.69  14.000    0.06957    2.71    2.41    3.35
15-07-2024 08:54:16.77   70.87  -0.792  26.302   32.174   97.7  11.69  14.000    0.06069    2.71    2.41    3.35
15-07-2024 08:54:17.02   70.77  -0.793  26.298   32.171   97.7  11.69  14.000    0.07624    2.82    2.27    3.47
15-07-2024 08:54:17.27   70.57  -0.792  26.295   32.165   97.7  11.69  14.000    0.08364    2.99    2.36    3.51
15-07-2024 08:54:17.51   70.45  -0.792  26.289   32.157   97.7  11.69  14.000    0.07328    2.76    2.60    3.46
15-07-2024 08:54:17.76   70.29  -0.794  26.284   32.152   97.7  11.69  14.000    0.09178    3.58    2.67    3.20
15-07-2024 08:54:18.00   70.11  -0.805  26.286   32.167   97.7  11.70  14.000    0.06735    2.69    2.80    3.34
15-07-2024 08:54:18.25   69.96  -0.813  26.263   32.145   97.7  11.70  14.000    0.07550    2.57    2.86    3.21
15-07-2024 08:54:18.49   69.78  -0.817  26.249   32.131   97.7  11.70  14.000    0.09104    2.57    2.86    3.21
15-07-2024 08:54:18.74   69.60  -0.820  26.251   32.136   97.7  11.71  14.000    0.09104    2.73    2.52    3.33
15-07-2024 08:54:18.98   69.38  -0.821  26.243   32.126   97.7  11.71  14.000    0.08512    2.80    2.63    3.55
15-07-2024 08:54:19.23   69.18  -0.831  26.211   32.095   97.7  11.71  14.000    0.08142    2.91    2.22    3.43
15-07-2024 08:54:19.47   69.00  -0.845  26.195   32.087   97.8  11.72  14.000    0.09178    2.89    2.50    3.38
15-07-2024 08:54:19.72   68.80  -0.852  26.194   32.094   97.8  11.72  14.000    0.09178    3.44    2.29    3.45
15-07-2024 08:54:19.97   68.61  -0.857  26.188   32.091   97.8  11.72  14.000    0.09400    2.92    2.54    3.20
15-07-2024 08:54:20.21   68.40  -0.861  26.187   32.093   97.7  11.72  14.000    0.10658    2.92    2.54    3.20
15-07-2024 08:54:20.46   68.20  -0.864  26.177   32.085   97.7  11.72  14.000    0.09918    3.60    2.15    3.43
15-07-2024 08:54:20.71   68.02  -0.871  26.161   32.070   97.7  11.73  14.000    0.10066    3.46    2.35    3.69
15-07-2024 08:54:20.95   67.85  -0.879  26.146   32.059   97.7  11.73  14.000    0.09918    3.35    2.75    3.49
15-07-2024 08:54:21.20   67.67  -0.883  26.146   32.063   97.8  11.73  14.000    0.14063    2.92    2.17    3.20
15-07-2024 08:54:21.44   67.54  -0.884  26.149   32.067   97.8  11.73  14.000    0.10880    3.09    2.94    3.40
15-07-2024 08:54:21.69   67.37  -0.886  26.144   32.063   97.8  11.73  14.000    0.11472    3.95    2.30    3.70
15-07-2024 08:54:21.93   67.19  -0.894  26.139   32.065   97.8  11.74  14.000    0.11472    3.95    2.30    3.70
15-07-2024 08:54:22.18   67.03  -0.903  26.123   32.053   97.8  11.75  14.000    0.11916    3.41    2.33    3.49
15-07-2024 08:54:22.42   66.85  -0.904  26.117   32.047   97.8  11.75  14.000    0.12064    3.09    2.31    3.45
15-07-2024 08:54:22.67   66.69  -0.906  26.113   32.043   97.8  11.75  14.000    0.11694    2.91    2.55    3.37
15-07-2024 08:54:22.91   66.58  -0.907  26.112   32.043   97.8  11.75  14.000    0.11916    3.34    2.32    3.42
15-07-2024 08:54:23.17   66.44  -0.909  26.106   32.037   97.8  11.75  14.000    0.12361    3.31    2.43    3.06
15-07-2024 08:54:23.41   66.30  -0.911  26.104   32.037   97.8  11.75  14.000    0.13101    2.90    2.04    3.50
15-07-2024 08:54:23.66   66.17  -0.914  26.112   32.051   97.9  11.76  14.000    0.12805    2.90    2.04    3.50
15-07-2024 08:54:23.90   66.06  -0.917  26.121   32.066   97.9  11.76  14.000    0.12657    3.49    2.73    3.63
15-07-2024 08:54:24.15   65.90  -0.917  26.114   32.057   97.9  11.76  14.000    0.13693    4.05    2.04    3.51
15-07-2024 08:54:24.40   65.75  -0.915  26.110   32.050   97.9  11.76  14.000    0.14729    3.14    2.47    3.65
15-07-2024 08:54:24.64   65.61  -0.915  26.114   32.054   97.9  11.77  14.000    0.12731    2.77    2.63    3.35
15-07-2024 08:54:24.89   65.42  -0.916  26.106   32.046   97.9  11.77  14.000    0.14803    3.69    2.59    3.41
15-07-2024 08:54:25.13   65.27  -0.917  26.085   32.018   98.0  11.77  14.000    0.14507    3.89    2.29    3.33
15-07-2024 08:54:25.38   65.06  -0.920  26.076   32.009   98.0  11.78  14.000    0.15025    3.89    2.29    3.33
15-07-2024 08:54:25.62   64.87  -0.921  26.074   32.009   98.0  11.78  14.000    0.14359    3.17    2.50    3.10
15-07-2024 08:54:25.87   64.68  -0.922  26.073   32.008   98.0  11.78  14.000    0.15025    2.80    2.74    3.38
15-07-2024 08:54:26.11   64.47  -0.923  26.072   32.007   98.0  11.79  14.000    0.15321    3.32    2.23    3.14
15-07-2024 08:54:26.36   64.28  -0.923  26.070   32.005   98.1  11.79  14.000    0.15691    2.74    2.46    3.64
15-07-2024 08:54:26.60   64.07  -0.922  26.069   32.003   98.1  11.79  14.000    0.16653    2.64    2.35    3.19
15-07-2024 08:54:26.85   63.84  -0.922  26.069   32.003   98.1  11.79  14.000    0.17024    2.89    2.32    3.26
15-07-2024 08:54:27.09   63.65  -0.922  26.067   32.000   98.1  11.80  14.000    0.17024    2.89    2.32    3.26
15-07-2024 08:54:27.34   63.40  -0.922  26.067   32.000   98.2  11.80  14.000    0.17098    3.35    2.10    3.52
15-07-2024 08:54:27.59   63.15  -0.921  26.065   31.997   98.2  11.80  14.000    0.18356    3.03    2.28    3.68
15-07-2024 08:54:27.84   62.92  -0.921  26.064   31.996   98.2  11.80  14.000    0.18060    3.19    1.96    3.43
15-07-2024 08:54:28.08   62.74  -0.920  26.064   31.994   98.2  11.80  14.000    0.18504    3.05    2.49    3.63
15-07-2024 08:54:28.33   62.49  -0.920  26.064   31.994   98.2  11.80  14.000    0.18726    3.06    2.31    3.19
15-07-2024 08:54:28.57   62.31  -0.921  26.063   31.993   98.2  11.81  14.000    0.18874    3.00    2.26    3.69
15-07-2024 08:54:28.82   62.08  -0.920  26.063   31.994   98.3  11.81  14.000    0.20502    3.00    2.26    3.69
15-07-2024 08:54:29.06   61.87  -0.920  26.064   31.995   98.3  11.81  14.000    0.18652    3.04    2.56    3.18
15-07-2024 08:54:29.31   61.69  -0.920  26.062   31.993   98.3  11.82  14.000    0.20132    2.92    2.48    3.43
15-07-2024 08:54:29.55   61.50  -0.920  26.062   31.993   98.3  11.82  14.000    0.20724    4.30    2.37    3.38
15-07-2024 08:54:29.80   61.29  -0.920  26.062   31.992   98.3  11.82  14.000    0.22649    3.13    2.84    3.23
15-07-2024 08:54:30.04   61.11  -0.919  26.062   31.992   98.4  11.82  14.000    0.21760    3.28    2.34    3.13
15-07-2024 08:54:30.29   60.91  -0.919  26.062   31.992   98.4  11.83  14.000    0.22427    2.84    2.45    3.52
15-07-2024 08:54:30.53   60.76  -0.919  26.063   31.993   98.4  11.83  14.000    0.22649    2.84    2.45    3.52
15-07-2024 08:54:30.78   60.60  -0.919  26.062   31.992   98.4  11.83  14.000    0.22575    2.99    3.03    3.53
15-07-2024 08:54:31.03   60.39  -0.918  26.063   31.992   98.5  11.84  14.000    0.21983    2.88    2.04    3.54
15-07-2024 08:54:31.27   60.24  -0.919  26.064   31.994   98.5  11.84  14.000    0.23833    3.72    2.42    3.15
15-07-2024 08:54:31.52   60.08  -0.918  26.064   31.994   98.5  11.84  14.000    0.23907    3.18    2.43    3.33
15-07-2024 08:54:31.77   59.93  -0.917  26.063   31.991   98.6  11.85  14.000    0.22427    2.86    2.14    3.21
15-07-2024 08:54:32.01   59.74  -0.916  26.064   31.992   98.6  11.85  14.000    0.27312    3.07    2.70    3.08
15-07-2024 08:54:32.26   59.58  -0.916  26.064   31.992   98.6  11.85  14.000    0.24055    3.07    2.70    3.08
15-07-2024 08:54:32.50   59.40  -0.915  26.064   31.990   98.6  11.85  14.000    0.25017    3.96    2.34    3.13
15-07-2024 08:54:32.75   59.16  -0.914  26.066   31.992   98.7  11.86  14.000    0.24573    3.44    2.44    3.19
15-07-2024 08:54:32.99   58.97  -0.913  26.064   31.990   98.7  11.86  14.000    0.24795    2.83    1.81    3.24
15-07-2024 08:54:33.24   58.79  -0.910  26.064   31.986   98.7  11.86  14.000    0.27312    2.89    2.70    3.59
15-07-2024 08:54:33.48   58.50  -0.909  26.061   31.981   98.7  11.86  14.000    0.27460    2.93    2.46    3.19
15-07-2024 08:54:33.73   58.26  -0.907  26.059   31.976   98.7  11.86  14.000    0.27460    2.93    2.46    3.19
15-07-2024 08:54:33.97   58.02  -0.908  26.054   31.970   98.7  11.87  14.000    0.29014    3.28    2.44    3.14
15-07-2024 08:54:34.23   57.72  -0.909  26.050   31.967   98.8  11.87  14.000    0.30568    3.62    1.97    3.26
15-07-2024 08:54:34.46   57.47  -0.911  26.043   31.960   98.8  11.87  14.000    0.31308    3.01    2.83    3.17
15-07-2024 08:54:34.72   57.21  -0.913  26.040   31.958   98.8  11.88  14.000    0.31160    3.12    2.58    3.48
15-07-2024 08:54:34.96   56.94  -0.914  26.038   31.956   98.8  11.88  14.000    0.31604    4.49    2.44    3.48
15-07-2024 08:54:35.21   56.70  -0.915  26.035   31.953   98.8  11.88  14.000    0.32271    3.08    2.21    3.34
15-07-2024 08:54:35.46   56.45  -0.916  26.035   31.955   98.9  11.88  14.000    0.34565    2.97    2.23    3.46
15-07-2024 08:54:35.70   56.21  -0.917  26.037   31.958   98.8  11.88  14.000    0.33751    2.97    2.23    3.46
15-07-2024 08:54:35.95   55.99  -0.917  26.032   31.952   98.9  11.89  14.000    0.34639    2.97    2.41    3.22
15-07-2024 08:54:36.19   55.78  -0.917  26.030   31.950   98.9  11.89  14.000    0.34417    3.36    2.66    3.24
15-07-2024 08:54:36.44   55.58  -0.919  26.028   31.949   98.9  11.89  14.000    0.36490    3.06    2.58    3.61
15-07-2024 08:54:36.68   55.37  -0.919  26.029   31.951   98.9  11.89  14.000    0.37600    2.85    2.46    3.32
15-07-2024 08:54:36.93   55.15  -0.919  26.031   31.953   98.9  11.90  14.000    0.37378    3.12    2.20    3.67
15-07-2024 08:54:37.17   54.95  -0.920  26.031   31.954   98.9  11.90  14.000    0.39450    3.12    2.20    3.67
15-07-2024 08:54:37.42   54.78  -0.919  26.029   31.952   99.0  11.90  14.000    0.39820    3.20    2.53    3.16
15-07-2024 08:54:37.66   54.61  -0.920  26.028   31.951   99.0  11.91  14.000    0.41967    3.82    2.35    3.48
15-07-2024 08:54:37.91   54.40  -0.920  26.027   31.950   99.0  11.91  14.000    0.39672    3.71    2.36    3.19
15-07-2024 08:54:38.15   54.22  -0.920  26.028   31.951   99.1  11.91  14.000    0.41671    3.34    2.56    3.43
15-07-2024 08:54:38.41   54.02  -0.921  26.028   31.952   99.1  11.92  14.000    0.42115    3.20    2.28    3.47
15-07-2024 08:54:38.65   53.81  -0.920  26.028   31.952   99.1  11.92  14.000    0.43669    2.67    2.68    3.15
15-07-2024 08:54:38.90   53.61  -0.920  26.027   31.949   99.1  11.92  14.000    0.44409    3.13    2.59    3.86
15-07-2024 08:54:39.14   53.43  -0.921  26.026   31.950   99.2  11.92  14.000    0.43891    3.13    2.59    3.86
15-07-2024 08:54:39.39   53.19  -0.922  26.024   31.948   99.2  11.93  14.000    0.44631    2.89    2.76    3.31
15-07-2024 08:54:39.64   52.99  -0.921  26.023   31.946   99.2  11.93  14.000    0.47148    6.51    2.83    3.01
15-07-2024 08:54:39.88   52.82  -0.922  26.023   31.947   99.2  11.93  14.000    0.47296    3.13    2.44    3.20
15-07-2024 08:54:40.13   52.60  -0.922  26.024   31.948   99.3  11.94  14.000    0.46408    4.24    2.44    3.61
15-07-2024 08:54:40.37   52.34  -0.921  26.024   31.948   99.2  11.93  14.000    0.48332    2.93    2.92    3.27
15-07-2024 08:54:40.61   52.09  -0.922  26.024   31.949   99.3  11.94  14.000    0.48850    2.93    2.92    3.27
15-07-2024 08:54:40.86   51.84  -0.922  26.022   31.947   99.3  11.94  14.000    0.50330    3.21    2.20    3.62
15-07-2024 08:54:41.11   51.57  -0.921  26.021   31.944   99.3  11.94  14.000    0.53735    2.73    2.40    3.52
15-07-2024 08:54:41.35   51.30  -0.921  26.022   31.946   99.3  11.94  14.000    0.54401    2.78    2.76    3.23
15-07-2024 08:54:41.60   51.03  -0.922  26.022   31.947   99.3  11.94  14.000    0.55585    3.22    1.88    3.43
15-07-2024 08:54:41.84   50.76  -0.921  26.022   31.946   99.3  11.95  14.000    0.56770    4.05    2.27    3.01
15-07-2024 08:54:42.10   50.47  -0.921  26.021   31.945   99.4  11.95  14.000    0.57658    2.81    2.25    3.34
15-07-2024 08:54:42.34   50.20  -0.921  26.022   31.946   99.4  11.95  14.000    0.58620    2.81    2.25    3.34
15-07-2024 08:54:42.59   49.94  -0.922  26.021   31.946   99.4  11.95  14.000    0.61655    2.79    2.30    3.41
15-07-2024 08:54:42.84   49.69  -0.921  26.020   31.945   99.4  11.95  14.000    0.63283    3.17    2.18    3.32
15-07-2024 08:54:43.08   49.47  -0.921  26.021   31.946   99.4  11.95  14.000    0.62321    3.41    2.68    3.31
15-07-2024 08:54:43.33   49.23  -0.922  26.020   31.945   99.4  11.96  14.000    0.65503    3.06    2.28    3.40
15-07-2024 08:54:43.57   49.01  -0.922  26.020   31.945   99.4  11.96  14.000    0.66170    3.16    2.43    3.38
15-07-2024 08:54:43.82   48.85  -0.922  26.021   31.946   99.5  11.96  14.000    0.67058    3.73    2.29    3.22
15-07-2024 08:54:44.06   48.59  -0.922  26.019   31.944   99.5  11.96  14.000    0.68908    3.73    2.29    3.22
15-07-2024 08:54:44.31   48.43  -0.922  26.019   31.945   99.5  11.96  14.000    0.68242    2.76    2.54    3.59
15-07-2024 08:54:44.55   48.20  -0.923  26.019   31.945   99.5  11.97  14.000    0.73349    3.13    2.01    3.34
15-07-2024 08:54:44.80   48.04  -0.923  26.018   31.944   99.5  11.97  14.000    0.72535    2.81    2.19    3.29
15-07-2024 08:54:45.05   47.79  -0.923  26.018   31.944   99.5  11.97  14.000    0.74015    2.96    2.92    3.36
15-07-2024 08:54:45.29   47.62  -0.923  26.018   31.944   99.5  11.97  14.000    0.75051    2.72    2.54    3.44
15-07-2024 08:54:45.53   47.43  -0.923  26.018   31.945   99.6  11.97  14.000    0.75570    3.07    2.46    3.53
15-07-2024 08:54:45.78   47.20  -0.923  26.017   31.944   99.6  11.97  14.000    0.75940    3.07    2.46    3.53
15-07-2024 08:54:46.03   47.03  -0.923  26.017   31.944   99.6  11.98  14.000    0.78900    2.97    2.50    3.54
15-07-2024 08:54:46.28   46.83  -0.924  26.017   31.943   99.6  11.98  14.000    0.82453    2.60    2.39    3.26
15-07-2024 08:54:46.53   46.60  -0.923  26.016   31.943   99.6  11.98  14.000    0.81787    2.76    2.65    3.36
15-07-2024 08:54:46.77   46.36  -0.923  26.016   31.942   99.6  11.98  14.000    0.84747    3.83    2.17    3.44
15-07-2024 08:54:47.02   46.14  -0.924  26.016   31.943   99.6  11.98  14.000    0.83711    3.26    2.35    3.33
15-07-2024 08:54:47.26   45.90  -0.924  26.016   31.944   99.6  11.98  14.000    0.86450    3.19    2.75    3.22
15-07-2024 08:54:47.51   45.62  -0.924  26.014   31.942   99.7  11.99  14.000    0.87782    3.19    2.75    3.22
15-07-2024 08:54:47.75   45.39  -0.925  26.014   31.942   99.7  11.99  14.000    0.90225    2.95    2.69    3.23
15-07-2024 08:54:48.00   45.12  -0.925  26.014   31.942   99.7  11.99  14.000    0.95258    2.74    2.40    3.23
15-07-2024 08:54:48.24   44.91  -0.925  26.013   31.942   99.7  11.99  14.000    0.93037    2.53    2.11    3.38
15-07-2024 08:54:48.49   44.63  -0.925  26.014   31.943   99.7  11.99  14.000    0.97034    3.06    2.52    3.09
15-07-2024 08:54:48.73   44.39  -0.925  26.013   31.943   99.7  11.99  14.000    0.98070    2.91    2.57    3.33
15-07-2024 08:54:48.98   44.15  -0.925  26.014   31.943   99.7  11.99  14.000    0.99254    3.28    2.12    3.46
15-07-2024 08:54:49.22   43.91  -0.925  26.012   31.941   99.7  12.00  14.000    1.03029    3.28    2.12    3.46
15-07-2024 08:54:49.47   43.65  -0.926  26.011   31.941   99.8  12.00  14.000    1.05472    4.05    2.49    3.58
15-07-2024 08:54:49.72   43.42  -0.927  26.009   31.940   99.8  12.00  14.000    1.07618    2.95    2.59    3.00
15-07-2024 08:54:49.97   43.15  -0.928  26.007   31.937   99.8  12.00  14.000    1.10061    2.92    2.19    3.07
15-07-2024 08:54:50.21   42.93  -0.928  26.004   31.935   99.8  12.00  14.000    1.11097    3.10    2.88    3.26
15-07-2024 08:54:50.46   42.69  -0.929  26.002   31.933   99.8  12.00  14.000    1.14502    2.99    2.34    3.11
15-07-2024 08:54:50.70   42.46  -0.930  26.002   31.932   99.8  12.00  14.000    1.18276    3.10    2.46    3.32
15-07-2024 08:54:50.95   42.21  -0.930  26.001   31.932   99.8  12.00  14.000    1.18794    3.10    2.46    3.32
15-07-2024 08:54:51.19   42.01  -0.931  26.001   31.933   99.8  12.00  14.000    1.21755    3.63    2.37    3.20
15-07-2024 08:54:51.44   41.80  -0.931  26.000   31.933   99.8  12.00  14.000    1.23753    3.19    2.54    3.51
15-07-2024 08:54:51.68   41.60  -0.932  26.000   31.933   99.8  12.01  14.000    1.25604    2.76    2.68    3.25
15-07-2024 08:54:51.93   41.40  -0.933  25.999   31.932   99.8  12.01  14.000    1.28342    3.10    2.43    3.18
15-07-2024 08:54:52.17   41.24  -0.933  25.999   31.933   99.8  12.01  14.000    1.29897    3.14    1.99    3.50
15-07-2024 08:54:52.42   41.07  -0.934  25.998   31.933   99.8  12.01  14.000    1.33968    2.93    2.70    3.37
15-07-2024 08:54:52.66   40.87  -0.934  25.999   31.934   99.8  12.01  14.000    1.34634    2.93    2.70    3.37
15-07-2024 08:54:52.91   40.69  -0.934  25.998   31.934   99.8  12.01  14.000    1.36336    2.55    2.26    3.54
15-07-2024 08:54:53.16   40.50  -0.936  25.998   31.935   99.9  12.01  14.000    1.37224    3.14    2.79    3.15
15-07-2024 08:54:53.40   40.27  -0.936  25.994   31.931   99.8  12.01  14.000    1.39519    2.69    2.65    3.15
15-07-2024 08:54:53.65   40.04  -0.936  25.992   31.928   99.9  12.01  14.000    1.42923    3.03    2.58    3.58
15-07-2024 08:54:53.90   39.83  -0.937  25.989   31.925   99.9  12.01  14.000    1.46254    2.90    2.20    3.45
15-07-2024 08:54:54.14   39.58  -0.937  25.989   31.925   99.8  12.01  14.000    1.48178    2.79    2.05    3.51
15-07-2024 08:54:54.39   39.30  -0.938  25.988   31.925   99.9  12.01  14.000    1.52545    2.79    2.05    3.51
15-07-2024 08:54:54.63   39.05  -0.938  25.987   31.924   99.8  12.01  14.000    1.55284    2.92    2.20    3.10
15-07-2024 08:54:54.88   38.73  -0.939  25.986   31.923   99.9  12.02  14.000    1.58763    2.88    2.68    3.34
15-07-2024 08:54:55.12   38.49  -0.939  25.985   31.923   99.9  12.02  14.000    1.61723    2.90    2.70    3.00
15-07-2024 08:54:55.37   38.24  -0.939  25.985   31.922   99.9  12.02  14.000    1.68311    2.86    2.62    3.11
15-07-2024 08:54:55.61   38.00  -0.939  25.984   31.921   99.8  12.01  14.000    1.68755    3.49    2.29    3.41
15-07-2024 08:54:55.86   37.77  -0.939  25.984   31.920   99.8  12.01  14.000    1.73418    3.18    1.96    3.20
15-07-2024 08:54:56.11   37.51  -0.939  25.983   31.920   99.8  12.01  14.000    1.77711    3.18    1.96    3.20
15-07-2024 08:54:56.35   37.29  -0.938  25.983   31.920   99.8  12.01  14.000    1.79191    3.09    2.70    3.15
15-07-2024 08:54:56.59   37.08  -0.938  25.984   31.920   99.9  12.02  14.000    1.83410    2.87    2.47    3.22
15-07-2024 08:54:56.85   36.86  -0.937  25.983   31.919   99.9  12.02  14.000    1.85186    3.76    2.47    3.59
15-07-2024 08:54:57.09   36.61  -0.936  25.984   31.919   99.9  12.02  14.000    1.93254    2.97    2.27    3.28
15-07-2024 08:54:57.34   36.41  -0.936  25.985   31.920   99.9  12.02  14.000    1.94438    3.62    2.68    3.54
15-07-2024 08:54:57.58   36.17  -0.935  25.980   31.913   99.9  12.02  14.000    1.96955    2.74    2.64    3.45
15-07-2024 08:54:57.83   36.00  -0.935  25.979   31.911   99.9  12.02  14.000    2.00655    2.74    2.64    3.45
15-07-2024 08:54:58.07   35.79  -0.935  25.978   31.910   99.9  12.02  14.000    2.04060    2.98    1.94    3.59
15-07-2024 08:54:58.32   35.60  -0.935  25.977   31.909   99.9  12.02  14.000    2.06651    2.82    2.37    3.12
15-07-2024 08:54:58.56   35.46  -0.935  25.977   31.909  100.0  12.03  14.000    2.09611    2.76    3.59    3.06
15-07-2024 08:54:58.81   35.21  -0.935  25.975   31.906  100.0  12.03  14.000    2.16421    2.87    2.34    3.40
15-07-2024 08:54:59.05   35.04  -0.937  25.971   31.904  100.0  12.03  14.000    2.16865    2.99    2.47    3.43
15-07-2024 08:54:59.30   34.85  -0.938  25.972   31.905  100.0  12.03  14.000    2.19455    3.01    2.61    3.85
15-07-2024 08:54:59.54   34.64  -0.941  25.966   31.900  100.0  12.03  14.000    2.26931    3.01    2.61    3.85
15-07-2024 08:54:59.79   34.41  -0.944  25.963   31.900  100.0  12.04  14.000    2.31150    3.16    2.43    3.27
15-07-2024 08:55:00.03   34.19  -0.945  25.960   31.897  100.0  12.04  14.000    2.33370    3.00    2.72    3.82
15-07-2024 08:55:00.28   33.96  -0.947  25.958   31.897  100.0  12.04  14.000    2.38033    3.08    2.48    3.30
15-07-2024 08:55:00.53   33.72  -0.950  25.956   31.898  100.1  12.05  14.000    2.51282    3.18    2.72    3.43
15-07-2024 08:55:00.78   33.46  -0.952  25.954   31.898  100.1  12.05  14.000    2.49653    3.04    2.27    3.44
15-07-2024 08:55:01.03   33.21  -0.955  25.952   31.897  100.1  12.05  14.000    2.52244    2.99    2.23    3.28
15-07-2024 08:55:01.27   32.98  -0.957  25.948   31.895  100.1  12.05  14.000    2.60460    2.99    2.23    3.28
15-07-2024 08:55:01.52   32.71  -0.959  25.945   31.893  100.1  12.05  14.000    2.64086    3.13    2.85    3.31
15-07-2024 08:55:01.76   32.50  -0.961  25.943   31.892  100.1  12.05  14.000    2.69637    2.94    2.36    3.21
15-07-2024 08:55:02.01   32.22  -0.961  25.941   31.890  100.1  12.05  14.000    2.75263    3.16    2.33    3.44
15-07-2024 08:55:02.25   32.01  -0.963  25.937   31.886  100.1  12.05  14.000    2.80888    3.94    2.54    3.21
15-07-2024 08:55:02.50   31.79  -0.964  25.934   31.884  100.1  12.06  14.000    2.86143    4.48    2.50    3.18
15-07-2024 08:55:02.74   31.55  -0.964  25.934   31.883  100.1  12.06  14.000    2.91398    3.35    2.83    3.23
15-07-2024 08:55:02.99   31.32  -0.964  25.932   31.882  100.1  12.06  14.000    2.98281    3.35    2.83    3.23
15-07-2024 08:55:03.23   31.11  -0.964  25.929   31.877  100.1  12.06  14.000    3.02796    3.11    2.37    3.11
15-07-2024 08:55:03.48   30.91  -0.966  25.925   31.875  100.2  12.07  14.000    3.09310    3.09    2.49    3.40
15-07-2024 08:55:03.72   30.68  -0.968  25.922   31.872  100.2  12.07  14.000    3.14861    2.88    2.45    3.49
15-07-2024 08:55:03.97   30.44  -0.968  25.918   31.868  100.2  12.07  14.000    3.20930    2.87    2.61    3.21
15-07-2024 08:55:04.22   30.21  -0.969  25.916   31.865  100.2  12.07  14.000    3.26777    3.20    2.62    3.50
15-07-2024 08:55:04.47   30.03  -0.969  25.915   31.865  100.2  12.07  14.000    3.32994    3.09    3.29    3.39
15-07-2024 08:55:04.72   29.78  -0.972  25.908   31.858  100.2  12.07  14.000    3.37435    3.09    3.29    3.39
15-07-2024 08:55:04.96   29.62  -0.973  25.904   31.854  100.2  12.08  14.000    3.44319    2.97    2.48    3.28
15-07-2024 08:55:05.21   29.37  -0.974  25.903   31.855  100.2  12.08  14.000    3.48686    3.22    2.25    3.44
15-07-2024 08:55:05.45   29.16  -0.976  25.899   31.851  100.2  12.08  14.000    3.54903    3.16    2.33    3.80
15-07-2024 08:55:05.70   28.94  -0.977  25.895   31.847  100.3  12.08  14.000    3.63711    3.19    2.92    3.55
15-07-2024 08:55:05.94   28.75  -0.978  25.886   31.836  100.3  12.09  14.000    3.71334    3.27    2.09    3.44
15-07-2024 08:55:06.19   28.54  -0.982  25.883   31.836  100.3  12.09  14.000    3.76663    2.88    2.40    3.56
15-07-2024 08:55:06.43   28.31  -0.985  25.881   31.836  100.3  12.09  14.000    3.83991    2.88    2.40    3.56
15-07-2024 08:55:06.68   28.04  -0.986  25.878   31.834  100.3  12.09  14.000    3.87322    3.01    3.02    3.17
15-07-2024 08:55:06.92   27.84  -0.987  25.873   31.829  100.3  12.09  14.000    3.95463    3.74    2.87    3.50
15-07-2024 08:55:07.17   27.62  -0.987  25.871   31.825  100.3  12.10  14.000    4.03753    3.09    2.43    3.25
15-07-2024 08:55:07.41   27.37  -0.989  25.863   31.817  100.3  12.10  14.000    4.10414    2.78    2.42    3.41
15-07-2024 08:55:07.66   27.10  -0.993  25.857   31.814  100.3  12.10  14.000    4.16632    3.11    2.63    3.13
15-07-2024 08:55:07.91   26.84  -0.995  25.847   31.801  100.4  12.11  14.000    4.28770    3.14    1.92    3.37
15-07-2024 08:55:08.15   26.60  -0.997  25.840   31.795  100.4  12.11  14.000    4.34913    3.14    1.92    3.37
15-07-2024 08:55:08.40   26.33  -0.999  25.838   31.793  100.4  12.11  14.000    4.46534    3.04    2.13    3.32
15-07-2024 08:55:08.65   26.07  -0.999  25.836   31.792  100.4  12.11  14.000    4.53491    3.24    1.97    3.54
15-07-2024 08:55:08.89   25.83  -0.999  25.831   31.786  100.3  12.10  14.000    4.61041    6.54    2.17    3.55
15-07-2024 08:55:09.14   25.59  -1.000  25.829   31.783  100.4  12.11  14.000    4.72365    3.39    2.38    3.37
15-07-2024 08:55:09.38   25.36  -1.001  25.828   31.783  100.3  12.10  14.000    4.82801    2.78    2.82    3.44
15-07-2024 08:55:09.63   25.13  -1.001  25.825   31.779  100.4  12.11  14.000    4.93534    3.31    2.02    3.42
15-07-2024 08:55:09.87   24.92  -1.002  25.825   31.780  100.4  12.12  14.000    5.02785    3.31    2.02    3.42
15-07-2024 08:55:10.12   24.68  -1.002  25.823   31.778  100.5  12.13  14.000    5.16182    2.92    2.17    3.10
15-07-2024 08:55:10.36   24.42  -1.002  25.818   31.771  100.5  12.12  14.000    5.22844    3.04    3.02    3.48
15-07-2024 08:55:10.61   24.24  -1.003  25.813   31.766  100.5  12.12  14.000    5.32910    3.13    2.33    3.33
15-07-2024 08:55:10.85   24.04  -1.001  25.811   31.761  100.5  12.12  14.000    5.42754    3.18    2.48    3.33
15-07-2024 08:55:11.10   23.81  -0.998  25.810   31.756  100.5  12.13  14.000    5.55262    3.45    2.75    3.55
15-07-2024 08:55:11.34   23.60  -0.988  25.809   31.746  100.5  12.13  14.000    5.67179    4.68    1.88    3.38
15-07-2024 08:55:11.59   23.41  -0.987  25.808   31.742  100.5  12.13  14.000    5.78799    4.68    1.88    3.38
15-07-2024 08:55:11.84   23.17  -0.988  25.812   31.749  100.6  12.13  14.000    5.89679    4.03    2.53    3.52
15-07-2024 08:55:12.09   22.99  -0.976  25.814   31.740  100.6  12.13  14.000    6.04482    5.15    2.28    3.31
15-07-2024 08:55:12.33   22.79  -0.952  25.843   31.754  100.6  12.12  14.000    6.15881    3.95    2.52    3.55
15-07-2024 08:55:12.58   22.59  -0.930  25.844   31.732  100.6  12.11  14.000    6.27279    3.62    2.23    3.29
15-07-2024 08:55:12.83   22.39  -0.921  25.856   31.739  100.6  12.11  14.000    6.40306    4.99    2.47    3.51
15-07-2024 08:55:13.07   22.16  -0.918  25.848   31.725  100.6  12.12  14.000    6.58661    3.94    3.06    3.45
15-07-2024 08:55:13.32   21.99  -0.909  25.847   31.713  100.7  12.12  14.000    6.69986    3.94    3.06    3.45
15-07-2024 08:55:13.56   21.75  -0.883  25.865   31.710  100.6  12.11  14.000    6.86417    3.44    2.06    3.18
15-07-2024 08:55:13.81   21.52  -0.853  25.893   31.716  100.6  12.10  14.000    7.01886    5.41    2.67    3.44
15-07-2024 08:55:14.05   21.31  -0.825  25.911   31.712  100.7  12.09  14.000    7.19428    4.75    2.45    3.72
15-07-2024 08:55:14.30   21.09  -0.804  25.910   31.689  100.7  12.10  14.000    7.39486    5.09    2.56    3.71
15-07-2024 08:55:14.54   20.86  -0.781  25.928   31.689  100.7  12.09  14.000    7.57842    4.97    2.54    3.60
15-07-2024 08:55:14.79   20.58  -0.744  25.949   31.678  100.8  12.08  14.000    7.77456    7.06    2.31    3.54
15-07-2024 08:55:15.03   20.33  -0.723  25.944   31.651  100.8  12.08  14.000    7.97366    7.06    2.31    3.54
15-07-2024 08:55:15.28   20.09  -0.701  25.955   31.641  100.8  12.07  14.000    8.15130    5.47    2.55    3.42
15-07-2024 08:55:15.53   19.91  -0.690  25.961   31.638  100.8  12.07  14.000    8.36150    4.84    2.56    3.31
15-07-2024 08:55:15.78   19.65  -0.685  25.960   31.632  100.9  12.08  14.000    8.54950    4.92    2.58    3.62
15-07-2024 08:55:16.02   19.41  -0.681  25.959   31.627  100.9  12.09  14.000    8.75156    7.03    2.34    4.20
15-07-2024 08:55:16.27   19.18  -0.673  25.972   31.636  101.0  12.09  14.000    8.98915    4.35    2.69    3.75
15-07-2024 08:55:16.51   18.93  -0.664  25.993   31.654  101.0  12.09  14.000    9.23562    6.45    2.78    3.86
15-07-2024 08:55:16.76   18.77  -0.652  25.992   31.641  101.1  12.09  14.000    9.43324    6.45    2.78    3.86
15-07-2024 08:55:17.00   18.56  -0.640  25.996   31.634  101.1  12.09  14.000    9.65973   10.78    2.46    3.57
15-07-2024 08:55:17.25   18.34  -0.619  26.003   31.620  101.1  12.09  14.000    9.87733    6.02    2.44    3.46
15-07-2024 08:55:17.49   18.13  -0.614  26.009   31.624  101.2  12.10  14.000   10.16451    5.29    2.68    3.77
15-07-2024 08:55:17.74   17.98  -0.602  26.027   31.635  101.2  12.09  14.000   10.38434    6.54    2.86    3.64
15-07-2024 08:55:17.98   17.77  -0.575  26.029   31.611  101.2  12.09  14.000   10.61230    5.86    2.52    3.64
15-07-2024 08:55:18.23   17.58  -0.559  26.030   31.594  101.2  12.08  14.000   10.85433    5.25    2.93    4.07
15-07-2024 08:55:18.47   17.39  -0.555  26.033   31.594  101.3  12.09  14.000   11.07046    5.25    2.93    4.07
15-07-2024 08:55:18.72   17.27  -0.549  26.045   31.604  101.3  12.08  14.000   11.25624    4.94    2.53    3.93
15-07-2024 08:55:18.97   17.11  -0.523  26.054   31.590  101.3  12.08  14.000   11.48346    9.33    2.67    3.79
15-07-2024 08:55:19.22   16.97  -0.511  26.052   31.575  101.4  12.08  14.000   11.64333    9.30    2.42    3.83
15-07-2024 08:55:19.46   16.83  -0.511  26.053   31.576  101.4  12.09  14.000   11.77656    6.45    2.51    3.94
15-07-2024 08:55:19.71   16.70  -0.510  26.051   31.573  101.5  12.10  14.000   11.93570   13.00    2.20    3.82
15-07-2024 08:55:19.95   16.58  -0.510  26.047   31.567  101.5  12.10  14.000   12.11259   13.00    2.20    3.82
15-07-2024 08:55:20.20   16.40  -0.512  26.044   31.566  101.6  12.11  14.000   12.41309    6.04    2.62    3.84
15-07-2024 08:55:20.44   16.24  -0.512  26.044   31.565  101.6  12.11  14.000   12.72988    8.37    2.51    3.88
15-07-2024 08:55:20.69   16.05  -0.509  26.048   31.567  101.7  12.12  14.000   13.00669    6.46    2.83    3.52
15-07-2024 08:55:20.93   15.87  -0.499  26.059   31.572  101.7  12.13  14.000   13.36789    8.72    2.95    3.57
15-07-2024 08:55:21.18   15.72  -0.478  26.069   31.563  101.8  12.12  14.000   13.63879    7.14    1.98    3.80
15-07-2024 08:55:21.42   15.55  -0.461  26.075   31.554  101.8  12.12  14.000   13.94225    6.42    2.40    3.28
15-07-2024 08:55:21.67   15.42  -0.443  26.076   31.537  101.8  12.12  14.000   14.21462    6.42    2.40    3.28
15-07-2024 08:55:21.91   15.29  -0.432  26.076   31.525  101.8  12.12  14.000   14.45887    6.97    2.68    3.80
15-07-2024 08:55:22.16   15.18  -0.421  26.075   31.513  101.8  12.12  14.000   14.70534   11.38    2.98    3.92
15-07-2024 08:55:22.41   15.06  -0.413  26.073   31.501  101.8  12.11  14.000   14.94219   12.00    3.42    3.60
15-07-2024 08:55:22.66   14.93  -0.389  26.072   31.475  101.8  12.11  14.000   15.14129    9.07    2.79    3.83
15-07-2024 08:55:22.90   14.78  -0.333  26.084   31.433  101.8  12.09  14.000   15.34336   10.64    2.80    3.52
15-07-2024 08:55:23.15   14.68  -0.324  26.085   31.425  101.8  12.09  14.000   15.49435   10.70    3.59    4.08
15-07-2024 08:55:23.40   14.55  -0.323  26.078   31.415  101.9  12.10  14.000   15.65200   10.70    3.59    4.08
15-07-2024 08:55:23.64   14.42  -0.340  26.072   31.426  102.0  12.11  14.000   15.83260   16.13    3.04    4.24
15-07-2024 08:55:23.89   14.31  -0.350  26.072   31.436  102.1  12.13  14.000   16.09165   10.56    2.83    4.64
15-07-2024 08:55:24.13   14.20  -0.346  26.078   31.440  102.1  12.13  14.000   16.28557   10.42    3.53    4.07
15-07-2024 08:55:24.38   14.10  -0.332  26.096   31.449  102.2  12.13  14.000   16.43434   16.17    3.55    3.96
15-07-2024 08:55:24.62   13.95  -0.317  26.105   31.446  102.2  12.13  14.000   16.47431   11.84    2.42    4.35
15-07-2024 08:55:24.87   13.89  -0.303  26.103   31.428  102.3  12.14  14.000   16.62530   16.70    3.73    3.78
15-07-2024 08:55:25.11   13.76  -0.295  26.107   31.426  102.3  12.14  14.000   16.70080   16.70    3.73    3.78
15-07-2024 08:55:25.36   13.64  -0.275  26.112   31.412  102.3  12.13  14.000   16.87991    5.28    2.99    3.59
15-07-2024 08:55:25.60   13.53  -0.261  26.114   31.400  102.3  12.13  14.000   17.09530    8.01    2.87    3.71
15-07-2024 08:55:25.85   13.45  -0.254  26.115   31.393  102.4  12.14  14.000   17.26405    6.11    2.89    3.83
15-07-2024 08:55:26.09   13.32  -0.248  26.114   31.387  102.4  12.14  14.000   17.29884   17.76    3.81    4.34
15-07-2024 08:55:26.34   13.23  -0.241  26.110   31.374  102.5  12.15  14.000   17.50904    7.66    2.56    3.60
15-07-2024 08:55:26.59   13.11  -0.239  26.106   31.366  102.5  12.15  14.000   17.61636    9.41    2.41    3.49
15-07-2024 08:55:26.84   13.01  -0.240  26.105   31.367  102.6  12.16  14.000   17.79178    9.41    2.41    3.49
15-07-2024 08:55:27.08   12.90  -0.241  26.105   31.368  102.6  12.16  14.000   18.01309   11.82    3.09    4.03
15-07-2024 08:55:27.33   12.77  -0.241  26.110   31.374  102.7  12.17  14.000   18.30026    6.95    2.91    4.55
15-07-2024 08:55:27.58   12.65  -0.240  26.111   31.375  102.8  12.18  14.000   18.40241    7.77    2.95    4.10
15-07-2024 08:55:27.82   12.56  -0.237  26.117   31.378  102.7  12.18  14.000   18.60743   16.05    3.70    4.10
15-07-2024 08:55:28.07   12.44  -0.230  26.125   31.383  102.8  12.18  14.000   18.77914    8.94    2.89    4.06
15-07-2024 08:55:28.31   12.29  -0.213  26.143   31.389  102.9  12.18  14.000   18.94716    7.08    2.97    3.10
15-07-2024 08:55:28.55   12.17  -0.186  26.153   31.374  102.8  12.17  14.000   19.04338    7.08    2.97    3.10
15-07-2024 08:55:28.80   12.11  -0.166  26.155   31.356  103.0  12.18  14.000   19.10481    7.31    2.24    3.73
15-07-2024 08:55:29.05   11.93  -0.157  26.156   31.348  103.1  12.19  14.000   19.16106    6.07    2.78    4.13
15-07-2024 08:55:29.29   11.85  -0.151  26.153   31.338  103.1  12.19  14.000   19.34462   12.13    2.56    3.43
15-07-2024 08:55:29.54   11.73  -0.148  26.154   31.336  103.0  12.18  14.000   19.53336    5.06    2.83    3.46
15-07-2024 08:55:29.78   11.59  -0.149  26.158   31.343  103.2  12.20  14.000   19.84718    7.48    3.15    3.46
15-07-2024 08:55:30.03   11.47  -0.150  26.158   31.345  103.3  12.21  14.000   20.03518   10.60    2.54    4.57
15-07-2024 08:55:30.28   11.32  -0.146  26.158   31.341  103.3  12.22  14.000   20.21652   10.60    2.54    4.57
15-07-2024 08:55:30.53   11.24  -0.143  26.157   31.336  103.4  12.22  14.000   20.37639   11.34    2.37    4.03
15-07-2024 08:55:30.77   11.11  -0.127  26.162   31.327  103.4  12.22  14.000   20.46669   12.64    2.98    4.26
15-07-2024 08:55:31.02   10.95  -0.102  26.166   31.306  103.4  12.21  14.000   20.83899    6.95    3.46    3.82
15-07-2024 08:55:31.26   10.84  -0.078  26.163   31.278  103.4  12.21  14.000   21.13505    4.82    2.45    3.57
15-07-2024 08:55:31.51   10.70  -0.060  26.161   31.256  103.4  12.21  14.000   21.24237    7.22    2.84    3.61
15-07-2024 08:55:31.75   10.52  -0.060  26.158   31.252  103.5  12.22  14.000   21.34673    4.43    2.42    3.88
15-07-2024 08:55:32.00   10.41  -0.061  26.153   31.248  103.6  12.23  14.000   21.46145    4.43    2.42    3.88
15-07-2024 08:55:32.24   10.28  -0.059  26.147   31.237  103.7  12.24  14.000   21.74937    7.22    2.74    3.37
15-07-2024 08:55:32.49   10.12  -0.054  26.143   31.227  103.6  12.23  14.000   21.90999    4.19    2.69    3.62
15-07-2024 08:55:32.73   10.00  -0.052  26.140   31.221  103.8  12.26  14.000   22.35186    7.58    3.31    4.13
15-07-2024 08:55:32.98    9.87  -0.051  26.133   31.211  103.8  12.26  14.000   22.58130    7.03    2.47    3.93
15-07-2024 08:55:33.23    9.75  -0.051  26.126   31.202  103.9  12.26  14.000   22.76560    5.50    2.83    4.01
15-07-2024 08:55:33.47    9.62  -0.050  26.106   31.175  103.9  12.27  14.000   22.60055    8.72    3.17    3.76
15-07-2024 08:55:33.72    9.48  -0.050  26.084   31.146  104.0  12.28  14.000   22.45400    8.72    3.17    3.76
15-07-2024 08:55:33.97    9.39  -0.055  26.071   31.134  104.2  12.31  14.000   22.69085   10.13    2.49    3.71
15-07-2024 08:55:34.22    9.29  -0.059  26.068   31.134  104.0  12.29  14.000   22.98987    4.30    2.32    3.43
15-07-2024 08:55:34.46    9.17  -0.064  26.037   31.099  104.1  12.30  14.000   23.20451    3.77    2.34    3.40
15-07-2024 08:55:34.71    9.05  -0.068  26.027   31.089  104.2  12.31  14.000   23.22450    3.49    2.31    3.06
15-07-2024 08:55:34.95    8.88  -0.068  26.043   31.111  104.2  12.32  14.000   23.34292    4.25    2.63    3.20
15-07-2024 08:55:35.20    8.79  -0.073  26.053   31.129  104.2  12.32  14.000   23.68487    5.59    2.88    3.29
15-07-2024 08:55:35.44    8.61  -0.098  26.050   31.150  104.4  12.35  14.000   24.06161    5.59    2.88    3.29
15-07-2024 08:55:35.69    8.46  -0.136  26.042   31.178  104.5  12.36  14.000   24.27181   10.01    3.10    3.44
15-07-2024 08:55:35.93    8.27  -0.157  26.009   31.157  104.4  12.37  14.000   24.55011    4.16    2.31    3.22
15-07-2024 08:55:36.18    8.14  -0.158  25.821   30.911  104.6  12.40  14.000   25.07636    5.01    2.40    3.56
15-07-2024 08:55:36.42    7.93  -0.172  25.621   30.661  104.6  12.44  14.000   25.51527    4.43    2.52    3.03
15-07-2024 08:55:36.67    7.76  -0.186  25.528   30.554  104.7  12.46  14.000   25.92087    4.06    2.35    3.96
15-07-2024 08:55:36.91    7.60  -0.197  25.495   30.521  104.7  12.47  14.000   26.23470    9.37    3.08    3.71
15-07-2024 08:55:37.16    7.44  -0.201  25.443   30.457  104.8  12.48  14.000   26.71136    9.37    3.08    3.71
15-07-2024 08:55:37.41    7.29  -0.211  25.392   30.400  104.8  12.49  14.000   27.32050    6.49    2.45    3.43
15-07-2024 08:55:37.65    7.15  -0.219  25.362   30.369  104.9  12.51  14.000   27.69946    5.94    2.88    3.21
15-07-2024 08:55:37.90    7.03  -0.224  25.350   30.357  104.9  12.51  14.000   27.92817    4.99    2.16    3.95
15-07-2024 08:55:38.15    6.89  -0.228  25.339   30.348  104.9  12.52  14.000   28.05029    6.45    2.75    3.31
15-07-2024 08:55:38.39    6.75  -0.229  25.311   30.311  105.0  12.53  14.000   28.49808    3.40    1.96    3.38
15-07-2024 08:55:38.64    6.61  -0.233  25.285   30.282  105.0  12.54  14.000   29.18716    2.84    2.57    3.17
15-07-2024 08:55:38.88    6.50  -0.238  25.271   30.268  105.0  12.54  14.000   29.64088    2.84    2.57    3.17
15-07-2024 08:55:39.13    6.39  -0.238  25.262   30.257  105.1  12.55  14.000   30.28407    3.70    2.77    3.17
15-07-2024 08:55:39.37    6.27  -0.237  25.259   30.253  105.1  12.55  14.000   30.91468    3.75    2.86    3.57
15-07-2024 08:55:39.62    6.10  -0.236  25.262   30.254  105.1  12.55  14.000   31.48756    4.79    1.66    3.39
15-07-2024 08:55:39.86    5.96  -0.236  25.262   30.255  105.2  12.56  14.000   32.25140    3.98    2.25    3.62
15-07-2024 08:55:40.12    5.79  -0.235  25.261   30.253  105.2  12.56  14.000   33.32240    5.03    2.41    3.17
15-07-2024 08:55:40.35    5.64  -0.229  25.259   30.245  105.2  12.56  14.000   34.89966    4.19    2.34    3.38
15-07-2024 08:55:40.60    5.48  -0.208  25.248   30.209  105.2  12.55  14.000   36.00989    4.19    2.34    3.38
15-07-2024 08:55:40.85    5.30  -0.190  25.197   30.125  105.1  12.55  14.000   36.42437    4.34    2.99    3.49
15-07-2024 08:55:41.10    5.14  -0.185  25.161   30.073  105.2  12.56  14.000   36.61311    5.80    2.94    3.62
15-07-2024 08:55:41.34    4.98  -0.178  25.143   30.041  105.2  12.56  14.000   38.24515    9.49    3.19    4.49
15-07-2024 08:55:41.59    4.78  -0.173  25.127   30.016  105.2  12.57  14.000   40.02595    6.70    2.96    3.92
15-07-2024 08:55:41.84    4.62  -0.169  25.119   30.001  105.3  12.57  14.000   41.27903    5.83    3.32    3.60
15-07-2024 08:55:42.08    4.52  -0.164  25.113   29.989  105.3  12.57  14.000   41.65799    4.96    2.83    3.33
15-07-2024 08:55:42.33    4.38  -0.159  25.107   29.976  105.3  12.57  14.000   43.04652    4.96    2.83    3.33
15-07-2024 08:55:42.57    4.24  -0.155  25.104   29.969  105.3  12.58  14.000   45.26919    5.50    3.09    3.43
15-07-2024 08:55:42.82    4.08  -0.152  25.098   29.957  105.3  12.57  14.000   47.16472    5.18    3.08    3.73
15-07-2024 08:55:43.06    3.91  -0.149  25.091   29.946  105.3  12.57  14.000   47.82568    6.47    2.44    3.43
15-07-2024 08:55:43.31    3.75  -0.146  25.090   29.941  105.3  12.58  14.000   48.53770    3.97    2.58    3.80
15-07-2024 08:55:43.55    3.63  -0.144  25.088   29.937  105.4  12.58  14.000   49.41034    4.98    2.53    3.51
15-07-2024 08:55:43.80    3.43  -0.141  25.082   29.927  105.4  12.59  14.000   50.46654    4.97    2.70    3.34
15-07-2024 08:55:44.04    3.30  -0.116  25.077   29.896  105.4  12.58  14.000   51.92020    4.97    2.70    3.34
15-07-2024 08:55:44.29    3.12  -0.114  25.078   29.895  105.5  12.59  14.000   52.18147    2.45    2.53    3.28
15-07-2024 08:55:44.53    2.94  -0.088  25.072   29.862  105.4  12.57  14.000   54.33310    2.81    2.52    3.37
15-07-2024 08:55:44.78    2.81  -0.069  25.072   29.842  105.4  12.57  14.000   57.55424    2.36    2.08    3.24
15-07-2024 08:55:45.03    2.61  -0.046  25.070   29.817  105.4  12.56  14.000   61.85526    4.94    2.56    3.25
15-07-2024 08:55:45.28    2.44  -0.035  25.067   29.804  105.5  12.56  14.000   64.45023    3.95    2.58    3.51
15-07-2024 08:55:45.52    2.28  -0.027  25.066   29.794  105.5  12.57  14.000   64.22449    3.45    2.83    3.57
15-07-2024 08:55:45.77    2.16  -0.018  25.063   29.782  105.6  12.57  14.000   65.25552    3.45    2.83    3.57
15-07-2024 08:55:46.01    2.01  -0.004  25.062   29.767  105.6  12.57  14.000   67.58701    2.57    2.78    3.03
15-07-2024 08:55:46.26    1.83   0.007  25.063   29.758  105.6  12.57  14.000   68.35750    4.04    2.35    3.25
15-07-2024 08:55:46.50    1.80   0.027  25.068   29.744  105.7  12.57  14.000   69.95327    2.84    2.36    3.19
15-07-2024 08:55:46.75    1.72   0.064  25.067   29.707  105.7  12.57  14.000   74.01670    2.65    2.35    3.46
15-07-2024 08:55:46.99    1.64   0.075  25.065   29.694  105.8  12.58  14.000   71.92133    3.37    2.30    3.32
15-07-2024 08:55:47.24    1.60   0.084  25.067   29.688  105.8  12.57  14.000   68.18356    3.26    2.05    3.00
15-07-2024 08:55:47.48    1.48   0.103  25.069   29.673  105.8  12.57  14.000   73.89828    3.26    2.05    3.00
15-07-2024 08:55:47.73    1.40   0.126  25.068   29.649  105.8  12.56  14.000   84.15531    3.24    2.05    3.34
15-07-2024 08:55:47.97    1.28   0.149  25.065   29.624  105.8  12.56  14.000   83.65349    2.55    1.78    3.30
15-07-2024 08:55:48.22    1.18   0.159  25.060   29.607  105.7  12.55  14.000   79.33025    2.64    2.32    3.37
15-07-2024 08:55:48.47    1.11   0.149  25.057   29.612  105.8  12.56  14.000   78.06460    2.66    3.12    3.83
15-07-2024 08:55:48.72    1.04   0.151  25.069   29.626  105.8  12.56  14.000   87.28986    3.92    1.94    3.20
15-07-2024 08:55:48.97    0.98   0.163  25.070   29.616  106.0  12.57  14.000   94.41975    3.32    1.83    3.13
15-07-2024 08:55:49.21    0.94   0.179  25.072   29.602  106.1  12.58  14.000   80.13258    3.32    1.83    3.13
15-07-2024 08:55:49.46    0.88   0.232  25.087   29.572  105.9  12.55  14.000   78.34142    2.67    2.15    3.42
15-07-2024 08:55:49.70    0.79   0.295  25.086   29.509  105.8  12.52  14.000   89.64502    3.07    2.86    3.44
15-07-2024 08:55:49.95    0.71   0.305  25.074   29.484  105.8  12.52  14.000  102.94777    2.97    2.51    3.12
15-07-2024 08:55:50.19    0.65   0.311  25.074   29.478  105.9  12.53  14.000   90.92400    2.53    2.46    3.01
15-07-2024 08:55:50.44    0.54   0.323  25.095   29.494  105.9  12.52  14.000   93.68700    2.84    1.80    3.12
15-07-2024 08:55:50.68    0.44   0.321  25.094   29.496  106.0  12.53  14.000   96.81857    2.30    2.70    3.49
15-07-2024 08:55:50.93    0.34   0.341  25.089   29.469  106.0  12.53  14.000  178.91330    2.30    2.70    3.49
15-07-2024 08:55:51.18    0.23   0.377  25.106   29.457  106.0  12.52  14.000  214.21042    2.50    2.57    3.36
15-07-2024 08:55:51.42    0.16   0.414  25.116   29.435  105.9  12.50  14.000  219.97842    1.74    2.95    3.72
15-07-2024 08:55:51.66    0.15   0.430  25.120   29.424  105.9  12.50  14.000  224.52223    3.16    2.66    3.92
15-07-2024 08:55:51.91    0.12   0.437  25.116   29.413  105.9  12.50  14.000  226.69087    2.36    2.26    2.74
15-07-2024 08:55:52.16    0.09   0.436  25.111   29.406  105.9  12.50  14.000  226.75304    2.24    2.66    3.22
15-07-2024 08:55:52.40    0.02   0.435  25.116   29.414  106.0  12.50  14.000  229.02235    3.38    2.83    3.32
15-07-2024 08:55:52.65   -0.09   0.431  25.118   29.421  106.0  12.51  14.000  232.05180    3.38    2.83    3.32
15-07-2024 08:55:52.90   -0.14   0.432  25.121   29.424  105.9  12.50  14.000  235.87614    2.60    1.69    2.20
15-07-2024 08:55:53.14   -0.11   0.426   3.588    3.614  105.7  14.87  14.000  241.20969    5.34    1.69   32.58
15-07-2024 08:55:53.39   -0.12   0.414   3.160    3.159  105.6  14.90  14.000  246.23755    5.34   34.64   13.59
15-07-2024 08:55:53.63   -0.10   0.411   2.726    2.701  105.4  14.93  14.000  248.39139    0.17   34.64    4.35
15-07-2024 08:55:53.88   -0.09   0.406   2.498    2.463  105.3  14.94  14.000  249.36470   12.26   18.52   21.82
15-07-2024 08:55:54.12   -0.08   0.402   2.420    2.382  105.3  14.95  14.000  251.61697    2.47   18.52   10.01
15-07-2024 08:55:54.41   -0.10   0.400   2.425    2.388  105.3  14.95  14.000  254.82480    2.47   18.52   22.67
15-07-2024 08:55:54.61   -0.14   0.398   2.441    2.404  105.2  14.93  14.000  257.19699    2.47   18.52   22.67
15-07-2024 08:55:54.86   -0.14   0.398   2.324    2.282  105.1  14.93  14.000  257.87201   12.13   18.52    2.94
15-07-2024 08:55:55.10   -0.10   0.397   2.210    2.164  105.1  14.94  14.000  258.69431   12.13   30.17    2.94
15-07-2024 08:55:55.35   -0.10   0.397   2.083    2.033  105.1  14.96  14.000  260.83780   55.79   30.17    2.94
15-07-2024 08:55:55.60   -0.10   0.397   2.002    1.950  105.0  14.96  14.000  264.12778   55.79   15.84    2.94
15-07-2024 08:55:55.85   -0.12   0.397   1.931    1.877  104.9  14.94  14.000  266.69238   19.35   15.84    4.90
15-07-2024 08:55:56.09   -0.10   0.397   1.793    1.736  105.0  14.97  14.000  267.86627   19.35   15.84    4.90
15-07-2024 08:55:56.34   -0.11   0.397   1.608    1.547  104.9  14.97  14.000  268.55609   26.42    8.08    9.02
15-07-2024 08:55:56.59   -0.12   0.397   1.446    1.384  104.8  14.98  14.000  269.77142    3.25    8.08    6.45
15-07-2024 08:55:56.83   -0.09   0.397   1.347    1.284  104.8  14.99  14.000  270.71884    1.49   13.24    1.70
15-07-2024 08:55:57.08   -0.11   0.397   1.355    1.293  104.7  14.98  14.000  271.91934   15.51   13.24    1.53
15-07-2024 08:55:57.32   -0.09   0.397   1.436    1.374  104.7  14.96  14.000  273.89630    0.24   13.24   15.65
15-07-2024 08:55:57.57   -0.13   0.398   1.273    1.210  104.6  14.97  14.000  275.72745    0.24   22.71   15.65
15-07-2024 08:55:57.85   -0.09   0.398   1.137    1.074  104.6  14.98  14.000  277.48306    0.24   22.71    6.29
15-07-2024 08:55:58.06   -0.11   0.398   1.027    0.966  104.5  14.98  14.000  278.18771    0.24   22.71    6.29
15-07-2024 08:55:58.30   -0.09   0.397   0.917    0.858  104.5  14.99  14.000  279.51257    1.38   22.71    6.29
15-07-2024 08:55:58.55   -0.12   0.397   0.924    0.865  104.5  14.98  14.000  281.68567   19.89   22.71    6.29
15-07-2024 08:55:58.79   -0.14   0.397   0.902    0.843  104.4  14.98  14.000  283.11044   12.07   20.41    6.29
15-07-2024 08:55:59.04   -0.14   0.396   0.944    0.884  104.4  14.97  14.000  284.31247   12.07   20.41    6.29
15-07-2024 08:55:59.28   -0.08   0.396   0.924    0.864  104.3  14.97  14.000  284.82538   12.07   20.41    6.29
15-07-2024 08:55:59.54   -0.10   0.395   0.925    0.866  104.3  14.96  14.000  287.07840    9.08    4.88   21.73
15-07-2024 08:55:59.78   -0.15   0.395   0.857    0.800  104.2  14.96  14.000  289.14417    2.31    2.07   21.73
15-07-2024 08:56:00.03   -0.11   0.394   0.785    0.729  104.2  14.97  14.000  290.99307   11.53    2.07    8.19
15-07-2024 08:56:00.27   -0.11   0.394   0.768    0.713  104.2  14.96  14.000  291.93231    8.41    2.07    8.19
15-07-2024 08:56:00.52   -0.11   0.394   0.713    0.660  104.1  14.96  14.000  294.54803    4.74    7.57    8.19
15-07-2024 08:56:00.77   -0.12   0.395   0.674    0.622  104.1  14.96  14.000  296.47537    4.74    7.57   28.11
15-07-2024 08:56:01.01   -0.14   0.395   0.644    0.593  104.1  14.96  14.000  298.69955    4.74    7.57    2.25
15-07-2024 08:56:01.25   -0.15   0.396   0.607    0.557  104.0  14.96  14.000  299.89859    4.74    7.57    2.25
15-07-2024 08:56:01.50   -0.16   0.396   0.579    0.531  104.0  14.95  14.000  301.93326    1.33    7.57    1.90
15-07-2024 08:56:01.74   -0.12   0.395   0.551    0.503  104.0  14.95  14.000  303.40616    1.33    7.57    1.90
15-07-2024 08:56:01.99   -0.13   0.394   0.516    0.470  104.0  14.95  14.000  305.02487    3.87   11.55    1.90
15-07-2024 08:56:02.24   -0.10   0.394   0.488    0.443  103.9  14.95  14.000  306.86194   11.15   11.20    7.69
15-07-2024 08:56:02.48   -0.08   0.394   0.467    0.424  103.9  14.95  14.000  309.02835   11.15   11.20    7.69
15-07-2024 08:56:02.72   -0.11   0.393   0.453    0.410  103.9  14.95  14.000  309.82773   11.15   11.20    7.69
15-07-2024 08:56:02.97   -0.09   0.393   0.439    0.397  103.8  14.94  14.000  311.10226   19.13   11.20    5.73
15-07-2024 08:56:03.22   -0.14   0.393   0.428    0.387  103.8  14.94  14.000  311.99860    5.72   11.20    0.42
15-07-2024 08:56:03.47   -0.12   0.392   0.423    0.383  103.8  14.94  14.000  312.44565    3.55   11.20    0.42
15-07-2024 08:56:03.72   -0.15   0.392   0.415    0.374  103.8  14.94  14.000  311.88684    3.98    6.48    4.20
15-07-2024 08:56:03.96   -0.13   0.392   0.398    0.359  103.8  14.94  14.000  312.59073    3.98   16.97   16.46
15-07-2024 08:56:04.21   -0.09   0.392   0.371    0.333  103.7  14.94  14.000  313.56403    2.83    2.88   16.46
15-07-2024 08:56:04.45   -0.14   0.392   0.345    0.309  103.7  14.93  14.000  314.39520    2.83    2.88   16.46
15-07-2024 08:56:04.70   -0.11   0.392   0.333    0.298  103.7  14.93  14.000  314.69794    2.69    6.34    3.89
15-07-2024 08:56:04.94   -0.14   0.392   0.323    0.289  103.6  14.93  14.000  315.32556    7.62    6.34    5.73
15-07-2024 08:56:05.19   -0.14   0.392   0.313    0.279  103.6  14.92  14.000  311.85797 1000.00 1000.00    6.18
15-07-2024 08:56:05.43   -0.08   0.391   0.302    0.269  103.6  14.92  14.000  308.48288    4.63 1000.00 1000.00
15-07-2024 08:56:05.68   -0.14   0.390   0.294    0.262  103.6  14.92  14.000  310.82547 1000.00   14.59    9.52
15-07-2024 08:56:05.92   -0.14   0.390   0.288    0.256  103.5  14.92  14.000  312.55667 1000.00   12.91    9.52
15-07-2024 08:56:06.17   -0.12   0.389   0.283    0.252  103.6  14.92  14.000  315.38702 1000.00   12.91    9.52
15-07-2024 08:56:06.41   -0.11   0.389   0.276    0.245  103.6  14.92  14.000  319.62958 1000.00   12.91    2.27
15-07-2024 08:56:06.66   -0.11   0.389   0.270    0.240  103.5  14.91  14.000  323.54276 1000.00    4.09    6.46
15-07-2024 08:56:06.91   -0.10   0.389   0.267    0.237  103.5  14.92  14.000  333.13217 1000.00    4.33    6.46
15-07-2024 08:56:07.15   -0.10   0.388   0.264    0.234  103.5  14.92  14.000  338.48126   22.72    4.33    0.16
15-07-2024 08:56:07.40   -0.09   0.387   0.267    0.237  103.5  14.91  14.000  345.87460   28.27    4.33   25.83
15-07-2024 08:56:07.65   -0.09   0.387   0.275    0.244  103.5  14.91  14.000  344.91687    5.86    4.33    1.79
15-07-2024 08:56:07.89   -0.13   0.386   0.284    0.252  103.4  14.90  14.000  344.55493    5.86    4.33    1.79
15-07-2024 08:56:08.14   -0.10   0.384   0.299    0.267  103.4  14.90  14.000  343.87769 1000.00   17.67    1.79
15-07-2024 08:56:08.38   -0.10   0.383   0.328    0.294  103.4  14.90  14.000  325.38129    0.00    0.00    1.79
15-07-2024 08:56:08.63   -0.14   0.382   0.337    0.302  103.4  14.90  14.000  307.30899    3.62   21.57   13.59
15-07-2024 08:56:08.87   -0.13   0.382   0.341    0.306  103.4  14.89  14.000  325.76987    3.62   21.57    3.19
15-07-2024 08:56:09.12   -0.10   0.382   0.352    0.316  103.4  14.89  14.000  298.56631    2.45   14.81    0.18
15-07-2024 08:56:09.36   -0.10   0.381   0.347    0.311  103.3  14.88  14.000  317.98346   10.27    0.00    4.59
15-07-2024 08:56:09.63   -0.13   0.381   0.345    0.309  103.4  14.89  14.000  331.38690   10.27    0.00    4.59
15-07-2024 08:56:09.85   -0.13   0.380   0.344    0.308  103.3  14.88  14.000  335.20609   10.27    0.00    4.59
15-07-2024 08:56:10.10   -0.12   0.379   1.301    1.238  103.3  14.79  14.000  338.89648    5.77   18.87   74.56
15-07-2024 08:56:10.34   -0.15   0.380   1.133    1.071  103.3  14.80  14.000  330.66226 1000.00 1000.00   74.56
15-07-2024 08:56:10.60   -0.12   0.379   1.179    1.117  103.3  14.79  14.000  343.65121 1000.00    0.00    0.00
15-07-2024 08:56:10.84   -0.10   0.379   1.201    1.139  103.3  14.80  14.000  342.00214 1000.00    1.38    1.29
15-07-2024 08:56:11.09   -0.13   0.379   1.059    0.998  103.3  14.80  14.000  336.54575 1000.00    1.38 1000.00
15-07-2024 08:56:11.34   -0.11   0.379   1.080    1.019  103.2  14.80  14.000  330.01688 1000.00    1.38 1000.00
15-07-2024 08:56:11.58   -0.09   0.378   1.097    1.036  103.2  14.80  14.000  324.88391 1000.00    2.12 1000.00
15-07-2024 08:56:11.83   -0.16   0.378   1.140    1.078  103.2  14.79  14.000  320.27646   16.38    2.12 1000.00
15-07-2024 08:56:12.07   -0.16   0.377   0.988    0.929  103.2  14.81  14.000  308.32523   24.45    0.00 1000.00
15-07-2024 08:56:12.32   -0.09   0.376   1.036    0.975  103.2  14.80  14.000  302.23080   24.45   26.85 1000.00
15-07-2024 08:56:12.56   -0.10   0.376   1.171    1.110  103.1  14.77  14.000  292.13144   14.70   26.85    8.38
15-07-2024 08:56:12.81   -0.10   0.376   1.110    1.049  103.0  14.76  14.000  289.32996    5.29   26.85    8.38
15-07-2024 08:56:13.06   -0.08   0.376   1.061    1.000  102.3  14.68  14.000  281.30225    5.29   26.85    8.38
15-07-2024 08:56:13.30   -0.07   0.375   0.950    0.891  102.6  14.72  14.000  277.40833   21.97   26.85    9.35
15-07-2024 08:56:13.54   -0.08   0.374   0.967    0.908  102.2  14.66  14.000  274.85110    5.32   10.25    9.35
15-07-2024 08:56:13.79   -0.10   0.374   0.842    0.785  102.0  14.65  14.000  272.30273    5.32 1000.00   13.15
15-07-2024 08:56:14.03   -0.07   0.375   0.721    0.668  101.8  14.63  14.000  260.68829    5.32    0.00   13.15
15-07-2024 08:56:14.29   -0.12   0.380   0.672    0.620  102.0  14.66  14.000  253.73158    8.58   12.46    8.03
15-07-2024 08:56:14.53   -0.08   0.383   0.622    0.572  101.8  14.63  14.000  248.51129    8.58    2.34    2.38
15-07-2024 08:56:14.78   -0.08   0.387   0.596    0.547  101.7  14.63  14.000  245.83786    8.58    2.34    2.38
15-07-2024 08:56:15.02   -0.13   0.390   0.555    0.507  101.5  14.60  14.000  237.71025    2.73    1.11    2.86
15-07-2024 08:56:15.27   -0.14   0.396   0.524    0.478  101.4  14.59  14.000  221.02351    1.24    1.43    6.42
15-07-2024 08:56:15.52   -0.12   0.406   0.513    0.467  101.4  14.58  14.000  217.11923    2.69    5.03   18.68
15-07-2024 08:56:15.76   -0.11   0.420   0.504    0.459  101.3  14.56  14.000  200.33997    2.69    5.03    5.12
15-07-2024 08:56:16.01   -0.08   0.435   0.490    0.445  101.2  14.54  14.000  168.68217    3.56    1.17    4.34
15-07-2024 08:56:16.25   -0.08   0.456   0.472    0.428  101.1  14.52  14.000  115.02114    0.94    1.35    0.25
15-07-2024 08:56:16.49   -0.17   0.473   0.471    0.426  101.0  14.50  14.000   81.86158    0.94    1.35    0.25
15-07-2024 08:56:16.74   -0.11   0.479   0.466    0.422  101.0  14.49  14.000   88.41341    4.87    7.95    0.46
15-07-2024 08:56:16.99   -0.10   0.483   0.451    0.408  100.9  14.49  14.000  115.39787    4.18    7.95    8.72
15-07-2024 08:56:17.23   -0.09   0.490   0.435    0.392  101.0  14.49  14.000  146.33551    5.42    1.17    0.53
15-07-2024 08:56:17.48   -0.12   0.497   0.419    0.377  100.9  14.48  14.000  163.81715    3.05    4.27    1.63
15-07-2024 08:56:17.72   -0.13   0.511   0.423    0.381  100.8  14.45  14.000  161.01346    1.68    4.27    3.47
15-07-2024 08:56:17.97   -0.11   0.522   0.431    0.388  100.7  14.44  14.000  158.42368    0.83    3.64    3.98
15-07-2024 08:56:18.22   -0.07   0.524   0.418    0.376  100.8  14.46  14.000  157.64725    0.83    3.64    3.98
15-07-2024 08:56:18.47   -0.10   0.531   0.411    0.370  101.0  14.48  14.000  156.50667    0.83   12.96    1.35
15-07-2024 08:56:18.71   -0.16   0.540   0.404    0.363  101.0  14.48  14.000  151.75565    4.91   12.96    3.39
15-07-2024 08:56:18.96   -0.11   0.546   0.402    0.361  100.9  14.46  14.000  143.46666    2.65    1.39    1.87
15-07-2024 08:56:19.20   -0.11   0.555   0.401    0.360  100.8  14.44  14.000  136.35898    3.42    3.21    3.04
15-07-2024 08:56:19.45   -0.14   0.558   0.399    0.358  100.9  14.45  14.000  123.02589    1.57    2.88    3.32
15-07-2024 08:56:19.69   -0.19   0.559   0.395    0.354  100.8  14.45  14.000  119.12972    1.50    2.54    3.32
15-07-2024 08:56:19.94   -0.11   0.562   0.391    0.350  100.8  14.45  14.000  116.32973    1.50    2.54    3.32
15-07-2024 08:56:20.18   -0.12   0.563   0.386    0.346  101.0  14.47  14.000  114.29801    2.28    2.40    3.56
15-07-2024 08:56:20.43   -0.08   0.571   0.382    0.342  101.0  14.47  14.000  112.93613    1.98    2.54    2.72
15-07-2024 08:56:20.67   -0.08   0.595   0.378    0.338  101.1  14.47  14.000  112.35363    2.25    1.55    3.46
15-07-2024 08:56:20.92   -0.11   0.613   0.375    0.335  101.0  14.46  14.000  112.90578    1.81    2.69    3.25
15-07-2024 08:56:21.16   -0.12   0.624   0.370    0.330  101.0  14.45  14.000  114.26914    2.06    2.44    2.82
15-07-2024 08:56:21.41   -0.19   0.632   0.366    0.326  100.9  14.44  14.000  111.08871    2.45    2.33    3.47
