Date	Time	Press	Temp	Cond	Sal	O2%	O2ppm	pH	PAR	Trx-Chl-a	Pethr	Pchan
[D-M-Y]	[h:m:s]	[dbar]	[°C]	[mS/cm]	[PSU]	[%]	[mg/l]	[pH]	[-]	[ug/l]	[ug/l]	[ug/l]
14-07-2024 21:25:38.09    0.21  10.943   0.015    0.013   92.3  10.17  14.000 2328.29980   22.43   33.54 1000.00
14-07-2024 21:25:38.28    0.18  10.932   0.015    0.013   92.0  10.14  14.000 2328.29980   22.43   33.54 1000.00
14-07-2024 21:25:38.53    0.19  10.953   0.014    0.012   92.2  10.16  14.000 2328.29980 1000.00   12.35    6.36
14-07-2024 21:25:38.77    0.16  10.962   0.015    0.013   92.2  10.15  14.000 2328.29980    2.58   50.81   38.18
14-07-2024 21:25:39.02    0.19  10.944   0.015    0.013   92.2  10.16  14.000 2328.29980 1000.00    4.94    8.71
14-07-2024 21:25:39.27    0.20  10.931   0.015    0.013   92.2  10.16  14.000 2328.29980 1000.00   70.31   33.08
14-07-2024 21:25:39.51    0.19  10.944   0.015    0.013   92.1  10.16  14.000 2328.29980 1000.00   70.31   33.08
14-07-2024 21:25:39.76    0.20  10.952   0.015    0.013   92.1  10.15  14.000 2328.29980    0.00    1.89    6.67
14-07-2024 21:25:40.00    0.20  10.945   0.014    0.012   92.1  10.15  14.000 2328.29980 1000.00    1.89   11.09
14-07-2024 21:25:40.25    0.19  10.943   0.015    0.013   92.0  10.14  14.000 2328.29980 1000.00    1.89   11.09
14-07-2024 21:25:40.49    0.19  10.941   0.015    0.013   92.1  10.15  14.000 2328.29980 1000.00 1000.00 1000.00
14-07-2024 21:25:40.74    0.19  10.929   0.015    0.013   92.1  10.15  14.000 2328.29980 1000.00 1000.00   10.29
14-07-2024 21:25:40.98    0.20  10.921   0.014    0.012   92.1  10.16  14.000 2328.29980    2.71 1000.00    0.00
14-07-2024 21:25:41.23    0.20  10.949   0.015    0.013   92.0  10.14  14.000 2328.29980    2.71 1000.00    0.00
14-07-2024 21:25:41.47    0.18  10.974   0.014    0.012   91.9  10.13  14.000 2328.29980   21.97 1000.00    0.00
14-07-2024 21:25:41.72    0.16  10.978   0.015    0.013   92.0  10.13  14.000 2328.29980    0.00 1000.00 1000.00
14-07-2024 21:25:41.97    0.19  10.974   0.014    0.012   91.9  10.12  14.000 2328.29980 1000.00 1000.00 1000.00
14-07-2024 21:25:42.23    0.19  10.945   0.014    0.012   91.8  10.12  14.000 2328.29980 1000.00 1000.00  105.27
14-07-2024 21:25:42.47    0.21  10.940   0.014    0.013   92.0  10.14  14.000 2328.29980 1000.00 1000.00  105.27
14-07-2024 21:25:42.71    0.20  10.957   0.015    0.013   92.0  10.13  14.000 2328.29980 1000.00 1000.00 1000.00
14-07-2024 21:25:42.96    0.19  10.973   0.015    0.013   91.9  10.12  14.000 2328.29980 1000.00 1000.00 1000.00
14-07-2024 21:25:43.20    0.21  10.980   0.013    0.012   91.9  10.12  14.000 2328.29980 1000.00   14.27    6.19
14-07-2024 21:25:43.45    0.18  10.983   0.014    0.013   92.0  10.13  14.000 2328.29980    2.63    3.09    5.65
14-07-2024 21:25:43.69    0.20  10.988   0.016    0.013   91.9  10.12  14.000 2328.29980    2.69    3.19    5.38
14-07-2024 21:25:43.94    0.19  10.992   0.015    0.013   91.9  10.12  14.000 2328.29980    2.60    3.20    5.30
14-07-2024 21:25:44.18    0.21  10.997   0.014    0.012   91.9  10.12  14.000 2328.29980    2.71    3.28    5.51
14-07-2024 21:25:44.43    0.22  10.998   0.016    0.013   91.9  10.12  14.000 2328.29980    2.55    3.19    5.55
14-07-2024 21:25:44.67    0.21  11.004   0.014    0.012   91.8  10.11  14.000 2328.29980    2.55    3.19    5.55
14-07-2024 21:25:44.92    0.19  11.005   0.014    0.012   91.9  10.12  14.000 2328.29980    2.63    3.22    5.46
14-07-2024 21:25:45.17    0.22  11.005   0.012    0.011   91.9  10.12  14.000 2328.29980    2.78    3.18    5.49
14-07-2024 21:25:45.41    0.19  10.993   0.015    0.013   91.9  10.12  14.000 2328.29980    2.71    3.26    5.42
14-07-2024 21:25:45.66    0.21  10.982   0.015    0.013   92.0  10.13  14.000 2328.29980    2.59    3.30    3.50
14-07-2024 21:25:45.91    0.19  10.981   0.011    0.011   92.0  10.13  14.000 2328.29980    2.59    3.30   23.82
14-07-2024 21:25:46.16    0.19  10.981   0.012    0.011   92.0  10.13  14.000 2328.29980    2.59    3.30   33.39
14-07-2024 21:25:46.40    0.19  10.968   0.016    0.013   92.1  10.14  14.000 2328.29980    2.59    3.30   33.39
14-07-2024 21:25:46.65    0.20  10.967   0.011    0.011   92.1  10.15  14.000 2328.29980 1000.00   10.11    9.40
14-07-2024 21:25:46.89    0.18  10.982   0.017    0.014   91.9  10.12  14.000 2328.29980    0.00   10.11   12.73
14-07-2024 21:25:47.14    0.20  11.017   0.017    0.014   91.9  10.11  14.000 2328.29980    0.00 1000.00 1000.00
14-07-2024 21:25:47.38    0.18  11.030   0.017    0.014   91.9  10.11  14.000 2328.29980    0.00 1000.00   16.00
14-07-2024 21:25:47.63    0.20  11.048   0.014    0.012   91.9  10.10  14.000 2328.29980 1000.00 1000.00    9.69
14-07-2024 21:25:47.87    0.19  11.064   0.014    0.012   91.8  10.09  14.000 2328.29980   31.38    0.00   39.77
14-07-2024 21:25:48.12    0.20  11.090   0.011    0.011   91.7  10.08  14.000 2328.29980   31.38    0.00   39.77
14-07-2024 21:25:48.36    0.19  11.095   0.011    0.011   91.6  10.06  14.000 2328.29980    3.16    0.00   39.77
14-07-2024 21:25:48.61    0.20  11.101   0.014    0.012   91.7  10.07  14.000 2328.29980 1000.00    0.00 1000.00
14-07-2024 21:25:48.85    0.20  11.100   0.017    0.014   91.6  10.06  14.000 2328.29980 1000.00 1000.00 1000.00
14-07-2024 21:25:49.10    0.18  11.093   0.015    0.013   91.7  10.08  14.000 2328.29980    9.94    3.69    5.64
14-07-2024 21:25:49.35    0.19  11.089   0.016    0.013   91.7  10.08  14.000 2328.29980    2.70    3.13    5.39
14-07-2024 21:25:49.59    0.19  11.090   0.019    0.015   91.7  10.08  14.000 2328.29980    2.58    3.35    5.52
14-07-2024 21:25:49.84    0.19  11.092   0.016    0.013   91.8  10.08  14.000 2328.29980    2.58    3.35    5.52
14-07-2024 21:25:50.09    0.20  11.079   0.014    0.013   91.8  10.09  14.000 2328.29980    2.65    3.34    5.48
14-07-2024 21:25:50.33    0.20  11.075   0.018    0.014   91.7  10.08  14.000 2328.29980    2.65    3.21    5.41
14-07-2024 21:25:50.58    0.20  11.074   0.015    0.013   91.7  10.08  14.000 2328.29980    2.64    3.23    5.58
14-07-2024 21:25:50.82    0.18  11.068   0.016    0.014   91.8  10.09  14.000 2328.29980    2.63    3.38    5.58
14-07-2024 21:25:51.07    0.18  11.065   0.014    0.012   91.8  10.09  14.000 2328.29980    2.63    3.25    5.61
14-07-2024 21:25:51.31    0.18  11.058   0.019    0.015   91.8  10.09  14.000 2328.29980    2.71    3.28    5.45
14-07-2024 21:25:51.56    0.18  11.053   0.012    0.011   91.8  10.09  14.000 2328.29980    2.71    3.28    5.45
14-07-2024 21:25:51.80    0.20  11.058   0.016    0.013   91.8  10.09  14.000 2328.29980    2.72    3.18    5.49
14-07-2024 21:25:52.05    0.17  11.067   0.014    0.012   91.8  10.09  14.000 2328.29980    2.71    3.23    5.63
14-07-2024 21:25:52.29    0.19  11.074   0.019    0.015   91.7  10.08  14.000 2328.29980    2.61    3.25    5.53
14-07-2024 21:25:52.54    0.18  11.097   0.011    0.010   91.7  10.07  14.000 2328.29980    2.66    3.17    5.48
14-07-2024 21:25:52.78    0.19  11.132   0.015    0.013   91.6  10.05  14.000 2328.29980    2.62    3.40    5.47
14-07-2024 21:25:53.04    0.18  11.171   0.013    0.012   91.5  10.03  14.000 2328.29980    2.66    3.18    5.50
14-07-2024 21:25:53.28    0.19  11.196   0.013    0.012   91.4  10.01  14.000 2328.29980    2.66    3.18    5.50
14-07-2024 21:25:53.53    0.18  11.214   0.012    0.011   91.3  10.00  14.000 2328.29980    2.60    3.25    5.49
14-07-2024 21:25:53.78    0.18  11.233   0.015    0.013   91.3   9.99  14.000 2328.29980    2.67    3.31    5.39
14-07-2024 21:25:54.02    0.20  11.221   0.013    0.012   91.3  10.00  14.000 2328.29980    2.62    3.28    5.43
14-07-2024 21:25:54.27    0.19  11.227   0.014    0.012   91.6  10.02  14.000 2328.29980    2.66    3.16    5.56
14-07-2024 21:25:54.51    0.17  11.233   0.016    0.013   91.3   9.99  14.000 2328.29980    2.63    3.23    5.52
14-07-2024 21:25:54.76    0.17  11.214   0.016    0.013   91.3  10.00  14.000 2328.29980    2.61    3.13    5.49
14-07-2024 21:25:55.00    0.19  11.215   0.011    0.011   91.3  10.00  14.000 2328.29980    2.61    3.13    5.49
14-07-2024 21:25:55.25    0.17  11.216   0.011    0.011   91.3  10.00  14.000 2328.29980    2.55    3.10    5.57
14-07-2024 21:25:55.49    0.18  11.219   0.015    0.013   91.3  10.00  14.000 2328.29980    2.62    3.30    5.46
14-07-2024 21:25:55.74    0.20  11.220   0.015    0.013   91.3  10.00  14.000 2328.29980    2.59    3.23    4.22
14-07-2024 21:25:55.98    0.19  11.224   0.016    0.013   91.3   9.99  14.000 2328.29980    0.00    3.23    4.22
14-07-2024 21:25:56.23    0.18  11.238   0.011    0.011   91.3   9.99  14.000 2328.29980    0.00    5.15    4.22
14-07-2024 21:25:56.47    0.18  11.251   0.015    0.013   91.2   9.98  14.000 2328.29980    0.00    5.15 1000.00
14-07-2024 21:25:56.72    0.19  11.254   0.014    0.012   91.2   9.98  14.000 2328.29980    0.00    5.15 1000.00
14-07-2024 21:25:56.97    0.17  11.255   0.014    0.012   91.2   9.98  14.000 2328.29980 1000.00 1000.00   13.71
14-07-2024 21:25:57.22    0.21  11.250   0.014    0.013   91.2   9.98  14.000 2328.29980   46.39   66.12    5.56
14-07-2024 21:25:57.46    0.17  11.236   0.015    0.013   91.2   9.99  14.000 2328.29980   10.98    0.00   31.11
14-07-2024 21:25:57.71    0.19  11.237   0.014    0.013   91.2   9.99  14.000 2328.29980   10.98    0.00   31.11
14-07-2024 21:25:57.95    0.18  11.259   0.015    0.013   91.2   9.98  14.000 2328.29980    3.83   15.16   31.11
14-07-2024 21:25:58.20    0.20  11.291   0.015    0.013   91.1   9.96  14.000 2328.29980    3.14   15.16   31.11
14-07-2024 21:25:58.44    0.18  11.326   0.016    0.013   90.9   9.94  14.000 2328.29980    3.14   15.16   31.11
14-07-2024 21:25:58.69    0.18  11.358   0.012    0.011   90.9   9.92  14.000 2328.29980   42.49   15.16   31.11
14-07-2024 21:25:58.93    0.20  11.380   0.014    0.013   90.8   9.91  14.000 2328.29980   42.49   17.78   31.11
14-07-2024 21:25:59.18    0.20  11.388   0.013    0.012   90.8   9.90  14.000 2328.29980   25.74   10.73   30.90
14-07-2024 21:25:59.42    0.19  11.405   0.016    0.014   90.7   9.89  14.000 2328.29980   25.74  134.44   15.84
14-07-2024 21:25:59.67    0.21  11.428   0.015    0.013   90.7   9.88  14.000 2328.29980    0.00  134.44   48.55
14-07-2024 21:25:59.92    0.19  11.452   0.012    0.011   90.6   9.87  14.000 2328.29980    6.57   10.52    5.35
14-07-2024 21:26:00.16    0.17  11.475   0.015    0.013   90.6   9.86  14.000 2328.29980    6.57   10.52    5.35
14-07-2024 21:26:00.41    0.17  11.497   0.015    0.013   90.5   9.85  14.000 2328.29980   35.37   10.52    5.35
14-07-2024 21:26:00.66    0.17  11.524   0.015    0.013   90.4   9.83  14.000 2328.29980   27.24   10.52    5.35
14-07-2024 21:26:00.91    0.18  11.554   0.015    0.013   90.3   9.82  14.000 2328.29980   27.24   20.23    5.35
14-07-2024 21:26:01.15    0.19  11.577   0.015    0.013   90.3   9.81  14.000 2328.29980   21.07    7.31    5.35
14-07-2024 21:26:01.40    0.17  11.583   0.016    0.013   90.2   9.80  14.000 2328.29980   21.07    7.31    5.35
14-07-2024 21:26:01.64    0.18  11.592   0.015    0.013   90.2   9.79  14.000 2328.29980   21.07    7.31 1000.00
14-07-2024 21:26:01.89    0.17  11.606   0.015    0.013   90.2   9.79  14.000 2328.29980   21.07    7.31 1000.00
14-07-2024 21:26:02.13    0.19  11.599   0.015    0.013   90.2   9.79  14.000 2328.29980 1000.00 1000.00 1000.00
14-07-2024 21:26:02.38    0.18  11.604   0.015    0.013   90.2   9.79  14.000 2328.29980   25.52 1000.00   34.59
14-07-2024 21:26:02.62    0.19  11.602   0.016    0.013   90.2   9.79  14.000 2328.29980 1000.00 1000.00 1000.00
14-07-2024 21:26:02.87    0.20  11.594   0.015    0.013   90.2   9.79  14.000 2328.18433    0.00 1000.00    0.00
14-07-2024 21:26:03.11    0.17  11.592   0.015    0.013   90.2   9.79  14.000 2280.80640   11.91   22.97 1000.00
14-07-2024 21:26:03.36    0.19  11.587   0.014    0.012   90.2   9.80  14.000 2187.21582   11.91   22.97 1000.00
14-07-2024 21:26:03.60    0.21  11.584   0.015    0.013   90.2   9.80  14.000 2144.13525    6.99    5.50    5.69
14-07-2024 21:26:03.85    0.20  11.581   0.015    0.013   90.2   9.80  14.000 2058.20410    2.44    3.31    5.13
14-07-2024 21:26:04.11    0.19  11.545   0.015    0.013   90.3   9.82  14.000 2052.95215    2.44    0.00    5.53
14-07-2024 21:26:04.34    0.20  11.508   0.015    0.013   90.4   9.83  14.000 2014.02161   11.22   37.66   16.72
14-07-2024 21:26:04.59    0.18  11.485   0.014    0.013   90.4   9.84  14.000 2022.05603    0.00   37.66   16.72
14-07-2024 21:26:04.84    0.17  11.482   0.015    0.013   90.4   9.85  14.000 1761.03906 1000.00 1000.00   43.08
14-07-2024 21:26:05.08    0.20  11.480   0.014    0.013   90.4   9.85  14.000 1637.36987 1000.00   46.20    1.22
14-07-2024 21:26:05.33    0.19  11.477   0.015    0.013   90.4   9.85  14.000 1762.63342 1000.00   46.20    1.22
14-07-2024 21:26:05.57    0.17  11.480   0.014    0.013   90.5   9.85  14.000 1755.60925 1000.00   46.20    6.41
14-07-2024 21:26:05.82    0.21  11.481   0.014    0.013   90.5   9.85  14.000 1680.53198 1000.00    0.60 1000.00
14-07-2024 21:26:06.06    0.17  11.483   0.015    0.013   90.5   9.85  14.000 1764.23657    7.32    0.60    0.00
14-07-2024 21:26:06.31    0.20  11.474   0.015    0.013   90.5   9.85  14.000 1887.94482   12.08 1000.00    5.48
14-07-2024 21:26:06.55    0.21  11.459   0.014    0.013   90.5   9.85  14.000 1783.37158 1000.00 1000.00 1000.00
14-07-2024 21:26:06.80    0.20  11.432   0.014    0.012   90.5   9.86  14.000 1789.00354 1000.00 1000.00 1000.00
14-07-2024 21:26:07.04    0.19  11.422   0.015    0.013   90.5   9.86  14.000 1503.08337 1000.00   80.33 1000.00
14-07-2024 21:26:07.29    0.18  11.427   0.015    0.013   90.5   9.86  14.000 1326.90503   36.21    4.20 1000.00
14-07-2024 21:26:07.53    0.18  11.443   0.014    0.013   90.5   9.86  14.000 1440.38293    0.00 1000.00 1000.00
14-07-2024 21:26:07.79    0.15  11.469   0.015    0.013   90.4   9.84  14.000 1377.62317    0.00    4.19   29.15
14-07-2024 21:26:08.03    0.20  11.474   0.016    0.013   90.3   9.84  14.000 1280.67944    6.82    4.19 1000.00
14-07-2024 21:26:08.28    0.19  11.491   0.014    0.012   90.3   9.83  14.000 1239.88818    6.82 1000.00   19.33
14-07-2024 21:26:08.53    0.17  11.513   0.015    0.013   90.2   9.82  14.000 1170.66479    0.00 1000.00   27.31
14-07-2024 21:26:08.77    0.19  11.540   0.015    0.013   90.2   9.80  14.000 1082.20984    0.00 1000.00   27.31
14-07-2024 21:26:09.02    0.16  11.548   0.015    0.013   90.2   9.80  14.000  984.55939    2.02    4.20  150.06
14-07-2024 21:26:09.26    0.19  11.568   0.015    0.013   90.1   9.79  14.000  856.79730   25.41    4.20  150.06
14-07-2024 21:26:09.51    0.22  11.600   0.014    0.013   90.1   9.78  14.000  825.44592    0.00   41.56    5.75
14-07-2024 21:26:09.75    0.19  11.632   0.015    0.013   90.0   9.76  14.000  826.90326    0.00   30.63    5.75
14-07-2024 21:26:10.00    0.19  11.669   0.015    0.013   89.9   9.75  14.000  805.40259    0.00 1000.00    5.59
14-07-2024 21:26:10.24    0.20  11.703   0.015    0.013   89.8   9.73  14.000  801.74255    0.00 1000.00    5.59
14-07-2024 21:26:10.49    0.18  11.694   0.014    0.013   89.8   9.73  14.000  845.10364    0.00 1000.00 1000.00
14-07-2024 21:26:10.73    0.19  11.676   0.015    0.013   89.9   9.74  14.000  855.00684 1000.00    0.00 1000.00
14-07-2024 21:26:10.98    0.18  11.671   0.014    0.012   89.9   9.75  14.000  845.45221 1000.00    0.00   10.77
14-07-2024 21:26:11.22    0.18  11.665   0.015    0.013   90.0   9.75  14.000  855.27551 1000.00    0.00 1000.00
14-07-2024 21:26:11.47    0.19  11.670   0.015    0.013   89.9   9.75  14.000  948.34155    0.00    0.00 1000.00
14-07-2024 21:26:11.72    0.17  11.673   0.015    0.013   89.9   9.74  14.000  912.23022   22.95    0.00 1000.00
14-07-2024 21:26:11.97    0.21  11.666   0.015    0.013   89.9   9.74  14.000  997.35809   22.95    0.00 1000.00
14-07-2024 21:26:12.21    0.20  11.653   0.015    0.013   89.9   9.75  14.000 1042.11365   29.62 1000.00   79.62
14-07-2024 21:26:12.46    0.18  11.651   0.015    0.013   89.9   9.75  14.000 1128.47241   10.24    4.26   15.86
14-07-2024 21:26:12.70    0.22  11.643   0.015    0.013   89.9   9.75  14.000 1318.14819    0.00    4.26    0.00
14-07-2024 21:26:12.95    0.15  11.635   0.015    0.013   90.0   9.76  14.000 1667.27722    0.00    4.26 1000.00
14-07-2024 21:26:13.19    0.14  11.617   0.014    0.013   90.0   9.76  14.000 1969.20691 1000.00    0.00 1000.00
14-07-2024 21:26:13.44    0.19  11.614   0.015    0.013   90.0   9.76  14.000 2013.78772   29.57  110.51  158.23
14-07-2024 21:26:13.68    0.16  11.603   0.015    0.013   90.5   9.82  14.000 2101.97534   29.57  110.51  158.23
14-07-2024 21:26:13.93    0.19  10.134  12.502   10.299   92.4   9.73  14.000 2069.84033   29.57  193.86   15.19
14-07-2024 21:26:14.17    0.48   8.341  12.700   11.013   94.6  10.34  14.000 2328.29980   29.57  193.86   36.38
14-07-2024 21:26:14.42    0.76   7.872  13.042   11.486   94.3  10.39  14.000 1349.98291   35.28   46.65   15.98
14-07-2024 21:26:14.66    0.99   7.721  17.861   16.228   93.6  10.03  14.000  544.36646   13.14    4.16   11.58
14-07-2024 21:26:14.91    1.05   7.429  21.247   19.775   93.8   9.89  14.000  382.11246   13.14    3.97    2.49
14-07-2024 21:26:15.17    1.04   7.319  18.747   17.305   92.7   9.96  14.000  359.82501    2.18    0.50    1.74
14-07-2024 21:26:15.40    1.01   7.138  18.956   17.607   92.8  10.00  14.000  393.47678    2.18    0.50    1.74
14-07-2024 21:26:15.65    0.99   7.396  17.850   16.369   92.4   9.97  14.000  443.20242    0.74    2.58    1.64
14-07-2024 21:26:15.90    1.05   7.512  17.221   15.690   92.3   9.98   0.000  428.42676    0.01    4.83    3.40
14-07-2024 21:26:16.15    1.06   7.522  16.992   15.459   92.2   9.98   0.000  401.75610    2.11    1.42    2.85
14-07-2024 21:26:16.39    1.08   7.483  16.725   15.212   92.2  10.01   0.000  422.66617    2.35    2.03    4.68
14-07-2024 21:26:16.64    1.05   7.541  16.119   14.589   92.3  10.05   0.000  454.87759    2.05    2.39    3.06
14-07-2024 21:26:16.88    1.05   7.606  16.302   14.742   92.4  10.03   0.000  469.08630    2.14    3.13    2.98
14-07-2024 21:26:17.13    1.05   7.620  16.209   14.644   92.5  10.05   0.000  462.61511    2.14    3.13    2.98
14-07-2024 21:26:17.37    1.06   7.591  15.926   14.379   93.0  10.12   0.000  489.28802    2.38    1.98    2.57
14-07-2024 21:26:17.62    1.03   7.572  15.576   14.045   93.5  10.20   0.000  510.30463    2.40    2.26    2.48
14-07-2024 21:26:17.86    1.03   7.581  15.689   14.152   93.9  10.24   0.000  499.49911    2.54    3.34    3.22
14-07-2024 21:26:18.11    1.06   7.581  15.913   14.371   94.3  10.27   0.000  501.40872    2.40    1.09    3.00
14-07-2024 21:26:18.35    1.03   7.606  15.753   14.204   94.3  10.27   0.000  506.64755    3.13    2.02    3.26
14-07-2024 21:26:18.60    1.04   7.437  15.571   14.094   94.3  10.32   0.000  514.02759    2.05    2.12    2.64
14-07-2024 21:26:18.85    1.02   7.069  16.139   14.809   94.9  10.43   0.000  503.61807    2.05    2.12    2.64
14-07-2024 21:26:19.09    1.06   6.728  17.180   16.009   96.0  10.56   0.000  523.09448    2.67    2.01    2.65
14-07-2024 21:26:19.34    1.08   6.421  18.373   17.377   97.1  10.66   0.000  542.09271    2.70    2.12    2.44
14-07-2024 21:26:19.59    1.07   6.197  18.932   18.073   97.6  10.72   0.000  510.03668    3.01    2.34    3.02
14-07-2024 21:26:19.84    1.04   6.041  18.937   18.161   98.0  10.81   0.000  523.28540    2.81    1.59    2.65
14-07-2024 21:26:20.08    1.06   5.923  18.777   18.056   98.3  10.87   0.000  538.42078    3.52    1.74    3.24
14-07-2024 21:26:20.33    1.05   5.858  18.677   17.986   97.8  10.85   0.000  546.05695    3.01    2.56    2.96
14-07-2024 21:26:20.58    1.05   5.819  18.512   17.834   97.8  10.86   0.000  515.26068    2.99    1.99    3.50
14-07-2024 21:26:20.82    1.04   5.850  19.156   18.493   97.5  10.77   0.000  550.44971    2.99    1.99    3.50
14-07-2024 21:26:21.06    1.01   5.848  20.089   19.479   97.3  10.68   0.000  564.06781    2.92    1.93    2.69
14-07-2024 21:26:21.31    1.01   5.872  20.922   20.348   97.3  10.62   0.000  556.29395    3.17    1.88    2.89
14-07-2024 21:26:21.55    0.95   5.898  21.339   20.776   97.2  10.57   0.000  613.51959    3.32    2.01    2.15
14-07-2024 21:26:21.80    0.92   5.976  21.233   20.616   97.2  10.56   0.000  681.15027    4.17    2.06    2.54
14-07-2024 21:26:22.04    0.91   6.081  21.233   20.552   97.2  10.54   0.000  661.40747    3.11    2.45    3.64
14-07-2024 21:26:22.29    0.88   6.103  21.223   20.528   97.4  10.56   0.000  714.35278    3.11    2.45    3.64
14-07-2024 21:26:22.54    0.83   6.154  21.383   20.667   97.5  10.54   0.000  818.60986    2.96    2.42    2.70
14-07-2024 21:26:22.78    0.78   6.239  21.397   20.630   97.6  10.54   0.000  758.11646    3.66    2.14    3.00
14-07-2024 21:26:23.03    0.73   6.356  21.093   20.239   97.6  10.53   0.000  851.83234    3.25    2.89    2.96
14-07-2024 21:26:23.28    0.72   6.778  20.788   19.676   96.6  10.36   0.000  879.24835    3.28    1.41    4.30
14-07-2024 21:26:23.52    0.69   6.968  18.882   17.619   96.3  10.41   0.000  939.27466    2.96    2.31    3.86
14-07-2024 21:26:23.77    0.65   7.103  17.286   15.941   96.1  10.48   0.000 1502.76440    2.61    1.69    3.97
14-07-2024 21:26:24.01    0.61   7.253  16.992   15.579   96.2  10.47   0.000 2328.29980    2.61    1.69    3.97
14-07-2024 21:26:24.26    0.55   7.372  16.800   15.335   96.3  10.47   0.000 2328.29980    2.30    5.28    1.99
14-07-2024 21:26:24.50    0.51   7.396  16.802   15.326   96.7  10.50   0.000 2328.29980    2.30    2.82    2.71
14-07-2024 21:26:24.75    0.49   7.446  16.872   15.374   96.6  10.48   0.000 2328.29980    2.92    2.82    3.96
14-07-2024 21:26:24.99    0.46   7.476  16.829   15.319   96.7  10.49   0.000 2328.29980    1.41    2.56    2.41
14-07-2024 21:26:25.24    0.39   7.506  16.832   15.308   96.9  10.51   0.000 2328.29980    2.27    5.13    1.98
14-07-2024 21:26:25.48    0.38   7.532  16.956   15.419   97.4  10.54   0.000 2328.29980    2.69    5.13    2.53
14-07-2024 21:26:25.73    0.33   7.553  16.967   15.420   97.7  10.57   0.000 2328.29980    2.69    5.13    2.53
14-07-2024 21:26:25.97    0.30   7.595  16.728   15.166   97.8  10.59   0.000 2328.29980    2.87   12.43    7.21
14-07-2024 21:26:26.23    0.29   7.608  16.630   15.064   98.1  10.63   0.000 2328.29980    4.64   12.43    7.21
14-07-2024 21:26:26.47    0.27   7.605  15.749   14.201   98.4  10.72   0.000 2328.29980   12.23   15.73    5.71
14-07-2024 21:26:26.72    0.28   7.607  15.215   13.678   98.6  10.78   0.000 2328.29980    0.00    4.02    6.97
14-07-2024 21:26:26.97    0.30   7.607  15.111   13.576   98.8  10.80   0.000 2328.29980    0.00   18.29    8.02
14-07-2024 21:26:27.21    0.29   7.618  15.282   13.739   99.0  10.81   0.000 2328.29980    1.92   18.29    1.93
14-07-2024 21:26:27.46    0.27   7.622  15.297   13.752   99.2  10.83   0.000 2328.29980    1.92   18.29    1.93
14-07-2024 21:26:27.70    0.25   7.634  15.313   13.763   99.3  10.84   0.000 2328.29980    3.68   14.36    1.77
14-07-2024 21:26:27.95    0.29   7.634  15.303   13.753   99.5  10.86   0.000 2328.29980    3.68    9.54    4.86
14-07-2024 21:26:28.19    0.26   7.639  15.298   13.746   99.6  10.88   0.000 2328.29980    3.68    3.20    4.86
14-07-2024 21:26:28.44    0.26   7.667  15.272   13.709   99.7  10.88   0.000 2328.29980    4.24    3.20    4.86
14-07-2024 21:26:28.68    0.27   7.700  14.936   13.370   99.7  10.89   0.000 2328.29980    4.24    1.66    4.86
14-07-2024 21:26:28.93    0.26   7.683  14.758   13.204   99.8  10.92   0.000 2328.29980   11.77    3.93    7.77
14-07-2024 21:26:29.17    0.27   7.655  14.623   13.083   99.9  10.94   0.000 2328.29980   11.77    3.93    7.77
14-07-2024 21:26:29.42    0.30   7.639  14.639   13.105   99.9  10.94   0.000 2328.29980   13.95    3.93    7.77
14-07-2024 21:26:29.66    0.32   7.618  14.544   13.021   99.9  10.96   0.000 2328.29980    0.51    9.57    7.77
14-07-2024 21:26:29.91    0.29   7.601  14.692   13.171   99.9  10.95   0.000 2328.29980    2.06    9.57    8.91
14-07-2024 21:26:30.16    0.31   7.597  14.870   13.345   99.9  10.94   0.000 2328.29980    2.06   14.68    8.91
14-07-2024 21:26:30.41    0.27   7.592  14.835   13.313   99.9  10.94   0.000 2328.29980    1.26   14.68    1.99
14-07-2024 21:26:30.65    0.32   7.585  14.718   13.202   99.9  10.95   0.000 2328.29980    5.98    8.00    1.99
14-07-2024 21:26:30.90    0.28   7.580  14.750   13.235   99.9  10.95   0.000 2328.29980    5.98    8.00    1.99
14-07-2024 21:26:31.14    0.29   7.572  14.740   13.229   99.9  10.96   0.000 2328.29980    5.98   16.71    7.73
14-07-2024 21:26:31.39    0.30   7.558  14.761   13.254   99.9  10.96   0.000 2328.29980    7.96   16.71   25.05
14-07-2024 21:26:31.63    0.27   7.554  14.781   13.275   99.9  10.96   0.000 2328.29980    1.24   15.57   27.38
14-07-2024 21:26:31.88    0.29   7.558  14.744   13.238   99.9  10.96   0.000 2328.29980    1.22   15.57    0.23
14-07-2024 21:26:32.12    0.27   7.572  14.773   13.260   99.9  10.95   0.000 2328.29980    8.48   15.57    3.12
14-07-2024 21:26:32.37    0.30   7.584  14.740   13.224   99.9  10.95   0.000 2328.29980    8.48   15.57    3.12
14-07-2024 21:26:32.61    0.28   7.620  14.539   13.015   99.8  10.95   0.000 2328.29980    8.48   15.57    3.12
14-07-2024 21:26:32.86    0.27   7.640  14.532   13.001   99.7  10.94   0.000 2328.29980    2.00    1.03    3.12
14-07-2024 21:26:33.11    0.30   7.646  14.538   13.004   99.7  10.94   0.000 2328.29980    6.01    1.03    3.12
14-07-2024 21:26:33.35    0.29   7.653  14.708   13.167   99.7  10.92   0.000 2328.29980    6.01    5.61    2.09
14-07-2024 21:26:33.60    0.27   7.658  14.755   13.210   99.6  10.91   0.000 2328.29980    6.01   24.04   10.02
14-07-2024 21:26:33.85    0.28   7.679  14.691   13.140   99.5  10.90   0.000 2328.29980    2.50   24.04   10.02
14-07-2024 21:26:34.10    0.31   7.683  14.654   13.103   99.5  10.89   0.000 2328.29980    1.06   16.97    0.63
14-07-2024 21:26:34.34    0.28   7.686  14.637   13.085   99.4  10.88   0.000 2328.29980    1.06   16.97    0.63
14-07-2024 21:26:34.59    0.28   7.692  14.625   13.071   99.3  10.87   0.000 2328.29980    1.06   26.52    0.63
14-07-2024 21:26:34.83    0.26   7.694  14.538   12.987   99.2  10.86   0.000 2328.29980    3.44   26.52    0.95
14-07-2024 21:26:35.08    0.30   7.694  14.552   13.000   99.1  10.85   0.000 2328.29980    7.96   26.52    0.95
14-07-2024 21:26:35.32    0.29   7.693  14.592   13.039   99.0  10.85   0.000 2328.29980    5.47   26.52    0.95
14-07-2024 21:26:35.57    0.25   7.694  14.627   13.073   98.9  10.83   0.000 2328.29980   21.74    3.90    0.95
14-07-2024 21:26:35.81    0.28   7.697  14.403   12.855   98.8  10.83   0.000 2328.29980   18.28    1.32    2.52
14-07-2024 21:26:36.06    0.31   7.700  14.454   12.903   98.8  10.82   0.000 2328.29980   18.28    1.32    2.52
14-07-2024 21:26:36.30    0.29   7.700  14.417   12.867   98.7  10.82   0.000 2328.29980    3.40    0.84   10.54
14-07-2024 21:26:36.55    0.29   7.698  14.333   12.787   98.7  10.82   0.000 2328.29980    3.40    0.84   10.54
14-07-2024 21:26:36.79    0.28   7.690  14.499   12.950   98.7  10.81   0.000 2328.29980    3.40    0.84    4.00
14-07-2024 21:26:37.04    0.31   7.687  14.467   12.920   98.7  10.82   0.000 2328.29980    4.23   26.59    4.00
14-07-2024 21:26:37.29    0.27   7.685  14.337   12.796   98.7  10.83   0.000 2328.29980    4.23   26.59   11.79
14-07-2024 21:26:37.53    0.29   7.695  14.300   12.756   98.7  10.83   0.000 2328.29980    0.53   26.59    7.93
14-07-2024 21:26:37.78    0.27   7.700  14.183   12.641   98.7  10.84   0.000 2328.29980    0.53   26.59    7.93
14-07-2024 21:26:38.03    0.26   7.691  14.109   12.572   98.7  10.84   0.000 2328.29980    6.84   11.36    7.93
14-07-2024 21:26:38.27    0.30   7.689  14.227   12.687   98.8  10.84   0.000 2328.29980    2.45   19.94    4.65
14-07-2024 21:26:38.52    0.26   7.690  14.147   12.610   98.8  10.85   0.000 2328.29980    2.43   19.94    9.52
14-07-2024 21:26:38.76    0.26   7.689  14.131   12.594   98.8  10.85   0.000 2328.29980   16.92    4.19    7.03
14-07-2024 21:26:39.01    0.28   7.691  14.401   12.855   98.8  10.83   0.000 2328.29980   16.92   10.78    7.03
14-07-2024 21:26:39.25    0.28   7.695  14.375   12.828   98.8  10.83   0.000 2328.29980   12.77    3.63    7.03
14-07-2024 21:26:39.50    0.27   7.705  14.329   12.780   98.7  10.82   0.000 2328.29980   12.77    3.63    7.03
14-07-2024 21:26:39.74    0.29   7.697  14.352   12.806   98.6  10.82   0.000 2328.29980   12.77    0.01    9.44
14-07-2024 21:26:39.99    0.29   7.687  14.228   12.689   98.6  10.83   0.000 2328.29980    1.98    4.00    9.44
14-07-2024 21:26:40.23    0.28   7.682  14.218   12.681   98.6  10.83   0.000 2328.29980    5.36   27.68    9.44
14-07-2024 21:26:40.48    0.27   7.681  14.025   12.495   98.6  10.84   0.000 2328.29980    5.36   27.68    9.44
14-07-2024 21:26:40.72    0.28   7.680  13.865   12.341   98.6  10.85   0.000 2328.29980    5.36   15.26   27.03
14-07-2024 21:26:40.97    0.28   7.683  13.878   12.353   98.6  10.85   0.000 2328.29980    6.27   15.26   27.03
14-07-2024 21:26:41.22    0.27   7.685  13.832   12.307   98.6  10.85   0.000 2328.29980    6.27   15.26   27.03
14-07-2024 21:26:41.47    0.27   7.686  13.728   12.207   98.6  10.85   0.000 2328.29980    1.63   23.90    3.49
14-07-2024 21:26:41.71    0.26   7.686  13.745   12.223   98.5  10.84   0.000 2328.29980    1.63    1.71   17.01
14-07-2024 21:26:41.96    0.27   7.689  13.808   12.283   98.4  10.83   0.000 2328.29980    1.63    1.71    3.63
14-07-2024 21:26:42.21    0.25   7.694  13.850   12.322   98.4  10.82   0.000 2328.29980    5.00   19.94   20.61
14-07-2024 21:26:42.45    0.28   7.697  13.951   12.418   98.2  10.80   0.000 2328.29980    9.41    6.00   20.61
14-07-2024 21:26:42.69    0.25   7.695  13.918   12.387   98.2  10.80   0.000 2328.29980    9.41   17.98   20.61
14-07-2024 21:26:42.94    0.29   7.694  13.928   12.396   98.2  10.80   0.000 2328.29980    9.41   17.98   20.61
14-07-2024 21:26:43.18    0.28   7.693  13.947   12.415   98.2  10.80   0.000 2328.29980    1.34   17.98    6.21
14-07-2024 21:26:43.43    0.28   7.693  13.927   12.397   98.2  10.80   0.000 2328.29980    1.34   17.98    6.23
14-07-2024 21:26:43.67    0.28   7.706  13.852   12.320   98.1  10.79   0.000 2328.29980    1.34   17.98    6.23
14-07-2024 21:26:43.92    0.30   7.721  13.848   12.310   98.0  10.78   0.000 2328.29980    1.34   16.58    5.63
14-07-2024 21:26:44.16    0.29   7.729  13.847   12.307   98.0  10.77   0.000 2328.29980    1.34    5.96    5.63
14-07-2024 21:26:44.41    0.28   7.736  13.744   12.205   98.0  10.77   0.000 2328.29980    1.34    5.96    5.63
14-07-2024 21:26:44.66    0.27   7.745  13.676   12.136   97.9  10.77   0.000 2328.29980    5.55    3.74    5.03
14-07-2024 21:26:44.91    0.29   7.744  13.798   12.254   97.8  10.75   0.000 2328.29980    5.55   14.05    5.03
14-07-2024 21:26:45.16    0.29   7.750  13.837   12.289   97.8  10.74   0.000 2328.29980    5.23   14.05    1.41
14-07-2024 21:26:45.40    0.27   7.749  13.874   12.325   97.7  10.74   0.000 2328.29980    4.38   14.05   10.77
14-07-2024 21:26:45.65    0.28   7.745  13.879   12.332   97.7  10.74   0.000 2328.29980    4.38   11.11   10.77
14-07-2024 21:26:45.89    0.27   7.749  13.804   12.258   97.7  10.74   0.000 2328.29980    3.35   11.11   15.00
14-07-2024 21:26:46.14    0.29   7.746  13.763   12.220   97.6  10.74   0.000 2328.29980    3.35    9.94    1.83
14-07-2024 21:26:46.38    0.29   7.741  13.750   12.209   97.6  10.73   0.000 2328.29980    3.35    9.94    1.83
14-07-2024 21:26:46.63    0.31   7.745  13.671   12.132   97.5  10.73   0.000 2328.29980    4.35   10.60    7.17
14-07-2024 21:26:46.87    0.29   7.747  13.697   12.155   97.5  10.72   0.000 2328.29980    4.35   10.60    1.43
14-07-2024 21:26:47.12    0.30   7.751  13.826   12.278   97.5  10.71   0.000 2328.29980    4.35    4.06    2.65
14-07-2024 21:26:47.36    0.27   7.753  13.759   12.214   97.4  10.71   0.000 2328.29980   26.84   18.17    2.65
14-07-2024 21:26:47.61    0.28   7.763  13.641   12.096   97.4  10.71   0.000 2328.29980   26.84   26.35   29.27
14-07-2024 21:26:47.85    0.26   7.767  13.625   12.080   97.4  10.71   0.000 2328.29980   26.84   26.35   29.27
14-07-2024 21:26:48.11    0.28   7.771  13.552   12.008   97.4  10.72   0.000 2328.29980   26.84    3.11    3.94
14-07-2024 21:26:48.35    0.27   7.775  13.552   12.007   97.4  10.71   0.000 2328.29980    0.44    5.52    2.06
14-07-2024 21:26:48.60    0.27   7.778  13.669   12.118   97.4  10.70   0.000 2328.29980    0.44    0.52    4.69
14-07-2024 21:26:48.84    0.28   7.779  13.632   12.082   97.4  10.71   0.000 2328.29980    1.30    0.52    4.23
14-07-2024 21:26:49.09    0.25   7.779  13.653   12.102   97.4  10.71   0.000 2328.29980    2.15   11.99    4.23
14-07-2024 21:26:49.34    0.27   7.778  13.740   12.186   97.4  10.70   0.000 2328.29980    2.15   11.99    8.24
14-07-2024 21:26:49.58    0.27   7.778  13.692   12.140   97.4  10.71   0.000 2328.29980    2.15   14.16   21.98
14-07-2024 21:26:49.87    0.28   7.780  13.737   12.182   97.4  10.71   0.000 2328.29980    2.15   14.16   21.98
14-07-2024 21:26:50.07    0.30   7.784  13.749   12.193   97.4  10.70   0.000 2328.29980    2.15   14.16   21.98
14-07-2024 21:26:50.32    0.29   7.781  13.680   12.127   97.4  10.70   0.000 2328.29980    0.88   12.85   21.98
14-07-2024 21:26:50.56    0.29   7.780  13.586   12.038   97.4  10.71   0.000 2328.29980    2.25   11.36    4.56
14-07-2024 21:26:50.80    0.30   7.780  13.610   12.061   97.4  10.71   0.000 2328.29980    2.25   11.36   11.66
14-07-2024 21:26:51.05    0.29   7.782  13.467   11.923   97.4  10.72   0.000 2328.29980    4.53   15.14   19.59
14-07-2024 21:26:51.29    0.28   7.786  13.470   11.924   97.3  10.71   0.000 2328.29980    4.53   15.14   19.59
14-07-2024 21:26:51.54    0.29   7.785  13.540   11.992   97.3  10.70   0.000 2328.29980    5.51   15.14    0.42
14-07-2024 21:26:51.78    0.27   7.781  13.536   11.989   97.3  10.71   0.000 2328.29980    5.51    1.98    1.95
14-07-2024 21:26:52.04    0.25   7.779  13.495   11.951   97.3  10.71   0.000 2328.29980    6.51   14.87    1.54
14-07-2024 21:26:52.28    0.28   7.778  13.527   11.982   97.3  10.71   0.000 2328.29980   20.38   29.70    1.54
14-07-2024 21:26:52.53    0.29   7.777  13.604   12.056   97.3  10.70   0.000 2328.29980    2.61    9.20    1.54
14-07-2024 21:26:52.77    0.28   7.778  13.608   12.060   97.3  10.70   0.000 2328.29980   20.63    9.60    1.54
14-07-2024 21:26:53.02    0.29   7.777  13.587   12.040   97.3  10.70   0.000 2328.29980   20.63    9.60    1.54
14-07-2024 21:26:53.27    0.31   7.777  13.556   12.010   97.3  10.71   0.000 2328.29980    3.59   11.04    1.54
14-07-2024 21:26:53.51    0.33   7.778  13.558   12.011   97.3  10.71   0.000 2328.29980   22.64    1.17    4.67
14-07-2024 21:26:53.76    0.30   7.778  13.492   11.948   97.4  10.72   0.000 2328.29980    8.98    1.17   11.05
14-07-2024 21:26:54.00    0.27   7.780  13.412   11.871   97.4  10.73   0.000 2328.29980   29.76    1.17    6.39
14-07-2024 21:26:54.25    0.26   7.780  13.424   11.883   97.5  10.73   0.000 2328.29980   29.76   14.59    5.41
14-07-2024 21:26:54.49    0.30   7.781  13.450   11.907   97.5  10.73   0.000 2328.29980   29.76   10.92    7.11
14-07-2024 21:26:54.73    0.27   7.783  13.449   11.905   97.4  10.72   0.000 2328.29980   29.76   10.92    7.11
14-07-2024 21:26:54.98    0.28   7.785  13.390   11.848   97.4  10.73   0.000 2328.29980   13.38    7.93   14.49
14-07-2024 21:26:55.23    0.27   7.792  13.434   11.888   97.4  10.72   0.000 2328.29980    8.23    7.93   40.54
14-07-2024 21:26:55.47    0.27   7.795  13.487   11.937   97.4  10.72   0.000 2328.29980    8.23   27.41   40.54
14-07-2024 21:26:55.72    0.25   7.797  13.478   11.928   97.4  10.71   0.000 2328.29980    8.23    7.49   11.36
14-07-2024 21:26:55.97    0.28   7.796  13.498   11.948   97.4  10.71   0.000 2328.29980    8.23   50.53   11.36
14-07-2024 21:26:56.22    0.28   7.796  13.534   11.983   97.4  10.71   0.000 2328.29980    8.23   50.53   11.36
14-07-2024 21:26:56.46    0.25   7.794  13.528   11.977   97.4  10.72   0.000 2328.29980    8.23   50.53   11.36
14-07-2024 21:26:56.71    0.31   7.794  13.514   11.964   97.4  10.72   0.000 2328.29980   13.68    7.89    1.31
14-07-2024 21:26:56.95    0.27   7.793  13.462   11.914   97.5  10.73   0.000 2328.29980    5.59    9.09   15.72
14-07-2024 21:26:57.20    0.27   7.792  13.424   11.879   97.5  10.73   0.000 2328.29980    1.15    4.07   15.72
14-07-2024 21:26:57.44    0.26   7.791  13.417   11.872   97.5  10.73   0.000 2328.29980    1.15    4.07   15.72
14-07-2024 21:26:57.69    0.25   7.790  13.395   11.851   97.5  10.74   0.000 2328.29980   13.08    4.07   11.55
14-07-2024 21:26:57.93    0.28   7.790  13.359   11.817   97.5  10.73   0.000 2328.29980   13.08   25.05    4.81
14-07-2024 21:26:58.18    0.25   7.790  13.373   11.830   97.4  10.72   0.000 2328.29980   13.08   25.05    4.81
14-07-2024 21:26:58.42    0.28   7.790  13.389   11.845   97.4  10.72   0.000 2328.29980    1.87    0.02   11.61
14-07-2024 21:26:58.67    0.26   7.790  13.405   11.861   97.4  10.72   0.000 2328.29980    2.35    0.77   11.61
14-07-2024 21:26:58.92    0.27   7.790  13.441   11.895   97.3  10.71   0.000 2328.29980    2.35    6.72    0.56
14-07-2024 21:26:59.17    0.27   7.791  13.495   11.947   97.3  10.70   0.000 2328.29980    2.35   47.89    3.35
14-07-2024 21:26:59.42    0.26   7.792  13.460   11.912   97.2  10.70   0.000 2328.29980    3.33   47.89    1.38
14-07-2024 21:26:59.66    0.28   7.792  13.447   11.901   97.2  10.70   0.000 2328.29980    0.51    9.33    1.38
14-07-2024 21:26:59.91    0.29   7.792  13.458   11.911   97.2  10.69   0.000 2328.29980    0.51    9.33    1.38
14-07-2024 21:27:00.15    0.30   7.791  13.447   11.901   97.2  10.70   0.000 2328.29980    3.90    3.71    7.52
14-07-2024 21:27:00.40    0.28   7.791  13.419   11.874   97.2  10.70   0.000 2328.29980    1.41    3.71    7.52
14-07-2024 21:27:00.64    0.28   7.791  13.378   11.835   97.3  10.71   0.000 2328.29980   16.38    1.48    7.52
14-07-2024 21:27:00.89    0.32   7.790  13.346   11.804   97.3  10.71   0.000 2328.29980   16.38    1.48    7.52
14-07-2024 21:27:01.13    0.30   7.790  13.296   11.757   97.3  10.72   0.000 2328.29980   47.16    1.48   17.33
14-07-2024 21:27:01.38    0.26   7.789  13.216   11.680   97.3  10.73   0.000 2328.29980    4.15    1.48   17.33
14-07-2024 21:27:01.62    0.24   7.788  13.178   11.644   97.4  10.73   0.000 2328.29980    4.15    1.48   17.33
14-07-2024 21:27:01.87    0.28   7.788  13.305   11.765   97.4  10.72   0.000 2328.29980    3.98    0.38    9.42
14-07-2024 21:27:02.11    0.26   7.793  13.277   11.737   97.3  10.72   0.000 2328.29980    3.98   11.09    1.95
14-07-2024 21:27:02.36    0.28   7.794  13.267   11.728   97.3  10.72   0.000 2328.29980    3.98    0.95   13.28
14-07-2024 21:27:02.60    0.27   7.797  13.351   11.806   97.3  10.71   0.000 2328.29980    3.98   19.90    4.49
14-07-2024 21:27:02.85    0.32   7.801  13.336   11.790   97.3  10.71   0.000 2328.29980    6.17   19.90    4.56
14-07-2024 21:27:03.10    0.31   7.804  13.328   11.782   97.2  10.71   0.000 2328.29980    4.82    5.59    4.56
14-07-2024 21:27:03.36    0.28   7.808  13.323   11.777   97.2  10.71   0.000 2328.29980    4.82    5.59   11.06
14-07-2024 21:27:03.59    0.29   7.803  13.323   11.778   97.2  10.71   0.000 2328.29980    4.82    5.59   11.06
14-07-2024 21:27:03.84    0.25   7.797  13.247   11.707   97.2  10.71   0.000 2328.29980    3.32    5.59   11.06
14-07-2024 21:27:04.09    0.29   7.794  13.205   11.668   97.2  10.72   0.000 2328.29980    1.75    5.30    5.86
14-07-2024 21:27:04.33    0.24   7.793  13.137   11.603   97.2  10.72   0.000 2328.29980   14.45    5.30    3.67
14-07-2024 21:27:04.58    0.30   7.792  13.175   11.640   97.2  10.71   0.000 2328.29980    6.99    5.30   11.51
14-07-2024 21:27:04.82    0.30   7.791  13.127   11.594   97.2  10.72   0.000 2328.29980    6.12    5.30   11.51
14-07-2024 21:27:05.06    0.27   7.790  13.099   11.568   97.2  10.72   0.000 2328.29980    6.12    5.30   11.51
14-07-2024 21:27:05.31    0.26   7.792  13.221   11.684   97.1  10.71   0.000 2328.29980    4.13    2.66   11.51
14-07-2024 21:27:05.56    0.27   7.800  13.246   11.705   97.1  10.70   0.000 2328.29980    3.38    7.73   11.51
14-07-2024 21:27:05.80    0.26   7.800  13.235   11.695   97.0  10.69   0.000 2328.29980    3.38    7.73   11.51
14-07-2024 21:27:06.05    0.27   7.802  13.246   11.704   96.9  10.68   0.000 2328.29980   16.89    7.73    3.78
14-07-2024 21:27:06.29    0.32   7.799  13.221   11.682   96.9  10.68   0.000 2328.29980    0.92    4.36    3.78
14-07-2024 21:27:06.54    0.27   7.797  13.246   11.706   96.9  10.67   0.000 2328.29980    4.54    8.93    0.90
14-07-2024 21:27:06.79    0.30   7.795  13.259   11.720   96.8  10.67   0.000 2328.29980    4.54    8.93    0.90
14-07-2024 21:27:07.03    0.26   7.795  13.237   11.699   96.8  10.66   0.000 2328.29980    4.40    8.93    0.81
14-07-2024 21:27:07.28    0.25   7.793  13.203   11.666   96.8  10.67   0.000 2328.29980    6.61    3.12    4.13
14-07-2024 21:27:07.53    0.31   7.793  13.191   11.655   96.8  10.67   0.000 2328.29980    1.64    4.36    4.13
14-07-2024 21:27:07.77    0.31   7.794  13.058   11.528   96.7  10.67   0.000 2328.29980    1.64   36.82    4.13
14-07-2024 21:27:08.02    0.30   7.794  13.031   11.502   96.7  10.67   0.000 2328.29980   14.06   17.57    4.13
14-07-2024 21:27:08.26    0.27   7.795  13.066   11.535   96.7  10.67   0.000 2328.29980   14.06   17.57    6.72
14-07-2024 21:27:08.51    0.28   7.796  13.057   11.526   96.7  10.66   0.000 2328.29980   14.06   17.57    6.72
14-07-2024 21:27:08.75    0.28   7.797  13.048   11.516   96.7  10.66   0.000 2328.29980   14.06   24.54   35.08
14-07-2024 21:27:09.00    0.28   7.800  13.160   11.623   96.6  10.65   0.000 2328.29980   19.41   24.54   35.08
14-07-2024 21:27:09.24    0.31   7.805  13.194   11.654   96.6  10.65   0.000 2328.29980   14.20   24.54    2.04
14-07-2024 21:27:09.49    0.25   7.805  13.187   11.647   96.6  10.65   0.000 2328.29980   14.20    9.65    2.04
14-07-2024 21:27:09.73    0.20   7.807  13.179   11.639   96.7  10.65   0.000 2328.29980   14.20    9.65    2.04
14-07-2024 21:27:09.98    0.30   7.806  13.188   11.648   96.7  10.65   0.000 2328.29980    2.88    9.65   11.24
14-07-2024 21:27:10.23    0.31   7.801  13.158   11.620   96.7  10.66   0.000 2328.29980    2.88    9.65   11.24
14-07-2024 21:27:10.47    0.29   7.800  13.170   11.633   96.7  10.66   0.000 2328.29980    7.80    9.65    2.80
14-07-2024 21:27:10.72    0.31   7.799  13.141   11.605   96.8  10.67   0.000 2328.29980    7.80    4.45    8.50
14-07-2024 21:27:10.97    0.27   7.798  13.090   11.556   96.8  10.67   0.000 2328.29980    7.80    2.00    1.96
14-07-2024 21:27:11.21    0.32   7.797  13.122   11.588   96.8  10.67   0.000 2328.29980   17.67   32.01    5.36
14-07-2024 21:27:11.46    0.34   7.792  13.118   11.585   96.7  10.67   0.000 2328.29980   17.67    3.06    7.18
14-07-2024 21:27:11.71    0.44   7.761  13.054   11.535   96.8  10.68   0.000 2328.29980    3.39    5.09    0.00
14-07-2024 21:27:11.95    0.65   7.644  14.087   12.568   96.9  10.66   0.000 2328.29980    3.39    5.09    0.00
14-07-2024 21:27:12.20    0.72   7.560  15.116   13.599   97.0  10.61   0.000 1174.14868    0.00    0.00    1.12
14-07-2024 21:27:12.44    0.86   7.532  15.509   13.995   96.9  10.59   0.000  806.62311    0.33    3.61    4.29
14-07-2024 21:27:12.69    0.87   7.489  15.610   14.111   97.0  10.60   0.000  826.13348    1.58    0.81    1.25
14-07-2024 21:27:12.93    0.90   7.478  15.740   14.243   96.9  10.59   0.000  683.59723    2.95    1.88    2.90
14-07-2024 21:27:13.18    0.98   7.407  15.780   14.312   97.1  10.61   0.000  648.08325    1.60    2.19    2.81
14-07-2024 21:27:13.42    1.02   7.375  15.761   14.306   97.0  10.62   0.000  609.28668    2.24    2.70    3.03
14-07-2024 21:27:13.66    0.98   7.402  16.237   14.764   97.0  10.58   0.000  587.27380    2.24    2.70    3.03
14-07-2024 21:27:13.91    1.08   7.378  19.477   18.010   97.2  10.38   0.000  520.91473    2.78    1.67    2.85
14-07-2024 21:27:14.16    1.09   7.263  20.059   18.660   97.3  10.38   0.000  506.97247    1.35    3.58    2.68
14-07-2024 21:27:14.41    1.08   7.312  19.670   18.240   96.0  10.26   0.000  502.90088    2.88    2.12    2.11
14-07-2024 21:27:14.66    1.14   6.888  18.605   17.378   96.4  10.47   0.000  499.54651    2.88    0.94    2.67
14-07-2024 21:27:14.90    1.13   6.894  18.308   17.072   96.3  10.48   0.000  492.77115    2.39    2.24    2.94
14-07-2024 21:27:15.15    1.03   6.882  18.916   17.698   96.5  10.45   0.000  525.80121    2.09    2.58    2.80
14-07-2024 21:27:15.39    1.09   6.872  19.122   17.913   96.6  10.45   0.000  498.57468    2.09    2.58    2.80
14-07-2024 21:27:15.64    1.04   6.862  19.111   17.907   96.8  10.48   0.000  499.38293    2.88    1.19    3.99
14-07-2024 21:27:15.89    1.05   6.767  19.129   17.975   97.4  10.56   0.000  522.26697    2.30    2.07    3.19
14-07-2024 21:27:16.13    1.07   6.657  19.094   17.996   97.7  10.62   0.000  486.94022    3.74    1.42    3.12
14-07-2024 21:27:16.38    1.07   6.548  19.073   18.033   98.1  10.69   0.000  491.14209    2.76    2.31    1.87
14-07-2024 21:27:16.62    1.04   6.372  19.044   18.096   98.5  10.77   0.000  496.71100    2.93    2.29    3.11
14-07-2024 21:27:16.87    1.11   6.183  19.076   18.229   98.9  10.86   0.000  500.10754    2.51    2.45    2.62
14-07-2024 21:27:17.11    1.08   6.169  19.086   18.247   98.8  10.85   0.000  484.32452    2.51    2.45    2.62
14-07-2024 21:27:17.36    1.13   6.231  19.343   18.481   98.5  10.79   0.000  484.38818    2.56    2.23    2.93
14-07-2024 21:27:17.60    1.10   6.059  19.702   18.951   99.3  10.88   0.000  506.75336    2.27    1.60    3.13
14-07-2024 21:27:17.85    1.11   5.885  20.160   19.534   99.9  10.96   0.000  493.91690    2.85    2.02    2.96
14-07-2024 21:27:18.10    1.11   5.818  20.228   19.644  100.1  10.98   0.000  502.99341    2.90    1.59    2.67
14-07-2024 21:27:18.35    1.08   5.902  20.211   19.577   99.7  10.93   0.000  511.56213    3.06    2.33    3.42
14-07-2024 21:27:18.59    1.00   5.902  20.196   19.562   99.8  10.94   0.000  495.04266    2.85    2.09    3.00
14-07-2024 21:27:18.83    1.02   5.897  20.320   19.695  100.2  10.98   0.000  507.26926    2.85    2.09    3.00
14-07-2024 21:27:19.08    1.05   5.853  20.391   19.796  100.5  11.01   0.000  520.49060    2.88    2.39    3.05
14-07-2024 21:27:19.33    1.09   5.825  20.447   19.872  100.5  11.02   0.000  488.68701    3.19    2.33    2.99
14-07-2024 21:27:19.57    1.09   5.810  20.470   19.905  100.7  11.04   0.000  520.96283    2.93    2.98    3.09
14-07-2024 21:27:19.82    1.07   5.788  20.502   19.952  100.9  11.06   0.000  494.25961    3.10    1.74    2.93
14-07-2024 21:27:20.06    1.13   5.762  20.621   20.095  100.9  11.06   0.000  504.73129    2.65    2.73    2.96
14-07-2024 21:27:20.31    1.08   5.712  20.524   20.020  101.3  11.12   0.000  488.16592    3.02    2.63    3.39
14-07-2024 21:27:20.55    1.06   5.668  20.498   20.019  101.6  11.16   0.000  484.54361    3.02    2.63    3.39
14-07-2024 21:27:20.80    1.13   5.634  21.056   20.636  101.6  11.14   0.000  472.80777    3.42    1.83    2.99
14-07-2024 21:27:21.05    1.12   5.565  22.300   22.017  101.7  11.06   0.000  452.32330    3.20    2.70    3.02
14-07-2024 21:27:21.29    1.19   5.506  23.040   22.858  101.7  11.02   0.000  411.64453    3.52    2.10    3.16
14-07-2024 21:27:21.54    1.20   5.468  23.561   23.451  101.7  10.98   0.000  389.66351    3.73    2.28    3.67
14-07-2024 21:27:21.78    1.34   5.303  24.115   24.174  102.0  11.01   0.000  344.80066    4.29    2.55    2.91
14-07-2024 21:27:22.03    1.44   4.931  24.461   24.830  102.7  11.14   0.000  292.88046    3.44    2.09    3.17
14-07-2024 21:27:22.28    1.53   4.515  24.946   25.690  103.3  11.25   0.000  247.23676    3.44    2.09    3.17
14-07-2024 21:27:22.52    1.62   4.138  25.123   26.189  103.4  11.33   0.000  215.38356    3.96    1.64    2.63
14-07-2024 21:27:22.77    1.65   3.744  25.196   26.590  103.2  11.40   0.000  195.21886    2.87    2.81    2.72
14-07-2024 21:27:23.02    1.77   3.513  25.189   26.772  103.0  11.42   0.000  181.60153    3.36    1.68    2.81
14-07-2024 21:27:23.26    1.91   3.198  25.174   27.015  103.1  11.51   0.000  169.97005    3.66    2.61    3.66
14-07-2024 21:27:23.51    1.95   3.002  25.196   27.206  103.0  11.54   0.000  159.84549    3.62    2.38    3.16
14-07-2024 21:27:23.75    2.07   2.957  25.284   27.348  102.9  11.52   0.000  151.41885    3.80    2.27    3.31
14-07-2024 21:27:23.99    2.09   2.976  25.291   27.341  102.7  11.51   0.000  143.65689    3.80    2.27    3.31
14-07-2024 21:27:24.24    2.17   2.999  25.246   27.268  102.5  11.48   0.000  136.63210    3.55    1.98    3.23
14-07-2024 21:27:24.49    2.27   2.965  25.231   27.278  102.5  11.48   0.000  130.17502    3.47    3.01    3.10
14-07-2024 21:27:24.73    2.37   2.953  25.304   27.375  102.5  11.48   0.000  124.12946    4.05    2.51    3.22
14-07-2024 21:27:24.98    2.52   2.970  25.314   27.373  102.5  11.48   0.000  118.76483    3.89    2.23    3.01
14-07-2024 21:27:25.23    2.59   2.978  25.292   27.339  102.4  11.47   0.000  113.51789    4.56    2.36    3.28
14-07-2024 21:27:25.47    2.62   2.974  25.304   27.358  102.5  11.48   0.000  108.65656    6.00    2.19    3.22
14-07-2024 21:27:25.72    2.72   3.012  25.343   27.371  102.5  11.47   0.000  104.03580    6.00    2.19    3.22
14-07-2024 21:27:25.96    2.86   3.026  25.310   27.321  102.5  11.47   0.000   99.98717    3.94    2.04    3.08
14-07-2024 21:27:26.21    2.94   3.002  25.336   27.372  102.7  11.49   0.000   96.21832    3.52    2.57    3.28
14-07-2024 21:27:26.46    3.04   2.964  25.303   27.364  102.8  11.51   0.000   92.57677    3.70    2.63    2.91
14-07-2024 21:27:26.70    3.06   2.932  25.266   27.348  102.9  11.54   0.000   88.95001    4.49    2.61    3.26
14-07-2024 21:27:26.95    3.18   2.886  25.261   27.381  103.1  11.57   0.000   85.40469    3.83    3.00    3.27
14-07-2024 21:27:27.19    3.26   2.827  25.230   27.394  103.3  11.61   0.000   81.94522    4.04    2.82    3.08
14-07-2024 21:27:27.44    3.34   2.773  25.321   27.549  103.5  11.64   0.000   78.73296    4.04    2.82    3.08
14-07-2024 21:27:27.68    3.44   2.752  25.342   27.592  103.7  11.66   0.000   75.69611    3.84    2.25    2.96
14-07-2024 21:27:27.93    3.56   2.747  25.387   27.650  103.8  11.67   0.000   72.91018    3.79    2.35    3.46
14-07-2024 21:27:28.17    3.57   2.754  25.397   27.656  104.1  11.70   0.000   70.31298    8.00    2.86    2.82
14-07-2024 21:27:28.42    3.72   2.754  25.390   27.648  104.1  11.70   0.000   67.98817    4.30    2.30    3.41
14-07-2024 21:27:28.66    3.79   2.742  25.381   27.647  104.2  11.72   0.000   65.83136    4.11    2.43    3.50
14-07-2024 21:27:28.92    3.86   2.723  25.377   27.659  104.4  11.74   0.000   63.74635    3.81    2.46    3.16
14-07-2024 21:27:29.16    3.97   2.685  25.321   27.625  104.5  11.77   0.000   61.68355    3.81    2.46    3.16
14-07-2024 21:27:29.41    4.02   2.636  25.296   27.637  104.7  11.80   0.000   59.60446    3.91    2.38    3.22
14-07-2024 21:27:29.65    4.14   2.612  25.258   27.612  104.8  11.82   0.000   57.60753    4.37    2.04    3.19
14-07-2024 21:27:29.90    4.24   2.557  25.264   27.666  104.9  11.85   0.000   55.68831    4.34    2.26    3.19
14-07-2024 21:27:30.15    4.27   2.496  25.278   27.736  105.1  11.88   0.000   53.77502    4.46    2.31    3.36
14-07-2024 21:27:30.39    4.34   2.428  25.264   27.779  105.1  11.91   0.000   51.98755    4.66    2.39    3.41
14-07-2024 21:27:30.64    4.48   2.367  25.219   27.778  105.2  11.93   0.000   50.27336    5.52    2.71    3.82
14-07-2024 21:27:30.88    4.60   2.287  25.198   27.822  105.3  11.97   0.000   48.60506    5.52    2.71    3.82
14-07-2024 21:27:31.13    4.63   2.238  25.199   27.866  105.4  11.99   0.000   47.04926    9.08    2.27    3.37
14-07-2024 21:27:31.37    4.71   2.180  25.164   27.874  105.5  12.02   0.000   45.57561    5.40    2.51    2.98
14-07-2024 21:27:31.62    4.81   2.064  25.094   27.891  105.7  12.07   0.000   44.23150    7.72    2.33    3.44
14-07-2024 21:27:31.86    4.92   2.005  25.070   27.913  105.6  12.08   0.000   42.97620    6.43    2.58    3.81
14-07-2024 21:27:32.11    4.98   1.982  25.030   27.884  105.4  12.06   0.000   41.78752    6.40    2.64    3.02
14-07-2024 21:27:32.35    5.07   1.870  24.960   27.897  105.4  12.10   0.000   40.56553    6.40    2.64    3.02
14-07-2024 21:27:32.60    5.15   1.690  24.959   28.057  105.5  12.15   0.000   39.31097    5.93    2.09    3.30
14-07-2024 21:27:32.85    5.24   1.568  24.989   28.203  105.9  12.23   0.000   38.07787    6.55    2.57    3.39
14-07-2024 21:27:33.10    5.31   1.388  25.037   28.424  106.4  12.32   0.000   36.79963    5.52    2.46    3.01
14-07-2024 21:27:33.34    5.38   1.278  24.938   28.401  106.5  12.37   0.000   35.52213    5.10    2.21    3.20
14-07-2024 21:27:33.59    5.51   1.230  24.921   28.423  106.3  12.36   0.000   34.31864    5.05    2.08    3.07
14-07-2024 21:27:33.83    5.61   1.198  24.967   28.510  106.2  12.36   0.000   33.15068    5.27    2.30    3.12
14-07-2024 21:27:34.08    5.68   1.129  24.950   28.552  106.4  12.39   0.000   32.06266    5.27    2.30    3.12
14-07-2024 21:27:34.32    5.73   1.079  24.928   28.570  106.4  12.41   0.000   30.96871    4.84    1.97    3.31
14-07-2024 21:27:34.57    5.82   1.035  24.897   28.571  106.4  12.43   0.000   29.95100    5.09    2.06    3.06
14-07-2024 21:27:34.81    5.94   0.991  24.881   28.590  106.4  12.44   0.000   29.02211    4.42    2.38    3.39
14-07-2024 21:27:35.06    6.00   0.969  24.864   28.591  106.4  12.45   0.000   28.12875    4.31    2.48    3.20
14-07-2024 21:27:35.30    6.10   0.919  24.817   28.576  106.4  12.46   0.000   27.30274    4.27    2.55    3.45
14-07-2024 21:27:35.55    6.14   0.891  24.791   28.569  106.3  12.46   0.000   26.51595    4.20    2.18    3.09
14-07-2024 21:27:35.79    6.23   0.852  24.766   28.573  106.3  12.47   0.000   25.75804    4.20    2.18    3.09
14-07-2024 21:27:36.04    6.35   0.818  24.763   28.601  106.2  12.47   0.000   25.02973    3.82    2.18    3.32
14-07-2024 21:27:36.29    6.41   0.783  24.799   28.679  106.2  12.47   0.000   24.25183    3.71    1.93    2.98
14-07-2024 21:27:36.53    6.51   0.738  24.812   28.737  106.2  12.49   0.000   23.51834    3.60    2.09    2.84
14-07-2024 21:27:36.78    6.57   0.710  24.816   28.768  106.2  12.49   0.000   22.73526    3.40    1.74    3.44
14-07-2024 21:27:37.03    6.68   0.667  24.818   28.811  106.2  12.51   0.000   22.01287    3.48    1.97    3.11
14-07-2024 21:27:37.27    6.75   0.638  24.828   28.850  106.3  12.52   0.000   21.31565    3.16    1.83    2.96
14-07-2024 21:27:37.52    6.83   0.608  24.850   28.906  106.3  12.53   0.000   20.63692    3.16    1.83    2.96
14-07-2024 21:27:37.76    6.91   0.597  24.880   28.954  106.4  12.53   0.000   19.99447    3.14    1.95    2.95
14-07-2024 21:27:38.01    6.98   0.594  24.902   28.986  106.4  12.53   0.000   19.39643    2.80    2.13    2.92
14-07-2024 21:27:38.25    7.07   0.598  24.911   28.994  106.4  12.53   0.000   18.78728    3.27    2.26    2.98
14-07-2024 21:27:38.50    7.16   0.599  24.904   28.985  106.4  12.54   0.000   18.20404    3.19    2.08    2.96
14-07-2024 21:27:38.74    7.22   0.599  24.907   28.988  106.4  12.53   0.000   17.64005    3.56    2.06    3.42
14-07-2024 21:27:38.99    7.32   0.596  24.906   28.988  106.4  12.53   0.000   17.09530    3.04    2.17    2.92
14-07-2024 21:27:39.23    7.40   0.591  24.907   28.995  106.3  12.53   0.000   16.55647    3.04    2.17    2.92
14-07-2024 21:27:39.48    7.48   0.595  24.904   28.987  106.3  12.52   0.000   16.00727    2.87    2.18    2.93
14-07-2024 21:27:39.72    7.58   0.598  24.902   28.982  106.3  12.52   0.000   15.49509    2.97    1.87    2.95
14-07-2024 21:27:39.98    7.68   0.592  24.904   28.990  106.2  12.52   0.000   14.98882    3.22    2.79    2.76
14-07-2024 21:27:40.22    7.75   0.582  24.902   28.996  106.3  12.52   0.000   14.51068    3.20    2.15    2.72
14-07-2024 21:27:40.47    7.81   0.573  24.898   29.000  106.3  12.53   0.000   14.06289    3.40    2.18    2.97
14-07-2024 21:27:40.71    7.91   0.566  24.899   29.008  106.3  12.53   0.000   13.64989    3.20    1.67    3.01
14-07-2024 21:27:40.96    8.01   0.561  24.902   29.016  106.3  12.53   0.000   13.21468    3.20    1.67    3.01
14-07-2024 21:27:41.21    8.07   0.560  24.907   29.023  106.3  12.54   0.000   12.84830    3.43    2.02    3.13
14-07-2024 21:27:41.45    8.16   0.559  24.908   29.026  106.3  12.53   0.000   12.53226    3.34    2.20    2.88
14-07-2024 21:27:41.70    8.23   0.553  24.905   29.028  106.3  12.54   0.000   12.16070    3.03    1.56    2.94
14-07-2024 21:27:41.94    8.30   0.547  24.904   29.032  106.3  12.54   0.000   11.84170    3.08    2.41    3.45
14-07-2024 21:27:42.19    8.42   0.538  24.898   29.033  106.3  12.54   0.000   11.52491    3.29    2.55    2.86
14-07-2024 21:27:42.43    8.48   0.531  24.897   29.038  106.3  12.54   0.000   11.20739    3.47    2.09    2.73
14-07-2024 21:27:42.67    8.57   0.531  24.908   29.052  106.2  12.53   0.000   10.87210    3.47    2.09    2.73
14-07-2024 21:27:42.92    8.64   0.533  24.918   29.063  106.2  12.53   0.000   10.55679    3.02    1.88    2.82
14-07-2024 21:27:43.17    8.73   0.531  24.925   29.073  106.2  12.52   0.000   10.24371    2.90    2.02    3.03
14-07-2024 21:27:43.41    8.85   0.528  24.926   29.078  106.2  12.53   0.000    9.93432    3.23    2.45    3.10
14-07-2024 21:27:43.66    8.91   0.522  24.930   29.089  106.2  12.52   0.000    9.62124    3.42    2.52    3.10
14-07-2024 21:27:43.91    8.99   0.515  24.936   29.102  106.2  12.52   0.000    9.34960    3.14    2.23    3.25
14-07-2024 21:27:44.16    9.08   0.513  24.933   29.101  106.1  12.52   0.000    9.09055    3.43    2.29    2.73
14-07-2024 21:27:44.40    9.15   0.501  24.929   29.107  106.1  12.52   0.000    8.82928    3.43    2.29    2.73
14-07-2024 21:27:44.65    9.25   0.490  24.927   29.115  106.1  12.52   0.000    8.59687    3.24    2.11    2.80
14-07-2024 21:27:44.89    9.31   0.488  24.928   29.117  106.1  12.53   0.000    8.36668    3.18    2.15    3.03
14-07-2024 21:27:45.14    9.40   0.485  24.925   29.117  106.1  12.52   0.000    8.14612    3.13    2.26    2.82
14-07-2024 21:27:45.38    9.46   0.476  24.925   29.125  106.2  12.53   0.000    7.94405    3.17    2.46    2.87
14-07-2024 21:27:45.63    9.55   0.467  24.924   29.132  106.1  12.54   0.000    7.74273    3.01    2.22    2.79
14-07-2024 21:27:45.87    9.63   0.464  24.926   29.138  106.0  12.52   0.000    7.54067    3.38    2.20    2.89
14-07-2024 21:27:46.12    9.71   0.459  24.930   29.148  106.0  12.52   0.000    7.31640    3.38    2.20    2.89
14-07-2024 21:27:46.36    9.80   0.455  24.924   29.144  106.0  12.52   0.000    7.13877    2.95    2.01    3.25
14-07-2024 21:27:46.61    9.86   0.446  24.919   29.146  105.9  12.51   0.000    6.93893    3.40    2.36    3.03
14-07-2024 21:27:46.85    9.96   0.434  24.922   29.161  105.9  12.52   0.000    6.73983    2.96    2.13    2.84
14-07-2024 21:27:47.10   10.05   0.427  24.925   29.170  106.0  12.53   0.000    6.55923    2.99    2.25    2.85
14-07-2024 21:27:47.35   10.14   0.424  24.928   29.178  105.9  12.52   0.000    6.36309    3.41    1.85    2.83
14-07-2024 21:27:47.60   10.23   0.421  24.928   29.180  105.9  12.52   0.000    6.19878    3.00    1.68    3.45
14-07-2024 21:27:47.84   10.29   0.417  24.931   29.188  105.9  12.52   0.000    6.05297    3.00    1.68    3.45
14-07-2024 21:27:48.09   10.37   0.414  24.926   29.185  105.9  12.53   0.000    5.88791    2.97    2.26    3.01
14-07-2024 21:27:48.33   10.44   0.409  24.929   29.194  106.0  12.53   0.000    5.75024    2.84    2.11    2.89
14-07-2024 21:27:48.58   10.50   0.403  24.930   29.200  106.0  12.53   0.000    5.59851    3.01    2.00    3.10
14-07-2024 21:27:48.82   10.59   0.397  24.939   29.217  105.9  12.53   0.000    5.47343    2.89    2.50    3.06
14-07-2024 21:27:49.07   10.67   0.396  24.955   29.239  105.9  12.52   0.000    5.31503    2.79    2.30    2.95
14-07-2024 21:27:49.31   10.74   0.401  24.987   29.275  105.9  12.52   0.000    5.21289    3.08    2.74    2.95
14-07-2024 21:27:49.56   10.85   0.423  24.990   29.258  105.9  12.51   0.000    5.05302    3.08    2.74    2.95
14-07-2024 21:27:49.80   10.89   0.431  24.974   29.230  105.9  12.51   0.000    4.75918    2.87    2.01    2.87
14-07-2024 21:27:50.05   11.01   0.437  24.965   29.213  105.8  12.50   0.000    4.76140    3.42    1.93    2.87
14-07-2024 21:27:50.29   11.07   0.438  24.964   29.211  105.8  12.50   0.000    4.64446    3.29    1.94    3.05
14-07-2024 21:27:50.54   11.15   0.429  24.979   29.238  105.8  12.49   0.000    4.53121    3.28    1.94    2.82
14-07-2024 21:27:50.79   11.25   0.429  25.012   29.281  105.8  12.49   0.000    4.39798    3.10    2.26    2.89
14-07-2024 21:27:51.04   11.33   0.432  25.017   29.284  105.8  12.49   0.000    4.28622    2.84    2.10    2.92
14-07-2024 21:27:51.28   11.42   0.443  25.009   29.264  105.7  12.48   0.000    4.18556    2.84    2.10    2.92
14-07-2024 21:27:51.53   11.48   0.448  25.020   29.273  105.7  12.48   0.000    4.08120    3.10    2.36    3.15
14-07-2024 21:27:51.78   11.56   0.452  25.053   29.311  105.7  12.47   0.000    3.98424    3.34    2.07    3.15
14-07-2024 21:27:52.02   11.65   0.463  25.080   29.336  105.7  12.47   0.000    3.88506    3.22    2.16    3.24
14-07-2024 21:27:52.27   11.72   0.480  25.082   29.321  105.7  12.47   0.000    3.79698    3.40    2.34    3.30
14-07-2024 21:27:52.51   11.82   0.498  25.085   29.308  105.7  12.45   0.000    3.70076    3.17    2.14    3.34
14-07-2024 21:27:52.76   11.89   0.509  25.090   29.304  105.7  12.45   0.000    3.58382    3.35    1.92    3.05
14-07-2024 21:27:53.00   11.99   0.521  25.088   29.290  105.7  12.45   0.000    3.50536    3.35    1.92    3.05
14-07-2024 21:27:53.25   12.07   0.528  25.090   29.286  105.6  12.44   0.000    3.41728    3.32    2.70    3.06
14-07-2024 21:27:53.49   12.15   0.535  25.090   29.280  105.7  12.44   0.000    3.31366    2.95    2.12    2.64
14-07-2024 21:27:53.74   12.24   0.539  25.098   29.286  105.7  12.44   0.000    3.23743    3.26    2.40    2.92
14-07-2024 21:27:53.98   12.32   0.543  25.102   29.287  105.7  12.44   0.000    3.17229    3.67    2.22    2.84
14-07-2024 21:27:54.24   12.38   0.547  25.120   29.307  105.7  12.44   0.000    3.10864    3.51    1.73    2.84
14-07-2024 21:27:54.47   12.50   0.553  25.120   29.300  105.7  12.44   0.000    3.04573    3.19    2.01    3.04
14-07-2024 21:27:54.72   12.56   0.557  25.113   29.287  105.6  12.43   0.000    2.97393    3.19    2.01    3.04
14-07-2024 21:27:54.97   12.66   0.561  25.113   29.284  105.7  12.44   0.000    2.92286    3.30    2.10    2.88
14-07-2024 21:27:55.22   12.72   0.562  25.109   29.279  105.7  12.44   0.000    2.86439    3.20    2.38    2.94
14-07-2024 21:27:55.46   12.80   0.556  25.112   29.287  105.6  12.43   0.000    2.80814    3.56    2.35    2.67
14-07-2024 21:27:55.71   12.87   0.545  25.084   29.262  105.7  12.45   0.000    2.78001    3.26    2.01    2.99
14-07-2024 21:27:55.95   12.95   0.537  25.046   29.221  105.5  12.43   0.000    2.71266    3.18    2.29    3.28
14-07-2024 21:27:56.20   13.04   0.521  24.986   29.158  105.4  12.43   0.000    2.67343    3.22    2.61    2.86
14-07-2024 21:27:56.44   13.12   0.482  24.950   29.150  105.4  12.44   0.000    2.62828    3.22    2.61    2.86
14-07-2024 21:27:56.69   13.20   0.408  24.934   29.199  105.4  12.46   0.000    2.58461    2.79    1.75    2.95
14-07-2024 21:27:56.93   13.29   0.347  24.933   29.255  105.4  12.48   0.000    2.52540    2.47    2.31    3.02
14-07-2024 21:27:57.18   13.34   0.315  24.936   29.290  105.4  12.48   0.000    2.46545    2.97    2.37    2.89
14-07-2024 21:27:57.42   13.47   0.293  24.936   29.310  105.3  12.48   0.000    2.42252    2.96    2.05    2.96
14-07-2024 21:27:57.67   13.56   0.265  24.944   29.347  105.4  12.49   0.000    2.38699    2.59    1.80    2.89
14-07-2024 21:27:57.91   13.61   0.246  24.953   29.379  105.3  12.49   0.000    2.37441    2.70    2.10    2.88
14-07-2024 21:27:58.16   13.68   0.233  24.959   29.399  105.3  12.49   0.000    2.30631    2.70    2.10    2.88
14-07-2024 21:27:58.41   13.76   0.219  24.964   29.418  105.3  12.49   0.000    2.24340    2.47    1.91    3.39
14-07-2024 21:27:58.66   13.85   0.209  24.972   29.437  105.2  12.49   0.000    2.20565    2.45    2.39    2.81
14-07-2024 21:27:58.91   13.93   0.204  24.980   29.453  105.2  12.48   0.000    2.13386    2.10    2.46    2.87
14-07-2024 21:27:59.15   13.98   0.199  24.990   29.470  105.2  12.48   0.000    2.08723    2.30    2.13    2.92
14-07-2024 21:27:59.40   14.06   0.196  24.996   29.481  105.1  12.48   0.000    2.02358    2.60    2.49    2.87
14-07-2024 21:27:59.64   14.15   0.195  25.006   29.495  105.1  12.47   0.000    1.98361    2.42    2.09    3.14
14-07-2024 21:27:59.89   14.26   0.196  25.010   29.499  105.0  12.46   0.000    1.92810    2.42    2.09    3.14
14-07-2024 21:28:00.13   14.33   0.198  25.014   29.503  105.0  12.46   0.000    1.87333    2.38    2.06    2.87
14-07-2024 21:28:00.38   14.43   0.201  25.014   29.499  105.0  12.46   0.000    1.82299    2.31    2.45    2.76
14-07-2024 21:28:00.62   14.49   0.201  25.013   29.498  104.9  12.45   0.000    1.76822    2.54    1.76    2.97
14-07-2024 21:28:00.87   14.56   0.200  25.018   29.506  104.9  12.45   0.000    1.71567    2.19    2.22    2.91
14-07-2024 21:28:01.11   14.66   0.198  25.040   29.535  104.9  12.44   0.000    1.67274    2.21    2.19    3.01
14-07-2024 21:28:01.36   14.72   0.198  25.056   29.557  104.9  12.44   0.000    1.65572    2.31    2.32    2.68
14-07-2024 21:28:01.60   14.81   0.197  25.066   29.570  105.0  12.45   0.000    1.59799    2.31    2.32    2.68
14-07-2024 21:28:01.85   14.87   0.199  25.073   29.577  105.0  12.45   0.000    1.55284    1.98    2.18    2.90
14-07-2024 21:28:02.10   14.96   0.206  25.076   29.575  105.0  12.45   0.000    1.50473    2.75    2.24    2.98
14-07-2024 21:28:02.35   15.03   0.210  25.075   29.569  105.0  12.44   0.000    1.48401    2.37    2.07    3.14
14-07-2024 21:28:02.60   15.12   0.216  25.077   29.566  105.0  12.44   0.000    1.47660    2.47    2.41    2.72
14-07-2024 21:28:02.84   15.18   0.220  25.081   29.567  104.9  12.43   0.000    1.40777    2.19    1.79    3.00
14-07-2024 21:28:03.09   15.29   0.223  25.080   29.564  104.9  12.43   0.000    1.35300    2.53    2.66    2.86
14-07-2024 21:28:03.33   15.37   0.223  25.079   29.561  104.9  12.43   0.000    1.36040    2.53    2.66    2.86
14-07-2024 21:28:03.58   15.44   0.224  25.080   29.561  104.9  12.43   0.000    1.29527    2.46    2.83    2.98
14-07-2024 21:28:03.82   15.54   0.224  25.079   29.560  104.8  12.42   0.000    1.27010    2.21    2.11    2.86
14-07-2024 21:28:04.07   15.61   0.220  25.078   29.563  104.8  12.42   0.000    1.23383    2.52    2.16    2.89
14-07-2024 21:28:04.31   15.70   0.219  25.082   29.570  104.8  12.42   0.000    1.21903    2.59    2.12    2.97
14-07-2024 21:28:04.56   15.74   0.217  25.081   29.570  104.8  12.42   0.000    1.18054    2.45    1.88    2.75
14-07-2024 21:28:04.80   15.86   0.216  25.084   29.575  104.8  12.42   0.000    1.16796    2.52    2.38    3.26
14-07-2024 21:28:05.05   15.94   0.214  25.087   29.580  104.8  12.42   0.000    1.13095    2.52    2.38    3.26
14-07-2024 21:28:05.29   15.99   0.213  25.088   29.583  104.8  12.42   0.000    1.09913    2.38    2.31    2.78
14-07-2024 21:28:05.54   16.05   0.211  25.088   29.584  104.8  12.43   0.000    1.05990    2.52    2.38    3.02
14-07-2024 21:28:05.79   16.12   0.211  25.090   29.588  104.8  12.43   0.000    1.04954    2.50    2.30    3.05
14-07-2024 21:28:06.03   16.22   0.210  25.090   29.589  104.8  12.43   0.000    1.03547    2.41    2.43    2.89
14-07-2024 21:28:06.28   16.29   0.208  25.090   29.590  104.9  12.43   0.000    1.05916    2.59    2.25    3.06
14-07-2024 21:28:06.53   16.38   0.207  25.090   29.591  104.8  12.42   0.000    0.98514    2.50    1.96    2.90
14-07-2024 21:28:06.77   16.46   0.205  25.088   29.591  104.8  12.42   0.000    0.94962    2.50    1.96    2.90
14-07-2024 21:28:07.02   16.55   0.204  25.090   29.594  104.7  12.42   0.000    0.91705    2.32    2.55    3.40
14-07-2024 21:28:07.26   16.62   0.203  25.098   29.605  104.7  12.42   0.000    0.91335    2.61    2.12    2.77
14-07-2024 21:28:07.51   16.72   0.206  25.113   29.621  104.7  12.41   0.000    0.88670    2.89    2.07    2.74
14-07-2024 21:28:07.75   16.78   0.209  25.126   29.635  104.7  12.41   0.000    0.85710    2.37    2.53    3.12
14-07-2024 21:28:08.00   16.85   0.213  25.138   29.647  104.7  12.41   0.000    0.85858    2.29    2.28    2.59
14-07-2024 21:28:08.25   16.90   0.216  25.152   29.662  104.8  12.41   0.000    0.83489    2.56    2.05    2.93
14-07-2024 21:28:08.49   17.01   0.223  25.165   29.672  104.7  12.40   0.000    0.81417    2.56    2.05    2.93
14-07-2024 21:28:08.73   17.06   0.236  25.172   29.669  104.7  12.40   0.000    0.80751    2.50    2.23    2.91
14-07-2024 21:28:08.98   17.15   0.245  25.173   29.661  104.7  12.39   0.000    0.76606    2.71    2.43    2.82
14-07-2024 21:28:09.22   17.19   0.253  25.181   29.663  104.7  12.39   0.000    0.76680    2.59    2.32    3.20
14-07-2024 21:28:09.48   17.29   0.262  25.182   29.657  104.7  12.38   0.000    0.75273    2.30    2.57    3.07
14-07-2024 21:28:09.72   17.36   0.269  25.185   29.654  104.6  12.38   0.000    0.73941    2.91    1.98    2.89
14-07-2024 21:28:09.97   17.45   0.272  25.196   29.665  104.6  12.37   0.000    0.73719    2.45    2.24    3.02
14-07-2024 21:28:10.22   17.53   0.276  25.207   29.675  104.6  12.37   0.000    0.70092    2.45    2.24    3.02
14-07-2024 21:28:10.46   17.63   0.279  25.209   29.674  104.6  12.37   0.000    0.67502    2.50    1.71    3.18
14-07-2024 21:28:10.71   17.68   0.283  25.212   29.674  104.6  12.36   0.000    0.66614    2.84    2.29    2.81
14-07-2024 21:28:10.95   17.77   0.285  25.215   29.677  104.5  12.36   0.000    0.64689    2.39    1.57    3.03
14-07-2024 21:28:11.20   17.87   0.288  25.216   29.675  104.5  12.36   0.000    0.64171    2.74    2.39    3.17
14-07-2024 21:28:11.44   17.94   0.289  25.219   29.678  104.5  12.35   0.000    0.62839    2.14    2.09    3.11
14-07-2024 21:28:11.69   18.01   0.291  25.222   29.679  104.5  12.35   0.000    0.62395    2.75    2.54    3.21
14-07-2024 21:28:11.93   18.05   0.291  25.224   29.682  104.4  12.34   0.000    0.61285    2.75    2.54    3.21
14-07-2024 21:28:12.18   18.12   0.292  25.226   29.685  104.4  12.34   0.000    0.59582    2.52    2.23    2.96
14-07-2024 21:28:12.42   18.22   0.292  25.228   29.687  104.4  12.34   0.000    0.58324    2.36    2.22    2.89
14-07-2024 21:28:12.67   18.27   0.291  25.230   29.689  104.4  12.34   0.000    0.58102    2.51    1.95    3.26
14-07-2024 21:28:12.91   18.39   0.292  25.232   29.692  104.3  12.33   0.000    0.57584    2.57    2.57    3.20
14-07-2024 21:28:13.16   18.44   0.292  25.236   29.697  104.3  12.33   0.000    0.55141    2.74    2.05    3.19
14-07-2024 21:28:13.41   18.52   0.292  25.240   29.701  104.2  12.32   0.000    0.54031    2.74    2.05    3.19
14-07-2024 21:28:13.66   18.61   0.294  25.243   29.704  104.2  12.32   0.000    0.52995    2.36    2.34    3.07
14-07-2024 21:28:13.90   18.68   0.295  25.246   29.707  104.2  12.31   0.000    0.51811    2.58    2.22    3.04
14-07-2024 21:28:14.15   18.76   0.294  25.249   29.711  104.2  12.31   0.000    0.52181    2.77    2.49    2.93
14-07-2024 21:28:14.40   18.83   0.294  25.255   29.720  104.1  12.30   0.000    0.49886    2.76    1.86    2.98
14-07-2024 21:28:14.64   18.92   0.292  25.261   29.729  104.1  12.30   0.000    0.51515    2.39    2.08    2.96
14-07-2024 21:28:14.89   18.95   0.284  25.265   29.741  104.0  12.29   0.000    0.47740    2.44    2.24    2.97
14-07-2024 21:28:15.13   19.05   0.276  25.269   29.754  104.0  12.29   0.000    0.48258    2.44    2.24    2.97
14-07-2024 21:28:15.38   19.15   0.272  25.272   29.761  103.9  12.29   0.000    0.46482    2.60    1.88    2.94
14-07-2024 21:28:15.62   19.20   0.269  25.273   29.766  103.9  12.28   0.000    0.49146    2.46    2.26    2.87
14-07-2024 21:28:15.87   19.29   0.267  25.273   29.768  103.9  12.28   0.000    0.46408    2.73    2.07    3.22
14-07-2024 21:28:16.12   19.36   0.264  25.273   29.770  103.8  12.27   0.000    0.46334    2.09    2.36    3.07
14-07-2024 21:28:16.36   19.41   0.260  25.276   29.778  103.8  12.27  14.000    0.42115    2.25    2.55    3.29
14-07-2024 21:28:16.60   19.51   0.258  25.275   29.779  103.7  12.27   0.000    0.46778    2.61    2.51    2.91
14-07-2024 21:28:16.85   19.61   0.252  25.275   29.785  103.7  12.26  14.000    0.44187    2.61    2.51    2.91
14-07-2024 21:28:17.10   19.67   0.248  25.277   29.791  103.6  12.26  14.000    0.42485    2.56    2.40    3.24
14-07-2024 21:28:17.35   19.77   0.246  25.277   29.794  103.6  12.25  14.000    0.42189    2.46    2.50    2.62
14-07-2024 21:28:17.59   19.86   0.245  25.279   29.797  103.5  12.25  14.000    0.40560    2.49    2.74    2.88
14-07-2024 21:28:17.84   19.92   0.245  25.279   29.796  103.5  12.24  14.000    0.39080    2.59    2.38    3.32
14-07-2024 21:28:18.08   19.97   0.246  25.286   29.805  103.5  12.24  14.000    0.41375    2.23    1.96    3.09
14-07-2024 21:28:18.33   20.09   0.244  25.302   29.828  103.5  12.23  14.000    0.39376    2.64    1.64    2.59
14-07-2024 21:28:18.57   20.13   0.244  25.314   29.843  103.4  12.23  14.000    0.37822    2.64    1.64    2.59
14-07-2024 21:28:18.82   20.19   0.248  25.322   29.849  103.4  12.22  14.000    0.37896    2.25    2.38    3.41
14-07-2024 21:28:19.06   20.25   0.251  25.331   29.858  103.4  12.22  14.000    0.38266    2.66    2.19    2.85
14-07-2024 21:28:19.31   20.35   0.252  25.331   29.857  103.4  12.22  14.000    0.37156    2.51    2.28    2.82
14-07-2024 21:28:19.55   20.45   0.256  25.319   29.838  103.3  12.21  14.000    0.36045    2.81    2.74    3.01
14-07-2024 21:28:19.80   20.50   0.258  25.310   29.825  103.2  12.20  14.000    0.36415    2.59    2.15    3.34
14-07-2024 21:28:20.04   20.57   0.254  25.304   29.821  103.2  12.20  14.000    0.33973    2.28    2.00    2.99
14-07-2024 21:28:20.29   20.64   0.254  25.303   29.818  103.1  12.19  14.000    0.34565    2.28    2.00    2.99
14-07-2024 21:28:20.54   20.73   0.257  25.301   29.813  103.1  12.18  14.000    0.34269    2.56    2.47    3.22
14-07-2024 21:28:20.79   20.77   0.253  25.311   29.829  103.0  12.18  14.000    0.37452    2.36    2.32    3.19
14-07-2024 21:28:21.03   20.90   0.250  25.332   29.859  103.0  12.18  14.000    0.32567    2.52    2.44    2.72
14-07-2024 21:28:21.28   20.94   0.247  25.349   29.885  103.0  12.18  14.000    0.33973    2.43    2.13    3.36
14-07-2024 21:28:21.52   21.03   0.247  25.363   29.903  103.0  12.18  14.000    0.32049    2.19    2.26    3.05
14-07-2024 21:28:21.77   21.10   0.251  25.371   29.910  103.0  12.17  14.000    0.32197    2.32    2.31    2.66
14-07-2024 21:28:22.01   21.16   0.256  25.374   29.909  103.0  12.17  14.000    0.31975    2.32    2.31    2.66
14-07-2024 21:28:22.26   21.23   0.257  25.376   29.910  103.0  12.17  14.000    0.31160    2.49    2.34    2.92
14-07-2024 21:28:22.51   21.32   0.261  25.376   29.907  102.9  12.16  14.000    0.31827    2.33    1.36    3.03
14-07-2024 21:28:22.75   21.38   0.263  25.377   29.906  102.9  12.16  14.000    0.28792    2.07    1.84    2.85
14-07-2024 21:28:23.00   21.47   0.265  25.381   29.909  102.9  12.15  14.000    0.28570    2.20    1.98    2.78
14-07-2024 21:28:23.24   21.55   0.266  25.386   29.915  102.8  12.15  14.000    0.27904    2.60    1.88    3.19
14-07-2024 21:28:23.49   21.64   0.268  25.384   29.909  102.8  12.14  14.000    0.27830    2.72    2.20    3.04
14-07-2024 21:28:23.73   21.72   0.269  25.380   29.903  102.8  12.14  14.000    0.26349    2.72    2.20    3.04
14-07-2024 21:28:23.98   21.79   0.269  25.379   29.902  102.8  12.14  14.000    0.25239    2.31    1.69    3.02
14-07-2024 21:28:24.23   21.87   0.269  25.388   29.914  102.7  12.13  14.000    0.27756    2.31    1.89    2.86
14-07-2024 21:28:24.47   21.94   0.270  25.411   29.942  102.7  12.13  14.000    0.27534    2.21    1.77    3.12
14-07-2024 21:28:24.72   21.99   0.270  25.445   29.987  102.7  12.13  14.000    0.24721    2.43    2.22    2.68
14-07-2024 21:28:24.97   22.06   0.267  25.469   30.019  102.8  12.13  14.000    0.25461    2.31    2.22    2.58
14-07-2024 21:28:25.21   22.15   0.284  25.480   30.018  102.8  12.12  14.000    0.24647    2.01    1.93    2.86
14-07-2024 21:28:25.46   22.24   0.283  25.484   30.025  102.8  12.12  14.000    0.25239    2.01    1.93    2.86
14-07-2024 21:28:25.70   22.29   0.282  25.495   30.039  102.8  12.12  14.000    0.24055    2.36    2.55    2.86
14-07-2024 21:28:25.95   22.35   0.292  25.509   30.047  102.8  12.12  14.000    0.25461    2.60    2.48    2.87
14-07-2024 21:28:26.19   22.43   0.319  25.517   30.032  102.7  12.10  14.000    0.23833    2.30    2.10    3.02
14-07-2024 21:28:26.44   22.52   0.338  25.527   30.025  102.6  12.09  14.000    0.24055    2.16    2.27    2.87
14-07-2024 21:28:26.68   22.59   0.344  25.535   30.030  102.6  12.09  14.000    0.20724    2.51    2.31    3.23
14-07-2024 21:28:26.93   22.68   0.351  25.533   30.021  102.6  12.08  14.000    0.23611    2.30    1.97    3.00
14-07-2024 21:28:27.18   22.73   0.357  25.529   30.009  102.5  12.07  14.000    0.23315    2.30    1.97    3.00
14-07-2024 21:28:27.42   22.81   0.360  25.527   30.004  102.5  12.07  14.000    0.23019    2.53    2.20    3.04
14-07-2024 21:28:27.66   22.90   0.360  25.528   30.006  102.4  12.06  14.000    0.21020    2.36    2.09    3.12
14-07-2024 21:28:27.92   22.96   0.357  25.532   30.013  102.4  12.06  14.000    0.21390    2.37    2.18    2.74
14-07-2024 21:28:28.16   23.04   0.354  25.529   30.012  102.4  12.06  14.000    0.20650    2.15    1.63    2.92
14-07-2024 21:28:28.41   23.09   0.352  25.523   30.007  102.4  12.05  14.000    0.21168    2.40    1.93    2.87
14-07-2024 21:28:28.65   23.18   0.348  25.526   30.015  102.3  12.05  14.000    0.20798    2.23    2.16    3.00
14-07-2024 21:28:28.90   23.24   0.345  25.523   30.014  102.3  12.05  14.000    0.18874    2.23    2.16    3.00
14-07-2024 21:28:29.15   23.30   0.341  25.529   30.025  102.2  12.04  14.000    0.20132    2.26    2.04    3.09
14-07-2024 21:28:29.39   23.38   0.332  25.533   30.039  102.2  12.04  14.000    0.19984    2.53    2.58    2.70
14-07-2024 21:28:29.64   23.46   0.326  25.535   30.047  102.2  12.04  14.000    0.20872    2.22    2.25    2.83
14-07-2024 21:28:29.88   23.53   0.324  25.538   30.053  102.2  12.04  14.000    0.20206    2.53    1.97    3.10
14-07-2024 21:28:30.12   23.63   0.321  25.544   30.064  102.1  12.03  14.000    0.19318    2.29    2.32    2.91
14-07-2024 21:28:30.37   23.72   0.319  25.555   30.080  102.1  12.03  14.000    0.19762    2.00    2.03    3.22
14-07-2024 21:28:30.61   23.75   0.318  25.564   30.093  102.1  12.02  14.000    0.18430    2.00    2.03    3.22
14-07-2024 21:28:30.86   23.88   0.319  25.567   30.095  102.1  12.02  14.000    0.19984    2.21    2.54    2.73
14-07-2024 21:28:31.11   23.93   0.319  25.570   30.099  102.0  12.02  14.000    0.19836    2.58    2.50    3.24
14-07-2024 21:28:31.35   23.99   0.323  25.578   30.106  102.0  12.01  14.000    0.18800    2.33    1.91    3.01
14-07-2024 21:28:31.60   24.06   0.326  25.581   30.107  101.9  12.00  14.000    0.18652    2.64    2.50    2.62
14-07-2024 21:28:31.85   24.11   0.328  25.585   30.109  101.9  12.00  14.000    0.16431    2.04    2.14    2.94
14-07-2024 21:28:32.10   24.22   0.329  25.584   30.108  101.8  11.99  14.000    0.16209    2.23    1.77    3.08
14-07-2024 21:28:32.34   24.27   0.330  25.591   30.115  101.8  11.98  14.000    0.17764    2.23    1.77    3.08
14-07-2024 21:28:32.59   24.33   0.329  25.591   30.116  101.8  11.98  14.000    0.18208    2.22    2.58    3.15
14-07-2024 21:28:32.83   24.41   0.329  25.595   30.122  101.7  11.98  14.000    0.18282    2.08    2.16    2.80
14-07-2024 21:28:33.08   24.48   0.329  25.595   30.121  101.7  11.97  14.000    0.17394    2.36    2.05    3.18
14-07-2024 21:28:33.32   24.56   0.328  25.591   30.117  101.7  11.97  14.000    0.20206    2.23    2.24    2.82
14-07-2024 21:28:33.57   24.67   0.327  25.577   30.100  101.6  11.96  14.000    0.15395    2.39    1.84    2.87
14-07-2024 21:28:33.81   24.72   0.319  25.553   30.077  101.5  11.96  14.000    0.15839    2.23    2.32    2.93
14-07-2024 21:28:34.06   24.81   0.306  25.537   30.069  101.5  11.96  14.000    0.16801    2.23    2.32    2.93
14-07-2024 21:28:34.30   24.88   0.300  25.525   30.060  101.4  11.95  14.000    0.15469    1.94    2.24    3.00
14-07-2024 21:28:34.55   24.95   0.291  25.517   30.057  101.3  11.95  14.000    0.15469    2.28    2.42    3.14
14-07-2024 21:28:34.79   25.00   0.275  25.510   30.063  101.3  11.95  14.000    0.15987    2.26    1.93    3.09
14-07-2024 21:28:35.04   25.08   0.263  25.504   30.067  101.3  11.95  14.000    0.16579    2.33    2.05    3.13
14-07-2024 21:28:35.29   25.13   0.242  25.500   30.084  101.3  11.95  14.000    0.15321    2.28    1.88    3.00
14-07-2024 21:28:35.54   25.19   0.219  25.496   30.101  101.3  11.96  14.000    0.14655    2.15    2.23    3.34
14-07-2024 21:28:35.78   25.25   0.196  25.497   30.124  101.3  11.97  14.000    0.15765    2.15    2.23    3.34
14-07-2024 21:28:36.03   25.36   0.177  25.494   30.138  101.3  11.97  14.000    0.15099    2.10    2.05    2.81
14-07-2024 21:28:36.28   25.43   0.171  25.491   30.141  101.2  11.97  14.000    0.15247    2.13    2.38    3.21
14-07-2024 21:28:36.52   25.51   0.173  25.488   30.136  101.2  11.96  14.000    0.15913    2.20    1.99    3.12
14-07-2024 21:28:36.77   25.58   0.164  25.486   30.142  101.1  11.96  14.000    0.17246    2.18    2.21    3.13
14-07-2024 21:28:37.01   25.65   0.156  25.487   30.150  101.1  11.96  14.000    0.15099    2.02    2.48    2.64
14-07-2024 21:28:37.26   25.74   0.146  25.491   30.165  101.1  11.96  14.000    0.15173    2.11    2.00    2.86
14-07-2024 21:28:37.50   25.82   0.140  25.498   30.181  101.1  11.96  14.000    0.14729    2.11    2.00    2.86
14-07-2024 21:28:37.74   25.89   0.134  25.499   30.187  101.1  11.96  14.000    0.16135    1.99    1.78    3.08
14-07-2024 21:28:37.99   25.95   0.131  25.500   30.192  101.1  11.96  14.000    0.15247    2.18    2.10    2.98
14-07-2024 21:28:38.24   26.03   0.128  25.501   30.195  101.1  11.96  14.000    0.13101    2.10    2.36    3.13
14-07-2024 21:28:38.48   26.08   0.127  25.504   30.201  101.0  11.95  14.000    0.14137    2.41    1.81    3.20
14-07-2024 21:28:38.72   26.14   0.126  25.505   30.203  101.0  11.95  14.000    0.13471    2.11    2.41    2.84
14-07-2024 21:28:38.98   26.23   0.126  25.505   30.203  101.0  11.95  14.000    0.13619    2.44    2.22    2.91
14-07-2024 21:28:39.22   26.31   0.123  25.507   30.209  101.0  11.95  14.000    0.12879    2.44    2.22    2.91
14-07-2024 21:28:39.47   26.39   0.121  25.509   30.213  101.0  11.95  14.000    0.12138    2.14    2.13    2.85
14-07-2024 21:28:39.72   26.45   0.119  25.509   30.216  101.0  11.96  14.000    0.12731    2.12    2.38    2.80
14-07-2024 21:28:39.96   26.55   0.117  25.508   30.215  101.0  11.95  14.000    0.10954    2.29    1.84    3.15
14-07-2024 21:28:40.21   26.61   0.117  25.516   30.227  101.0  11.95  14.000    0.13989    2.20    2.33    3.09
14-07-2024 21:28:40.45   26.69   0.117  25.528   30.241  101.0  11.95  14.000    0.13397    2.08    1.66    2.91
14-07-2024 21:28:40.70   26.76   0.118  25.539   30.256  101.1  11.95  14.000    0.11768    2.16    1.52    2.80
14-07-2024 21:28:40.94   26.84   0.120  25.530   30.241  101.1  11.96  14.000    0.12361    2.16    1.52    2.80
14-07-2024 21:28:41.19   26.91   0.126  25.573   30.290  101.2  11.96  14.000    0.10288    2.33    2.24    2.86
14-07-2024 21:28:41.43   26.98   0.137  25.692   30.435  101.3  11.97  14.000    0.12583    2.17    2.20    2.87
14-07-2024 21:28:41.68   27.03   0.187  25.710   30.409  101.3  11.95  14.000    0.12064    2.12    2.09    2.54
14-07-2024 21:28:41.92   27.11   0.217  25.725   30.399  101.3  11.94  14.000    0.10362    2.15    2.40    2.80
14-07-2024 21:28:42.17   27.18   0.227  25.743   30.412  101.4  11.95  14.000    0.10732    2.06    2.51    2.63
14-07-2024 21:28:42.41   27.24   0.252  25.753   30.400  101.4  11.94  14.000    0.12435    2.39    2.13    3.08
14-07-2024 21:28:42.66   27.31   0.271  25.763   30.395  101.5  11.94  14.000    0.11990    2.39    2.13    3.08
14-07-2024 21:28:42.91   27.39   0.307  25.771   30.368  101.4  11.93  14.000    0.10510    2.00    1.97    3.11
14-07-2024 21:28:43.16   27.47   0.325  25.778   30.361  101.4  11.92  14.000    0.09326    2.51    2.66    2.96
14-07-2024 21:28:43.40   27.56   0.330  25.771   30.346  101.5  11.93  14.000    0.09400    2.31    2.04    2.89
14-07-2024 21:28:43.65   27.63   0.342  25.723   30.273  101.4  11.92  14.000    0.10584    2.31    2.19    3.14
14-07-2024 21:28:43.89   27.72   0.351  25.713   30.251  101.3  11.91  14.000    0.09770    2.12    2.41    3.00
14-07-2024 21:28:44.14   27.79   0.341  25.716   30.265  101.3  11.92  14.000    0.09400    2.11    2.28    3.13
14-07-2024 21:28:44.38   27.85   0.334  25.720   30.276  101.4  11.92  14.000    0.09844    2.11    2.28    3.13
14-07-2024 21:28:44.63   27.93   0.326  25.718   30.281  101.4  11.93  14.000    0.10066    1.99    2.25    2.79
14-07-2024 21:28:44.87   28.02   0.313  25.723   30.301  101.4  11.93  14.000    0.10140    2.19    2.17    3.09
14-07-2024 21:28:45.12   28.09   0.306  25.729   30.315  101.5  11.94  14.000    0.09918    2.16    1.94    3.02
14-07-2024 21:28:45.36   28.13   0.302  25.734   30.325  101.5  11.94  14.000    0.08438    2.25    1.93    2.78
14-07-2024 21:28:45.61   28.22   0.300  25.746   30.343  101.5  11.94  14.000    0.09992    1.81    2.18    2.95
14-07-2024 21:28:45.86   28.31   0.301  25.755   30.354  101.5  11.94  14.000    0.11176    2.29    2.44    2.84
14-07-2024 21:28:46.10   28.34   0.303  25.763   30.362  101.5  11.93  14.000    0.09104    2.29    2.44    2.84
14-07-2024 21:28:46.35   28.46   0.304  25.769   30.370  101.5  11.93  14.000    0.09622    2.22    2.35    3.08
14-07-2024 21:28:46.60   28.51   0.306  25.777   30.377  101.5  11.93  14.000    0.08660    1.99    2.21    3.09
14-07-2024 21:28:46.85   28.57   0.311  25.797   30.399  101.4  11.93  14.000    0.08956    2.53    2.44    2.79
14-07-2024 21:28:47.09   28.66   0.316  25.822   30.425  101.4  11.92  14.000    0.06883    2.32    2.87    2.92
14-07-2024 21:28:47.34   28.72   0.322  25.850   30.456  101.5  11.92  14.000    0.08660    2.12    2.48    3.29
14-07-2024 21:28:47.58   28.78   0.326  25.889   30.502  101.5  11.92  14.000    0.10436    1.96    2.27    3.09
14-07-2024 21:28:47.83   28.89   0.340  25.914   30.521  101.5  11.92  14.000    0.08142    1.96    2.27    3.09
14-07-2024 21:28:48.07   28.98   0.351  25.932   30.533  101.5  11.91  14.000    0.08068    2.09    2.30    2.76
14-07-2024 21:28:48.32   29.01   0.369  25.940   30.526  101.5  11.91  14.000    0.09548    2.00    2.26    3.05
14-07-2024 21:28:48.56   29.08   0.393  25.945   30.509  101.5  11.90  14.000    0.09104    2.23    1.99    3.42
14-07-2024 21:28:48.81   29.16   0.419  25.953   30.493  101.4  11.89  14.000    0.08068    2.00    1.88    3.02
14-07-2024 21:28:49.06   29.21   0.432  25.961   30.490  101.4  11.88  14.000    0.08290    2.16    2.31    3.06
14-07-2024 21:28:49.30   29.29   0.442  25.971   30.492  101.4  11.87  14.000    0.08956    2.26    2.23    3.24
14-07-2024 21:28:49.54   29.37   0.445  25.979   30.501  101.4  11.87  14.000    0.09030    2.26    2.23    3.24
14-07-2024 21:28:49.79   29.45   0.456  25.985   30.497  101.4  11.87  14.000    0.06735    2.03    2.25    3.06
14-07-2024 21:28:50.04   29.51   0.468  25.990   30.493  101.3  11.86  14.000    0.08142    1.83    2.14    3.29
14-07-2024 21:28:50.28   29.59   0.478  25.992   30.485  101.3  11.86  14.000    0.07402    2.48    2.48    3.07
14-07-2024 21:28:50.53   29.69   0.487  25.993   30.478  101.3  11.85  14.000    0.07179    2.04    1.76    3.29
14-07-2024 21:28:50.78   29.76   0.491  25.997   30.477  101.3  11.84  14.000    0.09030    1.91    2.00    2.84
14-07-2024 21:28:51.02   29.84   0.493  25.998   30.478  101.3  11.84  14.000    0.09992    2.12    2.11    3.19
14-07-2024 21:28:51.27   29.90   0.496  26.005   30.484  101.3  11.84  14.000    0.08068    2.12    2.11    3.19
14-07-2024 21:28:51.51   29.95   0.496  26.033   30.519  101.2  11.84  14.000    0.07031    2.28    2.36    2.89
14-07-2024 21:28:51.76   30.04   0.497  26.056   30.549  101.2  11.83  14.000    0.07402    1.97    2.21    3.04
14-07-2024 21:28:52.00   30.09   0.499  26.084   30.582  101.3  11.83  14.000    0.07846    2.43    2.14    2.89
14-07-2024 21:28:52.25   30.17   0.504  26.101   30.599  101.2  11.83  14.000    0.06365    2.18    2.23    3.17
14-07-2024 21:28:52.49   30.21   0.517  26.107   30.595  101.2  11.82  14.000    0.08808    2.21    2.25    2.84
14-07-2024 21:28:52.74   30.32   0.529  26.117   30.595  101.2  11.81  14.000    0.07994    2.21    2.25    2.84
14-07-2024 21:28:52.98   30.39   0.536  26.136   30.612  101.1  11.80  14.000    0.07994    2.43    2.01    3.10
14-07-2024 21:28:53.23   30.45   0.540  26.157   30.634  101.1  11.80  14.000    0.07846    2.13    2.37    2.96
14-07-2024 21:28:53.48   30.53   0.549  26.154   30.622  101.1  11.80  14.000    0.08290    2.01    2.12    3.07
14-07-2024 21:28:53.73   30.59   0.552  26.159   30.626  101.1  11.79  14.000    0.08438    2.14    2.32    2.96
14-07-2024 21:28:53.97   30.68   0.552  26.183   30.656  101.1  11.79  14.000    0.07846    2.25    1.99    2.72
14-07-2024 21:28:54.22   30.75   0.552  26.186   30.661  101.1  11.79  14.000    0.06661    2.41    2.30    2.94
14-07-2024 21:28:54.47   30.78   0.553  26.180   30.652  101.1  11.78  14.000    0.06513    1.99    1.93    2.94
14-07-2024 21:28:54.71   30.91   0.552  26.188   30.663  101.0  11.78  14.000    0.08660    1.99    1.93    2.94
14-07-2024 21:28:54.96   30.95   0.546  26.196   30.679  101.0  11.78  14.000    0.05773    2.67    2.08    3.17
14-07-2024 21:28:55.20   31.03   0.542  26.200   30.689  101.0  11.78  14.000    0.04737    2.04    2.45    2.89
14-07-2024 21:28:55.45   31.09   0.537  26.202   30.696  101.0  11.78  14.000    0.08068    2.41    1.99    3.05
14-07-2024 21:28:55.69   31.14   0.534  26.201   30.697  101.0  11.78  14.000    0.06069    2.21    2.08    3.19
14-07-2024 21:28:55.94   31.21   0.531  26.195   30.693  101.0  11.78  14.000    0.07031    2.30    1.86    2.74
14-07-2024 21:28:56.18   31.28   0.527  26.188   30.688  100.9  11.78  14.000    0.05181    2.30    1.86    2.74
14-07-2024 21:28:56.43   31.35   0.524  26.186   30.689  100.9  11.78  14.000    0.07253    2.31    1.98    3.30
14-07-2024 21:28:56.67   31.45   0.516  26.188   30.699  100.9  11.78  14.000    0.07698    1.88    2.38    3.11
14-07-2024 21:28:56.92   31.52   0.509  26.192   30.711  100.9  11.78  14.000    0.07624    2.10    1.75    3.02
14-07-2024 21:28:57.17   31.58   0.501  26.196   30.724  100.9  11.78  14.000    0.06809    2.37    2.62    2.84
14-07-2024 21:28:57.41   31.67   0.493  26.199   30.735  100.9  11.78  14.000    0.06291    2.08    2.30    2.82
14-07-2024 21:28:57.66   31.73   0.487  26.201   30.744  100.9  11.78  14.000    0.06735    2.35    2.18    2.79
14-07-2024 21:28:57.91   31.78   0.481  26.203   30.752  100.9  11.78  14.000    0.06365    2.35    2.18    2.79
14-07-2024 21:28:58.15   31.87   0.477  26.203   30.756  100.9  11.78  14.000    0.05995    2.34    2.24    2.81
14-07-2024 21:28:58.40   31.90   0.476  26.202   30.757  100.9  11.78  14.000    0.08364    2.34    2.05    3.18
14-07-2024 21:28:58.64   31.97   0.474  26.203   30.759  100.9  11.78  14.000    0.05773    2.19    1.88    2.96
14-07-2024 21:28:58.89   32.03   0.469  26.208   30.770  100.9  11.78  14.000    0.05477    1.90    2.24    2.88
14-07-2024 21:28:59.13   32.12   0.467  26.209   30.775  100.9  11.78  14.000    0.05255    2.08    2.22    3.21
14-07-2024 21:28:59.38   32.17   0.461  26.210   30.781  100.9  11.78  14.000    0.06735    2.40    2.01    3.07
14-07-2024 21:28:59.62   32.27   0.456  26.205   30.781  100.9  11.78  14.000    0.05995    2.40    2.01    3.07
14-07-2024 21:28:59.87   32.32   0.452  26.194   30.769  100.9  11.78  14.000    0.05921    2.26    1.99    3.25
14-07-2024 21:29:00.12   32.40   0.447  26.183   30.760  100.8  11.78  14.000    0.06883    2.18    1.62    3.04
14-07-2024 21:29:00.36   32.48   0.442  26.166   30.743  100.8  11.78  14.000    0.05403    1.94    1.89    3.06
14-07-2024 21:29:00.61   32.55   0.430  26.137   30.718  100.8  11.79  14.000    0.05625    2.48    2.49    2.92
14-07-2024 21:29:00.85   32.62   0.406  26.116   30.715  100.8  11.79  14.000    0.06291    1.89    2.25    3.04
14-07-2024 21:29:01.10   32.67   0.381  26.106   30.726  100.8  11.80  14.000    0.06513    2.17    2.37    2.84
14-07-2024 21:29:01.35   32.75   0.364  26.092   30.725  100.8  11.80  14.000    0.06661    2.17    2.37    2.84
14-07-2024 21:29:01.60   32.81   0.342  26.084   30.737  100.8  11.81  14.000    0.05995    2.43    2.66    2.84
14-07-2024 21:29:01.84   32.88   0.321  26.079   30.752  100.8  11.82  14.000    0.06217    1.99    2.55    3.20
14-07-2024 21:29:02.09   32.94   0.300  26.075   30.767  100.8  11.82  14.000    0.05107    2.07    2.09    2.85
14-07-2024 21:29:02.33   33.00   0.289  26.072   30.775  100.8  11.83  14.000    0.06661    2.21    1.81    2.91
14-07-2024 21:29:02.58   33.09   0.276  26.071   30.786  100.8  11.83  14.000    0.05403    2.03    1.93    3.01
14-07-2024 21:29:02.82   33.15   0.271  26.073   30.793  100.8  11.83  14.000    0.06365    2.47    2.23    3.40
14-07-2024 21:29:03.07   33.22   0.262  26.076   30.807  100.8  11.84  14.000    0.06735    2.47    2.23    3.40
14-07-2024 21:29:03.31   33.32   0.252  26.083   30.825  100.8  11.84  14.000    0.04885    2.04    2.43    3.45
14-07-2024 21:29:03.56   33.38   0.246  26.087   30.837  100.8  11.84  14.000    0.07179    2.43    2.14    2.89
14-07-2024 21:29:03.80   33.47   0.243  26.092   30.846  100.8  11.84  14.000    0.06143    2.58    2.25    2.76
14-07-2024 21:29:04.05   33.51   0.242  26.098   30.854  100.9  11.84  14.000    0.05033    2.16    2.53    2.87
14-07-2024 21:29:04.30   33.56   0.243  26.104   30.862  100.9  11.85  14.000    0.06291    2.03    2.22    2.68
14-07-2024 21:29:04.54   33.63   0.243  26.108   30.867  100.9  11.84  14.000    0.06069    2.48    2.09    2.79
14-07-2024 21:29:04.79   33.71   0.245  26.113   30.872  100.9  11.84  14.000    0.05255    2.48    2.09    2.79
14-07-2024 21:29:05.04   33.78   0.245  26.118   30.878  100.9  11.84  14.000    0.04219    2.16    2.69    3.04
14-07-2024 21:29:05.29   33.84   0.248  26.122   30.880  100.9  11.84  14.000    0.06661    2.54    2.47    3.00
14-07-2024 21:29:05.53   33.91   0.251  26.123   30.877  100.9  11.84  14.000    0.03775    2.37    2.65    3.20
14-07-2024 21:29:05.78   33.96   0.255  26.124   30.876  100.9  11.84  14.000    0.04811    2.17    2.62    2.77
14-07-2024 21:29:06.02   34.04   0.257  26.125   30.874  100.9  11.84  14.000    0.06069    2.04    2.28    3.04
14-07-2024 21:29:06.27   34.12   0.260  26.126   30.873  100.9  11.84  14.000    0.06217    2.22    2.28    3.25
14-07-2024 21:29:06.51   34.17   0.261  26.127   30.873  100.9  11.84  14.000    0.06143    2.22    2.28    3.25
14-07-2024 21:29:06.76   34.28   0.262  26.129   30.875  100.9  11.84  14.000    0.05403    2.23    2.08    3.04
14-07-2024 21:29:07.00   34.34   0.262  26.131   30.877  100.9  11.84  14.000    0.06069    2.34    2.56    2.91
14-07-2024 21:29:07.25   34.40   0.261  26.134   30.882  100.9  11.84  14.000    0.05625    2.25    2.28    3.05
14-07-2024 21:29:07.49   34.50   0.262  26.137   30.885  100.9  11.84  14.000    0.05403    2.15    1.69    3.04
14-07-2024 21:29:07.74   34.55   0.262  26.139   30.888  100.9  11.84  14.000    0.06365    2.16    2.51    3.01
14-07-2024 21:29:07.98   34.61   0.261  26.142   30.892  100.9  11.84  14.000    0.05847    1.93    2.52    3.12
14-07-2024 21:29:08.23   34.68   0.262  26.143   30.893  100.9  11.84  14.000    0.05255    1.93    2.52    3.12
14-07-2024 21:29:08.48   34.73   0.262  26.148   30.900  100.9  11.84  14.000    0.06143    2.14    2.52    3.08
14-07-2024 21:29:08.72   34.82   0.261  26.149   30.902  100.9  11.84  14.000    0.06809    2.17    2.15    3.09
14-07-2024 21:29:08.97   34.90   0.260  26.151   30.904  100.9  11.84  14.000    0.04293    2.23    2.17    2.86
14-07-2024 21:29:09.22   34.94   0.260  26.151   30.905  100.9  11.84  14.000    0.03183    1.97    2.43    3.12
14-07-2024 21:29:09.46   35.04   0.259  26.153   30.909  100.9  11.84  14.000    0.05847    2.13    1.91    2.66
14-07-2024 21:29:09.71   35.09   0.258  26.152   30.908  100.9  11.84  14.000    0.06513    2.26    2.19    2.88
14-07-2024 21:29:09.95   35.18   0.257  26.151   30.909  100.9  11.83  14.000    0.04737    2.26    2.19    2.88
14-07-2024 21:29:10.20   35.26   0.252  26.144   30.904  100.8  11.83  14.000    0.04885    2.33    2.17    2.98
14-07-2024 21:29:10.44   35.33   0.245  26.132   30.895  100.8  11.83  14.000    0.05995    2.31    1.95    2.83
14-07-2024 21:29:10.69   35.42   0.238  26.116   30.882  100.8  11.84  14.000    0.04515    2.00    2.06    2.94
14-07-2024 21:29:10.93   35.47   0.232  26.131   30.908  100.8  11.83  14.000    0.05625    2.09    2.06    3.27
14-07-2024 21:29:11.19   35.55   0.226  26.108   30.882  100.8  11.83  14.000    0.05255    2.10    2.32    2.85
14-07-2024 21:29:11.42   35.62   0.220  26.108   30.889  100.7  11.83  14.000    0.05329    2.48    2.50    3.17
14-07-2024 21:29:11.67   35.70   0.212  26.095   30.880  100.7  11.83  14.000    0.05255    2.48    2.50    3.17
14-07-2024 21:29:11.91   35.74   0.193  26.089   30.892  100.7  11.84  14.000    0.04811    2.23    2.07    2.99
14-07-2024 21:29:12.17   35.83   0.184  26.087   30.898  100.7  11.84  14.000    0.04885    2.12    1.98    2.92
14-07-2024 21:29:12.41   35.90   0.180  26.085   30.899  100.7  11.84  14.000    0.05921    2.39    2.15    3.31
14-07-2024 21:29:12.66   35.98   0.180  26.076   30.888  100.7  11.84  14.000    0.05255    2.21    2.23    2.98
14-07-2024 21:29:12.91   36.06   0.170  26.063   30.880  100.7  11.84  14.000    0.05773    2.26    2.00    2.97
14-07-2024 21:29:13.15   36.12   0.161  26.050   30.872  100.7  11.84  14.000    0.06143    2.22    2.36    3.13
14-07-2024 21:29:13.40   36.17   0.152  26.039   30.867  100.6  11.84  14.000    0.05847    2.22    2.36    3.13
14-07-2024 21:29:13.64   36.25   0.139  26.033   30.873  100.6  11.85  14.000    0.04737    2.24    2.28    3.19
14-07-2024 21:29:13.89   36.30   0.124  26.036   30.891  100.6  11.85  14.000    0.04811    2.76    2.55    2.63
14-07-2024 21:29:14.13   36.41   0.108  26.042   30.915  100.6  11.86  14.000    0.04959    2.28    2.39    3.11
14-07-2024 21:29:14.38   36.48   0.094  26.043   30.931  100.7  11.86  14.000    0.05921    2.20    2.18    2.97
14-07-2024 21:29:14.62   36.55   0.088  26.047   30.942  100.7  11.86  14.000    0.05181    2.01    1.98    2.95
14-07-2024 21:29:14.87   36.60   0.084  26.048   30.948  100.7  11.86  14.000    0.04515    2.70    1.53    3.11
14-07-2024 21:29:15.11   36.68   0.081  26.051   30.953  100.6  11.86  14.000    0.05403    2.70    1.53    3.11
14-07-2024 21:29:15.36   36.75   0.079  26.051   30.956  100.6  11.86  14.000    0.05699    2.35    2.57    3.19
14-07-2024 21:29:15.61   36.84   0.078  26.053   30.960  100.6  11.86  14.000    0.05995    2.44    2.47    2.94
14-07-2024 21:29:15.85   36.90   0.078  26.054   30.960  100.6  11.86  14.000    0.05403    2.20    2.17    2.80
14-07-2024 21:29:16.10   36.96   0.079  26.055   30.961  100.6  11.86  14.000    0.08216    2.66    2.03    2.89
14-07-2024 21:29:16.35   37.03   0.079  26.054   30.960  100.6  11.85  14.000    0.05255    2.26    2.15    3.00
14-07-2024 21:29:16.59   37.11   0.080  26.053   30.957  100.6  11.85  14.000    0.04811    2.40    2.05    3.15
14-07-2024 21:29:16.84   37.15   0.081  26.051   30.955  100.6  11.85  14.000    0.04959    2.40    2.05    3.15
14-07-2024 21:29:17.08   37.26   0.080  26.049   30.952  100.5  11.85  14.000    0.06291    2.62    2.12    2.99
14-07-2024 21:29:17.33   37.31   0.078  26.052   30.958  100.5  11.84  14.000    0.05255    2.20    2.06    3.17
14-07-2024 21:29:17.57   37.37   0.077  26.051   30.958  100.5  11.84  14.000    0.05625    2.46    2.25    2.75
14-07-2024 21:29:17.82   37.42   0.076  26.049   30.957  100.5  11.84  14.000    0.07772    2.05    2.07    3.19
14-07-2024 21:29:18.06   37.51   0.076  26.048   30.956  100.5  11.84  14.000    0.04885    2.34    2.46    3.30
14-07-2024 21:29:18.31   37.59   0.076  26.043   30.949  100.4  11.84  14.000    0.05477    2.33    2.06    3.06
14-07-2024 21:29:18.55   37.66   0.073  26.040   30.948  100.4  11.84  14.000    0.04959    2.33    2.06    3.06
14-07-2024 21:29:18.80   37.71   0.067  26.037   30.950  100.4  11.84  14.000    0.04441    2.43    2.77    2.96
14-07-2024 21:29:19.04   37.77   0.066  26.035   30.948  100.4  11.83  14.000    0.06143    1.85    2.03    2.96
14-07-2024 21:29:19.29   37.88   0.063  26.030   30.944  100.3  11.83  14.000    0.05699    2.31    2.11    3.41
14-07-2024 21:29:19.54   37.93   0.054  26.027   30.949  100.3  11.83  14.000    0.07624    2.49    1.72    3.07
14-07-2024 21:29:19.79   37.98   0.043  26.035   30.971  100.3  11.83  14.000    0.04441    2.35    2.54    3.15
14-07-2024 21:29:20.04   38.06   0.039  26.075   31.027  100.3  11.83  14.000    0.04811    2.58    2.29    3.06
14-07-2024 21:29:20.28   38.15   0.048  26.149   31.115  100.3  11.82  14.000    0.05033    2.58    2.29    3.06
14-07-2024 21:29:20.53   38.22   0.058  26.198   31.169  100.5  11.83  14.000    0.06587    2.16    2.33    2.98
14-07-2024 21:29:20.77   38.28   0.072  26.215   31.177  100.5  11.83  14.000    0.05107    2.43    2.31    2.89
14-07-2024 21:29:21.02   38.36   0.098  26.222   31.160  100.5  11.82  14.000    0.04071    2.49    2.28    3.14
14-07-2024 21:29:21.26   38.42   0.103  26.228   31.162  100.5  11.82  14.000    0.05551    2.09    2.54    2.95
14-07-2024 21:29:21.51   38.48   0.110  26.230   31.158  100.5  11.82  14.000    0.06217    2.37    1.89    3.07
14-07-2024 21:29:21.75   38.55   0.142  26.233   31.129  100.5  11.81  14.000    0.04441    2.54    2.62    3.18
14-07-2024 21:29:22.00   38.62   0.166  26.233   31.106  100.4  11.79  14.000    0.06143    2.54    2.62    3.18
14-07-2024 21:29:22.25   38.67   0.190  26.236   31.084  100.4  11.78  14.000    0.04441    2.24    2.13    3.32
14-07-2024 21:29:22.49   38.77   0.210  26.234   31.062  100.3  11.77  14.000    0.03849    2.22    2.37    3.13
14-07-2024 21:29:22.73   38.79   0.217  26.223   31.040  100.3  11.77  14.000    0.04811    2.33    2.85    3.26
14-07-2024 21:29:22.98   38.88   0.220  26.219   31.032  100.3  11.76  14.000    0.05107    2.19    2.13    2.86
14-07-2024 21:29:23.23   38.97   0.220  26.226   31.041  100.2  11.76  14.000    0.04145    2.18    2.23    3.10
14-07-2024 21:29:23.47   39.02   0.221  26.235   31.052  100.3  11.76  14.000    0.05033    2.26    2.52    3.11
14-07-2024 21:29:23.72   39.06   0.223  26.243   31.059  100.2  11.76  14.000    0.03627    2.26    2.52    3.11
14-07-2024 21:29:23.97   39.17   0.225  26.247   31.062  100.3  11.76  14.000    0.06069    2.34    2.31    3.00
14-07-2024 21:29:24.21   39.25   0.226  26.248   31.063  100.3  11.76  14.000    0.04811    2.11    2.14    3.05
14-07-2024 21:29:24.46   39.29   0.226  26.248   31.063  100.3  11.76  14.000    0.05847    2.14    2.23    2.95
14-07-2024 21:29:24.71   39.34   0.231  26.250   31.060  100.3  11.76  14.000    0.05773    2.29    2.41    3.02
14-07-2024 21:29:24.95   39.43   0.232  26.250   31.060  100.3  11.76  14.000    0.05403    2.29    2.00    3.06
14-07-2024 21:29:25.19   39.51   0.234  26.253   31.061  100.3  11.76  14.000    0.04515    2.19    2.39    2.96
14-07-2024 21:29:25.44   39.57   0.237  26.254   31.060  100.3  11.76  14.000    0.04515    2.19    2.39    2.96
14-07-2024 21:29:25.68   39.63   0.238  26.251   31.055  100.3  11.76  14.000    0.04441    2.13    2.13    3.11
14-07-2024 21:29:25.93   39.71   0.239  26.240   31.040  100.3  11.76  14.000    0.05329    2.04    2.54    2.82
14-07-2024 21:29:26.17   39.78   0.237  26.213   31.006  100.3  11.76  14.000    0.05181    2.23    2.03    2.96
14-07-2024 21:29:26.42   39.81   0.228  26.192   30.988  100.2  11.76  14.000    0.06069    2.26    2.51    2.90
14-07-2024 21:29:26.67   39.93   0.212  26.179   30.986  100.2  11.76  14.000    0.04663    2.54    1.88    3.02
14-07-2024 21:29:26.92   40.00   0.191  26.170   30.996  100.2  11.77  14.000    0.04515    2.19    2.06    3.21
14-07-2024 21:29:27.16   40.05   0.183  26.157   30.988  100.2  11.77  14.000    0.06291    2.19    2.06    3.21
14-07-2024 21:29:27.41   40.13   0.166  26.141   30.984  100.2  11.78  14.000    0.04219    2.46    2.17    3.17
14-07-2024 21:29:27.66   40.22   0.155  26.136   30.989  100.2  11.78  14.000    0.04145    2.19    2.02    3.30
14-07-2024 21:29:27.90   40.27   0.142  26.132   30.997  100.2  11.78  14.000    0.05847    2.27    2.85    2.99
14-07-2024 21:29:28.15   40.35   0.135  26.115   30.981  100.1  11.78  14.000    0.04589    2.51    2.47    3.13
14-07-2024 21:29:28.39   40.38   0.122  26.098   30.972  100.1  11.78  14.000    0.05551    2.23    2.33    2.68
14-07-2024 21:29:28.64   40.47   0.099  26.083   30.975  100.1  11.79  14.000    0.07253    2.23    2.13    2.76
14-07-2024 21:29:28.88   40.54   0.085  26.070   30.973  100.1  11.80  14.000    0.04589    2.23    2.13    2.76
14-07-2024 21:29:29.13   40.62   0.062  26.063   30.986  100.1  11.80  14.000    0.05921    2.53    2.14    2.88
14-07-2024 21:29:29.37   40.69   0.053  26.058   30.988  100.1  11.80  14.000    0.05551    2.10    1.67    2.90
14-07-2024 21:29:29.62   40.75   0.046  26.053   30.990  100.1  11.80  14.000    0.05625    2.51    2.34    2.99
14-07-2024 21:29:29.86   40.86   0.031  26.050   31.001  100.1  11.80  14.000    0.05773    2.18    2.26    2.93
14-07-2024 21:29:30.11   40.90   0.016  26.046   31.012  100.1  11.81  14.000    0.05255    2.44    2.24    2.68
14-07-2024 21:29:30.35   40.96  -0.003  26.044   31.028  100.1  11.81  14.000    0.05995    2.32    2.24    3.14
14-07-2024 21:29:30.60   41.02  -0.014  26.037   31.029  100.1  11.82  14.000    0.03553    2.32    2.24    3.14
14-07-2024 21:29:30.85   41.10  -0.024  26.045   31.051  100.1  11.82  14.000    0.04885    2.10    2.11    2.97
14-07-2024 21:29:31.10   41.20  -0.027  26.052   31.062  100.0  11.81  14.000    0.05403    2.40    2.05    2.77
14-07-2024 21:29:31.34   41.26  -0.032  26.062   31.082  100.0  11.82  14.000    0.05625    2.56    2.60    2.89
14-07-2024 21:29:31.59   41.33  -0.035  26.078   31.104  100.0  11.81  14.000    0.05995    2.24    2.20    3.20
14-07-2024 21:29:31.84   41.43  -0.036  26.101   31.135  100.1  11.81  14.000    0.04441    2.41    2.08    3.04
14-07-2024 21:29:32.08   41.52  -0.027  26.138   31.175  100.1  11.81  14.000    0.06587    2.23    2.20    2.89
14-07-2024 21:29:32.32   41.59  -0.016  26.162   31.196  100.1  11.81  14.000    0.05107    2.23    2.20    2.89
14-07-2024 21:29:32.57   41.69  -0.005  26.170   31.194  100.1  11.80  14.000    0.05181    2.54    2.48    3.03
14-07-2024 21:29:32.82   41.79   0.008  26.168   31.179  100.1  11.80  14.000    0.04515    2.36    2.25    3.21
14-07-2024 21:29:33.07   41.87   0.022  26.165   31.160  100.0  11.79  14.000    0.05403    2.28    2.45    3.15
14-07-2024 21:29:33.31   41.97   0.035  26.163   31.144  100.0  11.79  14.000    0.05403    2.32    2.89    2.84
14-07-2024 21:29:33.55   42.07   0.048  26.163   31.132   99.9  11.77  14.000    0.04885    2.22    2.03    2.96
14-07-2024 21:29:33.80   42.17   0.057  26.162   31.121   99.9  11.77  14.000    0.03553    2.22    2.03    2.96
14-07-2024 21:29:34.04   42.28   0.063  26.160   31.112   99.9  11.76  14.000    0.03775    1.89    1.95    2.92
14-07-2024 21:29:34.29   42.39   0.064  26.157   31.107   99.8  11.76  14.000    0.04367    1.98    2.02    2.93
14-07-2024 21:29:34.54   42.49   0.062  26.162   31.115   99.8  11.76  14.000    0.06439    2.24    2.37    2.70
14-07-2024 21:29:34.79   42.57   0.061  26.170   31.127   99.8  11.76  14.000    0.04071    2.29    2.06    3.42
14-07-2024 21:29:35.03   42.66   0.062  26.161   31.114   99.8  11.76  14.000    0.05107    2.37    2.31    2.50
14-07-2024 21:29:35.28   42.75   0.063  26.173   31.128   99.8  11.76  14.000    0.05847    2.23    1.95    3.08
14-07-2024 21:29:35.52   42.90   0.068  26.191   31.146   99.8  11.75  14.000    0.05847    2.17    1.86    2.93
14-07-2024 21:29:35.77   42.97   0.074  26.210   31.166   99.8  11.75  14.000    0.04663    2.17    1.86    2.93
14-07-2024 21:29:36.01   43.08   0.080  26.212   31.162   99.9  11.75  14.000    0.04515    2.12    2.22    2.86
14-07-2024 21:29:36.26   43.21   0.086  26.209   31.152   99.9  11.75  14.000    0.05625    2.18    2.52    2.90
14-07-2024 21:29:36.50   43.29   0.094  26.203   31.136   99.9  11.75  14.000    0.04589    2.00    2.27    2.96
14-07-2024 21:29:36.75   43.41   0.100  26.202   31.128   99.9  11.75  14.000    0.04959    2.11    2.39    3.17
14-07-2024 21:29:36.99   43.54   0.106  26.212   31.136   99.8  11.74  14.000    0.05033    2.36    1.92    3.06
14-07-2024 21:29:37.24   43.62   0.110  26.217   31.138   99.8  11.74  14.000    0.03997    2.36    1.92    3.06
14-07-2024 21:29:37.48   43.70   0.113  26.220   31.139   99.8  11.74  14.000    0.04959    2.13    2.08    2.93
14-07-2024 21:29:37.73   43.82   0.115  26.225   31.143   99.8  11.74  14.000    0.08808    2.12    2.47    3.14
14-07-2024 21:29:37.98   43.93   0.119  26.222   31.136   99.9  11.74  14.000    0.05033    2.13    2.21    3.10
14-07-2024 21:29:38.22   44.02   0.121  26.220   31.130   99.9  11.74  14.000    0.03257    2.19    2.31    2.80
14-07-2024 21:29:38.47   44.14   0.123  26.220   31.128   99.9  11.74  14.000    0.05255    2.26    2.29    3.07
14-07-2024 21:29:38.72   44.22   0.123  26.221   31.130   99.9  11.74  14.000    0.05551    2.50    2.13    2.93
14-07-2024 21:29:38.96   44.32   0.123  26.219   31.127   99.9  11.74  14.000    0.05181    2.50    2.13    2.93
14-07-2024 21:29:39.21   44.42   0.117  26.189   31.093   99.9  11.75  14.000    0.05033    2.32    2.53    2.78
14-07-2024 21:29:39.45   44.54   0.106  26.175   31.086   99.9  11.75  14.000    0.04663    2.41    2.32    3.13
14-07-2024 21:29:39.70   44.60   0.092  26.173   31.098   99.8  11.75  14.000    0.05033    2.02    2.39    3.15
14-07-2024 21:29:39.94   44.75   0.080  26.174   31.112   99.8  11.75  14.000    0.04071    2.18    2.22    3.07
14-07-2024 21:29:40.19   44.83   0.071  26.171   31.117   99.8  11.76  14.000    0.04515    1.91    2.49    2.84
14-07-2024 21:29:40.43   44.94   0.067  26.163   31.111   99.8  11.76  14.000    0.04663    2.26    2.10    3.17
14-07-2024 21:29:40.68   45.06   0.061  26.162   31.115   99.8  11.76  14.000    0.05847    2.26    2.10    3.17
14-07-2024 21:29:40.92   45.16   0.054  26.167   31.128   99.8  11.76  14.000    0.04663    2.18    2.99    2.86
14-07-2024 21:29:41.17   45.26   0.049  26.169   31.136   99.8  11.76  14.000    0.06365    2.03    1.88    3.14
14-07-2024 21:29:41.41   45.37   0.049  26.173   31.141   99.8  11.76  14.000    0.02591    2.08    2.02    2.97
14-07-2024 21:29:41.67   45.49   0.050  26.159   31.122   99.8  11.76  14.000    0.06513    2.33    2.33    2.99
14-07-2024 21:29:41.91   45.57   0.045  26.148   31.113   99.8  11.76  14.000    0.05255    2.45    2.32    3.12
14-07-2024 21:29:42.16   45.68   0.037  26.165   31.143   99.8  11.77  14.000    0.04145    2.42    2.38    3.42
14-07-2024 21:29:42.41   45.76   0.036  26.169   31.149   99.9  11.77  14.000    0.03997    2.42    2.38    3.42
14-07-2024 21:29:42.65   45.92   0.039  26.178   31.158   99.8  11.76  14.000    0.05033    2.17    1.97    3.39
14-07-2024 21:29:42.90   46.03   0.043  26.173   31.147   99.9  11.76  14.000    0.05551    2.47    1.96    3.27
14-07-2024 21:29:43.14   46.14   0.045  26.183   31.159   99.9  11.76  14.000    0.04367    2.22    2.30    3.40
14-07-2024 21:29:43.39   46.25   0.050  26.208   31.186   99.9  11.76  14.000    0.04145    2.09    2.15    2.74
14-07-2024 21:29:43.63   46.32   0.054  26.246   31.231   99.9  11.76  14.000    0.04441    2.66    2.30    3.18
14-07-2024 21:29:43.88   46.44   0.070  26.274   31.251  100.0  11.76  14.000    0.06069    2.24    1.86    2.82
14-07-2024 21:29:44.13   46.56   0.091  26.277   31.234  100.0  11.75  14.000    0.04293    2.24    1.86    2.82
14-07-2024 21:29:44.37   46.65   0.114  26.255   31.181   99.9  11.75  14.000    0.04811    2.49    1.92    3.05
14-07-2024 21:29:44.61   46.77   0.127  26.252   31.165   99.9  11.74  14.000    0.06365    1.89    2.09    2.81
14-07-2024 21:29:44.86   46.86   0.128  26.229   31.133   99.9  11.74  14.000    0.04367    2.35    2.14    3.03
14-07-2024 21:29:45.10   46.97   0.114  26.193   31.100   99.8  11.74  14.000    0.03479    2.04    1.78    2.91
14-07-2024 21:29:45.35   47.06   0.091  26.183   31.112   99.9  11.75  14.000    0.03035    2.42    2.24    3.24
14-07-2024 21:29:45.60   47.17   0.071  26.181   31.129   99.9  11.76  14.000    0.05847    2.12    2.18    3.33
14-07-2024 21:29:45.85   47.29   0.055  26.180   31.144   99.9  11.76  14.000    0.03627    2.12    2.18    3.33
14-07-2024 21:29:46.09   47.37   0.044  26.182   31.157   99.9  11.76  14.000    0.04515    2.24    2.46    3.12
14-07-2024 21:29:46.34   47.51   0.040  26.182   31.161   99.9  11.77  14.000    0.06439    2.35    2.24    3.05
14-07-2024 21:29:46.58   47.61   0.041  26.178   31.155   99.9  11.77  14.000    0.04663    2.17    1.87    3.28
14-07-2024 21:29:46.83   47.73   0.039  26.171   31.148   99.8  11.76  14.000    0.03997    2.11    2.27    3.36
14-07-2024 21:29:47.07   47.84   0.037  26.174   31.154   99.8  11.76  14.000    0.06143    2.24    1.63    3.00
14-07-2024 21:29:47.32   47.92   0.036  26.179   31.161   99.8  11.76  14.000    0.05403    2.56    2.09    3.41
14-07-2024 21:29:47.56   48.03   0.033  26.176   31.160   99.8  11.76  14.000    0.05033    2.56    2.09    3.41
14-07-2024 21:29:47.81   48.12   0.030  26.174   31.160   99.8  11.77  14.000    0.04737    2.06    2.63    3.18
14-07-2024 21:29:48.05   48.23   0.027  26.177   31.167   99.8  11.77  14.000    0.05403    2.37    2.32    2.84
14-07-2024 21:29:48.30   48.35   0.026  26.180   31.173   99.9  11.77  14.000    0.05995    2.62    2.36    3.17
14-07-2024 21:29:48.54   48.42   0.026  26.177   31.169   99.9  11.77  14.000    0.03701    2.26    2.43    3.09
14-07-2024 21:29:48.79   48.56   0.024  26.177   31.170   99.9  11.77  14.000    0.04515    2.21    1.84    2.92
14-07-2024 21:29:49.04   48.65   0.024  26.179   31.172   99.8  11.77  14.000    0.05107    2.37    2.30    2.99
14-07-2024 21:29:49.29   48.77   0.025  26.180   31.173   99.9  11.77  14.000    0.05403    2.37    2.30    2.99
14-07-2024 21:29:49.54   48.87   0.025  26.220   31.226   99.9  11.76  14.000    0.03997    2.08    2.18    3.09
14-07-2024 21:29:49.78   48.95   0.029  26.244   31.252   99.9  11.76  14.000    0.05329    2.22    1.93    3.18
14-07-2024 21:29:50.03   49.06   0.047  26.238   31.226   99.9  11.76  14.000    0.05699    2.36    1.95    3.11
14-07-2024 21:29:50.27   49.16   0.069  26.245   31.213   99.9  11.75  14.000    0.05329    2.39    2.58    3.12
14-07-2024 21:29:50.52   49.28   0.080  26.265   31.228   99.9  11.75  14.000    0.03035    2.00    2.13    3.12
14-07-2024 21:29:50.76   49.36   0.089  26.230   31.174   99.9  11.75  14.000    0.04293    2.30    2.41    3.16
14-07-2024 21:29:51.01   49.46   0.095  26.267   31.216   99.8  11.73  14.000    0.03331    2.30    2.41    3.16
14-07-2024 21:29:51.25   49.59   0.097  26.238   31.175   99.8  11.74  14.000    0.04219    2.22    1.91    3.11
14-07-2024 21:29:51.50   49.67   0.095  26.253   31.197   99.8  11.74  14.000    0.04885    2.18    2.53    3.18
14-07-2024 21:29:51.74   49.78   0.100  26.299   31.252   99.8  11.74  14.000    0.03997    2.05    2.62    3.01
14-07-2024 21:29:51.99   49.87   0.130  26.317   31.245   99.8  11.73  14.000    0.05921    2.34    2.01    3.14
14-07-2024 21:29:52.23   49.99   0.151  26.319   31.226   99.8  11.72  14.000    0.05699    2.24    2.39    3.24
14-07-2024 21:29:52.48   50.04   0.161  26.318   31.214   99.8  11.71  14.000    0.04441    2.20    2.36    2.99
14-07-2024 21:29:52.73   50.18   0.167  26.324   31.216   99.8  11.71  14.000    0.05107    2.20    2.36    2.99
14-07-2024 21:29:52.97   50.29   0.171  26.313   31.198   99.8  11.71  14.000    0.03997    2.14    2.58    2.91
14-07-2024 21:29:53.22   50.39   0.172  26.317   31.202   99.8  11.71  14.000    0.03405    2.01    2.09    3.29
14-07-2024 21:29:53.47   50.48   0.173  26.330   31.217   99.8  11.71  14.000    0.03331    2.61    2.60    3.19
14-07-2024 21:29:53.71   50.60   0.177  26.331   31.215   99.8  11.71  14.000    0.04811    2.22    2.13    3.13
14-07-2024 21:29:53.96   50.71   0.180  26.338   31.221   99.8  11.71  14.000    0.04071    2.23    2.18    3.30
14-07-2024 21:29:54.20   50.79   0.184  26.356   31.241   99.8  11.71  14.000    0.04293    2.36    2.21    3.02
14-07-2024 21:29:54.45   50.91   0.191  26.361   31.240   99.8  11.71  14.000    0.05107    2.36    2.21    3.02
14-07-2024 21:29:54.69   50.98   0.195  26.347   31.218   99.8  11.71  14.000    0.04071    2.07    2.05    3.03
14-07-2024 21:29:54.94   51.08   0.198  26.347   31.213   99.8  11.71  14.000    0.04219    2.02    2.55    3.13
14-07-2024 21:29:55.19   51.23   0.200  26.349   31.215   99.8  11.71  14.000    0.03997    2.40    1.96    3.17
14-07-2024 21:29:55.43   51.34   0.201  26.360   31.228   99.8  11.71  14.000    0.05403    2.29    1.89    2.86
14-07-2024 21:29:55.67   51.40   0.204  26.362   31.227   99.9  11.71  14.000    0.04071    2.48    2.25    2.90
14-07-2024 21:29:55.92   51.52   0.207  26.351   31.210   99.9  11.71  14.000    0.03405    2.16    2.09    2.97
14-07-2024 21:29:56.16   51.62   0.206  26.354   31.215   99.8  11.71  14.000    0.05107    2.16    2.09    2.97
14-07-2024 21:29:56.42   51.73   0.204  26.369   31.236   99.9  11.71  14.000    0.03035    2.12    1.59    2.89
14-07-2024 21:29:56.66   51.85   0.204  26.369   31.237   99.9  11.71  14.000    0.04811    2.30    2.25    2.81
14-07-2024 21:29:56.91   51.96   0.206  26.370   31.235   99.9  11.71  14.000    0.02368    2.16    2.20    3.06
14-07-2024 21:29:57.16   52.06   0.207  26.370   31.233   99.9  11.71  14.000    0.05551    2.19    1.98    3.22
14-07-2024 21:29:57.40   52.16   0.209  26.366   31.226   99.9  11.71  14.000    0.05181    2.14    2.24    2.96
14-07-2024 21:29:57.65   52.29   0.211  26.326   31.173   99.9  11.71  14.000    0.03997    2.15    2.45    3.30
14-07-2024 21:29:57.89   52.38   0.207  26.284   31.122   99.8  11.71  14.000    0.03997    2.15    2.45    3.30
14-07-2024 21:29:58.14   52.51   0.198  26.272   31.116   99.8  11.71  14.000    0.04737    2.44    2.23    3.22
14-07-2024 21:29:58.38   52.57   0.169  26.276   31.150   99.8  11.72  14.000    0.04515    2.01    2.51    2.91
14-07-2024 21:29:58.63   52.68   0.163  26.283   31.165   99.8  11.72  14.000    0.04367    2.45    2.24    2.76
14-07-2024 21:29:58.87   52.81   0.145  26.288   31.191   99.8  11.73  14.000    0.05625    2.28    2.28    3.25
14-07-2024 21:29:59.12   52.90   0.129  26.297   31.218   99.9  11.73  14.000    0.04589    2.46    2.31    2.86
14-07-2024 21:29:59.36   53.02   0.121  26.310   31.243   99.9  11.74  14.000    0.05033    2.38    2.18    3.20
14-07-2024 21:29:59.61   53.13   0.117  26.330   31.273  100.0  11.74  14.000    0.04441    2.38    2.18    3.20
14-07-2024 21:29:59.85   53.24   0.115  26.357   31.310  100.0  11.75  14.000    0.04145    2.28    2.15    2.99
14-07-2024 21:30:00.11   53.36   0.121  26.351   31.297  100.0  11.75  14.000    0.03405    2.36    2.30    3.10
14-07-2024 21:30:00.35   53.43   0.133  26.339   31.268  100.0  11.74  14.000    0.04367    2.27    2.46    2.88
14-07-2024 21:30:00.60   53.57   0.152  26.343   31.255   99.9  11.73  14.000    0.05551    2.39    2.41    2.90
14-07-2024 21:30:00.85   53.65   0.158  26.327   31.226   99.9  11.73  14.000    0.05773    2.32    2.37    3.28
14-07-2024 21:30:01.09   53.75   0.156  26.328   31.231   99.9  11.73  14.000    0.04663    1.88    1.94    3.07
14-07-2024 21:30:01.34   53.86   0.148  26.336   31.249   99.9  11.73  14.000    0.04589    1.88    1.94    3.07
14-07-2024 21:30:01.58   53.97   0.146  26.335   31.250   99.9  11.73  14.000    0.03553    2.37    2.19    3.20
14-07-2024 21:30:01.83   54.07   0.146  26.320   31.231   99.9  11.73  14.000    0.04219    2.02    2.68    3.13
14-07-2024 21:30:02.07   54.17   0.145  26.316   31.226   99.9  11.73  14.000    0.05551    2.14    2.60    3.02
14-07-2024 21:30:02.32   54.24   0.141  26.311   31.223   99.9  11.73  14.000    0.05551    2.19    2.36    2.89
14-07-2024 21:30:02.56   54.38   0.132  26.307   31.227   99.9  11.74  14.000    0.05995    2.31    2.65    3.11
14-07-2024 21:30:02.81   54.48   0.126  26.305   31.230   99.9  11.74  14.000    0.05107    2.38    2.22    3.21
14-07-2024 21:30:03.05   54.57   0.119  26.299   31.230   99.9  11.74  14.000    0.05625    2.38    2.22    3.21
14-07-2024 21:30:03.30   54.69   0.113  26.295   31.230   99.9  11.74  14.000    0.04737    2.49    1.88    3.09
14-07-2024 21:30:03.54   54.81   0.108  26.297   31.238   99.9  11.74  14.000    0.05403    2.48    2.03    2.95
14-07-2024 21:30:03.79   54.89   0.103  26.308   31.258   99.9  11.74  14.000    0.03923    1.99    1.94    2.80
14-07-2024 21:30:04.04   55.01   0.100  26.329   31.287   99.9  11.74  14.000    0.05033    1.98    2.44    3.36
14-07-2024 21:30:04.29   55.09   0.102  26.331   31.289  100.0  11.75  14.000    0.04145    2.42    2.50    2.88
14-07-2024 21:30:04.53   55.21   0.108  26.325   31.274  100.0  11.75  14.000    0.03405    2.03    1.83    3.18
14-07-2024 21:30:04.78   55.28   0.113  26.331   31.278   99.9  11.74  14.000    0.04737    2.03    1.83    3.18
14-07-2024 21:30:05.02   55.41   0.117  26.345   31.291   99.9  11.74  14.000    0.03775    2.19    2.84    3.09
14-07-2024 21:30:05.27   55.51   0.125  26.350   31.290   99.9  11.73  14.000    0.04219    1.92    2.15    3.10
14-07-2024 21:30:05.51   55.60   0.130  26.345   31.279   99.9  11.74  14.000    0.05181    2.14    2.31    3.10
14-07-2024 21:30:05.76   55.70   0.135  26.356   31.288   99.9  11.73  14.000    0.04811    2.07    2.52    2.80
14-07-2024 21:30:06.01   55.80   0.139  26.363   31.292   99.9  11.73  14.000    0.04367    2.19    2.64    2.81
14-07-2024 21:30:06.25   55.93   0.145  26.366   31.290   99.9  11.73  14.000    0.04367    2.20    2.37    3.10
14-07-2024 21:30:06.49   56.05   0.148  26.371   31.293   99.9  11.73  14.000    0.06291    2.20    2.37    3.10
14-07-2024 21:30:06.74   56.13   0.151  26.377   31.297   99.9  11.73  14.000    0.04885    2.32    2.29    2.99
14-07-2024 21:30:06.98   56.22   0.156  26.382   31.299   99.9  11.72  14.000    0.04293    2.16    2.40    3.52
14-07-2024 21:30:07.23   56.34   0.163  26.387   31.298   99.9  11.72  14.000    0.02813    2.08    2.39    2.95
14-07-2024 21:30:07.48   56.46   0.168  26.388   31.295   99.9  11.72  14.000    0.04589    2.04    2.25    3.19
14-07-2024 21:30:07.73   56.55   0.172  26.353   31.245   99.9  11.72  14.000    0.04515    2.11    2.27    2.88
14-07-2024 21:30:07.98   56.60   0.168  26.270   31.141   99.8  11.72  14.000    0.04515    2.21    2.21    3.17
14-07-2024 21:30:08.22   56.75   0.140  26.285   31.190   99.8  11.72  14.000    0.04811    2.21    2.21    3.17
14-07-2024 21:30:08.47   56.88   0.123  26.319   31.251   99.8  11.73  14.000    0.04885    2.38    2.18    2.84
14-07-2024 21:30:08.71   56.94   0.102  26.266   31.202   99.8  11.74  14.000    0.05329    2.27    2.17    3.04
14-07-2024 21:30:08.96   57.07   0.073  26.296   31.272   99.9  11.75  14.000    0.04367    2.10    2.04    3.39
14-07-2024 21:30:09.20   57.19   0.062  26.302   31.290   99.9  11.75  14.000    0.05107    2.21    2.15    2.81
14-07-2024 21:30:09.45   57.25   0.060  26.303   31.294   99.9  11.75  14.000    0.04219    2.30    1.99    3.23
14-07-2024 21:30:09.69   57.37   0.061  26.304   31.293   99.9  11.75  14.000    0.05995    2.35    2.47    3.20
14-07-2024 21:30:09.93   57.51   0.063  26.304   31.292   99.9  11.75  14.000    0.04515    2.35    2.47    3.20
14-07-2024 21:30:10.18   57.56   0.065  26.303   31.288   99.9  11.75  14.000    0.04737    2.09    2.59    3.04
14-07-2024 21:30:10.43   57.73   0.065  26.303   31.288   99.9  11.75  14.000    0.03849    2.09    2.33    2.87
14-07-2024 21:30:10.67   57.79   0.066  26.304   31.288   99.9  11.75  14.000    0.04811    2.28    1.96    2.93
14-07-2024 21:30:10.92   57.91   0.065  26.303   31.288   99.8  11.74  14.000    0.04589    1.99    2.11    2.94
14-07-2024 21:30:11.17   58.05   0.065  26.304   31.289   99.8  11.74  14.000    0.04959    2.06    2.57    3.05
14-07-2024 21:30:11.41   58.10   0.066  26.303   31.287   99.8  11.74  14.000    0.07772    1.95    2.13    3.08
14-07-2024 21:30:11.66   58.19   0.065  26.303   31.288   99.8  11.74  14.000    0.05403    1.95    2.13    3.08
14-07-2024 21:30:11.91   58.31   0.065  26.304   31.288   99.8  11.74  14.000    0.02591    2.48    1.97    3.02
14-07-2024 21:30:12.15   58.41   0.065  26.303   31.288   99.8  11.74  14.000    0.05699    2.57    2.19    3.03
14-07-2024 21:30:12.40   58.53   0.065  26.303   31.289   99.8  11.74  14.000    0.04737    2.41    2.37    3.13
14-07-2024 21:30:12.64   58.62   0.065  26.304   31.289   99.8  11.74  14.000    0.04663    2.44    2.12    3.02
14-07-2024 21:30:12.89   58.75   0.065  26.304   31.289   99.8  11.74  14.000    0.04811    2.17    2.56    2.84
14-07-2024 21:30:13.13   58.90   0.065  26.305   31.290   99.8  11.73  14.000    0.06809    2.53    2.33    3.05
14-07-2024 21:30:13.38   58.94   0.065  26.306   31.291   99.8  11.73  14.000    0.06069    2.53    2.33    3.05
14-07-2024 21:30:13.62   59.10   0.065  26.306   31.292   99.7  11.73  14.000    0.06365    2.25    2.35    3.11
14-07-2024 21:30:13.87   59.18   0.065  26.306   31.291   99.7  11.73  14.000    0.03775    2.08    2.32    3.23
14-07-2024 21:30:14.11   59.25   0.066  26.306   31.290   99.7  11.73  14.000    0.05699    2.19    2.28    3.11
14-07-2024 21:30:14.36   59.38   0.066  26.306   31.289   99.7  11.73  14.000    0.04441    2.27    2.29    3.18
14-07-2024 21:30:14.60   59.44   0.066  26.305   31.289   99.7  11.73  14.000    0.03405    2.51    2.39    3.05
14-07-2024 21:30:14.86   59.62   0.066  26.307   31.291   99.7  11.73  14.000    0.06291    1.91    2.25    3.24
14-07-2024 21:30:15.10   59.69   0.066  26.305   31.288   99.7  11.73  14.000    0.05773    1.91    2.25    3.24
14-07-2024 21:30:15.35   59.82   0.066  26.299   31.280   99.7  11.72  14.000    0.05847    2.14    2.23    3.29
14-07-2024 21:30:15.60   59.89   0.063  26.295   31.278   99.7  11.73  14.000    0.04515    2.19    2.37    3.21
14-07-2024 21:30:15.84   60.03   0.061  26.296   31.282   99.6  11.72  14.000    0.04811    2.34    2.57    2.84
14-07-2024 21:30:16.09   60.16   0.058  26.292   31.279   99.6  11.72  14.000    0.04071    2.01    2.40    3.09
14-07-2024 21:30:16.33   60.21   0.056  26.287   31.275   99.6  11.72  14.000    0.05403    2.03    2.27    3.11
14-07-2024 21:30:16.58   60.34   0.053  26.294   31.287   99.6  11.72  14.000    0.07698    2.06    1.93    3.18
14-07-2024 21:30:16.82   60.45   0.050  26.299   31.297   99.6  11.72  14.000    0.06735    2.06    1.93    3.18
14-07-2024 21:30:17.08   60.51   0.048  26.301   31.302   99.6  11.72  14.000    0.05551    2.35    2.35    3.24
14-07-2024 21:30:17.31   60.64   0.048  26.302   31.302   99.6  11.73  14.000    0.05477    2.23    2.16    3.37
14-07-2024 21:30:17.56   60.71   0.049  26.301   31.300   99.6  11.72  14.000    0.04293    2.10    2.19    3.02
14-07-2024 21:30:17.80   60.80   0.051  26.307   31.306   99.6  11.72  14.000    0.04811    2.25    2.55    3.30
14-07-2024 21:30:18.05   60.94   0.053  26.307   31.304   99.6  11.72  14.000    0.03775    2.24    2.04    3.29
14-07-2024 21:30:18.29   61.00   0.053  26.315   31.314   99.6  11.72  14.000    0.03035    2.24    2.04    3.29
14-07-2024 21:30:18.54   61.13   0.056  26.338   31.342   99.6  11.72  14.000    0.03627    2.38    2.20    2.99
14-07-2024 21:30:18.79   61.21   0.066  26.346   31.341   99.6  11.71  14.000    0.03923    1.84    2.16    3.14
14-07-2024 21:30:19.04   61.32   0.074  26.351   31.341   99.6  11.71  14.000    0.05551    2.02    2.00    3.00
14-07-2024 21:30:19.28   61.51   0.080  26.353   31.336   99.6  11.71  14.000    0.01850    2.15    2.64    3.14
14-07-2024 21:30:19.53   61.54   0.090  26.357   31.331   99.6  11.70  14.000    0.05477    2.12    1.90    3.21
14-07-2024 21:30:19.77   61.71   0.097  26.358   31.326   99.6  11.70  14.000    0.04515    2.38    2.40    3.07
14-07-2024 21:30:20.02   61.79   0.103  26.343   31.299   99.6  11.70  14.000    0.05403    2.15    2.07    3.01
14-07-2024 21:30:20.26   61.87   0.106  26.333   31.283   99.5  11.69  14.000    0.01998    2.15    2.07    3.01
14-07-2024 21:30:20.51   61.95   0.106  26.331   31.280   99.5  11.69  14.000    0.04885    2.21    2.21    3.02
14-07-2024 21:30:20.75   62.08   0.104  26.325   31.275   99.5  11.69  14.000    0.04071    2.19    2.32    2.71
14-07-2024 21:30:21.00   62.12   0.101  26.313   31.263   99.4  11.69  14.000    0.04145    2.11    2.16    3.09
14-07-2024 21:30:21.24   62.32   0.092  26.304   31.258   99.4  11.69  14.000    0.04071    2.32    2.23    3.52
14-07-2024 21:30:21.49   62.35   0.081  26.311   31.280   99.5  11.69  14.000    0.04219    2.24    2.21    3.24
14-07-2024 21:30:21.73   62.49   0.068  26.308   31.289   99.4  11.70  14.000    0.04589    2.24    2.21    3.24
14-07-2024 21:30:21.98   62.63   0.055  26.322   31.321   99.5  11.70  14.000    0.05181    2.28    2.07    3.05
14-07-2024 21:30:22.23   62.68   0.052  26.327   31.330   99.5  11.71  14.000    0.04959    2.11    1.84    3.03
14-07-2024 21:30:22.48   62.82   0.052  26.333   31.339   99.5  11.71  14.000    0.05107    2.05    2.01    3.01
14-07-2024 21:30:22.72   62.91   0.055  26.340   31.345   99.5  11.71  14.000    0.04145    1.92    2.30    2.93
14-07-2024 21:30:22.97   62.98   0.060  26.353   31.356   99.5  11.70  14.000    0.03701    2.00    2.06    3.10
14-07-2024 21:30:23.22   63.12   0.065  26.349   31.346   99.5  11.70  14.000    0.04959    2.13    2.08    2.84
14-07-2024 21:30:23.46   63.23   0.067  26.336   31.326   99.5  11.70  14.000    0.03997    2.13    2.08    2.84
14-07-2024 21:30:23.71   63.32   0.069  26.332   31.318   99.5  11.70  14.000    0.04737    2.11    2.18    3.01
14-07-2024 21:30:23.95   63.45   0.070  26.341   31.330   99.5  11.70  14.000    0.05995    2.22    1.68    2.89
14-07-2024 21:30:24.20   63.53   0.072  26.339   31.324   99.5  11.70  14.000    0.05773    2.21    2.30    3.03
14-07-2024 21:30:24.44   63.62   0.072  26.337   31.322   99.5  11.70  14.000    0.03923    2.07    2.26    3.09
14-07-2024 21:30:24.69   63.74   0.072  26.343   31.330   99.5  11.69  14.000    0.03997    2.03    2.39    3.09
14-07-2024 21:30:24.93   63.82   0.072  26.344   31.331   99.4  11.69  14.000    0.03701    2.18    2.57    3.08
14-07-2024 21:30:25.18   63.89   0.072  26.344   31.331   99.4  11.69  14.000    0.05181    2.18    2.57    3.08
14-07-2024 21:30:25.42   64.03   0.073  26.343   31.329   99.5  11.69  14.000    0.04145    2.26    2.50    3.12
14-07-2024 21:30:25.67   64.18   0.073  26.344   31.331   99.5  11.69  14.000    0.04959    2.07    1.59    3.23
14-07-2024 21:30:25.92   64.31   0.073  26.359   31.349   99.4  11.69  14.000    0.04811    2.59    1.55    3.25
14-07-2024 21:30:26.16   64.39   0.076  26.357   31.344   99.5  11.69  14.000    0.04293    2.02    2.30    3.15
14-07-2024 21:30:26.41   64.45   0.079  26.352   31.334   99.5  11.69  14.000    0.04811    1.98    1.90    3.10
14-07-2024 21:30:26.66   64.57   0.082  26.361   31.342   99.4  11.69  14.000    0.04293    2.01    1.95    3.18
14-07-2024 21:30:26.90   64.68   0.086  26.358   31.335   99.4  11.69  14.000    0.04367    2.01    1.95    3.18
14-07-2024 21:30:27.15   64.78   0.087  26.330   31.297   99.4  11.69  14.000    0.04811    2.07    1.78    3.32
14-07-2024 21:30:27.39   64.88   0.083  26.318   31.285   99.4  11.68  14.000    0.05773    2.33    2.46    3.21
14-07-2024 21:30:27.64   65.00   0.077  26.364   31.352   99.4  11.68  14.000    0.06291    2.41    2.30    3.26
14-07-2024 21:30:27.88   65.05   0.073  26.363   31.354   99.4  11.69  14.000    0.02887    2.39    1.97    3.17
14-07-2024 21:30:28.14   65.19   0.077  26.361   31.347   99.5  11.69  14.000    0.04293    2.03    2.36    2.98
14-07-2024 21:30:28.37   65.29   0.084  26.384   31.370   99.5  11.69  14.000    0.05107    2.27    1.72    3.07
14-07-2024 21:30:28.62   65.39   0.096  26.391   31.368   99.4  11.68  14.000    0.03997    2.27    1.72    3.07
14-07-2024 21:30:28.86   65.54   0.106  26.393   31.360   99.4  11.68  14.000    0.05403    1.97    2.60    3.06
14-07-2024 21:30:29.11   65.64   0.109  26.392   31.355   99.4  11.68  14.000    0.03183    2.29    2.22    3.11
14-07-2024 21:30:29.35   65.75   0.114  26.393   31.350   99.4  11.68  14.000    0.03849    2.33    2.50    2.86
14-07-2024 21:30:29.60   65.81   0.120  26.395   31.348   99.4  11.67  14.000    0.06735    1.91    2.42    2.99
14-07-2024 21:30:29.85   65.93   0.122  26.398   31.349   99.4  11.67  14.000    0.05699    2.27    2.47    3.06
14-07-2024 21:30:30.10   66.06   0.124  26.396   31.344   99.4  11.67  14.000    0.03849    2.09    2.33    2.88
14-07-2024 21:30:30.34   66.13   0.126  26.395   31.342   99.4  11.67  14.000    0.04737    2.09    2.33    2.88
14-07-2024 21:30:30.59   66.24   0.129  26.408   31.355   99.4  11.67  14.000    0.04367    1.99    1.96    3.16
14-07-2024 21:30:30.84   66.35   0.133  26.413   31.358   99.4  11.67  14.000    0.03627    2.37    2.41    3.18
14-07-2024 21:30:31.08   66.45   0.134  26.410   31.352   99.4  11.67  14.000    0.05033    2.14    2.24    2.69
14-07-2024 21:30:31.33   66.57   0.136  26.402   31.340   99.4  11.67  14.000    0.04885    2.23    2.42    3.14
14-07-2024 21:30:31.57   66.60   0.138  26.402   31.338   99.4  11.67  14.000    0.04589    2.24    2.39    3.05
14-07-2024 21:30:31.82   66.76   0.138  26.406   31.343   99.4  11.67  14.000    0.03479    2.36    2.05    3.34
14-07-2024 21:30:32.06   66.90   0.136  26.405   31.344   99.4  11.67  14.000    0.06217    2.36    2.05    3.34
14-07-2024 21:30:32.31   66.95   0.131  26.397   31.338   99.4  11.67  14.000    0.06069    2.30    2.20    3.18
14-07-2024 21:30:32.55   67.04   0.125  26.400   31.348   99.4  11.67  14.000    0.02739    2.06    2.30    3.30
14-07-2024 21:30:32.80   67.14   0.121  26.401   31.354   99.4  11.67  14.000    0.03331    2.12    1.83    2.97
14-07-2024 21:30:33.04   67.25   0.120  26.402   31.356   99.4  11.67  14.000    0.07846    2.11    2.59    3.19
14-07-2024 21:30:33.29   67.36   0.120  26.399   31.353   99.4  11.67  14.000    0.05699    1.89    2.32    2.95
14-07-2024 21:30:33.54   67.49   0.121  26.406   31.360   99.4  11.67  14.000    0.03257    2.48    2.36    3.10
14-07-2024 21:30:33.79   67.58   0.125  26.418   31.371   99.4  11.67  14.000    0.05995    2.48    2.36    3.10
14-07-2024 21:30:34.03   67.66   0.130  26.427   31.378   99.4  11.67  14.000    0.04959    2.62    2.65    3.29
14-07-2024 21:30:34.28   67.79   0.135  26.429   31.375   99.4  11.67  14.000    0.04959    2.27    2.49    3.15
14-07-2024 21:30:34.52   67.89   0.141  26.423   31.362   99.4  11.66  14.000    0.04293    1.99    2.51    3.10
14-07-2024 21:30:34.77   68.03   0.144  26.423   31.359   99.4  11.66  14.000    0.05625    2.14    2.43    2.85
14-07-2024 21:30:35.01   68.13   0.143  26.425   31.362   99.4  11.66  14.000    0.05033    2.13    2.44    2.87
14-07-2024 21:30:35.26   68.18   0.143  26.416   31.351   99.4  11.67  14.000    0.05995    2.16    1.83    3.13
14-07-2024 21:30:35.50   68.33   0.130  26.388   31.326   99.4  11.67  14.000    0.05625    2.16    1.83    3.13
14-07-2024 21:30:35.75   68.47   0.124  26.381   31.324   99.4  11.67  14.000    0.04663    2.17    2.02    3.09
14-07-2024 21:30:35.99   68.52   0.118  26.391   31.343   99.4  11.67  14.000    0.04737    2.16    1.84    3.18
14-07-2024 21:30:36.24   68.60   0.112  26.401   31.363   99.4  11.67  14.000    0.03405    2.20    1.85    3.18
14-07-2024 21:30:36.48   68.74   0.106  26.375   31.334   99.4  11.68  14.000    0.07624    2.19    2.02    3.38
14-07-2024 21:30:36.73   68.82   0.095  26.366   31.334   99.4  11.68  14.000    0.05625    2.36    1.68    3.22
14-07-2024 21:30:36.98   68.94   0.087  26.365   31.341   99.4  11.68  14.000    0.05773    2.27    1.93    2.90
14-07-2024 21:30:37.22   69.04   0.078  26.364   31.349   99.4  11.68  14.000    0.04811    2.27    1.93    2.90
14-07-2024 21:30:37.47   69.19   0.073  26.362   31.351   99.4  11.68  14.000    0.05329    2.24    2.43    2.84
14-07-2024 21:30:37.72   69.22   0.068  26.369   31.364   99.4  11.68  14.000    0.03035    2.22    1.92    2.91
14-07-2024 21:30:37.96   69.38   0.068  26.365   31.359   99.4  11.68  14.000    0.04441    2.15    1.88    3.23
14-07-2024 21:30:38.21   69.46   0.068  26.366   31.361   99.4  11.68  14.000    0.06069    2.10    2.12    3.11
14-07-2024 21:30:38.46   69.55   0.065  26.370   31.369   99.4  11.68  14.000    0.05551    2.32    2.58    3.02
14-07-2024 21:30:38.70   69.66   0.063  26.361   31.359   99.3  11.68  14.000    0.04293    2.40    2.54    3.60
14-07-2024 21:30:38.94   69.79   0.061  26.359   31.358   99.4  11.68  14.000    0.04885    2.40    2.54    3.60
14-07-2024 21:30:39.20   69.86   0.061  26.358   31.358   99.3  11.68  14.000    0.03849    2.23    2.21    3.13
14-07-2024 21:30:39.44   69.96   0.059  26.358   31.359   99.3  11.68  14.000    0.05329    1.97    2.40    3.07
14-07-2024 21:30:39.68   70.11   0.056  26.392   31.408   99.3  11.68  14.000    0.04367    2.26    2.09    3.13
14-07-2024 21:30:39.93   70.19   0.069  26.450   31.470   99.3  11.67  14.000    0.03331    2.08    2.50    3.07
14-07-2024 21:30:40.17   70.31   0.097  26.491   31.494   99.4  11.66  14.000    0.05773    2.16    2.07    2.81
14-07-2024 21:30:40.42   70.44   0.123  26.516   31.500   99.4  11.66  14.000    0.02443    2.38    2.36    3.21
14-07-2024 21:30:40.67   70.48   0.143  26.521   31.487   99.4  11.65  14.000    0.05699    2.38    2.36    3.21
14-07-2024 21:30:40.91   70.63   0.166  26.527   31.470   99.4  11.65  14.000    0.05255    2.43    2.41    2.81
14-07-2024 21:30:41.16   70.72   0.191  26.516   31.430   99.3  11.64  14.000    0.04367    2.31    2.55    2.84
14-07-2024 21:30:41.41   70.80   0.209  26.495   31.385   99.3  11.63  14.000    0.06069    1.80    2.31    3.02
14-07-2024 21:30:41.65   70.90   0.216  26.489   31.369   99.3  11.62  14.000    0.06217    2.18    2.07    3.06
14-07-2024 21:30:41.90   71.00   0.216  26.487   31.367   99.3  11.62  14.000    0.04367    2.38    2.53    3.05
14-07-2024 21:30:42.14   71.10   0.184  26.437   31.334   99.3  11.64  14.000    0.04441    2.26    1.95    3.20
14-07-2024 21:30:42.39   71.24   0.153  26.396   31.311   99.3  11.65  14.000    0.04737    2.26    1.95    3.20
14-07-2024 21:30:42.63   71.33   0.133  26.390   31.324   99.3  11.65  14.000    0.05255    1.92    1.89    3.16
14-07-2024 21:30:42.88   71.42   0.113  26.382   31.335   99.3  11.66  14.000    0.04885    2.14    2.09    3.05
14-07-2024 21:30:43.12   71.54   0.098  26.376   31.343   99.3  11.66  14.000    0.04071    1.97    2.56    3.10
14-07-2024 21:30:43.37   71.66   0.082  26.373   31.355   99.3  11.67  14.000    0.04885    2.09    2.22    2.85
14-07-2024 21:30:43.61   71.74   0.074  26.376   31.367   99.3  11.67  14.000    0.04441    2.10    2.37    3.01
14-07-2024 21:30:43.86   71.85   0.067  26.382   31.381   99.3  11.67  14.000    0.06217    1.96    2.16    3.01
14-07-2024 21:30:44.10   71.96   0.062  26.386   31.392   99.3  11.68  14.000    0.05477    1.96    2.16    3.01
14-07-2024 21:30:44.36   72.07   0.058  26.378   31.385   99.3  11.68  14.000    0.05551    2.30    2.14    3.16
14-07-2024 21:30:44.60   72.14   0.056  26.398   31.415   99.3  11.68  14.000    0.03775    2.36    2.28    3.12
14-07-2024 21:30:44.85   72.27   0.056  26.399   31.416   99.3  11.68  14.000    0.06809    2.19    2.24    2.73
14-07-2024 21:30:45.10   72.34   0.060  26.398   31.410   99.3  11.68  14.000    0.06439    2.13    2.49    3.17
14-07-2024 21:30:45.34   72.46   0.063  26.403   31.413   99.3  11.67  14.000    0.05107    2.18    2.18    3.19
14-07-2024 21:30:45.59   72.56   0.068  26.405   31.410   99.3  11.67  14.000    0.03701    2.09    2.13    3.39
14-07-2024 21:30:45.83   72.67   0.071  26.418   31.423   99.3  11.67  14.000    0.05255    2.09    2.13    3.39
14-07-2024 21:30:46.08   72.76   0.075  26.403   31.401   99.3  11.67  14.000    0.03923    2.04    2.19    3.31
14-07-2024 21:30:46.32   72.87   0.079  26.413   31.409   99.3  11.67  14.000    0.05181    2.35    2.84    3.28
14-07-2024 21:30:46.57   72.98   0.083  26.415   31.408   99.3  11.67  14.000    0.06217    2.42    2.49    3.16
14-07-2024 21:30:46.81   73.09   0.100  26.441   31.425   99.3  11.66  14.000    0.03553    1.95    2.27    3.45
14-07-2024 21:30:47.06   73.18   0.112  26.457   31.433   99.3  11.65  14.000    0.05403    2.24    2.26    3.18
14-07-2024 21:30:47.30   73.28   0.122  26.459   31.426   99.3  11.65  14.000    0.06291    2.13    2.24    2.95
14-07-2024 21:30:47.55   73.36   0.128  26.453   31.411   99.3  11.65  14.000    0.03923    2.13    2.24    2.95
14-07-2024 21:30:47.79   73.45   0.133  26.444   31.394   99.3  11.65  14.000    0.03997    1.71    2.40    3.15
14-07-2024 21:30:48.05   73.57   0.132  26.479   31.441   99.3  11.65  14.000    0.05403    2.03    2.12    3.11
14-07-2024 21:30:48.29   73.67   0.143  26.512   31.472   99.4  11.65  14.000    0.04071    2.14    2.13    3.19
14-07-2024 21:30:48.54   73.77   0.164  26.500   31.436   99.3  11.64  14.000    0.05403    2.19    2.09    3.22
14-07-2024 21:30:48.78   73.89   0.174  26.488   31.409   99.3  11.64  14.000    0.04811    2.20    1.98    3.12
14-07-2024 21:30:49.03   73.98   0.179  26.490   31.406   99.3  11.64  14.000    0.03849    1.98    1.93    3.13
14-07-2024 21:30:49.27   74.08   0.183  26.528   31.452   99.3  11.63  14.000    0.05477    1.98    1.93    3.13
14-07-2024 21:30:49.52   74.19   0.195  26.542   31.458   99.3  11.63  14.000    0.03405    2.36    2.20    3.14
14-07-2024 21:30:49.77   74.29   0.208  26.546   31.450   99.3  11.63  14.000    0.04589    2.16    2.29    3.65
14-07-2024 21:30:50.02   74.40   0.218  26.545   31.438   99.3  11.63  14.000    0.04441    2.07    2.43    3.14
14-07-2024 21:30:50.26   74.49   0.229  26.542   31.424   99.3  11.62  14.000    0.05255    1.94    2.06    3.15
14-07-2024 21:30:50.50   74.61   0.233  26.540   31.416   99.3  11.62  14.000    0.03479    2.30    2.07    3.17
14-07-2024 21:30:50.75   74.70   0.237  26.537   31.408   99.3  11.62  14.000    0.06735    2.33    2.31    3.02
14-07-2024 21:30:50.99   74.77   0.238  26.535   31.404   99.3  11.62  14.000    0.05403    2.33    2.31    3.02
14-07-2024 21:30:51.24   74.87   0.236  26.536   31.408   99.3  11.62  14.000    0.05033    2.23    2.25    2.83
14-07-2024 21:30:51.48   74.97   0.235  26.536   31.409   99.3  11.62  14.000    0.04737    2.05    2.59    3.18
14-07-2024 21:30:51.73   75.07   0.232  26.538   31.415   99.3  11.62  14.000    0.04441    1.82    1.84    3.25
14-07-2024 21:30:51.98   75.17   0.230  26.542   31.421   99.3  11.62  14.000    0.04959    2.41    2.70    3.05
14-07-2024 21:30:52.23   75.29   0.230  26.539   31.418   99.4  11.63  14.000    0.05403    2.04    2.26    2.93
14-07-2024 21:30:52.47   75.38   0.229  26.542   31.423   99.4  11.63  14.000    0.04589    2.17    2.85    2.83
14-07-2024 21:30:52.72   75.48   0.230  26.553   31.436   99.4  11.63  14.000    0.02813    2.17    2.85    2.83
14-07-2024 21:30:52.96   75.57   0.233  26.559   31.440   99.4  11.63  14.000    0.04367    1.96    2.06    3.05
14-07-2024 21:30:53.21   75.68   0.236  26.559   31.437   99.4  11.63  14.000    0.06291    2.22    2.10    3.07
14-07-2024 21:30:53.45   75.76   0.238  26.560   31.436   99.4  11.63  14.000    0.05921    2.18    2.24    2.92
14-07-2024 21:30:53.70   75.87   0.241  26.564   31.438   99.4  11.63  14.000    0.05625    1.99    2.23    2.82
14-07-2024 21:30:53.94   75.97   0.243  26.567   31.440   99.4  11.63  14.000    0.05847    2.37    2.09    2.81
14-07-2024 21:30:54.19   76.09   0.246  26.568   31.439   99.4  11.63  14.000    0.05255    2.19    2.33    3.27
14-07-2024 21:30:54.43   76.18   0.248  26.568   31.437   99.4  11.63  14.000    0.04219    2.19    2.33    3.27
14-07-2024 21:30:54.68   76.25   0.250  26.567   31.434   99.5  11.63  14.000    0.05921    2.21    2.42    2.76
14-07-2024 21:30:54.92   76.34   0.250  26.569   31.436   99.5  11.63  14.000    0.04885    2.09    2.66    2.95
14-07-2024 21:30:55.17   76.42   0.251  26.571   31.437   99.5  11.63  14.000    0.05181    2.18    2.07    3.09
14-07-2024 21:30:55.42   76.58   0.252  26.573   31.438   99.5  11.63  14.000    0.04367    2.22    2.60    3.22
14-07-2024 21:30:55.66   76.63   0.253  26.575   31.440   99.5  11.63  14.000    0.05625    2.16    2.33    3.29
14-07-2024 21:30:55.91   76.78   0.254  26.577   31.443   99.5  11.63  14.000    0.06957    1.82    2.19    3.33
14-07-2024 21:30:56.16   76.84   0.255  26.580   31.445   99.5  11.64  14.000    0.04663    1.82    2.19    3.33
14-07-2024 21:30:56.40   76.91   0.256  26.580   31.444   99.5  11.64  14.000    0.05181    2.10    2.32    3.37
14-07-2024 21:30:56.65   77.03   0.257  26.581   31.444   99.5  11.64  14.000    0.04441    2.09    1.98    2.81
14-07-2024 21:30:56.89   77.13   0.258  26.582   31.444   99.5  11.64  14.000    0.05995    2.20    2.27    3.19
14-07-2024 21:30:57.14   77.26   0.258  26.582   31.443   99.6  11.64  14.000    0.05255    1.82    1.93    3.16
14-07-2024 21:30:57.38   77.33   0.259  26.583   31.444   99.6  11.64  14.000    0.04293    2.13    2.17    3.10
14-07-2024 21:30:57.63   77.40   0.259  26.586   31.447   99.6  11.64  14.000    0.04589    2.01    2.52    3.08
14-07-2024 21:30:57.87   77.51   0.260  26.586   31.446   99.6  11.64  14.000    0.04811    2.01    2.52    3.08
14-07-2024 21:30:58.12   77.61   0.260  26.587   31.448   99.6  11.64  14.000    0.05107    1.77    2.61    3.45
14-07-2024 21:30:58.36   77.73   0.261  26.587   31.447   99.6  11.64  14.000    0.06661    1.84    2.20    3.04
14-07-2024 21:30:58.61   77.83   0.260  26.587   31.447   99.6  11.64  14.000    0.04515    2.30    2.29    3.01
14-07-2024 21:30:58.86   77.89   0.260  26.587   31.448   99.6  11.65  14.000    0.05403    2.02    2.24    3.29
14-07-2024 21:30:59.11   78.04   0.259  26.588   31.450   99.6  11.65  14.000    0.03997    2.17    2.23    3.19
14-07-2024 21:30:59.35   78.13   0.258  26.589   31.453   99.7  11.65  14.000    0.04441    2.17    2.35    2.87
14-07-2024 21:30:59.60   78.25   0.257  26.589   31.453   99.7  11.65  14.000    0.05181    2.17    2.35    2.87
14-07-2024 21:30:59.85   78.33   0.257  26.589   31.454   99.7  11.65  14.000    0.04367    1.99    1.92    3.26
14-07-2024 21:31:00.09   78.43   0.255  26.590   31.456   99.7  11.65  14.000    0.04885    2.04    2.36    3.28
14-07-2024 21:31:00.34   78.54   0.256  26.590   31.455   99.7  11.65  14.000    0.04367    1.94    2.06    3.09
14-07-2024 21:31:00.58   78.58   0.255  26.589   31.456   99.7  11.65  14.000    0.04367    2.14    2.32    3.26
14-07-2024 21:31:00.83   78.73   0.255  26.590   31.456   99.7  11.66  14.000    0.04737    2.22    2.15    2.82
14-07-2024 21:31:01.08   78.78   0.254  26.591   31.458   99.7  11.66  14.000    0.06217    1.97    2.14    3.06
14-07-2024 21:31:01.32   78.91   0.253  26.592   31.460   99.7  11.66  14.000    0.06513    1.97    2.14    3.06
14-07-2024 21:31:01.56   79.01   0.253  26.592   31.461   99.7  11.66  14.000    0.05551    2.08    2.34    3.05
14-07-2024 21:31:01.81   79.03   0.252  26.591   31.460   99.7  11.66  14.000    0.04145    2.28    2.23    2.99
14-07-2024 21:31:02.05   79.19   0.251  26.593   31.464   99.7  11.66  14.000    0.04515    2.38    2.33    3.24
14-07-2024 21:31:02.30   79.26   0.251  26.596   31.469   99.7  11.66  14.000    0.04885    2.05    2.52    3.37
14-07-2024 21:31:02.54   79.35   0.251  26.596   31.469   99.7  11.66  14.000    0.04589    2.28    2.19    3.05
14-07-2024 21:31:02.79   79.52   0.251  26.596   31.468   99.7  11.66  14.000    0.05699    2.28    2.19    3.05
14-07-2024 21:31:03.04   79.54   0.251  26.597   31.469   99.8  11.66  14.000    0.05921    2.19    2.03    2.95
14-07-2024 21:31:03.29   79.66   0.252  26.596   31.468   99.7  11.66  14.000    0.03775    2.26    2.12    3.03
14-07-2024 21:31:03.53   79.78   0.252  26.597   31.469   99.8  11.66  14.000    0.05773    2.03    2.60    3.07
14-07-2024 21:31:03.78   79.87   0.252  26.597   31.468   99.8  11.66  14.000    0.04885    2.28    2.08    2.88
14-07-2024 21:31:04.03   79.91   0.253  26.598   31.468   99.8  11.66  14.000    0.04293    2.22    2.05    2.90
14-07-2024 21:31:04.27   79.99   0.253  26.597   31.468   99.8  11.66  14.000    0.03257    2.09    2.28    3.32
14-07-2024 21:31:04.51   80.07   0.252  26.597   31.468   99.8  11.66  14.000    0.06291    2.09    2.28    3.32
14-07-2024 21:31:04.76   80.19   0.252  26.599   31.470   99.8  11.66  14.000    0.04885    2.20    2.42    3.05
14-07-2024 21:31:05.00   80.33   0.251  26.600   31.473   99.8  11.66  14.000    0.06809    2.01    1.67    3.14
14-07-2024 21:31:05.25   80.40   0.252  26.604   31.477   99.8  11.66  14.000    0.04367    2.19    2.62    3.13
14-07-2024 21:31:05.49   80.50   0.252  26.603   31.476   99.8  11.67  14.000    0.04959    2.16    2.53    2.94
14-07-2024 21:31:05.74   80.66   0.252  26.603   31.476   99.8  11.67  14.000    0.05625    1.87    2.46    3.32
14-07-2024 21:31:05.99   80.68   0.252  26.602   31.474   99.8  11.67  14.000    0.04885    2.46    2.24    2.87
14-07-2024 21:31:06.23   80.75   0.253  26.606   31.479   99.8  11.67  14.000    0.05773    2.46    2.24    2.87
14-07-2024 21:31:06.48   80.92   0.252  26.607   31.481   99.8  11.67  14.000    0.04811    2.07    2.39    3.33
14-07-2024 21:31:06.73   81.03   0.253  26.606   31.479   99.8  11.67  14.000    0.05921    2.11    2.54    3.31
14-07-2024 21:31:06.98   81.10   0.253  26.608   31.481   99.8  11.67  14.000    0.03775    1.73    2.51    2.98
14-07-2024 21:31:07.22   81.27   0.253  26.606   31.479   99.8  11.67  14.000    0.05847    2.40    2.18    3.37
14-07-2024 21:31:07.47   81.31   0.253  26.606   31.478   99.8  11.67  14.000    0.05847    2.19    2.19    3.17
14-07-2024 21:31:07.71   81.47   0.254  26.607   31.478   99.8  11.67  14.000    0.04663    2.06    2.15    3.17
14-07-2024 21:31:07.96   81.46   0.254  26.608   31.480   99.8  11.67  14.000    0.05995    2.06    2.15    3.17
14-07-2024 21:31:08.20   81.65   0.254  26.608   31.480   99.8  11.67  14.000    0.05033    2.09    2.29    3.12
14-07-2024 21:31:08.45   81.66   0.253  26.607   31.479   99.8  11.67  14.000    0.06069    2.07    2.00    3.45
14-07-2024 21:31:08.69   81.86   0.254  26.609   31.481   99.8  11.67  14.000    0.05255    2.20    2.59    3.21
14-07-2024 21:31:08.94   81.98   0.254  26.609   31.481   99.8  11.67  14.000    0.05551    2.08    2.68    3.15
14-07-2024 21:31:09.18   82.04   0.254  26.609   31.481   99.8  11.67  14.000    0.04219    1.94    1.80    3.12
14-07-2024 21:31:09.43   82.07   0.253  26.609   31.482   99.8  11.67  14.000    0.03997    2.16    2.10    2.92
14-07-2024 21:31:09.67   82.13   0.253  26.610   31.483   99.8  11.67  14.000    0.05847    2.16    2.10    2.92
14-07-2024 21:31:09.92   82.29   0.254  26.610   31.482   99.9  11.67  14.000    0.05107    1.65    2.58    3.10
14-07-2024 21:31:10.17   82.36   0.253  26.610   31.482   99.8  11.67  14.000    0.07920    1.95    1.86    2.78
14-07-2024 21:31:10.42   82.49   0.254  26.610   31.483   99.9  11.67  14.000    0.05403    2.28    2.04    3.10
14-07-2024 21:31:10.67   82.63   0.254  26.610   31.481   99.9  11.67  14.000    0.06069    2.24    2.04    2.80
14-07-2024 21:31:10.91   82.71   0.254  26.610   31.482   99.9  11.67  14.000    0.05625    2.37    2.43    3.41
14-07-2024 21:31:11.15   82.90   0.253  26.610   31.482   99.9  11.67  14.000    0.05625    2.23    2.40    3.02
14-07-2024 21:31:11.40   82.91   0.253  26.609   31.482   99.9  11.67  14.000    0.05477    2.23    2.40    3.02
14-07-2024 21:31:11.65   83.04   0.252  26.610   31.483   99.9  11.67  14.000    0.05773    1.98    2.15    3.47
14-07-2024 21:31:11.89   83.23   0.252  26.610   31.484   99.9  11.67  14.000    0.06365    2.09    2.41    3.16
14-07-2024 21:31:12.14   83.18   0.252  26.611   31.485   99.9  11.67  14.000    0.06217    1.93    2.32    3.14
14-07-2024 21:31:12.38   83.41   0.252  26.611   31.485   99.9  11.67  14.000    0.04737    1.94    1.93    3.27
14-07-2024 21:31:12.63   83.50   0.251  26.612   31.487   99.9  11.68  14.000    0.04367    2.09    2.22    2.85
14-07-2024 21:31:12.87   83.59   0.251  26.612   31.486   99.9  11.67  14.000    0.04367    1.93    2.37    3.09
14-07-2024 21:31:13.12   83.58   0.251  26.612   31.487   99.9  11.68  14.000    0.04293    1.93    2.37    3.09
14-07-2024 21:31:13.36   83.75   0.250  26.612   31.488   99.9  11.67  14.000    0.04885    2.27    2.64    2.90
14-07-2024 21:31:13.61   83.77   0.250  26.612   31.488   99.9  11.68  14.000    0.05773    2.17    1.84    3.51
14-07-2024 21:31:13.86   83.98   0.250  26.611   31.486   99.9  11.68  14.000    0.06069    2.16    2.25    2.91
14-07-2024 21:31:14.10   84.10   0.248  26.610   31.487   99.9  11.68  14.000    0.03701    1.98    2.21    3.19
14-07-2024 21:31:14.35   84.21   0.246  26.611   31.490   99.9  11.68  14.000    0.05255    1.86    2.23    3.22
14-07-2024 21:31:14.60   84.16   0.244  26.611   31.492   99.9  11.68  14.000    0.04367    1.84    2.10    3.04
14-07-2024 21:31:14.84   84.37   0.241  26.610   31.494   99.9  11.68  14.000    0.05477    1.84    2.10    3.04
14-07-2024 21:31:15.09   84.47   0.240  26.611   31.497   99.9  11.68  14.000    0.05255    2.23    2.58    2.97
14-07-2024 21:31:15.33   84.53   0.237  26.611   31.499   99.9  11.68  14.000    0.05403    2.03    1.95    2.97
14-07-2024 21:31:15.58   84.58   0.235  26.611   31.501   99.9  11.68  14.000    0.03479    2.32    2.33    3.03
14-07-2024 21:31:15.82   84.81   0.231  26.611   31.505   99.9  11.68  14.000    0.05773    2.00    2.00    3.33
14-07-2024 21:31:16.07   84.76   0.230  26.610   31.505   99.9  11.68  14.000    0.04367    2.42    1.93    3.20
14-07-2024 21:31:16.31   84.93   0.228  26.607   31.503   99.9  11.68  14.000    0.04663    1.96    2.33    2.91
14-07-2024 21:31:16.56   85.00   0.226  26.606   31.503   99.9  11.68  14.000    0.05181    1.96    2.33    2.91
14-07-2024 21:31:16.80   85.06   0.224  26.606   31.505   99.9  11.68  14.000    0.04293    2.26    2.63    3.38
14-07-2024 21:31:17.05   85.22   0.225  26.605   31.504   99.9  11.68  14.000    0.05477    1.93    2.34    3.23
14-07-2024 21:31:17.29   85.39   0.223  26.606   31.506   99.9  11.68  14.000    0.04885    1.90    1.95    3.15
14-07-2024 21:31:17.55   85.45   0.223  26.605   31.505   99.9  11.68  14.000    0.05921    2.03    2.62    3.06
14-07-2024 21:31:17.79   85.61   0.221  26.604   31.506   99.9  11.68  14.000    0.05403    2.21    2.47    3.37
14-07-2024 21:31:18.04   85.55   0.220  26.604   31.506   99.9  11.68  14.000    0.04219    2.11    2.17    2.99
14-07-2024 21:31:18.28   85.78   0.219  26.603   31.506   99.9  11.68  14.000    0.06143    2.11    2.17    2.99
14-07-2024 21:31:18.53   85.76   0.218  26.604   31.509   99.9  11.68  14.000    0.05181    2.22    2.33    3.24
14-07-2024 21:31:18.78   85.85   0.218  26.604   31.509   99.9  11.68  14.000    0.05107    2.19    2.20    3.17
14-07-2024 21:31:19.02   86.01   0.217  26.605   31.511   99.9  11.68  14.000    0.05625    2.17    2.04    3.08
14-07-2024 21:31:19.27   86.03   0.216  26.604   31.510   99.9  11.68  14.000    0.05551    2.34    1.85    3.23
14-07-2024 21:31:19.51   86.15   0.216  26.604   31.511   99.8  11.68  14.000    0.06513    1.99    1.98    3.13
14-07-2024 21:31:19.76   86.34   0.214  26.604   31.512   99.8  11.68  14.000    0.04293    2.44    2.40    3.07
14-07-2024 21:31:20.00   86.37   0.214  26.603   31.511   99.8  11.68  14.000    0.05773    2.44    2.40    3.07
14-07-2024 21:31:20.25   86.40   0.213  26.602   31.512   99.8  11.68  14.000    0.04441    2.23    1.97    3.08
14-07-2024 21:31:20.49   86.51   0.211  26.603   31.514   99.8  11.68  14.000    0.04663    2.13    2.05    2.98
14-07-2024 21:31:20.74   86.68   0.210  26.602   31.515   99.8  11.68  14.000    0.05107    1.88    2.69    2.86
14-07-2024 21:31:20.98   86.79   0.209  26.603   31.515   99.8  11.68  14.000    0.05551    2.20    2.32    3.39
14-07-2024 21:31:21.23   86.82   0.208  26.603   31.518   99.8  11.68  14.000    0.06291    1.79    2.24    3.17
14-07-2024 21:31:21.48   86.99   0.207  26.603   31.517   99.8  11.68  14.000    0.05255    2.19    2.41    2.91
14-07-2024 21:31:21.72   87.17   0.207  26.604   31.519   99.8  11.68  14.000    0.05625    2.19    2.41    2.91
14-07-2024 21:31:21.97   87.10   0.206  26.605   31.521   99.8  11.68  14.000    0.06291    1.86    1.87    3.23
14-07-2024 21:31:22.22   87.25   0.206  26.608   31.525   99.8  11.68  14.000    0.04441    2.04    2.40    3.15
14-07-2024 21:31:22.46   87.31   0.206  26.608   31.526   99.8  11.68  14.000    0.04885    2.24    2.08    2.95
14-07-2024 21:31:22.71   87.53   0.207  26.607   31.523   99.8  11.68  14.000    0.06661    1.99    1.95    3.03
14-07-2024 21:31:22.95   87.65   0.207  26.611   31.529   99.8  11.67  14.000    0.04811    2.19    1.89    3.27
14-07-2024 21:31:23.20   87.69   0.208  26.613   31.530   99.7  11.67  14.000    0.03775    2.35    2.36    3.05
14-07-2024 21:31:23.47   87.64   0.209  26.614   31.529   99.8  11.67  14.000    0.03701    2.22    2.23    3.01
14-07-2024 21:31:23.69   87.89   0.210  26.615   31.530   99.7  11.67  14.000    0.05773    2.22    2.23    3.01
14-07-2024 21:31:23.93   88.05   0.210  26.616   31.532   99.7  11.67  14.000    0.05625    1.89    2.55    3.18
14-07-2024 21:31:24.18   88.03   0.212  26.617   31.531   99.7  11.67  14.000    0.05551    2.06    2.52    2.90
14-07-2024 21:31:24.42   88.15   0.212  26.619   31.533   99.7  11.67  14.000    0.06661    2.06    2.09    2.89
14-07-2024 21:31:24.67   88.37   0.213  26.620   31.534   99.7  11.66  14.000    0.05255    1.92    2.51    2.82
14-07-2024 21:31:24.92   88.44   0.213  26.621   31.535   99.7  11.66  14.000    0.05033    1.89    2.09    3.18
14-07-2024 21:31:25.16   88.36   0.213  26.621   31.534   99.7  11.66  14.000    0.03997    1.89    2.09    3.18
14-07-2024 21:31:25.41   88.68   0.212  26.622   31.537   99.7  11.66  14.000    0.06513    2.11    2.26    3.16
14-07-2024 21:31:25.66   88.77   0.212  26.622   31.536   99.7  11.66  14.000    0.05699    2.06    2.45    3.10
14-07-2024 21:31:25.90   88.81   0.212  26.620   31.534   99.7  11.66  14.000    0.05699    2.29    2.04    3.19
14-07-2024 21:31:26.15   88.78   0.211  26.620   31.535   99.7  11.66  14.000    0.06069    1.86    2.12    3.20
14-07-2024 21:31:26.40   89.04   0.211  26.620   31.536   99.7  11.66  14.000    0.06069    1.92    2.14    2.95
14-07-2024 21:31:26.64   89.18   0.209  26.620   31.538   99.7  11.66  14.000    0.06291    2.06    2.52    3.39
14-07-2024 21:31:26.88   89.32   0.209  26.621   31.538   99.6  11.66  14.000    0.04367    2.06    2.52    3.39
14-07-2024 21:31:27.13   89.36   0.207  26.621   31.540   99.6  11.66  14.000    0.04219    1.95    2.50    3.13
14-07-2024 21:31:27.38   89.42   0.207  26.621   31.540   99.6  11.66  14.000    0.04589    2.20    2.30    2.71
14-07-2024 21:31:27.62   89.38   0.207  26.621   31.540   99.6  11.66  14.000    0.05625    1.94    2.28    3.04
14-07-2024 21:31:27.87   89.70   0.207  26.622   31.541   99.6  11.66  14.000    0.05181    2.08    2.01    2.98
14-07-2024 21:31:28.11   89.65   0.206  26.620   31.540   99.6  11.66  14.000    0.03627    1.99    2.52    2.99
14-07-2024 21:31:28.36   89.73   0.205  26.619   31.539   99.6  11.66  14.000    0.07550    2.10    2.36    2.83
14-07-2024 21:31:28.61   89.83   0.204  26.619   31.541   99.6  11.66  14.000    0.05625    2.10    2.36    2.83
14-07-2024 21:31:28.85   89.99   0.203  26.621   31.544   99.6  11.66  14.000    0.06365    2.21    2.21    3.13
14-07-2024 21:31:29.10   90.22   0.202  26.623   31.548   99.6  11.66  14.000    0.05699    2.34    2.15    3.25
14-07-2024 21:31:29.35   90.20   0.202  26.625   31.550   99.7  11.66  14.000    0.06143    2.33    2.24    2.90
14-07-2024 21:31:29.59   90.21   0.202  26.622   31.546   99.6  11.66  14.000    0.06809    1.96    2.09    3.17
14-07-2024 21:31:29.84   90.30   0.202  26.622   31.545   99.6  11.66  14.000    0.03775    2.09    2.29    3.26
14-07-2024 21:31:30.08   90.63   0.202  26.620   31.543   99.7  11.66  14.000    0.04145    2.06    2.30    3.12
14-07-2024 21:31:30.33   90.50   0.200  26.619   31.544   99.6  11.66  14.000    0.03627    2.06    2.30    3.12
14-07-2024 21:31:30.57   90.71   0.197  26.616   31.542   99.6  11.66  14.000    0.04737    2.26    2.26    2.90
14-07-2024 21:31:30.82   90.90   0.195  26.615   31.544   99.6  11.66  14.000    0.04441    1.95    2.21    3.00
14-07-2024 21:31:31.06   91.02   0.192  26.615   31.547   99.6  11.66  14.000    0.05107    2.34    2.24    2.92
14-07-2024 21:31:31.31   91.11   0.189  26.615   31.549   99.6  11.66  14.000    0.03849    2.02    2.20    3.09
14-07-2024 21:31:31.55   91.11   0.188  26.615   31.552   99.6  11.66  14.000    0.04663    2.17    2.15    3.14
14-07-2024 21:31:31.80   91.15   0.186  26.617   31.556   99.6  11.66  14.000    0.06439    2.07    1.64    2.88
14-07-2024 21:31:32.04   91.45   0.185  26.621   31.562   99.6  11.66  14.000    0.03701    2.07    1.64    2.88
14-07-2024 21:31:32.29   91.44   0.185  26.621   31.561   99.6  11.66  14.000    0.05403    2.31    2.51    3.37
14-07-2024 21:31:32.54   91.63   0.184  26.621   31.562   99.6  11.66  14.000    0.05847    1.75    1.97    3.07
14-07-2024 21:31:32.79   91.69   0.184  26.621   31.563   99.6  11.66  14.000    0.04737    2.12    2.24    3.30
14-07-2024 21:31:33.03   91.83   0.185  26.623   31.564   99.6  11.66  14.000    0.05699    2.04    2.25    2.79
14-07-2024 21:31:33.28   91.71   0.185  26.623   31.564   99.6  11.66  14.000    0.04811    2.25    1.93    3.28
14-07-2024 21:31:33.52   92.07   0.184  26.623   31.565   99.6  11.66  14.000    0.07698    2.36    2.56    3.02
14-07-2024 21:31:33.77   92.07   0.183  26.623   31.566   99.6  11.66  14.000    0.05625    2.36    2.56    3.02
14-07-2024 21:31:34.02   92.13   0.183  26.624   31.567   99.6  11.66  14.000    0.04441    2.25    2.37    3.12
14-07-2024 21:31:34.26   92.33   0.183  26.623   31.566   99.6  11.66  14.000    0.05329    1.93    2.36    3.14
14-07-2024 21:31:34.50   92.42   0.183  26.623   31.566   99.6  11.66  14.000    0.05847    2.13    2.07    3.11
14-07-2024 21:31:34.75   92.34   0.182  26.624   31.568   99.6  11.66  14.000    0.06957    2.35    2.32    3.13
14-07-2024 21:31:34.99   92.56   0.182  26.624   31.568   99.6  11.66  14.000    0.04293    2.11    2.77    3.12
14-07-2024 21:31:35.24   92.79   0.181  26.625   31.570   99.6  11.66  14.000    0.04145    2.26    2.47    3.03
14-07-2024 21:31:35.48   92.87   0.181  26.625   31.570   99.6  11.66  14.000    0.04811    2.26    2.47    3.03
14-07-2024 21:31:35.73   92.99   0.180  26.625   31.571   99.6  11.66  14.000    0.05033    2.07    2.18    3.09
14-07-2024 21:31:35.98   92.94   0.180  26.624   31.570   99.6  11.66  14.000    0.04737    1.87    1.88    3.05
14-07-2024 21:31:36.23   93.11   0.180  26.624   31.570   99.6  11.66  14.000    0.04885    2.23    2.38    2.97
14-07-2024 21:31:36.48   93.11   0.179  26.623   31.570   99.6  11.65  14.000    0.04367    1.99    2.37    2.90
14-07-2024 21:31:36.72   93.13   0.179  26.623   31.571   99.6  11.65  14.000    0.05773    2.22    2.23    3.06
14-07-2024 21:31:36.97   93.26   0.177  26.624   31.573   99.6  11.65  14.000    0.08068    2.00    2.39    3.29
14-07-2024 21:31:37.21   93.34   0.176  26.624   31.574   99.6  11.65  14.000    0.05403    2.00    2.39    3.29
14-07-2024 21:31:37.46   93.67   0.176  26.624   31.573   99.5  11.65  14.000    0.05181    2.31    2.02    2.96
14-07-2024 21:31:37.70   93.56   0.175  26.625   31.576   99.6  11.65  14.000    0.05329    1.88    2.78    3.21
14-07-2024 21:31:37.95   93.74   0.173  26.624   31.577   99.5  11.65  14.000    0.05329    2.03    2.51    3.09
14-07-2024 21:31:38.19   93.76   0.173  26.625   31.578   99.6  11.65  14.000    0.04589    2.12    2.06    3.32
14-07-2024 21:31:38.44   93.97   0.172  26.624   31.577   99.6  11.65  14.000    0.05107    2.01    2.19    3.29
14-07-2024 21:31:38.68   94.02   0.171  26.623   31.577   99.5  11.65  14.000    0.04885    2.01    2.19    3.29
14-07-2024 21:31:38.93   94.22   0.170  26.623   31.579   99.5  11.65  14.000    0.04885    1.84    2.23    3.11
14-07-2024 21:31:39.17   94.19   0.169  26.624   31.580   99.5  11.65  14.000    0.05255    2.13    2.22    2.97
14-07-2024 21:31:39.42   94.25   0.169  26.621   31.577   99.5  11.65  14.000    0.06069    2.60    2.02    3.18
14-07-2024 21:31:39.67   94.41   0.168  26.623   31.580   99.5  11.65  14.000    0.04441    2.03    2.47    3.05
14-07-2024 21:31:39.92   94.50   0.168  26.621   31.578   99.5  11.65  14.000    0.05255    2.23    2.30    2.88
14-07-2024 21:31:40.17   94.57   0.166  26.621   31.580   99.5  11.65  14.000    0.05625    2.28    2.18    3.18
14-07-2024 21:31:40.41   94.90   0.163  26.620   31.581   99.5  11.65  14.000    0.06735    2.03    2.72    3.02
14-07-2024 21:31:40.65   94.82   0.161  26.619   31.582   99.5  11.65  14.000    0.05847    2.03    2.72    3.02
14-07-2024 21:31:40.90   94.87   0.160  26.619   31.582   99.5  11.65  14.000    0.06809    2.23    1.99    2.98
14-07-2024 21:31:41.15   95.00   0.159  26.618   31.582   99.5  11.65  14.000    0.04737    2.00    2.16    3.25
14-07-2024 21:31:41.39   95.25   0.155  26.621   31.590   99.5  11.65  14.000    0.03997    2.10    2.12    2.94
14-07-2024 21:31:41.64   95.39   0.152  26.619   31.591   99.5  11.65  14.000    0.05995    1.97    2.32    3.33
14-07-2024 21:31:41.88   95.38   0.151  26.619   31.592   99.5  11.65  14.000    0.05329    2.01    1.88    2.90
14-07-2024 21:31:42.12   95.46   0.150  26.620   31.594   99.5  11.65  14.000    0.04589    2.01    1.88    2.90
14-07-2024 21:31:42.37   95.64   0.149  26.620   31.595   99.5  11.65  14.000    0.06513    2.11    2.39    2.83
14-07-2024 21:31:42.62   95.85   0.147  26.619   31.596   99.5  11.65  14.000    0.08216    2.03    1.75    3.25
14-07-2024 21:31:42.86   95.95   0.146  26.619   31.597   99.5  11.65  14.000    0.05329    2.16    2.03    3.19
14-07-2024 21:31:43.11   95.86   0.145  26.619   31.597   99.5  11.65  14.000    0.05255    2.23    2.13    2.87
14-07-2024 21:31:43.36   96.03   0.145  26.620   31.599   99.5  11.65  14.000    0.05847    2.10    2.57    3.11
14-07-2024 21:31:43.60   96.04   0.144  26.619   31.598   99.4  11.65  14.000    0.03997    1.89    2.14    3.37
14-07-2024 21:31:43.85   96.27   0.142  26.617   31.598   99.5  11.65  14.000    0.05921    2.22    2.17    3.19
14-07-2024 21:31:44.10   96.49   0.139  26.616   31.600   99.5  11.65  14.000    0.05181    2.22    2.17    3.19
14-07-2024 21:31:44.34   96.52   0.136  26.617   31.604   99.4  11.65  14.000    0.04367    2.01    2.38    3.22
14-07-2024 21:31:44.59   96.46   0.136  26.617   31.604   99.4  11.65  14.000    0.05329    2.20    1.35    3.37
14-07-2024 21:31:44.83   96.71   0.135  26.618   31.606   99.4  11.65  14.000    0.05329    1.97    2.38    3.09
14-07-2024 21:31:45.08   96.64   0.133  26.618   31.609   99.4  11.65  14.000    0.04293    2.21    2.38    3.12
14-07-2024 21:31:45.32   96.78   0.133  26.619   31.609   99.4  11.65  14.000    0.04293    2.03    2.21    3.01
14-07-2024 21:31:45.57   96.92   0.132  26.618   31.610   99.4  11.65  14.000    0.05181    2.03    2.21    3.01
14-07-2024 21:31:45.81   96.98   0.131  26.618   31.610   99.4  11.65  14.000    0.03257    1.92    2.07    3.17
14-07-2024 21:31:46.06   97.08   0.130  26.617   31.611   99.4  11.65  14.000    0.06735    2.30    2.13    3.21
14-07-2024 21:31:46.30   97.16   0.129  26.616   31.609   99.4  11.65  14.000    0.04071    2.03    2.23    3.23
14-07-2024 21:31:46.55   97.49   0.127  26.614   31.608   99.4  11.64  14.000    0.04293    2.30    2.23    3.13
14-07-2024 21:31:46.79   97.54   0.126  26.613   31.608   99.4  11.64  14.000    0.05625    1.84    2.19    2.93
14-07-2024 21:31:47.05   97.47   0.123  26.616   31.615   99.3  11.64  14.000    0.04071    2.19    2.33    3.13
14-07-2024 21:31:47.29   97.61   0.120  26.611   31.612   99.4  11.64  14.000    0.03035    2.19    2.33    3.13
14-07-2024 21:31:47.54   97.76   0.116  26.610   31.615   99.4  11.65  14.000    0.04663    2.23    2.14    3.72
14-07-2024 21:31:47.78   97.76   0.113  26.610   31.617   99.3  11.64  14.000    0.05847    1.50    2.13    3.29
14-07-2024 21:31:48.03   98.03   0.111  26.611   31.621   99.3  11.64  14.000    0.03849    2.34    2.06    3.34
14-07-2024 21:31:48.28   98.12   0.113  26.611   31.619   99.3  11.64  14.000    0.05107    2.20    2.57    2.92
14-07-2024 21:31:48.52   98.30   0.111  26.609   31.619   99.3  11.64  14.000    0.05625    2.31    2.13    2.86
14-07-2024 21:31:48.77   98.30   0.108  26.608   31.621   99.3  11.64  14.000    0.05403    2.21    1.69    3.35
14-07-2024 21:31:49.01   98.39   0.104  26.608   31.624   99.3  11.64  14.000    0.05699    2.21    1.69    3.35
14-07-2024 21:31:49.26   98.62   0.104  26.608   31.625   99.2  11.63  14.000    0.03701    2.29    2.50    3.39
14-07-2024 21:31:49.50   98.56   0.101  26.608   31.627   99.2  11.63  14.000    0.05477    2.12    2.37    3.16
14-07-2024 21:31:49.74   98.58   0.099  26.606   31.628   99.2  11.63  14.000    0.05329    2.24    2.28    2.87
14-07-2024 21:31:49.99   98.92   0.097  26.611   31.635   99.2  11.63  14.000    0.03997    2.31    2.25    3.13
14-07-2024 21:31:50.24   98.94   0.095  26.608   31.633   99.2  11.63  14.000    0.04071    2.05    1.90    2.95
14-07-2024 21:31:50.48   99.07   0.092  26.607   31.635   99.2  11.63  14.000    0.04737    1.83    2.34    3.31
14-07-2024 21:31:50.73   99.25   0.089  26.606   31.636   99.2  11.63  14.000    0.04959    1.83    2.34    3.31
14-07-2024 21:31:50.98   99.08   0.089  26.601   31.630   99.1  11.63  14.000    0.04367    1.85    2.31    3.27
14-07-2024 21:31:51.23   99.42   0.085  26.606   31.640   99.1  11.62  14.000    0.06957    2.08    2.21    3.29
14-07-2024 21:31:51.47   99.46   0.083  26.603   31.639   99.1  11.62  14.000    0.04737    1.95    1.89    3.13
14-07-2024 21:31:51.72   99.46   0.080  26.604   31.643   99.1  11.62  14.000    0.05773    2.09    2.18    3.00
14-07-2024 21:31:51.96   99.57   0.079  26.604   31.645   99.1  11.62  14.000    0.04589    2.41    2.16    3.03
14-07-2024 21:31:52.21   99.81   0.073  26.608   31.654   99.1  11.62  14.000    0.05181    2.02    2.24    3.23
14-07-2024 21:31:52.45   99.68   0.071  26.608   31.658   99.0  11.62  14.000    0.05921    2.02    2.24    3.23
14-07-2024 21:31:52.70  100.02   0.070  26.612   31.664   99.0  11.61  14.000    0.04885    2.13    2.06    3.07
14-07-2024 21:31:52.94   99.89   0.068  26.609   31.662   99.0  11.61  14.000    0.05625    2.00    1.96    2.92
14-07-2024 21:31:53.19   99.96   0.066  26.611   31.667   98.9  11.61  14.000    0.06439    2.08    2.27    2.85
14-07-2024 21:31:53.43  100.08   0.064  26.612   31.670   98.9  11.61  14.000    0.05477    1.80    2.77    2.92
14-07-2024 21:31:53.68  100.44   0.062  26.615   31.676   98.9  11.60  14.000    0.04959    2.30    2.00    3.12
14-07-2024 21:31:53.92  100.27   0.060  26.614   31.677   98.9  11.60  14.000    0.05699    2.07    2.31    3.27
14-07-2024 21:31:54.17  100.53   0.057  26.619   31.686   98.8  11.60  14.000    0.04293    2.07    2.31    3.27
14-07-2024 21:31:54.42  100.71   0.055  26.613   31.681   98.8  11.60  14.000    0.04071    2.13    2.07    3.29
14-07-2024 21:31:54.67  100.80   0.051  26.612   31.683   98.8  11.59  14.000    0.03405    1.91    2.28    3.18
14-07-2024 21:31:54.92  100.95   0.049  26.611   31.684   98.8  11.59  14.000    0.04589    2.05    2.25    3.06
14-07-2024 21:31:55.16  101.03   0.046  26.610   31.685   98.7  11.59  14.000    0.04959    2.12    2.75    2.94
14-07-2024 21:31:55.41  100.88   0.042  26.609   31.688   98.7  11.59  14.000    0.02665    2.56    1.96    3.02
14-07-2024 21:31:55.65  101.25   0.039  26.609   31.691   98.7  11.58  14.000    0.05033    2.06    2.03    3.01
14-07-2024 21:31:55.90  101.17   0.035  26.606   31.692   98.7  11.58  14.000    0.04811    2.06    2.03    3.01
14-07-2024 21:31:56.15  101.21   0.027  26.607   31.701   98.7  11.58  14.000    0.04811    2.13    2.18    3.28
14-07-2024 21:31:56.39  101.35   0.023  26.604   31.700   98.6  11.58  14.000    0.05921    2.21    2.13    3.32
14-07-2024 21:31:56.63  101.56   0.021  26.602   31.701   98.6  11.58  14.000    0.05329    1.96    2.28    2.88
14-07-2024 21:31:56.88  101.62   0.016  26.605   31.709   98.6  11.58  14.000    0.05551    2.26    1.81    3.02
14-07-2024 21:31:57.12  101.72   0.014  26.600   31.705   98.6  11.58  14.000    0.04515    2.22    2.27    3.09
14-07-2024 21:31:57.37  101.73   0.010  26.604   31.714   98.6  11.58  14.000    0.04663    2.18    2.27    3.21
14-07-2024 21:31:57.61  101.92   0.006  26.601   31.714   98.5  11.58  14.000    0.04663    2.18    2.27    3.21
14-07-2024 21:31:57.86  101.98   0.004  26.600   31.716   98.5  11.58  14.000    0.05403    2.00    2.80    2.97
14-07-2024 21:31:58.11  102.01   0.001  26.601   31.720   98.5  11.57  14.000    0.04589    2.39    2.40    2.98
14-07-2024 21:31:58.35  102.33  -0.004  26.597   31.720   98.5  11.57  14.000    0.03849    2.31    2.51    3.08
14-07-2024 21:31:58.60  102.23  -0.009  26.600   31.729   98.5  11.57  14.000    0.02739    2.15    2.34    3.08
14-07-2024 21:31:58.85  102.31  -0.014  26.600   31.733   98.4  11.57  14.000    0.05033    2.15    2.20    3.06
14-07-2024 21:31:59.09  102.53  -0.017  26.598   31.734   98.4  11.57  14.000    0.03775    2.22    1.87    2.85
14-07-2024 21:31:59.34  102.67  -0.022  26.598   31.740   98.4  11.56  14.000    0.04441    2.22    1.87    2.85
14-07-2024 21:31:59.58  102.58  -0.025  26.602   31.747   98.4  11.56  14.000    0.04293    2.18    2.43    3.10
14-07-2024 21:31:59.83  102.92  -0.028  26.598   31.745   98.3  11.56  14.000    0.05921    2.05    2.35    2.71
14-07-2024 21:32:00.07  102.75  -0.033  26.599   31.752   98.3  11.56  14.000    0.04885    2.27    2.18    3.26
14-07-2024 21:32:00.32  103.13  -0.034  26.594   31.747   98.3  11.55  14.000    0.06587    2.04    2.38    3.05
14-07-2024 21:32:00.56  103.24  -0.038  26.594   31.750   98.2  11.55  14.000    0.06069    2.29    2.46    3.10
14-07-2024 21:32:00.81  103.24  -0.041  26.592   31.750   98.2  11.55  14.000    0.05551    2.31    2.36    3.01
14-07-2024 21:32:01.05  103.20  -0.047  26.592   31.757   98.2  11.55  14.000    0.04219    2.31    2.36    3.01
14-07-2024 21:32:01.30  103.30  -0.049  26.591   31.758   98.1  11.54  14.000    0.04293    1.83    2.37    3.17
14-07-2024 21:32:01.54  103.63  -0.052  26.588   31.757   98.1  11.54  14.000    0.03775    2.24    2.34    3.19
14-07-2024 21:32:01.80  103.67  -0.058  26.583   31.756   98.0  11.53  14.000    0.04737    2.11    2.61    3.08
14-07-2024 21:32:02.04  103.60  -0.067  26.579   31.761   98.0  11.53  14.000    0.07698    2.23    2.44    3.09
14-07-2024 21:32:02.29  103.70  -0.068  26.567   31.746   97.9  11.52  14.000    0.04811    2.33    2.07    3.01
14-07-2024 21:32:02.53  103.89  -0.080  26.566   31.756   97.8  11.52  14.000    0.05921    1.97    2.46    3.08
14-07-2024 21:32:02.78  104.11  -0.101  26.558   31.767   97.8  11.52  14.000    0.05255    1.97    2.46    3.08
14-07-2024 21:32:03.03  104.04  -0.125  26.552   31.785   97.7  11.52  14.000    0.05921    2.16    2.03    3.23
14-07-2024 21:32:03.27  104.12  -0.149  26.549   31.807   97.7  11.52  14.000    0.05403    1.91    1.67    2.96
14-07-2024 21:32:03.52  104.38  -0.173  26.546   31.827   97.7  11.52  14.000    0.04811    2.04    2.80    3.24
14-07-2024 21:32:03.76  104.31  -0.201  26.540   31.847   97.7  11.53  14.000    0.06217    2.11    1.87    3.16
14-07-2024 21:32:04.01  104.56  -0.209  26.539   31.855   97.6  11.52  14.000    0.02517    2.14    2.08    3.32
14-07-2024 21:32:04.25  104.50  -0.227  26.541   31.876   97.6  11.52  14.000    0.05921    2.16    2.33    3.14
14-07-2024 21:32:04.49  104.80  -0.244  26.526   31.875   97.5  11.52  14.000    0.03923    2.16    2.33    3.14
14-07-2024 21:32:04.74  104.68  -0.262  26.523   31.889   97.5  11.52  14.000    0.04293    2.23    2.18    3.00
14-07-2024 21:32:04.99  105.02  -0.271  26.534   31.913   97.4  11.51  14.000    0.04959    1.97    2.16    3.07
14-07-2024 21:32:05.23  104.93  -0.283  26.531   31.922   97.4  11.51  14.000    0.05033    2.12    2.33    3.18
14-07-2024 21:32:05.48  105.02  -0.292  26.531   31.930   97.3  11.51  14.000    0.05995    2.31    1.95    3.07
14-07-2024 21:32:05.73  105.25  -0.292  26.532   31.933   97.2  11.50  14.000    0.05181    2.17    2.38    3.00
14-07-2024 21:32:05.98  105.36  -0.300  26.498   31.895   97.1  11.48  14.000    0.05551    2.08    2.53    2.83
14-07-2024 21:32:06.22  105.30  -0.330  26.489   31.915   97.0  11.48  14.000    0.04515    2.08    2.53    2.83
14-07-2024 21:32:06.47  105.54  -0.374  26.485   31.957   97.0  11.49  14.000    0.05551    1.99    2.38    3.24
14-07-2024 21:32:06.71  105.76  -0.398  26.486   31.982   96.9  11.49  14.000    0.05551    2.02    2.23    3.24
14-07-2024 21:32:06.96  105.75  -0.417  26.473   31.986   96.8  11.48  14.000    0.04071    2.37    2.51    3.18
14-07-2024 21:32:07.21  105.87  -0.441  26.466   32.001   96.7  11.48  14.000    0.05255    2.32    2.21    3.17
14-07-2024 21:32:07.45  105.97  -0.457  26.460   32.010   96.6  11.47  14.000    0.04219    2.42    2.49    3.19
14-07-2024 21:32:07.69  105.89  -0.468  26.457   32.017   96.5  11.46  14.000    0.04663    1.88    2.26    2.93
14-07-2024 21:32:07.94  106.21  -0.479  26.455   32.026   96.4  11.45  14.000    0.02961    1.88    2.26    2.93
14-07-2024 21:32:08.18  106.14  -0.498  26.453   32.044   96.3  11.44  14.000    0.05181    1.81    2.31    3.02
14-07-2024 21:32:08.43  106.25  -0.512  26.453   32.057   96.2  11.43  14.000    0.04589    2.12    2.39    3.26
14-07-2024 21:32:08.67  106.37  -0.525  26.452   32.070   96.1  11.42  14.000    0.04811    2.16    2.24    2.89
14-07-2024 21:32:08.92  106.46  -0.536  26.452   32.082   96.0  11.41  14.000    0.05699    2.28    2.10    3.03
14-07-2024 21:32:09.17  106.73  -0.544  26.452   32.091   95.8  11.40  14.000    0.04589    2.10    2.24    3.04
14-07-2024 21:32:09.42  106.65  -0.550  26.453   32.098   95.7  11.38  14.000    0.06661    2.14    2.43    2.83
14-07-2024 21:32:09.66  106.91  -0.555  26.453   32.103   95.6  11.37  14.000    0.05329    2.14    2.43    2.83
14-07-2024 21:32:09.91  106.96  -0.557  26.458   32.112   95.4  11.35  14.000    0.04367    2.04    2.29    3.26
14-07-2024 21:32:10.16  107.04  -0.562  26.454   32.112   95.3  11.34  14.000    0.05847    2.09    2.54    3.18
14-07-2024 21:32:10.40  107.24  -0.567  26.453   32.116   95.2  11.32  14.000    0.07253    2.01    2.45    3.17
14-07-2024 21:32:10.65  107.23  -0.569  26.452   32.116   95.0  11.30  14.000    0.05255    1.97    2.62    3.21
14-07-2024 21:32:10.89  107.21  -0.571  26.452   32.119   94.8  11.28  14.000    0.03849    2.23    2.23    3.19
14-07-2024 21:32:11.14  107.52  -0.575  26.452   32.123   94.7  11.27  14.000    0.03849    2.18    2.43    3.02
14-07-2024 21:32:11.38  107.38  -0.578  26.454   32.129   94.5  11.25  14.000    0.05625    2.18    2.43    3.02
14-07-2024 21:32:11.63  107.56  -0.580  26.454   32.130   94.4  11.23  14.000    0.04071    2.06    2.15    2.99
14-07-2024 21:32:11.87  107.71  -0.579  26.451   32.125   94.2  11.21  14.000    0.05033    1.99    2.47    3.20
14-07-2024 21:32:12.12  107.76  -0.584  26.451   32.131   94.1  11.19  14.000    0.05995    2.34    2.36    2.94
14-07-2024 21:32:12.36  107.81  -0.587  26.453   32.137   93.9  11.18  14.000    0.04663    2.35    2.04    3.50
14-07-2024 21:32:12.61  108.15  -0.589  26.452   32.137   93.8  11.16  14.000    0.05477    2.16    2.38    2.78
14-07-2024 21:32:12.86  108.16  -0.592  26.452   32.141   93.6  11.14  14.000    0.05625    2.09    2.74    3.09
14-07-2024 21:32:13.10  108.12  -0.592  26.453   32.142   93.4  11.12  14.000    0.05255    2.09    2.74    3.09
14-07-2024 21:32:13.35  108.22  -0.594  26.454   32.146   93.2  11.10  14.000    0.06217    1.93    2.51    3.33
14-07-2024 21:32:13.60  108.31  -0.596  26.455   32.148   93.1  11.08  14.000    0.04219    1.71    2.24    3.11
14-07-2024 21:32:13.84  108.40  -0.597  26.456   32.151   92.9  11.06  14.000    0.04219    2.11    2.32    2.90
14-07-2024 21:32:14.09  108.60  -0.596  26.459   32.154   92.8  11.04  14.000    0.05477    1.90    1.84    3.07
14-07-2024 21:32:14.33  108.86  -0.597  26.461   32.157   92.6  11.02  14.000    0.03849    1.95    2.19    2.84
14-07-2024 21:32:14.58  108.76  -0.597  26.465   32.163   92.5  11.00  14.000    0.04811    2.01    2.55    3.02
14-07-2024 21:32:14.82  108.78  -0.597  26.462   32.159   92.3  10.98  14.000    0.03849    2.01    2.55    3.02
14-07-2024 21:32:15.07  108.99  -0.596  26.464   32.161   92.1  10.97  14.000    0.04663    1.86    2.12    2.91
14-07-2024 21:32:15.31  109.04  -0.596  26.464   32.161   92.0  10.95  14.000    0.05255    2.16    2.53    3.17
14-07-2024 21:32:15.56  109.12  -0.596  26.457   32.152   91.8  10.93  14.000    0.04885    2.00    2.80    3.35
14-07-2024 21:32:15.80  109.41  -0.597  26.452   32.145   91.7  10.91  14.000    0.03627    1.97    2.67    3.04
14-07-2024 21:32:16.05  109.36  -0.601  26.450   32.147   91.5  10.90  14.000    0.04071    2.19    2.45    3.11
14-07-2024 21:32:16.30  109.65  -0.606  26.449   32.150   91.4  10.88  14.000    0.04589    2.39    2.23    3.11
14-07-2024 21:32:16.55  109.78  -0.614  26.449   32.159   91.3  10.87  14.000    0.03627    2.39    2.23    3.11
14-07-2024 21:32:16.79  109.87  -0.617  26.450   32.163   91.1  10.85  14.000    0.05255    2.12    2.08    3.26
14-07-2024 21:32:17.04  109.93  -0.622  26.450   32.169   91.0  10.84  14.000    0.05625    2.29    2.26    3.08
14-07-2024 21:32:17.28  109.91  -0.625  26.453   32.176   90.8  10.82  14.000    0.04811    2.34    2.63    3.24
14-07-2024 21:32:17.53  110.06  -0.629  26.455   32.183   90.7  10.81  14.000    0.03923    1.98    1.86    3.41
14-07-2024 21:32:17.78  110.24  -0.630  26.455   32.183   90.6  10.79  14.000    0.03331    2.14    2.29    3.36
14-07-2024 21:32:18.03  110.24  -0.631  26.454   32.183   90.4  10.77  14.000    0.07031    2.28    2.05    2.89
14-07-2024 21:32:18.27  110.33  -0.633  26.453   32.184   90.3  10.76  14.000    0.04515    2.28    2.05    2.89
14-07-2024 21:32:18.51  110.56  -0.633  26.455   32.187   90.2  10.74  14.000    0.02739    1.95    2.05    3.26
14-07-2024 21:32:18.76  110.73  -0.635  26.457   32.192   90.1  10.73  14.000    0.05033    2.11    2.48    3.04
14-07-2024 21:32:19.00  110.76  -0.638  26.460   32.199   89.9  10.71  14.000    0.04515    2.16    2.27    3.14
14-07-2024 21:32:19.25  110.70  -0.641  26.465   32.208   89.8  10.70  14.000    0.04515    1.92    2.20    3.26
14-07-2024 21:32:19.49  111.02  -0.642  26.470   32.215   89.7  10.69  14.000    0.06217    1.95    2.36    3.23
14-07-2024 21:32:19.74  111.06  -0.642  26.464   32.209   89.6  10.67  14.000    0.04515    1.95    2.36    3.23
14-07-2024 21:32:19.98  111.09  -0.642  26.474   32.221   89.5  10.66  14.000    0.02887    2.11    2.27    3.10
14-07-2024 21:32:20.23  111.21  -0.642  26.477   32.225   89.4  10.64  14.000    0.04589    2.06    2.43    3.08
14-07-2024 21:32:20.48  111.23  -0.641  26.480   32.228   89.2  10.63  14.000    0.03997    2.23    1.99    3.26
14-07-2024 21:32:20.73  111.48  -0.641  26.480   32.227   89.1  10.62  14.000    0.03331    2.27    2.14    3.26
14-07-2024 21:32:20.97  111.43  -0.640  26.478   32.225   89.0  10.60  14.000    0.04367    1.81    2.30    3.29
14-07-2024 21:32:21.22  111.62  -0.640  26.481   32.228   88.9  10.59  14.000    0.04367    1.83    2.55    2.79
14-07-2024 21:32:21.47  111.84  -0.640  26.482   32.230   88.8  10.57  14.000    0.06365    2.09    2.43    2.95
14-07-2024 21:32:21.71  111.90  -0.641  26.485   32.234   88.7  10.56  14.000    0.04885    2.09    2.43    2.95
14-07-2024 21:32:21.96  111.95  -0.640  26.484   32.232   88.6  10.55  14.000    0.06069    2.13    2.49    3.31
14-07-2024 21:32:22.20  112.11  -0.639  26.485   32.233   88.5  10.54  14.000    0.04663    2.47    2.33    3.02
14-07-2024 21:32:22.45  112.16  -0.639  26.486   32.234   88.4  10.53  14.000    0.03627    2.03    2.38    2.69
14-07-2024 21:32:22.69  112.27  -0.639  26.486   32.233   88.3  10.51  14.000    0.04071    2.00    2.62    3.01
14-07-2024 21:32:22.94  112.23  -0.639  26.487   32.235   88.2  10.50  14.000    0.04219    2.01    2.18    3.31
14-07-2024 21:32:23.18  112.36  -0.640  26.487   32.236   88.0  10.49  14.000    0.04737    2.01    2.18    3.31
14-07-2024 21:32:23.43  112.51  -0.640  26.487   32.235   88.0  10.48  14.000    0.03627    2.13    2.33    2.98
14-07-2024 21:32:23.67  112.76  -0.640  26.487   32.236   87.9  10.46  14.000    0.06217    2.03    2.26    3.17
14-07-2024 21:32:23.92  112.67  -0.641  26.487   32.236   87.8  10.45  14.000    0.04367    2.13    2.13    3.31
14-07-2024 21:32:24.17  112.96  -0.640  26.488   32.237   87.7  10.44  14.000    0.03479    2.01    2.08    2.68
14-07-2024 21:32:24.42  112.87  -0.640  26.489   32.238   87.6  10.43  14.000    0.03775    1.97    2.33    3.44
14-07-2024 21:32:24.66  113.09  -0.641  26.489   32.239   87.4  10.42  14.000    0.04663    2.26    2.21    2.74
14-07-2024 21:32:24.91  113.25  -0.640  26.489   32.238   87.4  10.41  14.000    0.04885    2.26    2.21    2.74
14-07-2024 21:32:25.15  113.34  -0.640  26.490   32.240   87.3  10.39  14.000    0.05033    2.24    2.00    2.83
14-07-2024 21:32:25.40  113.43  -0.640  26.492   32.242   87.2  10.38  14.000    0.04515    2.09    1.95    3.08
14-07-2024 21:32:25.64  113.49  -0.640  26.492   32.242   87.1  10.37  14.000    0.04811    2.12    2.32    3.30
14-07-2024 21:32:25.89  113.43  -0.640  26.492   32.242   87.0  10.36  14.000    0.04589    2.28    2.26    3.23
14-07-2024 21:32:26.13  113.71  -0.639  26.492   32.242   86.9  10.35  14.000    0.04293    2.33    1.87    2.95
14-07-2024 21:32:26.38  113.63  -0.639  26.496   32.246   86.8  10.34  14.000    0.03479    1.75    2.30    3.24
14-07-2024 21:32:26.62  113.81  -0.638  26.499   32.250   86.7  10.32  14.000    0.04145    1.75    2.30    3.24
14-07-2024 21:32:26.87  113.85  -0.638  26.503   32.254   86.6  10.31  14.000    0.05107    2.35    2.39    3.04
14-07-2024 21:32:27.11  114.04  -0.636  26.504   32.254   86.5  10.30  14.000    0.06217    2.07    2.15    3.09
14-07-2024 21:32:27.36  114.20  -0.635  26.504   32.252   86.4  10.29  14.000    0.03997    2.27    2.09    3.10
14-07-2024 21:32:27.61  114.21  -0.635  26.506   32.255   86.4  10.28  14.000    0.04219    1.95    2.40    2.72
14-07-2024 21:32:27.85  114.43  -0.634  26.509   32.257   86.3  10.27  14.000    0.04145    2.08    2.84    3.34
14-07-2024 21:32:28.10  114.55  -0.631  26.509   32.255   86.2  10.26  14.000    0.05551    2.17    2.67    3.23
14-07-2024 21:32:28.35  114.60  -0.631  26.514   32.262   86.1  10.25  14.000    0.04811    2.17    2.67    3.23
14-07-2024 21:32:28.59  114.77  -0.630  26.514   32.260   86.0  10.24  14.000    0.03849    1.94    2.29    3.22
14-07-2024 21:32:28.84  114.77  -0.629  26.515   32.260   86.0  10.23  14.000    0.05625    2.04    2.28    2.70
14-07-2024 21:32:29.09  114.79  -0.628  26.515   32.260   85.9  10.22  14.000    0.04145    2.30    2.21    3.14
14-07-2024 21:32:29.33  114.88  -0.627  26.519   32.263   85.8  10.21  14.000    0.03627    1.97    2.51    3.25
14-07-2024 21:32:29.57  115.16  -0.626  26.518   32.261   85.7  10.20  14.000    0.05551    2.07    2.76    2.95
14-07-2024 21:32:29.82  115.08  -0.625  26.519   32.261   85.7  10.20  14.000    0.05107    2.09    2.12    3.23
14-07-2024 21:32:30.06  115.16  -0.624  26.518   32.259   85.6  10.19  14.000    0.05403    2.09    2.12    3.23
14-07-2024 21:32:30.31  115.38  -0.624  26.518   32.259   85.5  10.18  14.000    0.04663    2.00    2.29    2.99
14-07-2024 21:32:30.55  115.51  -0.623  26.520   32.261   85.5  10.17  14.000    0.03997    2.27    1.90    3.32
14-07-2024 21:32:30.80  115.53  -0.623  26.525   32.266   85.4  10.16  14.000    0.04959    2.54    2.25    2.99
14-07-2024 21:32:31.05  115.57  -0.622  26.528   32.270   85.3  10.15  14.000    0.05699    2.13    2.26    2.92
14-07-2024 21:32:31.30  115.68  -0.620  26.532   32.272   85.2  10.14  14.000    0.05847    2.13    2.22    3.45
14-07-2024 21:32:31.54  115.92  -0.618  26.535   32.274   85.2  10.13  14.000    0.05107    2.15    2.08    2.88
14-07-2024 21:32:31.79  115.96  -0.617  26.538   32.277   85.1  10.13  14.000    0.03331    2.15    2.08    2.88
14-07-2024 21:32:32.04  116.09  -0.614  26.540   32.277   85.1  10.12  14.000    0.04441    2.26    2.15    3.14
14-07-2024 21:32:32.28  116.25  -0.612  26.552   32.290   85.0  10.11  14.000    0.07253    2.01    2.38    2.98
14-07-2024 21:32:32.53  116.19  -0.610  26.561   32.301   84.9  10.10  14.000    0.03923    2.24    2.10    3.14
14-07-2024 21:32:32.77  116.30  -0.605  26.562   32.296   84.9  10.09  14.000    0.04145    1.68    2.27    2.57
14-07-2024 21:32:33.02  116.53  -0.601  26.560   32.289   84.8  10.09  14.000    0.05033    1.77    2.49    3.01
14-07-2024 21:32:33.26  116.59  -0.596  26.558   32.282   84.8  10.08  14.000    0.05329    2.06    2.44    3.31
14-07-2024 21:32:33.51  116.66  -0.591  26.557   32.276   84.7  10.07  14.000    0.05033    2.06    2.44    3.31
14-07-2024 21:32:33.75  116.70  -0.589  26.552   32.267   84.6  10.06  14.000    0.04515    2.33    2.33    2.95
14-07-2024 21:32:34.00  116.80  -0.589  26.551   32.265   84.5  10.05  14.000    0.04441    1.95    2.26    3.20
14-07-2024 21:32:34.24  116.90  -0.590  26.551   32.266   84.5  10.05  14.000    0.04811    2.24    2.83    3.21
14-07-2024 21:32:34.49  116.95  -0.590  26.550   32.265   84.4  10.04  14.000    0.03405    2.00    2.19    3.15
14-07-2024 21:32:34.73  117.20  -0.592  26.550   32.266   84.4  10.03  14.000    0.05033    2.09    2.02    3.01
14-07-2024 21:32:34.98  117.34  -0.594  26.551   32.270   84.3  10.03  14.000    0.03701    2.17    2.19    2.91
14-07-2024 21:32:35.23  117.27  -0.595  26.551   32.271   84.3  10.02  14.000    0.04071    2.17    2.19    2.91
14-07-2024 21:32:35.48  117.57  -0.596  26.553   32.275   84.2  10.02  14.000    0.04885    2.04    1.73    3.16
14-07-2024 21:32:35.72  117.67  -0.597  26.554   32.276   84.2  10.01  14.000    0.04885    2.10    2.23    2.77
14-07-2024 21:32:35.97  117.73  -0.596  26.555   32.277   84.1  10.00  14.000    0.05255    2.29    2.25    3.04
14-07-2024 21:32:36.21  117.71  -0.596  26.557   32.279   84.0  10.00  14.000    0.04367    2.06    2.32    3.20
14-07-2024 21:32:36.46  117.94  -0.595  26.558   32.279   84.0   9.99  14.000    0.05107    1.93    2.47    3.10
14-07-2024 21:32:36.70  118.01  -0.594  26.557   32.277   83.9   9.98  14.000    0.04589    2.23    2.19    2.98
14-07-2024 21:32:36.95  118.11  -0.594  26.557   32.277   83.9   9.97  14.000    0.06143    2.23    2.19    2.98
14-07-2024 21:32:37.19  118.13  -0.593  26.559   32.279   83.8   9.97  14.000    0.05403    2.15    2.45    3.24
14-07-2024 21:32:37.44  118.20  -0.592  26.560   32.280   83.8   9.96  14.000    0.05181    2.01    2.27    2.93
14-07-2024 21:32:37.68  118.29  -0.592  26.560   32.279   83.7   9.96  14.000    0.04663    2.01    2.29    3.10
14-07-2024 21:32:37.93  118.41  -0.592  26.562   32.281   83.7   9.95  14.000    0.05773    2.08    2.40    2.88
14-07-2024 21:32:38.18  118.61  -0.591  26.563   32.282   83.6   9.94  14.000    0.06069    2.10    2.01    3.18
14-07-2024 21:32:38.42  118.77  -0.590  26.563   32.281   83.6   9.94  14.000    0.04811    2.11    2.31    3.36
14-07-2024 21:32:38.67  118.83  -0.589  26.563   32.279   83.5   9.93  14.000    0.04219    2.11    2.31    3.36
14-07-2024 21:32:38.91  118.82  -0.587  26.566   32.282   83.5   9.92  14.000    0.04293    2.22    2.40    3.03
14-07-2024 21:32:39.16  118.94  -0.587  26.569   32.285   83.4   9.92  14.000    0.05033    2.25    1.94    3.50
14-07-2024 21:32:39.41  119.02  -0.586  26.574   32.291   83.4   9.91  14.000    0.04811    1.94    2.15    3.22
14-07-2024 21:32:39.65  119.14  -0.585  26.577   32.294   83.3   9.91  14.000    0.05625    2.11    2.54    3.01
14-07-2024 21:32:39.90  119.21  -0.583  26.579   32.294   83.3   9.90  14.000    0.04589    2.04    2.13    3.30
14-07-2024 21:32:40.15  119.38  -0.580  26.580   32.292   83.2   9.89  14.000    0.04219    2.22    2.66    3.17
14-07-2024 21:32:40.39  119.45  -0.579  26.579   32.290   83.2   9.89  14.000    0.05107    2.22    2.66    3.17
14-07-2024 21:32:40.64  119.64  -0.578  26.579   32.288   83.2   9.89  14.000    0.03849    2.06    2.33    3.09
14-07-2024 21:32:40.88  119.66  -0.576  26.580   32.288   83.1   9.88  14.000    0.05329    1.95    2.16    3.30
14-07-2024 21:32:41.13  119.72  -0.575  26.583   32.291   83.1   9.88  14.000    0.04811    2.56    2.38    3.19
14-07-2024 21:32:41.37  119.79  -0.574  26.585   32.292   83.1   9.87  14.000    0.05403    1.91    2.22    2.89
14-07-2024 21:32:41.62  119.92  -0.573  26.586   32.293   83.0   9.87  14.000    0.04367    2.25    2.32    2.75
14-07-2024 21:32:41.86  120.03  -0.572  26.589   32.295   83.0   9.86  14.000    0.04219    2.10    1.97    3.17
14-07-2024 21:32:42.11  120.25  -0.570  26.593   32.299   82.9   9.86  14.000    0.05181    2.10    1.97    3.17
14-07-2024 21:32:42.36  120.20  -0.568  26.597   32.301   82.9   9.85  14.000    0.04737    1.89    2.55    3.10
14-07-2024 21:32:42.60  120.45  -0.566  26.605   32.310   82.9   9.85  14.000    0.04219    2.07    1.84    2.89
14-07-2024 21:32:42.85  120.46  -0.562  26.609   32.312   82.8   9.84  14.000    0.05033    2.19    2.57    2.89
14-07-2024 21:32:43.10  120.56  -0.558  26.611   32.309   82.8   9.84  14.000    0.07179    2.05    1.88    3.17
14-07-2024 21:32:43.34  120.64  -0.552  26.611   32.303   82.8   9.83  14.000    0.04885    2.01    2.37    2.89
14-07-2024 21:32:43.59  120.71  -0.548  26.612   32.300   82.7   9.82  14.000    0.05403    2.17    2.16    3.19
14-07-2024 21:32:43.83  120.85  -0.546  26.612   32.298   82.7   9.82  14.000    0.04441    2.17    2.16    3.19
14-07-2024 21:32:44.08  121.04  -0.543  26.610   32.291   82.6   9.81  14.000    0.04219    2.06    2.58    3.03
14-07-2024 21:32:44.32  121.05  -0.541  26.612   32.292   82.6   9.81  14.000    0.04367    2.20    2.08    3.25
14-07-2024 21:32:44.57  121.24  -0.540  26.612   32.292   82.6   9.80  14.000    0.04441    2.04    2.09    3.02
14-07-2024 21:32:44.81  121.22  -0.539  26.611   32.289   82.5   9.80  14.000    0.06143    2.16    2.03    3.09
14-07-2024 21:32:45.06  121.29  -0.540  26.610   32.289   82.5   9.79  14.000    0.03849    2.19    2.07    3.30
14-07-2024 21:32:45.30  121.43  -0.539  26.610   32.288   82.4   9.79  14.000    0.04811    2.48    2.73    3.06
14-07-2024 21:32:45.55  121.52  -0.540  26.612   32.291   82.4   9.79  14.000    0.04959    2.48    2.73    3.06
14-07-2024 21:32:45.80  121.59  -0.540  26.612   32.291   82.4   9.78  14.000    0.03479    2.08    2.33    3.24
14-07-2024 21:32:46.05  121.70  -0.542  26.613   32.294   82.4   9.78  14.000    0.05477    2.40    2.54    3.04
14-07-2024 21:32:46.29  121.92  -0.542  26.616   32.298   82.3   9.77  14.000    0.04441    1.80    2.65    3.40
14-07-2024 21:32:46.54  122.05  -0.542  26.619   32.302   82.3   9.77  14.000    0.05995    1.91    2.54    3.07
14-07-2024 21:32:46.79  122.05  -0.541  26.620   32.302   82.2   9.76  14.000    0.05921    2.15    2.48    3.02
14-07-2024 21:32:47.03  122.10  -0.539  26.620   32.301   82.2   9.76  14.000    0.04811    1.91    2.13    3.07
14-07-2024 21:32:47.28  122.19  -0.539  26.621   32.301   82.2   9.75  14.000    0.05477    1.91    2.13    3.07
14-07-2024 21:32:47.52  122.28  -0.538  26.620   32.299   82.1   9.75  14.000    0.03109    1.86    1.93    3.03
14-07-2024 21:32:47.77  122.47  -0.536  26.620   32.297   82.1   9.74  14.000    0.04663    2.18    1.87    3.05
14-07-2024 21:32:48.01  122.50  -0.536  26.619   32.296   82.1   9.74  14.000    0.04071    1.87    2.14    3.23
14-07-2024 21:32:48.26  122.66  -0.536  26.620   32.297   82.0   9.74  14.000    0.04589    2.03    2.48    3.13
14-07-2024 21:32:48.50  122.76  -0.536  26.620   32.297   82.0   9.73  14.000    0.04145    2.02    2.34    3.17
14-07-2024 21:32:48.75  122.79  -0.536  26.621   32.298   82.0   9.73  14.000    0.03849    1.96    2.43    3.05
14-07-2024 21:32:48.99  122.94  -0.536  26.622   32.300   81.9   9.73  14.000    0.07105    1.96    2.43    3.05
14-07-2024 21:32:49.24  123.08  -0.536  26.624   32.301   81.9   9.72  14.000    0.03405    2.21    2.10    3.05
14-07-2024 21:32:49.48  123.15  -0.535  26.625   32.302   81.9   9.72  14.000    0.04441    2.20    2.41    3.10
14-07-2024 21:32:49.73  123.29  -0.535  26.626   32.303   81.8   9.71  14.000    0.05477    2.00    2.11    3.26
14-07-2024 21:32:49.98  123.29  -0.534  26.627   32.304   81.8   9.71  14.000    0.04589    2.18    2.11    2.72
14-07-2024 21:32:50.23  123.47  -0.533  26.627   32.303   81.8   9.71  14.000    0.05033    2.11    2.47    2.87
14-07-2024 21:32:50.47  123.49  -0.532  26.627   32.302   81.7   9.70  14.000    0.05107    2.15    2.28    3.17
14-07-2024 21:32:50.72  123.58  -0.531  26.627   32.301   81.7   9.70  14.000    0.04589    2.15    2.28    3.17
14-07-2024 21:32:50.96  123.71  -0.531  26.628   32.301   81.7   9.69  14.000    0.04515    2.16    2.44    2.94
14-07-2024 21:32:51.22  123.81  -0.530  26.628   32.300   81.6   9.69  14.000    0.05181    1.81    2.29    3.12
14-07-2024 21:32:51.45  123.97  -0.529  26.630   32.303   81.6   9.69  14.000    0.04145    2.31    2.25    3.01
14-07-2024 21:32:51.70  124.09  -0.530  26.631   32.304   81.6   9.68  14.000    0.06217    1.81    2.62    2.94
14-07-2024 21:32:51.94  124.09  -0.529  26.630   32.302   81.5   9.68  14.000    0.04663    2.11    2.10    3.51
14-07-2024 21:32:52.19  124.30  -0.528  26.631   32.302   81.5   9.67  14.000    0.07402    2.04    2.01    3.16
14-07-2024 21:32:52.43  124.37  -0.528  26.632   32.304   81.5   9.67  14.000    0.05181    2.04    2.01    3.16
14-07-2024 21:32:52.68  124.38  -0.527  26.633   32.304   81.4   9.67  14.000    0.04293    2.43    2.30    3.12
14-07-2024 21:32:52.92  124.49  -0.527  26.633   32.303   81.4   9.66  14.000    0.06809    2.07    2.67    2.94
14-07-2024 21:32:53.17  124.62  -0.526  26.634   32.304   81.4   9.66  14.000    0.04959    2.01    2.24    3.05
14-07-2024 21:32:53.42  124.77  -0.526  26.635   32.305   81.4   9.66  14.000    0.04441    2.03    1.81    3.27
14-07-2024 21:32:53.67  124.89  -0.525  26.635   32.304   81.3   9.65  14.000    0.04589    1.79    2.20    2.99
14-07-2024 21:32:53.92  124.96  -0.523  26.638   32.307   81.3   9.65  14.000    0.05107    1.96    2.62    2.97
14-07-2024 21:32:54.16  125.10  -0.523  26.641   32.310   81.3   9.65  14.000    0.03109    1.96    2.62    2.97
14-07-2024 21:32:54.41  125.20  -0.521  26.645   32.314   81.3   9.64  14.000    0.04071    2.35    2.13    3.24
14-07-2024 21:32:54.65  125.29  -0.520  26.646   32.314   81.2   9.64  14.000    0.04367    1.79    2.52    3.23
14-07-2024 21:32:54.90  125.37  -0.519  26.647   32.312   81.2   9.64  14.000    0.03627    1.99    1.96    2.96
14-07-2024 21:32:55.14  125.53  -0.517  26.647   32.312   81.2   9.63  14.000    0.03997    2.19    2.26    3.18
14-07-2024 21:32:55.39  125.58  -0.516  26.649   32.312   81.2   9.63  14.000    0.04589    2.23    2.13    3.05
14-07-2024 21:32:55.63  125.61  -0.514  26.650   32.313   81.1   9.63  14.000    0.04959    2.18    2.39    2.90
14-07-2024 21:32:55.88  125.76  -0.513  26.649   32.310   81.1   9.63  14.000    0.04811    2.18    2.39    2.90
14-07-2024 21:32:56.12  125.91  -0.512  26.653   32.313   81.1   9.62  14.000    0.03553    2.12    2.08    3.12
14-07-2024 21:32:56.37  125.95  -0.511  26.651   32.311   81.1   9.62  14.000    0.04367    1.95    2.19    3.27
14-07-2024 21:32:56.61  126.06  -0.510  26.651   32.310   81.1   9.62  14.000    0.05033    1.93    2.67    2.92
14-07-2024 21:32:56.86  126.18  -0.510  26.656   32.316   81.0   9.61  14.000    0.04589    1.81    2.24    3.45
14-07-2024 21:32:57.11  126.31  -0.509  26.657   32.316   81.0   9.61  14.000    0.03775    2.12    2.02    3.21
14-07-2024 21:32:57.35  126.32  -0.508  26.657   32.314   81.0   9.61  14.000    0.07476    2.17    2.44    3.19
14-07-2024 21:32:57.60  126.44  -0.507  26.658   32.315   81.0   9.61  14.000    0.03701    2.17    2.44    3.19
14-07-2024 21:32:57.85  126.57  -0.506  26.658   32.314   81.0   9.60  14.000    0.02220    1.83    2.01    3.16
14-07-2024 21:32:58.09  126.62  -0.505  26.659   32.314   80.9   9.60  14.000    0.05995    2.00    2.90    2.92
14-07-2024 21:32:58.34  126.72  -0.505  26.660   32.315   80.9   9.60  14.000    0.05329    2.16    2.55    3.21
14-07-2024 21:32:58.58  126.87  -0.505  26.660   32.315   80.9   9.59  14.000    0.03923    1.88    2.01    3.27
14-07-2024 21:32:58.83  126.93  -0.504  26.660   32.315   80.9   9.59  14.000    0.04589    2.07    2.16    3.46
14-07-2024 21:32:59.07  127.03  -0.504  26.661   32.315   80.9   9.59  14.000    0.05847    2.36    2.04    2.81
14-07-2024 21:32:59.32  127.15  -0.503  26.661   32.314   80.8   9.59  14.000    0.04589    2.36    2.04    2.81
14-07-2024 21:32:59.56  127.22  -0.503  26.661   32.314   80.8   9.58  14.000    0.03923    2.10    2.16    2.67
14-07-2024 21:32:59.81  127.29  -0.503  26.661   32.314   80.8   9.58  14.000    0.03479    2.06    2.26    3.37
14-07-2024 21:33:00.05  127.43  -0.502  26.662   32.314   80.8   9.58  14.000    0.03701    2.18    2.27    3.38
14-07-2024 21:33:00.30  127.48  -0.502  26.663   32.316   80.7   9.57  14.000    0.03109    2.12    2.42    3.33
14-07-2024 21:33:00.54  127.57  -0.501  26.663   32.314   80.7   9.57  14.000    0.04293    2.26    2.74    3.09
14-07-2024 21:33:00.80  127.72  -0.502  26.663   32.315   80.7   9.57  14.000    0.06217    1.97    2.11    3.01
14-07-2024 21:33:01.04  127.74  -0.501  26.664   32.315   80.7   9.57  14.000    0.04219    1.97    2.11    3.01
14-07-2024 21:33:01.29  127.89  -0.500  26.664   32.315   80.7   9.57  14.000    0.03923    2.17    2.52    3.28
14-07-2024 21:33:01.54  127.95  -0.501  26.664   32.315   80.6   9.56  14.000    0.04441    2.20    2.39    2.93
14-07-2024 21:33:01.78  128.12  -0.500  26.665   32.315   80.6   9.56  14.000    0.03923    2.33    1.97    3.02
14-07-2024 21:33:02.04  128.13  -0.500  26.666   32.317   80.6   9.56  14.000    0.03701    2.13    2.18    3.29
14-07-2024 21:33:02.27  128.32  -0.499  26.666   32.315   80.6   9.56  14.000    0.02813    2.10    2.61    3.14
14-07-2024 21:33:02.52  128.33  -0.499  26.667   32.317   80.6   9.55  14.000    0.05921    2.19    2.29    3.25
14-07-2024 21:33:02.76  128.43  -0.498  26.672   32.323   80.5   9.55  14.000    0.03109    2.19    2.29    3.25
14-07-2024 21:33:03.01  128.56  -0.497  26.677   32.328   80.5   9.55  14.000    0.04515    2.09    2.57    3.38
14-07-2024 21:33:03.25  128.62  -0.495  26.680   32.330   80.5   9.55  14.000    0.04959    2.38    1.97    3.19
14-07-2024 21:33:03.50  128.75  -0.493  26.684   32.333   80.5   9.54  14.000    0.03701    1.72    2.12    3.17
14-07-2024 21:33:03.74  128.83  -0.490  26.689   32.337   80.5   9.54  14.000    0.04885    1.85    2.18    3.25
14-07-2024 21:33:03.99  128.97  -0.488  26.684   32.327   80.5   9.54  14.000    0.05181    2.24    2.18    3.15
14-07-2024 21:33:04.23  129.05  -0.485  26.683   32.323   80.4   9.54  14.000    0.03257    2.24    2.18    3.15
14-07-2024 21:33:04.48  129.22  -0.482  26.691   32.330   80.4   9.53  14.000    0.03997    2.26    2.13    3.21
14-07-2024 21:33:04.73  129.24  -0.479  26.693   32.330   80.4   9.53  14.000    0.04589    2.23    2.27    3.07
14-07-2024 21:33:04.98  129.38  -0.477  26.694   32.330   80.4   9.53  14.000    0.04885    2.16    2.11    3.18
14-07-2024 21:33:05.22  129.48  -0.475  26.695   32.328   80.4   9.53  14.000    0.02368    2.16    2.31    2.99
14-07-2024 21:33:05.47  129.59  -0.474  26.695   32.326   80.4   9.52  14.000    0.04219    2.16    1.77    3.44
14-07-2024 21:33:05.71  129.64  -0.473  26.695   32.326   80.4   9.52  14.000    0.05625    2.17    2.50    3.02
14-07-2024 21:33:05.96  129.72  -0.472  26.695   32.325   80.3   9.52  14.000    0.03775    2.17    2.50    3.02
14-07-2024 21:33:06.20  129.86  -0.471  26.698   32.328   80.3   9.52  14.000    0.01998    2.22    2.45    3.29
14-07-2024 21:33:06.45  129.88  -0.471  26.698   32.327   80.3   9.51  14.000    0.05255    2.26    2.34    3.15
14-07-2024 21:33:06.69  130.07  -0.470  26.698   32.327   80.3   9.51  14.000    0.04737    2.14    2.52    3.02
14-07-2024 21:33:06.94  130.09  -0.470  26.698   32.326   80.3   9.51  14.000    0.05403    1.99    2.44    3.18
14-07-2024 21:33:07.18  130.21  -0.469  26.698   32.325   80.3   9.51  14.000    0.05033    2.46    1.93    2.97
14-07-2024 21:33:07.43  130.31  -0.469  26.698   32.325   80.3   9.51  14.000    0.04367    2.05    2.07    3.00
14-07-2024 21:33:07.67  130.40  -0.468  26.699   32.325   80.2   9.50  14.000    0.03331    2.05    2.07    3.00
14-07-2024 21:33:07.92  130.52  -0.468  26.699   32.326   80.2   9.51  14.000    0.03997    2.26    2.13    3.14
14-07-2024 21:33:08.17  130.66  -0.468  26.700   32.326   80.2   9.50  14.000    0.06735    1.71    2.24    3.34
14-07-2024 21:33:08.42  130.72  -0.468  26.700   32.326   80.2   9.50  14.000    0.04293    2.31    2.43    3.66
14-07-2024 21:33:08.67  130.85  -0.467  26.701   32.327   80.2   9.50  14.000    0.05847    1.91    2.33    2.89
14-07-2024 21:33:08.91  130.91  -0.467  26.701   32.326   80.2   9.50  14.000    0.03479    2.09    2.11    3.07
14-07-2024 21:33:09.16  131.00  -0.467  26.701   32.326   80.2   9.50  14.000    0.04219    2.02    2.22    3.19
14-07-2024 21:33:09.40  131.09  -0.466  26.702   32.327   80.1   9.49  14.000    0.04219    2.02    2.22    3.19
14-07-2024 21:33:09.65  131.21  -0.466  26.701   32.325   80.1   9.49  14.000    0.03775    2.35    2.02    2.89
14-07-2024 21:33:09.89  131.36  -0.466  26.702   32.326   80.1   9.49  14.000    0.06957    2.12    2.46    3.15
14-07-2024 21:33:10.14  131.43  -0.465  26.702   32.325   80.1   9.49  14.000    0.05551    2.30    2.37    3.25
14-07-2024 21:33:10.38  131.51  -0.465  26.702   32.326   80.1   9.49  14.000    0.06143    2.21    2.22    3.28
14-07-2024 21:33:10.63  131.63  -0.465  26.703   32.327   80.1   9.48  14.000    0.05773    2.01    2.56    3.03
14-07-2024 21:33:10.87  131.72  -0.465  26.702   32.326   80.1   9.48  14.000    0.06513    2.22    2.46    3.34
14-07-2024 21:33:11.12  131.82  -0.464  26.702   32.325   80.0   9.48  14.000    0.05255    2.22    2.46    3.34
14-07-2024 21:33:11.36  131.91  -0.465  26.702   32.326   80.0   9.48  14.000    0.05477    2.27    2.55    3.24
14-07-2024 21:33:11.61  132.03  -0.464  26.702   32.324   80.0   9.48  14.000    0.04441    2.24    2.58    3.11
14-07-2024 21:33:11.86  132.10  -0.464  26.706   32.329   80.0   9.48  14.000    0.03553    1.99    2.69    2.67
14-07-2024 21:33:12.10  132.24  -0.464  26.713   32.338   80.0   9.47  14.000    0.04219    1.66    2.26    2.90
14-07-2024 21:33:12.35  132.29  -0.463  26.716   32.342   80.0   9.47  14.000    0.04293    1.96    2.26    3.18
14-07-2024 21:33:12.60  132.43  -0.462  26.718   32.343   80.0   9.47  14.000    0.03701    1.78    1.77    3.01
14-07-2024 21:33:12.84  132.52  -0.460  26.718   32.341   79.9   9.47  14.000    0.03849    1.78    1.77    3.01
14-07-2024 21:33:13.10  132.62  -0.456  26.714   32.332   79.9   9.47  14.000    0.04515    2.15    2.35    3.50
14-07-2024 21:33:13.33  132.74  -0.453  26.721   32.337   79.9   9.46  14.000    0.05921    2.19    1.77    2.92
14-07-2024 21:33:13.58  132.81  -0.451  26.722   32.336   79.9   9.46  14.000    0.04071    2.03    1.90    3.17
14-07-2024 21:33:13.82  132.92  -0.449  26.723   32.336   79.9   9.46  14.000    0.04515    1.86    2.19    3.00
14-07-2024 21:33:14.07  133.01  -0.448  26.726   32.339   79.9   9.46  14.000    0.05107    2.13    2.68    2.76
14-07-2024 21:33:14.31  133.09  -0.448  26.727   32.339   79.9   9.46  14.000    0.05033    1.91    2.05    3.03
14-07-2024 21:33:14.56  133.17  -0.445  26.730   32.341   79.9   9.45  14.000    0.04515    1.91    2.05    3.03
14-07-2024 21:33:14.80  133.31  -0.444  26.728   32.337   79.8   9.45  14.000    0.04071    2.23    2.25    2.91
14-07-2024 21:33:15.05  133.40  -0.441  26.732   32.339   79.8   9.45  14.000    0.03035    1.90    2.02    3.03
14-07-2024 21:33:15.29  133.50  -0.440  26.734   32.340   79.8   9.45  14.000    0.04367    2.48    2.64    3.25
14-07-2024 21:33:15.55  133.60  -0.439  26.735   32.340   79.8   9.45  14.000    0.03997    2.10    2.02    3.03
14-07-2024 21:33:15.79  133.67  -0.437  26.736   32.340   79.8   9.45  14.000    0.02517    1.95    2.47    2.87
14-07-2024 21:33:16.04  133.78  -0.435  26.737   32.340   79.8   9.44  14.000    0.04737    1.94    2.47    3.18
14-07-2024 21:33:16.29  133.90  -0.435  26.740   32.342   79.8   9.44  14.000    0.03923    1.94    2.47    3.18
14-07-2024 21:33:16.53  134.00  -0.434  26.740   32.342   79.7   9.44  14.000    0.04663    2.07    2.06    3.12
14-07-2024 21:33:16.78  134.11  -0.431  26.741   32.341   79.7   9.44  14.000    0.06809    2.32    2.11    2.91
14-07-2024 21:33:17.02  134.16  -0.430  26.742   32.339   79.7   9.43  14.000    0.04811    2.16    2.08    2.99
14-07-2024 21:33:17.27  134.28  -0.428  26.742   32.338   79.7   9.43  14.000    0.03701    1.97    2.49    3.08
14-07-2024 21:33:17.51  134.40  -0.428  26.742   32.337   79.7   9.43  14.000    0.05551    2.19    1.62    2.90
14-07-2024 21:33:17.76  134.50  -0.427  26.744   32.340   79.7   9.43  14.000    0.04663    2.11    1.93    3.23
14-07-2024 21:33:18.00  134.61  -0.426  26.743   32.336   79.7   9.43  14.000    0.04959    2.11    1.93    3.23
14-07-2024 21:33:18.25  134.71  -0.426  26.742   32.335   79.6   9.42  14.000    0.03479    1.94    2.36    3.23
14-07-2024 21:33:18.49  134.79  -0.425  26.745   32.338   79.6   9.42  14.000    0.04811    1.90    2.24    3.11
14-07-2024 21:33:18.74  134.89  -0.424  26.745   32.338   79.6   9.42  14.000    0.03997    1.87    2.17    3.11
14-07-2024 21:33:18.98  134.97  -0.424  26.746   32.339   79.6   9.42  14.000    0.06217    2.04    2.31    3.14
14-07-2024 21:33:19.24  135.08  -0.424  26.745   32.338   79.6   9.42  14.000    0.03923    2.13    2.67    2.96
14-07-2024 21:33:19.48  135.20  -0.424  26.745   32.337   79.6   9.42  14.000    0.03553    1.92    2.24    2.95
14-07-2024 21:33:19.73  135.26  -0.423  26.747   32.338   79.5   9.41  14.000    0.04737    1.92    2.24    2.95
14-07-2024 21:33:19.97  135.40  -0.422  26.747   32.337   79.5   9.41  14.000    0.05847    2.07    2.43    2.96
14-07-2024 21:33:20.22  135.51  -0.422  26.748   32.339   79.5   9.41  14.000    0.03183    2.25    2.59    3.24
14-07-2024 21:33:20.46  135.60  -0.422  26.749   32.340   79.5   9.41  14.000    0.03553    1.83    2.30    2.80
14-07-2024 21:33:20.71  135.67  -0.421  26.750   32.341   79.5   9.41  14.000    0.05107    2.21    2.20    3.01
14-07-2024 21:33:20.95  135.76  -0.421  26.751   32.341   79.5   9.40  14.000    0.04811    2.24    2.23    3.29
14-07-2024 21:33:21.20  135.86  -0.420  26.751   32.341   79.5   9.40  14.000    0.04811    1.80    2.01    3.13
14-07-2024 21:33:21.44  135.98  -0.419  26.752   32.342   79.4   9.40  14.000    0.03183    1.80    2.01    3.13
14-07-2024 21:33:21.69  136.05  -0.418  26.752   32.341   79.4   9.40  14.000    0.05551    2.13    2.26    3.29
14-07-2024 21:33:21.93  136.14  -0.418  26.754   32.342   79.4   9.40  14.000    0.05255    2.29    2.24    3.30
14-07-2024 21:33:22.18  136.25  -0.417  26.753   32.340   79.4   9.39  14.000    0.04441    1.71    2.46    3.04
14-07-2024 21:33:22.42  136.36  -0.417  26.754   32.340   79.4   9.39  14.000    0.07402    2.00    2.63    3.22
14-07-2024 21:33:22.67  136.44  -0.416  26.755   32.341   79.4   9.39  14.000    0.03923    1.73    2.22    2.98
14-07-2024 21:33:22.92  136.54  -0.415  26.754   32.339   79.4   9.39  14.000    0.04367    2.09    2.29    3.10
14-07-2024 21:33:23.17  136.64  -0.416  26.754   32.340   79.4   9.39  14.000    0.04515    2.09    2.29    3.10
14-07-2024 21:33:23.42  136.73  -0.415  26.756   32.341   79.3   9.39  14.000    0.05181    2.03    2.70    3.09
14-07-2024 21:33:23.66  136.84  -0.414  26.757   32.341   79.3   9.38  14.000    0.06513    1.88    2.03    3.11
14-07-2024 21:33:23.91  136.94  -0.413  26.757   32.341   79.3   9.38  14.000    0.04811    1.93    2.12    3.08
14-07-2024 21:33:24.16  137.04  -0.413  26.758   32.342   79.3   9.38  14.000    0.05699    2.02    2.25    3.00
14-07-2024 21:33:24.40  137.13  -0.412  26.759   32.342   79.3   9.38  14.000    0.05033    1.91    1.88    3.23
14-07-2024 21:33:24.64  137.25  -0.412  26.757   32.339   79.3   9.38  14.000    0.03701    1.97    2.56    2.89
14-07-2024 21:33:24.89  137.31  -0.412  26.759   32.341   79.3   9.37  14.000    0.05403    1.97    2.56    2.89
14-07-2024 21:33:25.13  137.44  -0.411  26.759   32.340   79.2   9.37  14.000    0.04515    1.88    2.39    3.14
14-07-2024 21:33:25.38  137.51  -0.410  26.759   32.339   79.2   9.37  14.000    0.04663    2.14    2.25    3.09
14-07-2024 21:33:25.62  137.63  -0.410  26.759   32.340   79.2   9.37  14.000    0.05181    2.01    2.21    3.10
14-07-2024 21:33:25.87  137.71  -0.410  26.760   32.341   79.2   9.37  14.000    0.05033    2.31    2.10    2.92
14-07-2024 21:33:26.11  137.81  -0.410  26.759   32.340   79.2   9.37  14.000    0.04219    2.00    2.12    3.08
14-07-2024 21:33:26.36  137.94  -0.410  26.760   32.340   79.2   9.36  14.000    0.03331    1.85    2.26    3.11
14-07-2024 21:33:26.61  138.00  -0.410  26.762   32.343   79.2   9.36  14.000    0.04367    1.85    2.26    3.11
14-07-2024 21:33:26.85  138.14  -0.410  26.762   32.343   79.2   9.36  14.000    0.04071    2.08    1.88    3.12
14-07-2024 21:33:27.10  138.22  -0.409  26.763   32.344   79.1   9.36  14.000    0.04367    2.28    2.08    3.05
14-07-2024 21:33:27.35  138.32  -0.408  26.764   32.344   79.1   9.36  14.000    0.05551    1.88    2.32    3.00
14-07-2024 21:33:27.59  138.40  -0.408  26.765   32.345   79.1   9.36  14.000    0.05329    2.16    2.36    3.17
14-07-2024 21:33:27.84  138.51  -0.406  26.766   32.344   79.1   9.36  14.000    0.03109    1.79    2.47    3.12
14-07-2024 21:33:28.08  138.63  -0.406  26.766   32.344   79.1   9.35  14.000    0.03183    2.27    2.76    3.16
14-07-2024 21:33:28.33  138.70  -0.406  26.766   32.344   79.1   9.35  14.000    0.03627    2.27    2.76    3.16
14-07-2024 21:33:28.57  138.80  -0.404  26.768   32.344   79.1   9.35  14.000    0.03183    2.03    2.15    3.32
14-07-2024 21:33:28.82  138.92  -0.403  26.768   32.343   79.1   9.35  14.000    0.05551    2.24    2.60    2.84
14-07-2024 21:33:29.06  138.99  -0.402  26.768   32.343   79.0   9.35  14.000    0.04219    1.97    2.27    3.36
14-07-2024 21:33:29.31  139.12  -0.402  26.768   32.343   79.0   9.35  14.000    0.03627    2.21    1.91    3.16
14-07-2024 21:33:29.55  139.19  -0.402  26.769   32.343   79.0   9.34  14.000    0.04885    2.13    2.41    3.02
14-07-2024 21:33:29.80  139.27  -0.401  26.769   32.342   79.0   9.34  14.000    0.06883    2.04    1.75    3.37
14-07-2024 21:33:30.04  139.38  -0.401  26.770   32.343   79.0   9.34  14.000    0.03405    2.04    1.75    3.37
14-07-2024 21:33:30.30  139.47  -0.401  26.770   32.343   79.0   9.34  14.000    0.03775    2.22    1.80    3.18
14-07-2024 21:33:30.54  139.57  -0.400  26.769   32.342   79.0   9.34  14.000    0.04885    2.36    2.22    2.96
14-07-2024 21:33:30.79  139.70  -0.400  26.770   32.342   79.0   9.34  14.000    0.05107    2.40    2.55    3.05
14-07-2024 21:33:31.04  139.78  -0.400  26.769   32.341   79.0   9.34  14.000    0.05181    2.18    2.54    3.51
14-07-2024 21:33:31.28  139.86  -0.400  26.770   32.342   78.9   9.33  14.000    0.04959    2.14    1.88    3.20
14-07-2024 21:33:31.53  139.96  -0.400  26.769   32.341   78.9   9.33  14.000    0.03331    2.36    2.30    3.20
14-07-2024 21:33:31.77  140.09  -0.400  26.767   32.339   78.9   9.33  14.000    0.05181    2.36    2.30    3.20
14-07-2024 21:33:32.02  140.19  -0.401  26.766   32.338   78.9   9.33  14.000    0.03405    2.21    2.64    2.98
14-07-2024 21:33:32.26  140.28  -0.401  26.766   32.339   78.9   9.33  14.000    0.03923    1.93    2.03    3.56
14-07-2024 21:33:32.51  140.35  -0.402  26.766   32.339   78.9   9.33  14.000    0.04367    2.18    2.14    2.96
14-07-2024 21:33:32.75  140.47  -0.402  26.766   32.339   78.9   9.33  14.000    0.03923    2.06    1.61    3.06
14-07-2024 21:33:33.00  140.58  -0.404  26.766   32.340   78.9   9.33  14.000    0.04737    2.37    2.42    3.39
14-07-2024 21:33:33.24  140.65  -0.404  26.766   32.341   78.8   9.32  14.000    0.06735    1.89    2.41    3.15
14-07-2024 21:33:33.49  140.75  -0.404  26.766   32.341   78.8   9.32  14.000    0.05699    1.89    2.41    3.15
14-07-2024 21:33:33.73  140.84  -0.405  26.767   32.342   78.8   9.32  14.000    0.04071    1.87    2.08    3.08
14-07-2024 21:33:33.98  140.95  -0.405  26.767   32.342   78.8   9.32  14.000    0.04663    2.05    2.58    3.30
14-07-2024 21:33:34.23  141.04  -0.405  26.767   32.343   78.8   9.32  14.000    0.03997    2.05    2.35    3.04
14-07-2024 21:33:34.48  141.13  -0.405  26.767   32.343   78.8   9.32  14.000    0.04145    1.96    2.15    3.08
14-07-2024 21:33:34.72  141.25  -0.405  26.768   32.344   78.8   9.32  14.000    0.06291    1.80    2.30    3.24
14-07-2024 21:33:34.97  141.33  -0.404  26.767   32.342   78.8   9.31  14.000    0.04737    2.13    2.52    3.42
14-07-2024 21:33:35.22  141.43  -0.404  26.769   32.344   78.8   9.31  14.000    0.04737    2.13    2.52    3.42
14-07-2024 21:33:35.46  141.50  -0.404  26.769   32.344   78.8   9.31  14.000    0.04219    2.00    2.32    3.32
14-07-2024 21:33:35.71  141.62  -0.404  26.769   32.344   78.7   9.31  14.000    0.04145    2.17    1.84    3.04
14-07-2024 21:33:35.95  141.69  -0.404  26.769   32.343   78.7   9.31  14.000    0.04663    2.15    2.10    3.08
14-07-2024 21:33:36.20  141.79  -0.403  26.769   32.343   78.7   9.31  14.000    0.05477    1.98    2.23    3.24
14-07-2024 21:33:36.44  141.91  -0.403  26.770   32.345   78.7   9.31  14.000    0.03405    1.76    2.26    2.90
14-07-2024 21:33:36.69  141.98  -0.403  26.772   32.346   78.7   9.31  14.000    0.06143    2.26    2.82    2.95
14-07-2024 21:33:36.93  142.08  -0.403  26.772   32.347   78.7   9.31  14.000    0.03923    2.26    2.82    2.95
14-07-2024 21:33:37.18  142.19  -0.402  26.773   32.347   78.7   9.31  14.000    0.04589    2.33    2.17    3.43
14-07-2024 21:33:37.42  142.31  -0.401  26.775   32.348   78.7   9.31  14.000    0.03035    2.25    2.25    3.58
14-07-2024 21:33:37.67  142.40  -0.400  26.777   32.349   78.7   9.31  14.000    0.04663    2.59    2.22    3.01
14-07-2024 21:33:37.92  142.49  -0.399  26.779   32.352   78.7   9.31  14.000    0.05847    2.14    2.37    3.02
14-07-2024 21:33:38.17  142.62  -0.398  26.781   32.353   78.7   9.30  14.000    0.04885    2.11    2.15    3.06
14-07-2024 21:33:38.41  142.69  -0.396  26.781   32.351   78.7   9.30  14.000    0.05033    2.01    2.53    2.94
14-07-2024 21:33:38.66  142.83  -0.394  26.783   32.352   78.7   9.30  14.000    0.03553    2.01    2.53    2.94
14-07-2024 21:33:38.90  142.88  -0.393  26.782   32.349   78.7   9.30  14.000    0.04219    2.11    2.88    2.98
14-07-2024 21:33:39.15  143.00  -0.391  26.785   32.351   78.7   9.30  14.000    0.03849    2.02    2.28    3.14
14-07-2024 21:33:39.39  143.11  -0.390  26.786   32.351   78.7   9.30  14.000    0.04219    1.84    2.27    2.81
14-07-2024 21:33:39.64  143.22  -0.388  26.787   32.350   78.7   9.30  14.000    0.05033    1.91    1.96    3.59
14-07-2024 21:33:39.88  143.29  -0.387  26.722   32.263   78.7   9.30  14.000    0.04145    2.21    2.28    3.08
14-07-2024 21:33:40.13  143.40  -0.386  26.788   32.350   78.7   9.30  14.000    0.04663    2.04    2.15    3.25
14-07-2024 21:33:40.37  143.52  -0.385  26.789   32.349   78.7   9.30  14.000    0.04737    2.04    2.15    3.25
14-07-2024 21:33:40.62  143.57  -0.385  26.789   32.348   78.6   9.30  14.000    0.04219    2.22    1.99    3.09
14-07-2024 21:33:40.86  143.71  -0.384  26.789   32.349   78.7   9.30  14.000    0.05773    2.07    1.91    3.41
14-07-2024 21:33:41.11  143.78  -0.383  26.788   32.346   78.7   9.30  14.000    0.04219    1.96    1.98    2.97
14-07-2024 21:33:41.36  143.91  -0.383  26.790   32.349   78.6   9.29  14.000    0.04589    2.06    2.49    3.35
14-07-2024 21:33:41.61  143.97  -0.383  26.790   32.348   78.6   9.29  14.000    0.03553    1.84    2.31    3.32
14-07-2024 21:33:41.86  144.08  -0.383  26.791   32.350   78.6   9.29  14.000    0.07031    1.96    1.85    3.42
14-07-2024 21:33:42.10  144.17  -0.382  26.791   32.348   78.6   9.29  14.000    0.04219    1.96    1.85    3.42
14-07-2024 21:33:42.35  144.29  -0.381  26.791   32.348   78.6   9.29  14.000    0.04071    2.07    2.40    3.07
14-07-2024 21:33:42.59  144.40  -0.381  26.792   32.349   78.6   9.29  14.000    0.05107    2.27    2.04    2.82
14-07-2024 21:33:42.84  144.49  -0.380  26.793   32.349   78.6   9.29  14.000    0.05181    2.08    2.74    3.09
14-07-2024 21:33:43.08  144.60  -0.380  26.795   32.352   78.6   9.29  14.000    0.03109    1.95    1.74    3.39
14-07-2024 21:33:43.33  144.67  -0.380  26.796   32.352   78.6   9.29  14.000    0.04589    2.00    2.48    3.11
14-07-2024 21:33:43.57  144.76  -0.378  26.799   32.355   78.6   9.28  14.000    0.05773    2.29    2.66    3.32
14-07-2024 21:33:43.82  144.90  -0.376  26.801   32.355   78.6   9.28  14.000    0.04811    2.29    2.66    3.32
14-07-2024 21:33:44.06  144.96  -0.375  26.802   32.356   78.6   9.28  14.000    0.04959    2.38    2.19    3.13
14-07-2024 21:33:44.31  145.10  -0.375  26.802   32.355   78.6   9.28  14.000    0.03997    2.22    2.48    3.26
14-07-2024 21:33:44.55  145.17  -0.373  26.802   32.353   78.5   9.28  14.000    0.03479    2.22    2.53    3.19
14-07-2024 21:33:44.80  145.28  -0.372  26.803   32.353   78.5   9.28  14.000    0.04071    2.19    2.30    3.26
14-07-2024 21:33:45.05  145.35  -0.371  26.803   32.352   78.5   9.28  14.000    0.04959    2.20    2.48    2.96
14-07-2024 21:33:45.29  145.45  -0.370  26.803   32.351   78.5   9.28  14.000    0.04811    2.20    2.48    2.96
14-07-2024 21:33:45.54  145.58  -0.370  26.804   32.352   78.5   9.27  14.000    0.04515    2.05    1.86    3.16
14-07-2024 21:33:45.79  145.67  -0.369  26.804   32.351   78.5   9.27  14.000    0.03479    2.04    2.13    3.33
14-07-2024 21:33:46.04  145.75  -0.369  26.805   32.352   78.5   9.27  14.000    0.05181    2.07    2.42    3.32
14-07-2024 21:33:46.28  145.84  -0.369  26.805   32.352   78.5   9.27  14.000    0.04071    2.10    2.35    3.19
14-07-2024 21:33:46.52  145.93  -0.369  26.806   32.353   78.5   9.27  14.000    0.03627    2.17    2.35    2.73
14-07-2024 21:33:46.77  146.06  -0.368  26.805   32.352   78.5   9.27  14.000    0.04441    1.98    2.29    3.12
14-07-2024 21:33:47.01  146.14  -0.368  26.805   32.350   78.4   9.27  14.000    0.05477    1.98    2.29    3.12
14-07-2024 21:33:47.26  146.23  -0.367  26.806   32.352   78.4   9.26  14.000    0.05477    2.04    2.30    3.33
14-07-2024 21:33:47.50  146.33  -0.367  26.806   32.351   78.4   9.26  14.000    0.06809    2.09    2.20    2.94
14-07-2024 21:33:47.75  146.42  -0.367  26.807   32.352   78.4   9.26  14.000    0.05033    2.11    2.06    2.99
14-07-2024 21:33:47.99  146.52  -0.367  26.807   32.352   78.4   9.26  14.000    0.05181    2.17    2.45    2.96
14-07-2024 21:33:48.24  146.61  -0.367  26.806   32.351   78.4   9.26  14.000    0.03331    2.24    2.60    3.16
14-07-2024 21:33:48.48  146.73  -0.367  26.806   32.350   78.4   9.26  14.000    0.04441    2.01    1.97    3.06
14-07-2024 21:33:48.73  146.83  -0.367  26.806   32.351   78.4   9.26  14.000    0.05329    2.01    1.97    3.06
14-07-2024 21:33:48.98  146.93  -0.367  26.806   32.351   78.3   9.25  14.000    0.04441    2.12    1.53    3.09
14-07-2024 21:33:49.23  147.04  -0.366  26.806   32.350   78.3   9.25  14.000    0.04071    1.88    2.01    3.13
14-07-2024 21:33:49.47  147.13  -0.366  26.807   32.351   78.3   9.25  14.000    0.04441    2.23    2.94    3.10
14-07-2024 21:33:49.72  147.25  -0.366  26.807   32.351   78.3   9.25  14.000    0.05033    1.98    2.19    3.49
14-07-2024 21:33:49.97  147.35  -0.366  26.807   32.351   78.3   9.25  14.000    0.02961    2.15    1.62    3.33
14-07-2024 21:33:50.21  147.43  -0.366  26.808   32.352   78.3   9.25  14.000    0.04885    1.92    1.97    3.10
14-07-2024 21:33:50.45  147.57  -0.366  26.808   32.353   78.3   9.25  14.000    0.03627    1.92    1.97    3.10
14-07-2024 21:33:50.70  147.66  -0.366  26.810   32.355   78.3   9.25  14.000    0.05477    1.87    2.37    2.79
14-07-2024 21:33:50.95  147.76  -0.366  26.811   32.355   78.3   9.25  14.000    0.07253    2.17    2.12    3.01
14-07-2024 21:33:51.19  147.85  -0.365  26.814   32.359   78.3   9.24  14.000    0.04811    2.15    2.32    3.23
14-07-2024 21:33:51.44  147.97  -0.364  26.817   32.362   78.3   9.24  14.000    0.04737    2.20    2.14    3.33
14-07-2024 21:33:51.68  148.02  -0.363  26.821   32.365   78.3   9.24  14.000    0.03923    2.23    2.35    3.19
14-07-2024 21:33:51.93  148.12  -0.362  26.823   32.367   78.2   9.24  14.000    0.04959    1.95    1.93    3.33
14-07-2024 21:33:52.17  148.23  -0.359  26.823   32.364   78.2   9.24  14.000    0.04737    1.95    1.93    3.33
14-07-2024 21:33:52.42  148.34  -0.357  26.824   32.363   78.2   9.24  14.000    0.04071    1.95    1.94    3.28
14-07-2024 21:33:52.67  148.42  -0.355  26.824   32.361   78.2   9.24  14.000    0.05995    2.26    2.07    3.51
14-07-2024 21:33:52.92  148.55  -0.354  26.824   32.360   78.2   9.24  14.000    0.06291    2.11    2.14    3.15
14-07-2024 21:33:53.16  148.63  -0.353  26.824   32.359   78.2   9.23  14.000    0.04885    2.14    1.84    3.04
14-07-2024 21:33:53.41  148.72  -0.352  26.825   32.359   78.2   9.23  14.000    0.04663    1.99    2.55    2.88
14-07-2024 21:33:53.65  148.81  -0.351  26.825   32.359   78.2   9.23  14.000    0.05255    2.47    2.94    3.05
14-07-2024 21:33:53.90  148.91  -0.350  26.826   32.358   78.2   9.23  14.000    0.04293    2.47    2.94    3.05
14-07-2024 21:33:54.14  149.03  -0.350  26.825   32.357   78.2   9.23  14.000    0.04885    2.05    2.22    3.38
14-07-2024 21:33:54.39  149.14  -0.349  26.826   32.357   78.2   9.23  14.000    0.05625    1.97    2.04    3.14
14-07-2024 21:33:54.63  149.21  -0.349  26.826   32.356   78.2   9.23  14.000    0.04219    2.02    2.21    3.25
14-07-2024 21:33:54.88  149.35  -0.348  26.826   32.356   78.2   9.23  14.000    0.04885    2.07    2.40    3.13
14-07-2024 21:33:55.12  149.44  -0.348  26.827   32.357   78.1   9.23  14.000    0.05477    2.16    2.32    3.04
14-07-2024 21:33:55.37  149.51  -0.348  26.827   32.357   78.2   9.23  14.000    0.04515    2.22    1.95    3.25
14-07-2024 21:33:55.61  149.63  -0.348  26.827   32.357   78.1   9.22  14.000    0.04959    2.22    1.95    3.25
14-07-2024 21:33:55.86  149.69  -0.348  26.827   32.357   78.1   9.22  14.000    0.04811    2.15    2.54    3.09
14-07-2024 21:33:56.11  149.81  -0.347  26.827   32.356   78.1   9.22  14.000    0.07253    2.01    2.15    3.08
14-07-2024 21:33:56.36  149.89  -0.348  26.828   32.357   78.1   9.22  14.000    0.03923    1.51    2.14    3.12
14-07-2024 21:33:56.61  150.01  -0.347  26.822   32.348   78.1   9.22  14.000    0.04219    2.16    2.57    2.92
14-07-2024 21:33:56.85  150.10  -0.347  26.827   32.356   78.1   9.22  14.000    0.04219    2.20    2.08    3.26
14-07-2024 21:33:57.10  150.20  -0.347  26.828   32.357   78.1   9.22  14.000    0.04441    1.85    2.12    3.21
14-07-2024 21:33:57.34  150.29  -0.347  26.828   32.357   78.1   9.22  14.000    0.04737    1.85    2.12    3.21
14-07-2024 21:33:57.59  150.39  -0.347  26.828   32.356   78.1   9.22  14.000    0.03997    2.14    2.39    3.00
14-07-2024 21:33:57.83  150.47  -0.346  26.828   32.357   78.1   9.22  14.000    0.05255    2.15    2.01    3.34
14-07-2024 21:33:58.08  150.57  -0.347  26.829   32.358   78.1   9.22  14.000    0.05181    2.22    2.63    3.67
14-07-2024 21:33:58.32  150.69  -0.347  26.829   32.358   78.1   9.22  14.000    0.03035    2.01    1.51    3.12
14-07-2024 21:33:58.57  150.75  -0.346  26.829   32.357   78.1   9.22  14.000    0.04367    1.96    2.11    3.12
14-07-2024 21:33:58.81  150.87  -0.346  26.830   32.358   78.1   9.22  14.000    0.04219    2.19    1.91    3.05
14-07-2024 21:33:59.06  150.98  -0.346  26.830   32.358   78.0   9.21  14.000    0.04959    2.19    1.91    3.05
14-07-2024 21:33:59.30  151.05  -0.345  26.832   32.359   78.1   9.22  14.000    0.03479    1.89    2.51    3.13
14-07-2024 21:33:59.55  151.16  -0.345  26.832   32.359   78.0   9.21  14.000    0.03627    2.08    2.08    3.25
14-07-2024 21:33:59.80  151.25  -0.345  26.832   32.359   78.0   9.21  14.000    0.05033    2.21    2.64    3.10
14-07-2024 21:34:00.04  151.35  -0.344  26.832   32.358   78.0   9.21  14.000    0.06069    2.20    2.25    3.04
14-07-2024 21:34:00.29  151.48  -0.344  26.832   32.358   78.0   9.21  14.000    0.03923    1.80    1.84    3.09
14-07-2024 21:34:00.54  151.57  -0.343  26.833   32.359   78.0   9.21  14.000    0.04515    2.13    2.46    3.14
14-07-2024 21:34:00.78  151.66  -0.343  26.834   32.360   78.0   9.21  14.000    0.04367    2.13    2.46    3.14
14-07-2024 21:34:01.03  151.78  -0.343  26.836   32.362   78.0   9.21  14.000    0.03183    2.27    2.43    3.30
14-07-2024 21:34:01.27  151.86  -0.342  26.837   32.362   78.0   9.21  14.000    0.03257    1.92    2.08    3.19
14-07-2024 21:34:01.52  151.97  -0.341  26.837   32.362   78.0   9.21  14.000    0.03701    2.20    2.36    2.96
14-07-2024 21:34:01.76  152.02  -0.340  26.840   32.364   78.0   9.21  14.000    0.05181    2.15    2.36    3.16
14-07-2024 21:34:02.01  152.13  -0.339  26.840   32.363   78.0   9.20  14.000    0.05773    2.01    2.27    2.86
14-07-2024 21:34:02.25  152.28  -0.339  26.840   32.363   78.0   9.20  14.000    0.04885    2.38    2.48    3.12
14-07-2024 21:34:02.50  152.31  -0.338  26.841   32.364   78.0   9.20  14.000    0.04885    2.38    2.48    3.12
14-07-2024 21:34:02.74  152.48  -0.337  26.842   32.363   77.9   9.20  14.000    0.04959    1.75    2.83    3.25
14-07-2024 21:34:02.99  152.53  -0.336  26.840   32.359   77.9   9.20  14.000    0.04589    2.02    1.95    3.05
14-07-2024 21:34:03.24  152.65  -0.336  26.842   32.361   77.9   9.20  14.000    0.05699    2.12    2.29    3.30
14-07-2024 21:34:03.49  152.74  -0.335  26.842   32.361   77.9   9.20  14.000    0.04737    2.46    2.59    3.09
14-07-2024 21:34:03.73  152.81  -0.335  26.840   32.359   77.9   9.20  14.000    0.04885    1.96    2.18    3.37
14-07-2024 21:34:03.98  152.78  -0.334  26.841   32.360   77.9   9.20  14.000    0.05477    1.90    1.95    3.27
14-07-2024 21:34:04.23  152.76  -0.334  26.842   32.359   77.9   9.20  14.000    0.04441    1.90    1.95    3.27
14-07-2024 21:34:04.47  152.78  -0.334  26.842   32.360   77.9   9.20  14.000    0.04293    2.18    2.62    3.34
14-07-2024 21:34:04.72  152.82  -0.334  26.842   32.360   77.9   9.19  14.000    0.03553    1.99    1.99    2.97
14-07-2024 21:34:04.96  152.79  -0.334  26.842   32.359   77.9   9.20  14.000    0.05551    2.31    2.69    3.19
14-07-2024 21:34:05.21  152.76  -0.334  26.841   32.359   77.9   9.19  14.000    0.04663    1.81    2.47    3.04
14-07-2024 21:34:05.45  152.82  -0.333  26.842   32.359   77.9   9.19  14.000    0.03331    1.96    2.08    3.16
14-07-2024 21:34:05.70  152.79  -0.334  26.842   32.359   77.9   9.19  14.000    0.05033    1.97    2.46    3.22
14-07-2024 21:34:05.94  152.74  -0.333  26.842   32.359   77.9   9.19  14.000    0.05107    1.97    2.46    3.22
14-07-2024 21:34:06.19  152.77  -0.333  26.842   32.359   77.9   9.19  14.000    0.05107    2.26    2.42    3.01
14-07-2024 21:34:06.43  152.80  -0.333  26.841   32.358   77.9   9.19  14.000    0.05033    2.03    2.42    3.00
14-07-2024 21:34:06.68  152.76  -0.333  26.842   32.360   77.9   9.19  14.000    0.03553    2.17    1.82    3.03
14-07-2024 21:34:06.92  152.80  -0.333  26.842   32.359   77.8   9.19  14.000    0.06291    1.85    2.41    3.11
14-07-2024 21:34:07.18  152.80  -0.333  26.842   32.358   77.8   9.19  14.000    0.04589    2.17    2.27    2.92
14-07-2024 21:34:07.42  152.80  -0.333  26.842   32.359   77.8   9.18  14.000    0.04293    2.15    2.17    3.09
14-07-2024 21:34:07.67  152.78  -0.333  26.842   32.358   77.8   9.18  14.000    0.04959    2.15    2.17    3.09
14-07-2024 21:34:07.91  152.77  -0.333  26.842   32.359   77.8   9.18  14.000    0.03923    2.35    2.18    3.23
14-07-2024 21:34:08.17  152.76  -0.333  26.842   32.359   77.7   9.18  14.000    0.02961    2.31    2.58    3.03
14-07-2024 21:34:08.40  152.81  -0.333  26.842   32.359   77.7   9.17  14.000    0.04293    1.98    2.31    3.26
14-07-2024 21:34:08.65  152.78  -0.333  26.842   32.360   77.7   9.17  14.000    0.06661    2.07    2.29    3.05
14-07-2024 21:34:08.89  152.80  -0.333  26.842   32.359   77.7   9.17  14.000    0.03701    2.05    2.44    3.26
14-07-2024 21:34:09.14  152.79  -0.333  26.842   32.358   77.6   9.16  14.000    0.05181    2.27    2.70    3.20
14-07-2024 21:34:09.38  152.79  -0.333  26.841   32.358   77.6   9.16  14.000    0.05403    2.27    2.70    3.20
14-07-2024 21:34:09.63  152.78  -0.333  26.842   32.359   77.6   9.15  14.000    0.04885    1.84    2.47    2.90
14-07-2024 21:34:09.87  152.77  -0.333  26.842   32.360   77.5   9.15  14.000    0.04219    2.04    1.79    3.32
14-07-2024 21:34:10.12  152.79  -0.333  26.842   32.360   77.5   9.15  14.000    0.05033    2.32    2.56    3.02
14-07-2024 21:34:10.37  152.76  -0.333  26.842   32.358   77.4   9.14  14.000    0.05255    1.79    1.96    3.30
14-07-2024 21:34:10.61  152.78  -0.333  26.842   32.358   77.4   9.13  14.000    0.04293    1.93    2.51    3.02
14-07-2024 21:34:10.86  152.81  -0.333  26.842   32.359   77.3   9.13  14.000    0.04071    1.90    2.29    3.13
14-07-2024 21:34:11.11  152.81  -0.333  26.842   32.359   77.3   9.12  14.000    0.05625    1.90    2.29    3.13
14-07-2024 21:34:11.36  152.81  -0.333  26.843   32.360   77.2   9.11  14.000    0.04959    2.10    1.85    3.13
14-07-2024 21:34:11.60  152.79  -0.333  26.841   32.359   77.2   9.11  14.000    0.04737    1.93    2.21    3.32
14-07-2024 21:34:11.85  152.77  -0.333  26.843   32.360   77.1   9.10  14.000    0.04959    1.77    2.35    2.75
14-07-2024 21:34:12.09  152.83  -0.333  26.842   32.359   77.1   9.10  14.000    0.07179    2.26    2.24    3.33
14-07-2024 21:34:12.34  152.76  -0.333  26.842   32.360   77.0   9.09  14.000    0.05329    1.85    2.41    2.80
14-07-2024 21:34:12.58  152.82  -0.333  26.842   32.360   77.0   9.08  14.000    0.06809    2.05    2.29    3.21
14-07-2024 21:34:12.83  152.77  -0.333  26.842   32.360   76.9   9.08  14.000    0.03479    2.05    2.29    3.21
14-07-2024 21:34:13.07  152.77  -0.333  26.842   32.359   76.8   9.07  14.000    0.05033    2.20    1.81    3.13
14-07-2024 21:34:13.32  152.81  -0.333  26.843   32.361   76.8   9.06  14.000    0.04515    1.83    1.96    3.57
14-07-2024 21:34:13.56  152.81  -0.333  26.843   32.360   76.7   9.05  14.000    0.04293    2.02    2.89    3.29
14-07-2024 21:34:13.81  152.80  -0.333  26.843   32.360   76.6   9.05  14.000    0.05625    2.22    2.14    3.38
14-07-2024 21:34:14.05  152.80  -0.333  26.843   32.360   76.6   9.04  14.000    0.04367    2.08    2.02    2.92
14-07-2024 21:34:14.30  152.82  -0.333  26.842   32.359   76.5   9.03  14.000    0.06439    2.09    1.95    3.27
14-07-2024 21:34:14.55  152.81  -0.333  26.842   32.359   76.4   9.02  14.000    0.04145    2.09    1.95    3.27
14-07-2024 21:34:14.79  152.79  -0.333  26.843   32.360   76.4   9.01  14.000    0.04145    1.95    2.14    2.95
14-07-2024 21:34:15.04  152.75  -0.333  26.843   32.360   76.3   9.00  14.000    0.03923    2.34    2.39    3.10
14-07-2024 21:34:15.29  152.77  -0.333  26.843   32.360   76.3   9.00  14.000    0.04071    1.93    2.48    2.95
14-07-2024 21:34:15.53  152.77  -0.333  26.843   32.360   76.2   8.99  14.000    0.05181    2.08    2.12    3.05
14-07-2024 21:34:15.78  152.80  -0.333  26.843   32.359   76.1   8.99  14.000    0.03701    2.24    2.49    3.18
14-07-2024 21:34:16.02  152.78  -0.332  26.843   32.360   76.1   8.98  14.000    0.04293    2.02    2.33    3.08
14-07-2024 21:34:16.27  152.80  -0.332  26.843   32.360   76.0   8.97  14.000    0.03553    2.02    2.33    3.08
14-07-2024 21:34:16.51  152.84  -0.332  26.843   32.360   76.0   8.97  14.000    0.03997    2.29    2.56    3.06
14-07-2024 21:34:16.76  152.81  -0.333  26.843   32.359   76.0   8.96  14.000    0.05181    2.15    2.13    3.42
14-07-2024 21:34:17.00  152.78  -0.332  26.844   32.360   75.9   8.96  14.000    0.05699    2.05    2.00    3.56
14-07-2024 21:34:17.25  152.79  -0.332  26.843   32.360   75.9   8.96  14.000    0.05921    1.91    2.36    2.95
14-07-2024 21:34:17.49  152.79  -0.332  26.843   32.359   75.9   8.95  14.000    0.05107    2.03    2.35    3.44
14-07-2024 21:34:17.74  152.80  -0.333  26.842   32.359   75.9   8.95  14.000    0.07550    2.08    2.32    3.16
14-07-2024 21:34:17.98  152.79  -0.332  26.843   32.359   75.8   8.95  14.000    0.04441    2.08    2.32    3.16
14-07-2024 21:34:18.24  152.82  -0.333  26.843   32.360   75.8   8.95  14.000    0.02146    2.10    2.33    3.06
14-07-2024 21:34:18.48  152.81  -0.332  26.842   32.358   75.8   8.95  14.000    0.03701    2.02    2.41    2.83
14-07-2024 21:34:18.73  152.81  -0.333  26.845   32.362   75.8   8.94  14.000    0.04663    2.00    2.27    2.98
14-07-2024 21:34:18.98  152.78  -0.332  26.842   32.359   75.8   8.94  14.000    0.05107    2.09    2.26    3.10
14-07-2024 21:34:19.23  152.83  -0.332  26.843   32.359   75.8   8.94  14.000    0.04885    1.79    2.17    3.33
14-07-2024 21:34:19.47  152.77  -0.332  26.843   32.360   75.8   8.94  14.000    0.05033    2.19    2.21    3.14
14-07-2024 21:34:19.71  152.80  -0.332  26.844   32.361   75.8   8.94  14.000    0.04219    2.19    2.21    3.14
14-07-2024 21:34:19.96  152.75  -0.332  26.843   32.360   75.8   8.94  14.000    0.02591    2.01    1.74    3.12
14-07-2024 21:34:20.20  152.80  -0.333  26.844   32.361   75.8   8.94  14.000    0.04589    1.96    2.64    3.46
14-07-2024 21:34:20.45  152.77  -0.333  26.843   32.359   75.8   8.94  14.000    0.04663    1.96    2.34    3.28
14-07-2024 21:34:20.69  152.80  -0.332  26.843   32.360   75.8   8.94  14.000    0.05033    1.75    2.90    3.23
14-07-2024 21:34:20.94  152.81  -0.332  26.844   32.360   75.8   8.94  14.000    0.03775    2.05    2.15    3.19
14-07-2024 21:34:21.18  152.82  -0.332  26.843   32.359   75.8   8.94  14.000    0.05181    2.31    2.44    3.05
14-07-2024 21:34:21.43  152.82  -0.332  26.843   32.359   75.8   8.94  14.000    0.04071    2.31    2.44    3.05
14-07-2024 21:34:21.67  152.82  -0.332  26.843   32.359   75.8   8.94  14.000    0.05107    2.01    2.60    3.16
14-07-2024 21:34:21.92  152.82  -0.332  26.844   32.361   75.8   8.94  14.000    0.03627    2.34    2.63    2.87
14-07-2024 21:34:22.17  152.81  -0.332  26.843   32.359   75.8   8.94  14.000    0.04145    2.15    2.42    3.13
14-07-2024 21:34:22.42  152.82  -0.332  26.842   32.357   75.8   8.94  14.000    0.03701    2.21    2.45    3.12
14-07-2024 21:34:22.66  152.76  -0.332  26.844   32.360   75.8   8.94  14.000    0.02220    2.08    2.16    2.93
14-07-2024 21:34:22.91  152.72  -0.332  26.845   32.361   75.8   8.94  14.000    0.06735    2.33    2.20    2.74
14-07-2024 21:34:23.15  152.71  -0.332  26.844   32.361   75.8   8.94  14.000    0.04885    2.33    2.20    2.74
14-07-2024 21:34:23.40  152.61  -0.331  26.844   32.360   75.8   8.94  14.000    0.06069    2.12    2.16    2.79
14-07-2024 21:34:23.64  152.56  -0.331  26.845   32.361   75.8   8.94  14.000    0.04441    2.05    2.43    2.96
14-07-2024 21:34:23.89  152.40  -0.331  26.846   32.362   75.8   8.95  14.000    0.05403    1.99    2.32    3.33
14-07-2024 21:34:24.13  152.36  -0.331  26.845   32.362   75.8   8.94  14.000    0.05181    1.90    2.26    3.03
14-07-2024 21:34:24.38  152.20  -0.330  26.844   32.359   75.8   8.94  14.000    0.04071    1.92    2.32    3.21
14-07-2024 21:34:24.62  152.08  -0.329  26.844   32.358   75.8   8.94  14.000    0.03997    1.92    2.32    3.21
14-07-2024 21:34:24.87  151.99  -0.328  26.844   32.358   75.8   8.94  14.000    0.02591    2.40    2.65    3.39
14-07-2024 21:34:25.11  151.84  -0.327  26.846   32.359   75.8   8.95  14.000    0.05477    2.15    2.56    3.50
14-07-2024 21:34:25.36  151.74  -0.327  26.846   32.359   75.8   8.94  14.000    0.02813    2.19    2.45    3.04
14-07-2024 21:34:25.61  151.62  -0.328  26.847   32.361   75.8   8.95  14.000    0.03923    1.91    2.53    3.01
14-07-2024 21:34:25.86  151.52  -0.328  26.846   32.360   75.8   8.95  14.000    0.03183    2.15    2.46    3.17
14-07-2024 21:34:26.11  151.35  -0.329  26.846   32.361   75.8   8.95  14.000    0.03923    2.11    2.40    2.95
14-07-2024 21:34:26.35  151.19  -0.329  26.846   32.361   75.9   8.95  14.000    0.03923    2.07    1.94    2.91
14-07-2024 21:34:26.60  151.10  -0.329  26.844   32.359   75.9   8.95  14.000    0.03997    2.07    1.94    2.91
14-07-2024 21:34:26.84  150.84  -0.331  26.844   32.361   75.9   8.96  14.000    0.03849    2.17    3.05    2.91
14-07-2024 21:34:27.09  150.54  -0.333  26.845   32.364   75.9   8.96  14.000    0.01998    2.27    2.16    3.08
14-07-2024 21:34:27.33  150.27  -0.339  26.834   32.356   75.9   8.96  14.000    0.03775    1.81    2.09    3.24
14-07-2024 21:34:27.58  149.99  -0.341  26.834   32.359   75.9   8.96  14.000    0.04145    2.19    2.41    3.08
14-07-2024 21:34:27.82  149.71  -0.342  26.833   32.359   76.0   8.97  14.000    0.04293    1.86    2.23    3.01
14-07-2024 21:34:28.07  149.37  -0.342  26.832   32.357   76.0   8.97  14.000    0.04885    1.86    2.23    3.01
14-07-2024 21:34:28.31  149.14  -0.343  26.832   32.358   76.0   8.97  14.000    0.04071    1.94    1.83    3.21
14-07-2024 21:34:28.56  148.82  -0.343  26.831   32.357   76.0   8.97  14.000    0.05181    2.18    2.26    2.89
14-07-2024 21:34:28.80  148.53  -0.344  26.831   32.359   76.0   8.97  14.000    0.03035    2.26    2.09    3.04
14-07-2024 21:34:29.05  148.26  -0.344  26.829   32.356   76.0   8.98  14.000    0.02517    1.80    2.27    2.87
14-07-2024 21:34:29.30  147.95  -0.344  26.828   32.355   76.1   8.98  14.000    0.04145    2.12    1.67    2.98
14-07-2024 21:34:29.54  147.67  -0.345  26.829   32.358   76.1   8.99  14.000    0.03627    2.04    1.87    3.29
14-07-2024 21:34:29.79  147.38  -0.345  26.829   32.357   76.1   8.99  14.000    0.03257    2.04    1.87    3.29
14-07-2024 21:34:30.04  147.07  -0.346  26.826   32.355   76.2   8.99  14.000    0.04737    2.02    2.28    3.35
14-07-2024 21:34:30.28  146.87  -0.347  26.826   32.356   76.2   9.00  14.000    0.03775    1.98    2.02    3.38
14-07-2024 21:34:30.53  146.58  -0.348  26.825   32.356   76.2   9.00  14.000    0.03331    2.20    1.90    3.10
14-07-2024 21:34:30.77  146.32  -0.352  26.817   32.350   76.3   9.01  14.000    0.03627    2.15    2.51    3.21
14-07-2024 21:34:31.02  146.05  -0.356  26.813   32.349   76.3   9.01  14.000    0.05033    1.81    2.65    3.08
14-07-2024 21:34:31.26  145.79  -0.360  26.814   32.355   76.3   9.02  14.000    0.01998    2.13    2.48    3.29
14-07-2024 21:34:31.51  145.61  -0.360  26.813   32.354   76.4   9.02  14.000    0.03405    2.13    2.48    3.29
14-07-2024 21:34:31.75  145.41  -0.361  26.814   32.356   76.4   9.03  14.000    0.03849    1.85    2.56    3.27
14-07-2024 21:34:32.00  145.12  -0.361  26.815   32.357   76.4   9.03  14.000    0.05329    1.89    2.16    3.26
14-07-2024 21:34:32.24  144.82  -0.362  26.812   32.355   76.5   9.03  14.000    0.03257    2.06    2.37    3.14
14-07-2024 21:34:32.49  144.58  -0.363  26.810   32.353   76.5   9.04  14.000    0.03109    2.04    2.28    3.34
14-07-2024 21:34:32.73  144.31  -0.364  26.809   32.353   76.5   9.04  14.000    0.03331    2.03    1.97    3.16
14-07-2024 21:34:32.99  144.00  -0.366  26.806   32.352   76.6   9.04  14.000    0.02517    2.03    2.26    3.25
14-07-2024 21:34:33.23  143.80  -0.367  26.806   32.351   76.6   9.05  14.000    0.02887    2.03    2.26    3.25
14-07-2024 21:34:33.48  143.44  -0.367  26.805   32.351   76.6   9.05  14.000    0.03923    2.44    2.73    3.17
14-07-2024 21:34:33.73  143.24  -0.368  26.805   32.352   76.6   9.05  14.000    0.04293    2.25    2.34    2.96
14-07-2024 21:34:33.97  142.94  -0.368  26.802   32.350   76.6   9.06  14.000    0.02146    1.72    2.55    3.26
14-07-2024 21:34:34.22  142.76  -0.369  26.802   32.350   76.7   9.06  14.000    0.04663    1.93    2.44    3.10
14-07-2024 21:34:34.46  142.60  -0.372  26.796   32.346   76.7   9.06  14.000    0.03405    2.41    1.94    3.16
14-07-2024 21:34:34.71  142.52  -0.376  26.796   32.349   76.7   9.07  14.000    0.03997    1.96    2.37    2.99
14-07-2024 21:34:34.95  142.38  -0.380  26.794   32.352   76.8   9.07  14.000    0.05477    1.96    2.37    2.99
14-07-2024 21:34:35.20  142.20  -0.384  26.794   32.355   76.8   9.07  14.000    0.04441    1.92    2.21    3.40
14-07-2024 21:34:35.44  141.87  -0.386  26.788   32.351   76.8   9.08  14.000    0.04293    2.00    2.18    3.62
14-07-2024 21:34:35.69  141.57  -0.387  26.788   32.351   76.8   9.08  14.000    0.03997    2.06    2.29    3.40
14-07-2024 21:34:35.93  141.27  -0.387  26.788   32.351   76.8   9.08  14.000    0.04071    2.01    2.01    3.30
14-07-2024 21:34:36.18  140.99  -0.389  26.786   32.351   76.9   9.09  14.000    0.02813    2.07    2.77    3.19
14-07-2024 21:34:36.42  140.75  -0.390  26.783   32.348   76.9   9.09  14.000    0.02813    2.03    2.63    2.87
14-07-2024 21:34:36.68  140.46  -0.392  26.781   32.348   76.9   9.09  14.000    0.03923    2.03    2.63    2.87
14-07-2024 21:34:36.92  140.17  -0.396  26.773   32.342   76.9   9.09  14.000    0.03331    2.52    2.43    3.24
14-07-2024 21:34:37.17  139.88  -0.400  26.771   32.343   76.9   9.10  14.000    0.05995    2.02    2.34    3.49
14-07-2024 21:34:37.42  139.62  -0.401  26.770   32.344   77.0   9.10  14.000    0.03553    1.79    2.41    3.14
14-07-2024 21:34:37.66  139.38  -0.403  26.770   32.345   77.0   9.10  14.000    0.02665    2.05    2.20    3.10
14-07-2024 21:34:37.91  139.10  -0.402  26.769   32.343   77.0   9.10  14.000    0.03775    1.97    2.30    3.36
14-07-2024 21:34:38.15  138.94  -0.401  26.771   32.345   77.0   9.11  14.000    0.03775    1.71    2.09    3.39
14-07-2024 21:34:38.40  138.88  -0.401  26.770   32.344   77.0   9.11  14.000    0.03775    1.71    2.09    3.39
14-07-2024 21:34:38.64  138.83  -0.401  26.769   32.342   77.1   9.11  14.000    0.03923    2.03    2.23    3.14
14-07-2024 21:34:38.89  138.76  -0.401  26.769   32.342   77.1   9.12  14.000    0.04589    2.07    2.60    3.07
14-07-2024 21:34:39.13  138.65  -0.402  26.769   32.343   77.1   9.12  14.000    0.03775    1.65    1.97    2.94
14-07-2024 21:34:39.38  138.40  -0.401  26.769   32.344   77.1   9.12  14.000    0.04071    1.97    2.42    3.28
14-07-2024 21:34:39.62  138.25  -0.401  26.769   32.343   77.1   9.12  14.000    0.03405    2.17    2.27    3.18
14-07-2024 21:34:39.87  138.15  -0.401  26.769   32.343   77.1   9.12  14.000    0.03849    2.01    2.44    3.36
14-07-2024 21:34:40.11  137.99  -0.401  26.769   32.343   77.2   9.13  14.000    0.04737    2.01    2.44    3.36
14-07-2024 21:34:40.36  137.89  -0.401  26.769   32.343   77.2   9.13  14.000    0.06217    2.04    2.36    3.30
14-07-2024 21:34:40.61  137.68  -0.401  26.769   32.343   77.2   9.13  14.000    0.03405    2.22    2.31    3.19
14-07-2024 21:34:40.86  137.56  -0.401  26.769   32.343   77.3   9.14  14.000    0.05329    1.84    2.43    2.91
14-07-2024 21:34:41.11  137.47  -0.403  26.769   32.346   77.3   9.14  14.000    0.03109    1.78    2.49    2.92
14-07-2024 21:34:41.35  137.39  -0.403  26.768   32.345   77.3   9.14  14.000    0.03479    1.99    2.62    3.27
14-07-2024 21:34:41.59  137.21  -0.404  26.767   32.344   77.3   9.14  14.000    0.03997    2.23    2.32    3.25
14-07-2024 21:34:41.84  137.06  -0.403  26.769   32.345   77.3   9.15  14.000    0.04071    2.23    2.32    3.25
14-07-2024 21:34:42.08  136.93  -0.404  26.769   32.346   77.4   9.15  14.000    0.03627    1.81    1.79    3.02
14-07-2024 21:34:42.33  136.80  -0.403  26.769   32.345   77.4   9.15  14.000    0.05329    2.35    2.21    3.42
14-07-2024 21:34:42.57  136.67  -0.404  26.767   32.344   77.4   9.15  14.000    0.03183    2.30    2.27    3.09
14-07-2024 21:34:42.82  136.58  -0.405  26.768   32.346   77.4   9.16  14.000    0.05255    2.27    2.47    3.23
14-07-2024 21:34:43.06  136.44  -0.405  26.768   32.347   77.4   9.16  14.000    0.05255    2.21    2.55    3.25
14-07-2024 21:34:43.31  136.28  -0.405  26.767   32.345   77.5   9.16  14.000    0.03331    1.92    2.16    3.23
14-07-2024 21:34:43.55  136.20  -0.405  26.766   32.344   77.5   9.16  14.000    0.04219    1.92    2.16    3.23
14-07-2024 21:34:43.80  136.06  -0.406  26.765   32.343   77.5   9.16  14.000    0.04367    1.88    2.75    2.88
14-07-2024 21:34:44.05  135.92  -0.406  26.764   32.343   77.5   9.16  14.000    0.04663    2.06    2.24    2.97
14-07-2024 21:34:44.30  135.72  -0.407  26.763   32.342   77.5   9.17  14.000    0.05255    2.03    1.93    2.97
14-07-2024 21:34:44.55  135.60  -0.407  26.762   32.341   77.5   9.16  14.000    0.04293    1.88    2.52    3.29
14-07-2024 21:34:44.79  135.49  -0.408  26.761   32.341   77.5   9.17  14.000    0.02665    2.08    2.40    3.23
14-07-2024 21:34:45.04  135.38  -0.409  26.761   32.342   77.5   9.17  14.000    0.04219    2.14    2.10    3.29
14-07-2024 21:34:45.28  135.26  -0.409  26.759   32.340   77.5   9.17  14.000    0.03997    2.14    2.10    3.29
14-07-2024 21:34:45.53  135.09  -0.411  26.759   32.342   77.5   9.17  14.000    0.04071    2.22    2.57    3.26
14-07-2024 21:34:45.77  134.90  -0.412  26.758   32.342   77.5   9.17  14.000    0.04663    2.03    2.37    2.91
14-07-2024 21:34:46.02  134.77  -0.412  26.758   32.342   77.5   9.17  14.000    0.04515    2.00    2.13    3.11
14-07-2024 21:34:46.26  134.65  -0.412  26.759   32.343   77.5   9.17  14.000    0.05551    1.89    2.49    3.13
14-07-2024 21:34:46.51  134.51  -0.413  26.758   32.343   77.5   9.17  14.000    0.04885    1.89    2.53    3.00
14-07-2024 21:34:46.75  134.38  -0.414  26.756   32.341   77.5   9.17  14.000    0.04663    2.06    2.05    3.07
14-07-2024 21:34:47.00  134.27  -0.414  26.756   32.342   77.5   9.16  14.000    0.04441    2.06    2.05    3.07
14-07-2024 21:34:47.24  134.14  -0.415  26.756   32.343   77.5   9.16  14.000    0.03257    2.09    2.48    3.09
14-07-2024 21:34:47.49  133.96  -0.415  26.754   32.341   77.5   9.16  14.000    0.03553    2.19    1.83    3.18
14-07-2024 21:34:47.74  133.79  -0.416  26.753   32.341   77.5   9.16  14.000    0.03627    2.23    2.24    2.79
14-07-2024 21:34:47.98  133.66  -0.417  26.752   32.339   77.5   9.16  14.000    0.07624    1.76    2.09    2.95
14-07-2024 21:34:48.23  133.56  -0.419  26.752   32.342   77.4   9.16  14.000    0.06217    2.06    2.27    3.08
14-07-2024 21:34:48.48  133.36  -0.419  26.752   32.342   77.4   9.16  14.000    0.04811    2.16    2.18    3.15
14-07-2024 21:34:48.72  133.23  -0.420  26.750   32.340   77.4   9.16  14.000    0.03775    2.16    2.18    3.15
14-07-2024 21:34:48.97  133.03  -0.421  26.750   32.342   77.4   9.16  14.000    0.03849    2.15    2.00    3.01
14-07-2024 21:34:49.21  132.95  -0.422  26.749   32.342   77.4   9.16  14.000    0.03331    2.23    2.09    3.05
14-07-2024 21:34:49.46  132.79  -0.423  26.749   32.343   77.4   9.16  14.000    0.04441    1.82    2.27    2.93
14-07-2024 21:34:49.70  132.60  -0.424  26.749   32.343   77.4   9.16  14.000    0.05773    2.19    1.93    3.24
14-07-2024 21:34:49.95  132.51  -0.425  26.746   32.341   77.4   9.16  14.000    0.03923    2.13    2.38    2.89
14-07-2024 21:34:50.19  132.29  -0.426  26.746   32.341   77.4   9.15  14.000    0.04071    2.15    1.71    3.01
14-07-2024 21:34:50.44  132.15  -0.426  26.745   32.341   77.4   9.15  14.000    0.03553    2.15    1.71    3.01
14-07-2024 21:34:50.68  132.02  -0.428  26.742   32.339   77.3   9.15  14.000    0.06069    2.10    1.92    3.05
14-07-2024 21:34:50.93  131.83  -0.431  26.739   32.338   77.3   9.15  14.000    0.04737    1.88    2.37    3.21
14-07-2024 21:34:51.17  131.67  -0.431  26.737   32.336   77.4   9.15  14.000    0.03035    1.84    2.59    3.38
14-07-2024 21:34:51.43  131.49  -0.433  26.735   32.335   77.3   9.15  14.000    0.06439    2.02    2.62    3.17
14-07-2024 21:34:51.67  131.32  -0.435  26.732   32.335   77.3   9.16  14.000    0.03849    1.98    1.84    3.33
14-07-2024 21:34:51.92  131.13  -0.438  26.726   32.329   77.3   9.16  14.000    0.03257    2.12    2.15    3.15
14-07-2024 21:34:52.17  131.00  -0.441  26.725   32.331   77.3   9.15  14.000    0.03701    2.12    2.15    3.15
14-07-2024 21:34:52.41  130.89  -0.442  26.724   32.331   77.3   9.16  14.000    0.04441    2.02    2.35    3.35
14-07-2024 21:34:52.66  130.72  -0.439  26.726   32.331   77.3   9.16  14.000    0.04145    2.23    2.93    3.22
14-07-2024 21:34:52.90  130.52  -0.442  26.725   32.333   77.3   9.16  14.000    0.03775    2.02    2.77    2.85
14-07-2024 21:34:53.15  130.34  -0.445  26.721   32.330   77.3   9.16  14.000    0.06661    2.03    2.19    3.09
14-07-2024 21:34:53.39  130.15  -0.447  26.717   32.327   77.3   9.16  14.000    0.02887    1.75    2.72    3.62
14-07-2024 21:34:53.64  129.96  -0.450  26.716   32.330   77.3   9.16  14.000    0.03257    2.12    2.23    3.28
14-07-2024 21:34:53.88  129.79  -0.452  26.715   32.329   77.4   9.16  14.000    0.03479    2.12    2.23    3.28
14-07-2024 21:34:54.13  129.66  -0.454  26.713   32.329   77.4   9.16  14.000    0.04367    1.92    2.00    3.16
14-07-2024 21:34:54.37  129.48  -0.454  26.713   32.330   77.4   9.16  14.000    0.02294    1.98    1.92    3.25
14-07-2024 21:34:54.62  129.29  -0.455  26.712   32.330   77.4   9.17  14.000    0.03331    1.83    2.15    3.21
14-07-2024 21:34:54.86  129.05  -0.456  26.710   32.329   77.4   9.17  14.000    0.03775    1.94    2.39    3.09
14-07-2024 21:34:55.11  128.91  -0.457  26.708   32.327   77.4   9.17  14.000    0.03923    2.35    2.13    3.08
14-07-2024 21:34:55.36  128.68  -0.458  26.707   32.327   77.4   9.17  14.000    0.03997    2.10    2.11    3.22
14-07-2024 21:34:55.61  128.49  -0.459  26.706   32.327   77.4   9.17  14.000    0.04515    2.10    2.11    3.22
14-07-2024 21:34:55.85  128.37  -0.460  26.705   32.326   77.4   9.17  14.000    0.04885    2.03    2.11    3.17
14-07-2024 21:34:56.10  128.13  -0.463  26.702   32.325   77.4   9.17  14.000    0.04293    1.91    2.32    3.02
14-07-2024 21:34:56.34  127.96  -0.463  26.701   32.325   77.4   9.17  14.000    0.04071    1.89    2.53    3.27
14-07-2024 21:34:56.59  127.80  -0.464  26.702   32.327   77.4   9.17  14.000    0.04959    2.12    2.39    3.33
14-07-2024 21:34:56.83  127.58  -0.467  26.698   32.325   77.5   9.18  14.000    0.04811    2.16    1.89    3.36
14-07-2024 21:34:57.08  127.41  -0.471  26.694   32.324   77.5   9.18  14.000    0.03035    2.23    2.30    2.96
14-07-2024 21:34:57.32  127.18  -0.474  26.689   32.321   77.5   9.18  14.000    0.03849    2.23    2.30    2.96
14-07-2024 21:34:57.57  127.01  -0.475  26.689   32.321   77.5   9.18  14.000    0.04219    2.00    2.18    3.28
14-07-2024 21:34:57.81  126.84  -0.477  26.686   32.319   77.5   9.18  14.000    0.03183    1.92    2.13    3.03
14-07-2024 21:34:58.06  126.63  -0.479  26.686   32.322   77.5   9.19  14.000    0.05477    2.18    2.30    3.35
14-07-2024 21:34:58.30  126.42  -0.481  26.683   32.320   77.5   9.19  14.000    0.03553    2.30    2.72    3.08
14-07-2024 21:34:58.55  126.20  -0.484  26.678   32.317   77.5   9.19  14.000    0.03923    2.21    2.38    3.47
14-07-2024 21:34:58.80  126.00  -0.487  26.675   32.316   77.6   9.19  14.000    0.04145    1.98    2.20    3.34
14-07-2024 21:34:59.04  125.80  -0.488  26.674   32.317   77.6   9.20  14.000    0.03849    1.98    2.20    3.34
14-07-2024 21:34:59.30  125.62  -0.490  26.672   32.316   77.6   9.20  14.000    0.04885    2.04    2.43    3.23
14-07-2024 21:34:59.54  125.38  -0.493  26.670   32.316   77.6   9.20  14.000    0.04663    2.05    1.92    3.03
14-07-2024 21:34:59.79  125.22  -0.494  26.669   32.316   77.6   9.20  14.000    0.03331    2.21    2.12    3.37
14-07-2024 21:35:00.03  125.02  -0.496  26.667   32.315   77.6   9.20  14.000    0.03775    2.09    2.21    3.07
14-07-2024 21:35:00.28  124.79  -0.497  26.666   32.316   77.6   9.20  14.000    0.03923    1.93    2.04    3.16
14-07-2024 21:35:00.52  124.57  -0.498  26.665   32.315   77.6   9.21  14.000    0.02665    2.00    2.48    3.09
14-07-2024 21:35:00.77  124.40  -0.499  26.663   32.314   77.7   9.21  14.000    0.04071    2.00    2.48    3.09
14-07-2024 21:35:01.01  124.16  -0.501  26.660   32.312   77.7   9.21  14.000    0.03257    2.13    2.03    3.09
14-07-2024 21:35:01.26  123.93  -0.502  26.658   32.311   77.7   9.21  14.000    0.02887    1.77    2.57    3.19
14-07-2024 21:35:01.50  123.71  -0.503  26.656   32.310   77.7   9.21  14.000    0.02665    2.45    2.43    2.94
14-07-2024 21:35:01.75  123.47  -0.506  26.652   32.307   77.7   9.22  14.000    0.03257    2.60    2.14    3.19
14-07-2024 21:35:01.99  123.28  -0.511  26.646   32.304   77.7   9.22  14.000    0.04737    2.16    1.90    3.18
14-07-2024 21:35:02.24  123.03  -0.515  26.645   32.308   77.7   9.22  14.000    0.04737    2.28    2.27    3.11
14-07-2024 21:35:02.49  122.80  -0.518  26.642   32.307   77.8   9.23  14.000    0.04219    2.28    2.27    3.11
14-07-2024 21:35:02.73  122.53  -0.519  26.641   32.308   77.8   9.23  14.000    0.03331    2.11    2.08    3.41
14-07-2024 21:35:02.98  122.35  -0.519  26.641   32.308   77.8   9.23  14.000    0.03701    1.95    2.01    3.12
14-07-2024 21:35:03.23  122.08  -0.523  26.635   32.304   77.8   9.23  14.000    0.03849    2.08    2.35    3.09
14-07-2024 21:35:03.47  121.84  -0.526  26.631   32.301   77.8   9.23  14.000    0.04515    2.25    2.34    3.01
14-07-2024 21:35:03.72  121.68  -0.527  26.631   32.302   77.8   9.23  14.000    0.03997    2.12    2.13    3.22
14-07-2024 21:35:03.96  121.39  -0.528  26.632   32.305   77.8   9.24  14.000    0.06069    2.11    2.52    3.13
14-07-2024 21:35:04.21  121.17  -0.529  26.632   32.306   77.8   9.24  14.000    0.03183    2.11    2.52    3.13
14-07-2024 21:35:04.45  120.92  -0.529  26.629   32.303   77.8   9.24  14.000    0.03701    1.69    2.33    3.30
14-07-2024 21:35:04.70  120.73  -0.530  26.626   32.300   77.9   9.24  14.000    0.03923    1.85    2.36    3.37
14-07-2024 21:35:04.94  120.48  -0.531  26.625   32.299   77.9   9.24  14.000    0.03405    1.80    2.40    3.17
14-07-2024 21:35:05.19  120.22  -0.532  26.624   32.299   77.9   9.24  14.000    0.03257    2.32    1.92    3.18
14-07-2024 21:35:05.43  120.00  -0.532  26.622   32.297   77.9   9.24  14.000    0.03331    1.78    2.34    3.16
14-07-2024 21:35:05.68  119.78  -0.533  26.620   32.296   77.9   9.25  14.000    0.02368    1.78    2.34    3.16
14-07-2024 21:35:05.92  119.51  -0.534  26.620   32.297   77.9   9.25  14.000    0.03257    1.59    2.11    3.39
14-07-2024 21:35:06.17  119.27  -0.535  26.617   32.294   77.9   9.25  14.000    0.03923    1.85    2.22    2.95
14-07-2024 21:35:06.42  119.01  -0.536  26.616   32.294   78.0   9.25  14.000    0.04885    1.85    1.95    2.88
14-07-2024 21:35:06.67  118.76  -0.539  26.613   32.294   78.0   9.26  14.000    0.03775    2.27    2.17    3.58
14-07-2024 21:35:06.91  118.45  -0.542  26.606   32.286   78.0   9.26  14.000    0.03997    2.16    2.08    2.95
14-07-2024 21:35:07.16  118.21  -0.547  26.593   32.276   78.0   9.26  14.000    0.03997    2.17    2.05    3.28
14-07-2024 21:35:07.41  117.95  -0.553  26.591   32.280   78.0   9.27  14.000    0.04071    2.13    2.65    3.19
14-07-2024 21:35:07.65  117.71  -0.560  26.591   32.287   78.1   9.27  14.000    0.03479    2.13    2.65    3.19
14-07-2024 21:35:07.89  117.47  -0.564  26.585   32.283   78.1   9.28  14.000    0.03775    2.02    2.14    3.05
14-07-2024 21:35:08.14  117.20  -0.568  26.584   32.286   78.1   9.28  14.000    0.02887    2.14    2.39    2.83
14-07-2024 21:35:08.38  116.96  -0.576  26.577   32.285   78.1   9.29  14.000    0.03035    1.87    2.31    3.49
14-07-2024 21:35:08.63  116.69  -0.581  26.570   32.283   78.1   9.29  14.000    0.04441    2.19    1.95    3.17
14-07-2024 21:35:08.87  116.42  -0.584  26.567   32.280   78.2   9.29  14.000    0.04885    2.03    2.12    3.14
14-07-2024 21:35:09.12  116.15  -0.586  26.564   32.279   78.2   9.29  14.000    0.02294    2.03    2.12    3.14
14-07-2024 21:35:09.36  115.83  -0.588  26.563   32.280   78.2   9.30  14.000    0.04589    2.14    2.43    3.04
14-07-2024 21:35:09.61  115.62  -0.589  26.560   32.277   78.2   9.30  14.000    0.06661    2.19    2.07    3.03
14-07-2024 21:35:09.86  115.31  -0.591  26.557   32.275   78.2   9.30  14.000    0.02739    1.88    2.29    3.21
14-07-2024 21:35:10.11  115.01  -0.593  26.551   32.270   78.2   9.30  14.000    0.03331    2.02    2.13    3.50
14-07-2024 21:35:10.36  114.80  -0.598  26.548   32.271   78.3   9.31  14.000    0.04885    2.12    2.29    3.31
14-07-2024 21:35:10.60  114.52  -0.599  26.546   32.270   78.3   9.31  14.000    0.03997    2.09    2.38    3.04
14-07-2024 21:35:10.85  114.26  -0.602  26.543   32.269   78.3   9.31  14.000    0.03701    2.09    2.38    3.04
14-07-2024 21:35:11.09  113.94  -0.606  26.536   32.264   78.3   9.32  14.000    0.03183    2.07    2.24    3.39
14-07-2024 21:35:11.34  113.73  -0.610  26.530   32.260   78.4   9.32  14.000    0.06217    1.90    1.61    3.16
14-07-2024 21:35:11.58  113.42  -0.613  26.528   32.261   78.4   9.33  14.000    0.03183    2.14    2.38    3.19
14-07-2024 21:35:11.83  113.20  -0.614  26.527   32.261   78.4   9.33  14.000    0.03479    2.32    2.38    3.56
14-07-2024 21:35:12.07  112.90  -0.617  26.520   32.254   78.4   9.33  14.000    0.03479    1.86    1.66    2.95
14-07-2024 21:35:12.32  112.65  -0.620  26.515   32.251   78.4   9.34  14.000    0.03923    2.13    2.64    2.96
14-07-2024 21:35:12.56  112.36  -0.623  26.514   32.253   78.4   9.34  14.000    0.03479    2.13    2.64    2.96
14-07-2024 21:35:12.81  112.10  -0.625  26.507   32.247   78.5   9.34  14.000    0.04219    1.83    2.38    3.24
14-07-2024 21:35:13.05  111.84  -0.629  26.502   32.245   78.5   9.35  14.000    0.05107    2.50    2.13    3.06
14-07-2024 21:35:13.30  111.60  -0.633  26.498   32.243   78.5   9.35  14.000    0.04515    2.12    2.48    3.24
14-07-2024 21:35:13.55  111.32  -0.634  26.498   32.245   78.5   9.35  14.000    0.03553    2.23    2.74    2.98
14-07-2024 21:35:13.79  111.03  -0.634  26.497   32.245   78.5   9.35  14.000    0.02961    2.09    2.26    2.95
14-07-2024 21:35:14.05  110.72  -0.636  26.493   32.240   78.6   9.36  14.000    0.04663    2.10    2.36    3.09
14-07-2024 21:35:14.29  110.47  -0.636  26.492   32.240   78.6   9.36  14.000    0.03553    2.10    2.36    3.09
14-07-2024 21:35:14.53  110.16  -0.639  26.486   32.234   78.6   9.37  14.000    0.03331    2.12    1.76    3.13
14-07-2024 21:35:14.78  109.88  -0.640  26.479   32.226   78.7   9.37  14.000    0.05403    2.19    1.99    3.21
14-07-2024 21:35:15.03  109.64  -0.640  26.477   32.224   78.7   9.37  14.000    0.05181    2.33    2.21    3.20
14-07-2024 21:35:15.27  109.34  -0.641  26.474   32.220   78.7   9.37  14.000    0.03479    1.81    2.40    3.25
14-07-2024 21:35:15.52  109.11  -0.641  26.469   32.215   78.7   9.38  14.000    0.04293    2.05    2.29    3.31
14-07-2024 21:35:15.76  108.84  -0.640  26.466   32.209   78.8   9.38  14.000    0.03627    2.15    2.19    3.31
14-07-2024 21:35:16.00  108.56  -0.639  26.464   32.206   78.8   9.39  14.000    0.03775    2.15    2.19    3.31
14-07-2024 21:35:16.25  108.24  -0.638  26.460   32.200   78.8   9.39  14.000    0.03997    2.01    2.49    3.05
14-07-2024 21:35:16.50  108.01  -0.636  26.460   32.198   78.8   9.39  14.000    0.03479    1.97    2.40    3.15
14-07-2024 21:35:16.74  107.72  -0.630  26.460   32.192   78.9   9.39  14.000    0.04515    2.44    2.50    3.14
14-07-2024 21:35:16.98  107.46  -0.624  26.461   32.187   78.9   9.40  14.000    0.05329    2.16    2.40    3.15
14-07-2024 21:35:17.24  107.13  -0.620  26.459   32.180   78.9   9.40  14.000    0.04515    1.79    2.25    3.34
14-07-2024 21:35:17.48  106.87  -0.617  26.459   32.176   79.0   9.40  14.000    0.03997    2.29    2.12    3.40
14-07-2024 21:35:17.73  106.60  -0.615  26.457   32.173   79.0   9.41  14.000    0.03553    2.29    2.12    3.40
14-07-2024 21:35:17.98  106.38  -0.613  26.454   32.167   79.0   9.41  14.000    0.02739    1.91    2.58    3.42
14-07-2024 21:35:18.22  106.12  -0.611  26.454   32.165   79.1   9.42  14.000    0.05625    2.05    2.45    3.53
14-07-2024 21:35:18.47  105.78  -0.601  26.452   32.151   79.1   9.42  14.000    0.03997    2.27    2.49    3.35
14-07-2024 21:35:18.71  105.55  -0.594  26.450   32.142   79.1   9.42  14.000    0.04145    1.95    2.25    3.27
14-07-2024 21:35:18.96  105.31  -0.590  26.451   32.138   79.2   9.43  14.000    0.04219    1.99    2.44    2.99
14-07-2024 21:35:19.20  104.99  -0.584  26.450   32.131   79.2   9.43  14.000    0.04441    2.12    2.44    3.09
14-07-2024 21:35:19.45  104.70  -0.560  26.454   32.111   79.3   9.43  14.000    0.02739    2.12    2.44    3.09
14-07-2024 21:35:19.69  104.49  -0.530  26.477   32.110   79.3   9.43  14.000    0.04219    1.90    2.27    3.43
14-07-2024 21:35:19.94  104.19  -0.490  26.478   32.070   79.3   9.42  14.000    0.03405    2.28    2.71    2.90
14-07-2024 21:35:20.18  103.89  -0.470  26.476   32.046   79.4   9.42  14.000    0.04515    2.22    2.30    3.10
14-07-2024 21:35:20.43  103.65  -0.448  26.479   32.027   79.4   9.42  14.000    0.05255    1.87    2.38    3.09
14-07-2024 21:35:20.67  103.34  -0.423  26.496   32.024   79.5   9.43  14.000    0.04145    1.98    2.13    2.89
14-07-2024 21:35:20.93  103.10  -0.379  26.501   31.983   79.6   9.43  14.000    0.04219    2.01    2.35    3.39
14-07-2024 21:35:21.17  102.77  -0.368  26.504   31.976   79.7   9.44  14.000    0.03775    2.01    2.35    3.39
14-07-2024 21:35:21.42  102.48  -0.320  26.534   31.966   79.7   9.43  14.000    0.02887    2.14    2.36    3.21
14-07-2024 21:35:21.66  102.25  -0.271  26.543   31.927   79.7   9.42  14.000    0.03849    2.36    2.41    3.50
14-07-2024 21:35:21.91  101.98  -0.222  26.542   31.874   79.8   9.42  14.000    0.02961    2.25    2.55    3.14
14-07-2024 21:35:22.16  101.67  -0.204  26.544   31.858   79.9   9.43  14.000    0.02146    2.18    2.46    3.33
14-07-2024 21:35:22.40  101.39  -0.196  26.547   31.854   80.0   9.44  14.000    0.03701    2.16    2.28    2.83
14-07-2024 21:35:22.65  101.20  -0.182  26.555   31.850   80.1   9.45  14.000    0.03997    2.20    2.00    3.20
14-07-2024 21:35:22.91  100.85  -0.145  26.569   31.830   80.2   9.45  14.000    0.02665    2.00    2.05    3.05
14-07-2024 21:35:23.14  100.60  -0.102  26.571   31.788   80.3   9.45  14.000    0.03405    2.00    2.05    3.05
14-07-2024 21:35:23.38  100.37  -0.081  26.578   31.775   80.4   9.46  14.000    0.04145    2.32    2.22    3.15
14-07-2024 21:35:23.63  100.00  -0.064  26.575   31.754   80.5   9.47  14.000    0.03627    2.03    2.09    3.01
14-07-2024 21:35:23.87   99.76  -0.043  26.584   31.745   80.6   9.48  14.000    0.05551    1.99    2.13    3.23
14-07-2024 21:35:24.12   99.47  -0.033  26.589   31.740   80.8   9.50  14.000    0.05699    2.08    2.37    3.02
14-07-2024 21:35:24.36   99.22  -0.017  26.591   31.727   81.0   9.52  14.000    0.02961    2.21    2.48    3.11
14-07-2024 21:35:24.61   98.96   0.003  26.593   31.709   81.1   9.53  14.000    0.02887    2.21    2.48    3.11
14-07-2024 21:35:24.86   98.69   0.019  26.594   31.694   81.3   9.55  14.000    0.04367    2.30    2.69    3.19
14-07-2024 21:35:25.11   98.41   0.026  26.592   31.684   81.5   9.57  14.000    0.02961    2.06    2.24    3.19
14-07-2024 21:35:25.35   98.18   0.031  26.590   31.676   81.7   9.59  14.000    0.03183    1.92    1.98    3.23
14-07-2024 21:35:25.60   97.90   0.037  26.595   31.677   81.8   9.61  14.000    0.03035    1.91    2.21    3.36
14-07-2024 21:35:25.84   97.61   0.041  26.597   31.675   82.1   9.63  14.000    0.03405    2.23    2.28    3.38
14-07-2024 21:35:26.09   97.35   0.055  26.596   31.660   82.3   9.65  14.000    0.02665    2.39    2.49    3.09
14-07-2024 21:35:26.33   97.12   0.065  26.597   31.651   82.4   9.67  14.000    0.03997    2.39    2.49    3.09
14-07-2024 21:35:26.58   96.91   0.068  26.600   31.652   82.6   9.70  14.000    0.03109    2.03    1.53    3.26
14-07-2024 21:35:26.82   96.71   0.075  26.601   31.646   82.9   9.72  14.000    0.03923    2.24    2.23    3.12
14-07-2024 21:35:27.07   96.47   0.081  26.599   31.638   83.1   9.75  14.000    0.02961    2.42    2.50    3.08
14-07-2024 21:35:27.31   96.27   0.083  26.600   31.636   83.3   9.77  14.000    0.04367    2.00    1.79    2.79
14-07-2024 21:35:27.56   96.08   0.085  26.601   31.637   83.5   9.80  14.000    0.02665    2.30    2.13    3.41
14-07-2024 21:35:27.80   95.92   0.092  26.601   31.629   83.7   9.82  14.000    0.04219    2.12    2.10    3.20
14-07-2024 21:35:28.05   95.73   0.100  26.601   31.621   83.9   9.84  14.000    0.02665    2.12    2.10    3.20
14-07-2024 21:35:28.30   95.55   0.107  26.600   31.612   84.2   9.87  14.000    0.02591    1.96    2.32    2.89
14-07-2024 21:35:28.55   95.35   0.109  26.599   31.609   84.4   9.89  14.000    0.02072    2.23    2.50    3.31
14-07-2024 21:35:28.79   95.18   0.110  26.603   31.613   84.6   9.92  14.000    0.02443    2.27    1.86    3.04
14-07-2024 21:35:29.04   95.03   0.114  26.601   31.606   84.9   9.95  14.000    0.05329    2.36    2.34    2.77
14-07-2024 21:35:29.29   94.85   0.117  26.601   31.604   85.1   9.98  14.000    0.03849    1.78    2.73    3.12
14-07-2024 21:35:29.53   94.64   0.117  26.598   31.600   85.3  10.00  14.000    0.05033    2.15    2.52    3.10
14-07-2024 21:35:29.77   94.47   0.119  26.599   31.599   85.5  10.03  14.000    0.03553    2.15    2.52    3.10
14-07-2024 21:35:30.02   94.29   0.123  26.605   31.603   85.8  10.05  14.000    0.02368    1.94    2.19    3.20
14-07-2024 21:35:30.27   94.09   0.125  26.606   31.602   86.0  10.08  14.000    0.04071    2.26    2.32    3.23
14-07-2024 21:35:30.51   93.98   0.126  26.602   31.596   86.2  10.10  14.000    0.02665    2.18    2.47    3.22
14-07-2024 21:35:30.76   93.81   0.133  26.604   31.591   86.3  10.12  14.000    0.03479    2.09    2.12    3.49
14-07-2024 21:35:31.00   93.61   0.141  26.610   31.591   86.6  10.14  14.000    0.03405    2.18    2.59    3.13
14-07-2024 21:35:31.25   93.45   0.144  26.609   31.587   86.7  10.16  14.000    0.03553    2.04    2.33    3.12
14-07-2024 21:35:31.49   93.24   0.146  26.610   31.586   87.0  10.19  14.000    0.03627    2.04    2.33    3.12
14-07-2024 21:35:31.74   93.09   0.148  26.607   31.581   87.1  10.20  14.000    0.03701    1.91    2.17    3.14
14-07-2024 21:35:31.99   92.91   0.148  26.605   31.577   87.3  10.23  14.000    0.03553    2.29    2.53    3.50
14-07-2024 21:35:32.23   92.70   0.150  26.603   31.573   87.5  10.25  14.000    0.04441    1.79    2.17    3.47
14-07-2024 21:35:32.48   92.57   0.158  26.611   31.575   87.6  10.26  14.000    0.05921    2.23    2.63    3.47
14-07-2024 21:35:32.73   92.38   0.160  26.615   31.579   87.8  10.28  14.000    0.02072    2.00    2.12    2.99
14-07-2024 21:35:32.97   92.19   0.160  26.615   31.579   88.0  10.30  14.000    0.02813    1.92    2.97    3.02
14-07-2024 21:35:33.22   91.96   0.161  26.614   31.577   88.2  10.32  14.000    0.04293    1.92    2.97    3.02
14-07-2024 21:35:33.46   91.87   0.164  26.615   31.575   88.3  10.34  14.000    0.04293    2.25    2.42    2.86
14-07-2024 21:35:33.71   91.67   0.165  26.615   31.574   88.5  10.36  14.000    0.01628    2.05    2.90    3.08
14-07-2024 21:35:33.95   91.51   0.167  26.613   31.571   88.6  10.38  14.000    0.03923    1.99    2.01    3.15
14-07-2024 21:35:34.20   91.32   0.167  26.613   31.570   88.8  10.40  14.000    0.03257    2.15    1.78    3.37
14-07-2024 21:35:34.44   91.13   0.167  26.612   31.569   89.0  10.42  14.000    0.03701    2.33    2.51    3.29
14-07-2024 21:35:34.69   90.95   0.167  26.611   31.567   89.1  10.43  14.000    0.02368    2.27    2.76    3.27
14-07-2024 21:35:34.93   90.78   0.168  26.608   31.563   89.3  10.45  14.000    0.03109    2.27    2.76    3.27
14-07-2024 21:35:35.18   90.63   0.168  26.609   31.564   89.4  10.47  14.000    0.03405    2.16    2.27    3.02
14-07-2024 21:35:35.42   90.48   0.169  26.610   31.564   89.6  10.49  14.000    0.03405    2.45    2.59    3.10
14-07-2024 21:35:35.68   90.22   0.170  26.611   31.565   89.7  10.50  14.000    0.04959    2.32    1.73    3.23
14-07-2024 21:35:35.92   90.11   0.171  26.609   31.562   89.8  10.52  14.000    0.03627    2.04    2.32    3.25
14-07-2024 21:35:36.18   89.92   0.173  26.610   31.560   90.0  10.53  14.000    0.03923    2.19    2.16    3.09
14-07-2024 21:35:36.42   89.77   0.174  26.611   31.561   90.1  10.55  14.000    0.02887    2.14    2.59    2.99
14-07-2024 21:35:36.66   89.59   0.176  26.612   31.560   90.2  10.56  14.000    0.03331    2.14    2.59    2.99
14-07-2024 21:35:36.91   89.37   0.178  26.612   31.558   90.4  10.58  14.000    0.03183    2.09    2.41    3.22
14-07-2024 21:35:37.15   89.23   0.180  26.611   31.555   90.5  10.60  14.000    0.03923    2.12    2.17    3.17
14-07-2024 21:35:37.40   89.04   0.183  26.610   31.550   90.6  10.61  14.000    0.04441    2.42    2.62    2.96
14-07-2024 21:35:37.64   88.88   0.186  26.611   31.549   90.8  10.63  14.000    0.02813    1.87    2.24    2.98
14-07-2024 21:35:37.89   88.64   0.189  26.613   31.549   90.9  10.64  14.000    0.02887    2.00    2.26    2.98
14-07-2024 21:35:38.13   88.54   0.192  26.615   31.549   91.0  10.65  14.000    0.04367    2.03    2.64    3.21
14-07-2024 21:35:38.38   88.35   0.193  26.615   31.547   91.1  10.67  14.000    0.03553    2.03    2.64    3.21
14-07-2024 21:35:38.62   88.14   0.193  26.614   31.546   91.3  10.68  14.000    0.03849    2.15    2.28    3.40
14-07-2024 21:35:38.87   87.96   0.193  26.613   31.545   91.4  10.70  14.000    0.03479    2.16    1.75    3.38
14-07-2024 21:35:39.11   87.82   0.194  26.612   31.542   91.5  10.71  14.000    0.05773    2.00    2.21    3.26
14-07-2024 21:35:39.37   87.60   0.198  26.613   31.541   91.6  10.72  14.000    0.04515    1.93    2.04    3.10
14-07-2024 21:35:39.61   87.45   0.199  26.613   31.539   91.7  10.73  14.000    0.03923    2.32    2.18    3.01
14-07-2024 21:35:39.86   87.28   0.200  26.613   31.538   91.8  10.74  14.000    0.04589    2.30    2.56    3.39
14-07-2024 21:35:40.10   87.10   0.201  26.613   31.537   91.9  10.76  14.000    0.03997    2.30    2.56    3.39
14-07-2024 21:35:40.35   86.97   0.202  26.610   31.533   92.0  10.77  14.000    0.03849    2.14    2.17    3.42
14-07-2024 21:35:40.60   86.82   0.203  26.610   31.532   92.1  10.78  14.000    0.04071    2.23    2.40    3.34
14-07-2024 21:35:40.84   86.61   0.203  26.606   31.526   92.2  10.79  14.000    0.02591    2.19    2.35    3.40
14-07-2024 21:35:41.09   86.41   0.205  26.609   31.529   92.3  10.80  14.000    0.02961    2.30    2.54    3.34
14-07-2024 21:35:41.33   86.26   0.209  26.610   31.526   92.4  10.81  14.000    0.03775    2.35    2.14    3.17
14-07-2024 21:35:41.58   86.14   0.209  26.607   31.522   92.5  10.82  14.000    0.06809    2.36    2.36    3.19
14-07-2024 21:35:41.82   85.95   0.210  26.608   31.522   92.6  10.83  14.000    0.04145    2.36    2.36    3.19
14-07-2024 21:35:42.07   85.76   0.210  26.607   31.521   92.7  10.85  14.000    0.02665    2.04    2.35    3.57
14-07-2024 21:35:42.31   85.64   0.210  26.608   31.522   92.8  10.86  14.000    0.03479    2.27    2.08    3.48
14-07-2024 21:35:42.56   85.46   0.211  26.608   31.521   92.9  10.87  14.000    0.03479    2.03    2.08    3.46
14-07-2024 21:35:42.80   85.30   0.211  26.606   31.519   93.0  10.88  14.000    0.01554    2.14    2.36    3.10
14-07-2024 21:35:43.05   85.14   0.211  26.605   31.519   93.1  10.89  14.000    0.04071    2.03    2.57    3.14
14-07-2024 21:35:43.30   84.97   0.211  26.607   31.520   93.2  10.90  14.000    0.05477    2.08    1.97    3.52
14-07-2024 21:35:43.54   84.74   0.210  26.607   31.521   93.3  10.91  14.000    0.03331    2.08    1.97    3.52
14-07-2024 21:35:43.79   84.62   0.211  26.606   31.519   93.3  10.92  14.000    0.01924    2.22    2.41    3.34
14-07-2024 21:35:44.04   84.48   0.211  26.606   31.518   93.4  10.93  14.000    0.04959    1.94    2.49    3.14
14-07-2024 21:35:44.28   84.28   0.212  26.604   31.517   93.5  10.94  14.000    0.04071    1.94    2.30    3.14
14-07-2024 21:35:44.53   84.08   0.212  26.604   31.516   93.6  10.95  14.000    0.03257    2.10    2.49    3.13
14-07-2024 21:35:44.77   83.91   0.214  26.604   31.514   93.7  10.96  14.000    0.02665    2.17    2.15    3.48
14-07-2024 21:35:45.02   83.71   0.215  26.603   31.513   93.7  10.96  14.000    0.05181    1.81    2.40    3.06
14-07-2024 21:35:45.26   83.57   0.215  26.603   31.511   93.8  10.97  14.000    0.03405    1.81    2.40    3.06
14-07-2024 21:35:45.51   83.41   0.216  26.603   31.511   93.8  10.98  14.000    0.03553    2.07    2.31    2.74
14-07-2024 21:35:45.75   83.22   0.218  26.604   31.510   93.9  10.98  14.000    0.01924    2.42    1.81    3.46
14-07-2024 21:35:46.00   83.10   0.220  26.605   31.510   93.9  10.99  14.000    0.03553    2.27    2.38    3.31
14-07-2024 21:35:46.24   82.86   0.220  26.604   31.508   94.0  10.99  14.000    0.03775    2.38    2.30    3.25
14-07-2024 21:35:46.49   82.73   0.222  26.605   31.507   94.1  11.00  14.000    0.03257    2.30    2.48    2.98
14-07-2024 21:35:46.74   82.54   0.224  26.603   31.504   94.1  11.01  14.000    0.04959    2.08    1.90    3.25
14-07-2024 21:35:46.98   82.32   0.227  26.603   31.500   94.2  11.01  14.000    0.02517    2.08    1.90    3.25
14-07-2024 21:35:47.24   82.14   0.227  26.604   31.501   94.2  11.02  14.000    0.03479    1.75    1.78    3.19
14-07-2024 21:35:47.48   82.04   0.228  26.604   31.500   94.3  11.03  14.000    0.02517    2.26    2.71    3.06
14-07-2024 21:35:47.72   81.85   0.230  26.605   31.500   94.3  11.03  14.000    0.01628    2.20    2.37    3.38
14-07-2024 21:35:47.97   81.67   0.231  26.605   31.499   94.4  11.04  14.000    0.03035    2.52    2.39    3.29
14-07-2024 21:35:48.21   81.46   0.233  26.604   31.496   94.4  11.04  14.000    0.02665    2.28    2.38    3.10
14-07-2024 21:35:48.46   81.32   0.233  26.601   31.492   94.5  11.05  14.000    0.03109    2.20    2.23    3.11
14-07-2024 21:35:48.70   81.12   0.236  26.603   31.492   94.5  11.06  14.000    0.01924    2.20    2.23    3.11
14-07-2024 21:35:48.95   80.98   0.243  26.604   31.486   94.6  11.06  14.000    0.02517    2.41    2.12    3.06
14-07-2024 21:35:49.19   80.82   0.243  26.604   31.486   94.6  11.06  14.000    0.02961    2.49    1.70    2.85
14-07-2024 21:35:49.44   80.67   0.243  26.602   31.484   94.7  11.07  14.000    0.04515    2.09    2.52    3.34
14-07-2024 21:35:49.68   80.48   0.244  26.602   31.482   94.8  11.08  14.000    0.01998    2.11    2.27    3.30
14-07-2024 21:35:49.93   80.34   0.245  26.602   31.482   94.8  11.08  14.000    0.04367    2.15    2.16    3.31
14-07-2024 21:35:50.18   80.16   0.246  26.602   31.481   94.8  11.09  14.000    0.02591    2.15    2.16    3.31
14-07-2024 21:35:50.43   79.96   0.246  26.601   31.480   94.9  11.09  14.000    0.03923    1.97    2.22    3.16
14-07-2024 21:35:50.67   79.85   0.246  26.600   31.479   94.9  11.10  14.000    0.03109    2.24    2.60    3.22
14-07-2024 21:35:50.92   79.65   0.246  26.602   31.481   95.0  11.11  14.000    0.03035    2.03    2.18    3.06
14-07-2024 21:35:51.17   79.56   0.247  26.603   31.481   95.0  11.11  14.000    0.03701    2.35    2.33    2.97
14-07-2024 21:35:51.41   79.35   0.248  26.603   31.480   95.1  11.12  14.000    0.02220    2.26    2.22    3.20
14-07-2024 21:35:51.66   79.18   0.248  26.600   31.476   95.1  11.12  14.000    0.02517    2.31    2.17    3.10
14-07-2024 21:35:51.91   79.04   0.248  26.596   31.472   95.2  11.13  14.000    0.04885    2.31    2.79    3.48
14-07-2024 21:35:52.15   78.88   0.247  26.597   31.474   95.2  11.13  14.000    0.02961    2.31    2.79    3.48
14-07-2024 21:35:52.39   78.71   0.247  26.597   31.473   95.3  11.14  14.000    0.03405    2.51    1.86    3.12
14-07-2024 21:35:52.64   78.52   0.247  26.597   31.473   95.3  11.14  14.000    0.03997    2.43    2.19    2.90
14-07-2024 21:35:52.88   78.39   0.248  26.597   31.473   95.3  11.15  14.000    0.02517    1.98    2.08    3.17
14-07-2024 21:35:53.13   78.19   0.248  26.596   31.472   95.4  11.15  14.000    0.03553    2.25    2.67    3.09
14-07-2024 21:35:53.37   78.04   0.248  26.594   31.470   95.4  11.16  14.000    0.02072    2.02    2.64    3.32
14-07-2024 21:35:53.62   77.88   0.248  26.596   31.471   95.5  11.16  14.000    0.04885    2.02    2.64    3.32
14-07-2024 21:35:53.87   77.68   0.248  26.595   31.471   95.5  11.17  14.000    0.04663    2.16    1.87    3.32
14-07-2024 21:35:54.12   77.53   0.248  26.594   31.469   95.6  11.17  14.000    0.03553    2.35    2.12    3.11
14-07-2024 21:35:54.36   77.32   0.249  26.592   31.466   95.6  11.18  14.000    0.03035    2.48    2.14    3.36
14-07-2024 21:35:54.61   77.15   0.250  26.592   31.465   95.6  11.18  14.000    0.01036    2.13    2.24    3.42
14-07-2024 21:35:54.85   77.06   0.249  26.591   31.465   95.7  11.19  14.000    0.03479    2.08    2.04    3.24
14-07-2024 21:35:55.10   76.87   0.249  26.590   31.463   95.7  11.19  14.000    0.02443    2.18    2.35    3.17
14-07-2024 21:35:55.34   76.67   0.249  26.589   31.462   95.7  11.19  14.000    0.02294    2.18    2.35    3.17
14-07-2024 21:35:55.59   76.53   0.250  26.590   31.463   95.8  11.20  14.000    0.00962    2.24    2.27    2.89
14-07-2024 21:35:55.83   76.38   0.250  26.589   31.462   95.8  11.20  14.000    0.06513    1.97    2.28    3.41
14-07-2024 21:35:56.08   76.18   0.251  26.590   31.463   95.9  11.21  14.000    0.04219    2.15    1.98    3.11
14-07-2024 21:35:56.32   76.07   0.251  26.590   31.463   95.9  11.21  14.000    0.02665    2.13    2.49    3.20
14-07-2024 21:35:56.57   75.86   0.251  26.589   31.460   95.9  11.22  14.000    0.03923    1.79    2.16    2.80
14-07-2024 21:35:56.81   75.65   0.252  26.588   31.459   96.0  11.22  14.000    0.01924    2.16    2.49    3.22
14-07-2024 21:35:57.06   75.55   0.252  26.586   31.456   96.0  11.22  14.000    0.02294    2.16    2.49    3.22
14-07-2024 21:35:57.31   75.37   0.253  26.584   31.453   96.0  11.22  14.000    0.02591    2.03    2.58    3.12
14-07-2024 21:35:57.55   75.17   0.254  26.582   31.450   96.0  11.23  14.000    0.03849    1.89    2.20    3.06
14-07-2024 21:35:57.80   75.02   0.253  26.582   31.450   96.0  11.23  14.000    0.02739    2.26    2.57    3.29
14-07-2024 21:35:58.05   74.80   0.254  26.581   31.448   96.1  11.23  14.000    0.02739    2.05    2.38    3.09
14-07-2024 21:35:58.30   74.67   0.253  26.579   31.447   96.1  11.23  14.000    0.02813    1.80    2.37    3.12
14-07-2024 21:35:58.54   74.52   0.253  26.574   31.441   96.1  11.24  14.000    0.02294    2.26    2.03    3.16
14-07-2024 21:35:58.79   74.36   0.252  26.573   31.440   96.1  11.24  14.000    0.02072    2.26    2.03    3.16
14-07-2024 21:35:59.03   74.13   0.252  26.572   31.440   96.2  11.24  14.000    0.01850    2.26    1.97    2.95
14-07-2024 21:35:59.28   73.99   0.249  26.571   31.440   96.2  11.25  14.000    0.04885    2.38    1.76    3.59
14-07-2024 21:35:59.52   73.77   0.249  26.565   31.434   96.2  11.25  14.000    0.03701    2.27    1.78    3.27
14-07-2024 21:35:59.77   73.64   0.249  26.566   31.434   96.2  11.25  14.000    0.02517    2.26    2.49    3.11
14-07-2024 21:36:00.01   73.46   0.247  26.564   31.433   96.3  11.26  14.000    0.02739    2.13    1.89    3.00
14-07-2024 21:36:00.26   73.29   0.244  26.560   31.432   96.3  11.26  14.000    0.01628    2.25    2.27    3.37
14-07-2024 21:36:00.50   73.06   0.240  26.553   31.427   96.3  11.27  14.000    0.02368    2.25    2.27    3.37
14-07-2024 21:36:00.75   72.95   0.237  26.551   31.427   96.4  11.27  14.000    0.01924    2.16    2.48    2.99
14-07-2024 21:36:00.99   72.77   0.237  26.551   31.428   96.4  11.27  14.000    0.02294    2.17    2.39    3.30
14-07-2024 21:36:01.24   72.54   0.237  26.548   31.424   96.4  11.28  14.000    0.03627    2.32    1.60    3.24
14-07-2024 21:36:01.49   72.37   0.236  26.546   31.423   96.4  11.28  14.000    0.03257    2.27    2.11    2.98
14-07-2024 21:36:01.73   72.19   0.234  26.540   31.416   96.4  11.28  14.000    0.03109    2.26    2.90    3.47
14-07-2024 21:36:01.98   72.06   0.222  26.529   31.415   96.5  11.29  14.000    0.04145    1.98    1.96    3.03
14-07-2024 21:36:02.23   71.84   0.218  26.525   31.414   96.5  11.30  14.000    0.02368    1.98    1.96    3.03
14-07-2024 21:36:02.47   71.64   0.208  26.519   31.417   96.5  11.30  14.000    0.03331    2.04    2.39    2.98
14-07-2024 21:36:02.72   71.50   0.202  26.505   31.405   96.5  11.31  14.000    0.03109    2.18    2.73    3.51
14-07-2024 21:36:02.96   71.27   0.183  26.495   31.411   96.6  11.32  14.000    0.01924    2.08    2.35    3.39
14-07-2024 21:36:03.21   71.15   0.168  26.471   31.395   96.6  11.33  14.000    0.02591    2.02    2.38    3.31
14-07-2024 21:36:03.45   70.89   0.161  26.471   31.401   96.6  11.32  14.000    0.03701    2.08    2.44    3.33
14-07-2024 21:36:03.70   70.79   0.153  26.464   31.401   96.6  11.33  14.000    0.02591    2.27    2.41    3.08
14-07-2024 21:36:03.94   70.57   0.140  26.455   31.402   96.6  11.33  14.000    0.03035    2.27    2.41    3.08
14-07-2024 21:36:04.19   70.40   0.124  26.446   31.408   96.7  11.34  14.000    0.02665    1.82    2.22    3.32
14-07-2024 21:36:04.43   70.22   0.110  26.441   31.416   96.7  11.35  14.000    0.02961    2.15    2.27    3.38
14-07-2024 21:36:04.68   69.99   0.104  26.433   31.411   96.7  11.35  14.000    0.04441    2.04    1.98    3.21
14-07-2024 21:36:04.92   69.85   0.095  26.424   31.409   96.7  11.35  14.000    0.05477    2.31    2.44    3.17
14-07-2024 21:36:05.18   69.63   0.087  26.417   31.409   96.7  11.36  14.000    0.02443    2.28    2.35    3.07
14-07-2024 21:36:05.42   69.47   0.082  26.413   31.408   96.7  11.36  14.000    0.02961    2.25    2.48    3.03
14-07-2024 21:36:05.67   69.26   0.095  26.423   31.408   96.7  11.36  14.000    0.03109    2.25    2.48    3.03
14-07-2024 21:36:05.91   69.11   0.133  26.455   31.411   96.6  11.34  14.000    0.01554    2.30    2.29    3.36
14-07-2024 21:36:06.16   68.91   0.137  26.476   31.435   96.7  11.34  14.000    0.03553    2.31    2.04    3.26
14-07-2024 21:36:06.40   68.74   0.140  26.477   31.432   96.7  11.34  14.000    0.02739    2.00    2.38    3.48
14-07-2024 21:36:06.65   68.53   0.146  26.470   31.418   96.7  11.34  14.000    0.04885    1.95    2.19    3.14
14-07-2024 21:36:06.89   68.40   0.139  26.465   31.418   96.7  11.35  14.000    0.03035    2.37    2.13    3.16
14-07-2024 21:36:07.14   68.21   0.140  26.457   31.406   96.8  11.35  14.000    0.02443    2.12    2.41    3.16
14-07-2024 21:36:07.38   67.94   0.139  26.446   31.393   96.8  11.35  14.000    0.02591    2.12    2.41    3.16
14-07-2024 21:36:07.63   67.80   0.131  26.438   31.391   96.8  11.36  14.000    0.04589    2.42    2.69    3.09
14-07-2024 21:36:07.87   67.61   0.129  26.439   31.394   96.8  11.36  14.000    0.04441    2.20    1.69    3.50
14-07-2024 21:36:08.12   67.38   0.129  26.435   31.390   96.8  11.35  14.000    0.02887    2.42    2.39    3.22
14-07-2024 21:36:08.36   67.25   0.124  26.421   31.376   96.8  11.36  14.000    0.02813    2.25    2.08    3.21
14-07-2024 21:36:08.61   67.01   0.108  26.411   31.380   96.8  11.37  14.000    0.02146    2.17    2.67    3.47
14-07-2024 21:36:08.86   66.86   0.098  26.404   31.381   96.8  11.37  14.000    0.02368    2.29    1.89    3.08
14-07-2024 21:36:09.12   66.63   0.094  26.400   31.381   96.8  11.37  14.000    0.02146    2.29    1.89    3.08
14-07-2024 21:36:09.36   66.43   0.093  26.400   31.381   96.8  11.37  14.000    0.03035    2.00    2.08    3.28
14-07-2024 21:36:09.60   66.29   0.104  26.399   31.369   96.8  11.37  14.000    0.03701    2.08    2.35    3.28
14-07-2024 21:36:09.85   66.05   0.104  26.403   31.374   96.8  11.36  14.000    0.02739    1.98    2.06    3.19
14-07-2024 21:36:10.10   65.89   0.106  26.404   31.374   96.8  11.36  14.000    0.04589    2.09    2.01    2.89
14-07-2024 21:36:10.34   65.68   0.108  26.404   31.373   96.8  11.36  14.000    0.01406    2.10    2.70    3.29
14-07-2024 21:36:10.59   65.47   0.109  26.404   31.371   96.8  11.36  14.000    0.02072    2.42    2.51    3.57
14-07-2024 21:36:10.83   65.29   0.110  26.403   31.369   96.8  11.36  14.000    0.05403    2.42    2.51    3.57
14-07-2024 21:36:11.08   65.15   0.112  26.403   31.367   96.8  11.36  14.000    0.04293    2.21    2.16    3.12
14-07-2024 21:36:11.32   64.95   0.113  26.403   31.365   96.8  11.36  14.000    0.03553    2.20    2.22    3.08
14-07-2024 21:36:11.56   64.72   0.116  26.403   31.363   96.8  11.36  14.000    0.02887    2.21    2.26    3.12
14-07-2024 21:36:11.81   64.56   0.119  26.403   31.360   96.7  11.36  14.000    0.01554    2.23    1.99    3.25
14-07-2024 21:36:12.06   64.34   0.123  26.403   31.356   96.7  11.36  14.000    0.02591    2.35    2.22    3.21
14-07-2024 21:36:12.30   64.19   0.125  26.403   31.353   96.7  11.36  14.000    0.03331    2.23    1.88    3.16
14-07-2024 21:36:12.55   63.99   0.124  26.401   31.353   96.7  11.36  14.000    0.03479    2.23    1.88    3.16
14-07-2024 21:36:12.80   63.81   0.121  26.392   31.345   96.7  11.36  14.000    0.03183    2.14    2.26    3.27
14-07-2024 21:36:13.04   63.60   0.120  26.388   31.340   96.7  11.36  14.000    0.03553    2.11    1.91    2.88
14-07-2024 21:36:13.29   63.42   0.120  26.383   31.334   96.7  11.36  14.000    0.02739    2.23    2.01    3.26
14-07-2024 21:36:13.54   63.23   0.116  26.379   31.332   96.7  11.36  14.000    0.04885    1.96    2.25    3.01
14-07-2024 21:36:13.78   63.03   0.106  26.376   31.339   96.8  11.37  14.000    0.04293    2.10    2.76    3.40
14-07-2024 21:36:14.03   62.85   0.098  26.371   31.340   96.8  11.37  14.000    0.04885    2.46    2.22    3.09
14-07-2024 21:36:14.27   62.70   0.096  26.368   31.339   96.8  11.37  14.000    0.01702    2.46    2.22    3.09
14-07-2024 21:36:14.52   62.50   0.095  26.366   31.338   96.8  11.37  14.000    0.02591    2.14    2.56    3.23
14-07-2024 21:36:14.76   62.30   0.094  26.366   31.339   96.8  11.37  14.000    0.03627    2.17    2.47    3.45
14-07-2024 21:36:15.01   62.08   0.091  26.362   31.336   96.8  11.37  14.000    0.02443    1.96    2.41    3.29
14-07-2024 21:36:15.25   61.93   0.087  26.362   31.340   96.8  11.38  14.000    0.03257    2.16    2.55    3.29
14-07-2024 21:36:15.50   61.70   0.084  26.355   31.335   96.8  11.38  14.000    0.03923    2.16    2.07    3.77
14-07-2024 21:36:15.74   61.47   0.081  26.351   31.332   96.8  11.38  14.000    0.04441    2.27    2.43    3.02
14-07-2024 21:36:15.99   61.30   0.077  26.350   31.335   96.8  11.38  14.000    0.02146    2.27    2.43    3.02
14-07-2024 21:36:16.24   61.13   0.074  26.346   31.333   96.8  11.38  14.000    0.03701    2.39    2.51    3.00
14-07-2024 21:36:16.49   60.95   0.071  26.340   31.329   96.8  11.38  14.000    0.03627    2.11    2.14    3.19
14-07-2024 21:36:16.73   60.76   0.070  26.340   31.329   96.8  11.38  14.000    0.03257    1.96    2.41    3.37
14-07-2024 21:36:16.98   60.57   0.070  26.336   31.325   96.8  11.38  14.000    0.05107    2.23    2.33    3.20
14-07-2024 21:36:17.22   60.37   0.072  26.337   31.324   96.8  11.38  14.000    0.03331    2.27    2.14    2.94
14-07-2024 21:36:17.47   60.20   0.075  26.338   31.322   96.8  11.38  14.000    0.04219    2.11    2.25    3.13
14-07-2024 21:36:17.71   59.96   0.074  26.335   31.319   96.8  11.38  14.000    0.03923    2.11    2.25    3.13
14-07-2024 21:36:17.96   59.80   0.073  26.330   31.314   96.8  11.38  14.000    0.03923    2.45    2.60    3.09
14-07-2024 21:36:18.21   59.62   0.080  26.326   31.302   96.8  11.38  14.000    0.03849    2.19    2.38    3.29
14-07-2024 21:36:18.45   59.37   0.079  26.327   31.304   96.8  11.38  14.000    0.04589    2.34    2.09    3.49
14-07-2024 21:36:18.70   59.23   0.075  26.323   31.303   96.8  11.38  14.000    0.01998    2.43    2.86    3.39
14-07-2024 21:36:18.94   58.99   0.075  26.324   31.305   96.8  11.38  14.000    0.03257    2.18    2.31    3.57
14-07-2024 21:36:19.19   58.84   0.070  26.319   31.303   96.8  11.38  14.000    0.04293    2.13    2.37    3.29
14-07-2024 21:36:19.43   58.66   0.066  26.313   31.300   96.8  11.38  14.000    0.03109    2.13    2.37    3.29
14-07-2024 21:36:19.68   58.38   0.064  26.312   31.300   96.8  11.39  14.000    0.03405    2.15    2.30    3.25
14-07-2024 21:36:19.93   58.21   0.060  26.309   31.301   96.8  11.39  14.000    0.03035    2.36    2.10    3.36
14-07-2024 21:36:20.18   58.03   0.058  26.306   31.299   96.8  11.39  14.000    0.02887    2.36    2.14    3.00
14-07-2024 21:36:20.42   57.83   0.057  26.306   31.301   96.8  11.39  14.000    0.04885    2.21    2.50    2.83
14-07-2024 21:36:20.67   57.68   0.059  26.305   31.297   96.8  11.39  14.000    0.02294    2.33    2.73    3.52
14-07-2024 21:36:20.91   57.41   0.059  26.305   31.297   96.8  11.39  14.000    0.03775    2.22    2.17    3.27
14-07-2024 21:36:21.16   57.23   0.059  26.305   31.297   96.8  11.39  14.000    0.03849    2.22    2.17    3.27
14-07-2024 21:36:21.40   57.08   0.059  26.305   31.297   96.9  11.39  14.000    0.03183    2.39    2.52    3.42
14-07-2024 21:36:21.65   56.86   0.061  26.304   31.294   96.9  11.39  14.000    0.02813    2.03    2.54    3.07
14-07-2024 21:36:21.89   56.72   0.062  26.304   31.293   96.9  11.39  14.000    0.02294    2.36    2.32    3.14
14-07-2024 21:36:22.14   56.51   0.062  26.303   31.292   96.9  11.39  14.000    0.03849    2.13    2.65    2.94
14-07-2024 21:36:22.38   56.33   0.063  26.303   31.292   96.9  11.39  14.000    0.03405    2.21    2.23    3.01
14-07-2024 21:36:22.63   56.11   0.063  26.303   31.291   96.9  11.39  14.000    0.04959    2.23    2.75    3.34
14-07-2024 21:36:22.87   55.93   0.062  26.301   31.290   96.8  11.39  14.000    0.04219    2.23    2.75    3.34
14-07-2024 21:36:23.12   55.72   0.061  26.301   31.291   96.9  11.39  14.000    0.01480    2.10    2.65    3.30
14-07-2024 21:36:23.37   55.58   0.069  26.305   31.289   96.8  11.39  14.000    0.01998    2.31    2.52    3.30
14-07-2024 21:36:23.62   55.36   0.080  26.317   31.292   96.9  11.39  14.000    0.02220    2.26    2.30    3.10
14-07-2024 21:36:23.86   55.19   0.081  26.313   31.287   96.9  11.39  14.000    0.03627    2.41    2.18    3.31
14-07-2024 21:36:24.11   55.00   0.082  26.319   31.293   96.9  11.39  14.000    0.01628    2.25    2.18    3.29
14-07-2024 21:36:24.36   54.76   0.091  26.327   31.295   96.9  11.39  14.000    0.02294    2.46    2.47    3.34
14-07-2024 21:36:24.60   54.63   0.102  26.329   31.286   96.9  11.39  14.000    0.03109    2.46    2.47    3.34
14-07-2024 21:36:24.85   54.40   0.109  26.329   31.279   96.9  11.39  14.000    0.03997    2.43    2.38    3.15
14-07-2024 21:36:25.09   54.20   0.114  26.330   31.276   96.9  11.38  14.000    0.03775    2.32    1.86    3.34
14-07-2024 21:36:25.34   54.05   0.118  26.330   31.271   96.9  11.38  14.000    0.04071    2.38    2.57    2.88
14-07-2024 21:36:25.58   53.82   0.120  26.329   31.268   96.9  11.38  14.000    0.03997    2.52    2.24    3.11
14-07-2024 21:36:25.83   53.61   0.119  26.325   31.264   96.9  11.38  14.000    0.03405    2.54    2.39    3.00
14-07-2024 21:36:26.07   53.46   0.117  26.322   31.263   96.9  11.39  14.000    0.05329    2.41    2.71    2.93
14-07-2024 21:36:26.32   53.28   0.115  26.321   31.263   96.9  11.38  14.000    0.03331    2.41    2.71    2.93
14-07-2024 21:36:26.56   53.04   0.116  26.323   31.265   96.9  11.38  14.000    0.02739    2.19    2.62    3.63
14-07-2024 21:36:26.81   52.90   0.119  26.325   31.265   96.9  11.38  14.000    0.03257    2.32    2.50    3.32
14-07-2024 21:36:27.05   52.64   0.123  26.328   31.264   96.9  11.38  14.000    0.02146    2.21    2.34    3.07
14-07-2024 21:36:27.31   52.47   0.131  26.334   31.263   96.9  11.38  14.000    0.03331    1.87    2.33    3.32
14-07-2024 21:36:27.55   52.32   0.140  26.336   31.258   96.9  11.38  14.000    0.02072    2.15    2.32    2.94
14-07-2024 21:36:27.80   52.09   0.145  26.335   31.251   96.9  11.38  14.000    0.03553    2.05    2.53    3.16
14-07-2024 21:36:28.05   51.84   0.147  26.336   31.251   96.9  11.37  14.000    0.03701    2.05    2.53    3.16
14-07-2024 21:36:28.29   51.65   0.149  26.336   31.249   96.9  11.38  14.000    0.03701    2.14    2.33    3.02
14-07-2024 21:36:28.54   51.51   0.156  26.340   31.247   96.9  11.37  14.000    0.00888    2.38    2.24    3.41
14-07-2024 21:36:28.78   51.27   0.163  26.342   31.243   96.9  11.37  14.000    0.02665    2.06    2.23    3.30
14-07-2024 21:36:29.03   51.07   0.167  26.344   31.241   96.9  11.37  14.000    0.03479    2.48    2.14    3.24
14-07-2024 21:36:29.27   50.90   0.171  26.344   31.237   96.9  11.37  14.000    0.03331    2.48    2.06    2.93
14-07-2024 21:36:29.52   50.73   0.175  26.342   31.231   96.9  11.37  14.000    0.03331    2.07    2.32    3.26
14-07-2024 21:36:29.76   50.53   0.177  26.342   31.229   96.9  11.37  14.000    0.01850    2.07    2.32    3.26
14-07-2024 21:36:30.01   50.32   0.177  26.343   31.230   96.9  11.37  14.000    0.03035    2.54    1.64    3.37
14-07-2024 21:36:30.25   50.12   0.176  26.342   31.230   96.9  11.37  14.000    0.02739    2.36    2.58    3.46
14-07-2024 21:36:30.50   49.94   0.179  26.342   31.228   97.0  11.38  14.000    0.02517    2.33    2.03    3.10
14-07-2024 21:36:30.74   49.72   0.183  26.342   31.223   97.0  11.38  14.000    0.03257    2.03    2.54    3.08
14-07-2024 21:36:30.99   49.54   0.186  26.341   31.220   97.0  11.38  14.000    0.03257    2.20    2.28    3.24
14-07-2024 21:36:31.24   49.30   0.187  26.341   31.218   97.0  11.38  14.000    0.03553    2.13    2.01    3.17
14-07-2024 21:36:31.48   49.10   0.188  26.335   31.209   97.0  11.38  14.000    0.03109    2.13    2.01    3.17
14-07-2024 21:36:31.73   48.94   0.184  26.332   31.210   97.0  11.38  14.000    0.02220    2.34    2.31    3.15
14-07-2024 21:36:31.98   48.70   0.175  26.316   31.197   97.1  11.39  14.000    0.03257    2.29    2.16    2.90
14-07-2024 21:36:32.22   48.53   0.165  26.304   31.193   97.1  11.40  14.000    0.02887    2.24    1.75    3.18
14-07-2024 21:36:32.47   48.35   0.158  26.303   31.198   97.1  11.40  14.000    0.01850    2.14    2.28    3.04
14-07-2024 21:36:32.71   48.11   0.150  26.296   31.198   97.1  11.41  14.000    0.03183    1.96    2.15    3.41
14-07-2024 21:36:32.96   47.91   0.147  26.286   31.188   97.1  11.41  14.000    0.03035    1.96    2.15    3.41
14-07-2024 21:36:33.20   47.73   0.143  26.288   31.195   97.2  11.41  14.000    0.04071    2.37    2.13    3.20
14-07-2024 21:36:33.45   47.55   0.140  26.275   31.181   97.2  11.41  14.000    0.03553    1.96    2.61    3.13
14-07-2024 21:36:33.69   47.34   0.134  26.260   31.168   97.2  11.42  14.000    0.03923    2.25    2.40    3.49
14-07-2024 21:36:33.94   47.11   0.125  26.258   31.174   97.2  11.42  14.000    0.01998    2.26    2.19    3.24
14-07-2024 21:36:34.18   46.95   0.117  26.256   31.179   97.2  11.43  14.000    0.03553    2.33    2.63    3.16
14-07-2024 21:36:34.43   46.78   0.095  26.234   31.173   97.3  11.44  14.000    0.03405    2.20    2.40    3.22
14-07-2024 21:36:34.68   46.54   0.086  26.225   31.171   97.3  11.45  14.000    0.03479    2.20    2.40    3.22
14-07-2024 21:36:34.92   46.40   0.076  26.221   31.177   97.3  11.45  14.000    0.04071    2.01    1.86    3.27
14-07-2024 21:36:35.17   46.13   0.065  26.209   31.172   97.3  11.46  14.000    0.02591    2.27    2.35    3.40
14-07-2024 21:36:35.42   45.96   0.063  26.205   31.168   97.3  11.46  14.000    0.02813    2.23    2.27    3.09
14-07-2024 21:36:35.66   45.80   0.060  26.204   31.171   97.3  11.46  14.000    0.02591    2.23    2.53    3.46
14-07-2024 21:36:35.91   45.60   0.062  26.209   31.174   97.3  11.46  14.000    0.01628    2.22    2.13    2.82
14-07-2024 21:36:36.15   45.39   0.074  26.211   31.166   97.3  11.45  14.000    0.02443    2.88    1.94    3.26
14-07-2024 21:36:36.40   45.15   0.077  26.210   31.162   97.3  11.46  14.000    0.03701    2.88    1.94    3.26
14-07-2024 21:36:36.64   44.97   0.075  26.211   31.165   97.3  11.46  14.000    0.02961    2.40    2.92    3.12
14-07-2024 21:36:36.89   44.82   0.075  26.202   31.153   97.4  11.46  14.000    0.04515    2.48    2.44    3.41
14-07-2024 21:36:37.13   44.59   0.075  26.200   31.151   97.4  11.46  14.000    0.02146    2.16    2.38    3.08
14-07-2024 21:36:37.38   44.41   0.069  26.195   31.151   97.4  11.46  14.000    0.04441    2.27    2.55    3.11
14-07-2024 21:36:37.62   44.23   0.063  26.187   31.146   97.4  11.47  14.000    0.03849    2.39    2.26    3.30
14-07-2024 21:36:37.87   44.00   0.060  26.183   31.144   97.4  11.47  14.000    0.01924    2.47    2.33    3.53
14-07-2024 21:36:38.11   43.80   0.059  26.183   31.145   97.4  11.47  14.000    0.02443    2.47    2.33    3.53
14-07-2024 21:36:38.37   43.60   0.059  26.182   31.144   97.4  11.47  14.000    0.01850    2.53    2.51    2.90
14-07-2024 21:36:38.61   43.42   0.059  26.181   31.142   97.4  11.47  14.000    0.04367    2.22    2.26    3.05
14-07-2024 21:36:38.86   43.19   0.059  26.179   31.141   97.4  11.47  14.000    0.03405    2.36    2.75    3.22
14-07-2024 21:36:39.10   43.04   0.058  26.179   31.141   97.4  11.47  14.000    0.03331    2.46    2.08    3.19
14-07-2024 21:36:39.35   42.77   0.061  26.188   31.150   97.4  11.47  14.000    0.02294    2.16    2.55    3.28
14-07-2024 21:36:39.60   42.61   0.072  26.195   31.148   97.4  11.47  14.000    0.02220    2.23    2.63    3.28
14-07-2024 21:36:39.84   42.40   0.080  26.197   31.142   97.4  11.47  14.000    0.00814    2.23    2.63    3.28
14-07-2024 21:36:40.09   42.17   0.085  26.197   31.138   97.4  11.47  14.000    0.01332    2.07    2.28    3.05
14-07-2024 21:36:40.33   41.96   0.088  26.197   31.135   97.4  11.46  14.000    0.05107    2.24    2.23    3.38
14-07-2024 21:36:40.58   41.77   0.090  26.193   31.127   97.4  11.47  14.000    0.02739    2.56    2.27    3.29
14-07-2024 21:36:40.82   41.59   0.090  26.188   31.121   97.4  11.47  14.000    0.03331    2.49    2.37    3.25
14-07-2024 21:36:41.07   41.44   0.091  26.183   31.114   97.5  11.47  14.000    0.02813    2.21    2.46    3.28
14-07-2024 21:36:41.31   41.17   0.084  26.172   31.108   97.5  11.47  14.000    0.03997    2.37    2.52    3.52
14-07-2024 21:36:41.56   41.00   0.071  26.171   31.119   97.5  11.48  14.000    0.03035    2.37    2.52    3.52
14-07-2024 21:36:41.80   40.86   0.064  26.159   31.110   97.5  11.48  14.000    0.01998    2.31    2.63    3.31
14-07-2024 21:36:42.06   40.57   0.049  26.140   31.100   97.5  11.49  14.000    0.07105    2.37    2.28    3.40
14-07-2024 21:36:42.30   40.43   0.045  26.137   31.101   97.5  11.49  14.000    0.03923    2.28    2.79    3.01
14-07-2024 21:36:42.55   40.21   0.041  26.137   31.105   97.5  11.49  14.000    0.04441    2.32    2.19    3.16
14-07-2024 21:36:42.79   39.97   0.039  26.131   31.099   97.5  11.49  14.000    0.03553    2.33    2.57    3.30
14-07-2024 21:36:43.04   39.82   0.040  26.122   31.087   97.4  11.48  14.000    0.02887    2.28    2.06    3.32
14-07-2024 21:36:43.28   39.59   0.044  26.119   31.079   97.4  11.48  14.000    0.03035    2.28    2.06    3.32
14-07-2024 21:36:43.53   39.38   0.044  26.119   31.079   97.4  11.48  14.000    0.03331    2.17    2.33    3.31
14-07-2024 21:36:43.77   39.18   0.044  26.117   31.077   97.4  11.48  14.000    0.02517    2.24    2.26    2.99
14-07-2024 21:36:44.02   39.01   0.052  26.125   31.079   97.4  11.48  14.000    0.02739    2.35    2.45    3.03
14-07-2024 21:36:44.26   38.82   0.077  26.148   31.084   97.4  11.46  14.000    0.04071    2.19    2.22    3.03
14-07-2024 21:36:44.51   38.62   0.110  26.160   31.066   97.3  11.45  14.000    0.03331    2.44    2.26    3.25
14-07-2024 21:36:44.75   38.40   0.121  26.163   31.059   97.3  11.45  14.000    0.01850    2.37    2.29    3.26
14-07-2024 21:36:45.00   38.18   0.134  26.173   31.059   97.3  11.45  14.000    0.03109    2.37    2.29    3.26
14-07-2024 21:36:45.24   38.05   0.164  26.180   31.037   97.3  11.43  14.000    0.03109    2.11    2.33    3.04
14-07-2024 21:36:45.49   37.81   0.181  26.196   31.041   97.3  11.43  14.000    0.03701    2.18    2.14    3.42
14-07-2024 21:36:45.74   37.63   0.183  26.201   31.047   97.3  11.43  14.000    0.03035    2.36    2.35    3.10
14-07-2024 21:36:45.98   37.38   0.186  26.201   31.043   97.3  11.43  14.000    0.04145    2.11    2.57    3.36
14-07-2024 21:36:46.23   37.21   0.188  26.194   31.033   97.4  11.43  14.000    0.02961    1.91    2.24    3.21
14-07-2024 21:36:46.48   37.06   0.178  26.184   31.030   97.4  11.44  14.000    0.03701    2.56    2.39    3.38
14-07-2024 21:36:46.72   36.86   0.160  26.173   31.033   97.4  11.45  14.000    0.03627    2.56    2.39    3.38
14-07-2024 21:36:46.97   36.71   0.155  26.171   31.036   97.4  11.45  14.000    0.02665    2.39    2.09    3.41
14-07-2024 21:36:47.22   36.54   0.149  26.164   31.033   97.4  11.45  14.000    0.03923    1.89    2.15    2.92
14-07-2024 21:36:47.46   36.36   0.141  26.146   31.018   97.4  11.46  14.000    0.02591    2.35    2.33    3.18
14-07-2024 21:36:47.70   36.11   0.128  26.116   30.992   97.5  11.47  14.000    0.05107    2.62    2.21    3.41
14-07-2024 21:36:47.95   35.95   0.116  26.114   31.002   97.5  11.48  14.000    0.04367    2.52    2.23    2.67
14-07-2024 21:36:48.19   35.81   0.113  26.116   31.006   97.5  11.48  14.000    0.03035    2.52    2.37    3.18
14-07-2024 21:36:48.44   35.63   0.109  26.107   31.000   97.5  11.48  14.000    0.03257    2.52    2.37    3.18
14-07-2024 21:36:48.68   35.45   0.097  26.088   30.987   97.5  11.49  14.000    0.04293    2.50    2.33    3.26
14-07-2024 21:36:48.93   35.29   0.087  26.070   30.974   97.5  11.49  14.000    0.03627    2.10    2.55    2.87
14-07-2024 21:36:49.17   35.05   0.079  26.065   30.976   97.6  11.50  14.000    0.05329    2.52    2.30    3.33
14-07-2024 21:36:49.43   34.85   0.076  26.061   30.974   97.6  11.50  14.000    0.04071    2.30    2.66    3.24
14-07-2024 21:36:49.67   34.64   0.075  26.058   30.971   97.6  11.50  14.000    0.04515    2.32    2.21    3.13
14-07-2024 21:36:49.92   34.45   0.074  26.057   30.971   97.6  11.50  14.000    0.03479    2.65    2.38    3.40
14-07-2024 21:36:50.17   34.26   0.074  26.056   30.970   97.6  11.50  14.000    0.03849    2.65    2.38    3.40
14-07-2024 21:36:50.41   34.06   0.085  26.052   30.953   97.6  11.50  14.000    0.05255    2.55    2.40    3.66
14-07-2024 21:36:50.66   33.88   0.102  26.076   30.968   97.5  11.49  14.000    0.03553    2.22    2.24    3.39
14-07-2024 21:36:50.90   33.76   0.115  26.084   30.964   97.5  11.48  14.000    0.03331    2.52    2.50    3.34
14-07-2024 21:36:51.15   33.53   0.126  26.084   30.954   97.5  11.48  14.000    0.04959    2.27    2.20    3.52
14-07-2024 21:36:51.39   33.34   0.134  26.085   30.947   97.5  11.48  14.000    0.03479    2.17    2.43    3.44
14-07-2024 21:36:51.64   33.16   0.144  26.089   30.942   97.6  11.48  14.000    0.03183    2.09    1.73    2.93
14-07-2024 21:36:51.88   32.95   0.154  26.088   30.931   97.6  11.48  14.000    0.03109    2.09    1.73    2.93
14-07-2024 21:36:52.13   32.82   0.187  26.101   30.915   97.5  11.46  14.000    0.03849    2.24    1.94    3.26
14-07-2024 21:36:52.37   32.67   0.207  26.111   30.907   97.5  11.46  14.000    0.03627    2.40    2.18    3.31
14-07-2024 21:36:52.62   32.41   0.217  26.110   30.895   97.5  11.46  14.000    0.04145    2.07    2.07    3.27
14-07-2024 21:36:52.86   32.27   0.221  26.108   30.890   97.5  11.46  14.000    0.04219    2.34    2.27    3.29
14-07-2024 21:36:53.12   32.09   0.219  26.106   30.889   97.6  11.46  14.000    0.05255    2.54    2.41    3.13
14-07-2024 21:36:53.36   31.86   0.220  26.103   30.886   97.6  11.47  14.000    0.03183    2.22    2.42    3.02
14-07-2024 21:36:53.61   31.76   0.222  26.099   30.877   97.6  11.47  14.000    0.04589    2.22    2.42    3.02
14-07-2024 21:36:53.85   31.54   0.224  26.093   30.868   97.6  11.47  14.000    0.03923    2.16    2.13    3.02
14-07-2024 21:36:54.10   31.44   0.226  26.090   30.862   97.7  11.47  14.000    0.04071    2.40    2.50    3.24
14-07-2024 21:36:54.35   31.22   0.229  26.088   30.857   97.7  11.47  14.000    0.03775    2.21    2.00    2.88
14-07-2024 21:36:54.59   31.01   0.233  26.089   30.853   97.7  11.47  14.000    0.07105    2.29    2.38    3.23
14-07-2024 21:36:54.84   30.87   0.236  26.091   30.852   97.7  11.47  14.000    0.04515    2.56    2.77    3.32
14-07-2024 21:36:55.08   30.69   0.247  26.094   30.845   97.7  11.47  14.000    0.03331    2.25    2.79    3.10
14-07-2024 21:36:55.32   30.55   0.259  26.111   30.857   97.7  11.47  14.000    0.05181    2.25    2.79    3.10
14-07-2024 21:36:55.57   30.36   0.277  26.130   30.863   97.7  11.46  14.000    0.03923    2.32    1.88    3.13
14-07-2024 21:36:55.82   30.19   0.302  26.129   30.837   97.7  11.45  14.000    0.04441    2.20    2.70    3.22
14-07-2024 21:36:56.06   29.96   0.314  26.136   30.834   97.7  11.45  14.000    0.03331    2.01    2.20    3.13
14-07-2024 21:36:56.31   29.77   0.337  26.141   30.818   97.7  11.44  14.000    0.05329    2.24    2.09    3.54
14-07-2024 21:36:56.55   29.63   0.360  26.151   30.808   97.7  11.44  14.000    0.03553    2.46    2.36    3.29
14-07-2024 21:36:56.80   29.42   0.371  26.155   30.803   97.7  11.44  14.000    0.05107    1.97    2.33    3.18
14-07-2024 21:36:57.05   29.26   0.390  26.155   30.783   97.7  11.43  14.000    0.05181    1.97    2.33    3.18
14-07-2024 21:36:57.30   29.06   0.410  26.145   30.750   97.7  11.43  14.000    0.03183    2.31    2.27    3.09
14-07-2024 21:36:57.54   28.92   0.425  26.140   30.728   97.8  11.43  14.000    0.05699    2.28    2.16    3.23
14-07-2024 21:36:57.79   28.73   0.440  26.136   30.708   97.8  11.43  14.000    0.05847    2.19    2.73    3.31
14-07-2024 21:36:58.03   28.56   0.452  26.133   30.694   97.8  11.44  14.000    0.06439    2.31    2.24    2.96
14-07-2024 21:36:58.28   28.39   0.460  26.130   30.682   97.8  11.43  14.000    0.05033    2.05    2.32    3.39
14-07-2024 21:36:58.52   28.21   0.470  26.123   30.663   97.8  11.43  14.000    0.04737    2.12    2.34    3.00
14-07-2024 21:36:58.77   28.00   0.473  26.107   30.639   97.9  11.44  14.000    0.06069    2.12    2.34    3.00
14-07-2024 21:36:59.01   27.89   0.468  26.066   30.591   97.9  11.45  14.000    0.06513    1.99    2.39    3.53
14-07-2024 21:36:59.26   27.68   0.459  26.001   30.516   97.9  11.46  14.000    0.05477    2.13    1.93    3.47
14-07-2024 21:36:59.50   27.50   0.451  25.989   30.508   98.0  11.47  14.000    0.05403    1.97    2.41    3.05
14-07-2024 21:36:59.75   27.32   0.455  25.988   30.503   98.0  11.47  14.000    0.04885    2.37    2.68    3.40
14-07-2024 21:36:59.99   27.14   0.460  25.985   30.494   98.0  11.47  14.000    0.06143    2.48    2.05    3.28
14-07-2024 21:37:00.24   26.95   0.453  25.971   30.485   98.0  11.47  14.000    0.07846    2.18    2.75    3.18
14-07-2024 21:37:00.49   26.76   0.413  25.919   30.456   98.1  11.50  14.000    0.05699    2.18    2.75    3.18
14-07-2024 21:37:00.74   26.60   0.395  25.893   30.440   98.1  11.51  14.000    0.06957    2.21    2.36    3.46
14-07-2024 21:37:00.98   26.44   0.393  25.888   30.437   98.1  11.51  14.000    0.07550    2.18    2.77    3.06
14-07-2024 21:37:01.23   26.26   0.388  25.861   30.406   98.1  11.51  14.000    0.06291    2.45    1.78    2.86
14-07-2024 21:37:01.47   26.05   0.380  25.843   30.392   98.1  11.52  14.000    0.07105    1.99    2.49    3.60
14-07-2024 21:37:01.72   25.89   0.375  25.833   30.382   98.1  11.52  14.000    0.06735    1.91    2.68    2.97
14-07-2024 21:37:01.96   25.67   0.371  25.825   30.377   98.1  11.52  14.000    0.08734    2.20    2.83    3.18
14-07-2024 21:37:02.21   25.52   0.358  25.822   30.386   98.2  11.53  14.000    0.07624    2.20    2.83    3.18
14-07-2024 21:37:02.45   25.39   0.353  25.792   30.352   98.1  11.53  14.000    0.07698    2.35    2.42    3.25
14-07-2024 21:37:02.70   25.19   0.341  25.758   30.321   98.2  11.54  14.000    0.09178    2.15    1.80    3.22
14-07-2024 21:37:02.94   25.04   0.330  25.755   30.327   98.1  11.54  14.000    0.08808    2.41    2.42    3.03
14-07-2024 21:37:03.19   24.81   0.311  25.743   30.331   98.1  11.54  14.000    0.09622    2.29    2.84    3.04
14-07-2024 21:37:03.43   24.64   0.248  25.669   30.296   98.3  11.58  14.000    0.09770    2.30    2.45    3.13
14-07-2024 21:37:03.68   24.52   0.237  25.654   30.288   98.3  11.58  14.000    0.10658    2.50    1.96    3.13
14-07-2024 21:37:03.92   24.32   0.227  25.644   30.285   98.2  11.58  14.000    0.08882    2.50    1.96    3.13
14-07-2024 21:37:04.19   24.13   0.213  25.624   30.273   98.2  11.59  14.000    0.10658    2.47    2.15    3.27
14-07-2024 21:37:04.42   23.94   0.201  25.597   30.250   98.2  11.60  14.000    0.09696    1.74    2.30    2.94
14-07-2024 21:37:04.67   23.75   0.183  25.588   30.256   98.3  11.60  14.000    0.10436    2.58    2.51    3.39
14-07-2024 21:37:04.92   23.56   0.185  25.576   30.240   98.2  11.60  14.000    0.10806    2.41    2.33    3.12
14-07-2024 21:37:05.16   23.46   0.184  25.564   30.224   98.2  11.60  14.000    0.11842    2.22    2.56    3.20
14-07-2024 21:37:05.41   23.24   0.182  25.563   30.225   98.2  11.60  14.000    0.12287    2.05    2.38    3.39
14-07-2024 21:37:05.65   23.05   0.182  25.562   30.224   98.2  11.60  14.000    0.11472    2.05    2.38    3.39
14-07-2024 21:37:05.90   22.87   0.189  25.562   30.217   98.2  11.60  14.000    0.10806    2.08    2.39    3.16
14-07-2024 21:37:06.14   22.73   0.197  25.563   30.211   98.2  11.59  14.000    0.12287    1.97    2.53    3.09
14-07-2024 21:37:06.39   22.53   0.201  25.562   30.205   98.2  11.59  14.000    0.12213    2.13    2.33    3.13
14-07-2024 21:37:06.63   22.34   0.239  25.555   30.159   98.1  11.57  14.000    0.12064    2.11    2.36    3.06
14-07-2024 21:37:06.88   22.13   0.260  25.546   30.126   98.0  11.56  14.000    0.12064    2.12    1.88    3.41
14-07-2024 21:37:07.13   22.01   0.267  25.545   30.119   98.0  11.56  14.000    0.10584    2.10    2.19    3.34
14-07-2024 21:37:07.37   21.76   0.270  25.544   30.115   98.0  11.56  14.000    0.12361    2.10    2.19    3.34
14-07-2024 21:37:07.61   21.65   0.272  25.547   30.117   98.0  11.56  14.000    0.12731    2.48    2.25    2.96
14-07-2024 21:37:07.86   21.36   0.280  25.545   30.107   98.1  11.56  14.000    0.13989    2.28    1.85    3.07
14-07-2024 21:37:08.11   21.27   0.285  25.544   30.100   98.1  11.56  14.000    0.13175    2.58    2.30    3.28
14-07-2024 21:37:08.36   21.09   0.292  25.542   30.091   98.1  11.56  14.000    0.13101    2.08    2.24    3.20
14-07-2024 21:37:08.60   20.86   0.299  25.531   30.069   98.1  11.56  14.000    0.15765    2.28    2.49    3.04
14-07-2024 21:37:08.85   20.72   0.300  25.511   30.044   98.1  11.56  14.000    0.17542    1.91    2.41    3.31
14-07-2024 21:37:09.09   20.47   0.310  25.498   30.017   98.1  11.56  14.000    0.15395    1.91    2.41    3.31
14-07-2024 21:37:09.34   20.29   0.315  25.486   29.996   98.1  11.56  14.000    0.16505    2.47    2.25    2.88
14-07-2024 21:37:09.58   20.11   0.311  25.479   29.992   98.1  11.57  14.000    0.17764    2.82    2.19    3.16
14-07-2024 21:37:09.83   19.93   0.302  25.472   29.991   98.1  11.57  14.000    0.15469    2.46    2.56    3.15
14-07-2024 21:37:10.07   19.80   0.296  25.458   29.978   98.2  11.58  14.000    0.17616    2.32    2.26    3.25
14-07-2024 21:37:10.32   19.62   0.293  25.442   29.961   98.2  11.58  14.000    0.17394    2.60    2.32    3.01
14-07-2024 21:37:10.56   19.46   0.284  25.400   29.916   98.2  11.59  14.000    0.18430    2.60    2.32    3.01
14-07-2024 21:37:10.81   19.29   0.284  25.384   29.895   98.2  11.59  14.000    0.19984    1.88    2.85    3.10
14-07-2024 21:37:11.05   19.08   0.277  25.375   29.890   98.2  11.60  14.000    0.22131    2.70    1.96    3.01
14-07-2024 21:37:11.30   18.88   0.269  25.364   29.885   98.2  11.60  14.000    0.20280    2.38    1.82    3.04
14-07-2024 21:37:11.55   18.73   0.268  25.357   29.877   98.3  11.61  14.000    0.20280    2.50    2.28    3.16
14-07-2024 21:37:11.80   18.51   0.267  25.344   29.860   98.2  11.61  14.000    0.23759    2.44    2.70    3.37
14-07-2024 21:37:12.05   18.38   0.265  25.337   29.854   98.2  11.61  14.000    0.20576    2.54    2.08    3.14
14-07-2024 21:37:12.29   18.22   0.264  25.322   29.835   98.2  11.61  14.000    0.24129    2.23    2.10    3.06
14-07-2024 21:37:12.54   18.11   0.264  25.309   29.818   98.2  11.61  14.000    0.23019    2.23    2.10    3.06
14-07-2024 21:37:12.78   18.07   0.263  25.307   29.817   98.2  11.61  14.000    0.24351    2.63    2.37    3.36
14-07-2024 21:37:13.03   17.91   0.263  25.298   29.806   98.3  11.62  14.000    0.27608    2.72    1.86    3.04
14-07-2024 21:37:13.27   17.88   0.262  25.285   29.790   98.2  11.61  14.000    0.24573    2.61    2.30    3.19
14-07-2024 21:37:13.52   17.78   0.261  25.278   29.782   98.3  11.62  14.000    0.23759    2.64    2.66    3.35
14-07-2024 21:37:13.76   17.72   0.264  25.276   29.776   98.2  11.61  14.000    0.24869    2.35    2.55    3.35
14-07-2024 21:37:14.01   17.62   0.265  25.279   29.778   98.2  11.61  14.000    0.27534    2.35    2.55    3.35
14-07-2024 21:37:14.25   17.49   0.266  25.287   29.788   98.2  11.61  14.000    0.26719    2.36    2.47    3.08
14-07-2024 21:37:14.50   17.45   0.265  25.285   29.787   98.2  11.61  14.000    0.29236    2.53    2.10    3.35
14-07-2024 21:37:14.74   17.32   0.266  25.280   29.778   98.2  11.61  14.000    0.28792    2.62    2.67    2.91
14-07-2024 21:37:14.99   17.21   0.268  25.278   29.775   98.2  11.61  14.000    0.29754    2.40    2.57    3.15
14-07-2024 21:37:15.25   17.05   0.273  25.279   29.771   98.2  11.61  14.000    0.29902    2.49    2.15    3.08
14-07-2024 21:37:15.48   16.98   0.271  25.280   29.774   98.2  11.61  14.000    0.33085    2.58    2.69    2.92
14-07-2024 21:37:15.73   16.90   0.269  25.279   29.776   98.2  11.61  14.000    0.31753    2.58    2.69    2.92
14-07-2024 21:37:15.98   16.79   0.268  25.274   29.769   98.2  11.61  14.000    0.31012    2.98    2.45    3.09
14-07-2024 21:37:16.23   16.60   0.269  25.272   29.766   98.2  11.61  14.000    0.34269    2.53    2.16    3.09
14-07-2024 21:37:16.47   16.48   0.271  25.273   29.766   98.2  11.61  14.000    0.32863    2.54    2.64    3.46
14-07-2024 21:37:16.72   16.44   0.269  25.273   29.769   98.3  11.61  14.000    0.34935    2.45    2.77    3.11
14-07-2024 21:37:16.96   16.34   0.266  25.267   29.763   98.3  11.62  14.000    0.36860    2.87    2.17    3.28
14-07-2024 21:37:17.21   16.20   0.264  25.252   29.746   98.3  11.62  14.000    0.37378    2.59    2.46    3.12
14-07-2024 21:37:17.45   16.10   0.253  25.220   29.716   98.3  11.63  14.000    0.38340    2.59    2.46    3.12
14-07-2024 21:37:17.70   15.96   0.248  25.199   29.693   98.3  11.63  14.000    0.39894    2.12    2.54    3.20
14-07-2024 21:37:17.94   15.81   0.243  25.185   29.680   98.3  11.64  14.000    0.41745    2.58    2.54    2.95
14-07-2024 21:37:18.19   15.74   0.240  25.160   29.650   98.3  11.64  14.000    0.42041    2.71    2.50    3.38
14-07-2024 21:37:18.43   15.66   0.234  25.147   29.639   98.3  11.64  14.000    0.42633    2.78    2.12    3.30
14-07-2024 21:37:18.68   15.49   0.231  25.145   29.639   98.3  11.64  14.000    0.43743    2.85    2.39    2.87
14-07-2024 21:37:18.93   15.36   0.230  25.141   29.636   98.3  11.64  14.000    0.45963    2.65    2.12    3.31
14-07-2024 21:37:19.17   15.29   0.228  25.138   29.633   98.2  11.64  14.000    0.47888    2.65    2.12    3.31
14-07-2024 21:37:19.42   15.13   0.228  25.136   29.631   98.2  11.64  14.000    0.50404    2.21    1.85    3.21
14-07-2024 21:37:19.67   15.04   0.228  25.129   29.622   98.2  11.64  14.000    0.52773    2.74    2.47    3.33
14-07-2024 21:37:19.91   14.92   0.227  25.125   29.618   98.2  11.63  14.000    0.51367    2.21    2.35    3.17
14-07-2024 21:37:20.16   14.72   0.225  25.115   29.607   98.2  11.64  14.000    0.53735    2.03    2.10    3.20
14-07-2024 21:37:20.40   14.62   0.226  25.113   29.603   98.2  11.63  14.000    0.55956    2.50    2.52    3.16
14-07-2024 21:37:20.65   14.52   0.225  25.108   29.598   98.2  11.63  14.000    0.59212    2.54    2.35    3.25
14-07-2024 21:37:20.89   14.39   0.224  25.104   29.593   98.2  11.63  14.000    0.59212    2.54    2.35    3.25
14-07-2024 21:37:21.14   14.27   0.224  25.097   29.585   98.1  11.63  14.000    0.61655    2.60    2.36    3.11
14-07-2024 21:37:21.38   14.14   0.223  25.090   29.576   98.1  11.63  14.000    0.64911    2.69    2.16    3.23
14-07-2024 21:37:21.63   14.01   0.222  25.087   29.573   98.1  11.63  14.000    0.65503    2.84    2.26    3.20
14-07-2024 21:37:21.87   13.94   0.221  25.083   29.570   98.1  11.62  14.000    0.68686    2.71    2.34    3.32
14-07-2024 21:37:22.12   13.79   0.220  25.081   29.568   98.0  11.62  14.000    0.70240    2.23    2.10    3.33
14-07-2024 21:37:22.37   13.64   0.218  25.079   29.568   98.0  11.62  14.000    0.69278    2.52    2.74    3.47
14-07-2024 21:37:22.62   13.54   0.215  25.076   29.566   98.0  11.62  14.000    0.72905    2.52    2.74    3.47
14-07-2024 21:37:22.86   13.42   0.212  25.068   29.559   98.0  11.62  14.000    0.74163    2.56    2.34    3.22
14-07-2024 21:37:23.11   13.28   0.209  25.055   29.545   98.0  11.62  14.000    0.77642    2.52    2.17    3.13
14-07-2024 21:37:23.36   13.21   0.210  25.026   29.507   97.9  11.62  14.000    0.77420    2.65    2.53    3.04
14-07-2024 21:37:23.60   13.02   0.208  25.006   29.483   97.9  11.62  14.000    0.78234    2.49    2.43    2.85
14-07-2024 21:37:23.85   12.90   0.207  24.999   29.475   97.9  11.62  14.000    0.79344    2.53    2.24    3.11
14-07-2024 21:37:24.09   12.77   0.209  24.999   29.473   97.9  11.62  14.000    0.81565    2.29    2.47    3.29
14-07-2024 21:37:24.34   12.68   0.214  25.007   29.479   97.9  11.61  14.000    0.84525    2.29    2.47    3.29
14-07-2024 21:37:24.58   12.59   0.226  25.009   29.469   97.9  11.61  14.000    0.87264    2.54    2.17    3.32
14-07-2024 21:37:24.83   12.45   0.237  25.013   29.465   97.9  11.60  14.000    0.86080    2.91    2.30    3.32
14-07-2024 21:37:25.07   12.30   0.252  25.014   29.452   97.8  11.59  14.000    0.89336    2.87    2.30    3.21
14-07-2024 21:37:25.32   12.16   0.312  25.019   29.401   97.7  11.56  14.000    0.91927    3.19    2.53    3.16
14-07-2024 21:37:25.56   12.04   0.326  25.017   29.386   97.8  11.57  14.000    0.94665    2.74    2.23    3.45
14-07-2024 21:37:25.81   11.88   0.332  25.017   29.379   97.7  11.56  14.000    0.98144    2.93    1.94    3.16
14-07-2024 21:37:26.06   11.76   0.328  25.026   29.394   97.8  11.57  14.000    1.03547    2.93    1.94    3.16
14-07-2024 21:37:26.30   11.66   0.343  25.036   29.393   97.8  11.57  14.000    1.07618    3.05    1.88    3.41
14-07-2024 21:37:26.55   11.52   0.361  25.038   29.379   97.9  11.57  14.000    1.09024    3.40    2.08    2.96
14-07-2024 21:37:26.80   11.38   0.386  25.042   29.360   97.9  11.57  14.000    1.06582    3.01    2.30    3.48
14-07-2024 21:37:27.04   11.26   0.410  25.037   29.330   98.0  11.57  14.000    1.18054    2.68    2.19    2.96
14-07-2024 21:37:27.29   11.12   0.422  25.036   29.319   98.0  11.57  14.000    1.22051    3.21    2.71    3.20
14-07-2024 21:37:27.53   10.93   0.434  25.038   29.309   98.0  11.57  14.000    1.25086    2.99    2.69    3.32
14-07-2024 21:37:27.78   10.79   0.439  25.039   29.305   98.0  11.57  14.000    1.30415    2.99    2.69    3.32
14-07-2024 21:37:28.02   10.70   0.438  25.039   29.306   98.1  11.58  14.000    1.33671    3.12    2.38    3.37
14-07-2024 21:37:28.27   10.53   0.437  25.030   29.296   98.1  11.58  14.000    1.40407    3.08    2.51    3.33
14-07-2024 21:37:28.51   10.40   0.439  25.016   29.276   98.1  11.59  14.000    1.44182    3.18    1.54    3.31
14-07-2024 21:37:28.76   10.23   0.439  24.999   29.255   98.2  11.59  14.000    1.51213    3.06    2.66    3.29
14-07-2024 21:37:29.00   10.13   0.443  25.010   29.265   98.2  11.59  14.000    1.52619    2.94    2.45    3.33
14-07-2024 21:37:29.25    9.95   0.442  25.012   29.268   98.3  11.60  14.000    1.60613    3.08    2.26    3.26
14-07-2024 21:37:29.49    9.88   0.440  25.006   29.263   98.3  11.61  14.000    1.66090    3.08    2.26    3.26
14-07-2024 21:37:29.74    9.71   0.435  24.987   29.244   98.4  11.62  14.000    1.73640    3.26    2.93    3.18
14-07-2024 21:37:29.99    9.54   0.430  24.969   29.225   98.4  11.63  14.000    1.78525    3.48    2.16    3.08
14-07-2024 21:37:30.24    9.41   0.426  24.953   29.208   98.5  11.64  14.000    1.85408    3.37    2.42    3.30
14-07-2024 21:37:30.49    9.30   0.426  24.944   29.197   98.5  11.64  14.000    1.93846    3.36    2.33    3.35
14-07-2024 21:37:30.73    9.15   0.424  24.940   29.194   98.6  11.65  14.000    2.01988    3.07    2.45    3.23
14-07-2024 21:37:30.98    8.98   0.424  24.941   29.196   98.6  11.66  14.000    2.09611    3.83    2.58    3.51
14-07-2024 21:37:31.22    8.81   0.428  24.938   29.188   98.7  11.66  14.000    2.18641    3.83    2.58    3.51
14-07-2024 21:37:31.47    8.67   0.432  24.932   29.177   98.7  11.66  14.000    2.28485    3.00    2.51    3.00
14-07-2024 21:37:31.71    8.57   0.433  24.929   29.171   98.7  11.67  14.000    2.40327    3.28    2.11    2.95
14-07-2024 21:37:31.96    8.40   0.435  24.926   29.166   98.8  11.67  14.000    2.47581    2.95    2.37    3.33
14-07-2024 21:37:32.20    8.25   0.436  24.928   29.167   98.8  11.68  14.000    2.61940    3.34    2.27    3.44
14-07-2024 21:37:32.45    8.06   0.440  24.929   29.166   98.8  11.68  14.000    2.72598    3.37    2.29    3.52
14-07-2024 21:37:32.69    7.87   0.449  24.925   29.152   98.9  11.68  14.000    2.85477    3.80    2.26    3.00
14-07-2024 21:37:32.94    7.72   0.455  24.914   29.131   98.9  11.68  14.000    2.96579    3.80    2.26    3.00
14-07-2024 21:37:33.18    7.60   0.460  24.909   29.121   98.9  11.68  14.000    3.09384    2.97    2.52    3.46
14-07-2024 21:37:33.43    7.41   0.465  24.906   29.113   98.9  11.68  14.000    3.24705    3.08    2.46    3.65
14-07-2024 21:37:33.68    7.30   0.469  24.902   29.104   99.0  11.69  14.000    3.40544    3.27    2.49    3.22
14-07-2024 21:37:33.93    7.13   0.473  24.900   29.097   99.0  11.69  14.000    3.59344    3.29    2.49    3.47
14-07-2024 21:37:34.17    6.95   0.474  24.899   29.095   99.0  11.69  14.000    3.75849    3.31    2.07    3.09
14-07-2024 21:37:34.42    6.82   0.480  24.895   29.084   99.1  11.70  14.000    3.97980    3.03    1.89    3.35
14-07-2024 21:37:34.66    6.64   0.487  24.892   29.074   99.1  11.70  14.000    4.17964    3.03    1.89    3.35
14-07-2024 21:37:34.91    6.48   0.489  24.893   29.074   99.1  11.70  14.000    4.37282    3.55    2.32    3.03
14-07-2024 21:37:35.15    6.29   0.492  24.890   29.067   99.2  11.71  14.000    4.67184    3.52    2.42    3.41
14-07-2024 21:37:35.40    6.14   0.500  24.885   29.053   99.2  11.72  14.000    4.86724    3.96    2.32    3.19
14-07-2024 21:37:35.64    6.00   0.516  24.873   29.023   99.2  11.71  14.000    5.06560    3.27    2.58    3.13
14-07-2024 21:37:35.89    5.84   0.533  24.866   28.998   99.2  11.71  14.000    5.25656    3.29    2.47    3.18
14-07-2024 21:37:36.13    5.70   0.539  24.859   28.984   99.2  11.71  14.000    5.49119    3.34    2.06    3.41
14-07-2024 21:37:36.38    5.48   0.544  24.852   28.970   99.2  11.71  14.000    5.75320    3.34    2.06    3.41
14-07-2024 21:37:36.62    5.36   0.565  24.846   28.942   99.2  11.70  14.000    6.03668    3.40    2.62    3.35
14-07-2024 21:37:36.87    5.23   0.585  24.834   28.909   99.3  11.71  14.000    6.33422    3.59    1.91    3.23
14-07-2024 21:37:37.12    4.99   0.605  24.830   28.884   99.4  11.71  14.000    6.63695    3.53    2.02    3.39
14-07-2024 21:37:37.37    4.90   0.681  24.839   28.826   99.4  11.69  14.000    7.01886    4.08    2.13    3.45
14-07-2024 21:37:37.61    4.70   0.673  24.876   28.880   99.5  11.71  14.000    7.35193    3.87    2.44    3.37
14-07-2024 21:37:37.86    4.55   0.723  24.880   28.839   99.5  11.69  14.000    7.73903    3.55    2.77    3.11
14-07-2024 21:37:38.11    4.40   0.770  24.873   28.786   99.4  11.68  14.000    8.12909    3.55    2.77    3.11
14-07-2024 21:37:38.35    4.20   0.796  24.862   28.748   99.4  11.67  14.000    8.53470    4.21    2.10    3.20
14-07-2024 21:37:38.60    4.06   0.812  24.869   28.742   99.5  11.67  14.000    8.99877    4.26    2.62    3.13
14-07-2024 21:37:38.84    3.92   0.846  24.885   28.731   99.5  11.66  14.000    9.47765    4.40    2.82    3.26
14-07-2024 21:37:39.09    3.74   0.871  24.895   28.720   99.9  11.71  14.000   10.03646    4.24    2.84    3.35
14-07-2024 21:37:39.33    3.59   0.911  24.893   28.680  100.2  11.73  14.000   10.59010    4.36    2.49    3.47
14-07-2024 21:37:39.58    3.39   0.945  24.894   28.651  100.4  11.74  14.000   11.19036    4.58    2.43    3.42
14-07-2024 21:37:39.82    3.22   0.998  24.896   28.605  100.3  11.73  14.000   11.81209    4.58    2.43    3.42
14-07-2024 21:37:40.07    3.08   1.074  24.911   28.554  100.2  11.69  14.000   12.48785    4.28    2.38    3.52
14-07-2024 21:37:40.31    2.90   1.178  24.927   28.480  100.0  11.65  14.000   13.21764    5.09    2.77    3.21
14-07-2024 21:37:40.56    2.75   1.271  24.934   28.403  100.0  11.62  14.000   14.06067    4.34    2.92    3.12
14-07-2024 21:37:40.80    2.63   1.353  24.922   28.314  100.1  11.61  14.000   14.99326    4.53    2.49    3.55
14-07-2024 21:37:41.06    2.40   1.491  24.926   28.194  100.0  11.56  14.000   16.13236    5.32    2.28    3.51
14-07-2024 21:37:41.30    2.30   1.596  24.948   28.128   99.9  11.53  14.000   17.31142    5.32    2.53    3.61
14-07-2024 21:37:41.55    2.19   1.709  24.971   28.056   99.9  11.50   0.000   18.38094    5.32    2.53    3.61
14-07-2024 21:37:41.79    2.09   1.788  24.991   28.010  100.0  11.49   0.000   19.33500    5.95    2.73    3.20
14-07-2024 21:37:42.04    2.03   1.812  24.991   27.988  100.3  11.53   0.000   20.24538    4.90    2.55    3.52
14-07-2024 21:37:42.29    1.89   1.903  24.994   27.911  100.5  11.53   0.000   21.16021    4.99    2.56    3.26
14-07-2024 21:37:42.53    1.85   1.951  24.990   27.864  100.7  11.53   0.000   22.20975    5.12    2.69    3.41
14-07-2024 21:37:42.78    1.74   1.969  24.984   27.842  100.9  11.56   0.000   23.43544    5.79    2.14    3.31
14-07-2024 21:37:43.02    1.63   1.961  24.994   27.861  101.0  11.57   0.000   24.84543    5.50    2.62    3.38
14-07-2024 21:37:43.26    1.57   1.947  24.998   27.877  101.2  11.59   0.000   26.31167    5.50    2.62    3.38
14-07-2024 21:37:43.51    1.48   1.943  24.991   27.873  101.3  11.60   0.000   28.14799    5.08    2.81    3.36
14-07-2024 21:37:43.76    1.37   1.947  24.981   27.857  101.2  11.60   0.000   30.59049    5.16    2.37    3.49
14-07-2024 21:37:44.00    1.30   1.957  24.975   27.841  101.3  11.61   0.000   33.32536    5.03    2.22    3.39
14-07-2024 21:37:44.25    1.21   1.967  24.970   27.826  101.5  11.63   0.000   36.30669    5.35    2.37    3.76
14-07-2024 21:37:44.49    1.12   1.972  24.963   27.813  101.6  11.64   0.000   39.56335    5.11    2.41    3.65
14-07-2024 21:37:44.74    1.07   1.975  24.947   27.791  101.7  11.65   0.000   43.36108    5.31    2.74    3.41
14-07-2024 21:37:44.99    0.98   1.982  24.944   27.781  101.7  11.65   0.000   47.79089    5.31    2.74    3.41
14-07-2024 21:37:45.24    0.90   2.142  24.941   27.637  101.4  11.58   0.000   53.50709    5.14    2.56    3.71
14-07-2024 21:37:45.48    0.81   2.274  24.934   27.515  101.3  11.54   0.000   59.62740    4.97    2.61    3.51
14-07-2024 21:37:45.73    0.74   2.412  24.923   27.383  101.2  11.49   0.000   66.80170    5.07    2.03    3.62
14-07-2024 21:37:45.97    0.64   2.881  24.914   26.974  100.4  11.29   0.000   73.35130    4.79    2.23    3.43
14-07-2024 21:37:46.22    0.52   3.676  24.910   26.315   98.3  10.89   0.000   82.01553    5.44    2.70    3.72
14-07-2024 21:37:46.46    0.46   3.797  24.907   26.214   98.0  10.83   0.000   90.97878    4.81    2.80    3.36
14-07-2024 21:37:46.71    0.33   3.415  24.901   26.517   99.7  11.11   0.000   99.96423    4.81    2.80    3.36
14-07-2024 21:37:46.95    0.28   3.487  24.878   26.431  100.3  11.15   0.000  216.64034    4.20    2.44    3.34
14-07-2024 21:37:47.20    0.16   3.351  24.825   26.480  101.1  11.28   0.000  267.76266    4.20    2.87    3.64
14-07-2024 21:37:47.44    0.14   3.420  24.749   26.335  101.4  11.31   0.000  274.89328    3.48    2.24    3.24
14-07-2024 21:37:47.69    0.02   4.014  24.682   25.782  100.6  11.09   0.000  276.11899    3.54    2.45    2.88
14-07-2024 21:37:47.93   -0.08   4.356  24.722   25.561  100.9  11.05   0.000  276.40616    3.27    2.99    3.54
14-07-2024 21:37:48.19   -0.12   4.513  24.482   25.169  101.3  11.07   0.000  277.04193    2.28    2.98    2.20
14-07-2024 21:37:48.43   -0.17   4.858  22.075   22.240  101.5  11.22   0.000  277.77765    2.28    2.98    2.20
14-07-2024 21:37:48.67   -0.16   4.484   3.876    3.453  103.3  13.04   0.000  278.41049    3.72    2.98    2.20
14-07-2024 21:37:48.92   -0.17   4.193   2.414    2.108  104.2  13.37   0.000  279.24982    3.72    2.98   64.60
14-07-2024 21:37:49.17   -0.16   4.091   2.036    1.767  104.2  13.45   0.000  280.25568    4.23   58.73   64.60
14-07-2024 21:37:49.41   -0.12   4.056   1.848    1.596  104.2  13.47   0.000  281.43991   13.41   50.27  203.41
14-07-2024 21:37:49.66   -0.12   4.033   1.727    1.487  104.2  13.49   0.000  282.74631   28.91   50.27   21.93
14-07-2024 21:37:49.90   -0.15   4.023   1.698    1.462  104.1  13.48   0.000  284.31985   47.54   50.27   21.93
14-07-2024 21:37:50.15   -0.17   4.011   1.623    1.395  104.1  13.50   0.000  286.04071   47.54   50.27   21.93
14-07-2024 21:37:50.39   -0.13   4.005   1.568    1.345  104.1  13.50   0.000  287.34412   18.92   50.27   21.93
14-07-2024 21:37:50.64   -0.15   4.011   1.520    1.301  104.0  13.49   0.000  288.35220   32.65   50.27    8.69
14-07-2024 21:37:50.88   -0.16   4.017   1.466    1.253  104.0  13.48   0.000  289.68820    4.09   50.27    3.16
14-07-2024 21:37:51.13   -0.14   4.035   1.421    1.211  103.8  13.46   0.000  293.33566    5.69   18.71    3.16
14-07-2024 21:37:51.37   -0.12   4.051   1.346    1.144  103.7  13.45   0.000  299.13104    5.69   17.76    3.16
14-07-2024 21:37:51.62   -0.14   4.062   1.297    1.100  103.5  13.42   0.000  302.82959    5.69   17.76    3.16
14-07-2024 21:37:51.87   -0.14   4.072   1.273    1.078  103.3  13.40   0.000  304.01456    5.69    0.87    3.16
14-07-2024 21:37:52.12   -0.16   4.083   1.233    1.043  103.1  13.37   0.000  303.07681    5.69    0.87    3.16
14-07-2024 21:37:52.36   -0.15   4.093   1.187    1.001  102.9  13.34   0.000  299.51889    5.69    2.70    3.16
14-07-2024 21:37:52.61   -0.15   4.108   1.156    0.973  102.7  13.31   0.000  298.19623   16.36    2.70    4.25
14-07-2024 21:37:52.86   -0.13   4.124   1.128    0.948  102.4  13.27   0.000  298.36649    1.01    1.79    9.45
14-07-2024 21:37:53.10   -0.13   4.139   1.110    0.932  102.1  13.23   0.000  296.34290    1.01    0.40    5.50
14-07-2024 21:37:53.35   -0.13   4.150   1.085    0.910  101.9  13.20   0.000  295.39032    1.01   16.01    5.50
14-07-2024 21:37:53.59   -0.14   4.158   1.069    0.896  101.6  13.16   0.000  294.77823    1.01   16.01    5.50
14-07-2024 21:37:53.84   -0.13   4.170   1.030    0.861  101.3  13.12   0.000  295.61163    1.01   14.51    5.50
14-07-2024 21:37:54.08   -0.18   4.178   1.046    0.875  101.0  13.08   0.000  297.61005    5.47   15.16   12.80
14-07-2024 21:37:54.33   -0.12   4.182   0.970    0.808  100.8  13.05   0.000  301.64832    5.47    2.56   13.11
14-07-2024 21:37:54.57   -0.18   4.189   0.861    0.713  100.4  13.01   0.000  306.68283    5.47 1000.00    0.00
14-07-2024 21:37:54.82   -0.15   4.195   0.947    0.788  100.1  12.97   0.000  312.07037    2.32 1000.00   15.02
14-07-2024 21:37:55.07   -0.12   4.208   1.034    0.864   99.8  12.91   0.000  321.24164   26.19 1000.00   18.17
14-07-2024 21:37:55.31   -0.16   4.218   1.020    0.851   99.5  12.87   0.000  330.42688   26.19 1000.00   18.17
14-07-2024 21:37:55.55   -0.18   4.233   0.998    0.831   99.1  12.82   0.000  337.66190   26.19   21.02   18.17
14-07-2024 21:37:55.80   -0.17   4.251   0.970    0.806   98.8  12.77   0.000  340.34421   19.11   21.02   18.17
14-07-2024 21:37:56.05   -0.18   4.269   0.975    0.810   98.4  12.72   0.000  345.88571    6.50   23.93    6.32
14-07-2024 21:37:56.30   -0.12   4.302   0.951    0.789   98.0  12.66   0.000  354.04294   11.99   12.81   16.40
14-07-2024 21:37:56.54   -0.15   4.351   0.930    0.769   97.6  12.59   0.000  351.87134    0.00 1000.00    0.00
14-07-2024 21:37:56.79   -0.09   4.408   0.928    0.766   97.2  12.52   0.000  345.42758    0.00 1000.00    0.00
14-07-2024 21:37:57.03   -0.15   4.467   0.958    0.791   96.7  12.44   0.000  343.19156    0.00   78.24    0.00
14-07-2024 21:37:57.28   -0.12   4.526   0.932    0.767   96.3  12.37   0.000  338.71884    0.00   78.24   31.15
14-07-2024 21:37:57.52   -0.17   4.584   0.962    0.791   95.8  12.29   0.000  332.08191    6.04    0.00    3.72
14-07-2024 21:37:57.77   -0.13   4.643   0.944    0.775   95.4  12.21   0.000  327.56915   39.79 1000.00    0.00
14-07-2024 21:37:58.01   -0.19   4.692   0.969    0.795   94.9  12.13   0.000  331.80655   39.79   53.96    0.00
14-07-2024 21:37:58.26   -0.12   4.723   0.886    0.723   94.5  12.07   0.000  330.27890    6.08   15.37   25.94
14-07-2024 21:37:58.50   -0.15   4.734   0.870    0.709   94.0  12.01   0.000  309.41547    6.08   15.37   25.94
14-07-2024 21:37:58.75   -0.13   4.753   1.041    0.856   93.7  11.95   0.000  309.77518    0.00 1000.00   25.94
14-07-2024 21:37:58.99   -0.14   4.760   1.079    0.888   93.4  11.91   0.000  309.14902    0.00 1000.00   62.17
14-07-2024 21:37:59.24   -0.18   4.757   0.874    0.712   93.0  11.88   0.000  313.90598    0.33   25.30    0.00
14-07-2024 21:37:59.49   -0.12   4.753   0.998    0.818   92.8  11.84   0.000  317.07013    0.33   37.61    8.27
14-07-2024 21:37:59.74   -0.14   4.749   1.082    0.891   92.6  11.81   0.000  320.37933    0.33 1000.00   37.37
14-07-2024 21:37:59.98   -0.16   4.754   1.064    0.875   92.3  11.78   0.000  334.59174    0.00 1000.00    0.73
14-07-2024 21:38:00.23   -0.16   4.753   0.939    0.768   92.2  11.77   0.000  351.36285    0.00 1000.00    0.73
14-07-2024 21:38:00.48   -0.15   4.749   0.971    0.796   92.0  11.74   0.000  359.17221    3.06 1000.00    0.73
14-07-2024 21:38:00.72   -0.17   4.749   0.986    0.809   91.9  11.73   0.000  337.27405    3.06   13.33    0.73
14-07-2024 21:38:00.97   -0.13   4.752   0.715    0.578   91.7  11.72   0.000  322.55835    0.40   20.13    7.80
14-07-2024 21:38:01.21   -0.13   4.757   0.678    0.547   91.5  11.70   0.000  317.06567   23.95    6.47    7.80
14-07-2024 21:38:01.46   -0.17   4.755   0.691    0.558   91.4  11.69   0.000  310.77661   23.95 1000.00 1000.00
14-07-2024 21:38:01.70   -0.12   4.750   0.653    0.525   91.3  11.68   0.000  309.13199    0.00    0.00 1000.00
14-07-2024 21:38:01.94   -0.17   4.591   0.639    0.516   91.7  11.77   0.000  303.32550    0.00    0.00 1000.00
14-07-2024 21:38:02.19   -0.13   4.584   0.604    0.486   91.6  11.77   0.000  301.74747    0.00   26.27    0.00
14-07-2024 21:38:02.44   -0.14   4.593   0.616    0.497   91.5  11.74   0.000  305.71027    0.00 1000.00    0.00
14-07-2024 21:38:02.68   -0.12   4.598   0.546    0.438   91.4  11.74   0.000  314.54474    8.61 1000.00   20.32
14-07-2024 21:38:02.93   -0.12   4.605   0.955    0.785   91.3  11.69   0.000  317.19595    1.86 1000.00    0.94
14-07-2024 21:38:03.18   -0.16   4.607   0.834    0.682   91.2  11.69   0.000  312.67877    5.97    7.61 1000.00
14-07-2024 21:38:03.42   -0.17   4.615   0.754    0.613   91.1  11.68   0.000  311.25769 1000.00   34.82    0.00
14-07-2024 21:38:03.67   -0.11   4.617   0.701    0.568   91.0  11.67   0.000  309.16086 1000.00   34.82    0.00
14-07-2024 21:38:03.92   -0.17   4.619   0.588    0.473   90.9  11.67   0.000  304.99600    3.17   20.60    4.89
14-07-2024 21:38:04.16   -0.18   4.620   0.564    0.453   90.8  11.66   0.000  304.29510    3.17   14.40    4.89
14-07-2024 21:38:04.41   -0.15   4.626   0.958    0.787   90.7  11.62   0.000  306.90857    3.17 1000.00    5.87
14-07-2024 21:38:04.65   -0.14   4.630   0.942    0.773   90.6  11.61   0.000  305.52002    3.17   11.75    5.87
14-07-2024 21:38:04.90   -0.14   4.629   0.818    0.667   90.6  11.61   0.000  301.21310   20.18   11.75   18.94
14-07-2024 21:38:05.14   -0.11   4.640   0.891    0.729   90.2  11.55   0.000  293.94110    6.98    1.24   18.94
14-07-2024 21:38:05.39   -0.15   4.657   0.860    0.702   89.2  11.42   0.000  287.32635    6.98    1.24   18.94
14-07-2024 21:38:05.63   -0.18   4.680   0.834    0.680   88.7  11.35   0.000  285.59811    6.13    7.16   18.94
14-07-2024 21:38:05.88   -0.18   4.700   0.718    0.581   88.4  11.32   0.000  286.89114    9.89    7.16   18.94
14-07-2024 21:38:06.12   -0.18   4.713   0.560    0.448   88.5  11.33   0.000  286.48703    1.72    7.16    9.19
14-07-2024 21:38:06.37   -0.12   4.715   0.466    0.370   88.4  11.33   0.000  284.07635    1.72    7.16    0.14
14-07-2024 21:38:06.61   -0.16   4.626   0.434    0.344   88.5  11.37   0.000  280.36301    1.72    3.55    0.14
14-07-2024 21:38:06.87   -0.17   4.539   0.395    0.313   88.7  11.43   0.000  275.06055    1.72   13.82    0.14
14-07-2024 21:38:07.11   -0.09   4.522   0.361    0.285   88.7  11.43   0.000  278.63550    1.72   13.82    0.14
14-07-2024 21:38:07.36   -0.15   4.506   0.334    0.263   88.7  11.44   0.000  278.05966    3.06   13.82    7.32
14-07-2024 21:38:07.61   -0.15   4.481   0.312    0.246   88.7  11.45   0.000  272.97556    3.06   10.14    6.45
14-07-2024 21:38:07.85   -0.10   4.464   0.296    0.233   88.7  11.45   0.000  269.39618    3.06   11.90    1.26
14-07-2024 21:38:08.10   -0.17   4.454   0.283    0.222   88.6  11.44   0.000  264.33057    3.06    1.30   18.05
14-07-2024 21:38:08.34   -0.12   4.453   0.274    0.215   88.5  11.43   0.000  257.99561    5.53    4.56    2.26
14-07-2024 21:38:08.59   -0.10   4.463   0.265    0.208   88.5  11.42   0.000  256.74994    0.28    5.49    4.38
14-07-2024 21:38:08.83   -0.17   4.473   0.260    0.203   88.3  11.40   0.000  251.01375    0.28    5.49    4.38
14-07-2024 21:38:09.08   -0.11   4.475   0.253    0.197   88.3  11.39   0.000  240.89143    2.27    5.49    1.32
14-07-2024 21:38:09.32   -0.15   4.485   0.246    0.192   88.2  11.38   0.000  229.42944    2.93    9.89    3.08
14-07-2024 21:38:09.57   -0.17   4.494   0.241    0.188   88.2  11.37   0.000  218.83636    2.93    8.72    1.06
14-07-2024 21:38:09.81   -0.17   4.521   0.235    0.183   88.1  11.36   0.000  214.08386    4.94    8.72    4.85
14-07-2024 21:38:10.07   -0.16   4.525   0.231    0.180   88.0  11.35   0.000  208.25294    4.94    2.45    2.27
14-07-2024 21:38:10.30   -0.17   4.533   0.225    0.175   88.1  11.35   0.000  194.83250    4.63    0.36    0.99
14-07-2024 21:38:10.55   -0.12   4.575   0.222    0.172   88.0  11.33   0.000  180.05461    4.63    0.36    0.99
14-07-2024 21:38:10.80   -0.12   4.591   0.220    0.170   88.0  11.32   0.000  172.04987    3.91    0.36    2.43
14-07-2024 21:38:11.05   -0.13   4.608   0.216    0.167   87.8  11.30   0.000  171.27271   11.38    3.21    2.43
14-07-2024 21:38:11.29   -0.17   4.604   0.213    0.165   87.8  11.29   0.000  169.82645    3.17    2.00    2.62
14-07-2024 21:38:11.54   -0.19   4.605   0.210    0.163   87.7  11.29   0.000  170.68207    3.83    2.55    3.47
14-07-2024 21:38:11.78   -0.18   4.597   0.207    0.160   87.7  11.29   0.000  173.67227    3.23    1.57    1.04
14-07-2024 21:38:12.03   -0.12   4.591   0.204    0.158   87.7  11.28   0.000  174.58415    4.84   11.80    2.63
14-07-2024 21:38:12.27   -0.16   4.616   0.201    0.155   87.6  11.27   0.000  175.41830    4.84   11.80    2.63
14-07-2024 21:38:12.52   -0.14   4.642   0.199    0.153   87.5  11.25   0.000  172.51541    0.53    6.30    1.95
14-07-2024 21:38:12.76   -0.16   4.654   0.198    0.152   87.5  11.24   0.000  168.42386    3.15    2.38    3.87
14-07-2024 21:38:13.01   -0.09   4.659   0.195    0.150   87.6  11.25   0.000  166.46394    6.16    2.38    3.87
14-07-2024 21:38:13.25   -0.15   4.664   0.193    0.149   87.5  11.25   0.000  167.58231   20.29    2.38    0.39
14-07-2024 21:38:13.50   -0.14   4.711   0.191    0.147   87.5  11.22   0.000  162.90306    1.40    3.47    0.19
14-07-2024 21:38:13.74   -0.10   4.726   0.189    0.146   87.4  11.21   0.000  151.14204    5.63    1.76    3.53
14-07-2024 21:38:13.99   -0.16   4.718   0.188    0.144   88.2  11.31   0.000  148.81279    5.63    1.76    3.53
14-07-2024 21:38:14.24   -0.17   4.724   0.186    0.143   87.9  11.27   0.000  149.61584    2.29    9.13    4.76
14-07-2024 21:38:14.49   -0.13   4.730   0.185    0.142   87.9  11.27   0.000  147.17039    2.29    9.13    1.63
14-07-2024 21:38:14.74   -0.14   4.747   0.184    0.142   87.7  11.24   0.000  142.20027    2.94    5.20    0.94
