Date	Time	Press	Temp	Cond	Sal	O2%	O2ppm	pH	PAR	Trx-Chl-a	Pethr	Pchan
[D-M-Y]	[h:m:s]	[dbar]	[°C]	[mS/cm]	[PSU]	[%]	[mg/l]	[pH]	[-]	[ug/l]	[ug/l]	[ug/l]
13-07-2024 14:59:17.40    0.12   6.536   0.009    0.008  107.1  13.13  12.084 1466.99207 1000.00 1000.00   20.24
13-07-2024 14:59:17.58    0.12   6.537   0.009    0.008  107.1  13.13  12.091 1468.54724 1000.00 1000.00   20.24
13-07-2024 14:59:17.82    0.11   6.539   0.009    0.008  107.1  13.12  12.096 1474.04504 1000.00   20.97   20.24
13-07-2024 14:59:18.07    0.08   6.542   0.009    0.008  107.0  13.11  12.101 1473.10364   16.64   20.97    8.85
13-07-2024 14:59:18.31    0.12   6.547   0.009    0.008  106.9  13.10  12.107 1466.36963 1000.00   16.03 1000.00
13-07-2024 14:59:18.56    0.09   6.553   0.009    0.008  106.8  13.08  12.113 1465.08557   21.48   16.03   24.36
13-07-2024 14:59:18.80    0.10   6.554   0.009    0.008  106.8  13.09  12.119 1454.92542   21.48   16.03   24.36
13-07-2024 14:59:19.05    0.09   6.564   0.009    0.008  106.8  13.08  12.124 1428.81287   21.48    5.03    0.00
13-07-2024 14:59:19.30    0.07   6.578   0.009    0.008  106.8  13.08  12.129 1404.01770   21.48    4.62    0.00
13-07-2024 14:59:19.55    0.10   6.593   0.009    0.008  106.8  13.07  12.134 1381.52087 1000.00 1000.00 1000.00
13-07-2024 14:59:19.79    0.06   6.595   0.009    0.008  106.8  13.08  12.140 1343.75452    0.00    0.00    0.00
13-07-2024 14:59:20.04    0.13   6.597   0.009    0.008  106.8  13.08  12.146 1308.31152    0.00   19.13    0.00
13-07-2024 14:59:20.28    0.15   6.614   0.009    0.008  106.4  13.01  12.155 1308.37744    0.00    4.54    0.00
13-07-2024 14:59:20.52    0.07   6.635   0.009    0.008  106.7  13.05  12.189 1315.79675    0.00    4.54    0.00
13-07-2024 14:59:20.77    0.13   6.650   0.009    0.008  106.7  13.04  12.191 1319.80176   45.70    4.54    0.00
13-07-2024 14:59:21.02    0.13   6.661   0.009    0.008  106.6  13.03  12.188 1318.13928   11.35   23.67    0.00
13-07-2024 14:59:21.26    0.16   6.667   0.009    0.008  106.5  13.01  12.189 1304.96021    1.85    1.76    0.00
13-07-2024 14:59:21.51    0.15   6.674   0.009    0.008  106.4  13.00  12.192 1291.28955    1.00    1.76 1000.00
13-07-2024 14:59:21.75    0.13   6.680   0.009    0.008  106.3  12.99  12.196 1282.79187 1000.00    1.76 1000.00
13-07-2024 14:59:22.00    0.08   6.671   0.009    0.008  106.4  13.00  12.201 1279.49670   12.97    0.00    7.27
13-07-2024 14:59:22.25    0.10   6.662   4.825    4.087  108.1  12.86  11.807 1277.88464   12.97    0.00    7.27
13-07-2024 14:59:22.49    0.16   7.313  23.292   21.940  104.7  10.92   7.928 1271.91382   33.34   11.97   61.20
13-07-2024 14:59:22.74    0.26   7.563  23.318   21.808  103.5  10.74   7.014 1266.19543   27.91   11.97   14.77
13-07-2024 14:59:22.98    0.35   7.627  23.322   21.773  103.1  10.69   6.868 1263.37927   27.91    7.45    1.95
13-07-2024 14:59:23.23    0.52   7.647  23.346   21.786  103.0  10.67   6.934 1237.04688    1.68    0.84    3.03
13-07-2024 14:59:23.48    0.68   7.652  23.364   21.801  102.9  10.66   7.004  612.55963    3.16    3.30    3.36
13-07-2024 14:59:23.72    0.76   7.652  23.372   21.808  102.8  10.64   7.039  539.67017    3.07    2.50    2.85
13-07-2024 14:59:23.97    0.90   7.653  23.376   21.812  102.7  10.64   7.086  493.87619    3.07    2.50    2.85
13-07-2024 14:59:24.21    0.95   7.650  23.394   21.832  102.8  10.64   7.128  509.69250    2.75    2.35    2.32
13-07-2024 14:59:24.46    0.91   7.650  23.386   21.824  102.8  10.65   7.149  543.23993    2.74    2.30    3.24
13-07-2024 14:59:24.71    0.89   7.653  23.395   21.832  102.8  10.65   7.187  534.91620    2.50    2.44    2.34
13-07-2024 14:59:24.95    0.83   7.661  23.403   21.835  102.9  10.65   7.227  553.04694    3.65    2.71    2.95
13-07-2024 14:59:25.20    0.84   7.667  23.401   21.829  103.0  10.66   7.268  516.78094    1.73    1.99    3.74
13-07-2024 14:59:25.44    0.86   7.663  23.403   21.833  103.1  10.67   7.322  510.93225    2.18    3.02    2.26
13-07-2024 14:59:25.68    0.93   7.658  23.401   21.834  103.2  10.68   7.373  529.31915    2.18    3.02    2.26
13-07-2024 14:59:25.93    0.97   7.652  23.416   21.854  103.3  10.70   7.425  533.97540    3.07    2.32    3.21
13-07-2024 14:59:26.18    0.99   7.650  23.422   21.861  103.5  10.72   7.469  585.21472    2.52    1.99    3.69
13-07-2024 14:59:26.43    0.95   7.652  23.416   21.853  103.7  10.73   7.512  569.86987    3.36    2.77    2.96
13-07-2024 14:59:26.67    0.85   7.663  23.423   21.854  103.7  10.74   7.548  512.27936    3.07    2.31    2.95
13-07-2024 14:59:26.92    0.81   7.667  23.424   21.852  103.9  10.76   7.590  514.96167    3.02    3.20    3.17
13-07-2024 14:59:27.16    0.79   7.666  23.419   21.848  104.0  10.77   7.634  602.49353    2.83    2.11    2.94
13-07-2024 14:59:27.41    0.87   7.657  23.434   21.869  104.2  10.79   7.677  555.06976    2.83    2.11    2.94
13-07-2024 14:59:27.66    0.91   7.655  23.435   21.871  104.3  10.80   7.716  523.63184    2.66    0.95    2.48
13-07-2024 14:59:27.90    0.95   7.653  23.435   21.872  104.5  10.81   7.757  539.01294    2.41    2.48    3.61
13-07-2024 14:59:28.15    0.99   7.654  23.434   21.871  104.6  10.83   7.795  506.44550    3.38    2.36    2.75
13-07-2024 14:59:28.39    0.88   7.660  23.436   21.868  104.7  10.84   7.827  450.32196    2.52    1.63    3.12
13-07-2024 14:59:28.64    0.91   7.662  23.443   21.875  104.8  10.85   7.857  484.19724    3.14    2.87    3.48
13-07-2024 14:59:28.88    0.88   7.660  23.443   21.876  105.0  10.87   7.885  512.14539    2.95    1.21    3.27
13-07-2024 14:59:29.13    0.88   7.660  23.444   21.877  105.1  10.88   7.910  521.84882    2.95    1.21    3.27
13-07-2024 14:59:29.37    0.92   7.659  23.444   21.878  105.2  10.89   7.933  523.03821    2.39    2.07    2.94
13-07-2024 14:59:29.62    0.93   7.647  23.450   21.892  105.3  10.91   7.955  489.06668    2.64    2.17    3.32
13-07-2024 14:59:29.86    0.86   7.642  23.458   21.902  105.5  10.92   7.976  453.61118    3.15    2.60    3.26
13-07-2024 14:59:30.11    0.92   7.640  23.465   21.911  105.6  10.93   7.993  497.20837    3.05    2.23    3.27
13-07-2024 14:59:30.36    0.87   7.644  23.469   21.912  105.8  10.95   8.007  489.39905    3.26    2.29    3.01
13-07-2024 14:59:30.61    0.89   7.651  23.469   21.908  105.9  10.96   8.020  468.50674    3.09    2.09    3.11
13-07-2024 14:59:30.85    0.95   7.650  23.477   21.917  106.0  10.97   8.029  495.48456    3.09    2.09    3.11
13-07-2024 14:59:31.10    0.94   7.647  23.482   21.924  106.1  10.98   8.039  466.61194    3.08    2.11    3.16
13-07-2024 14:59:31.34    0.89   7.641  23.488   21.934  106.2  10.99   8.049  470.37933    3.10    2.60    3.10
13-07-2024 14:59:31.59    0.92   7.638  23.488   21.936  106.3  11.01   8.057  468.30615    3.01    2.24    3.06
13-07-2024 14:59:31.84    0.83   7.646  23.482   21.925  106.4  11.02   8.065  435.13254    3.15    1.90    3.21
13-07-2024 14:59:32.08    0.88   7.647  23.483   21.925  106.5  11.03   8.072  502.70325    3.09    2.65    2.78
13-07-2024 14:59:32.33    0.83   7.649  23.487   21.928  106.6  11.03   8.079  526.36444    2.59    1.49    2.93
13-07-2024 14:59:32.57    0.91   7.641  23.476   21.922  106.7  11.04   8.088  438.18420    2.59    1.49    2.93
13-07-2024 14:59:32.82    0.94   7.645  23.466   21.908  106.7  11.05   8.097  427.46011    3.15    1.89    3.17
13-07-2024 14:59:33.07    1.00   7.650  23.459   21.899  106.8  11.06   8.106  488.07639    3.29    2.42    3.34
13-07-2024 14:59:33.31    0.93   7.650  23.464   21.904  106.9  11.07   8.114  461.74249    3.16    2.17    2.88
13-07-2024 14:59:33.55    0.96   7.648  23.471   21.912  107.0  11.08   8.119  407.63516    3.22    2.18    3.31
13-07-2024 14:59:33.80    0.84   7.646  23.474   21.917  107.1  11.09   8.125  448.88824    3.03    2.02    3.09
13-07-2024 14:59:34.05    0.87   7.648  23.477   21.919  107.1  11.09   8.130  480.25742    3.03    2.02    3.09
13-07-2024 14:59:34.30    0.84   7.650  23.473   21.913  107.2  11.10   8.135  493.35144    2.95    1.74    3.16
13-07-2024 14:59:34.54    0.84   7.651  23.462   21.901  107.3  11.11   8.140  472.02841    3.04    2.15    2.81
13-07-2024 14:59:34.79    0.86   7.651  23.456   21.895  107.4  11.12   8.145  446.52496    3.03    2.54    3.22
13-07-2024 14:59:35.03    0.91   7.651  23.460   21.899  107.4  11.12   8.149  435.47079    3.08    1.87    2.56
13-07-2024 14:59:35.28    0.92   7.649  23.466   21.906  107.5  11.13   8.152  449.99182    3.51    2.58    3.01
13-07-2024 14:59:35.52    0.92   7.650  23.465   21.905  107.6  11.14   8.155  446.34290    3.40    2.48    3.16
13-07-2024 14:59:35.77    0.92   7.651  23.464   21.903  107.6  11.14   8.157  467.28030    3.40    2.48    3.16
13-07-2024 14:59:36.01    0.91   7.651  23.465   21.905  107.6  11.14   8.159  454.07156    3.12    1.78    3.23
13-07-2024 14:59:36.26    0.84   7.651  23.468   21.907  107.7  11.15   8.160  447.28586    2.90    1.85    3.33
13-07-2024 14:59:36.50    0.85   7.653  23.471   21.909  107.8  11.15   8.162  471.29565    2.88    2.34    3.48
13-07-2024 14:59:36.75    0.86   7.648  23.479   21.920  107.8  11.16   8.165  494.68445    3.06    2.49    2.89
13-07-2024 14:59:36.99    0.89   7.637  23.499   21.947  107.9  11.17   8.167  445.93283    3.34    2.29    2.93
13-07-2024 14:59:37.24    0.96   7.608  23.489   21.956  108.0  11.18   8.171  462.07260    2.77    1.54    3.39
13-07-2024 14:59:37.49    0.93   7.614  23.511   21.974  107.9  11.18   8.173  427.69254    2.77    1.54    3.39
13-07-2024 14:59:37.73    0.95   7.612  23.507   21.971  107.9  11.17   8.175  433.94092    3.00    2.05    3.06
13-07-2024 14:59:37.98    0.96   7.619  23.491   21.951  107.9  11.17   8.177  475.13556    3.19    1.98    2.99
13-07-2024 14:59:38.23    0.89   7.620  23.494   21.953  107.9  11.17   8.178  453.45428    3.61    2.33    3.47
13-07-2024 14:59:38.47    0.80   7.632  23.491   21.942  107.8  11.16   8.179  478.49658    2.76    2.27    3.27
13-07-2024 14:59:38.72    0.80   7.640  23.484   21.930  107.8  11.16   8.180  406.85577    2.87    1.78    3.14
13-07-2024 14:59:38.96    0.86   7.641  23.476   21.922  107.8  11.16   8.182  441.54669    2.77    1.78    3.12
13-07-2024 14:59:39.21    0.93   7.639  23.459   21.905  107.8  11.16   8.184  452.07611    2.77    1.78    3.12
13-07-2024 14:59:39.45    0.92   7.644  23.447   21.890  107.8  11.16   8.186  468.74286    2.99    1.83    3.45
13-07-2024 14:59:39.70    0.97   7.648  23.453   21.894  107.8  11.16   8.188  479.41733    2.60    1.87    2.98
13-07-2024 14:59:39.94    0.95   7.648  23.463   21.904  107.8  11.16   8.189  425.64157    2.94    2.52    3.31
13-07-2024 14:59:40.19    0.90   7.647  23.468   21.910  107.8  11.16   8.190  451.78595    2.37    2.30    3.31
13-07-2024 14:59:40.43    0.87   7.646  23.470   21.912  107.8  11.16   8.191  444.91071    3.19    1.50    3.10
13-07-2024 14:59:40.68    0.87   7.647  23.473   21.915  107.9  11.16   8.192  461.69662    2.87    2.03    2.84
13-07-2024 14:59:40.92    0.84   7.649  23.466   21.906  107.9  11.17   8.193  478.63721    2.87    2.03    2.84
13-07-2024 14:59:41.17    0.87   7.639  23.455   21.902  107.9  11.18   8.194  500.01871    3.23    2.03    2.84
13-07-2024 14:59:41.42    0.89   7.641  23.454   21.899  108.0  11.18   8.195  454.58743    3.70    2.06    2.78
13-07-2024 14:59:41.67    0.93   7.647  23.452   21.893  108.0  11.18   8.196  421.37830    3.25    2.40    3.28
13-07-2024 14:59:41.91    0.95   7.648  23.449   21.890  108.0  11.18   8.197  451.55502    3.19    2.00    3.06
13-07-2024 14:59:42.16    0.97   7.648  23.453   21.894  108.0  11.18   8.198  461.47824    3.12    2.37    3.27
13-07-2024 14:59:42.41    0.92   7.647  23.463   21.904  108.0  11.18   8.198  445.60422    3.25    1.90    3.29
13-07-2024 14:59:42.65    0.91   7.647  23.470   21.912  108.1  11.19   8.198  403.22534    3.25    1.90    3.29
13-07-2024 14:59:42.90    0.86   7.640  23.477   21.923  108.1  11.19   8.199  452.40991    3.18    1.97    2.97
13-07-2024 14:59:43.14    0.85   7.640  23.474   21.920  108.1  11.19   8.199  482.01895    3.25    1.95    2.65
13-07-2024 14:59:43.39    0.88   7.623  23.499   21.957  108.1  11.20   8.200  491.82968    2.74    2.24    3.32
13-07-2024 14:59:43.63    0.88   7.623  23.489   21.946  108.2  11.20   8.201  494.61267    2.32    2.41    3.03
13-07-2024 14:59:43.88    0.92   7.634  23.480   21.930  108.2  11.20   8.201  422.94666    2.96    2.61    3.17
13-07-2024 14:59:44.13    0.96   7.639  23.479   21.926  108.1  11.20   8.202  411.55649    3.13    2.55    3.25
13-07-2024 14:59:44.37    0.94   7.641  23.486   21.931  108.1  11.19   8.203  469.57703    3.13    2.55    3.25
13-07-2024 14:59:44.61    0.93   7.639  23.491   21.938  108.2  11.20   8.203  459.17340    3.26    2.64    3.27
13-07-2024 14:59:44.86    0.90   7.637  23.487   21.935  108.2  11.20   8.203  432.33847    2.98    2.38    3.21
13-07-2024 14:59:45.11    0.86   7.635  23.491   21.940  108.2  11.20   8.203  485.54431    3.22    2.08    2.99
13-07-2024 14:59:45.36    0.84   7.638  23.487   21.934  108.2  11.20   8.204  475.94086    3.22    2.55    2.98
13-07-2024 14:59:45.60    0.85   7.643  23.446   21.889  108.2  11.20   8.204  444.78931    3.15    1.90    3.81
13-07-2024 14:59:45.85    0.90   7.652  23.437   21.875  108.2  11.20   8.205  429.73166    2.83    2.36    2.91
13-07-2024 14:59:46.09    0.93   7.654  23.443   21.880  108.2  11.20   8.205  439.80365    2.83    2.36    2.91
13-07-2024 14:59:46.34    0.94   7.653  23.445   21.882  108.2  11.20   8.206  445.51910    3.31    2.15    3.40
13-07-2024 14:59:46.59    0.94   7.651  23.468   21.907  108.2  11.20   8.206  438.40475    3.26    2.42    3.00
13-07-2024 14:59:46.83    0.90   7.648  23.462   21.903  108.3  11.21   8.207  459.54129    2.93    2.17    2.96
13-07-2024 14:59:47.07    0.85   7.647  23.464   21.906  108.3  11.21   8.207  452.65121    3.10    2.00    2.79
13-07-2024 14:59:47.32    0.86   7.646  23.462   21.905  108.3  11.21   8.207  483.41269    2.65    2.68    3.39
13-07-2024 14:59:47.56    0.85   7.644  23.465   21.908  108.3  11.22   8.208  483.80051    3.24    2.72    3.40
13-07-2024 14:59:47.81    0.89   7.647  23.464   21.906  108.3  11.22   8.208  446.71445    3.24    2.72    3.40
13-07-2024 14:59:48.05    0.88   7.647  23.472   21.913  108.4  11.22   8.209  454.45273    2.72    1.52    2.56
13-07-2024 14:59:48.30    0.91   7.647  23.472   21.913  108.4  11.22   8.209  475.19699    2.86    1.98    3.48
13-07-2024 14:59:48.55    0.91   7.647  23.468   21.909  108.5  11.23   8.209  438.35663    2.99    1.87    3.25
13-07-2024 14:59:48.79    0.90   7.647  23.466   21.908  108.4  11.23   8.209  476.51297    2.84    2.00    3.22
13-07-2024 14:59:49.04    0.88   7.647  23.467   21.908  108.5  11.23   8.210  453.43353    2.79    2.27    3.11
13-07-2024 14:59:49.29    0.89   7.650  23.471   21.911  108.5  11.23   8.210  455.01007    3.38    2.53    2.99
13-07-2024 14:59:49.53    0.89   7.653  23.471   21.909  108.5  11.23   8.210  435.16882    3.38    2.53    2.99
13-07-2024 14:59:49.78    0.87   7.657  23.467   21.903  108.5  11.23   8.211  493.22043    3.07    1.74    2.83
13-07-2024 14:59:50.02    0.87   7.648  23.462   21.903  108.5  11.23   8.211  457.92108    3.38    1.72    2.93
13-07-2024 14:59:50.27    0.88   7.648  23.460   21.901  108.5  11.23   8.211  437.99469    2.69    1.99    2.87
13-07-2024 14:59:50.51    0.88   7.651  23.464   21.902  108.5  11.23   8.211  472.03284    2.94    2.13    3.06
13-07-2024 14:59:50.76    0.90   7.652  23.464   21.902  108.5  11.23   8.211  463.29089    2.99    2.76    2.93
13-07-2024 14:59:51.01    0.90   7.652  23.465   21.903  108.5  11.23   8.211  402.51700    3.24    2.53    2.65
13-07-2024 14:59:51.25    0.93   7.652  23.465   21.904  108.5  11.23   8.211  451.49213    3.24    2.53    2.65
13-07-2024 14:59:51.50    0.94   7.652  23.463   21.902  108.5  11.23   8.212  496.89087    3.38    2.69    3.42
13-07-2024 14:59:51.74    0.89   7.657  23.457   21.892  108.4  11.23   8.211  476.10812    3.03    2.23    3.02
13-07-2024 14:59:51.99    0.88   7.660  23.452   21.885  108.5  11.23   8.211  441.46231    3.02    1.90    3.11
13-07-2024 14:59:52.24    0.87   7.660  23.459   21.892  108.5  11.23   8.211  420.45752    3.32    2.14    3.03
13-07-2024 14:59:52.48    0.89   7.659  23.457   21.891  108.5  11.23   8.211  477.34119    3.13    1.72    3.29
13-07-2024 14:59:52.73    0.89   7.661  23.455   21.887  108.5  11.23   8.212  461.86093    3.51    2.45    2.85
13-07-2024 14:59:52.98    0.88   7.662  23.458   21.890  108.5  11.23   8.212  480.60010    3.51    2.45    2.85
13-07-2024 14:59:53.22    0.89   7.663  23.452   21.883  108.5  11.23   8.212  469.12848    3.25    2.82    2.73
13-07-2024 14:59:53.47    0.91   7.662  23.453   21.885  108.5  11.23   8.212  441.21362    3.10    2.76    3.11
13-07-2024 14:59:53.71    0.89   7.663  23.457   21.889  108.5  11.23   8.212  471.98251    3.32    2.14    2.87
13-07-2024 14:59:53.96    0.89   7.663  23.451   21.882  108.6  11.23   8.212  486.75891    2.93    2.11    3.13
13-07-2024 14:59:54.20    0.91   7.663  23.448   21.879  108.5  11.23   8.213  419.41913    3.03    2.00    3.12
13-07-2024 14:59:54.45    0.91   7.663  23.450   21.882  108.5  11.23   8.213  472.26968    2.76    2.54    3.03
13-07-2024 14:59:54.69    0.92   7.663  23.441   21.873  108.6  11.24   8.213  456.23428    2.76    2.54    3.03
13-07-2024 14:59:54.94    0.84   7.664  23.440   21.871  108.6  11.24   8.213  432.08090    2.91    1.97    2.98
13-07-2024 14:59:55.19    0.86   7.664  23.444   21.874  108.6  11.24   8.213  498.83078    2.78    2.25    3.51
13-07-2024 14:59:55.43    0.86   7.664  23.445   21.875  108.6  11.24   8.214  463.89633    3.28    2.12    2.95
13-07-2024 14:59:55.67    0.87   7.661  23.442   21.874  108.5  11.23   8.214  480.49500    3.24    1.77    2.88
13-07-2024 14:59:55.92    0.91   7.653  23.449   21.887  108.5  11.24   8.214  492.61426    2.88    2.18    3.15
13-07-2024 14:59:56.17    0.92   7.651  23.450   21.889  108.5  11.24   8.215  403.33264    2.78    2.13    3.70
13-07-2024 14:59:56.42    0.96   7.651  23.453   21.892  108.6  11.24   8.215  467.66373    2.78    2.13    3.70
13-07-2024 14:59:56.66    0.93   7.652  23.445   21.884  108.6  11.24   8.215  490.77646    2.85    2.59    3.22
13-07-2024 14:59:56.91    0.88   7.654  23.442   21.878  108.7  11.25   8.215  447.91571    2.98    2.72    2.87
13-07-2024 14:59:57.16    0.86   7.658  23.443   21.877  108.7  11.25   8.215  472.23120    2.95    2.23    3.21
13-07-2024 14:59:57.40    0.85   7.662  23.445   21.877  108.7  11.25   8.215  443.13583    3.55    2.56    2.95
13-07-2024 14:59:57.65    0.87   7.662  23.442   21.873  108.7  11.25   8.215  443.71091    3.22    2.68    2.78
13-07-2024 14:59:57.89    0.87   7.658  23.440   21.874  108.7  11.25   8.216  463.01114    3.23    2.60    3.18
13-07-2024 14:59:58.14    0.94   7.656  23.438   21.873  108.7  11.26   8.216  459.21265    3.23    2.60    3.18
13-07-2024 14:59:58.38    0.92   7.657  23.441   21.876  108.8  11.26   8.216  468.99969    3.09    2.84    3.13
13-07-2024 14:59:58.63    0.91   7.656  23.442   21.878  108.8  11.26   8.216  443.65097    2.85    2.88    3.28
13-07-2024 14:59:58.87    0.94   7.656  23.440   21.876  108.8  11.26   8.217  462.68768    3.19    2.74    3.04
13-07-2024 14:59:59.12    0.88   7.657  23.442   21.877  108.8  11.26   8.217  470.53549    3.39    1.85    2.87
13-07-2024 14:59:59.36    0.86   7.660  23.443   21.876  108.8  11.26   8.217  448.60110    3.32    1.74    3.25
13-07-2024 14:59:59.61    0.89   7.661  23.437   21.869  108.8  11.26   8.218  432.73297    2.88    2.01    2.86
13-07-2024 14:59:59.86    0.88   7.661  23.433   21.864  108.9  11.27   8.218  452.96579    2.88    2.01    2.86
13-07-2024 15:00:00.11    0.91   7.662  23.432   21.863  108.9  11.27   8.218  498.24533    3.24    2.33    3.49
13-07-2024 15:00:00.35    0.94   7.662  23.434   21.866  108.9  11.28   8.218  437.78598    2.44    1.89    2.81
13-07-2024 15:00:00.60    0.88   7.662  23.437   21.868  109.0  11.28   8.218  446.94168    3.33    2.62    3.28
13-07-2024 15:00:00.84    0.86   7.662  23.437   21.869  109.0  11.28   8.218  492.73193    3.55    2.64    2.99
13-07-2024 15:00:01.09    0.85   7.663  23.439   21.870  109.0  11.28   8.218  465.28116    3.29    1.86    2.78
13-07-2024 15:00:01.33    0.84   7.664  23.442   21.873  109.1  11.29   8.218  438.39142    3.10    2.06    2.98
13-07-2024 15:00:01.58    0.88   7.665  23.438   21.867  109.1  11.29   8.218  425.61420    3.10    2.06    2.98
13-07-2024 15:00:01.82    0.90   7.666  23.432   21.860  109.1  11.29   8.218  459.46579    3.45    2.40    3.35
13-07-2024 15:00:02.07    0.91   7.666  23.430   21.858  109.1  11.30   8.218  511.40298    3.58    2.44    3.31
13-07-2024 15:00:02.31    0.94   7.667  23.432   21.860  109.2  11.30   8.218  457.97363    2.80    1.44    3.55
13-07-2024 15:00:02.56    0.94   7.666  23.433   21.861  109.2  11.30   8.218  443.38007    3.53    2.61    2.68
13-07-2024 15:00:02.81    0.87   7.666  23.431   21.860  109.2  11.30   8.218  473.29330    2.90    2.49    2.75
13-07-2024 15:00:03.05    0.92   7.667  23.431   21.859  109.2  11.31   8.218  463.66245    3.11    2.21    2.74
13-07-2024 15:00:03.30    0.85   7.668  23.434   21.862  109.2  11.31   8.218  517.67950    3.11    2.21    2.74
13-07-2024 15:00:03.54    0.85   7.669  23.434   21.861  109.2  11.30   8.218  460.95053    3.33    2.00    3.01
13-07-2024 15:00:03.79    0.87   7.668  23.433   21.861  109.2  11.30   8.218  430.44370    2.84    1.92    3.17
13-07-2024 15:00:04.04    0.90   7.668  23.429   21.857  109.2  11.30   8.218  478.79486    3.40    2.52    2.65
13-07-2024 15:00:04.29    0.89   7.667  23.425   21.853  109.2  11.30   8.218  476.17322    3.16    2.75    3.02
13-07-2024 15:00:04.53    0.94   7.667  23.424   21.852  109.2  11.30   8.218  441.69324    3.26    1.95    3.25
13-07-2024 15:00:04.78    0.93   7.667  23.426   21.855  109.2  11.30   8.218  474.43460    3.44    2.38    3.00
13-07-2024 15:00:05.02    0.93   7.668  23.425   21.852  109.2  11.30   8.218  461.36502    3.44    2.38    3.00
13-07-2024 15:00:05.27    0.92   7.668  23.423   21.850  109.2  11.30   8.218  441.40533    2.69    2.61    2.91
13-07-2024 15:00:05.51    0.84   7.668  23.424   21.851  109.1  11.30   8.218  495.14337    2.83    1.78    2.98
13-07-2024 15:00:05.76    0.89   7.669  23.426   21.853  109.1  11.29   8.218  487.56494    3.27    2.02    3.18
13-07-2024 15:00:06.00    0.89   7.669  23.427   21.854  109.1  11.29   8.218  467.88354    2.88    2.06    3.03
13-07-2024 15:00:06.25    0.88   7.669  23.423   21.850  109.1  11.29   8.218  491.90594    2.78    2.17    3.16
13-07-2024 15:00:06.49    0.92   7.669  23.420   21.846  109.1  11.29   8.219  454.73843    2.95    2.57    2.96
13-07-2024 15:00:06.73    0.90   7.669  23.420   21.847  109.0  11.29   8.219  402.43112    2.95    2.57    2.96
13-07-2024 15:00:06.99    0.96   7.670  23.422   21.848  109.0  11.29   8.219  455.51263    3.01    2.20    3.40
13-07-2024 15:00:07.23    0.92   7.669  23.421   21.848  109.0  11.28   8.219  483.44080    3.13    2.88    2.85
13-07-2024 15:00:07.48    0.87   7.669  23.420   21.847  109.0  11.29   8.219  426.05307    3.27    2.62    3.25
13-07-2024 15:00:07.73    0.88   7.670  23.421   21.847  109.0  11.28   8.218  415.15436    2.48    2.54    2.86
13-07-2024 15:00:07.97    0.81   7.670  23.423   21.849  109.0  11.28   8.219  441.94711    3.22    2.53    3.15
13-07-2024 15:00:08.22    0.84   7.671  23.418   21.844  109.0  11.28   8.219  454.45572    2.88    1.65    2.95
13-07-2024 15:00:08.46    0.90   7.669  23.419   21.846  109.0  11.28   8.219  476.46634    2.88    1.65    2.95
13-07-2024 15:00:08.71    0.95   7.668  23.422   21.850  109.0  11.28   8.220  442.78055    2.55    2.30    2.53
13-07-2024 15:00:08.95    0.98   7.667  23.424   21.852  109.0  11.28   8.220  434.10889    3.12    2.77    3.14
13-07-2024 15:00:09.20    0.93   7.667  23.418   21.846  109.0  11.28   8.220  471.39630    3.23    2.23    3.09
13-07-2024 15:00:09.44    0.87   7.668  23.419   21.846  109.0  11.28   8.220  487.73514    3.23    2.43    3.13
13-07-2024 15:00:09.69    0.82   7.668  23.420   21.848  109.0  11.28   8.220  464.31232    3.16    1.99    3.01
13-07-2024 15:00:09.94    0.88   7.670  23.421   21.847  109.0  11.28   8.220  446.29626    3.05    2.62    2.76
13-07-2024 15:00:10.18    0.87   7.670  23.422   21.848  109.0  11.28   8.220  420.69809    3.05    2.62    2.76
13-07-2024 15:00:10.43    0.87   7.668  23.421   21.848  109.0  11.28   8.221  490.27463    2.96    2.71    3.28
13-07-2024 15:00:10.68    0.88   7.668  23.422   21.849  109.0  11.28   8.221  481.36392    2.91    1.52    3.40
13-07-2024 15:00:10.92    0.93   7.668  23.422   21.849  109.0  11.28   8.221  444.10837    2.92    2.46    2.85
13-07-2024 15:00:11.17    0.92   7.668  23.422   21.850  109.0  11.28   8.220  430.28159    3.27    2.27    3.05
13-07-2024 15:00:11.41    0.93   7.667  23.422   21.850  109.0  11.28   8.220  439.37659    3.37    2.50    3.11
13-07-2024 15:00:11.66    0.89   7.667  23.424   21.852  109.0  11.28   8.220  472.49319    3.26    2.40    3.30
13-07-2024 15:00:11.90    0.93   7.666  23.427   21.856  109.0  11.28   8.221  460.44205    3.26    2.40    3.30
13-07-2024 15:00:12.15    0.90   7.661  23.432   21.864  109.0  11.28   8.221  456.96555    2.92    2.40    3.37
13-07-2024 15:00:12.39    0.89   7.658  23.438   21.872  109.0  11.29   8.221  455.50821    3.21    2.59    2.69
13-07-2024 15:00:12.64    0.86   7.655  23.438   21.874  109.0  11.29   8.221  470.84192    3.17    2.33    2.80
13-07-2024 15:00:12.88    0.84   7.652  23.438   21.875  109.0  11.29   8.220  480.52164    3.08    2.54    2.63
13-07-2024 15:00:13.13    0.91   7.655  23.438   21.874  109.1  11.29   8.221  443.15430    3.16    2.34    3.39
13-07-2024 15:00:13.37    0.93   7.656  23.438   21.873  109.1  11.29   8.221  461.58188    3.16    2.34    3.39
13-07-2024 15:00:13.62    0.90   7.658  23.446   21.880  109.1  11.29   8.221  436.96146    3.40    2.56    3.25
13-07-2024 15:00:13.87    0.87   7.658  23.442   21.876  109.1  11.29   8.221  469.45856    2.91    2.27    3.13
13-07-2024 15:00:14.11    0.89   7.660  23.439   21.872  109.1  11.29   8.221  439.02499    2.68    1.87    2.79
13-07-2024 15:00:14.36    0.80   7.658  23.441   21.876  109.1  11.29   8.221  456.26685    3.21    2.08    2.49
13-07-2024 15:00:14.61    0.84   7.661  23.435   21.867  109.1  11.29   8.221  479.55054    3.34    2.47    3.42
13-07-2024 15:00:14.86    0.88   7.666  23.428   21.857  109.1  11.29   8.221  492.33670    3.58    2.76    2.84
13-07-2024 15:00:15.10    0.92   7.668  23.425   21.852  109.1  11.29   8.222  477.65948    2.98    2.30    3.31
13-07-2024 15:00:15.35    0.90   7.668  23.427   21.854  109.1  11.29   8.222  452.41583    2.98    2.30    3.31
13-07-2024 15:00:15.59    0.92   7.668  23.432   21.859  109.1  11.29   8.222  433.87653    3.21    2.00    2.80
13-07-2024 15:00:15.84    0.89   7.668  23.431   21.859  109.1  11.29   8.222  477.17099    2.84    2.00    3.27
13-07-2024 15:00:16.08    0.87   7.666  23.431   21.860  109.1  11.29   8.222  501.62561    2.83    2.34    2.57
13-07-2024 15:00:16.33    0.91   7.666  23.432   21.860  109.1  11.29   8.221  483.02704    3.04    2.63    3.30
13-07-2024 15:00:16.57    0.89   7.667  23.434   21.862  109.0  11.29   8.221  409.52698    2.86    2.20    3.19
13-07-2024 15:00:16.82    0.88   7.669  23.431   21.859  109.0  11.29   8.221  420.02307    2.86    2.20    3.19
13-07-2024 15:00:17.07    0.85   7.669  23.428   21.855  109.1  11.29   8.222  494.41061    3.27    2.09    3.00
13-07-2024 15:00:17.31    0.89   7.669  23.428   21.855  109.0  11.28   8.222  478.44919    3.25    2.39    2.93
13-07-2024 15:00:17.55    0.90   7.669  23.430   21.857  109.0  11.28   8.222  394.30353    3.30    1.94    3.21
13-07-2024 15:00:17.80    0.90   7.669  23.429   21.856  108.9  11.28   8.222  479.04874    3.16    2.42    2.85
13-07-2024 15:00:18.05    0.90   7.669  23.429   21.856  109.0  11.28   8.222  454.13596    3.26    2.01    3.43
13-07-2024 15:00:18.29    0.86   7.669  23.429   21.856  109.0  11.28   8.222  456.87228    3.14    1.67    3.40
13-07-2024 15:00:18.54    0.89   7.669  23.431   21.859  108.9  11.27   8.221  447.16223    3.14    1.67    3.40
13-07-2024 15:00:18.79    0.89   7.667  23.434   21.862  108.8  11.26   8.221  454.06046    3.55    1.96    3.14
13-07-2024 15:00:19.03    0.86   7.664  23.433   21.863  108.8  11.26   8.221  462.88013    2.82    2.46    2.32
13-07-2024 15:00:19.28    0.89   7.661  23.439   21.871  108.8  11.26   8.221  510.25281    2.90    2.05    3.23
13-07-2024 15:00:19.52    0.89   7.661  23.444   21.877  108.8  11.26   8.221  443.18167    2.97    2.48    2.98
13-07-2024 15:00:19.77    0.91   7.661  23.445   21.878  108.7  11.25   8.221  428.47635    3.09    2.53    3.15
13-07-2024 15:00:20.01    0.89   7.659  23.446   21.880  108.7  11.25   8.221  488.71216    3.36    2.62    3.48
13-07-2024 15:00:20.26    0.90   7.659  23.449   21.883  108.7  11.25   8.221  493.09238    3.36    2.62    3.48
13-07-2024 15:00:20.50    0.89   7.657  23.453   21.888  108.7  11.25   8.222  426.38614    3.49    2.54    2.97
13-07-2024 15:00:20.75    0.87   7.657  23.458   21.893  108.7  11.25   8.221  431.41476    3.02    1.94    2.80
13-07-2024 15:00:20.99    0.87   7.656  23.459   21.895  108.7  11.25   8.221  496.31943    3.55    2.28    3.37
13-07-2024 15:00:21.24    0.84   7.656  23.459   21.895  108.6  11.24   8.221  471.95291    3.01    2.66    3.53
13-07-2024 15:00:21.48    0.88   7.656  23.459   21.895  108.7  11.25   8.221  454.25809    3.06    1.91    2.96
13-07-2024 15:00:21.74    0.90   7.657  23.457   21.892  108.7  11.25   8.221  489.75876    3.28    2.25    3.03
13-07-2024 15:00:21.98    0.88   7.658  23.461   21.896  108.6  11.25   8.221  419.92166    3.28    2.25    3.03
13-07-2024 15:00:22.23    0.88   7.658  23.458   21.892  108.6  11.24   8.221  452.49060    2.62    1.69    2.77
13-07-2024 15:00:22.48    0.91   7.658  23.457   21.891  108.6  11.24   8.221  478.58392    2.91    2.27    3.48
13-07-2024 15:00:22.72    0.89   7.658  23.457   21.891  108.6  11.24   8.221  441.22101    3.05    2.44    2.57
13-07-2024 15:00:22.97    0.86   7.660  23.459   21.892  108.6  11.24   8.222  460.11566    2.97    2.36    2.74
13-07-2024 15:00:23.21    0.86   7.664  23.456   21.887  108.6  11.24   8.221  473.75070    3.34    2.69    3.15
13-07-2024 15:00:23.46    0.85   7.666  23.457   21.886  108.6  11.24   8.222  477.97403    3.07    2.37    2.64
13-07-2024 15:00:23.70    0.87   7.666  23.449   21.879  108.6  11.24   8.222  468.12408    3.07    2.37    2.64
13-07-2024 15:00:23.95    0.88   7.666  23.445   21.874  108.6  11.24   8.222  467.00793    3.44    2.12    3.33
13-07-2024 15:00:24.19    0.92   7.666  23.445   21.874  108.7  11.25   8.222  442.67841    3.00    1.67    3.29
13-07-2024 15:00:24.44    0.90   7.667  23.444   21.872  108.7  11.25   8.222  397.91547    3.04    1.39    3.05
13-07-2024 15:00:24.68    0.90   7.666  23.443   21.872  108.7  11.25   8.222  499.25711    3.41    2.10    3.17
13-07-2024 15:00:24.93    0.89   7.667  23.439   21.867  108.6  11.24   8.222  501.43686    3.39    2.70    3.06
13-07-2024 15:00:25.17    0.88   7.667  23.438   21.866  108.6  11.24   8.222  435.69653    3.17    1.85    3.28
13-07-2024 15:00:25.42    0.86   7.667  23.439   21.868  108.6  11.24   8.221  450.42038    3.17    1.85    3.28
13-07-2024 15:00:25.67    0.89   7.668  23.442   21.870  108.6  11.24   8.222  483.83087    2.90    1.99    3.44
13-07-2024 15:00:25.92    0.88   7.667  23.442   21.870  108.6  11.24   8.222  405.81732    3.24    2.16    3.39
13-07-2024 15:00:26.17    0.92   7.668  23.441   21.870  108.6  11.24   8.222  500.67230    2.80    2.00    3.60
13-07-2024 15:00:26.41    0.94   7.667  23.444   21.872  108.6  11.24   8.222  475.39386    2.86    2.02    2.79
13-07-2024 15:00:26.66    0.90   7.666  23.442   21.871  108.6  11.24   8.222  425.36475    3.63    2.60    3.22
13-07-2024 15:00:26.90    0.87   7.667  23.443   21.871  108.6  11.24   8.222  441.48230    3.06    1.99    2.75
13-07-2024 15:00:27.15    0.85   7.668  23.442   21.870  108.6  11.24   8.222  499.32669    3.06    1.99    2.75
13-07-2024 15:00:27.39    0.85   7.668  23.445   21.873  108.6  11.23   8.222  459.73224    3.16    2.88    3.30
13-07-2024 15:00:27.64    0.89   7.667  23.446   21.875  108.6  11.23   8.222  495.75250    2.90    2.42    2.96
13-07-2024 15:00:27.88    0.90   7.665  23.445   21.875  108.6  11.23   8.222  433.85654    3.27    2.60    3.29
13-07-2024 15:00:28.14    0.88   7.666  23.448   21.877  108.5  11.23   8.222  413.67181    3.03    1.93    3.36
13-07-2024 15:00:28.37    0.92   7.666  23.449   21.878  108.5  11.23   8.222  494.65485    3.23    2.75    2.73
13-07-2024 15:00:28.62    0.91   7.666  23.448   21.877  108.5  11.22   8.222  467.33066    3.25    2.12    3.09
13-07-2024 15:00:28.86    0.90   7.666  23.443   21.872  108.4  11.22   8.222  441.42014    3.25    2.12    3.09
13-07-2024 15:00:29.11    0.83   7.667  23.444   21.872  108.4  11.22   8.222  479.72672    2.57    2.32    2.84
13-07-2024 15:00:29.36    0.82   7.668  23.446   21.874  108.4  11.22   8.222  483.85901    3.30    1.98    3.41
13-07-2024 15:00:29.61    0.83   7.667  23.445   21.873  108.4  11.22   8.222  486.16528    3.21    2.81    3.28
13-07-2024 15:00:29.85    0.91   7.667  23.437   21.866  108.4  11.22   8.222  437.61356    2.82    2.23    3.43
13-07-2024 15:00:30.10    0.92   7.667  23.432   21.860  108.4  11.22   8.222  419.84839    3.27    2.52    2.62
13-07-2024 15:00:30.34    0.95   7.668  23.435   21.863  108.4  11.22   8.223  457.62726    2.73    2.57    3.46
13-07-2024 15:00:30.59    0.93   7.668  23.437   21.865  108.4  11.22   8.223  450.51068    2.73    2.57    3.46
13-07-2024 15:00:30.83    0.88   7.667  23.440   21.868  108.4  11.22   8.223  445.02243    2.95    2.67    3.06
13-07-2024 15:00:31.08    0.80   7.668  23.441   21.869  108.4  11.22   8.222  477.81714    3.33    2.41    3.02
13-07-2024 15:00:31.32    0.79   7.668  23.436   21.864  108.5  11.23   8.223  480.04126    3.00    2.08    3.18
13-07-2024 15:00:31.57    0.85   7.670  23.424   21.850  108.4  11.22   8.223  429.29868    3.19    3.12    3.31
13-07-2024 15:00:31.81    0.91   7.672  23.420   21.845  108.5  11.23   8.223  454.49417    2.88    1.80    3.14
13-07-2024 15:00:32.06    0.94   7.670  23.434   21.861  108.5  11.23   8.224  463.25018    3.27    2.21    2.72
13-07-2024 15:00:32.30    0.97   7.668  23.430   21.858  108.5  11.23   8.223  450.12360    3.27    2.21    2.72
13-07-2024 15:00:32.55    0.95   7.668  23.422   21.849  108.5  11.23   8.224  424.30264    2.77    2.01    2.87
13-07-2024 15:00:32.80    0.90   7.670  23.425   21.851  108.6  11.24   8.223  422.27536    3.19    2.87    3.28
13-07-2024 15:00:33.05    0.86   7.671  23.427   21.853  108.6  11.24   8.223  486.94171    2.96    2.36    3.16
13-07-2024 15:00:33.30    0.81   7.671  23.429   21.855  108.6  11.24   8.224  476.50928    3.07    1.35    3.22
13-07-2024 15:00:33.54    0.83   7.670  23.430   21.857  108.6  11.24   8.223  462.44492    3.36    1.51    3.07
13-07-2024 15:00:33.79    0.86   7.670  23.424   21.850  108.7  11.25   8.224  439.40469    3.22    2.45    2.83
13-07-2024 15:00:34.03    0.90   7.671  23.424   21.849  108.7  11.25   8.224  440.42758    3.22    2.45    2.83
13-07-2024 15:00:34.28    0.96   7.671  23.431   21.857  108.7  11.25   8.224  426.40762    3.30    2.23    2.92
13-07-2024 15:00:34.52    0.98   7.670  23.432   21.859  108.8  11.26   8.224  496.72504    3.31    2.51    3.49
13-07-2024 15:00:34.77    0.95   7.670  23.427   21.853  108.8  11.26   8.224  459.26224    3.24    2.33    2.67
13-07-2024 15:00:35.01    0.88   7.671  23.426   21.852  108.8  11.26   8.224  420.67813    3.09    1.95    2.90
13-07-2024 15:00:35.26    0.83   7.672  23.426   21.850  108.8  11.26   8.224  470.02701    3.20    2.65    2.95
13-07-2024 15:00:35.50    0.81   7.672  23.429   21.854  108.9  11.27   8.224  474.06677    3.25    2.25    3.05
13-07-2024 15:00:35.75    0.83   7.671  23.430   21.855  108.9  11.27   8.224  438.92657    3.25    2.25    3.05
13-07-2024 15:00:35.99    0.89   7.670  23.428   21.854  108.9  11.27   8.224  459.85214    3.13    2.17    2.89
13-07-2024 15:00:36.24    0.95   7.670  23.432   21.858  108.9  11.28   8.224  465.69122    3.84    2.05    2.64
13-07-2024 15:00:36.49    1.02   7.671  23.433   21.859  109.0  11.28   8.224  423.15094    3.19    2.95    2.35
13-07-2024 15:00:36.73    1.12   7.671  23.421   21.847  109.0  11.28   8.224  395.29608    2.92    2.13    2.75
13-07-2024 15:00:36.98    1.15   7.672  23.428   21.853  109.0  11.28   8.224  378.27036    3.17    2.43    3.38
13-07-2024 15:00:37.23    1.22   7.672  23.450   21.875  109.0  11.28   8.225  390.98245    3.13    1.71    2.85
13-07-2024 15:00:37.47    1.30   7.671  23.442   21.868  109.0  11.28   8.224  377.22525    3.13    1.71    2.85
13-07-2024 15:00:37.72    1.38   7.670  23.440   21.867  109.0  11.29   8.224  368.07178    3.03    2.46    3.18
13-07-2024 15:00:37.96    1.42   7.661  23.447   21.880  109.1  11.29   8.224  351.35913    2.83    2.39    2.98
13-07-2024 15:00:38.21    1.55   7.650  23.502   21.942  109.1  11.29   8.224  348.54214    3.21    2.03    3.00
13-07-2024 15:00:38.45    1.62   7.622  23.545   22.004  109.2  11.30   8.224  339.92307    3.23    1.79    3.26
13-07-2024 15:00:38.70    1.74   7.606  23.545   22.015  109.2  11.30   8.224  318.86942    3.36    1.69    3.13
13-07-2024 15:00:38.94    1.86   7.602  23.544   22.016  109.2  11.31   8.224  304.80359    2.75    2.29    3.15
13-07-2024 15:00:39.20    1.94   7.602  23.559   22.031  109.2  11.30   8.224  300.65356    2.75    2.29    3.15
13-07-2024 15:00:39.43    2.06   7.599  23.647   22.123  109.1  11.30   8.225  286.94443    3.20    2.61    2.79
13-07-2024 15:00:39.68    2.15   7.585  24.002   22.497  108.9  11.25   8.224  271.06818    2.86    1.58    2.91
13-07-2024 15:00:39.92    2.25   7.481  24.172   22.738  108.9  11.25   8.223  266.68277    3.23    2.67    2.92
13-07-2024 15:00:40.18    2.37   7.352  24.088   22.737  109.1  11.32   8.223  263.14264    3.01    1.72    3.03
13-07-2024 15:00:40.42    2.48   7.277  24.359   23.067  109.2  11.32   8.226  247.35147    2.54    2.01    3.25
13-07-2024 15:00:40.67    2.61   7.115  24.809   23.645  109.2  11.32   8.228  233.32263    2.75    2.24    3.13
13-07-2024 15:00:40.92    2.74   6.853  25.545   24.602  109.4  11.34   8.228  237.21065    2.75    2.24    3.13
13-07-2024 15:00:41.16    2.86   6.359  26.380   25.857  109.9  11.43   8.229  235.90207    3.65    2.63    3.09
13-07-2024 15:00:41.41    3.00   5.838  26.697   26.604  110.2  11.55   8.229  219.79488    3.12    2.44    2.95
13-07-2024 15:00:41.65    3.14   5.343  26.470   26.746  110.6  11.72   8.239  206.08502    3.67    2.73    3.39
13-07-2024 15:00:41.90    3.33   5.034  26.850   27.421  110.6  11.76   8.247  199.80113    3.36    2.59    3.09
13-07-2024 15:00:42.14    3.50   4.758  26.765   27.553  110.1  11.78   8.252  193.04872    3.74    2.08    3.38
13-07-2024 15:00:42.39    3.64   4.317  26.440   27.549  109.7  11.86   8.261  188.14153    3.73    2.27    3.86
13-07-2024 15:00:42.63    3.81   3.856  25.698   27.079  109.0  11.96   8.270  180.38028    3.73    2.27    3.86
13-07-2024 15:00:42.88    3.97   3.371  25.479   27.227  108.3  12.02   8.278  172.38663    3.64    2.68    3.08
13-07-2024 15:00:43.12    4.16   2.724  25.489   27.792  108.9  12.24   8.286  168.88275    3.98    2.26    3.19
13-07-2024 15:00:43.37    4.30   2.250  25.191   27.845  109.2  12.42   8.290  168.47862    3.16    2.29    3.43
13-07-2024 15:00:43.61    4.49   1.827  25.112   28.123  109.5  12.56   8.292  165.02359    3.42    2.22    3.49
13-07-2024 15:00:43.86    4.67   1.520  25.100   28.383  109.9  12.69   8.291  157.01884    3.23    2.56    3.40
13-07-2024 15:00:44.11    4.85   1.347  25.127   28.574  109.9  12.73   8.287  146.12604    3.14    2.17    3.18
13-07-2024 15:00:44.36    5.04   1.236  25.138   28.689  110.0  12.77   8.283  135.58257    3.14    2.17    3.18
13-07-2024 15:00:44.60    5.24   1.200  25.143   28.730  110.1  12.79   8.278  127.11449    3.11    2.19    3.16
13-07-2024 15:00:44.85    5.39   1.187  25.189   28.798  110.3  12.81   8.273  118.60052    3.58    2.10    3.38
13-07-2024 15:00:45.10    5.59   1.201  25.204   28.804  110.3  12.80   8.269  109.21465    3.38    2.04    3.36
13-07-2024 15:00:45.34    5.75   1.216  25.156   28.731  110.2  12.80   8.266  100.31802    3.74    2.69    3.18
13-07-2024 15:00:45.59    5.94   1.152  25.421   29.123  110.5  12.81   8.264   91.51317    3.62    2.55    3.26
13-07-2024 15:00:45.83    6.13   1.185  25.491   29.179  110.8  12.84   8.261   83.88515    4.89    2.49    3.47
13-07-2024 15:00:46.07    6.30   1.295  25.411   28.976  110.9  12.83   8.258   77.27041    4.89    2.49    3.47
13-07-2024 15:00:46.32    6.48   1.395  25.574   29.087  111.0  12.80   8.257   71.40471    4.49    2.50    3.20
13-07-2024 15:00:46.57    6.67   1.473  25.553   28.989  111.2  12.80   8.257   65.94756    5.52    2.71    3.38
13-07-2024 15:00:46.81    6.87   1.556  25.707   29.104  111.5  12.80   8.258   60.95894    6.02    2.74    3.80
13-07-2024 15:00:47.06    7.02   1.656  25.816   29.147  111.8  12.79   8.258   56.61202    5.24    2.87    3.49
13-07-2024 15:00:47.30    7.16   1.746  26.066   29.372  112.1  12.78   8.260   53.08298    5.77    2.17    3.25
13-07-2024 15:00:47.55    7.37   1.846  26.551   29.879  112.7  12.78   8.262   49.90773    4.80    2.19    3.30
13-07-2024 15:00:47.80    7.56   2.088  26.287   29.328  112.7  12.74   8.263   46.94637    4.80    2.19    3.30
13-07-2024 15:00:48.05    7.75   2.240  26.111   28.972  112.6  12.71   8.266   44.22706    5.13    2.43    3.84
13-07-2024 15:00:48.29    7.90   2.183  26.067   28.971  112.8  12.75   8.271   41.88670    6.73    2.76    3.49
13-07-2024 15:00:48.54    8.07   2.054  25.961   28.958  113.3  12.86   8.277   40.07184    7.20    2.39    3.46
13-07-2024 15:00:48.78    8.22   1.974  26.077   29.174  113.8  12.91   8.282   38.61448    6.70    2.55    3.50
13-07-2024 15:00:49.03    8.40   1.932  25.960   29.069  114.1  12.98   8.285   37.33772    5.98    2.84    3.39
13-07-2024 15:00:49.27    8.58   1.865  25.966   29.138  114.3  13.01   8.287   35.91737    5.78    2.87    3.05
13-07-2024 15:00:49.52    8.77   1.752  26.096   29.403  114.8  13.08   8.290   34.21872    5.78    2.87    3.05
13-07-2024 15:00:49.76    8.96   1.728  26.168   29.515  115.4  13.15   8.291   32.79393    4.98    2.72    3.04
13-07-2024 15:00:50.01    9.08   1.775  26.146   29.444  115.6  13.16   8.290   31.58007    5.50    2.67    3.03
13-07-2024 15:00:50.25    9.27   1.815  26.222   29.500  115.9  13.18   8.290   30.41212    4.75    2.92    3.49
13-07-2024 15:00:50.50    9.43   1.859  25.781   28.915  116.1  13.24   8.290   29.22639    7.75    3.08    3.77
13-07-2024 15:00:50.74    9.58   1.818  25.831   29.014  115.7  13.20   8.291   28.12801    8.26    2.69    3.24
13-07-2024 15:00:50.99    9.75   1.648  26.027   29.415  116.3  13.28   8.292   27.10585    8.26    2.69    3.24
13-07-2024 15:00:51.24    9.90   1.532  26.104   29.619  117.0  13.39   8.292   26.10295    9.13    2.46    3.83
13-07-2024 15:00:51.48   10.06   1.502  26.082   29.621  117.4  13.44   8.291   25.14667    6.09    2.76    3.69
13-07-2024 15:00:51.73   10.25   1.535  25.968   29.447  117.5  13.46   8.289   24.03348    7.84    2.33    3.14
13-07-2024 15:00:51.98   10.45   1.522  25.894   29.366  117.5  13.47   8.288   22.89587    6.61    2.35    3.58
13-07-2024 15:00:52.22   10.59   1.465  25.873   29.394  117.7  13.52   8.287   21.87594    6.22    2.61    3.34
13-07-2024 15:00:52.47   10.72   1.422  25.866   29.424  117.9  13.56   8.287   20.96333    6.22    2.67    3.61
13-07-2024 15:00:52.72   10.91   1.379  25.886   29.491  118.2  13.59   8.286   20.13954    5.98    2.31    3.57
13-07-2024 15:00:52.96   11.12   1.333  25.889   29.538  118.4  13.63   8.285   19.37793    5.98    2.31    3.57
13-07-2024 15:00:53.21   11.26   1.324  25.898   29.557  118.5  13.64   8.284   18.58152    6.72    2.95    3.10
13-07-2024 15:00:53.45   11.43   1.288  25.812   29.482  118.7  13.68   8.283   17.79252    5.60    2.34    3.18
13-07-2024 15:00:53.70   11.64   1.256  25.743   29.427  118.8  13.71   8.283   16.98427    5.92    3.09    3.25
13-07-2024 15:00:53.94   11.78   1.192  25.413   29.072  118.4  13.73   8.282   16.25892    5.15    2.56    3.44
13-07-2024 15:00:54.19   11.99   0.920  25.401   29.312  119.2  13.89   8.284   15.51877    5.04    2.37    3.34
13-07-2024 15:00:54.43   12.13   0.832  25.375   29.361  119.5  13.96   8.283   14.79564    5.04    2.37    3.34
13-07-2024 15:00:54.68   12.31   0.785  25.273   29.276  119.2  13.95   8.281   14.08584    4.93    2.17    3.53
13-07-2024 15:00:54.93   12.48   0.688  25.304   29.408  119.2  13.96   8.279   13.35013    4.98    2.51    3.15
13-07-2024 15:00:55.17   12.70   0.588  25.254   29.439  119.4  14.03   8.277   12.63884    3.40    2.32    2.83
13-07-2024 15:00:55.42   12.85   0.501  25.169   29.413  119.5  14.07   8.274   11.93495    3.32    2.20    3.16
13-07-2024 15:00:55.67   13.01   0.363  25.133   29.498  119.5  14.12   8.273   11.27104    3.41    2.52    2.74
13-07-2024 15:00:55.91   13.15   0.283  25.175   29.629  119.5  14.14   8.270   10.60786    2.88    2.50    2.98
13-07-2024 15:00:56.16   13.34   0.249  25.155   29.636  119.5  14.14   8.267    9.95505    2.59    2.18    2.94
13-07-2024 15:00:56.40   13.51   0.231  25.121   29.609  119.3  14.13   8.263    9.27781    2.59    2.18    2.94
13-07-2024 15:00:56.65   13.70   0.199  25.120   29.638  119.2  14.13   8.260    8.60723    2.69    2.28    2.95
13-07-2024 15:00:56.89   13.84   0.176  25.136   29.682  119.1  14.12   8.256    7.97366    2.57    2.16    3.16
13-07-2024 15:00:57.14   14.04   0.168  25.178   29.744  119.1  14.12   8.253    7.36896    2.12    2.50    2.97
13-07-2024 15:00:57.38   14.20   0.175  25.209   29.778  119.0  14.11   8.250    6.79164    2.52    2.51    3.13
13-07-2024 15:00:57.63   14.38   0.195  25.195   29.740  118.9  14.09   8.247    6.22912    3.06    2.37    3.08
13-07-2024 15:00:57.87   14.56   0.244  25.319   29.852  118.8  14.05   8.243    5.72952    3.06    2.37    3.08
13-07-2024 15:00:58.12   14.71   0.305  25.369   29.858  118.7  14.01   8.240    5.26988    2.67    2.33    2.98
13-07-2024 15:00:58.36   14.91   0.348  25.374   29.823  118.6  13.99   8.238    4.88426    2.24    2.21    3.20
13-07-2024 15:00:58.61   15.07   0.361  25.447   29.904  118.8  14.00   8.236    4.46090    3.04    2.29    2.68
13-07-2024 15:00:58.86   15.25   0.421  25.399   29.784  118.6  13.96   8.235    4.09600    3.47    2.23    3.16
13-07-2024 15:00:59.11   15.41   0.450  25.421   29.784  118.5  13.93   8.234    3.80734    3.36    1.93    3.42
13-07-2024 15:00:59.35   15.60   0.451  25.412   29.772  118.4  13.93   8.234    3.53867    3.44    2.79    3.02
13-07-2024 15:00:59.60   15.78   0.453  25.478   29.855  118.4  13.91   8.233    3.32254    3.44    2.79    3.02
13-07-2024 15:00:59.84   15.96   0.454  25.756   30.212  118.6  13.91   8.233    3.08791    3.33    2.08    3.09
13-07-2024 15:01:00.09   16.15   0.504  25.898   30.345  118.9  13.91   8.232    2.89029    3.10    1.98    2.96
13-07-2024 15:01:00.33   16.34   0.613  25.942   30.296  118.8  13.87   8.231    2.68971    5.21    2.93    3.37
13-07-2024 15:01:00.58   16.51   0.755  26.005   30.237  118.6  13.80   8.229    2.53354    4.55    2.42    3.44
13-07-2024 15:01:00.82   16.67   0.851  26.034   30.179  118.5  13.75   8.228    2.38329    4.83    2.37    3.30
13-07-2024 15:01:01.08   16.84   0.944  26.097   30.170  118.4  13.71   8.228    2.29151    4.89    2.46    3.50
13-07-2024 15:01:01.31   17.05   1.008  26.117   30.132  118.3  13.68   8.228    2.15754    4.89    2.46    3.50
13-07-2024 15:01:01.56   17.20   1.072  26.285   30.284  118.4  13.66   8.229    2.10943    5.90    2.58    3.17
13-07-2024 15:01:01.80   17.35   1.144  26.379   30.332  118.5  13.64   8.230    2.03246    5.00    2.03    3.14
13-07-2024 15:01:02.05   17.55   1.240  26.435   30.310  118.5  13.61   8.230    1.96436    5.73    2.48    3.50
13-07-2024 15:01:02.30   17.69   1.351  26.482   30.261  118.4  13.56   8.232    1.87777    5.26    2.72    3.45
13-07-2024 15:01:02.55   17.90   1.438  26.589   30.311  118.4  13.52   8.233    1.83632   16.31    3.08    3.35
13-07-2024 15:01:02.80   18.05   1.527  26.725   30.397  118.6  13.50   8.234    1.76082    7.57    2.38    3.36
13-07-2024 15:01:03.04   18.24   1.661  26.729   30.272  118.5  13.46   8.235    1.71493    7.57    2.38    3.36
13-07-2024 15:01:03.29   18.40   1.751  26.682   30.126  118.3  13.41   8.237    1.65720    6.62    2.33    3.06
13-07-2024 15:01:03.53   18.57   1.769  26.672   30.097  118.2  13.40   8.239    1.60687    9.88    2.58    3.43
13-07-2024 15:01:03.78   18.75   1.752  26.666   30.105  118.2  13.41   8.242    1.56690    7.43    2.64    3.70
13-07-2024 15:01:04.02   18.90   1.727  26.710   30.185  118.3  13.42   8.245    1.51657    5.78    2.14    3.45
13-07-2024 15:01:04.27   19.05   1.718  26.780   30.280  118.5  13.43   8.246    1.48030    5.74    2.56    2.93
13-07-2024 15:01:04.51   19.19   1.740  26.785   30.264  118.5  13.43   8.247    1.44330    5.42    2.71    3.51
13-07-2024 15:01:04.76   19.30   1.757  26.797   30.263  118.5  13.43   8.248    1.42923    5.42    2.71    3.51
13-07-2024 15:01:05.00   19.38   1.769  26.776   30.225  118.5  13.42   8.249    1.39149    5.12    2.27    3.31
13-07-2024 15:01:05.25   19.51   1.759  26.718   30.162  118.4  13.43   8.250    1.38038    5.85    2.41    3.07
13-07-2024 15:01:05.49   19.62   1.698  26.659   30.149  118.4  13.45   8.251    1.35670    6.61    1.92    3.13
13-07-2024 15:01:05.74   19.74   1.650  26.676   30.215  118.4  13.46   8.252    1.33301    5.34    2.22    3.21
13-07-2024 15:01:05.99   19.82   1.589  26.634   30.221  118.5  13.49   8.253    1.31969    5.18    2.57    3.27
13-07-2024 15:01:06.23   19.93   1.531  26.554   30.177  118.4  13.50   8.253    1.31525    5.49    1.88    3.22
13-07-2024 15:01:06.48   20.05   1.427  26.452   30.150  118.5  13.55   8.254    1.30045    5.49    1.88    3.22
13-07-2024 15:01:06.73   20.16   1.317  26.363   30.143  118.4  13.58   8.255    1.29749    4.57    2.47    3.42
13-07-2024 15:01:06.97   20.25   1.200  26.328   30.212  118.4  13.62   8.255    1.27010    4.87    3.04    3.79
13-07-2024 15:01:07.22   20.34   1.130  26.321   30.270  118.5  13.64   8.254    1.25086    9.90    1.92    3.11
13-07-2024 15:01:07.46   20.42   1.078  26.372   30.386  118.5  13.65   8.254    1.23161    4.83    2.12    3.16
13-07-2024 15:01:07.71   20.51   1.063  26.483   30.541  118.7  13.67   8.252    1.23161    4.76    2.48    3.36
13-07-2024 15:01:07.95   20.59   1.088  26.294   30.277  118.2  13.63   8.250    1.20719    4.33    2.23    3.37
13-07-2024 15:01:08.20   20.68   1.016  26.136   30.148  117.9  13.62   8.249    1.18572    4.33    2.23    3.37
13-07-2024 15:01:08.44   20.75   0.878  26.048   30.169  117.7  13.66   8.250    1.18720    4.38    2.34    3.14
13-07-2024 15:01:08.69   20.82   0.704  26.001   30.280  117.8  13.72   8.251    1.16944    4.26    2.21    3.26
13-07-2024 15:01:08.93   20.91   0.571  25.978   30.380  117.9  13.77   8.251    1.16204    4.25    2.50    3.13
13-07-2024 15:01:09.18   20.99   0.459  25.944   30.447  118.2  13.84   8.251    1.15686    4.70    2.19    3.27
13-07-2024 15:01:09.42   21.07   0.409  25.934   30.483  118.0  13.84   8.250    1.13317    4.14    2.51    3.08
13-07-2024 15:01:09.68   21.11   0.376  25.938   30.521  117.9  13.82   8.248    1.12577    4.01    2.27    3.00
13-07-2024 15:01:09.92   21.19   0.357  25.945   30.548  117.7  13.81   8.246    1.12355    4.01    2.27    3.00
13-07-2024 15:01:10.17   21.24   0.346  25.935   30.546  117.6  13.80   8.244    1.10061    4.09    2.29    3.23
13-07-2024 15:01:10.42   21.35   0.333  25.929   30.551  117.5  13.79   8.242    1.09395    4.05    2.36    3.20
13-07-2024 15:01:10.66   21.41   0.320  25.928   30.563  117.5  13.80   8.239    1.09320    3.86    2.24    3.00
13-07-2024 15:01:10.91   21.50   0.316  25.923   30.561  117.4  13.78   8.238    1.08728    3.44    2.48    3.24
13-07-2024 15:01:11.15   21.56   0.318  25.919   30.553  117.1  13.75   8.235    1.06952    3.70    1.95    3.08
13-07-2024 15:01:11.40   21.65   0.318  25.921   30.556  117.0  13.74   8.234    1.07174    4.13    2.19    2.68
13-07-2024 15:01:11.64   21.71   0.309  25.924   30.569  116.8  13.72   8.232    1.05102    4.13    2.19    2.68
13-07-2024 15:01:11.89   21.75   0.304  25.925   30.575  116.6  13.69   8.231    1.04658    3.83    2.35    2.73
13-07-2024 15:01:12.14   21.82   0.304  25.930   30.581  116.4  13.67   8.230    1.03029    3.67    2.10    3.17
13-07-2024 15:01:12.38   21.87   0.306  25.935   30.586  116.2  13.64   8.228    1.05324    3.55    2.11    3.26
13-07-2024 15:01:12.62   21.92   0.303  25.939   30.593  116.0  13.62   8.227    1.04213    3.38    2.84    3.04
13-07-2024 15:01:12.87   21.94   0.302  25.944   30.600  115.8  13.60   8.226    1.02215    3.79    2.04    2.89
13-07-2024 15:01:13.11   22.01   0.305  25.949   30.605  115.6  13.58   8.226    1.01031    3.60    1.85    3.27
13-07-2024 15:01:13.36   22.08   0.308  25.958   30.613  115.4  13.55   8.225    1.01031    3.60    1.85    3.27
13-07-2024 15:01:13.61   22.12   0.309  25.958   30.613  115.3  13.54   8.224    1.02437    3.31    2.45    2.83
13-07-2024 15:01:13.86   22.16   0.312  25.965   30.618  115.2  13.52   8.223    1.00513    3.42    2.45    3.16
13-07-2024 15:01:14.10   22.17   0.319  25.970   30.618  114.9  13.49   8.222    0.99476    3.25    2.03    3.19
13-07-2024 15:01:14.35   22.20   0.321  25.971   30.617  114.8  13.47   8.222    1.01475    3.85    2.67    3.07
13-07-2024 15:01:14.59   22.22   0.322  25.971   30.617  114.6  13.45   8.221    1.00957    3.82    2.37    3.12
13-07-2024 15:01:14.84   22.26   0.322  25.973   30.619  114.4  13.42   8.221    0.99624    3.49    2.24    3.03
13-07-2024 15:01:15.08   22.30   0.323  25.977   30.623  114.2  13.40   8.220    0.98366    3.49    2.24    3.03
13-07-2024 15:01:15.33   22.34   0.325  25.984   30.630  114.0  13.38   8.220    0.99847    3.94    2.43    3.17
13-07-2024 15:01:15.57   22.37   0.326  25.986   30.631  113.9  13.36   8.219    0.98440    3.10    2.72    3.29
13-07-2024 15:01:15.82   22.39   0.329  25.988   30.631  113.7  13.34   8.219    0.97404    3.55    2.23    3.48
13-07-2024 15:01:16.06   22.44   0.332  25.993   30.635  113.6  13.32   8.219    0.99773    3.38    2.06    2.90
13-07-2024 15:01:16.31   22.42   0.333  25.998   30.639  113.4  13.30   8.219    0.97922    3.44    2.26    2.73
13-07-2024 15:01:16.55   22.48   0.337  26.004   30.645  113.2  13.28   8.218    0.96664    2.94    2.10    3.48
13-07-2024 15:01:16.80   22.53   0.338  26.003   30.642  113.0  13.26   8.218    0.96294    2.94    2.10    3.48
13-07-2024 15:01:17.05   22.54   0.340  26.005   30.642  112.8  13.23   8.218    0.97182    3.53    2.26    3.06
13-07-2024 15:01:17.30   22.58   0.344  26.005   30.639  112.6  13.21   8.218    0.97404    3.58    2.13    3.15
13-07-2024 15:01:17.55   22.61   0.343  26.007   30.641  112.5  13.20   8.218    0.97182    3.15    2.35    3.08
13-07-2024 15:01:17.79   22.64   0.344  26.012   30.646  112.3  13.17   8.218    0.97108    3.18    1.86    3.15
13-07-2024 15:01:18.04   22.67   0.347  26.012   30.644  112.2  13.16   8.218    0.95184    3.49    2.01    2.78
13-07-2024 15:01:18.28   22.73   0.348  26.019   30.652  112.1  13.15   8.218    0.93925    3.42    2.35    2.87
13-07-2024 15:01:18.53   22.75   0.352  26.022   30.653  112.0  13.13   8.217    0.94814    3.42    2.35    2.87
13-07-2024 15:01:18.77   22.77   0.354  26.026   30.656  111.9  13.12   8.217    0.95998    3.08    2.47    3.38
13-07-2024 15:01:19.02   22.84   0.356  26.029   30.657  111.9  13.11   8.217    0.93999    3.36    2.71    3.48
13-07-2024 15:01:19.26   22.87   0.358  26.030   30.657  111.7  13.09   8.217    0.92889    3.36    2.12    3.05
13-07-2024 15:01:19.51   22.89   0.358  26.033   30.661  111.6  13.08   8.217    0.93925    3.39    2.28    3.28
13-07-2024 15:01:19.75   22.97   0.358  26.033   30.660  111.5  13.07   8.218    0.92815    3.45    2.10    3.11
13-07-2024 15:01:20.00   22.99   0.359  26.036   30.664  111.4  13.06   8.218    0.91927    3.36    2.32    3.26
13-07-2024 15:01:20.25   23.01   0.359  26.041   30.670  111.3  13.04   8.217    0.92371    3.36    2.32    3.26
13-07-2024 15:01:20.49   23.10   0.360  26.042   30.670  111.2  13.04   8.218    0.91187    3.04    2.18    3.35
13-07-2024 15:01:20.74   23.14   0.361  26.049   30.679  111.1  13.02   8.218    0.91113    3.42    2.29    3.13
13-07-2024 15:01:20.99   23.17   0.362  26.052   30.681  110.9  13.00   8.218    0.89262    3.33    2.34    3.20
13-07-2024 15:01:21.23   23.21   0.363  26.058   30.687  110.9  12.99   8.218    0.90743    3.20    2.35    3.17
13-07-2024 15:01:21.48   23.29   0.366  26.066   30.695  110.8  12.99   8.218    0.87856    3.17    2.29    3.02
13-07-2024 15:01:21.73   23.33   0.371  26.071   30.697  110.7  12.97   8.218    0.89040    4.28    2.09    2.68
13-07-2024 15:01:21.97   23.39   0.375  26.078   30.702  110.6  12.96   8.218    0.89040    4.28    2.09    2.68
13-07-2024 15:01:22.22   23.42   0.378  26.082   30.704  110.6  12.95   8.218    0.86894    3.11    2.27    2.98
13-07-2024 15:01:22.46   23.51   0.380  26.088   30.710  110.5  12.94   8.218    0.87042    3.13    2.04    2.93
13-07-2024 15:01:22.71   23.55   0.383  26.095   30.716  110.5  12.93   8.218    0.86894    3.51    2.09    3.11
13-07-2024 15:01:22.95   23.61   0.387  26.104   30.722  110.4  12.92   8.218    0.87782    3.15    2.38    3.04
13-07-2024 15:01:23.20   23.67   0.393  26.110   30.725  110.3  12.91   8.219    0.86302    3.36    1.91    2.88
13-07-2024 15:01:23.44   23.72   0.398  26.116   30.727  110.2  12.89   8.219    0.85192    3.24    2.36    2.97
13-07-2024 15:01:23.68   23.76   0.401  26.124   30.734  110.1  12.89   8.219    0.86302    3.24    2.36    2.97
13-07-2024 15:01:23.93   23.83   0.404  26.125   30.734  110.0  12.88   8.219    0.83637    3.42    2.24    3.32
13-07-2024 15:01:24.18   23.92   0.404  26.124   30.732  110.0  12.87   8.219    0.84895    3.46    2.24    3.04
13-07-2024 15:01:24.43   23.94   0.400  26.127   30.740  110.0  12.88   8.220    0.84155    3.17    2.36    3.05
13-07-2024 15:01:24.67   24.02   0.398  26.133   30.749  109.9  12.87   8.220    0.82823    3.12    2.28    3.32
13-07-2024 15:01:24.92   24.08   0.399  26.133   30.749  109.9  12.86   8.220    0.84451    3.26    1.85    3.24
13-07-2024 15:01:25.17   24.14   0.400  26.137   30.753  109.8  12.85   8.221    0.82305    3.16    2.11    3.15
13-07-2024 15:01:25.41   24.20   0.400  26.136   30.752  109.8  12.84   8.221    0.81491    3.16    2.11    3.15
13-07-2024 15:01:25.66   24.28   0.401  26.137   30.752  109.6  12.83   8.221    0.82157    3.61    2.43    2.90
13-07-2024 15:01:25.90   24.34   0.401  26.140   30.755  109.6  12.82   8.221    0.79936    3.06    2.24    3.08
13-07-2024 15:01:26.15   24.33   0.402  26.138   30.752  109.5  12.81   8.221    0.79936    3.22    2.33    3.27
13-07-2024 15:01:26.39   24.44   0.402  26.143   30.758  109.4  12.81   8.221    0.79196    3.14    2.03    3.48
13-07-2024 15:01:26.64   24.48   0.405  26.149   30.762  109.4  12.80   8.222    0.78826    2.78    2.57    3.12
13-07-2024 15:01:26.88   24.55   0.407  26.152   30.765  109.4  12.80   8.222    0.79640    3.21    2.72    3.33
13-07-2024 15:01:27.13   24.61   0.410  26.156   30.766  109.3  12.79   8.222    0.79344    3.21    2.72    3.33
13-07-2024 15:01:27.37   24.66   0.410  26.157   30.767  109.4  12.79   8.222    0.77494    3.07    2.31    2.92
13-07-2024 15:01:27.62   24.71   0.409  26.157   30.769  109.3  12.78   8.222    0.76680    3.12    2.38    3.76
13-07-2024 15:01:27.86   24.77   0.406  26.155   30.769  109.2  12.78   8.223    0.75792    3.20    2.40    3.42
13-07-2024 15:01:28.12   24.86   0.406  26.156   30.771  109.2  12.78   8.223    0.75422    2.95    2.14    3.23
13-07-2024 15:01:28.36   24.94   0.404  26.155   30.771  109.2  12.77   8.223    0.76680    3.04    2.39    2.96
13-07-2024 15:01:28.61   24.99   0.402  26.155   30.774  109.1  12.77   8.224    0.75570    2.88    2.45    3.00
13-07-2024 15:01:28.85   25.06   0.401  26.157   30.776  109.1  12.77   8.224    0.73645    2.88    2.45    3.00
13-07-2024 15:01:29.10   25.11   0.401  26.162   30.783  109.1  12.77   8.224    0.74903    3.03    2.12    2.84
13-07-2024 15:01:29.35   25.19   0.402  26.162   30.782  109.2  12.77   8.224    0.74237    2.97    2.00    3.08
13-07-2024 15:01:29.59   25.22   0.402  26.166   30.788  109.1  12.77   8.224    0.73275    3.07    2.44    3.04
13-07-2024 15:01:29.84   25.29   0.401  26.166   30.789  109.2  12.77   8.224    0.74015    2.77    2.34    2.94
13-07-2024 15:01:30.08   25.35   0.395  26.150   30.774  109.1  12.77   8.225    0.71869    2.99    2.62    2.97
13-07-2024 15:01:30.33   25.41   0.378  26.143   30.782  109.0  12.76   8.225    0.74015    2.88    2.42    2.81
13-07-2024 15:01:30.57   25.47   0.365  26.137   30.786  109.0  12.76   8.225    0.71203    2.88    2.42    2.81
13-07-2024 15:01:30.82   25.53   0.359  26.132   30.787  108.9  12.76   8.226    0.71351    3.10    2.50    2.98
13-07-2024 15:01:31.06   25.58   0.352  26.133   30.794  108.9  12.76   8.226    0.72091    2.98    2.13    3.29
13-07-2024 15:01:31.31   25.61   0.346  26.132   30.798  109.0  12.77   8.226    0.70462    2.98    2.47    3.13
13-07-2024 15:01:31.55   25.70   0.343  26.135   30.805  109.0  12.76   8.226    0.69130    3.09    2.25    3.25
13-07-2024 15:01:31.80   25.75   0.336  26.137   30.815  108.9  12.76   8.227    0.68760    3.02    2.23    2.90
13-07-2024 15:01:32.05   25.82   0.331  26.135   30.817  108.8  12.75   8.227    0.69500    3.08    1.89    3.15
13-07-2024 15:01:32.30   25.86   0.327  26.137   30.824  108.8  12.75   8.227    0.68686    3.08    1.89    3.15
13-07-2024 15:01:32.54   25.93   0.325  26.137   30.827  108.8  12.74   8.228    0.67798    3.11    2.25    2.89
13-07-2024 15:01:32.79   25.97   0.324  26.139   30.831  108.7  12.74   8.227    0.67576    3.09    1.84    3.58
13-07-2024 15:01:33.03   26.08   0.320  26.140   30.834  108.8  12.75   8.228    0.67724    2.57    2.64    2.88
13-07-2024 15:01:33.28   26.11   0.319  26.140   30.836  108.7  12.74   8.228    0.66688    3.04    2.33    3.09
13-07-2024 15:01:33.52   26.17   0.319  26.142   30.839  108.8  12.75   8.228    0.66244    3.17    2.02    3.29
13-07-2024 15:01:33.77   26.22   0.317  26.143   30.842  108.7  12.74   8.228    0.66466    2.86    2.37    2.91
13-07-2024 15:01:34.02   26.29   0.315  26.147   30.849  108.7  12.74   8.228    0.66170    2.86    2.37    2.91
13-07-2024 15:01:34.26   26.35   0.317  26.160   30.865  108.7  12.74   8.229    0.66466    2.92    2.79    2.99
13-07-2024 15:01:34.50   26.40   0.327  26.180   30.881  108.7  12.73   8.228    0.66022    2.89    2.55    3.17
13-07-2024 15:01:34.75   26.46   0.339  26.196   30.889  108.7  12.73   8.229    0.64023    2.31    2.39    2.97
13-07-2024 15:01:34.99   26.52   0.350  26.208   30.893  108.7  12.72   8.229    0.64689    2.86    2.28    2.90
13-07-2024 15:01:35.24   26.60   0.361  26.217   30.893  108.7  12.72   8.229    0.64615    3.67    2.11    3.03
13-07-2024 15:01:35.49   26.64   0.367  26.228   30.902  108.7  12.72   8.229    0.65133    2.83    2.39    3.11
13-07-2024 15:01:35.73   26.71   0.374  26.236   30.905  108.7  12.72   8.229    0.63801    2.83    2.39    3.11
13-07-2024 15:01:35.99   26.76   0.380  26.241   30.905  108.7  12.71   8.229    0.62987    2.74    2.47    3.10
13-07-2024 15:01:36.23   26.83   0.383  26.243   30.905  108.8  12.72   8.229    0.64023    2.92    2.53    3.29
13-07-2024 15:01:36.48   26.90   0.385  26.247   30.908  108.8  12.72   8.229    0.61803    2.88    2.61    2.96
13-07-2024 15:01:36.72   26.94   0.389  26.251   30.910  108.8  12.72   8.229    0.63061    2.77    2.13    3.21
13-07-2024 15:01:36.97   26.99   0.390  26.254   30.913  108.8  12.72   8.229    0.62173    2.71    1.81    3.05
13-07-2024 15:01:37.21   27.07   0.389  26.256   30.916  108.9  12.73   8.229    0.61729    2.70    2.39    3.33
13-07-2024 15:01:37.46   27.13   0.386  26.252   30.914  108.9  12.74   8.230    0.61877    2.70    2.39    3.33
13-07-2024 15:01:37.70   27.20   0.378  26.249   30.917  108.9  12.74   8.230    0.60841    2.98    2.00    3.13
13-07-2024 15:01:37.95   27.26   0.366  26.240   30.919  109.0  12.75   8.231    0.59064    3.02    2.31    3.14
13-07-2024 15:01:38.19   27.32   0.346  26.236   30.933  109.0  12.76   8.231    0.60989    2.50    2.02    3.10
13-07-2024 15:01:38.44   27.36   0.326  26.228   30.943  109.0  12.77   8.232    0.59952    2.88    2.26    3.68
13-07-2024 15:01:38.68   27.43   0.311  26.230   30.961  109.1  12.78   8.232    0.59138    2.76    2.21    3.41
13-07-2024 15:01:38.93   27.47   0.302  26.240   30.982  109.1  12.78   8.233    0.57954    2.76    2.21    3.41
13-07-2024 15:01:39.18   27.56   0.298  26.241   30.988  109.1  12.78   8.233    0.58028    2.71    2.34    2.71
13-07-2024 15:01:39.42   27.61   0.292  26.241   30.994  109.1  12.78   8.234    0.57436    2.75    2.34    3.19
13-07-2024 15:01:39.67   27.66   0.284  26.234   30.993  109.1  12.79   8.235    0.56474    2.82    2.15    3.08
13-07-2024 15:01:39.92   27.75   0.272  26.218   30.984  109.2  12.80   8.235    0.58398    2.39    2.23    2.80
13-07-2024 15:01:40.16   27.77   0.245  26.202   30.991  109.2  12.81   8.236    0.58620    2.60    2.24    3.00
13-07-2024 15:01:40.41   27.85   0.213  26.178   30.992  109.3  12.83   8.237    0.57140    2.76    2.27    2.96
13-07-2024 15:01:40.65   27.88   0.172  26.160   31.008  109.3  12.85   8.238    0.56918    2.76    2.27    2.96
13-07-2024 15:01:40.90   27.96   0.141  26.124   30.994  109.3  12.86   8.239    0.55511    2.55    2.19    3.09
13-07-2024 15:01:41.14   28.02   0.107  26.091   30.985  109.3  12.87   8.239    0.57362    2.55    2.29    3.20
13-07-2024 15:01:41.39   28.10   0.065  26.055   30.980  109.3  12.88   8.240    0.56252    2.41    2.17    3.04
13-07-2024 15:01:41.63   28.16  -0.015  25.999   30.989  109.3  12.91   8.242    0.57658    2.46    2.55    3.17
13-07-2024 15:01:41.88   28.21  -0.063  25.950   30.973  109.3  12.93   8.243    0.55289    2.36    2.21    3.18
13-07-2024 15:01:42.12   28.27  -0.083  25.958   31.003  109.3  12.93   8.243    0.55141    2.87    2.17    2.93
13-07-2024 15:01:42.37   28.34  -0.128  25.969   31.063  109.4  12.95   8.244    0.53957    2.87    2.17    2.93
13-07-2024 15:01:42.61   28.39  -0.147  25.977   31.093  109.4  12.96   8.244    0.53661    2.49    1.93    3.06
13-07-2024 15:01:42.87   28.46  -0.153  25.992   31.120  109.5  12.97   8.244    0.54475    2.57    2.25    3.06
13-07-2024 15:01:43.11   28.51  -0.149  26.009   31.137  109.5  12.97   8.244    0.54475    2.53    2.31    3.16
13-07-2024 15:01:43.36   28.56  -0.140  26.028   31.154  109.5  12.97   8.244    0.52403    2.78    2.42    3.14
13-07-2024 15:01:43.60   28.65  -0.128  26.033   31.147  109.5  12.96   8.244    0.52181    2.43    1.83    3.52
13-07-2024 15:01:43.85   28.70  -0.123  26.033   31.142  109.5  12.96   8.244    0.53439    2.99    2.21    3.07
13-07-2024 15:01:44.09   28.76  -0.114  26.040   31.143  109.6  12.96   8.244    0.51737    2.99    2.21    3.07
13-07-2024 15:01:44.34   28.81  -0.105  26.051   31.148  109.5  12.96   8.244    0.52625    2.86    2.03    3.28
13-07-2024 15:01:44.59   28.88  -0.095  26.060   31.150  109.6  12.95   8.244    0.54253    2.53    2.32    3.17
13-07-2024 15:01:44.83   28.92  -0.083  26.064   31.143  109.6  12.96   8.244    0.51293    2.32    1.85    3.07
13-07-2024 15:01:45.08   29.01  -0.078  26.069   31.144  109.6  12.96   8.244    0.50700    2.37    2.74    2.93
13-07-2024 15:01:45.32   29.03  -0.075  26.072   31.144  109.7  12.96   8.244    0.51737    2.53    2.38    2.93
13-07-2024 15:01:45.57   29.12  -0.072  26.074   31.143  109.7  12.97   8.244    0.49294    2.59    2.33    3.13
13-07-2024 15:01:45.81   29.19  -0.068  26.078   31.145  109.7  12.97   8.244    0.50330    2.59    2.33    3.13
13-07-2024 15:01:46.06   29.23  -0.065  26.082   31.147  109.8  12.97   8.244    0.49146    2.31    2.51    3.03
13-07-2024 15:01:46.30   29.27  -0.064  26.079   31.143  109.8  12.98   8.244    0.50330    2.56    1.76    3.13
13-07-2024 15:01:46.55   29.34  -0.064  26.081   31.145  109.9  12.98   8.245    0.49516    2.68    2.24    2.80
13-07-2024 15:01:46.80   29.43  -0.064  26.087   31.152  109.9  12.99   8.245    0.49960    2.66    1.76    3.03
13-07-2024 15:01:47.05   29.46  -0.058  26.101   31.166  110.0  12.99   8.245    0.48850    2.34    2.16    2.69
13-07-2024 15:01:47.29   29.54  -0.045  26.127   31.186  110.0  12.99   8.245    0.48036    2.27    2.35    3.01
13-07-2024 15:01:47.54   29.60  -0.029  26.149   31.198  110.1  12.99   8.244    0.47296    2.27    2.35    3.01
13-07-2024 15:01:47.78   29.65   0.011  26.190   31.210  110.1  12.98   8.244    0.48406    2.36    2.65    3.38
13-07-2024 15:01:48.03   29.71   0.044  26.241   31.244  110.1  12.97   8.243    0.48924    2.63    2.00    2.86
13-07-2024 15:01:48.27   29.76   0.080  26.270   31.246  110.2  12.96   8.243    0.48554    2.50    1.98    3.09
13-07-2024 15:01:48.52   29.82   0.109  26.291   31.243  110.2  12.95   8.243    0.47814    2.67    1.81    3.09
13-07-2024 15:01:48.76   29.90   0.126  26.307   31.247  110.3  12.96   8.242    0.46704    2.20    2.96    2.94
13-07-2024 15:01:49.01   29.98   0.142  26.308   31.232  110.4  12.96   8.242    0.46408    2.48    2.39    2.98
13-07-2024 15:01:49.27   30.03   0.158  26.311   31.220  110.4  12.96   8.242    0.47148    2.92    2.30    3.12
13-07-2024 15:01:49.50   30.07   0.167  26.326   31.230  110.4  12.96   8.242    0.46926    2.92    2.30    3.12
13-07-2024 15:01:49.74   30.12   0.182  26.339   31.231  110.4  12.95   8.242    0.46482    2.30    2.52    2.77
13-07-2024 15:01:49.99   30.21   0.196  26.344   31.223  110.4  12.95   8.242    0.46630    2.45    2.38    2.91
13-07-2024 15:01:50.24   30.26   0.207  26.349   31.220  110.5  12.96   8.242    0.45667    2.38    2.60    3.06
13-07-2024 15:01:50.48   30.31   0.216  26.351   31.213  110.5  12.95   8.242    0.45593    2.55    2.09    3.44
13-07-2024 15:01:50.74   30.38   0.224  26.354   31.208  110.5  12.95   8.242    0.46185    2.49    2.21    3.04
13-07-2024 15:01:50.98   30.42   0.227  26.355   31.207  110.5  12.96   8.242    0.45371    2.49    2.21    3.04
13-07-2024 15:01:51.23   30.50   0.229  26.357   31.208  110.6  12.96   8.243    0.46334    2.64    1.85    3.49
13-07-2024 15:01:51.47   30.54   0.231  26.358   31.206  110.6  12.96   8.242    0.45297    2.53    2.21    3.07
13-07-2024 15:01:51.72   30.62   0.231  26.359   31.208  110.6  12.96   8.243    0.44335    2.39    2.28    3.27
13-07-2024 15:01:51.96   30.66   0.232  26.361   31.209  110.6  12.96   8.243    0.44113    2.59    2.63    3.20
13-07-2024 15:01:52.21   30.75   0.231  26.360   31.208  110.6  12.96   8.243    0.44557    2.68    2.03    3.46
13-07-2024 15:01:52.45   30.78   0.231  26.360   31.208  110.6  12.96   8.243    0.43595    2.82    2.35    3.05
13-07-2024 15:01:52.70   30.86   0.231  26.360   31.209  110.6  12.96   8.244    0.43595    2.82    2.35    3.05
13-07-2024 15:01:52.94   30.91   0.229  26.359   31.209  110.6  12.96   8.244    0.43817    2.83    2.26    2.97
13-07-2024 15:01:53.19   30.94   0.225  26.359   31.214  110.7  12.97   8.244    0.44261    2.78    2.08    3.27
13-07-2024 15:01:53.43   31.02   0.220  26.359   31.218  110.7  12.97   8.244    0.43595    2.32    2.38    3.21
13-07-2024 15:01:53.68   31.09   0.217  26.358   31.219  110.7  12.97   8.244    0.45149    2.25    2.29    2.65
13-07-2024 15:01:53.93   31.13   0.215  26.358   31.221  110.7  12.97   8.244    0.43595    2.29    2.45    2.88
13-07-2024 15:01:54.17   31.21   0.213  26.361   31.228  110.6  12.97   8.245    0.41671    2.71    1.50    3.04
13-07-2024 15:01:54.42   31.29   0.210  26.362   31.232  110.6  12.97   8.245    0.43965    2.71    1.50    3.04
13-07-2024 15:01:54.67   31.32   0.207  26.362   31.235  110.6  12.97   8.245    0.42707    2.27    2.07    3.25
13-07-2024 15:01:54.91   31.37   0.204  26.362   31.238  110.6  12.96   8.245    0.42337    2.47    2.35    2.97
13-07-2024 15:01:55.16   31.43   0.203  26.362   31.240  110.6  12.97   8.245    0.42633    2.78    1.67    3.14
13-07-2024 15:01:55.40   31.49   0.200  26.363   31.243  110.6  12.97   8.245    0.42115    2.53    2.40    3.29
13-07-2024 15:01:55.65   31.53   0.199  26.365   31.246  110.6  12.96   8.245    0.42115    2.55    1.91    2.95
13-07-2024 15:01:55.89   31.63   0.199  26.364   31.246  110.6  12.96   8.246    0.43299    2.15    2.34    3.33
13-07-2024 15:01:56.14   31.67   0.199  26.364   31.246  110.5  12.96   8.245    0.41449    2.15    2.34    3.33
13-07-2024 15:01:56.38   31.74   0.197  26.362   31.245  110.5  12.95   8.246    0.39598    2.30    2.78    2.96
13-07-2024 15:01:56.63   31.80   0.195  26.364   31.250  110.5  12.96   8.246    0.40560    2.33    2.31    3.12
13-07-2024 15:01:56.87   31.87   0.194  26.366   31.253  110.5  12.96   8.246    0.41078    2.71    2.42    2.81
13-07-2024 15:01:57.12   31.91   0.192  26.367   31.256  110.5  12.96   8.246    0.40412    2.52    2.26    3.11
13-07-2024 15:01:57.36   31.97   0.190  26.367   31.259  110.4  12.95   8.246    0.39154    2.43    2.49    3.29
13-07-2024 15:01:57.62   31.99   0.189  26.366   31.258  110.4  12.95   8.246    0.40264    2.51    2.22    3.04
13-07-2024 15:01:57.86   32.08   0.188  26.368   31.262  110.4  12.95   8.246    0.38858    2.51    2.22    3.04
13-07-2024 15:01:58.11   32.15   0.188  26.368   31.262  110.4  12.95   8.246    0.39450    2.41    1.76    3.24
13-07-2024 15:01:58.36   32.20   0.188  26.368   31.262  110.4  12.94   8.246    0.38192    3.12    2.15    3.12
13-07-2024 15:01:58.60   32.28   0.187  26.369   31.264  110.4  12.95   8.247    0.39376    2.64    2.38    2.81
13-07-2024 15:01:58.85   32.31   0.185  26.368   31.265  110.4  12.95   8.247    0.38562    2.76    2.53    3.15
13-07-2024 15:01:59.09   32.41   0.184  26.368   31.266  110.4  12.94   8.247    0.38414    2.39    2.56    2.92
13-07-2024 15:01:59.34   32.43   0.183  26.367   31.266  110.4  12.95   8.247    0.39746    2.47    2.36    3.35
13-07-2024 15:01:59.58   32.51   0.181  26.368   31.269  110.4  12.94   8.247    0.37600    2.47    2.36    3.35
13-07-2024 15:01:59.83   32.58   0.181  26.367   31.267  110.4  12.95   8.247    0.36860    2.50    2.08    3.05
13-07-2024 15:02:00.07   32.63   0.178  26.364   31.267  110.3  12.94   8.247    0.38562    2.00    2.88    3.23
13-07-2024 15:02:00.32   32.69   0.175  26.364   31.270  110.3  12.94   8.247    0.38562    2.54    2.81    2.86
13-07-2024 15:02:00.56   32.72   0.175  26.367   31.274  110.3  12.94   8.247    0.37304    2.84    2.46    3.08
13-07-2024 15:02:00.81   32.79   0.173  26.367   31.276  110.3  12.94   8.247    0.38266    2.36    2.28    3.12
13-07-2024 15:02:01.05   32.85   0.171  26.368   31.278  110.2  12.93   8.248    0.36638    2.16    2.09    2.87
13-07-2024 15:02:01.30   32.93   0.170  26.368   31.280  110.2  12.93   8.248    0.37008    2.16    2.09    2.87
13-07-2024 15:02:01.55   32.97   0.169  26.369   31.281  110.2  12.93   8.248    0.36934    2.35    2.11    2.86
13-07-2024 15:02:01.80   33.02   0.169  26.368   31.281  110.2  12.92   8.248    0.36341    2.60    2.03    2.82
13-07-2024 15:02:02.04   33.10   0.169  26.370   31.284  110.2  12.93   8.248    0.35601    2.17    2.12    3.03
13-07-2024 15:02:02.29   33.16   0.169  26.369   31.283  110.2  12.92   8.248    0.36267    2.47    2.34    3.01
13-07-2024 15:02:02.53   33.19   0.168  26.368   31.282  110.2  12.93   8.248    0.35305    2.56    2.30    3.10
13-07-2024 15:02:02.78   33.27   0.168  26.369   31.282  110.1  12.92   8.248    0.34565    2.55    2.43    3.21
13-07-2024 15:02:03.02   33.31   0.167  26.367   31.281  110.2  12.92   8.248    0.34269    2.55    2.43    3.21
13-07-2024 15:02:03.27   33.38   0.168  26.366   31.280  110.1  12.92   8.248    0.35823    2.20    2.12    2.80
13-07-2024 15:02:03.51   33.44   0.166  26.363   31.277  110.1  12.92   8.248    0.35675    2.16    2.44    2.92
13-07-2024 15:02:03.76   33.50   0.164  26.365   31.282  110.1  12.92   8.248    0.35157    2.12    2.56    3.11
13-07-2024 15:02:04.00   33.55   0.162  26.364   31.282  110.1  12.92   8.248    0.35749    2.38    2.01    3.40
13-07-2024 15:02:04.25   33.65   0.162  26.364   31.283  110.1  12.92   8.249    0.35527    2.62    2.19    3.19
13-07-2024 15:02:04.49   33.68   0.160  26.364   31.284  110.1  12.92   8.249    0.36712    2.47    2.29    2.94
13-07-2024 15:02:04.74   33.72   0.160  26.364   31.285  110.2  12.92   8.249    0.35157    2.47    2.29    2.94
13-07-2024 15:02:04.99   33.83   0.160  26.365   31.285  110.2  12.93   8.249    0.34195    2.38    2.11    3.35
13-07-2024 15:02:05.24   33.86   0.159  26.365   31.287  110.1  12.92   8.249    0.35231    2.51    2.42    3.27
13-07-2024 15:02:05.49   33.91   0.157  26.365   31.288  110.1  12.92   8.249    0.34343    2.16    2.28    3.01
13-07-2024 15:02:05.73   33.97   0.156  26.365   31.289  110.1  12.92   8.249    0.34121    2.47    2.29    2.96
13-07-2024 15:02:05.98   34.01   0.153  26.363   31.290  110.1  12.92   8.249    0.33677    2.40    2.46    2.86
13-07-2024 15:02:06.22   34.09   0.151  26.364   31.292  110.1  12.92   8.249    0.34269    2.21    2.09    2.84
13-07-2024 15:02:06.47   34.12   0.150  26.364   31.294  110.0  12.91   8.249    0.34491    2.21    2.09    2.84
13-07-2024 15:02:06.71   34.22   0.150  26.362   31.292  110.0  12.91   8.249    0.34121    2.15    2.34    2.97
13-07-2024 15:02:06.96   34.26   0.147  26.358   31.290  110.0  12.91   8.249    0.33085    2.45    2.18    3.03
13-07-2024 15:02:07.21   34.33   0.145  26.358   31.292  110.0  12.91   8.250    0.32123    2.74    2.28    2.92
13-07-2024 15:02:07.45   34.37   0.143  26.359   31.296  110.0  12.91   8.250    0.33085    2.60    2.41    3.27
13-07-2024 15:02:07.69   34.42   0.142  26.362   31.300  109.9  12.90   8.250    0.33899    2.51    2.16    3.13
13-07-2024 15:02:07.94   34.49   0.138  26.360   31.301  109.9  12.91   8.250    0.34861    2.12    1.93    3.17
13-07-2024 15:02:08.18   34.54   0.135  26.358   31.302  109.9  12.91   8.250    0.34195    2.12    1.93    3.17
13-07-2024 15:02:08.43   34.60   0.133  26.359   31.305  109.9  12.90   8.250    0.31382    2.62    2.17    3.04
13-07-2024 15:02:08.68   34.67   0.131  26.357   31.305  109.9  12.90   8.250    0.31975    2.24    2.17    3.09
13-07-2024 15:02:08.92   34.73   0.128  26.358   31.309  109.9  12.91   8.250    0.32937    2.48    1.79    3.05
13-07-2024 15:02:09.17   34.80   0.126  26.358   31.311  109.9  12.90   8.250    0.32641    2.17    1.97    3.02
13-07-2024 15:02:09.42   34.86   0.125  26.358   31.312  109.8  12.90   8.250    0.31604    2.49    2.54    2.88
13-07-2024 15:02:09.66   34.89   0.123  26.359   31.314  109.8  12.89   8.250    0.31975    2.46    2.06    3.13
13-07-2024 15:02:09.91   34.95   0.122  26.362   31.320  109.8  12.89   8.250    0.31086    2.46    2.06    3.13
13-07-2024 15:02:10.15   35.04   0.121  26.361   31.319  109.8  12.89   8.251    0.31308    2.59    2.34    3.26
13-07-2024 15:02:10.40   35.07   0.121  26.362   31.321  109.7  12.88   8.250    0.31753    2.34    2.03    3.07
13-07-2024 15:02:10.64   35.15   0.121  26.365   31.325  109.7  12.88   8.251    0.31975    2.17    2.31    3.37
13-07-2024 15:02:10.89   35.17   0.121  26.368   31.329  109.7  12.88   8.250    0.29606    2.52    2.10    3.09
13-07-2024 15:02:11.13   35.26   0.121  26.369   31.329  109.7  12.88   8.251    0.31234    2.09    2.16    2.89
13-07-2024 15:02:11.38   35.32   0.122  26.367   31.326  109.7  12.88   8.251    0.33381    2.47    2.05    3.19
13-07-2024 15:02:11.62   35.40   0.122  26.368   31.327  109.6  12.87   8.251    0.32641    2.47    2.05    3.19
13-07-2024 15:02:11.87   35.43   0.123  26.369   31.329  109.7  12.88   8.251    0.30938    2.49    2.18    2.69
13-07-2024 15:02:12.12   35.52   0.123  26.370   31.329  109.7  12.88   8.251    0.28570    2.44    1.95    3.32
13-07-2024 15:02:12.37   35.58   0.123  26.370   31.330  109.7  12.88   8.251    0.28644    2.47    2.20    3.05
13-07-2024 15:02:12.61   35.61   0.124  26.371   31.330  109.6  12.87   8.251    0.29754    2.37    2.60    3.05
13-07-2024 15:02:12.86   35.70   0.123  26.370   31.328  109.6  12.86   8.251    0.30642    2.06    2.33    3.18
13-07-2024 15:02:13.11   35.76   0.122  26.371   31.330  109.6  12.87   8.251    0.30642    2.45    2.23    3.12
13-07-2024 15:02:13.35   35.81   0.122  26.370   31.331  109.5  12.86   8.251    0.30050    2.45    2.23    3.12
13-07-2024 15:02:13.60   35.90   0.121  26.372   31.333  109.5  12.86   8.251    0.27312    2.75    1.78    3.51
13-07-2024 15:02:13.84   35.96   0.121  26.372   31.333  109.5  12.86   8.251    0.31308    2.36    2.35    2.77
13-07-2024 15:02:14.09   36.00   0.120  26.372   31.334  109.5  12.86   8.251    0.29088    2.23    2.09    3.04
13-07-2024 15:02:14.33   36.05   0.120  26.371   31.334  109.5  12.85   8.251    0.28792    2.55    2.31    3.12
13-07-2024 15:02:14.58   36.13   0.120  26.372   31.334  109.5  12.85   8.252    0.28644    2.19    2.57    3.03
13-07-2024 15:02:14.82   36.19   0.120  26.372   31.334  109.5  12.86   8.252    0.28570    2.34    2.03    2.96
13-07-2024 15:02:15.07   36.24   0.121  26.373   31.334  109.5  12.85   8.252    0.29162    2.34    2.03    2.96
13-07-2024 15:02:15.31   36.29   0.121  26.374   31.336  109.5  12.85   8.252    0.27608    2.72    2.28    2.96
13-07-2024 15:02:15.56   36.37   0.120  26.374   31.336  109.4  12.85   8.252    0.27608    2.41    2.53    2.82
13-07-2024 15:02:15.80   36.43   0.120  26.374   31.337  109.4  12.84   8.252    0.27756    2.44    2.46    3.24
13-07-2024 15:02:16.05   36.46   0.119  26.374   31.338  109.4  12.84   8.252    0.28940    2.36    1.88    2.94
13-07-2024 15:02:16.30   36.55   0.119  26.374   31.338  109.4  12.84   8.252    0.27460    2.37    2.49    3.17
13-07-2024 15:02:16.55   36.58   0.118  26.376   31.341  109.4  12.84   8.252    0.28200    2.51    2.58    2.62
13-07-2024 15:02:16.79   36.64   0.118  26.375   31.339  109.3  12.84   8.252    0.25683    2.51    2.58    2.62
13-07-2024 15:02:17.04   36.71   0.119  26.375   31.339  109.3  12.84   8.253    0.27904    2.04    2.16    2.96
13-07-2024 15:02:17.29   36.76   0.119  26.374   31.339  109.3  12.84   8.252    0.26645    2.36    2.29    2.97
13-07-2024 15:02:17.53   36.84   0.118  26.374   31.339  109.3  12.84   8.253    0.26275    2.45    2.02    3.30
13-07-2024 15:02:17.78   36.89   0.117  26.374   31.339  109.3  12.84   8.253    0.26645    1.93    2.45    3.06
13-07-2024 15:02:18.03   36.96   0.116  26.374   31.340  109.3  12.83   8.253    0.25757    2.45    2.37    2.92
13-07-2024 15:02:18.27   37.03   0.115  26.374   31.341  109.4  12.84   8.253    0.27090    2.44    1.97    3.12
13-07-2024 15:02:18.51   37.08   0.115  26.375   31.342  109.3  12.83   8.253    0.27312    2.44    1.97    3.12
13-07-2024 15:02:18.76   37.14   0.114  26.374   31.342  109.3  12.83   8.253    0.28200    2.03    1.96    2.96
13-07-2024 15:02:19.00   37.19   0.113  26.374   31.343  109.3  12.83   8.253    0.27164    2.22    2.50    3.30
13-07-2024 15:02:19.25   37.25   0.112  26.372   31.342  109.3  12.84   8.253    0.26275    2.42    2.31    3.24
13-07-2024 15:02:19.49   37.32   0.110  26.361   31.329  109.2  12.83   8.253    0.28126    2.65    2.22    3.06
13-07-2024 15:02:19.74   37.36   0.098  26.355   31.334  109.3  12.84   8.253    0.27090    2.12    2.21    2.94
13-07-2024 15:02:19.99   37.45   0.093  26.353   31.337  109.2  12.83   8.253    0.25979    2.12    2.21    2.94
13-07-2024 15:02:20.24   37.51   0.085  26.348   31.338  109.2  12.84   8.254    0.23833    2.62    1.84    3.07
13-07-2024 15:02:20.48   37.56   0.079  26.344   31.338  109.2  12.83   8.254    0.24573    2.18    2.58    3.26
13-07-2024 15:02:20.73   37.64   0.076  26.337   31.332  109.2  12.83   8.254    0.25757    2.19    2.19    2.98
13-07-2024 15:02:20.97   37.66   0.065  26.329   31.334  109.2  12.84   8.254    0.24795    2.36    2.06    3.21
13-07-2024 15:02:21.22   37.73   0.059  26.324   31.333  109.1  12.83   8.254    0.25387    2.29    2.16    2.84
13-07-2024 15:02:21.46   37.79   0.051  26.311   31.324  109.1  12.84   8.254    0.24869    2.59    2.49    2.58
13-07-2024 15:02:21.71   37.83   0.036  26.307   31.335  109.1  12.84   8.254    0.25313    2.59    2.49    2.58
13-07-2024 15:02:21.95   37.90   0.023  26.310   31.352  109.1  12.84   8.255    0.24129    2.29    1.92    3.10
13-07-2024 15:02:22.20   37.96   0.017  26.312   31.359  109.1  12.84   8.255    0.25387    2.08    2.60    2.86
13-07-2024 15:02:22.44   38.06   0.017  26.316   31.366  109.1  12.84   8.255    0.23685    2.21    2.03    2.84
13-07-2024 15:02:22.69   38.10   0.017  26.316   31.365  109.1  12.84   8.255    0.24129    2.06    2.32    3.17
13-07-2024 15:02:22.93   38.12   0.019  26.316   31.364  109.1  12.84   8.254    0.24351    2.41    2.00    2.86
13-07-2024 15:02:23.18   38.19   0.019  26.316   31.363  109.1  12.84   8.255    0.23685    2.51    2.21    3.12
13-07-2024 15:02:23.43   38.27   0.019  26.315   31.362  109.1  12.84   8.254    0.23389    2.51    2.21    3.12
13-07-2024 15:02:23.67   38.34   0.016  26.310   31.359  109.1  12.84   8.255    0.23611    2.40    2.10    3.27
13-07-2024 15:02:23.92   38.40   0.012  26.308   31.360  109.1  12.85   8.255    0.23537    2.38    1.96    3.23
13-07-2024 15:02:24.17   38.44   0.010  26.306   31.359  109.1  12.85   8.255    0.22797    2.53    1.51    3.05
13-07-2024 15:02:24.42   38.53   0.008  26.297   31.349  109.1  12.85   8.255    0.24351    2.63    1.99    3.23
13-07-2024 15:02:24.66   38.58  -0.003  26.294   31.357  109.1  12.86   8.255    0.23093    2.68    2.15    3.06
13-07-2024 15:02:24.91   38.65  -0.009  26.290   31.357  109.2  12.86   8.255    0.24129    2.58    2.37    3.27
13-07-2024 15:02:25.15   38.69  -0.016  26.289   31.363  109.2  12.87   8.255    0.23833    2.58    2.37    3.27
13-07-2024 15:02:25.40   38.71  -0.020  26.284   31.362  109.2  12.87   8.255    0.23093    2.06    2.38    3.27
13-07-2024 15:02:25.64   38.79  -0.025  26.279   31.360  109.3  12.88   8.255    0.23685    2.44    2.20    3.05
13-07-2024 15:02:25.89   38.88  -0.033  26.268   31.353  109.3  12.88   8.255    0.22649    2.54    2.51    2.75
13-07-2024 15:02:26.13   38.90  -0.045  26.254   31.347  109.3  12.89   8.256    0.22797    2.37    1.85    3.07
13-07-2024 15:02:26.38   38.99  -0.061  26.243   31.349  109.3  12.90   8.256    0.23019    2.45    2.84    3.06
13-07-2024 15:02:26.62   39.05  -0.079  26.232   31.353  109.4  12.91   8.256    0.22723    2.77    2.05    3.07
13-07-2024 15:02:26.87   39.12  -0.092  26.214   31.343  109.3  12.91   8.256    0.22205    2.77    2.05    3.07
13-07-2024 15:02:27.12   39.14  -0.110  26.195   31.336  109.3  12.92   8.256    0.21612    2.52    2.16    3.28
13-07-2024 15:02:27.36   39.24  -0.133  26.191   31.355  109.4  12.93   8.257    0.23463    2.56    2.22    2.94
13-07-2024 15:02:27.61   39.27  -0.150  26.192   31.374  109.5  12.94   8.257    0.22427    2.66    2.36    3.22
13-07-2024 15:02:27.86   39.34  -0.159  26.190   31.381  109.5  12.95   8.257    0.22501    2.29    2.01    3.27
13-07-2024 15:02:28.10   39.38  -0.165  26.196   31.394  109.5  12.95   8.256    0.21760    2.55    2.32    3.34
13-07-2024 15:02:28.35   39.48  -0.166  26.205   31.407  109.6  12.96   8.256    0.21538    2.50    2.10    2.91
13-07-2024 15:02:28.59   39.53  -0.163  26.203   31.401  109.5  12.95   8.256    0.22205    2.50    2.10    2.91
13-07-2024 15:02:28.84   39.59  -0.160  26.196   31.389  109.6  12.96   8.256    0.22501    2.46    2.44    2.94
13-07-2024 15:02:29.09   39.63  -0.164  26.188   31.383  109.6  12.96   8.255    0.21909    2.05    1.67    2.85
13-07-2024 15:02:29.33   39.69  -0.172  26.185   31.386  109.6  12.96   8.255    0.22205    2.60    2.89    3.14
13-07-2024 15:02:29.57   39.76  -0.176  26.180   31.384  109.6  12.97   8.255    0.20724    2.24    2.32    2.98
13-07-2024 15:02:29.82   39.80  -0.182  26.180   31.389  109.7  12.97   8.255    0.22353    2.26    2.32    2.91
13-07-2024 15:02:30.06   39.86  -0.189  26.174   31.389  109.6  12.97   8.255    0.21020    2.14    2.32    2.89
13-07-2024 15:02:30.31   39.92  -0.196  26.170   31.391  109.7  12.98   8.255    0.22427    2.14    2.32    2.89
13-07-2024 15:02:30.55   39.98  -0.201  26.167   31.392  109.7  12.99   8.255    0.22797    2.18    2.08    3.29
13-07-2024 15:02:30.81   40.03  -0.205  26.160   31.387  109.7  12.99   8.255    0.19910    2.23    1.88    3.16
13-07-2024 15:02:31.05   40.09  -0.208  26.156   31.386  109.7  12.99   8.255    0.22945    2.20    2.11    3.39
13-07-2024 15:02:31.30   40.15  -0.214  26.154   31.388  109.7  13.00   8.255    0.21464    2.25    2.33    2.92
13-07-2024 15:02:31.54   40.20  -0.220  26.154   31.395  109.8  13.00   8.254    0.20132    2.25    2.28    3.01
13-07-2024 15:02:31.79   40.24  -0.224  26.155   31.400  109.8  13.01   8.254    0.21538    2.04    2.28    2.86
13-07-2024 15:02:32.03   40.32  -0.224  26.158   31.404  109.8  13.01   8.254    0.19540    2.04    2.28    2.86
13-07-2024 15:02:32.28   40.36  -0.223  26.165   31.412  109.9  13.02   8.254    0.20576    2.36    1.98    2.50
13-07-2024 15:02:32.53   40.43  -0.220  26.175   31.423  109.9  13.01   8.254    0.21316    2.35    2.17    3.14
13-07-2024 15:02:32.77   40.47  -0.214  26.187   31.432  109.9  13.01   8.254    0.19762    2.43    2.02    2.96
13-07-2024 15:02:33.02   40.56  -0.204  26.200   31.439  109.9  13.01   8.254    0.18874    2.50    2.27    3.48
13-07-2024 15:02:33.26   40.64  -0.193  26.212   31.443  109.9  13.01   8.253    0.19022    2.32    2.08    2.94
13-07-2024 15:02:33.51   40.67  -0.183  26.227   31.452  110.0  13.01   8.253    0.19836    2.13    2.57    3.21
13-07-2024 15:02:33.75   40.74  -0.173  26.240   31.459  110.0  13.00   8.253    0.20502    2.13    2.57    3.21
13-07-2024 15:02:34.00   40.80  -0.162  26.241   31.450  110.0  13.00   8.253    0.21094    2.34    2.30    3.03
13-07-2024 15:02:34.24   40.84  -0.156  26.239   31.441  109.9  13.00   8.253    0.17912    2.31    2.21    3.03
13-07-2024 15:02:34.49   40.91  -0.149  26.242   31.437  109.9  12.99   8.253    0.19614    2.49    2.39    3.10
13-07-2024 15:02:34.74   40.98  -0.144  26.248   31.440  109.9  12.99   8.253    0.19392    2.24    2.00    3.19
13-07-2024 15:02:34.99   41.04  -0.141  26.252   31.442  109.9  12.99   8.253    0.20132    2.27    2.19    3.17
13-07-2024 15:02:35.23   41.11  -0.140  26.254   31.443  109.9  12.98   8.253    0.19910    2.35    2.43    3.15
13-07-2024 15:02:35.48   41.15  -0.136  26.260   31.447  109.9  12.98   8.253    0.19170    2.35    2.43    3.15
13-07-2024 15:02:35.72   41.19  -0.132  26.264   31.448  109.9  12.98   8.253    0.20206    2.35    2.35    3.21
13-07-2024 15:02:35.97   41.25  -0.128  26.269   31.450  109.9  12.98   8.253    0.20132    2.38    2.11    3.39
13-07-2024 15:02:36.21   41.31  -0.124  26.276   31.455  109.9  12.98   8.253    0.18726    2.39    1.81    3.35
13-07-2024 15:02:36.46   41.39  -0.120  26.281   31.458  109.9  12.98   8.253    0.20206    2.00    1.68    2.95
13-07-2024 15:02:36.70   41.42  -0.116  26.285   31.459  109.9  12.97   8.253    0.18504    2.17    2.11    3.12
13-07-2024 15:02:36.95   41.51  -0.111  26.286   31.455  109.9  12.97   8.253    0.18504    2.40    1.99    2.88
13-07-2024 15:02:37.19   41.56  -0.106  26.289   31.455  109.8  12.96   8.252    0.19466    2.40    1.99    2.88
13-07-2024 15:02:37.44   41.60  -0.103  26.289   31.452  109.8  12.96   8.253    0.18726    2.23    2.58    2.92
13-07-2024 15:02:37.68   41.64  -0.102  26.290   31.452  109.7  12.95   8.253    0.18874    2.12    2.39    3.15
13-07-2024 15:02:37.93   41.71  -0.102  26.289   31.450  109.8  12.96   8.253    0.18800    2.47    2.30    3.06
13-07-2024 15:02:38.18   41.79  -0.101  26.290   31.451  109.7  12.95   8.253    0.20058    2.56    2.54    2.89
13-07-2024 15:02:38.42   41.88  -0.101  26.290   31.450  109.7  12.95   8.253    0.19096    2.42    1.80    3.31
13-07-2024 15:02:38.67   41.90  -0.100  26.292   31.452  109.7  12.94   8.253    0.19466    2.25    2.21    3.12
13-07-2024 15:02:38.92   41.99  -0.099  26.293   31.452  109.7  12.94   8.253    0.19244    2.25    2.21    3.12
13-07-2024 15:02:39.16   42.04  -0.098  26.294   31.453  109.7  12.94   8.253    0.18060    2.31    1.59    3.15
13-07-2024 15:02:39.41   42.09  -0.097  26.296   31.454  109.6  12.94   8.254    0.17690    2.29    2.07    3.38
13-07-2024 15:02:39.65   42.13  -0.095  26.298   31.454  109.6  12.94   8.254    0.18726    2.27    1.87    3.16
13-07-2024 15:02:39.90   42.23  -0.093  26.299   31.454  109.7  12.94   8.254    0.18948    2.66    2.56    2.86
13-07-2024 15:02:40.15   42.27  -0.091  26.301   31.454  109.6  12.93   8.254    0.17542    2.18    2.14    3.01
13-07-2024 15:02:40.39   42.30  -0.090  26.298   31.449  109.6  12.93   8.254    0.17838    2.28    2.36    3.04
13-07-2024 15:02:40.63   42.42  -0.094  26.290   31.443  109.6  12.93   8.254    0.18430    2.28    2.36    3.04
13-07-2024 15:02:40.88   42.47  -0.103  26.277   31.436  109.6  12.94   8.254    0.16653    2.37    2.49    2.92
13-07-2024 15:02:41.12   42.53  -0.117  26.263   31.431  109.6  12.95   8.255    0.19392    2.35    2.48    3.25
13-07-2024 15:02:41.37   42.57  -0.129  26.253   31.430  109.6  12.95   8.255    0.18726    2.33    2.32    3.18
13-07-2024 15:02:41.61   42.66  -0.141  26.246   31.433  109.6  12.95   8.255    0.17912    2.23    2.38    3.12
13-07-2024 15:02:41.87   42.72  -0.151  26.241   31.438  109.6  12.95   8.255    0.16801    2.54    2.25    3.10
13-07-2024 15:02:42.11   42.79  -0.157  26.239   31.440  109.5  12.95   8.255    0.16949    2.25    1.90    3.15
13-07-2024 15:02:42.36   42.84  -0.165  26.230   31.437  109.6  12.95   8.255    0.18060    2.25    1.90    3.15
13-07-2024 15:02:42.61   42.91  -0.177  26.226   31.443  109.6  12.96   8.255    0.18282    2.08    1.81    2.96
13-07-2024 15:02:42.85   42.95  -0.181  26.224   31.445  109.6  12.97   8.255    0.16801    2.44    1.77    3.29
13-07-2024 15:02:43.10   43.03  -0.185  26.224   31.449  109.6  12.96   8.255    0.15913    2.31    2.49    3.15
13-07-2024 15:02:43.34   43.06  -0.187  26.224   31.452  109.5  12.96   8.255    0.17986    2.43    2.67    3.07
13-07-2024 15:02:43.59   43.15  -0.188  26.224   31.453  109.5  12.96   8.255    0.16283    2.56    2.01    3.19
13-07-2024 15:02:43.83   43.20  -0.188  26.226   31.455  109.5  12.95   8.255    0.15247    2.50    2.56    3.02
13-07-2024 15:02:44.08   43.27  -0.189  26.225   31.456  109.5  12.95   8.255    0.16357    2.50    2.56    3.02
13-07-2024 15:02:44.32   43.31  -0.190  26.222   31.453  109.5  12.95   8.255    0.18578    2.28    2.27    2.88
13-07-2024 15:02:44.57   43.41  -0.191  26.222   31.452  109.5  12.95   8.255    0.16801    2.42    2.40    2.94
13-07-2024 15:02:44.81   43.43  -0.193  26.221   31.453  109.5  12.95   8.255    0.16653    2.27    2.65    3.06
13-07-2024 15:02:45.06   43.48  -0.196  26.219   31.454  109.4  12.95   8.255    0.16949    2.60    2.20    3.19
13-07-2024 15:02:45.30   43.60  -0.199  26.218   31.455  109.4  12.95   8.255    0.16579    2.29    2.22    3.14
13-07-2024 15:02:45.55   43.63  -0.199  26.218   31.456  109.4  12.95   8.255    0.16431    2.15    1.94    3.07
13-07-2024 15:02:45.80   43.70  -0.200  26.219   31.458  109.4  12.95   8.255    0.17246    2.15    1.94    3.07
13-07-2024 15:02:46.05   43.75  -0.201  26.218   31.458  109.4  12.95   8.255    0.14951    2.31    1.93    2.74
13-07-2024 15:02:46.29   43.86  -0.201  26.219   31.459  109.4  12.94   8.254    0.16431    2.48    2.48    3.02
13-07-2024 15:02:46.54   43.87  -0.202  26.218   31.459  109.4  12.95   8.255    0.15691    2.41    2.04    2.63
13-07-2024 15:02:46.79   43.93  -0.203  26.217   31.458  109.4  12.94   8.255    0.17246    2.14    2.27    3.46
13-07-2024 15:02:47.03   44.01  -0.203  26.218   31.459  109.4  12.94   8.254    0.15395    2.17    2.71    3.33
13-07-2024 15:02:47.27   44.05  -0.204  26.217   31.459  109.3  12.94   8.255    0.15469    2.12    2.52    2.87
13-07-2024 15:02:47.52   44.11  -0.204  26.216   31.458  109.4  12.94   8.255    0.15025    2.12    2.52    2.87
13-07-2024 15:02:47.76   44.19  -0.204  26.216   31.458  109.3  12.94   8.255    0.15321    2.20    2.28    3.01
13-07-2024 15:02:48.01   44.26  -0.206  26.215   31.458  109.3  12.94   8.254    0.15247    2.07    2.03    2.97
13-07-2024 15:02:48.25   44.35  -0.207  26.214   31.459  109.3  12.94   8.255    0.15617    2.27    1.98    3.08
13-07-2024 15:02:48.50   44.38  -0.208  26.214   31.459  109.3  12.93   8.254    0.15691    2.31    2.26    3.23
13-07-2024 15:02:48.74   44.42  -0.207  26.214   31.458  109.3  12.94   8.254    0.16061    2.04    2.46    3.14
13-07-2024 15:02:48.99   44.50  -0.207  26.213   31.457  109.3  12.93   8.254    0.17616    2.39    1.97    2.96
13-07-2024 15:02:49.24   44.57  -0.209  26.213   31.459  109.3  12.93   8.254    0.15543    2.39    1.97    2.96
13-07-2024 15:02:49.49   44.65  -0.208  26.212   31.457  109.3  12.93   8.255    0.15321    2.35    2.67    2.86
13-07-2024 15:02:49.74   44.69  -0.209  26.212   31.458  109.2  12.93   8.254    0.15099    2.15    2.44    3.12
13-07-2024 15:02:49.98   44.73  -0.210  26.214   31.461  109.2  12.93   8.255    0.14581    2.29    1.81    3.04
13-07-2024 15:02:50.23   44.83  -0.209  26.214   31.460  109.2  12.93   8.254    0.13915    2.34    2.34    3.38
13-07-2024 15:02:50.47   44.87  -0.210  26.213   31.460  109.2  12.92   8.255    0.15617    2.18    2.54    2.94
13-07-2024 15:02:50.72   44.89  -0.210  26.214   31.461  109.2  12.92   8.255    0.15839    2.24    2.13    3.11
13-07-2024 15:02:50.96   44.95  -0.210  26.214   31.461  109.1  12.92   8.255    0.14285    2.24    2.13    3.11
13-07-2024 15:02:51.21   45.10  -0.210  26.214   31.460  109.1  12.91   8.255    0.15025    2.21    2.45    3.42
13-07-2024 15:02:51.45   45.08  -0.210  26.213   31.460  109.1  12.91   8.254    0.14285    2.04    2.67    3.34
13-07-2024 15:02:51.70   45.18  -0.210  26.212   31.458  109.1  12.91   8.255    0.14581    2.42    2.52    3.20
13-07-2024 15:02:51.94   45.23  -0.211  26.213   31.461  109.0  12.91   8.255    0.14581    2.32    1.71    2.99
13-07-2024 15:02:52.19   45.25  -0.212  26.212   31.460  109.0  12.90   8.255    0.13397    2.55    2.27    3.07
13-07-2024 15:02:52.43   45.30  -0.212  26.212   31.459  109.0  12.90   8.255    0.13989    2.42    2.73    2.99
13-07-2024 15:02:52.68   45.40  -0.213  26.211   31.460  109.0  12.91   8.255    0.14729    2.42    2.73    2.99
13-07-2024 15:02:52.93   45.48  -0.215  26.210   31.461  109.0  12.90   8.255    0.15543    2.28    1.89    3.09
13-07-2024 15:02:53.17   45.56  -0.218  26.207   31.459  108.9  12.89   8.255    0.14803    2.30    2.35    3.07
13-07-2024 15:02:53.42   45.56  -0.218  26.208   31.461  108.9  12.89   8.255    0.13101    2.42    2.68    3.28
13-07-2024 15:02:53.67   45.60  -0.219  26.207   31.461  108.9  12.89   8.255    0.15469    2.75    2.47    3.18
13-07-2024 15:02:53.91   45.71  -0.221  26.208   31.464  108.9  12.89   8.255    0.14285    2.49    2.21    3.14
13-07-2024 15:02:54.16   45.74  -0.222  26.208   31.464  108.9  12.89   8.255    0.15321    2.33    2.60    3.29
13-07-2024 15:02:54.40   45.79  -0.222  26.208   31.465  108.8  12.89   8.255    0.13545    2.33    2.60    3.29
13-07-2024 15:02:54.65   45.86  -0.223  26.207   31.464  108.8  12.88   8.255    0.14137    2.23    2.14    2.94
13-07-2024 15:02:54.89   45.90  -0.222  26.207   31.464  108.8  12.88   8.255    0.15025    2.79    2.48    3.34
13-07-2024 15:02:55.14   45.99  -0.223  26.207   31.465  108.8  12.88   8.256    0.13101    2.23    1.84    2.70
13-07-2024 15:02:55.38   46.07  -0.223  26.207   31.464  108.8  12.88   8.255    0.14285    2.07    2.28    3.21
13-07-2024 15:02:55.63   46.15  -0.224  26.205   31.463  108.7  12.87   8.255    0.13027    2.46    2.31    3.25
13-07-2024 15:02:55.87   46.23  -0.226  26.204   31.464  108.7  12.87   8.255    0.13323    2.46    2.31    3.25
13-07-2024 15:02:56.12   46.29  -0.227  26.204   31.464  108.7  12.88   8.256    0.13397    2.49    2.19    3.09
13-07-2024 15:02:56.36   46.26  -0.229  26.204   31.466  108.7  12.87   8.256    0.14137    2.14    2.40    2.92
13-07-2024 15:02:56.62   46.34  -0.231  26.202   31.466  108.7  12.87   8.256    0.12657    2.32    1.93    2.90
13-07-2024 15:02:56.86   46.46  -0.234  26.201   31.468  108.7  12.88   8.256    0.12361    2.41    2.10    3.45
13-07-2024 15:02:57.11   46.43  -0.236  26.200   31.468  108.7  12.87   8.256    0.13397    2.30    2.00    3.12
13-07-2024 15:02:57.36   46.61  -0.237  26.199   31.468  108.7  12.87   8.256    0.13545    2.17    2.05    2.88
13-07-2024 15:02:57.60   46.61  -0.239  26.196   31.465  108.6  12.87   8.256    0.13693    2.27    2.08    3.42
13-07-2024 15:02:57.85   46.68  -0.241  26.193   31.464  108.6  12.87   8.256    0.13841    2.27    2.08    3.42
13-07-2024 15:02:58.09   46.69  -0.244  26.192   31.466  108.6  12.86   8.256    0.13249    2.27    2.35    3.28
13-07-2024 15:02:58.34   46.84  -0.249  26.189   31.468  108.6  12.86   8.256    0.13545    2.44    2.42    3.45
13-07-2024 15:02:58.58   46.83  -0.253  26.186   31.468  108.6  12.86   8.256    0.12657    2.30    2.04    3.01
13-07-2024 15:02:58.83   46.94  -0.257  26.179   31.462  108.6  12.87   8.256    0.13323    2.28    2.37    2.91
13-07-2024 15:02:59.07   47.00  -0.265  26.161   31.447  108.5  12.86   8.256    0.11620    2.41    2.31    3.03
13-07-2024 15:02:59.32   47.06  -0.279  26.146   31.440  108.5  12.86   8.256    0.13249    2.41    2.31    3.03
13-07-2024 15:02:59.56   47.05  -0.297  26.133   31.443  108.5  12.87   8.256    0.12509    2.45    1.96    3.04
13-07-2024 15:02:59.81   47.15  -0.323  26.122   31.454  108.5  12.88   8.257    0.12583    1.97    2.22    3.13
13-07-2024 15:03:00.05   47.21  -0.338  26.108   31.451  108.5  12.88   8.257    0.13915    2.45    1.98    3.02
13-07-2024 15:03:00.31   47.26  -0.355  26.099   31.456  108.4  12.89   8.257    0.13323    2.56    2.41    2.96
13-07-2024 15:03:00.55   47.35  -0.367  26.087   31.455  108.5  12.90   8.257    0.12064    2.42    2.01    3.03
13-07-2024 15:03:00.80   47.41  -0.384  26.084   31.468  108.4  12.89   8.257    0.13249    2.51    2.36    3.33
13-07-2024 15:03:01.05   47.51  -0.398  26.082   31.480  108.4  12.90   8.257    0.12879    2.21    2.28    3.05
13-07-2024 15:03:01.29   47.53  -0.407  26.079   31.485  108.5  12.90   8.257    0.11694    2.21    2.28    3.05
13-07-2024 15:03:01.54   47.62  -0.411  26.076   31.485  108.4  12.90   8.257    0.12361    2.17    2.76    3.24
13-07-2024 15:03:01.78   47.61  -0.415  26.074   31.486  108.5  12.91   8.256    0.11546    2.20    1.92    2.93
13-07-2024 15:03:02.03   47.67  -0.419  26.071   31.487  108.5  12.91   8.256    0.11990    2.25    2.54    3.44
13-07-2024 15:03:02.27   47.74  -0.422  26.069   31.487  108.5  12.91   8.256    0.13323    2.35    2.07    3.60
13-07-2024 15:03:02.52   47.79  -0.424  26.068   31.488  108.5  12.91   8.255    0.12657    2.45    1.98    3.12
13-07-2024 15:03:02.76   47.85  -0.429  26.064   31.488  108.5  12.91   8.255    0.11250    2.45    1.98    3.12
13-07-2024 15:03:03.01   47.95  -0.429  26.064   31.488  108.4  12.91   8.255    0.12657    2.32    1.91    3.27
13-07-2024 15:03:03.25   48.02  -0.433  26.064   31.491  108.4  12.91   8.255    0.12731    1.98    2.44    3.17
13-07-2024 15:03:03.49   48.01  -0.437  26.063   31.494  108.4  12.91   8.254    0.12064    2.53    2.96    3.18
13-07-2024 15:03:03.74   48.13  -0.440  26.061   31.494  108.4  12.91   8.255    0.10880    2.38    2.28    3.06
13-07-2024 15:03:03.99   48.15  -0.443  26.061   31.498  108.5  12.92   8.254    0.13249    2.54    2.36    3.34
13-07-2024 15:03:04.23   48.25  -0.444  26.060   31.497  108.5  12.92   8.254    0.11916    2.08    2.13    3.04
13-07-2024 15:03:04.48   48.24  -0.444  26.060   31.498  108.4  12.91   8.254    0.12287    2.08    2.13    3.04
13-07-2024 15:03:04.73   48.42  -0.446  26.060   31.498  108.4  12.91   8.254    0.11324    2.33    2.22    2.95
13-07-2024 15:03:04.98   48.44  -0.446  26.059   31.498  108.4  12.91   8.253    0.13101    2.55    2.63    3.30
13-07-2024 15:03:05.22   48.42  -0.446  26.060   31.500  108.4  12.91   8.253    0.10880    1.91    2.06    3.03
13-07-2024 15:03:05.47   48.55  -0.446  26.060   31.499  108.4  12.91   8.253    0.11916    2.28    1.82    3.04
13-07-2024 15:03:05.71   48.57  -0.445  26.063   31.503  108.4  12.91   8.253    0.13027    2.05    2.18    3.00
13-07-2024 15:03:05.96   48.62  -0.442  26.069   31.507  108.4  12.91   8.253    0.12138    2.43    1.90    2.96
13-07-2024 15:03:06.20   48.74  -0.439  26.069   31.504  108.5  12.91   8.252    0.11916    2.43    1.90    2.96
13-07-2024 15:03:06.45   48.74  -0.436  26.069   31.501  108.5  12.91   8.252    0.10510    2.06    2.44    3.24
13-07-2024 15:03:06.69   48.89  -0.436  26.069   31.501  108.4  12.91   8.252    0.12583    2.38    2.26    2.90
13-07-2024 15:03:06.94   48.86  -0.436  26.070   31.502  108.4  12.91   8.252    0.10510    2.06    2.31    2.83
13-07-2024 15:03:07.18   48.98  -0.435  26.075   31.508  108.4  12.91   8.252    0.11028    2.02    2.42    2.90
13-07-2024 15:03:07.43   49.00  -0.435  26.076   31.509  108.4  12.91   8.252    0.10510    2.44    2.44    3.05
13-07-2024 15:03:07.68   49.03  -0.430  26.100   31.536  108.4  12.90   8.252    0.10658    2.54    2.22    3.49
13-07-2024 15:03:07.92   49.12  -0.403  26.137   31.557  108.5  12.89   8.252    0.11250    2.54    2.22    3.49
13-07-2024 15:03:08.17   49.22  -0.383  26.150   31.553  108.4  12.88   8.251    0.11250    2.41    2.57    2.74
13-07-2024 15:03:08.42   49.25  -0.378  26.159   31.559  108.5  12.89   8.251    0.12361    2.40    2.45    3.06
13-07-2024 15:03:08.66   49.36  -0.375  26.167   31.567  108.5  12.89   8.251    0.11102    2.19    2.76    2.86
13-07-2024 15:03:08.91   49.34  -0.353  26.176   31.557  108.4  12.88   8.251    0.11620    2.15    2.31    2.99
13-07-2024 15:03:09.16   49.46  -0.334  26.182   31.545  108.4  12.87   8.250    0.12287    2.23    2.24    3.16
13-07-2024 15:03:09.40   49.48  -0.327  26.183   31.539  108.4  12.87   8.251    0.11472    2.13    2.23    3.15
13-07-2024 15:03:09.64   49.55  -0.323  26.183   31.535  108.4  12.86   8.250    0.11990    2.13    2.23    3.15
13-07-2024 15:03:09.89   49.62  -0.321  26.179   31.527  108.4  12.86   8.250    0.10954    2.44    1.97    3.16
13-07-2024 15:03:10.14   49.66  -0.322  26.165   31.509  108.4  12.87   8.251    0.11398    2.30    1.98    3.15
13-07-2024 15:03:10.38   49.72  -0.329  26.173   31.527  108.4  12.87   8.251    0.10584    2.24    2.29    3.35
13-07-2024 15:03:10.63   49.75  -0.328  26.183   31.539  108.4  12.86   8.251    0.10658    2.40    2.19    2.97
13-07-2024 15:03:10.87   49.80  -0.325  26.180   31.532  108.4  12.86   8.251    0.11250    2.56    2.69    3.14
13-07-2024 15:03:11.12   49.93  -0.331  26.164   31.517  108.4  12.86   8.251    0.11546    2.22    2.42    3.29
13-07-2024 15:03:11.37   50.02  -0.343  26.154   31.516  108.4  12.87   8.251    0.09992    2.22    2.42    3.29
13-07-2024 15:03:11.61   50.05  -0.354  26.144   31.515  108.3  12.87   8.252    0.10584    2.51    2.33    3.30
13-07-2024 15:03:11.86   50.15  -0.372  26.119   31.500  108.4  12.88   8.252    0.11694    2.33    2.25    3.10
13-07-2024 15:03:12.11   50.14  -0.392  26.102   31.498  108.3  12.88   8.252    0.12361    2.44    2.34    3.15
13-07-2024 15:03:12.35   50.21  -0.410  26.108   31.524  108.3  12.88   8.253    0.11768    2.16    2.31    2.99
13-07-2024 15:03:12.60   50.29  -0.418  26.115   31.542  108.3  12.88   8.252    0.08586    2.34    2.14    3.01
13-07-2024 15:03:12.84   50.33  -0.416  26.133   31.564  108.3  12.88   8.252    0.08364    2.51    2.33    2.79
13-07-2024 15:03:13.09   50.39  -0.410  26.147   31.576  108.2  12.87   8.252    0.10362    2.51    2.33    2.79
13-07-2024 15:03:13.33   50.42  -0.403  26.159   31.585  108.2  12.86   8.251    0.09844    2.26    2.46    3.34
13-07-2024 15:03:13.58   50.52  -0.394  26.173   31.594  108.2  12.85   8.251    0.10436    1.99    2.25    3.42
13-07-2024 15:03:13.82   50.57  -0.385  26.178   31.592  108.1  12.85   8.251    0.10658    2.53    1.69    2.88
13-07-2024 15:03:14.07   50.63  -0.376  26.184   31.590  108.1  12.84   8.250    0.12138    1.97    2.08    3.01
13-07-2024 15:03:14.31   50.69  -0.369  26.186   31.585  108.1  12.84   8.250    0.10584    2.19    2.03    2.88
13-07-2024 15:03:14.56   50.73  -0.362  26.190   31.583  108.1  12.83   8.250    0.10954    2.33    2.36    2.99
13-07-2024 15:03:14.80   50.78  -0.359  26.195   31.586  108.1  12.83   8.249    0.10954    2.33    2.36    2.99
13-07-2024 15:03:15.05   50.83  -0.355  26.200   31.589  108.1  12.83   8.249    0.09548    2.52    2.58    3.29
13-07-2024 15:03:15.30   50.92  -0.351  26.209   31.596  108.0  12.82   8.249    0.09178    2.33    2.29    3.32
13-07-2024 15:03:15.55   50.97  -0.343  26.224   31.609  108.0  12.81   8.249    0.09770    2.55    2.68    3.21
13-07-2024 15:03:15.79   51.07  -0.331  26.232   31.607  107.9  12.80   8.249    0.09918    2.44    2.30    3.04
13-07-2024 15:03:16.04   51.06  -0.317  26.236   31.597  107.9  12.79   8.248    0.09918    2.58    2.69    3.05
13-07-2024 15:03:16.29   51.17  -0.311  26.238   31.593  107.9  12.79   8.248    0.08956    2.22    2.05    3.45
13-07-2024 15:03:16.53   51.21  -0.309  26.239   31.593  107.8  12.79   8.248    0.09400    2.22    2.05    3.45
13-07-2024 15:03:16.78   51.23  -0.308  26.240   31.593  107.8  12.78   8.248    0.11842    2.23    2.07    3.11
13-07-2024 15:03:17.02   51.24  -0.307  26.238   31.589  107.8  12.79   8.248    0.09104    2.11    2.53    2.81
13-07-2024 15:03:17.27   51.21  -0.306  26.239   31.589  107.8  12.78   8.248    0.11398    2.19    2.18    3.12
13-07-2024 15:03:17.51   51.22  -0.304  26.240   31.589  107.8  12.78   8.249    0.10880    1.85    1.98    3.41
13-07-2024 15:03:17.76   51.21  -0.303  26.241   31.590  107.8  12.78   8.249    0.10436    2.36    2.61    3.19
13-07-2024 15:03:18.00   51.23  -0.303  26.243   31.591  107.8  12.78   8.249    0.10140    2.25    2.45    3.27
13-07-2024 15:03:18.24   51.22  -0.302  26.243   31.591  107.8  12.78   8.249    0.08438    2.25    2.45    3.27
13-07-2024 15:03:18.49   51.25  -0.302  26.246   31.595  107.8  12.77   8.249    0.09770    2.01    2.20    3.32
13-07-2024 15:03:18.74   51.23  -0.302  26.247   31.597  107.7  12.77   8.249    0.09178    2.10    2.26    3.21
13-07-2024 15:03:18.99   51.22  -0.302  26.248   31.598  107.7  12.77   8.249    0.09030    2.60    2.25    2.99
13-07-2024 15:03:19.24   51.24  -0.302  26.250   31.600  107.7  12.77   8.249    0.09622    2.42    2.13    2.94
13-07-2024 15:03:19.48   51.24  -0.302  26.250   31.600  107.7  12.76   8.249    0.09548    2.12    2.38    3.11
13-07-2024 15:03:19.73   51.24  -0.302  26.249   31.599  107.7  12.76   8.250    0.09252    2.15    2.04    3.28
13-07-2024 15:03:19.97   51.25  -0.301  26.250   31.600  107.7  12.76   8.249    0.09178    2.15    2.04    3.28
13-07-2024 15:03:20.22   51.26  -0.301  26.252   31.602  107.7  12.76   8.250    0.10214    1.91    2.97    2.87
13-07-2024 15:03:20.46   51.23  -0.302  26.252   31.604  107.6  12.76   8.249    0.09474    2.23    2.10    3.38
13-07-2024 15:03:20.71   51.21  -0.302  26.253   31.604  107.6  12.76   8.250    0.10806    2.23    2.71    3.01
13-07-2024 15:03:20.95   51.23  -0.303  26.253   31.605  107.7  12.76   8.249    0.12064    2.32    2.18    3.02
13-07-2024 15:03:21.20   51.27  -0.304  26.254   31.608  107.6  12.76   8.250    0.09844    2.32    2.22    3.13
13-07-2024 15:03:21.44   51.24  -0.305  26.256   31.611  107.6  12.76   8.250    0.07994    2.19    2.08    2.97
13-07-2024 15:03:21.69   51.22  -0.305  26.256   31.611  107.6  12.76   8.250    0.09030    2.19    2.08    2.97
13-07-2024 15:03:21.93   51.21  -0.306  26.257   31.614  107.6  12.76   8.250    0.09400    1.99    2.12    3.10
13-07-2024 15:03:22.18   51.26  -0.307  26.258   31.616  107.6  12.76   8.250    0.09992    2.48    2.61    3.38
13-07-2024 15:03:22.43   51.20  -0.308  26.257   31.616  107.6  12.76   8.250    0.08364    2.24    2.50    2.94
13-07-2024 15:03:22.68   51.22  -0.312  26.258   31.621  107.6  12.76   8.250    0.11546    2.45    2.12    2.93
13-07-2024 15:03:22.92   51.22  -0.313  26.257   31.621  107.6  12.76   8.250    0.11250    2.24    2.89    3.25
13-07-2024 15:03:23.17   51.24  -0.311  26.254   31.615  107.6  12.76   8.250    0.08734    2.04    2.38    3.06
13-07-2024 15:03:23.41   51.23  -0.310  26.254   31.613  107.7  12.76   8.250    0.09622    2.04    2.38    3.06
13-07-2024 15:03:23.66   51.21  -0.309  26.253   31.611  107.7  12.76   8.250    0.10066    2.28    2.31    3.03
13-07-2024 15:03:23.90   51.21  -0.308  26.253   31.610  107.6  12.76   8.250    0.09474    2.33    2.20    2.95
13-07-2024 15:03:24.16   51.23  -0.307  26.253   31.609  107.6  12.76   8.250    0.10806    2.38    2.33    2.95
13-07-2024 15:03:24.39   51.21  -0.306  26.253   31.609  107.6  12.76   8.250    0.11102    2.31    2.04    3.15
13-07-2024 15:03:24.64   51.23  -0.306  26.253   31.609  107.7  12.76   8.250    0.11028    2.31    1.91    3.21
13-07-2024 15:03:24.88   51.23  -0.307  26.253   31.609  107.6  12.76   8.250    0.08808    2.30    1.74    2.96
13-07-2024 15:03:25.13   51.22  -0.306  26.252   31.607  107.7  12.76   8.250    0.09030    2.30    1.74    2.96
13-07-2024 15:03:25.38   51.24  -0.305  26.253   31.608  107.7  12.77   8.250    0.09030    2.32    2.12    3.20
13-07-2024 15:03:25.62   51.23  -0.305  26.254   31.609  107.7  12.76   8.250    0.09992    2.30    2.54    3.39
13-07-2024 15:03:25.87   51.22  -0.305  26.256   31.612  107.7  12.77   8.250    0.11028    2.13    2.01    3.29
13-07-2024 15:03:26.12   51.26  -0.305  26.257   31.613  107.7  12.77   8.250    0.10214    2.18    2.45    3.18
13-07-2024 15:03:26.36   51.22  -0.305  26.257   31.612  107.7  12.77   8.250    0.08882    2.29    2.17    3.04
13-07-2024 15:03:26.61   51.24  -0.305  26.257   31.612  107.7  12.77   8.250    0.10806    2.15    2.02    3.15
13-07-2024 15:03:26.86   51.24  -0.304  26.259   31.613  107.7  12.77   8.250    0.09770    2.15    2.02    3.15
13-07-2024 15:03:27.10   51.24  -0.304  26.259   31.614  107.7  12.77   8.250    0.09252    2.44    1.76    2.99
13-07-2024 15:03:27.35   51.23  -0.304  26.259   31.613  107.8  12.77   8.250    0.10066    2.43    1.82    3.19
13-07-2024 15:03:27.59   51.25  -0.303  26.259   31.613  107.8  12.77   8.250    0.10954    2.25    2.52    3.30
13-07-2024 15:03:27.84   51.25  -0.303  26.260   31.615  107.8  12.77   8.250    0.10732    2.31    2.24    3.24
13-07-2024 15:03:28.08   51.22  -0.303  26.260   31.615  107.8  12.77   8.250    0.09252    2.17    2.60    3.12
13-07-2024 15:03:28.33   51.24  -0.303  26.259   31.614  107.8  12.77   8.250    0.07476    2.31    2.30    3.34
13-07-2024 15:03:28.57   51.24  -0.302  26.261   31.615  107.8  12.78   8.250    0.10362    2.31    2.30    3.34
13-07-2024 15:03:28.82   51.22  -0.302  26.260   31.614  107.8  12.78   8.250    0.09992    2.47    1.86    3.09
13-07-2024 15:03:29.06   51.24  -0.302  26.261   31.615  107.8  12.78   8.250    0.10362    2.37    2.62    3.15
13-07-2024 15:03:29.31   51.23  -0.302  26.261   31.615  107.8  12.78   8.250    0.11176    2.32    2.20    3.05
13-07-2024 15:03:29.56   51.23  -0.302  26.259   31.612  107.9  12.78   8.250    0.10510    2.22    2.19    3.18
13-07-2024 15:03:29.81   51.20  -0.302  26.254   31.605  107.9  12.79   8.250    0.10066    2.43    2.22    3.23
13-07-2024 15:03:30.05   51.11  -0.302  26.248   31.597  107.9  12.79   8.250    0.10658    2.18    2.42    3.34
13-07-2024 15:03:30.30   51.05  -0.300  26.251   31.600  107.9  12.79   8.250    0.09252    2.18    2.42    3.34
13-07-2024 15:03:30.55   50.96  -0.297  26.252   31.598  107.9  12.79   8.250    0.09030    2.07    1.87    3.30
13-07-2024 15:03:30.79   50.87  -0.294  26.255   31.598  107.9  12.79   8.250    0.10140    2.16    2.26    2.99
13-07-2024 15:03:31.04   50.81  -0.293  26.256   31.599  107.9  12.79   8.250    0.09992    2.65    2.16    3.23
13-07-2024 15:03:31.28   50.72  -0.293  26.257   31.601  107.9  12.79   8.250    0.10658    2.11    1.75    3.07
13-07-2024 15:03:31.53   50.60  -0.292  26.256   31.599  108.0  12.80   8.251    0.10880    2.00    2.74    2.89
13-07-2024 15:03:31.77   50.49  -0.290  26.251   31.590  108.0  12.80   8.249    0.11028    2.26    2.30    2.77
13-07-2024 15:03:32.01   50.38  -0.288  26.256   31.595  108.0  12.79   8.250    0.10584    2.26    2.30    2.77
13-07-2024 15:03:32.26   50.23  -0.287  26.256   31.593  108.0  12.80   8.250    0.10066    2.07    1.88    3.06
13-07-2024 15:03:32.51   50.06  -0.287  26.254   31.592  108.0  12.80   8.250    0.11102    2.26    2.41    2.96
13-07-2024 15:03:32.75   49.94  -0.288  26.252   31.589  108.0  12.80   8.250    0.11768    2.43    2.18    3.22
13-07-2024 15:03:33.00   49.81  -0.298  26.234   31.575  108.0  12.80   8.251    0.11028    2.14    2.12    3.49
13-07-2024 15:03:33.24   49.69  -0.311  26.234   31.589  108.0  12.81   8.251    0.10362    2.55    2.41    3.45
13-07-2024 15:03:33.49   49.50  -0.324  26.223   31.589  108.0  12.81   8.251    0.12361    2.31    2.85    3.37
13-07-2024 15:03:33.74   49.35  -0.332  26.218   31.590  108.0  12.81   8.251    0.11546    2.31    2.85    3.37
13-07-2024 15:03:33.99   49.25  -0.344  26.205   31.585  108.0  12.82   8.252    0.11546    2.30    2.69    2.90
13-07-2024 15:03:34.23   49.07  -0.347  26.202   31.586  108.0  12.82   8.252    0.11472    2.51    2.42    3.12
13-07-2024 15:03:34.48   48.92  -0.348  26.207   31.592  108.0  12.81   8.252    0.10362    2.31    2.78    3.17
13-07-2024 15:03:34.72   48.80  -0.348  26.206   31.592  107.9  12.81   8.251    0.11620    2.57    2.40    3.17
13-07-2024 15:03:34.97   48.66  -0.346  26.207   31.591  107.9  12.80   8.251    0.11842    2.38    2.31    3.17
13-07-2024 15:03:35.22   48.52  -0.347  26.197   31.578  107.9  12.80   8.252    0.13027    2.31    2.40    3.34
13-07-2024 15:03:35.46   48.40  -0.358  26.171   31.555  107.8  12.81   8.252    0.12805    2.31    2.40    3.34
13-07-2024 15:03:35.70   48.26  -0.361  26.149   31.530  107.8  12.81   8.252    0.11250    2.27    2.32    3.18
13-07-2024 15:03:35.95   48.10  -0.363  26.151   31.534  107.8  12.80   8.252    0.12953    2.16    2.00    2.89
13-07-2024 15:03:36.19   47.99  -0.366  26.151   31.538  107.8  12.80   8.252    0.12657    2.44    2.76    3.07
13-07-2024 15:03:36.44   47.88  -0.368  26.156   31.546  107.8  12.80   8.252    0.13027    2.46    2.55    3.40
13-07-2024 15:03:36.68   47.74  -0.372  26.162   31.559  107.8  12.81   8.253    0.11694    2.39    2.31    3.11
13-07-2024 15:03:36.93   47.58  -0.374  26.165   31.565  107.8  12.80   8.252    0.11546    2.39    2.31    3.11
13-07-2024 15:03:37.18   47.46  -0.387  26.167   31.580  107.8  12.81   8.253    0.13249    2.32    2.36    3.20
13-07-2024 15:03:37.43   47.35  -0.392  26.153   31.567  107.8  12.81   8.253    0.12509    1.82    2.37    3.28
13-07-2024 15:03:37.68   47.21  -0.405  26.123   31.540  107.7  12.81   8.253    0.12657    2.07    2.29    3.21
13-07-2024 15:03:37.92   47.09  -0.412  26.102   31.521  107.7  12.81   8.253    0.13471    2.30    2.29    3.20
13-07-2024 15:03:38.17   46.95  -0.416  26.104   31.528  107.7  12.81   8.253    0.12731    2.47    2.18    3.29
13-07-2024 15:03:38.41   46.82  -0.419  26.114   31.543  107.7  12.81   8.253    0.12731    2.38    2.60    3.33
13-07-2024 15:03:38.66   46.70  -0.421  26.111   31.542  107.7  12.81   8.253    0.13693    2.29    2.31    3.15
13-07-2024 15:03:38.90   46.57  -0.422  26.112   31.544  107.6  12.81   8.254    0.13027    2.29    2.31    3.15
13-07-2024 15:03:39.15   46.45  -0.420  26.120   31.553  107.6  12.80   8.254    0.12657    2.61    2.43    3.32
13-07-2024 15:03:39.39   46.33  -0.409  26.122   31.545  107.6  12.79   8.253    0.12435    2.21    1.79    3.01
13-07-2024 15:03:39.64   46.20  -0.358  26.116   31.484  107.4  12.76   8.253    0.12287    2.18    2.30    3.21
13-07-2024 15:03:39.88   46.06  -0.338  26.123   31.473  107.3  12.75   8.252    0.14137    2.12    2.50    2.88
13-07-2024 15:03:40.13   45.94  -0.340  26.135   31.489  107.3  12.75   8.252    0.13545    2.32    1.94    2.86
13-07-2024 15:03:40.37   45.81  -0.346  26.133   31.495  107.4  12.75   8.252    0.15321    2.32    1.94    2.86
13-07-2024 15:03:40.62   45.69  -0.349  26.134   31.499  107.3  12.75   8.253    0.13249    2.27    2.47    2.89
13-07-2024 15:03:40.87   45.56  -0.358  26.134   31.509  107.3  12.75   8.253    0.13249    2.11    2.34    3.36
13-07-2024 15:03:41.11   45.45  -0.360  26.130   31.505  107.3  12.75   8.253    0.13841    2.14    1.81    3.17
13-07-2024 15:03:41.36   45.34  -0.344  26.137   31.498  107.3  12.75   8.253    0.14137    2.18    2.28    3.21
13-07-2024 15:03:41.61   45.19  -0.333  26.149   31.502  107.3  12.74   8.253    0.15321    2.49    2.17    3.09
13-07-2024 15:03:41.85   45.05  -0.320  26.157   31.499  107.3  12.73   8.253    0.14729    2.27    2.59    3.01
13-07-2024 15:03:42.10   44.94  -0.304  26.159   31.486  107.2  12.72   8.253    0.16135    2.15    2.32    3.24
13-07-2024 15:03:42.34   44.82  -0.297  26.164   31.485  107.2  12.72   8.253    0.16801    2.15    2.32    3.24
13-07-2024 15:03:42.59   44.67  -0.285  26.171   31.482  107.2  12.71   8.253    0.14877    2.03    2.14    2.98
13-07-2024 15:03:42.83   44.54  -0.276  26.170   31.471  107.2  12.71   8.253    0.14285    2.27    2.23    3.12
13-07-2024 15:03:43.08   44.43  -0.261  26.171   31.457  107.1  12.70   8.253    0.14951    2.31    2.58    3.15
13-07-2024 15:03:43.32   44.29  -0.252  26.176   31.454  107.1  12.70   8.253    0.15321    2.32    1.78    2.98
13-07-2024 15:03:43.57   44.14  -0.246  26.182   31.457  107.1  12.69   8.253    0.15173    2.35    2.13    3.11
13-07-2024 15:03:43.81   44.05  -0.243  26.184   31.456  107.1  12.69   8.253    0.14877    2.35    2.13    3.11
13-07-2024 15:03:44.06   43.91  -0.243  26.188   31.462  107.1  12.69   8.254    0.16209    2.24    2.03    3.17
13-07-2024 15:03:44.30   43.81  -0.242  26.188   31.460  107.1  12.69   8.254    0.17468    2.56    2.09    3.22
13-07-2024 15:03:44.56   43.67  -0.239  26.190   31.460  107.1  12.69   8.254    0.15987    2.19    2.66    3.14
13-07-2024 15:03:44.80   43.54  -0.227  26.189   31.447  107.1  12.69   8.255    0.15025    2.35    2.56    3.20
13-07-2024 15:03:45.05   43.35  -0.226  26.195   31.453  107.1  12.69   8.254    0.15321    2.34    2.38    3.12
13-07-2024 15:03:45.29   43.16  -0.230  26.194   31.457  107.1  12.69   8.255    0.16875    2.07    2.48    3.19
13-07-2024 15:03:45.54   42.95  -0.230  26.195   31.457  107.1  12.69   8.255    0.15765    2.07    2.48    3.19
13-07-2024 15:03:45.79   42.73  -0.221  26.198   31.452  107.1  12.68   8.255    0.18208    2.22    1.58    3.35
13-07-2024 15:03:46.04   42.54  -0.214  26.200   31.448  107.1  12.68   8.255    0.17764    2.25    2.47    3.19
13-07-2024 15:03:46.28   42.32  -0.209  26.207   31.452  107.1  12.68   8.256    0.18208    2.47    1.94    2.93
13-07-2024 15:03:46.52   42.16  -0.207  26.209   31.453  107.1  12.68   8.257    0.18504    2.05    1.97    3.46
13-07-2024 15:03:46.77   41.95  -0.205  26.210   31.453  107.1  12.68   8.256    0.18282    2.38    1.88    3.00
13-07-2024 15:03:47.01   41.75  -0.202  26.212   31.453  107.1  12.68   8.256    0.19022    2.92    2.08    3.12
13-07-2024 15:03:47.25   41.62  -0.198  26.222   31.461  107.1  12.68   8.257    0.17912    2.92    2.08    3.12
13-07-2024 15:03:47.50   41.46  -0.192  26.241   31.480  107.1  12.67   8.257    0.20206    2.28    2.15    3.33
13-07-2024 15:03:47.75   41.34  -0.188  26.230   31.461  107.2  12.68   8.257    0.19540    2.40    2.92    3.01
13-07-2024 15:03:47.99   41.16  -0.186  26.223   31.450  107.2  12.68   8.258    0.18578    2.36    2.02    3.40
13-07-2024 15:03:48.24   41.05  -0.182  26.229   31.455  107.2  12.68   8.272    0.19836    2.57    2.08    3.27
13-07-2024 15:03:48.49   40.91  -0.180  26.231   31.455  107.2  12.68   8.259    0.19762    2.24    2.05    3.18
13-07-2024 15:03:48.74   40.73  -0.161  26.235   31.440  107.2  12.67   8.258    0.20724    2.28    2.50    3.17
13-07-2024 15:03:48.98   40.60  -0.152  26.247   31.447  107.2  12.67   8.258    0.20576    2.28    2.50    3.17
13-07-2024 15:03:49.23   40.44  -0.148  26.250   31.447  107.2  12.67   8.258    0.20724    2.36    2.37    3.17
13-07-2024 15:03:49.47   40.29  -0.147  26.251   31.447  107.3  12.68   8.258    0.21834    2.34    2.54    3.00
13-07-2024 15:03:49.72   40.16  -0.145  26.253   31.449  107.3  12.68   8.259    0.21909    2.48    2.61    3.15
13-07-2024 15:03:49.96   40.04  -0.145  26.254   31.449  107.4  12.68   8.259    0.21316    2.36    2.03    3.07
13-07-2024 15:03:50.21   39.86  -0.140  26.254   31.445  107.4  12.69   8.259    0.21538    2.39    2.57    3.28
13-07-2024 15:03:50.45   39.73  -0.138  26.253   31.441  107.4  12.69   8.259    0.21612    2.26    1.98    2.92
13-07-2024 15:03:50.70   39.57  -0.138  26.254   31.443  107.4  12.69   8.259    0.20650    2.26    1.98    2.92
13-07-2024 15:03:50.94   39.44  -0.161  26.219   31.420  107.5  12.71   8.260    0.21538    2.20    2.03    3.03
13-07-2024 15:03:51.19   39.31  -0.172  26.192   31.396  107.6  12.72   8.260    0.22945    2.30    2.09    3.55
13-07-2024 15:03:51.43   39.14  -0.177  26.189   31.398  107.5  12.72   8.261    0.22057    2.07    2.04    3.13
13-07-2024 15:03:51.68   39.02  -0.179  26.190   31.400  107.6  12.72   8.261    0.23093    2.04    2.55    3.08
13-07-2024 15:03:51.93   38.84  -0.171  26.191   31.394  107.6  12.72   8.261    0.23463    2.17    2.28    3.08
13-07-2024 15:03:52.18   38.71  -0.170  26.194   31.397  107.6  12.72   8.262    0.21983    2.50    2.25    3.02
13-07-2024 15:03:52.42   38.54  -0.173  26.195   31.401  107.6  12.72   8.262    0.23981    2.50    2.25    3.02
13-07-2024 15:03:52.67   38.41  -0.173  26.196   31.403  107.5  12.72   8.262    0.23019    2.50    2.61    3.18
13-07-2024 15:03:52.92   38.27  -0.160  26.195   31.388  107.5  12.71   8.262    0.24869    2.47    2.65    3.19
13-07-2024 15:03:53.16   38.12  -0.113  26.208   31.356  107.3  12.68   8.261    0.25165    2.30    2.52    3.22
13-07-2024 15:03:53.41   37.97  -0.121  26.223   31.385  107.4  12.68   8.262    0.24943    2.29    2.01    3.13
13-07-2024 15:03:53.65   37.83  -0.142  26.227   31.412  107.5  12.71   8.262    0.24647    2.10    2.07    2.71
13-07-2024 15:03:53.90   37.69  -0.141  26.227   31.412  107.5  12.71   8.263    0.24795    2.15    1.95    3.27
13-07-2024 15:03:54.14   37.53  -0.118  26.225   31.385  107.5  12.70   8.262    0.24351    2.15    1.95    3.27
13-07-2024 15:03:54.39   37.41  -0.097  26.231   31.372  107.4  12.68   8.262    0.24277    2.56    2.71    3.01
13-07-2024 15:03:54.63   37.27  -0.085  26.242   31.373  107.4  12.68   8.262    0.23981    2.44    2.42    3.06
13-07-2024 15:03:54.88   37.12  -0.070  26.244   31.361  107.4  12.67   8.262    0.27016    2.28    2.00    2.90
13-07-2024 15:03:55.12   36.97  -0.068  26.246   31.362  107.4  12.67   8.263    0.26349    2.25    2.21    3.03
13-07-2024 15:03:55.37   36.84  -0.072  26.251   31.372  107.5  12.68   8.263    0.26201    2.31    2.08    3.19
13-07-2024 15:03:55.62   36.67  -0.047  26.273   31.375  107.4  12.67   8.263    0.28348    2.56    2.37    3.21
13-07-2024 15:03:55.86   36.52  -0.019  26.267   31.339  107.4  12.66   8.263    0.26868    2.56    2.37    3.21
13-07-2024 15:03:56.11   36.37   0.033  26.281   31.305  107.3  12.64   8.263    0.28348    2.42    2.44    3.15
13-07-2024 15:03:56.36   36.24   0.045  26.313   31.333  107.4  12.63   8.263    0.30716    2.40    1.93    3.14
13-07-2024 15:03:56.60   36.07   0.049  26.315   31.333  107.4  12.63   8.263    0.29680    2.33    2.42    3.40
13-07-2024 15:03:56.85   35.94   0.053  26.313   31.326  107.4  12.63   8.264    0.29014    2.14    2.15    3.18
13-07-2024 15:03:57.10   35.78   0.063  26.309   31.310  107.4  12.64   8.264    0.28866    2.11    2.05    3.26
13-07-2024 15:03:57.34   35.63   0.060  26.310   31.315  107.5  12.64   8.264    0.31086    2.28    2.39    3.14
13-07-2024 15:03:57.58   35.48   0.066  26.322   31.325  107.5  12.64   8.264    0.28644    2.28    2.39    3.14
13-07-2024 15:03:57.83   35.34   0.066  26.317   31.319  107.6  12.65   8.265    0.31604    2.66    2.28    3.20
13-07-2024 15:03:58.08   35.17   0.069  26.316   31.315  107.6  12.65   8.265    0.31530    2.42    2.35    3.05
13-07-2024 15:03:58.32   35.04   0.070  26.324   31.323  107.6  12.66   8.270    0.31753    2.29    2.30    2.88
13-07-2024 15:03:58.56   34.92   0.081  26.336   31.328  107.6  12.65   8.264    0.34787    2.69    1.79    3.11
13-07-2024 15:03:58.81   34.76   0.091  26.341   31.324  107.7  12.65   8.265    0.32493    2.47    2.75    3.28
13-07-2024 15:03:59.06   34.60   0.094  26.336   31.315  107.7  12.66   8.266    0.32197    2.80    2.41    3.04
13-07-2024 15:03:59.30   34.49   0.097  26.336   31.312  107.7  12.66   8.266    0.32863    2.80    2.41    3.04
13-07-2024 15:03:59.55   34.31   0.104  26.339   31.308  107.7  12.66   8.266    0.33085    2.38    1.82    3.07
13-07-2024 15:03:59.80   34.17   0.107  26.342   31.309  107.8  12.66   8.267    0.34343    2.33    2.58    2.78
13-07-2024 15:04:00.04   34.04   0.109  26.344   31.311  107.8  12.66   8.267    0.33233    2.47    2.30    3.42
13-07-2024 15:04:00.29   33.91   0.110  26.344   31.309  107.8  12.66   8.267    0.35231    2.43    2.01    3.03
13-07-2024 15:04:00.53   33.75   0.112  26.341   31.304  107.8  12.67   8.268    0.34121    2.72    1.90    3.35
13-07-2024 15:04:00.78   33.59   0.116  26.340   31.298  107.9  12.67   8.268    0.34935    2.23    2.18    3.02
13-07-2024 15:04:01.02   33.44   0.126  26.346   31.297  107.8  12.66   8.268    0.37600    2.23    2.18    3.02
13-07-2024 15:04:01.27   33.31   0.128  26.348   31.296  107.9  12.67   8.268    0.36045    2.21    2.17    3.29
13-07-2024 15:04:01.51   33.16   0.128  26.348   31.297  107.9  12.67   8.268    0.35897    2.51    2.51    2.76
13-07-2024 15:04:01.76   33.05   0.126  26.350   31.301  108.0  12.68   8.269    0.38710    2.62    1.95    3.07
13-07-2024 15:04:02.00   32.88   0.127  26.349   31.300  108.0  12.68   8.269    0.38562    2.65    2.57    2.93
13-07-2024 15:04:02.25   32.71   0.129  26.349   31.297  108.0  12.68   8.269    0.39450    2.44    2.04    3.45
13-07-2024 15:04:02.49   32.58   0.132  26.350   31.296  108.0  12.68   8.270    0.37822    2.49    1.87    3.07
13-07-2024 15:04:02.74   32.50   0.135  26.349   31.291  108.0  12.68   8.270    0.39376    2.49    1.87    3.07
13-07-2024 15:04:02.99   32.30   0.138  26.347   31.285  108.0  12.68   8.270    0.39376    2.61    2.28    2.89
13-07-2024 15:04:03.24   32.16   0.144  26.350   31.284  108.0  12.68   8.270    0.39894    2.51    2.55    2.83
13-07-2024 15:04:03.49   31.99   0.148  26.349   31.277  108.0  12.68   8.270    0.41152    2.40    2.06    3.15
13-07-2024 15:04:03.73   31.89   0.151  26.349   31.275  108.0  12.68   8.270    0.41449    2.51    2.64    3.15
13-07-2024 15:04:03.98   31.71   0.152  26.348   31.273  108.1  12.68   8.271    0.40116    2.56    2.31    2.86
13-07-2024 15:04:04.22   31.57   0.156  26.351   31.272  108.0  12.68   8.271    0.41967    3.12    2.34    3.32
13-07-2024 15:04:04.47   31.42   0.162  26.355   31.272  108.0  12.68   8.271    0.42781    3.12    2.34    3.32
13-07-2024 15:04:04.71   31.27   0.167  26.357   31.269  108.1  12.68   8.271    0.41597    2.42    2.57    3.05
13-07-2024 15:04:04.96   31.14   0.170  26.355   31.264  108.1  12.68   8.271    0.42707    2.66    2.54    2.96
13-07-2024 15:04:05.20   31.01   0.174  26.354   31.259  108.1  12.68   8.271    0.44409    2.58    1.96    3.28
13-07-2024 15:04:05.45   30.86   0.176  26.352   31.254  108.1  12.68   8.271    0.43891    2.42    2.21    3.44
13-07-2024 15:04:05.69   30.72   0.178  26.350   31.250  108.1  12.68   8.272    0.44705    2.61    2.35    3.03
13-07-2024 15:04:05.94   30.57   0.179  26.351   31.250  108.1  12.68   8.272    0.46704    2.74    2.23    3.05
13-07-2024 15:04:06.18   30.39   0.180  26.353   31.251  108.1  12.68   8.272    0.46926    2.74    2.23    3.05
13-07-2024 15:04:06.43   30.28   0.183  26.354   31.249  108.1  12.68   8.272    0.47000    2.41    2.15    3.07
13-07-2024 15:04:06.68   30.13   0.188  26.353   31.243  108.1  12.68   8.272    0.47740    2.38    2.48    3.18
13-07-2024 15:04:06.93   29.98   0.191  26.351   31.238  108.1  12.68   8.272    0.49590    2.67    2.41    2.61
13-07-2024 15:04:07.18   29.86   0.195  26.352   31.235  108.1  12.68   8.272    0.51515    2.64    2.66    3.31
13-07-2024 15:04:07.42   29.69   0.196  26.351   31.233  108.1  12.67   8.272    0.49886    2.30    1.72    3.10
13-07-2024 15:04:07.67   29.58   0.191  26.350   31.237  108.1  12.68   8.273    0.50996    2.42    1.89    3.08
13-07-2024 15:04:07.91   29.41   0.192  26.346   31.231  108.1  12.68   8.273    0.51959    2.42    1.89    3.08
13-07-2024 15:04:08.16   29.28   0.196  26.335   31.213  108.1  12.68   8.273    0.53291    2.20    2.55    2.93
13-07-2024 15:04:08.40   29.09   0.179  26.322   31.213  108.1  12.69   8.273    0.52921    2.65    2.55    2.94
13-07-2024 15:04:08.65   28.97   0.170  26.304   31.198  108.1  12.69   8.274    0.54475    2.58    2.62    3.17
13-07-2024 15:04:08.89   28.83   0.162  26.307   31.211  108.1  12.69   8.274    0.53587    2.50    2.29    3.05
13-07-2024 15:04:09.14   28.68   0.156  26.304   31.214  108.1  12.69   8.274    0.56178    2.41    2.06    3.16
13-07-2024 15:04:09.38   28.53   0.130  26.278   31.205  108.2  12.71   8.275    0.54993    2.44    2.03    3.12
13-07-2024 15:04:09.63   28.35   0.111  26.248   31.185  108.2  12.72   8.275    0.58250    2.44    2.03    3.12
13-07-2024 15:04:09.87   28.23   0.101  26.228   31.170  108.2  12.73   8.276    0.57288    2.49    2.56    3.43
13-07-2024 15:04:10.12   28.09   0.087  26.203   31.152  108.2  12.73   8.276    0.57954    2.69    2.14    2.88
13-07-2024 15:04:10.37   27.92   0.040  26.170   31.156  108.2  12.75   8.277    0.58990    2.77    2.42    2.83
13-07-2024 15:04:10.61   27.79   0.035  26.136   31.117  108.1  12.74   8.277    0.60915    3.01    2.15    3.16
13-07-2024 15:04:10.86   27.64   0.018  26.101   31.089  108.1  12.75   8.277    0.60544    2.80    2.80    3.06
13-07-2024 15:04:11.11   27.50   0.008  26.121   31.125  108.1  12.75   8.277    0.61951    2.62    2.24    3.20
13-07-2024 15:04:11.35   27.33   0.005  26.127   31.136  108.1  12.75   8.278    0.62913    2.62    2.24    3.20
13-07-2024 15:04:11.60   27.19   0.009  26.130   31.136  108.1  12.75   8.278    0.64097    2.59    2.70    3.15
13-07-2024 15:04:11.84   27.06   0.025  26.129   31.119  108.1  12.74   8.278    0.65800    3.10    2.10    3.13
13-07-2024 15:04:12.09   26.93   0.057  26.147   31.110  108.0  12.72   8.278    0.65059    2.74    2.74    3.34
13-07-2024 15:04:12.33   26.78   0.084  26.163   31.103  107.9  12.70   8.277    0.67280    2.85    2.24    3.03
13-07-2024 15:04:12.58   26.61   0.115  26.171   31.081  107.9  12.69   8.277    0.68760    2.72    2.44    3.09
13-07-2024 15:04:12.82   26.46   0.135  26.163   31.052  107.9  12.69   8.277    0.70388    2.60    1.92    3.03
13-07-2024 15:04:13.07   26.34   0.128  26.165   31.061  107.9  12.69   8.277    0.69056    2.60    1.92    3.03
13-07-2024 15:04:13.31   26.19   0.131  26.174   31.070  107.9  12.69   8.277    0.71647    2.76    2.16    2.87
13-07-2024 15:04:13.56   26.03   0.168  26.182   31.044  107.9  12.68   8.277    0.71277    2.41    2.21    3.03
13-07-2024 15:04:13.80   25.89   0.197  26.179   31.011  107.9  12.67   8.277    0.71425    2.33    2.40    3.30
13-07-2024 15:04:14.06   25.73   0.204  26.181   31.005  107.9  12.67   8.277    0.74385    2.61    2.46    3.33
13-07-2024 15:04:14.30   25.61   0.221  26.180   30.988  107.9  12.67   8.277    0.76310    3.06    2.35    3.45
13-07-2024 15:04:14.55   25.46   0.242  26.176   30.961  107.9  12.66   8.277    0.77420    3.17    2.63    3.33
13-07-2024 15:04:14.80   25.28   0.253  26.167   30.939  107.9  12.66   8.276    0.77198    3.17    2.63    3.33
13-07-2024 15:04:15.04   25.14   0.261  26.166   30.929  107.9  12.66   8.277    0.79344    2.64    2.39    3.05
13-07-2024 15:04:15.29   25.02   0.264  26.162   30.921  107.9  12.66   8.276    0.80381    2.63    2.54    2.97
13-07-2024 15:04:15.53   24.84   0.269  26.161   30.915  107.9  12.66   8.277    0.81935    2.88    2.64    3.18
13-07-2024 15:04:15.78   24.72   0.277  26.160   30.905  107.9  12.66   8.276    0.81861    2.70    2.30    2.85
13-07-2024 15:04:16.02   24.56   0.285  26.158   30.895  107.9  12.66   8.276    0.83267    2.87    2.21    3.19
13-07-2024 15:04:16.27   24.39   0.292  26.158   30.888  108.0  12.66   8.276    0.87338    3.41    2.39    3.11
13-07-2024 15:04:16.51   24.23   0.297  26.156   30.880  108.0  12.66   8.275    0.88374    3.41    2.39    3.11
13-07-2024 15:04:16.76   24.10   0.339  26.153   30.834  107.9  12.64   8.275    0.87856    2.88    2.51    3.29
13-07-2024 15:04:17.00   23.98   0.354  26.149   30.814  107.9  12.64   8.275    0.88744    2.81    1.92    3.08
13-07-2024 15:04:17.25   23.81   0.356  26.147   30.809  107.9  12.64   8.275    0.91557    3.03    2.43    3.34
13-07-2024 15:04:17.49   23.69   0.357  26.144   30.805  108.0  12.64   8.275    0.93629    3.21    2.14    3.27
13-07-2024 15:04:17.74   23.51   0.361  26.142   30.798  108.0  12.64   8.275    0.96516    2.95    2.68    3.25
13-07-2024 15:04:17.99   23.33   0.365  26.141   30.793  108.0  12.64   8.275    0.98514    3.07    1.90    3.32
13-07-2024 15:04:18.24   23.23   0.368  26.138   30.786  108.0  12.64   8.296    0.99476    3.07    1.90    3.32
13-07-2024 15:04:18.48   23.09   0.370  26.137   30.783  108.0  12.64   8.275    1.00809    3.78    2.54    3.61
13-07-2024 15:04:18.73   22.94   0.372  26.136   30.780  108.0  12.65   8.273    1.02141    3.50    2.57    3.20
13-07-2024 15:04:18.98   22.78   0.374  26.135   30.777  108.0  12.65   8.274    1.05102    3.24    2.52    2.87
13-07-2024 15:04:19.23   22.66   0.375  26.132   30.772  108.0  12.65   8.274    1.07100    3.36    2.25    3.23
13-07-2024 15:04:19.47   22.54   0.377  26.133   30.771  108.0  12.65   8.274    1.07988    3.17    2.49    3.16
13-07-2024 15:04:19.71   22.41   0.377  26.115   30.749  108.0  12.65   8.274    1.11097    2.97    2.69    3.44
13-07-2024 15:04:19.96   22.30   0.374  26.082   30.708  108.0  12.65   8.274    1.11615    2.97    2.69    3.44
13-07-2024 15:04:20.20   22.20   0.368  26.064   30.690  108.0  12.66   8.274    1.14798    3.13    2.62    3.24
13-07-2024 15:04:20.45   22.07   0.367  26.065   30.693  108.0  12.66   8.274    1.15686    3.02    2.43    3.06
13-07-2024 15:04:20.69   21.91   0.362  26.066   30.700  108.0  12.66   8.274    1.17314    2.98    1.98    3.14
13-07-2024 15:04:20.94   21.81   0.363  26.065   30.698  108.0  12.66   8.274    1.17388    3.36    2.27    2.98
13-07-2024 15:04:21.18   21.68   0.365  26.066   30.697  108.0  12.66   8.274    1.21755    3.41    2.51    3.04
13-07-2024 15:04:21.43   21.55   0.366  26.065   30.695  108.0  12.65   8.273    1.24568    3.90    2.11    2.80
13-07-2024 15:04:21.72   21.41   0.366  26.062   30.690  108.0  12.65   8.273    1.25678    3.88    2.00    3.38
13-07-2024 15:04:21.93   21.31   0.362  26.055   30.687  107.9  12.65   8.273    1.24938    3.88    2.00    3.38
13-07-2024 15:04:22.17   21.19   0.355  26.046   30.681  107.9  12.65   8.273    1.30045    4.86    2.16    3.17
13-07-2024 15:04:22.42   21.06   0.350  26.040   30.679  107.9  12.65   8.273    1.32709    3.55    2.42    3.25
13-07-2024 15:04:22.66   20.94   0.338  26.003   30.642  107.9  12.66   8.273    1.36040    3.64    2.20    3.49
13-07-2024 15:04:22.91   20.79   0.331  25.981   30.621  107.9  12.66   8.273    1.36928    3.36    1.93    3.06
13-07-2024 15:04:23.16   20.66   0.329  25.975   30.616  107.9  12.66   8.272    1.39001    3.52    2.09    3.26
13-07-2024 15:04:23.40   20.56   0.364  25.972   30.578  107.8  12.64   8.272    1.43219    3.52    2.09    3.26
13-07-2024 15:04:23.64   20.43   0.435  25.985   30.522  107.5  12.59   8.271    1.45144    3.30    2.52    3.13
13-07-2024 15:04:23.89   20.28   0.448  26.011   30.544  107.5  12.58   8.270    1.48697    3.88    2.17    2.97
13-07-2024 15:04:24.13   20.19   0.486  25.999   30.492  107.4  12.57   8.269    1.49659    3.87    2.17    3.20
13-07-2024 15:04:24.38   20.04   0.527  25.993   30.442  107.4  12.55   8.268    1.52545    3.64    2.59    3.14
13-07-2024 15:04:24.62   19.93   0.588  26.008   30.402  107.2  12.51   8.267    1.56690    4.15    2.10    3.29
13-07-2024 15:04:24.87   19.83   0.696  26.064   30.368  107.0  12.45   8.266    1.59429    4.15    2.10    3.29
13-07-2024 15:04:25.12   19.67   0.763  26.109   30.361  106.9  12.42   8.265    1.62019    4.00    2.05    3.39
13-07-2024 15:04:25.36   19.51   0.711  26.087   30.383  107.2  12.47   8.274    1.64906    3.84    2.51    3.43
13-07-2024 15:04:25.61   19.44   0.748  26.129   30.400  107.3  12.47   8.264    1.70457    4.22    2.10    3.57
13-07-2024 15:04:25.86   19.32   0.792  26.185   30.428  107.3  12.45   8.265    1.72455    4.05    2.41    3.55
13-07-2024 15:04:26.10   19.22   0.823  26.176   30.386  107.3  12.44   8.265    1.74972    4.59    2.78    3.54
13-07-2024 15:04:26.35   19.06   0.968  26.279   30.376  107.1  12.38   8.265    1.78525    4.10    2.45    3.24
13-07-2024 15:04:26.60   18.95   1.467  26.297   29.917  105.8  12.11   8.258    1.83336    4.10    2.45    3.24
13-07-2024 15:04:26.84   18.82   1.533  26.388   29.968  105.8  12.08   8.258    1.88221    4.34    2.13    3.40
13-07-2024 15:04:27.09   18.70   1.466  26.564   30.253  106.2  12.12   8.260    1.91773    4.44    2.64    3.37
13-07-2024 15:04:27.33   18.57   1.447  26.533   30.233  106.6  12.18   8.263    1.95030    4.96    2.26    3.53
13-07-2024 15:04:27.58   18.44   1.442  26.493   30.187  106.9  12.22   8.266    1.99989    4.93    2.55    3.35
13-07-2024 15:04:27.82   18.31   1.449  26.480   30.164  107.0  12.23   8.268    2.07761    4.40    2.35    3.26
13-07-2024 15:04:28.07   18.17   1.463  26.470   30.138  107.1  12.23   8.271    2.10425    4.38    2.04    2.95
13-07-2024 15:04:28.31   18.05   1.471  26.471   30.131  107.1  12.23   8.273    2.17235    4.38    2.04    2.95
13-07-2024 15:04:28.56   17.92   1.491  26.499   30.147  107.0  12.22   8.275    2.23156    4.96    2.43    3.17
13-07-2024 15:04:28.81   17.75   1.487  26.504   30.157  107.2  12.24   8.278    2.32704    5.69    2.50    3.11
13-07-2024 15:04:29.05   17.58   1.486  26.499   30.153  107.4  12.26   8.280    2.40327    5.56    2.46    3.63
13-07-2024 15:04:29.30   17.43   1.505  26.558   30.208  107.5  12.27   8.282    2.50838    5.97    2.55    3.81
13-07-2024 15:04:29.55   17.23   1.547  26.537   30.141  107.5  12.26   8.283    2.61792    5.08    2.60    3.65
13-07-2024 15:04:29.79   17.07   1.535  26.495   30.100  107.7  12.29   8.286    2.72524    5.42    2.36    3.29
13-07-2024 15:04:30.05   16.91   1.524  26.482   30.095  107.9  12.31   8.288    2.85255   15.90    2.84    3.13
13-07-2024 15:04:30.28   16.77   1.515  26.463   30.080  108.0  12.32   8.290    2.96283   15.90    2.84    3.13
13-07-2024 15:04:30.53   16.57   1.498  26.458   30.090  108.1  12.34   8.292    3.13306    5.64    2.96    3.70
13-07-2024 15:04:30.77   16.41   1.421  26.467   30.176  108.4  12.39   8.295    3.34771    7.01    2.65    3.55
13-07-2024 15:04:31.02   16.24   1.369  26.282   29.995  108.4  12.43   8.298    3.57790    5.77    2.50    3.49
13-07-2024 15:04:31.26   16.08   1.278  26.229   30.015  108.6  12.48   8.301    3.85619    6.44    2.61    3.45
13-07-2024 15:04:31.51   15.88   1.248  26.222   30.034  108.6  12.49   8.302    4.13671    4.79    1.99    3.64
13-07-2024 15:04:31.75   15.71   1.223  26.196   30.027  108.8  12.51   8.304    4.45128    4.79    1.99    3.64
13-07-2024 15:04:32.00   15.55   1.177  26.173   30.041  108.9  12.55   8.306    4.76288    4.69    2.45    3.66
13-07-2024 15:04:32.24   15.37   1.151  26.065   29.930  109.0  12.57   8.306    5.10631    5.04    2.50    3.18
13-07-2024 15:04:32.49   15.18   1.078  26.005   29.924  108.9  12.59   8.308    5.48675    5.28    2.60    4.19
13-07-2024 15:04:32.74   15.02   1.004  26.016   30.010  108.9  12.61   8.310    5.94416    4.88    2.65    3.56
13-07-2024 15:04:32.99   14.86   0.925  26.033   30.108  109.2  12.66   8.311    6.44229    7.78    2.63    3.46
13-07-2024 15:04:33.23   14.67   0.897  25.946   30.024  109.3  12.69   8.312    7.00110    4.21    2.00    3.63
13-07-2024 15:04:33.48   14.49   0.840  25.813   29.910  109.6  12.74   8.312    7.60432    4.21    2.00    3.63
13-07-2024 15:04:33.72   14.32   0.790  25.759   29.890  109.7  12.78   8.312    8.20163    4.09    2.65    3.10
13-07-2024 15:04:33.97   14.19   0.705  25.704   29.902  109.8  12.82   8.313    8.87220    3.72    2.32    3.27
13-07-2024 15:04:34.21   14.03   0.645  25.651   29.892  109.8  12.84   8.313    9.54130    3.89    2.31    2.80
13-07-2024 15:04:34.46   13.85   0.582  25.571   29.850  109.8  12.86   8.314   10.25111    3.38    2.34    3.12
13-07-2024 15:04:34.70   13.66   0.527  25.522   29.841  109.9  12.89   8.314   10.99792    3.43    2.15    3.37
13-07-2024 15:04:34.95   13.51   0.492  25.492   29.836  109.9  12.91   8.313   11.70181    3.74    2.05    3.47
13-07-2024 15:04:35.19   13.35   0.446  25.479   29.864  110.1  12.94   8.313   12.39903    3.74    2.05    3.47
13-07-2024 15:04:35.44   13.14   0.394  25.457   29.885  110.1  12.97   8.313   13.07331    3.61    2.62    3.04
13-07-2024 15:04:35.69   12.98   0.383  25.411   29.838  109.9  12.95   8.311   13.81272    3.28    2.43    3.15
13-07-2024 15:04:35.93   12.81   0.379  25.386   29.810  109.9  12.95   8.310   14.62023    3.38    2.33    3.20
13-07-2024 15:04:36.18   12.65   0.348  25.315   29.747  109.9  12.97   8.310   15.38480    2.52    2.26    3.26
13-07-2024 15:04:36.43   12.48   0.337  25.302   29.742  110.0  12.98   8.309   16.14494    2.79    1.95    3.18
13-07-2024 15:04:36.68   12.29   0.311  25.282   29.742  110.0  12.99   8.308   16.89397    2.74    2.26    3.36
13-07-2024 15:04:36.92   12.12   0.312  25.279   29.736  110.0  12.99   8.307   17.65115    2.74    2.26    3.36
13-07-2024 15:04:37.17   11.95   0.302  25.286   29.755  110.1  13.00   8.306   18.37576    3.33    2.45    2.95
13-07-2024 15:04:37.41   11.81   0.323  25.283   29.731  110.0  12.99   8.304   19.13294    3.02    2.35    3.48
13-07-2024 15:04:37.66   11.63   0.362  25.288   29.700  110.0  12.98   8.303   19.89529    2.87    2.02    3.16
13-07-2024 15:04:37.90   11.46   0.429  25.302   29.653  110.0  12.95   8.301   20.69614    3.59    2.02    3.24
13-07-2024 15:04:38.15   11.31   0.487  25.325   29.627  109.9  12.93   8.300   21.47996    3.98    2.50    3.40
13-07-2024 15:04:38.39   11.15   0.507  25.331   29.617  109.9  12.93   8.299   22.20531    3.96    2.30    3.52
13-07-2024 15:04:38.64   10.98   0.506  25.384   29.684  110.1  12.94   8.299   23.01652    3.96    2.30    3.52
13-07-2024 15:04:38.88   10.80   0.649  25.488   29.681  109.9  12.87   8.297   24.01794    5.53    2.74    3.42
13-07-2024 15:04:39.13   10.65   0.711  25.510   29.650  110.0  12.86   8.295   25.17110    3.49    2.20    3.13
13-07-2024 15:04:39.37   10.49   0.758  25.525   29.623  110.0  12.85   8.295   26.40271    4.39    2.39    3.47
13-07-2024 15:04:39.62   10.34   0.809  25.589   29.656  110.1  12.84   8.294   27.57659    5.12    2.58    3.21
13-07-2024 15:04:39.87   10.14   0.861  25.594   29.614  110.1  12.83   8.294   28.67202    5.55    2.56    3.59
13-07-2024 15:04:40.11    9.98   0.891  25.624   29.623  110.1  12.81   8.295   29.96136    5.96    2.44    3.24
13-07-2024 15:04:40.36    9.83   0.955  25.686   29.641  110.1  12.80   8.295   31.11674    5.96    2.44    3.24
13-07-2024 15:04:40.61    9.68   1.022  25.748   29.656  110.1  12.77   8.295   32.15073    6.02    2.47    3.36
13-07-2024 15:04:40.85    9.52   1.101  25.779   29.620  110.0  12.74   8.296   33.21803    6.04    2.41    3.58
13-07-2024 15:04:41.11    9.32   1.174  25.818   29.599  110.1  12.72   8.297   34.37785    5.80    2.50    3.28
13-07-2024 15:04:41.34    9.17   1.221  25.806   29.540  110.4  12.74   8.299   35.40814    5.60    2.05    3.56
13-07-2024 15:04:41.59    9.07   1.252  25.796   29.498  110.5  12.75   8.301   36.60719    6.48    2.57    3.69
13-07-2024 15:04:41.83    8.88   1.267  25.793   29.481  110.7  12.77   8.303   37.90764    5.34    2.78    3.40
13-07-2024 15:04:42.08    8.70   1.259  25.795   29.491  110.8  12.79   8.306   39.43087    5.34    2.78    3.40
13-07-2024 15:04:42.32    8.52   1.327  25.847   29.492  110.9  12.77   8.307   41.06216    5.97    3.13    3.32
13-07-2024 15:04:42.57    8.39   1.352  25.883   29.514  111.2  12.80   8.309   42.68384    7.27    2.51    3.72
13-07-2024 15:04:42.81    8.21   1.392  25.914   29.515  111.4  12.81   8.311   44.26406    6.06    2.35    3.81
13-07-2024 15:04:43.06    8.02   1.532  25.934   29.407  111.3  12.75   8.311   45.84577    6.35    2.75    3.73
13-07-2024 15:04:43.30    7.91   1.591  25.934   29.353  111.2  12.73   8.313   47.47706    6.09    2.60    3.41
13-07-2024 15:04:43.56    7.73   1.608  25.948   29.354  111.3  12.73   8.317   49.31413    5.89    2.27    3.92
13-07-2024 15:04:43.80    7.54   1.612  25.947   29.350  111.4  12.75   8.319   51.70481    5.89    2.27    3.92
13-07-2024 15:04:44.05    7.37   1.613  25.948   29.350  111.6  12.77   8.324   54.64248    7.37    2.62    3.22
13-07-2024 15:04:44.30    7.20   1.637  25.967   29.351  111.7  12.77   8.324   57.91914    6.34    2.48    3.64
13-07-2024 15:04:44.54    7.03   1.643  25.974   29.354  112.2  12.82   8.327   61.49851    6.85    2.99    3.57
13-07-2024 15:04:44.79    6.88   1.666  25.971   29.330  112.5  12.85   8.330   65.58044    5.74    2.68    3.41
13-07-2024 15:04:45.03    6.67   1.981  26.001   29.075  111.7  12.69   8.328   70.12424    6.46    2.71    3.73
13-07-2024 15:04:45.28    6.48   2.146  26.115   29.064  111.4  12.60   8.339   74.98631    6.67    2.37    3.43
13-07-2024 15:04:45.52    6.37   2.192  26.125   29.034  111.7  12.62   8.329   80.82462    6.67    2.37    3.43
13-07-2024 15:04:45.77    6.19   2.154  26.098   29.036  112.3  12.70   8.337   86.76730    5.90    2.66    3.62
13-07-2024 15:04:46.01    6.07   2.150  26.085   29.024  112.7  12.74   8.342   93.76915    6.05    2.85    3.52
13-07-2024 15:04:46.26    5.89   2.148  26.109   29.056  112.9  12.76   8.346  101.69840    6.26    2.70    4.05
13-07-2024 15:04:46.50    5.69   2.102  26.066   29.045  113.3  12.83   8.350  110.17388    7.19    2.83    4.15
13-07-2024 15:04:46.75    5.55   1.890  25.817   28.933  114.1  13.00   8.357  118.57166    8.32    2.76    3.90
13-07-2024 15:04:46.99    5.39   1.805  25.769   28.952  114.5  13.07   8.362  125.53722    7.27    2.59    3.93
13-07-2024 15:04:47.24    5.24   1.829  25.773   28.934  114.5  13.06   8.364  132.82623    7.27    2.59    3.93
13-07-2024 15:04:47.49    5.09   1.852  25.765   28.904  114.4  13.05   8.366  140.34396    6.75    2.87    3.78
13-07-2024 15:04:47.74    4.92   1.737  25.761   29.004  114.8  13.12   8.369  148.78911    6.71    2.23    3.68
13-07-2024 15:04:47.98    4.75   1.564  25.725   29.120  115.4  13.24   8.374  157.60358    7.56    2.88    3.25
13-07-2024 15:04:48.23    4.57   1.545  25.756   29.176  115.5  13.25   8.375  165.17386    6.59    2.69    3.21
13-07-2024 15:04:48.47    4.44   1.508  25.684   29.121  115.4  13.27   8.377  172.26082    5.87    2.56    3.36
13-07-2024 15:04:48.72    4.29   1.530  25.529   28.907  115.2  13.25   8.377  179.23674    6.19    2.40    3.51
13-07-2024 15:04:48.96    4.12   1.499  25.418   28.798  115.3  13.28   8.377  185.83743    6.19    2.40    3.51
13-07-2024 15:04:49.21    3.98   1.405  25.358   28.810  115.6  13.35   8.378  191.83266    5.34    3.04    3.48
13-07-2024 15:04:49.45    3.82   1.369  25.349   28.832  115.8  13.39   8.377  198.48441    5.14    2.60    3.56
13-07-2024 15:04:49.70    3.68   1.364  25.347   28.833  115.9  13.40   8.376  208.78363    4.82    2.40    3.45
13-07-2024 15:04:49.94    3.54   1.368  25.352   28.836  116.2  13.43   8.374  219.13168    5.13    1.99    3.41
13-07-2024 15:04:50.19    3.40   1.374  25.359   28.840  116.4  13.45   8.372  228.20596    4.25    2.36    3.20
13-07-2024 15:04:50.44    3.23   1.380  25.351   28.825  116.7  13.48   8.370  233.12206    4.52    2.39    3.39
13-07-2024 15:04:50.68    3.15   1.589  25.524   28.848  116.6  13.40   8.365  238.80791    4.52    2.39    3.39
13-07-2024 15:04:50.93    3.00   2.061  26.000   29.002  116.1  13.16   8.356  252.31569    4.37    2.57    3.57
13-07-2024 15:04:51.18    2.92   2.345  26.223   29.016  116.3  13.08   8.352  259.72903    5.98    2.22    3.63
13-07-2024 15:04:51.43    2.83   2.608  26.231   28.788  115.8  12.97   8.349  266.08398    4.30    2.48    3.67
13-07-2024 15:04:51.67    2.74   3.020  26.265   28.461  115.0  12.77   8.344  271.24136    4.02    2.45    3.44
13-07-2024 15:04:51.92    2.64   3.177  26.185   28.228  115.8  12.83   8.344  276.38766    5.68    2.30    3.38
13-07-2024 15:04:52.17    2.56   3.316  26.000   27.888  116.4  12.88   8.344  282.91208    4.05    2.86    3.40
13-07-2024 15:04:52.41    2.45   4.871  25.886   26.469  111.5  11.98   8.323  282.15863    4.05    2.86    3.40
13-07-2024 15:04:52.65    2.33   5.993  25.848   25.559  108.6  11.42   8.310  290.10858    4.45    2.22    2.58
13-07-2024 15:04:52.90    2.23   6.165  25.814   25.393  110.3  11.57   8.316  301.91623    3.46    2.12    3.02
13-07-2024 15:04:53.14    2.12   6.197  25.799   25.352  112.8  11.82   8.328  313.65656    3.46    2.74    3.29
13-07-2024 15:04:53.39    2.03   6.127  25.506   25.089  113.8  11.96   8.342  322.02246    3.90    1.93    3.64
13-07-2024 15:04:53.63    1.93   6.063  25.265   24.875  114.3  12.06   8.351  319.99225    3.12    3.04    3.13
13-07-2024 15:04:53.88    1.86   5.971  25.247   24.924  115.0  12.15   8.356  319.48819    3.58    2.63    3.90
13-07-2024 15:04:54.12    1.75   5.874  25.257   25.006  116.5  12.33   8.359  318.17963    3.58    2.63    3.90
13-07-2024 15:04:54.37    1.67   5.880  25.129   24.862  117.8  12.48   8.361  336.26004    4.75    2.49    3.37
13-07-2024 15:04:54.62    1.60   5.989  25.107   24.758  118.5  12.53   8.361  353.48856    4.35    1.88    3.29
13-07-2024 15:04:54.86    1.49   6.243  25.254   24.732  118.7  12.47   8.360  356.20050    3.61    2.10    3.65
13-07-2024 15:04:55.11    1.41   6.518  25.147   24.420  118.9  12.43   8.357  369.04507    4.06    2.20    3.36
13-07-2024 15:04:55.36    1.29   6.793  24.780   23.837  118.5  12.36   8.353  375.78564    3.57    1.59    2.82
13-07-2024 15:04:55.61    1.17   6.845  24.654   23.668  118.8  12.39   8.353  380.95117    3.97    3.24    3.20
13-07-2024 15:04:55.85    1.12   6.834  24.585   23.603  119.7  12.50   8.355  428.85086    3.97    3.24    3.20
13-07-2024 15:04:56.10    1.02   6.854  24.141   23.123  120.7  12.64   8.357  425.48096    3.40    1.81    3.58
13-07-2024 15:04:56.34    0.98   6.995  23.873   22.748  120.9  12.64   8.358  421.84088    3.95    2.54    3.04
13-07-2024 15:04:56.59    0.94   7.136  23.938   22.723  121.2  12.63   8.358  442.31128    3.08    3.10    3.22
13-07-2024 15:04:56.83    0.89   7.182  23.890   22.644  121.3  12.63   8.357  454.81836    3.37    2.22    3.54
13-07-2024 15:04:57.08    0.78   7.173  23.891   22.650  121.7  12.68   8.356  441.45343    3.25    2.59    3.26
13-07-2024 15:04:57.32    0.70   7.298  23.810   22.484  121.2  12.61   8.351  491.25162    3.46    2.93    2.10
13-07-2024 15:04:57.57    0.59   7.439  23.728   22.309  120.9  12.55   8.347  501.19705    3.46    2.93    2.10
13-07-2024 15:04:57.81    0.48   7.510  23.674   22.208  120.7  12.51   8.346  797.76202    3.43    2.46    2.76
13-07-2024 15:04:58.06    0.41   7.520  23.655   22.182  120.6  12.49   8.347  905.90417    2.86    2.40    3.25
13-07-2024 15:04:58.31    0.33   7.459  23.611   22.176  121.1  12.57   8.348  889.85394    3.34    2.46    3.89
13-07-2024 15:04:58.55    0.30   7.492  23.578   22.120  121.4  12.59   8.346  880.82709    3.18    2.53    3.22
13-07-2024 15:04:58.80    0.23   7.542  23.555   22.066  121.1  12.55   8.343  889.84137    3.38    2.28    3.82
13-07-2024 15:04:59.05    0.17   7.568  23.569   22.063  121.2  12.55   8.340  906.47925    2.66    2.95    4.30
13-07-2024 15:04:59.29    0.13   7.531  23.562   22.079  121.0  12.55   8.339  912.24878    2.66    2.95    4.30
13-07-2024 15:04:59.54    0.09   7.593  23.535   22.013  120.9  12.53   8.336  902.89618    3.53    2.99    2.98
13-07-2024 15:04:59.78    0.05   7.668  23.510   21.940  120.8  12.50   8.334  888.44690    3.23    2.39    2.98
13-07-2024 15:05:00.03    0.04   7.668  22.761   21.175  120.6  12.54   8.329  890.68439    2.88    1.77    9.16
13-07-2024 15:05:00.27    0.04   7.590   3.676    2.979  120.0  14.06   8.328  900.84521    7.65    1.77    9.16
13-07-2024 15:05:00.52    0.01   7.511   2.086    1.638  118.5  14.03   8.328  918.89526    7.65   83.79    0.34
13-07-2024 15:05:00.77    0.06   7.460   1.871    1.463  117.4  13.93   8.324  947.30975   12.20   83.79    0.34
13-07-2024 15:05:01.01    0.00   7.423   1.618    1.257  116.4  13.85   8.325  970.15674   12.20   83.79    0.34
13-07-2024 15:05:01.25    0.04   7.385   1.505    1.166  115.6  13.77   8.328  987.63617   12.20 1000.00   70.69
13-07-2024 15:05:01.50    0.02   7.366   1.219    0.935  114.8  13.70   8.329 1008.78235    6.25   67.58    0.00
13-07-2024 15:05:01.74    0.04   7.351   1.074    0.819  114.0  13.62   8.329 1041.07153    5.54   21.48   29.98
13-07-2024 15:05:01.99    0.01   7.326   1.010    0.769  113.3  13.55   8.337 1065.84814   39.43 1000.00    5.75
13-07-2024 15:05:02.24    0.04   7.308   0.985    0.749  112.7  13.49   8.344 1069.90564    8.69   51.73   32.84
13-07-2024 15:05:02.49   -0.01   7.268   1.001    0.763  112.2  13.45   8.325 1066.73486   11.60    0.00   44.31
13-07-2024 15:05:02.73    0.05   7.229   0.966    0.736  111.6  13.39   8.323 1089.51819   11.60    0.00   44.31
13-07-2024 15:05:02.98    0.03   7.199   0.881    0.669  111.1  13.34   8.325 1133.04578   11.60   13.93   44.31
13-07-2024 15:05:03.23    0.03   7.168   0.757    0.572  110.6  13.29   8.326 1166.20679   11.60    3.85   44.31
13-07-2024 15:05:03.47    0.03   7.134   0.634    0.475  110.1  13.25   8.327 1177.09143   11.60    3.85   16.06
13-07-2024 15:05:03.72   -0.00   7.095   0.618    0.463  109.6  13.20   8.328 1184.04297    1.89   27.91    5.96
13-07-2024 15:05:03.96    0.02   7.055   0.791    0.600  109.1  13.15   8.329 1203.92725   16.77   27.91    5.96
13-07-2024 15:05:04.21    0.01   7.020   0.891    0.680  108.7  13.11   8.330 1231.05225   16.77   27.91    5.96
13-07-2024 15:05:04.45    0.02   6.988   0.836    0.637  108.3  13.07   8.332 1246.80859   35.41   15.85   28.38
13-07-2024 15:05:04.70    0.03   6.955   0.733    0.556  107.9  13.05   8.334 1251.95496 1000.00   12.69 1000.00
13-07-2024 15:05:04.94    0.02   6.925   0.690    0.522  107.6  13.01   8.347 1257.81616   15.52   26.58   22.37
13-07-2024 15:05:05.19    0.02   6.899   0.904    0.693  107.2  12.96   8.354 1262.33850 1000.00 1000.00    6.49
13-07-2024 15:05:05.43    0.05   6.858   0.897    0.688  106.9  12.94   8.359 1272.34094 1000.00 1000.00    0.00
13-07-2024 15:05:05.68    0.03   6.832   0.823    0.630  106.6  12.91   8.365 1284.38391   24.33   47.08    0.00
13-07-2024 15:05:05.93    0.03   6.806   0.807    0.617  106.2  12.88   8.371 1284.24048   24.33   47.08    0.00
13-07-2024 15:05:06.18    0.03   6.780   0.763    0.582  105.9  12.86   8.376 1284.09521 1000.00  113.01 1000.00
13-07-2024 15:05:06.42    0.01   6.743   0.692    0.527  105.7  12.85   8.381 1288.60205   31.36  113.01   40.60
13-07-2024 15:05:06.67    0.04   6.703   0.582    0.440  105.5  12.84   8.386 1298.42163   31.36   43.04   54.00
13-07-2024 15:05:06.91    0.02   6.670   0.512    0.386  105.3  12.83   8.393 1304.16907   31.36    0.00 1000.00
13-07-2024 15:05:07.16   -0.00   6.635   0.547    0.414  105.1  12.81   8.403 1303.96472    9.46 1000.00    7.33
13-07-2024 15:05:07.40    0.01   6.607   0.742    0.568  104.9  12.79   8.412 1307.34717   10.83   42.34   34.90
13-07-2024 15:05:07.65    0.04   6.578   0.815    0.628  104.7  12.77   8.419 1309.89478   10.83   42.34   34.90
13-07-2024 15:05:07.89    0.05   6.553   0.742    0.570  104.5  12.76   8.426 1307.95850   24.79   49.34    5.00
13-07-2024 15:05:08.14    0.01   6.517   0.650    0.496  104.4  12.76   8.433 1299.81836    0.00   49.34    2.97
13-07-2024 15:05:08.38    0.01   6.474   0.560    0.426  104.3  12.77   8.439 1302.98547 1000.00    1.98   27.81
13-07-2024 15:05:08.63    0.00   6.433   0.556    0.423  104.1  12.76   8.450 1312.14709 1000.00    4.21   15.95
13-07-2024 15:05:08.88    0.03   6.391   0.739    0.570  104.0  12.76   8.458 1311.63928 1000.00   49.80   15.95
13-07-2024 15:05:09.12    0.02   6.350   0.683    0.526  104.0  12.76   8.465 1306.27185   15.55   49.80   15.95
13-07-2024 15:05:09.37    0.02   6.316   0.610    0.468  103.9  12.76   8.472 1305.41382   15.55   49.80   15.95
13-07-2024 15:05:09.62    0.02   6.275   0.568    0.435  103.8  12.77   8.480 1308.82751 1000.00   42.43   24.15
13-07-2024 15:05:09.87    0.02   6.237   0.537    0.410  103.7  12.77   8.488 1305.03503 1000.00   42.43   24.15
13-07-2024 15:05:10.11    0.02   6.206   0.486    0.370  103.6  12.78   8.495 1302.53833   13.85   20.01 1000.00
13-07-2024 15:05:10.36   -0.02   6.177   0.323    0.243  103.5  12.78   8.503 1310.73413   13.85   20.01    0.00
13-07-2024 15:05:10.60    0.01   6.150   0.400    0.303  103.4  12.78   8.511 1313.72876   13.85   20.01 1000.00
13-07-2024 15:05:10.85    0.02   6.122   0.452    0.344  103.3  12.77   8.518 1311.03979   10.99   20.01   15.90
13-07-2024 15:05:11.10    0.02   6.092   0.375    0.284  103.2  12.78   8.526 1303.74048   10.99   20.01   15.90
13-07-2024 15:05:11.34    0.02   6.063   0.360    0.273  103.2  12.78   8.533 1308.53442   10.99   20.01   15.90
13-07-2024 15:05:11.58   -0.01   6.033   0.344    0.260  103.1  12.78   8.539 1308.58691    0.00    9.17    0.00
13-07-2024 15:05:11.83    0.00   6.005   0.258    0.193  103.1  12.79   8.545 1307.07336 1000.00    2.44    0.00
13-07-2024 15:05:12.07    0.03   5.978   0.220    0.164  103.0  12.79   8.554 1307.45532 1000.00    2.17 1000.00
13-07-2024 15:05:12.32    0.01   5.952   0.237    0.177  103.0  12.80   8.562 1312.33728 1000.00   23.65    9.00
13-07-2024 15:05:12.56    0.01   5.929   0.230    0.172  102.9  12.80   8.570 1310.42542 1000.00 1000.00    9.18
13-07-2024 15:05:12.81    0.00   5.909   0.216    0.162  102.8  12.80   8.579 1305.44360 1000.00 1000.00    9.18
13-07-2024 15:05:13.06    0.01   5.892   0.208    0.155  102.8  12.79   8.588 1302.75232   20.87    0.00    0.00
13-07-2024 15:05:13.30    0.04   5.877   0.200    0.150  102.7  12.79   8.596 1306.04443   20.87   57.83    0.00
13-07-2024 15:05:13.55    0.02   5.864   0.196    0.146  102.7  12.79   8.606 1305.87720    0.00 1000.00 1000.00
13-07-2024 15:05:13.80    0.02   5.853   0.193    0.144  102.6  12.78   8.619 1305.39832 1000.00   15.31   17.85
13-07-2024 15:05:14.05    0.00   5.843   0.192    0.143  102.6  12.78   8.631 1305.53455 1000.00   43.11    4.55
13-07-2024 15:05:14.29    0.01   5.833   0.192    0.143  102.5  12.78   8.644 1304.55005 1000.00 1000.00 1000.00
13-07-2024 15:05:14.53    0.01   5.818   0.192    0.143  102.4  12.78   8.656 1294.27905 1000.00 1000.00 1000.00
13-07-2024 15:05:14.78    0.06   5.801   0.191    0.143  102.4  12.78   8.668 1294.41675 1000.00 1000.00 1000.00
13-07-2024 15:05:15.02    0.03   5.790   0.191    0.143  102.4  12.78   8.679 1330.74707   10.64    3.64    5.53
13-07-2024 15:05:15.27    0.02   5.784   0.191    0.142  102.3  12.77   8.696 1336.35815   24.53    0.00    5.53
13-07-2024 15:05:15.51    0.00   5.773   0.193    0.144  102.2  12.77   8.715 1322.24792    0.00    0.00 1000.00
13-07-2024 15:05:15.76    0.04   5.762   0.190    0.142  102.2  12.76   8.726 1321.81348 1000.00 1000.00 1000.00
13-07-2024 15:05:16.00    0.02   5.752   0.191    0.143  102.1  12.76   8.737 1313.33057   31.68 1000.00 1000.00
13-07-2024 15:05:16.25    0.03   5.743   0.200    0.150  102.1  12.76   8.747 1312.68665   31.68 1000.00 1000.00
13-07-2024 15:05:16.49    0.04   5.735   0.198    0.148  102.1  12.76   8.759 1304.22742 1000.00   48.34   12.90
13-07-2024 15:05:16.75    0.02   5.730   0.202    0.152  102.1  12.76   8.775 1287.14478    0.00 1000.00 1000.00
13-07-2024 15:05:16.99   -0.00   5.727   0.195    0.146  102.0  12.75   8.788 1272.07153 1000.00 1000.00   74.63
13-07-2024 15:05:17.24    0.03   5.724   0.219    0.164  102.0  12.75   8.800 1228.28406 1000.00   42.06 1000.00
13-07-2024 15:05:17.49   -0.03   5.722   0.246    0.185  101.9  12.74   8.810 1207.04321   55.68 1000.00 1000.00
13-07-2024 15:05:17.73   -0.01   5.718   0.278    0.211  101.9  12.74   8.823 1208.48584 1000.00 1000.00    0.00
13-07-2024 15:05:17.97    0.02   5.711   0.288    0.218  101.9  12.74   8.832 1222.02466 1000.00 1000.00    0.00
13-07-2024 15:05:18.22    0.00   5.699   0.277    0.210  101.8  12.73   8.844 1224.38574    0.00    0.00 1000.00
13-07-2024 15:05:18.47   -0.00   5.691   0.268    0.203  101.8  12.73   8.858 1205.58740 1000.00    0.00 1000.00
13-07-2024 15:05:18.71    0.02   5.689   0.255    0.193  101.8  12.73   8.871 1211.03333 1000.00   41.62    0.00
13-07-2024 15:05:18.96    0.01   5.689   0.238    0.179  101.7  12.72   8.885 1197.66101 1000.00 1000.00   30.56
13-07-2024 15:05:19.20    0.03   5.682   0.243    0.184  101.7  12.72   8.898 1174.63721 1000.00 1000.00 1000.00
13-07-2024 15:05:19.45    0.05   5.677   0.252    0.191  101.7  12.72   8.910 1179.36743   37.05    0.00 1000.00
13-07-2024 15:05:19.69    0.01   5.671   0.251    0.190  101.6  12.72   8.922 1189.98938   37.05    0.00 1000.00
13-07-2024 15:05:19.94    0.02   5.666   0.253    0.191  101.6  12.72   8.934 1199.20276    0.00    0.00    0.00
13-07-2024 15:05:20.18    0.02   5.660   0.248    0.188  101.6  12.72   8.947 1183.86316 1000.00   20.58    0.00
13-07-2024 15:05:20.43    0.02   5.656   0.243    0.184  101.5  12.71   8.960 1179.77600 1000.00 1000.00 1000.00
13-07-2024 15:05:20.68    0.05   5.646   0.240    0.181  101.5  12.71   8.971 1203.48376 1000.00 1000.00 1000.00
13-07-2024 15:05:20.93    0.01   5.642   0.231    0.174  101.5  12.71   8.983 1208.78625    0.00    0.00   11.52
13-07-2024 15:05:21.17    0.04   5.638   0.219    0.165  101.5  12.71   8.995 1209.67004   13.39    0.00   15.72
13-07-2024 15:05:21.42    0.03   5.634   0.209    0.157  101.4  12.71   9.008 1232.10254   13.39    0.00   15.72
13-07-2024 15:05:21.66   -0.02   5.631   0.204    0.153  101.4  12.71   9.025 1228.52161    2.97    0.00   17.34
13-07-2024 15:05:21.91    0.04   5.626   0.321    0.245  101.4  12.70   9.038 1196.63367   27.06    0.00 1000.00
13-07-2024 15:05:22.15    0.02   5.621   0.425    0.328  101.4  12.70   9.049 1171.98145 1000.00    0.00 1000.00
13-07-2024 15:05:22.40    0.02   5.616   0.380    0.292  101.4  12.70   9.064 1170.34277    2.52   43.17   44.76
13-07-2024 15:05:22.64    0.02   5.613   0.393    0.302  101.4  12.70   9.077 1170.65808    2.52 1000.00 1000.00
13-07-2024 15:05:22.89   -0.00   5.614   0.392    0.301  101.4  12.70   9.089 1222.34961    0.00    0.00    0.00
13-07-2024 15:05:23.13    0.01   5.614   0.379    0.291  101.3  12.69   9.103 1308.56104    0.00    0.00    0.00
13-07-2024 15:05:23.38    0.00   5.617   0.387    0.297  101.3  12.69   9.116 1315.68213    0.00    0.00  387.86
13-07-2024 15:05:23.62   -0.01   5.620   0.389    0.299  101.2  12.68   9.129 1292.68921    0.00    0.00 1000.00
13-07-2024 15:05:23.87    0.03   5.627   0.402    0.309  101.2  12.67   9.142 1248.45911 1000.00    2.29  150.71
13-07-2024 15:05:24.12    0.02   5.633   0.373    0.286  101.1  12.66   9.154 1220.08252    0.00   57.18    6.47
13-07-2024 15:05:24.37   -0.00   5.641   0.355    0.272  101.1  12.65   9.167 1192.26379    0.00   57.18 1000.00
13-07-2024 15:05:24.62    0.00   5.650   0.331    0.253  101.0  12.64   9.022 1179.81458 1000.00   40.46 1000.00
13-07-2024 15:05:24.86    0.03   5.658   0.308    0.235  101.0  12.64   8.991 1134.64746 1000.00   40.46 1000.00
13-07-2024 15:05:25.11    0.04   5.663   0.304    0.232  100.9  12.63   8.984 1110.56958 1000.00    0.00    9.04
13-07-2024 15:05:25.35   -0.01   5.668   0.294    0.223  100.9  12.62   8.977 1079.63708    0.00    0.00    5.53
13-07-2024 15:05:25.60    0.01   5.677   0.645    0.505  100.8  12.59   8.966 1018.35553    0.00 1000.00    0.00
13-07-2024 15:05:25.84    0.02   5.683   0.635    0.497  100.8  12.58   8.951  984.17377    0.00    0.00    3.18
13-07-2024 15:05:26.09    0.03   5.692   0.523    0.406  100.8  12.59   8.937  930.81403    0.00 1000.00   27.60
13-07-2024 15:05:26.33   -0.00   5.699   0.469    0.362  100.7  12.58   8.928  912.76978 1000.00 1000.00 1000.00
13-07-2024 15:05:26.58    0.02   5.708   0.434    0.334  100.7  12.58   8.918  901.72748 1000.00 1000.00 1000.00
13-07-2024 15:05:26.82    0.01   5.715   0.407    0.313  100.7  12.57   8.904  862.53198   27.27    3.55 1000.00
13-07-2024 15:05:27.07    0.00   5.727   0.388    0.297  100.6  12.57   8.891  841.42133    6.34    3.55    0.00
13-07-2024 15:05:27.31    0.02   5.743   0.369    0.282  100.6  12.56   8.880  807.52313    6.34    3.55    7.08
13-07-2024 15:05:27.56   -0.01   5.758   0.356    0.272  100.5  12.55   8.821  793.56384 1000.00   19.12   12.56
13-07-2024 15:05:27.81    0.00   5.776   0.346    0.263  100.5  12.54   8.604  793.87842    0.00   19.12   12.56
13-07-2024 15:05:28.05    0.01   5.800   0.335    0.255  100.4  12.52   8.535  786.50946    1.67   12.50   12.75
13-07-2024 15:05:28.30   -0.01   5.831   0.328    0.249  100.3  12.50   8.524  762.76166    1.67   12.50   12.75
13-07-2024 15:05:28.55   -0.01   5.857   0.323    0.245  100.3  12.49   8.546  722.26276    5.60    1.15    1.77
13-07-2024 15:05:28.79    0.01   5.881   0.316    0.239  100.2  12.47   8.567  699.43201    1.31    1.41   13.11
13-07-2024 15:05:29.04    0.01   5.898   0.298    0.225  100.0  12.44   8.607  693.54779    1.31   23.67   20.73
13-07-2024 15:05:29.28    0.02   5.912   0.289    0.218  100.1  12.45   8.606  709.10211  127.70   23.67    9.98
13-07-2024 15:05:29.53   -0.01   5.934   0.283    0.213  100.0  12.43   8.604  664.16669   15.10    2.76    5.65
13-07-2024 15:05:29.77   -0.03   5.953   0.272    0.204  100.0  12.42   8.592  551.36829   15.10   14.24    5.65
13-07-2024 15:05:30.02    0.04   5.966   0.268    0.201   99.9  12.41   8.590  508.41504   15.10   14.24    5.65
13-07-2024 15:05:30.26   -0.01   5.984   0.270    0.203   99.9  12.40   8.590  510.31647   23.19   14.24   12.55
13-07-2024 15:05:30.51   -0.01   6.001   0.277    0.208   99.8  12.39   8.595  554.20526    2.97    3.23    5.21
13-07-2024 15:05:30.75    0.02   6.030   0.289    0.217   99.8  12.37   8.602  587.71790    2.78    3.75    4.91
13-07-2024 15:05:31.00    0.01   6.046   0.304    0.228   99.7  12.36   8.582  578.89307    0.57    4.16    2.86
13-07-2024 15:05:31.24    0.02   6.066   0.301    0.226   99.6  12.34   8.574  556.83057    0.30    5.84    2.86
13-07-2024 15:05:31.50    0.01   6.088   0.292    0.219   99.5  12.32   8.565  536.77173    0.30    3.44    3.11
13-07-2024 15:05:31.74   -0.01   6.100   0.284    0.213   99.5  12.31   8.518  506.07245    0.30    3.44    3.11
13-07-2024 15:05:31.99    0.02   6.110   0.278    0.208   99.4  12.30   8.482  480.92502    1.81    1.08    2.74
13-07-2024 15:05:32.24    0.00   6.120   0.275    0.205   99.4  12.29   8.478  461.53821    3.81    4.94    3.32
13-07-2024 15:05:32.48   -0.00   6.128   0.273    0.205   99.3  12.29   8.474  448.77502    2.33    1.94    2.78
13-07-2024 15:05:32.73   -0.01   6.128   0.275    0.206   99.3  12.29   8.471  442.53851    1.48    3.69    4.26
13-07-2024 15:05:32.97    0.02   6.129   0.277    0.207   99.3  12.29   8.469  444.07950    3.64    2.32    2.70
13-07-2024 15:05:33.22    0.02   6.126   0.278    0.208   99.2  12.28   8.491  447.87128    2.65    4.12    4.26
13-07-2024 15:05:33.46    0.01   6.124   0.276    0.206   99.2  12.27   8.488  427.03009    2.65    4.12    4.26
13-07-2024 15:05:33.71   -0.01   6.125   0.274    0.205   99.1  12.26   8.488  422.80310    3.88    1.27    3.20
13-07-2024 15:05:33.95    0.02   6.123   0.271    0.203   99.3  12.28   8.478  422.45520    1.34    5.47    2.56
13-07-2024 15:05:34.20    0.01   6.114   0.270    0.202   99.2  12.27   8.509  425.58606    3.00    5.47    0.69
13-07-2024 15:05:34.44   -0.00   6.103   0.268    0.200   99.2  12.28   8.508  422.67725   13.72    7.32    0.69
13-07-2024 15:05:34.69    0.03   6.092   0.265    0.199   99.2  12.28   8.514  423.53140    4.24    4.91    3.78
13-07-2024 15:05:34.93    0.04   6.083   0.264    0.197   99.2  12.28   8.521  420.10818    9.74    2.97    1.65
13-07-2024 15:05:35.18    0.01   6.074   0.262    0.196   99.2  12.28   8.528  412.35364    9.74    2.97    1.65
13-07-2024 15:05:35.43   -0.01   6.069   0.260    0.194   99.2  12.28   8.535  406.16000    2.19    6.41    2.35
13-07-2024 15:05:35.68    0.00   6.067   0.258    0.193   99.1  12.28   8.543  404.06982    0.39    6.41    1.53
13-07-2024 15:05:35.92    0.03   6.062   0.257    0.192   99.2  12.29   8.551  403.62131    2.21    6.41    3.90
13-07-2024 15:05:36.17   -0.01   6.054   0.256    0.191   99.2  12.29   8.559  406.45459    0.33    1.41    3.78
13-07-2024 15:05:36.41    0.00   6.044   0.254    0.190   99.2  12.29   8.567  411.44101    0.24    3.58    4.01
13-07-2024 15:05:36.66    0.02   6.044   0.254    0.190   99.1  12.29   8.576  422.89709    1.74    3.58    5.44
13-07-2024 15:05:36.90    0.06   6.042   0.253    0.189   99.2  12.29   8.584  434.34650    1.74    3.58    5.44
13-07-2024 15:05:37.15   -0.01   6.043   0.252    0.189   99.2  12.30   8.593  440.54233    1.68    8.69    3.62
13-07-2024 15:05:37.39    0.04   6.042   0.252    0.188   99.3  12.31   8.601  445.27042    2.17    6.13    1.93
13-07-2024 15:05:37.64    0.00   6.040   0.251    0.188   99.2  12.30   8.610  443.17502    0.81    1.68    3.65
13-07-2024 15:05:37.88    0.01   6.044   0.250    0.187   99.2  12.30   8.619  436.92743    3.23    0.62    4.24
13-07-2024 15:05:38.13    0.00   6.050   0.249    0.186   99.2  12.30   8.743  428.19287    3.58    3.46    2.52
13-07-2024 15:05:38.37    0.01   6.057   0.249    0.186   99.1  12.29   9.129  421.71652    0.03    4.27    3.66
13-07-2024 15:05:38.62   -0.01   6.067   0.247    0.185   99.1  12.28   9.272  411.40771    0.03    4.27    3.66
13-07-2024 15:05:38.87   -0.00   6.071   0.246    0.184   99.0  12.27   9.342  389.26309    3.24    4.27    3.95
13-07-2024 15:05:39.12    0.01   6.080   0.246    0.183   99.0  12.26   9.384  375.93515    3.79    4.27    2.12
13-07-2024 15:05:39.37    0.04   6.074   0.245    0.183   99.0  12.27   9.417  382.02069    3.01    4.27    1.51
13-07-2024 15:05:39.61    0.02   6.077   0.244    0.182   99.0  12.26   9.446  397.30338    0.25    5.08    3.12
13-07-2024 15:05:39.86   -0.04   6.076   0.243    0.181   99.0  12.26   9.474  402.01517    4.04    2.21    0.64
13-07-2024 15:05:40.10    0.02   6.080   0.242    0.180   98.9  12.25   9.500  404.36887    5.56    2.21    2.87
13-07-2024 15:05:40.35    0.00   6.093   0.241    0.180   98.9  12.24   9.525  398.01614    5.56    2.21    2.87
13-07-2024 15:05:40.59    0.03   6.113   0.240    0.179   98.8  12.23   9.549  391.88397    2.34    1.48    4.58
13-07-2024 15:05:40.84    0.02   6.127   0.239    0.178   98.9  12.24   9.573  387.90118    3.24    2.14    4.20
13-07-2024 15:05:41.08    0.02   6.136   0.241    0.179   98.9  12.23   9.564  391.97943    2.39    1.85    1.38
13-07-2024 15:05:41.33    0.03   6.133   0.244    0.182   99.0  12.25   9.516  431.96765    6.20    1.85    8.88
13-07-2024 15:05:41.57    0.02   6.146   0.242    0.180   98.9  12.23   9.510  467.08490   10.65   16.05    8.88
13-07-2024 15:05:41.82    0.00   6.158   0.241    0.179   99.0  12.24   9.507  506.47214   10.65   15.21 1000.00
13-07-2024 15:05:42.06    0.00   6.169   0.242    0.180   98.9  12.23   9.509  530.51227   10.65   15.21 1000.00
13-07-2024 15:05:42.31    0.02   6.185   0.257    0.192   98.5  12.17   9.479  548.64746    7.53   11.83   17.48
13-07-2024 15:05:42.56    0.01   6.203   0.266    0.198   98.6  12.18   9.506  531.94891    8.85   11.83    3.96
13-07-2024 15:05:42.81    0.02   6.215   0.377    0.285   98.7  12.18   9.272  532.05994    8.85   11.83    3.96
13-07-2024 15:05:43.05    0.02   6.230   0.431    0.327   98.4  12.14   9.284  495.27216    2.13   11.83    3.96
13-07-2024 15:05:43.30    0.02   6.242   0.436    0.331   98.5  12.14   9.393  495.45200    8.03   11.83    3.96
13-07-2024 15:05:43.55    0.02   6.251   0.452    0.343   98.4  12.13   9.477  478.66312    8.03   10.13    2.60
13-07-2024 15:05:43.79    0.01   6.257   0.426    0.323   98.5  12.13   9.560  456.53406    8.03   10.13    2.60
13-07-2024 15:05:44.04    0.01   6.262   0.407    0.308   98.3  12.11   9.640  467.27142    0.02   10.13    2.60
13-07-2024 15:05:44.28    0.02   6.268   0.384    0.289   98.3  12.11   9.700  443.70871    2.46    2.26    4.32
13-07-2024 15:05:44.53    0.02   6.271   0.365    0.275   98.4  12.12   9.757  438.77853    2.17    1.40    4.57
13-07-2024 15:05:44.77    0.01   6.274   0.351    0.263   98.4  12.12   9.814  442.50223    1.87    1.84    3.76
13-07-2024 15:05:45.02    0.01   6.276   0.339    0.254   98.4  12.12   9.863  476.09775    2.71    1.03    4.29
13-07-2024 15:05:45.26    0.01   6.279   0.329    0.247   98.3  12.11   9.900  451.06357    2.71    1.03    4.29
13-07-2024 15:05:45.51   -0.01   6.284   0.321    0.241   98.3  12.11   9.894  471.90628    2.13    3.14    4.00
13-07-2024 15:05:45.75    0.02   6.283   0.315    0.236   98.3  12.12   9.893  472.04617    0.37    4.24    4.00
13-07-2024 15:05:46.00    0.02   6.283   0.310    0.232   98.3  12.10   9.893  474.11264    0.67    2.98    3.37
13-07-2024 15:05:46.25    0.02   6.290   0.306    0.228   98.3  12.11   9.896  472.97284    1.96    3.50    2.95
13-07-2024 15:05:46.49    0.00   6.301   0.302    0.225   98.3  12.11   9.900  467.36618    3.15    0.45    5.66
13-07-2024 15:05:46.74    0.01   6.309   0.299    0.223   97.9  12.06   9.900  440.92941    2.75    2.11    5.66
13-07-2024 15:05:46.99    0.03   6.315   0.296    0.220   98.0  12.07   9.941  414.28543    6.02    2.11    3.06
13-07-2024 15:05:47.24    0.05   6.321   0.293    0.218   98.0  12.06   9.948  406.95419    6.02    2.11    3.06
13-07-2024 15:05:47.48   -0.00   6.329   0.290    0.216   98.0  12.06   9.953  406.64334    3.58    2.30    2.70
13-07-2024 15:05:47.72    0.00   6.341   0.288    0.215   97.9  12.05   9.957  406.81137    2.85    2.61    2.46
13-07-2024 15:05:47.97    0.01   6.348   0.286    0.213   97.9  12.04   9.962  409.35080    2.15    2.19    3.31
13-07-2024 15:05:48.21    0.02   6.347   0.284    0.211   98.0  12.05   9.967  418.48132    1.56    3.03    3.45
13-07-2024 15:05:48.46   -0.02   6.345   0.282    0.210   98.1  12.07   9.974  437.13022    2.31    2.26    3.24
13-07-2024 15:05:48.70   -0.02   6.351   0.280    0.209   97.8  12.04  10.008  458.18015    2.31    2.26    3.24
13-07-2024 15:05:48.95    0.00   6.360   0.279    0.207   97.8  12.03  10.050  462.83716    2.87    1.86    2.99
13-07-2024 15:05:49.19    0.02   6.361   0.277    0.206   98.0  12.05  10.091  466.66006    2.63    0.22    1.14
13-07-2024 15:05:49.44    0.00   6.357   0.276    0.205   98.0  12.05  10.116  474.25031    0.81    2.08    1.53
13-07-2024 15:05:49.68    0.01   6.358   0.275    0.204   97.7  12.02  10.138  484.23203    1.26    2.08    1.77
13-07-2024 15:05:49.93    0.01   6.349   0.273    0.203   97.8  12.03  10.164  462.90231    1.26    2.08    1.77
13-07-2024 15:05:50.18    0.02   6.349   0.272    0.202   97.9  12.04  10.202  455.49338    1.26    2.08    1.77
13-07-2024 15:05:50.43    0.03   6.346   0.271    0.201   98.0  12.05  10.228  500.47614    1.26    3.08    0.00
13-07-2024 15:05:50.67   -0.01   6.352   0.270    0.200   97.8  12.03  10.238  455.07300    1.50   12.78    0.00
13-07-2024 15:05:50.92    0.00   6.356   0.269    0.200   97.8  12.03  10.263  425.20044    2.07    8.39    4.51
13-07-2024 15:05:51.16    0.04   6.365   0.268    0.199   97.8  12.03   9.266  414.97375    4.49    2.23    2.56
13-07-2024 15:05:51.41    0.03   6.394   0.266    0.197   97.8  12.02   8.774  404.93655    3.19    5.88    2.05
13-07-2024 15:05:51.65    0.01   6.397   0.265    0.197   98.0  12.04   8.604  432.07718    1.51    4.25    1.46
13-07-2024 15:05:51.90    0.02   6.389   0.264    0.196   97.8  12.02   8.535  475.79575    0.27    4.25    6.50
13-07-2024 15:05:52.14   -0.00   6.396   0.263    0.195   97.8  12.01   8.508  438.58017    0.27    4.25    6.50
13-07-2024 15:05:52.39    0.01   6.393   0.262    0.194   97.8  12.02   8.497  416.46887    5.79    3.56    1.96
13-07-2024 15:05:52.63    0.03   6.389   0.261    0.193   97.8  12.02   8.492  415.21060    0.88    1.38    4.01
13-07-2024 15:05:52.88    0.03   6.383   0.260    0.193   97.8  12.02   8.489  409.12137    2.90    2.34    2.98
13-07-2024 15:05:53.12    0.01   6.375   0.259    0.192   97.8  12.03   8.487  404.35406    2.07    2.11    1.87
13-07-2024 15:05:53.37    0.02   6.365   0.258    0.191   97.9  12.04   8.485  403.30450    1.85    3.75    3.22
13-07-2024 15:05:53.62    0.03   6.357   0.257    0.190   97.9  12.04   8.484  397.52393    2.88    1.91    1.45
13-07-2024 15:05:53.87    0.02   6.352   0.255    0.189   97.9  12.05   8.483  388.85599    2.88    1.91    1.45
13-07-2024 15:05:54.12    0.01   6.344   0.255    0.189   98.0  12.05   8.483  383.34259    1.83    2.67    3.26
13-07-2024 15:05:54.36    0.04   6.339   0.254    0.188   97.9  12.05   8.482  388.95001    2.39    0.78    4.87
13-07-2024 15:05:54.61    0.02   6.334   0.252    0.187   98.0  12.06   8.482  384.57941    3.33    1.16    2.58
13-07-2024 15:05:54.85    0.00   6.337   0.252    0.187   98.0  12.06   8.481  386.02124    0.76    3.27    3.53
13-07-2024 15:05:55.10    0.00   6.338   0.250    0.186   97.9  12.05   8.480  386.59262    1.98    3.52    3.50
13-07-2024 15:05:55.34    0.01   6.336   0.250    0.185   98.0  12.06   8.480  388.83527    1.44    3.52    2.28
13-07-2024 15:05:55.59   -0.01   6.341   0.248    0.184   97.9  12.05   8.478  419.07050    1.44    3.52    2.28
13-07-2024 15:05:55.83    0.02   6.340   0.247    0.183   98.0  12.06   8.476  439.11902    3.18    1.56    1.88
13-07-2024 15:05:56.08    0.00   6.341   0.246    0.183   97.9  12.05   8.476  449.58475    1.60    8.36    3.69
13-07-2024 15:05:56.32   -0.00   6.346   0.245    0.182   97.8  12.04   8.470  429.74792    3.76    8.36    0.72
13-07-2024 15:05:56.57    0.03   6.349   0.244    0.181   97.9  12.04   8.467  440.33804    3.76    1.18    4.44
13-07-2024 15:05:56.81    0.00   6.355   0.243    0.180   97.9  12.04   8.467  448.71878    2.33    2.52    3.68
13-07-2024 15:05:57.06    0.00   6.356   0.243    0.180   97.9  12.04   8.470  458.11130    0.95    2.52    3.76
13-07-2024 15:05:57.31    0.02   6.358   0.242    0.179   97.8  12.04   8.473  456.97220    0.95    2.52    3.76
13-07-2024 15:05:57.55   -0.00   6.358   0.241    0.178   97.9  12.04   8.478  435.95929    3.02    2.04    2.76
13-07-2024 15:05:57.80    0.02   6.360   0.240    0.178   97.9  12.04   8.470  438.52539    3.56    1.98    2.09
13-07-2024 15:05:58.06    0.01   6.361   0.239    0.177   97.9  12.04   8.455  444.69827    0.97    3.00    4.95
13-07-2024 15:05:58.29   -0.00   6.368   0.238    0.176   97.8  12.03   8.480  445.33035    3.17    3.26    2.74
13-07-2024 15:05:58.54    0.00   6.370   0.237    0.176   97.8  12.03   8.514  445.98245    2.25    4.12    1.59
13-07-2024 15:05:58.78    0.03   6.366   0.237    0.175   97.8  12.03   8.552  443.55771    1.58    2.67    4.56
13-07-2024 15:05:59.03   -0.00   6.365   0.236    0.175   97.9  12.04   8.590  430.52731    1.58    2.67    4.56
13-07-2024 15:05:59.27    0.01   6.358   0.236    0.174   97.9  12.05   8.629  444.39481    3.23    2.00    1.67
13-07-2024 15:05:59.52   -0.01   6.359   0.235    0.174   97.9  12.05   8.667  422.68021    1.08    2.90    4.01
13-07-2024 15:05:59.76    0.00   6.361   0.235    0.173   97.9  12.04   8.706  433.23035    3.06    1.54    1.28
13-07-2024 15:06:00.01    0.00   6.363   0.234    0.173   97.9  12.04   8.743  440.04788    0.98    2.39    3.07
13-07-2024 15:06:00.25    0.02   6.367   0.233    0.172   97.9  12.04   8.780  415.96408    2.16    3.04    3.74
13-07-2024 15:06:00.50    0.01   6.372   0.232    0.172   97.8  12.03   8.817  406.04086    2.21    0.88    2.21
13-07-2024 15:06:00.74    0.02   6.377   0.232    0.171   97.8  12.03   8.853  392.96756    2.21    0.88    2.21
13-07-2024 15:06:01.00    0.02   6.385   0.231    0.170   97.8  12.02   8.890  425.39658    2.97    3.48    3.50
13-07-2024 15:06:01.24   -0.00   6.389   0.230    0.170   97.8  12.02   8.926  412.44983    1.07    5.06    5.01
13-07-2024 15:06:01.49    0.03   6.394   0.230    0.170   97.7  12.01   8.961  417.65680    1.38    1.39    3.19
13-07-2024 15:06:01.74   -0.00   6.397   0.229    0.169   97.7  12.01   8.983  408.29980    1.04    0.85    3.79
13-07-2024 15:06:01.98    0.02   6.396   0.229    0.169   97.7  12.01   9.007  403.21866    2.64    3.08    2.33
13-07-2024 15:06:02.23   -0.00   6.394   0.228    0.168   97.7  12.01   9.033  406.71069    2.01    1.32    4.19
13-07-2024 15:06:02.47    0.02   6.394   0.228    0.168   97.7  12.01   9.061  404.27930    2.01    1.32    4.19
13-07-2024 15:06:02.72    0.01   6.394   0.227    0.167   97.7  12.01   9.089  405.59601    3.01    3.42    2.86
13-07-2024 15:06:02.96    0.01   6.389   0.226    0.167   97.8  12.02   9.117  409.11545    2.61    2.76    2.76
13-07-2024 15:06:03.21    0.01   6.392   0.226    0.166   97.7  12.01   9.145  410.88736    1.93    0.82    3.19
13-07-2024 15:06:03.45    0.00   6.393   0.225    0.166   97.7  12.01   9.175  405.67227    3.02    2.85    3.69
13-07-2024 15:06:03.70    0.02   6.392   0.224    0.165   97.8  12.01   9.204  406.20590    0.94    3.26    2.76
13-07-2024 15:06:03.94    0.01   6.392   0.224    0.165   97.7  12.01   9.234  404.15494    1.37    2.17    5.10
13-07-2024 15:06:04.19    0.01   6.388   0.223    0.165   97.7  12.02   9.263  404.21344    1.37    2.17    5.10
13-07-2024 15:06:04.43    0.01   6.391   0.223    0.165   97.7  12.01   9.291  407.00824    4.11    1.58    2.43
13-07-2024 15:06:04.69    0.03   6.390   0.222    0.164   97.7  12.01   9.320  406.23184    1.45    3.19    4.35
13-07-2024 15:06:04.93    0.00   6.391   0.222    0.164   97.7  12.01   9.347  410.16721    2.08    2.84    3.15
13-07-2024 15:06:05.18    0.01   6.392   0.221    0.163   97.7  12.01   9.376  415.66876    2.06    1.25    1.68
13-07-2024 15:06:05.42    0.02   6.393   0.221    0.163   97.7  12.01   9.402  414.95969    2.52    2.99    3.09
13-07-2024 15:06:05.67    0.03   6.394   0.220    0.162   97.8  12.02   9.429  409.38782    2.29    3.76    4.17
13-07-2024 15:06:05.92    0.01   6.398   0.220    0.162   97.7  12.01   9.454  393.14963    2.29    3.76    4.17
13-07-2024 15:06:06.16    0.02   6.402   0.219    0.162   97.6  11.99   9.478  395.79935    0.88    1.14    3.03
13-07-2024 15:06:06.41    0.03   6.410   0.219    0.161   97.7  12.00   9.501  410.29672    1.63    6.91    3.07
13-07-2024 15:06:06.65    0.01   6.418   0.218    0.161   97.7  12.00   9.524  423.78455    3.30    6.83    2.83
13-07-2024 15:06:06.90    0.00   6.420   0.218    0.161   97.7  12.00   9.548  456.53702    1.24    0.40    3.68
13-07-2024 15:06:07.14    0.00   6.422   0.217    0.160   97.7  12.00   9.572  499.00101    3.23    2.26    2.44
13-07-2024 15:06:07.39    0.01   6.427   0.217    0.160   97.6  11.99   9.596  502.31766    2.13    2.01    2.90
13-07-2024 15:06:07.63    0.00   6.422   0.216    0.159   97.7  11.99   9.619  515.54639    2.13    2.01    2.90
13-07-2024 15:06:07.88    0.01   6.418   0.216    0.159   97.6  11.99   9.642  529.44348    1.24    0.48    4.00
13-07-2024 15:06:08.12   -0.01   6.413   0.215    0.159   97.7  12.00   9.665  539.68573    3.96    3.60    2.60
13-07-2024 15:06:08.37    0.01   6.411   0.215    0.158   97.7  12.00   9.688  539.02252    1.48    2.80    2.42
13-07-2024 15:06:08.62    0.00   6.406   0.215    0.158   97.7  12.00   9.710  540.31555    1.76    1.65    3.42
13-07-2024 15:06:08.87   -0.01   6.408   0.214    0.157   97.6  12.00   9.732  533.79486    2.63    2.10    2.11
13-07-2024 15:06:09.12    0.03   6.408   0.213    0.157   97.6  12.00   9.754  530.44861    0.80    2.28    4.41
13-07-2024 15:06:09.36    0.02   6.408   0.213    0.157   97.6  12.00   9.775  531.19836    0.80    2.28    4.41
13-07-2024 15:06:09.60    0.00   6.404   0.213    0.157   97.7  12.00   9.795  533.81262    2.51    1.11    3.22
13-07-2024 15:06:09.85    0.02   6.401   0.212    0.156   97.6  12.00   9.816  538.20538    2.83    2.45    1.28
13-07-2024 15:06:10.09    0.02   6.408   0.212    0.156   97.7  12.00   9.836  544.03412    1.40    3.75    4.39
13-07-2024 15:06:10.34    0.00   6.421   0.211    0.155   97.6  11.99   9.855  528.04163    2.61    2.87    4.17
13-07-2024 15:06:10.58    0.01   6.423   0.211    0.155   97.6  11.99   9.883  471.15054    2.08    0.73    2.05
13-07-2024 15:06:10.83    0.01   6.427   0.211    0.155   97.6  11.99   9.915  426.81323    2.39    4.32    3.89
13-07-2024 15:06:11.07    0.00   6.426   0.210    0.154   97.6  11.99   9.947  444.37408    2.39    4.32    3.89
13-07-2024 15:06:11.32    0.01   6.428   0.210    0.154   97.6  11.99   9.991  431.30743    0.34    4.96    2.96
13-07-2024 15:06:11.56    0.05   6.428   0.209    0.154   97.6  11.99  10.055  425.89026    2.18    4.96    3.10
13-07-2024 15:06:11.81    0.01   6.430   0.209    0.153   97.6  11.98  10.089  422.49963    1.75    3.99    1.91
13-07-2024 15:06:12.06   -0.00   6.431   0.208    0.153   97.6  11.99  10.111  418.94983    3.04    4.73    2.16
13-07-2024 15:06:12.31    0.02   6.432   0.208    0.153   97.6  11.98  10.131  418.91284    0.49    4.73    3.30
13-07-2024 15:06:12.55   -0.00   6.433   0.207    0.152   97.6  11.98  10.149  417.02472    2.71    2.15    3.27
13-07-2024 15:06:12.80    0.01   6.433   0.207    0.153   97.6  11.98  10.168  415.73315    2.71    2.15    3.27
13-07-2024 15:06:13.04    0.02   6.431   0.207    0.152   97.6  11.98  10.186  413.58154    3.05    3.49    2.78
13-07-2024 15:06:13.29    0.02   6.427   0.207    0.152   97.6  11.99  10.224  417.98172    2.14    1.97    1.86
13-07-2024 15:06:13.53    0.02   6.422   0.206    0.152   97.6  11.99  10.259  416.05365    0.83    0.63    6.43
13-07-2024 15:06:13.78   -0.01   6.413   0.206    0.151   97.7  12.00  10.282  416.22238    4.64    1.32    1.87
13-07-2024 15:06:14.02   -0.02   6.408   0.206    0.151   97.7  12.00  10.301  417.67236    1.08    3.16    1.87
13-07-2024 15:06:14.27   -0.00   6.407   0.205    0.150   97.7  12.00  10.318  410.44772    1.49    3.56    2.74
13-07-2024 15:06:14.51    0.01   6.410   0.205    0.151   97.7  12.00  10.334  410.02139    1.49    3.56    2.74
13-07-2024 15:06:14.76    0.04   6.412   0.204    0.150   97.6  12.00  10.351  407.27988    2.11    1.38    3.67
13-07-2024 15:06:15.00   -0.00   6.417   0.204    0.150   97.7  12.00  10.366  404.84106    2.59    0.38    0.26
13-07-2024 15:06:15.25   -0.01   6.415   0.204    0.150   97.7  12.00  10.382  400.78873    1.76    5.24    3.39
13-07-2024 15:06:15.49    0.01   6.418   0.203    0.149   97.6  12.00  10.398  399.07159    1.15    3.83    5.97
13-07-2024 15:06:15.75    0.02   6.421   0.203    0.149   97.6  11.99  10.414  397.12869    1.69    0.34    1.97
13-07-2024 15:06:15.99    0.01   6.419   0.203    0.149   97.6  11.99  10.429  389.06027    2.02    0.34    2.57
13-07-2024 15:06:16.24   -0.02   6.420   0.202    0.149   97.7  12.00  10.443  385.09677    2.02    0.34    2.57
13-07-2024 15:06:16.49    0.01   6.425   0.202    0.149   97.6  11.98  10.437  380.82980    3.33    3.96    5.96
13-07-2024 15:06:16.73    0.01   6.433   0.201    0.148   97.5  11.98  10.456  388.86340    3.33    3.96    1.50
13-07-2024 15:06:16.98   -0.03   6.430   0.201    0.148   97.6  11.98  10.475  390.75079    3.94    3.22    1.14
13-07-2024 15:06:17.22   -0.02   6.430   0.200    0.147   97.7  12.00  10.493  385.69852    1.94    3.36    2.38
13-07-2024 15:06:17.47    0.00   6.427   0.200    0.147   97.6  11.99  10.509  385.87097    0.24    3.36    2.95
13-07-2024 15:06:17.71    0.04   6.427   0.200    0.147   97.6  11.99  10.525  384.04205    3.33    2.45    2.90
13-07-2024 15:06:17.96    0.00   6.444   0.200    0.147   97.6  11.98  10.539  368.60544    3.33    2.45    2.90
13-07-2024 15:06:18.20    0.00   6.457   0.199    0.146   97.6  11.97  10.552  373.56299    4.07    3.01    2.90
13-07-2024 15:06:18.45   -0.02   6.469   0.199    0.146   97.5  11.97  10.565  384.21301    4.07    2.29    3.68
13-07-2024 15:06:18.69    0.00   6.477   0.199    0.146   97.5  11.95  10.578  399.92572    1.32    5.54    4.16
13-07-2024 15:06:18.94   -0.01   6.485   0.199    0.146   97.5  11.96  10.591  451.11316    2.94    5.16    1.53
13-07-2024 15:06:19.18    0.01   6.500   0.199    0.146   97.5  11.95  10.604  479.58386    0.22    3.67    2.96
13-07-2024 15:06:19.43    0.02   6.505   0.198    0.145   97.4  11.94  10.617  487.09494    1.13    4.12    4.67
13-07-2024 15:06:19.68   -0.01   6.510   0.198    0.145   97.4  11.94  10.630  486.17343    1.13    4.12    4.67
13-07-2024 15:06:19.93    0.03   6.512   0.197    0.145   97.4  11.94  10.642  436.92889    2.57    1.14    1.13
13-07-2024 15:06:20.18   -0.00   6.513   0.198    0.145   97.4  11.94  10.653  406.99567    1.21    7.91    5.08
13-07-2024 15:06:20.42   -0.02   6.519   0.197    0.144   97.4  11.93  10.665  399.28769    1.57    3.09    1.26
13-07-2024 15:06:20.67    0.00   6.526   0.197    0.144   97.4  11.93  10.677  400.04343    4.29    3.42    1.95
13-07-2024 15:06:20.91    0.01   6.532   0.197    0.144   97.3  11.92  10.688  400.68658    1.01    4.79    5.45
13-07-2024 15:06:21.16    0.03   6.536   0.196    0.144   97.2  11.91  10.699  405.49982    1.01    4.79    2.60
13-07-2024 15:06:21.40    0.01   6.533   0.196    0.144   97.3  11.92  10.710  412.58307    1.01    4.79    2.60
13-07-2024 15:06:21.65    0.00   6.536   0.196    0.143   97.3  11.92  10.721  409.84152    4.14    4.88    2.06
13-07-2024 15:06:21.89   -0.03   6.537   0.196    0.143   97.2  11.90  10.732  442.12625    0.38    1.58    2.36
13-07-2024 15:06:22.14    0.02   6.541   0.195    0.143   97.1  11.89  10.656  464.87927    0.26    5.01    4.24
13-07-2024 15:06:22.38    0.00   6.544   0.195    0.143   97.1  11.89  10.688  494.71924    5.03    5.01    6.28
13-07-2024 15:06:22.63   -0.00   6.547   0.195    0.143   97.2  11.90  10.718  531.82007    2.17    4.18    1.29
13-07-2024 15:06:22.87    0.01   6.552   0.195    0.142   97.1  11.89  10.740  516.54932    2.17    4.18    1.29
13-07-2024 15:06:23.12   -0.00   6.559   0.194    0.142   97.1  11.89  10.759  474.29178    1.47    2.95    3.91
13-07-2024 15:06:23.37   -0.03   6.566   0.194    0.142   97.1  11.89  10.774  494.79251    1.47    0.54    3.36
13-07-2024 15:06:23.62   -0.00   6.572   0.194    0.142   97.2  11.90  10.787  482.55481    1.04    1.24    8.51
13-07-2024 15:06:23.86    0.03   6.576   0.194    0.142   97.4  11.92  10.686  456.60510    4.70    1.24    2.73
13-07-2024 15:06:24.11    0.02   6.574   0.194    0.142   97.4  11.92  10.649  446.33994    4.70 1000.00 1000.00
13-07-2024 15:06:24.35    0.00   6.572   0.193    0.141   97.4  11.92  10.666  403.85373    4.70   54.27    0.00
13-07-2024 15:06:24.60    0.03   6.567   0.193    0.141   97.5  11.93  10.723  381.76828    4.70    0.12   48.53
13-07-2024 15:06:24.84    0.01   6.560   0.193    0.141   97.6  11.94  10.747  380.52634    4.70    0.12   48.53
13-07-2024 15:06:25.09   -0.01   6.556   0.192    0.140   97.3  11.91  10.798  402.18170    4.70   16.20   48.53
13-07-2024 15:06:25.33    0.01   6.556   0.192    0.141   97.2  11.90  10.827  449.66617    8.01   16.20   18.26
13-07-2024 15:06:25.58    0.05   6.553   0.427    0.320   97.2  11.89  11.058  448.85495    8.01    5.00   11.79
13-07-2024 15:06:25.82    0.04   6.549   0.846    0.653   97.5  11.90  11.094  416.77600    8.65    5.00    4.92
13-07-2024 15:06:26.07    0.00   6.541   0.873    0.675   97.4  11.89  11.046  463.89264    0.88    3.81    0.11
13-07-2024 15:06:26.31   -0.00   6.530   0.658    0.503   97.4  11.91  11.073  467.20630    0.88    3.81    0.11
13-07-2024 15:06:26.56    0.00   6.519   0.699    0.536   97.4  11.90  11.010  479.22711   13.32    1.08    1.43
13-07-2024 15:06:26.81   -0.01   6.512   0.562    0.427   97.3  11.91  11.018  471.36227   13.32    1.08   10.96
13-07-2024 15:06:27.05    0.01   6.504   0.528    0.400   97.7  11.95  11.022  479.02283    7.68   16.05    6.43
13-07-2024 15:06:27.30    0.05   6.496   0.512    0.388   97.5  11.93  11.015  543.60852   11.23   17.07    8.69
13-07-2024 15:06:27.55    0.01   6.490   0.482    0.365   97.5  11.94  11.037  576.11011    6.61   17.07    0.63
13-07-2024 15:06:27.80    0.01   6.490   0.451    0.340   97.5  11.94  11.053  609.16309    3.37    1.87    7.26
13-07-2024 15:06:28.04    0.02   6.495   0.420    0.315   97.5  11.94  11.063  616.64160    1.47    6.52    3.62
13-07-2024 15:06:28.28   -0.03   6.497   0.391    0.293   97.6  11.95  11.075  621.90479    1.47    6.52    3.62
13-07-2024 15:06:28.53    0.01   6.499   0.366    0.274   97.9  11.99  11.060  644.17523    0.79    6.52    6.80
13-07-2024 15:06:28.78    0.03   6.502   0.348    0.260   97.8  11.98  11.048  681.87262    0.08 1000.00 1000.00
13-07-2024 15:06:29.02   -0.01   6.511   0.335    0.249   97.8  11.98  11.069  699.56897   10.06    3.64 1000.00
13-07-2024 15:06:29.27   -0.03   6.520   0.319    0.237   97.9  11.98  11.073  728.46381   20.50    3.64   25.50
13-07-2024 15:06:29.51    0.00   6.535   0.312    0.232   97.8  11.97  11.077  769.31866   13.72    3.10   37.96
13-07-2024 15:06:29.75   -0.01   6.546   0.306    0.227   97.7  11.96  11.084  800.64343   13.72    3.10   37.96
13-07-2024 15:06:30.00    0.01   6.558   0.301    0.223   97.7  11.95  11.083  825.28680   14.48   10.83   37.96
13-07-2024 15:06:30.25   -0.02   6.559   0.295    0.219   97.3  11.91  10.926  838.52142   14.48    3.54   37.96
13-07-2024 15:06:30.50   -0.00   6.571   0.292    0.216   97.6  11.94  10.869  841.34955   14.48   28.63    4.37
13-07-2024 15:06:30.74   -0.00   6.576   0.287    0.212   97.7  11.95  10.805  840.26892   14.48   13.98    4.37
13-07-2024 15:06:30.99    0.03   6.581   0.279    0.206   97.6  11.94  10.718  851.05591   14.48    1.93    4.37
13-07-2024 15:06:31.24   -0.02   6.577   0.295    0.219   97.2  11.88  10.687  867.89514   14.48   17.42    4.37
13-07-2024 15:06:31.48    0.02   6.554   0.310    0.230   97.4  11.91  10.649  874.38330   14.48   17.42    4.37
13-07-2024 15:06:31.73   -0.01   6.530   0.300    0.223   97.4  11.93  10.677  873.17908    4.59   35.84    8.30
13-07-2024 15:06:31.97   -0.01   6.513   0.300    0.222   97.4  11.93  10.737  869.55304    7.25   10.98    3.54
13-07-2024 15:06:32.22   -0.03   6.487   0.311    0.231   97.5  11.95  10.799  866.42590    3.86    6.55    4.41
13-07-2024 15:06:32.46   -0.02   6.469   0.317    0.236   97.5  11.96  10.848  864.69250    3.86    3.29    5.27
13-07-2024 15:06:32.71    0.00   6.455   0.312    0.232   97.5  11.97  10.889  861.50464    7.92    3.59    3.72
13-07-2024 15:06:32.95    0.01   6.447   0.306    0.228   97.6  11.97  10.924  860.58466    7.92    4.21    4.97
13-07-2024 15:06:33.20    0.02   6.433   0.301    0.224   97.6  11.98  10.955  862.26105    7.92    4.21    4.97
13-07-2024 15:06:33.44   -0.02   6.414   0.296    0.220   97.7  11.99  10.984  862.76587    2.44    4.21    4.18
13-07-2024 15:06:33.69   -0.02   6.406   0.292    0.217   97.7  12.00  11.009  861.34479    2.42    4.27    3.58
13-07-2024 15:06:33.93   -0.03   6.405   0.288    0.214   97.7  12.01  11.031  861.34180    1.63    4.27    3.30
13-07-2024 15:06:34.18    0.01   6.403   0.284    0.211   97.7  12.00  11.052  860.39221    3.33    3.90    3.96
13-07-2024 15:06:34.43   -0.04   6.401   0.280    0.208   97.7  12.01  11.069  859.03473    1.83    3.90    2.29
13-07-2024 15:06:34.68    0.03   6.398   0.278    0.206   97.7  12.01  11.084  859.24493    2.67    5.64    4.26
13-07-2024 15:06:34.92    0.02   6.397   0.274    0.204   97.7  12.01  11.097  859.94366    2.67    5.64    4.26
13-07-2024 15:06:35.17   -0.03   6.395   0.271    0.201   97.8  12.01  11.109  860.60828    1.65    5.64    3.52
13-07-2024 15:06:35.42   -0.01   6.405   0.269    0.200   97.8  12.01  11.120  861.20856    3.12    4.82    3.52
13-07-2024 15:06:35.66    0.03   6.410   0.266    0.197   97.8  12.01  11.130  861.32257    3.12    4.82    5.32
13-07-2024 15:06:35.91   -0.02   6.402   0.264    0.196   97.9  12.02  11.139  861.00354    5.79    2.03    1.71
13-07-2024 15:06:36.15   -0.01   6.390   0.262    0.194   97.9  12.04  11.148  860.52612    3.16    0.58    2.96
13-07-2024 15:06:36.40   -0.02   6.377   0.260    0.192   98.0  12.05  11.157  860.14722    1.48    2.21    2.01
13-07-2024 15:06:36.64   -0.03   6.359   0.258    0.191   98.0  12.06  11.165  860.39886    1.48    2.21    2.01
13-07-2024 15:06:36.89   -0.01   6.347   0.256    0.190   98.1  12.07  11.173  859.73938    3.63    3.13    5.91
13-07-2024 15:06:37.13    0.02   6.334   0.254    0.189   98.2  12.08  11.181  858.67651    2.83    3.13    5.91
13-07-2024 15:06:37.38   -0.01   6.317   0.253    0.188   98.2  12.09  11.190  861.08942    3.09    7.24    5.64
13-07-2024 15:06:37.62   -0.02   6.297   0.251    0.186   98.3  12.10  11.197  867.26819    1.37    7.24    3.03
13-07-2024 15:06:37.87    0.05   6.280   0.250    0.186   98.3  12.11  11.205  876.65485    3.48    1.40    3.07
13-07-2024 15:06:38.12    0.01   6.268   0.249    0.185   98.4  12.12  11.213  888.07910    1.96    8.99    9.91
13-07-2024 15:06:38.37    0.04   6.262   0.248    0.184   98.4  12.13  11.214  894.33411    1.96    8.99    9.91
13-07-2024 15:06:38.61    0.01   6.259   0.246    0.183   98.4  12.13  11.216  896.97272    3.64    0.36    9.91
13-07-2024 15:06:38.86   -0.03   6.259   0.245    0.182   98.4  12.13  11.217  899.05109    3.03    5.79    5.80
13-07-2024 15:06:39.10   -0.01   6.258   0.245    0.182   98.4  12.13  11.217  902.93018    3.03    5.79    0.88
13-07-2024 15:06:39.35    0.02   6.255   0.244    0.181   98.4  12.13  11.218  907.30750    4.12    5.39    5.55
13-07-2024 15:06:39.59   -0.01   6.247   0.243    0.181   98.5  12.14  11.219  908.86102    4.12    2.98    1.70
13-07-2024 15:06:39.84    0.01   6.236   0.243    0.180   98.5  12.15  11.220  909.37177    3.08    9.42    3.70
13-07-2024 15:06:40.08   -0.05   6.226   0.243    0.180   98.5  12.15  11.221  909.22296    3.08    9.42    3.70
13-07-2024 15:06:40.33    0.01   6.216   0.242    0.180   98.5  12.16  11.223  909.10162    0.36    1.07    3.87
13-07-2024 15:06:40.57    0.02   6.193   0.242    0.180   98.5  12.17  11.224  908.90546    3.66    2.66    1.42
13-07-2024 15:06:40.82    0.00   6.170   0.241    0.179   98.6  12.19  11.226  908.71600    2.32    0.93    2.86
13-07-2024 15:06:41.06    0.00   6.155   0.240    0.178   98.6  12.20  11.227  908.46582    2.38    4.76    3.97
13-07-2024 15:06:41.31    0.01   6.148   0.239    0.178   98.6  12.20  11.011  908.20154    3.63    4.76    0.79
13-07-2024 15:06:41.56   -0.01   6.142   0.238    0.177   98.7  12.20  10.932  907.88702    1.07    6.62    4.70
13-07-2024 15:06:41.80    0.04   6.136   0.237    0.177   98.6  12.20  10.899  907.68353    1.07    6.62    4.70
13-07-2024 15:06:42.06    0.03   6.124   0.236    0.176   98.7  12.21  10.869  907.52362    2.51    0.55    4.76
13-07-2024 15:06:42.30   -0.03   6.128   0.236    0.175   98.7  12.21  10.844  907.48737    3.48    3.38    4.76
13-07-2024 15:06:42.54    0.04   6.136   0.235    0.175   98.7  12.21  10.820  907.46735    3.48    2.75    8.18
13-07-2024 15:06:42.79    0.04   6.126   0.234    0.174   98.7  12.21  10.798  907.49701    4.33    0.20    8.18
13-07-2024 15:06:43.04    0.02   6.111   0.234    0.174   98.7  12.22  10.776  907.47546    4.33    4.63    5.30
13-07-2024 15:06:43.28    0.05   6.096   0.233    0.174   98.8  12.23  10.755  907.42151    3.10    1.59    2.44
13-07-2024 15:06:43.52    0.02   6.090   0.233    0.173   98.8  12.23  10.734  907.26453    3.10    1.59    2.44
13-07-2024 15:06:43.77   -0.02   6.075   0.232    0.173   98.8  12.24  10.714  907.11652    1.95    3.50    3.63
13-07-2024 15:06:44.02    0.03   6.059   0.232    0.173   98.9  12.25  10.698  906.81598    2.93    2.97    3.02
13-07-2024 15:06:44.26   -0.03   6.049   0.231    0.173   98.9  12.26  10.682  906.53180    2.93    2.97    2.68
13-07-2024 15:06:44.51   -0.01   6.042   0.231    0.172   98.9  12.26  10.667  906.21802    2.88    1.19    1.73
13-07-2024 15:06:44.75    0.00   6.031   0.230    0.172   98.9  12.27  10.652  905.98633    2.88    1.00    3.79
13-07-2024 15:06:45.00    0.00   6.013   0.230    0.171   98.9  12.28  10.638  905.67987    4.24    2.29    1.17
13-07-2024 15:06:45.25    0.00   5.996   0.229    0.171   99.0  12.29  10.624  905.38086    4.24    2.29    1.17
13-07-2024 15:06:45.49    0.01   5.988   0.228    0.171   99.0  12.29  10.611  905.18103    0.29    5.20    5.04
13-07-2024 15:06:45.74    0.02   5.987   0.228    0.170   99.0  12.30  10.597  904.89606    3.18    5.20    1.78
13-07-2024 15:06:45.99    0.02   5.977   0.227    0.170   99.1  12.30  10.585  904.66516    1.98    7.87    4.61
13-07-2024 15:06:46.23    0.02   5.966   0.226    0.169   99.1  12.31  10.573  904.56445    1.98    7.87    4.27
13-07-2024 15:06:46.48   -0.00   5.946   0.226    0.169   99.1  12.32  10.563  904.43347    6.73    5.87    1.42
13-07-2024 15:06:46.72    0.01   5.925   0.225    0.168   99.2  12.33  10.554  904.42236    6.73    5.87    4.10
13-07-2024 15:06:46.97    0.01   5.911   0.224    0.168   99.2  12.34  10.544  904.33429    6.73    5.87    4.10
13-07-2024 15:06:47.21   -0.06   5.912   0.224    0.167   99.2  12.34  10.534  904.35504    4.66    5.11    3.46
13-07-2024 15:06:47.46    0.01   5.914   0.223    0.167   99.2  12.34  10.525  904.29285    1.60    5.11    2.55
13-07-2024 15:06:47.70    0.01   5.910   0.222    0.166   99.2  12.34  10.516  904.32318    0.87    5.89    5.20
13-07-2024 15:06:47.95    0.02   5.905   0.221    0.165   99.2  12.35  10.508  904.24847    3.08    1.48    1.01
13-07-2024 15:06:48.19   -0.00   5.909   0.221    0.165   99.2  12.34  10.499  904.22919    1.29    5.91    5.67
13-07-2024 15:06:48.44    0.04   5.907   0.220    0.164   99.2  12.34  10.491  904.11444    1.30    5.91    0.33
13-07-2024 15:06:48.68   -0.02   5.902   0.220    0.164   99.2  12.35  10.484  903.97900    1.30    5.91    0.33
13-07-2024 15:06:48.94   -0.02   5.897   0.219    0.163   99.2  12.35  10.477  903.78217    3.93    7.77    5.36
13-07-2024 15:06:49.18    0.02   5.893   0.218    0.163   99.2  12.35  10.470  903.57568    1.04    7.77    0.14
13-07-2024 15:06:49.43   -0.00   5.888   0.217    0.163   99.2  12.36  10.463  903.34100    4.18    7.41    5.46
13-07-2024 15:06:49.67    0.03   5.885   0.217    0.162   99.3  12.36  10.457  903.11603    0.12    7.41    2.89
13-07-2024 15:06:49.92   -0.00   5.897   0.216    0.162   99.2  12.35  10.451  902.82214    4.51    3.01    0.75
13-07-2024 15:06:50.17    0.01   5.901   0.216    0.161   99.2  12.35  10.445  902.54980    2.46    6.94    5.03
13-07-2024 15:06:50.41    0.03   5.892   0.215    0.161   99.3  12.35  10.440  902.19897    2.46    6.94    5.03
13-07-2024 15:06:50.66   -0.02   5.886   0.215    0.161   99.3  12.36  10.435  901.95026    1.51    6.94    3.88
13-07-2024 15:06:50.90    0.02   5.891   0.215    0.160   99.3  12.36  10.430  901.71271    3.40    0.39    3.83
13-07-2024 15:06:51.15    0.02   5.885   0.214    0.160   99.3  12.36  10.426  901.53729    6.24   10.15    0.60
13-07-2024 15:06:51.39   -0.02   5.877   0.213    0.159   99.3  12.37  10.422  901.37811    2.19   10.15    6.29
13-07-2024 15:06:51.64   -0.03   5.873   0.213    0.159   99.3  12.37  10.418  901.30261    5.22    5.20    6.29
13-07-2024 15:06:51.88   -0.01   5.865   0.212    0.159   99.3  12.38  10.414  901.18793    5.22    2.76    6.28
13-07-2024 15:06:52.13    0.00   5.863   0.212    0.159   99.4  12.38  10.411  901.13831    5.22    2.76    6.28
13-07-2024 15:06:52.37   -0.01   5.859   0.211    0.158   99.4  12.38  10.408  901.10431    5.80    2.82    2.61
13-07-2024 15:06:52.62    0.01   5.850   0.211    0.158   99.4  12.39  10.405  901.05170    0.88    0.18    4.13
13-07-2024 15:06:52.87   -0.01   5.841   0.210    0.157   99.4  12.39  10.403  900.92145    2.20    4.24    0.76
13-07-2024 15:06:53.13    0.02   5.839   0.210    0.157   99.4  12.39  10.402  900.78674    2.11    4.14    5.49
13-07-2024 15:06:53.36   -0.00   5.836   0.209    0.157   99.4  12.39  10.400  900.64911    2.11    2.11    0.79
13-07-2024 15:06:53.61   -0.01   5.837   0.209    0.156   99.4  12.39  10.399  900.44183    4.34    2.56    3.91
13-07-2024 15:06:53.85   -0.03   5.837   0.208    0.156   99.4  12.39  10.398  900.30713    4.34    2.56    3.91
13-07-2024 15:06:54.10   -0.01   5.838   0.208    0.155   99.4  12.39  10.397  900.15173    0.11    2.56    3.50
13-07-2024 15:06:54.34    0.02   5.840   0.208    0.155   99.4  12.39  10.396  900.00586    0.65    3.99    3.57
13-07-2024 15:06:54.59    0.05   5.840   0.207    0.155   99.4  12.39  10.395  899.81641    1.18    3.99    4.11
13-07-2024 15:06:54.83    0.04   5.837   0.207    0.154   99.4  12.39  10.394  899.66022    2.13   10.26    3.03
13-07-2024 15:06:55.08   -0.02   5.834   0.206    0.154   99.4  12.40  10.394  899.47223    1.11   10.26    3.59
13-07-2024 15:06:55.32    0.03   5.836   0.206    0.154   99.4  12.40  10.394  899.35016    2.76    1.13    2.71
13-07-2024 15:06:55.57   -0.03   5.831   0.205    0.153   99.5  12.40  10.394  899.23468    2.76    1.13    2.71
13-07-2024 15:06:55.82    0.03   5.824   0.205    0.153   99.5  12.41  10.394  899.18872    1.90    1.61    7.31
13-07-2024 15:06:56.06    0.04   5.815   0.204    0.153   99.5  12.41  10.394  899.13763    4.36    1.92    7.31
13-07-2024 15:06:56.31    0.02   5.806   0.204    0.153   99.6  12.42  10.394  899.11322    3.01    7.74    4.28
13-07-2024 15:06:56.56    0.05   5.799   0.204    0.152   99.6  12.43  10.395  899.10736    3.16    3.07    4.28
13-07-2024 15:06:56.81    0.03   5.796   0.204    0.152   99.6  12.43  10.396  899.13177    4.44   11.54    4.27
13-07-2024 15:06:57.05   -0.01   5.794   0.203    0.151   99.6  12.43  10.396  899.03333    0.19    1.22    3.03
13-07-2024 15:06:57.29   -0.03   5.789   0.203    0.151   99.6  12.44  10.397  898.92383    0.19    1.22    3.03
13-07-2024 15:06:57.54    0.01   5.789   0.202    0.151   99.7  12.44  10.398  898.70764    2.02    5.99    3.58
13-07-2024 15:06:57.79   -0.00   5.784   0.202    0.151   99.7  12.44  10.399  898.55664    2.02    0.67    2.10
13-07-2024 15:06:58.03   -0.06   5.779   0.201    0.150   99.7  12.45  10.400  898.28210    0.39    7.52    4.73
13-07-2024 15:06:58.28   -0.06   5.771   0.201    0.150   99.7  12.45  10.401  898.06226    0.39    7.52    6.80
13-07-2024 15:06:58.52   -0.03   5.761   0.201    0.150   99.7  12.46  10.402  897.74841    1.39    6.75    4.18
13-07-2024 15:06:58.77    0.01   5.751   0.201    0.150   99.8  12.46  10.404  897.52191    6.45    6.75    8.41
13-07-2024 15:06:59.01   -0.01   5.737   0.200    0.150   99.8  12.47  10.405  897.31464    6.45    6.75    8.41
13-07-2024 15:06:59.25   -0.01   5.719   0.200    0.150   99.8  12.48  10.407  897.07483    0.77    4.76    4.86
13-07-2024 15:06:59.50    0.02   5.704   0.200    0.150   99.9  12.49  10.408  896.84991    1.47    0.81    2.07
13-07-2024 15:06:59.75   -0.04   5.693   0.199    0.149   99.9  12.50  10.410  896.66187    2.96    6.66    0.24
13-07-2024 15:07:00.00    0.01   5.676   0.199    0.149  100.0  12.51  10.412  896.56567    2.55    5.13    4.59
13-07-2024 15:07:00.24   -0.02   5.660   0.198    0.149  100.0  12.52  10.414  896.51086    3.95    5.13    2.30
13-07-2024 15:07:00.49   -0.02   5.651   0.198    0.149  100.1  12.53  10.416  896.44720    3.95   11.68    6.62
13-07-2024 15:07:00.74   -0.05   5.646   0.198    0.149  100.1  12.53  10.418  896.42279    3.95   11.68    6.62
13-07-2024 15:07:00.98   -0.04   5.637   0.198    0.148  100.1  12.54  10.420  896.47461    0.65    6.55    1.22
13-07-2024 15:07:01.23    0.03   5.626   0.197    0.148  100.1  12.55  10.422  896.50275    0.65    9.07    1.22
13-07-2024 15:07:01.47   -0.03   5.614   0.197    0.148  100.2  12.56  10.424  896.46942    0.65    4.15    4.22
13-07-2024 15:07:01.72    0.03   5.600   0.196    0.148  100.2  12.56  10.427  896.43091    0.65    4.15    2.11
13-07-2024 15:07:01.96   -0.00   5.591   0.196    0.147  100.2  12.57  10.429  896.38727    0.65    5.98    4.10
13-07-2024 15:07:02.21   -0.02   5.581   0.196    0.147  100.2  12.58  10.431  896.19556    8.26    0.01   10.01
13-07-2024 15:07:02.45    0.00   5.569   0.195    0.147  100.3  12.59  10.434  895.86914    8.26    0.01   10.01
13-07-2024 15:07:02.70   -0.01   5.564   0.195    0.147  100.3  12.59  10.437  895.18158    0.02    1.02   10.01
13-07-2024 15:07:02.94   -0.07   5.562   0.195    0.146  100.3  12.59  10.440  893.61536    2.68    2.16    1.81
13-07-2024 15:07:03.19    0.01   5.561   0.194    0.146  100.3  12.60  10.443  892.65546    2.68    7.61    1.50
13-07-2024 15:07:03.44   -0.04   5.561   0.194    0.146  100.3  12.60  10.446  891.82721    2.82    7.61    6.73
13-07-2024 15:07:03.69    0.02   5.560   0.194    0.146  100.3  12.59  10.450  890.01160    1.82    3.37    4.67
13-07-2024 15:07:03.93   -0.05   5.562   0.194    0.145  100.3  12.59  10.452  887.60236    1.82    3.37    2.62
13-07-2024 15:07:04.19   -0.01   5.561   0.193    0.145  100.3  12.59  10.455  885.48560    1.82    3.37    2.62
13-07-2024 15:07:04.43    0.03   5.555   0.193    0.145  100.3  12.60  10.458  882.72034    1.92   10.01    3.10
13-07-2024 15:07:04.67    0.04   5.551   0.192    0.145  100.3  12.60  10.462  879.36670    3.13    0.59    1.11
13-07-2024 15:07:04.92   -0.01   5.548   0.193    0.145  100.4  12.60  10.465  878.60364    3.13    5.55    2.59
13-07-2024 15:07:05.16    0.03   5.544   0.192    0.144  100.4  12.61  10.468  879.82410    3.83    5.55    1.98
13-07-2024 15:07:05.41    0.03   5.554   0.192    0.144  100.4  12.60  10.472  880.25934    0.13    5.63    6.39
13-07-2024 15:07:05.65   -0.00   5.561   0.191    0.144  100.4  12.60  10.475  878.05072    2.60    5.63    2.97
13-07-2024 15:07:05.90   -0.04   5.566   0.191    0.143  100.3  12.60  10.478  874.79553    2.60    5.63    2.97
13-07-2024 15:07:06.14    0.00   5.577   0.191    0.143  100.3  12.59  10.481  871.55957    2.60    8.49    4.32
13-07-2024 15:07:06.39    0.04   5.589   0.191    0.143  100.3  12.58  10.485  865.18762    1.67    0.77    1.51
13-07-2024 15:07:06.63   -0.03   5.593   0.190    0.143  100.3  12.58  10.488  855.32361    4.50    0.77    1.51
13-07-2024 15:07:06.88    0.02   5.595   0.190    0.143  100.3  12.58  10.491  851.82050    1.13    4.53    8.53
13-07-2024 15:07:07.12    0.01   5.595   0.190    0.142  100.3  12.58  10.494  852.89520    2.79    4.53    1.01
13-07-2024 15:07:07.37    0.01   5.591   0.190    0.142  100.3  12.58  10.498  853.66870    4.25    8.83    5.03
13-07-2024 15:07:07.62    0.02   5.591   0.190    0.142  100.3  12.58  10.502  855.62335    4.25    8.83    5.03
13-07-2024 15:07:07.87    0.04   5.590   0.189    0.142  100.3  12.58  10.505  856.85797    0.90    2.81    3.13
13-07-2024 15:07:08.11    0.01   5.585   0.189    0.142  100.3  12.58  10.508  857.23987    0.90    2.81    4.50
13-07-2024 15:07:08.36   -0.01   5.582   0.189    0.142  100.3  12.58  10.512  857.43237    3.62    7.60    2.00
13-07-2024 15:07:08.61   -0.06   5.582   0.189    0.142  100.3  12.58  10.515  856.60925    0.39    7.60    6.95
13-07-2024 15:07:08.85    0.03   5.590   0.189    0.141  100.2  12.58  10.519  857.78906    1.65    2.58    6.95
13-07-2024 15:07:09.10   -0.05   5.588   0.188    0.141  100.2  12.57  10.522  866.13800    2.98    1.63    6.76
13-07-2024 15:07:09.34   -0.01   5.587   0.188    0.141  100.2  12.57  10.526  872.53735    2.98    1.63    6.76
13-07-2024 15:07:09.59   -0.00   5.588   0.188    0.141  100.2  12.57  10.530  874.79333    2.85    4.26    0.14
13-07-2024 15:07:09.83   -0.05   5.596   0.188    0.141  100.2  12.57  10.533  875.00128    2.85    4.26    7.29
13-07-2024 15:07:10.08   -0.04   5.599   0.187    0.140  100.2  12.57  10.537  874.87549    4.36    2.51    1.96
13-07-2024 15:07:10.32   -0.03   5.603   0.187    0.140  100.2  12.56  10.541  874.68011    1.43    0.40    7.18
13-07-2024 15:07:10.57   -0.04   5.608   0.187    0.140  100.2  12.56  10.544  873.32263    4.97    2.40    7.18
13-07-2024 15:07:10.81   -0.01   5.614   0.186    0.140  100.2  12.56  10.548  871.83569    4.97    2.40    7.18
13-07-2024 15:07:11.06   -0.02   5.624   0.186    0.139  100.2  12.55  10.552  870.81506    4.97   10.16    7.51
13-07-2024 15:07:11.31    0.00   5.627   0.186    0.139  100.2  12.55  10.555  870.15924    4.97   10.16    4.14
13-07-2024 15:07:11.56   -0.01   5.622   0.186    0.139  100.2  12.56  10.559  869.23553    3.03    0.28    4.14
13-07-2024 15:07:11.80   -0.04   5.618   0.186    0.139  100.2  12.56  10.563  868.99426    3.03    1.43    5.11
13-07-2024 15:07:12.05   -0.01   5.610   0.185    0.138  100.2  12.56  10.566  869.52496    6.46    7.02    3.19
13-07-2024 15:07:12.29    0.02   5.602   0.185    0.139  100.2  12.57  10.571  871.07410    0.37    5.17    3.86
13-07-2024 15:07:12.54   -0.01   5.600   0.185    0.139  100.2  12.57  10.574  871.40857    0.37    5.17    3.86
13-07-2024 15:07:12.78    0.01   5.605   0.184    0.138  100.2  12.56  10.579  870.76465    4.91    2.65    1.75
13-07-2024 15:07:13.03    0.05   5.608   0.184    0.138  100.2  12.56  10.582  868.92615    0.16    4.31    1.52
13-07-2024 15:07:13.27   -0.02   5.618   0.185    0.138  100.2  12.56  10.586  868.12897    5.52    0.93    3.29
13-07-2024 15:07:13.52   -0.02   5.627   0.184    0.138  100.1  12.55  10.590  866.56134    1.52    1.63    1.89
13-07-2024 15:07:13.76   -0.02   5.631   0.184    0.138  100.1  12.55  10.593  863.55115    3.01    1.30    5.20
13-07-2024 15:07:14.01   -0.00   5.643   0.183    0.137  100.0  12.53  10.597  858.49445    3.34    1.30    7.71
13-07-2024 15:07:14.25   -0.03   5.643   0.183    0.137  100.1  12.54  10.601  847.96057    3.34    1.30    7.71
13-07-2024 15:07:14.50    0.02   5.655   0.183    0.137  100.1  12.53  10.605  843.44934   14.27   22.20    3.29
13-07-2024 15:07:14.75    0.04   5.664   0.183    0.137  100.0  12.52  10.609  841.90613   14.27   22.20    3.29
13-07-2024 15:07:14.99   -0.04   5.667   0.183    0.137  100.0  12.52  10.613  842.70105    7.11    7.38    1.09
13-07-2024 15:07:15.25   -0.03   5.676   0.182    0.136  100.0  12.52  10.617  844.65283    2.25    7.38    5.39
