Date	Time	Press	Temp	Cond	Sal	O2%	O2ppm	pH	PAR	Trx-Chl-a	Pethr	Pchan
[D-M-Y]	[h:m:s]	[dbar]	[°C]	[mS/cm]	[PSU]	[%]	[mg/l]	[pH]	[-]	[ug/l]	[ug/l]	[ug/l]
17-07-2024 13:48:44.95    0.31  10.802   0.010    0.010  105.3  11.64  14.000  340.77792    0.92    3.01    4.10
17-07-2024 13:48:45.13    0.31  10.781   0.010    0.010  105.3  11.65  14.000  351.68631    0.92    3.01    4.10
17-07-2024 13:48:45.39    0.28  10.761   0.010    0.010  105.3  11.65  14.000  348.51328    0.86    4.50    2.44
17-07-2024 13:48:45.63    0.30  10.741   0.010    0.010  105.5  11.68  14.000  344.76437    2.83    1.54    2.93
17-07-2024 13:48:45.88    0.29  10.723   0.010    0.010  105.4  11.67  14.000  350.00394    1.84    1.54   12.38
17-07-2024 13:48:46.13    0.30  10.703   0.009    0.010  105.6  11.70  14.000  342.15091    1.84    0.09    2.98
17-07-2024 13:48:46.37    0.33  10.685   0.010    0.010  105.5  11.70  14.000  352.72916    1.84    0.09    2.98
17-07-2024 13:48:46.62    0.28  10.669   0.010    0.010  105.6  11.71  14.000  347.03668    2.13    0.09   24.07
17-07-2024 13:48:46.86    0.29  10.653   0.010    0.010  105.5  11.70  14.000  350.13788    2.13    1.01    2.38
17-07-2024 13:48:47.11    0.32  10.636   0.011    0.010  105.4  11.70  14.000  331.09674    2.88    4.88    1.74
17-07-2024 13:48:47.35    0.28  10.615   0.010    0.010  105.6  11.73  14.000  322.58423    1.22    1.95    3.05
17-07-2024 13:48:47.60    0.32  10.606   0.010    0.010  105.6  11.73  14.000  332.27875    0.25    2.10    4.21
17-07-2024 13:48:47.84    0.30  10.596   0.010    0.010  105.2  11.69  14.000  332.95453    1.16    3.32    2.70
17-07-2024 13:48:48.09    0.27  10.586   0.009    0.009  105.1  11.69  14.000  318.25363    1.16    3.32    2.70
17-07-2024 13:48:48.33    0.29  10.576   0.009    0.010  105.2  11.70  14.000  311.62112    1.93    4.91    3.84
17-07-2024 13:48:48.58    0.29  10.565   0.009    0.009  105.2  11.70  14.000  313.19614    2.39    1.51    5.87
17-07-2024 13:48:48.82    0.30  10.565   0.009    0.010  105.3  11.71  14.000  320.13361    2.26    2.56    2.71
17-07-2024 13:48:49.09    0.30  10.574   0.009    0.010  105.3  11.70  14.000  321.47256    1.86    2.56 1000.00
17-07-2024 13:48:49.33    0.32  10.584   0.010    0.010  105.2  11.69  14.000  321.00476   15.52    2.56 1000.00
17-07-2024 13:48:49.58    0.30  10.595   0.010    0.010  105.2  11.69  14.000  321.94031 1000.00   23.48    0.00
17-07-2024 13:48:49.82    0.34  10.605   0.009    0.010  105.2  11.69  14.000  319.57553 1000.00   23.48    0.00
17-07-2024 13:48:50.07    0.29  10.606   0.010    0.010  105.1  11.68  14.000  316.49576    0.00   23.48   10.72
17-07-2024 13:48:50.31    0.32  10.596   0.009    0.010  105.1  11.68  14.000  311.45087    0.00   23.48    3.61
17-07-2024 13:48:50.56    0.30  10.583   0.010    0.010  105.2  11.69  14.000  312.92081    1.85    2.37    4.03
17-07-2024 13:48:50.80    0.32  10.571   0.009    0.010  105.1  11.69  14.000  305.18622    1.14    2.10    2.05
17-07-2024 13:48:51.05    0.30  10.558   0.009    0.010  105.2  11.70  14.000  296.99719    2.13    2.29    2.23
17-07-2024 13:48:51.29    0.30  10.550   0.010    0.010  105.3  11.71  14.000  283.36432    1.46    3.21    2.46
17-07-2024 13:48:51.54    0.31  10.547   0.008    0.009  105.2  11.70  14.000  291.10925    1.46    3.21    2.46
17-07-2024 13:48:51.78    0.30  10.547   0.008    0.009  105.2  11.70  14.000  290.08936    0.51    2.77    3.34
17-07-2024 13:48:52.03    0.31  10.553   0.009    0.009  105.2  11.70  14.000  284.70993    0.51    8.38    1.09
17-07-2024 13:48:52.27    0.30  10.558   0.009    0.009  105.2  11.69  14.000  278.02042 1000.00 1000.00    9.51
17-07-2024 13:48:52.52    0.30  10.558   0.009    0.010  105.2  11.70  14.000  283.34805   11.38 1000.00 1000.00
17-07-2024 13:48:52.77    0.30  10.555   0.010    0.010  105.2  11.70  14.000  284.42865   21.46    0.00    0.00
17-07-2024 13:48:53.02    0.28  10.546   0.007    0.008  105.2  11.70  14.000  283.81656    2.33    0.00    2.91
17-07-2024 13:48:53.26    0.29  10.526   0.009    0.009  105.2  11.71  14.000  284.35834    2.33    0.00    2.91
17-07-2024 13:48:53.51    0.30  10.512   0.008    0.009  105.5  11.74  14.000  275.59863    3.10    1.60    3.46
17-07-2024 13:48:53.76    0.30  10.504   0.010    0.010  105.4  11.74  14.000  244.41974    2.94    1.60 1000.00
17-07-2024 13:48:54.00    0.30  10.496   0.009    0.009  105.5  11.75  14.000  241.36513 1000.00 1000.00   15.68
17-07-2024 13:48:54.24    0.31  10.491   0.008    0.009  106.0  11.81  14.000  243.39166   25.26    0.00   15.68
17-07-2024 13:48:54.49    0.30  10.487   0.009    0.010  105.8  11.79  14.000  245.80234    3.12    0.00    6.91
17-07-2024 13:48:54.73    0.31  10.470   0.010    0.010  105.5  11.76  14.000  239.34450    0.09    1.72    4.30
17-07-2024 13:48:54.98    0.31  10.464   0.010    0.010  105.5  11.76  14.000  239.45406    0.09    1.72    4.30
17-07-2024 13:48:55.22    0.29  10.456   0.011    0.011  105.5  11.76  14.000  239.78343    0.09    2.14    3.91
17-07-2024 13:48:55.47    0.29  10.446   0.008    0.009  105.6  11.77  14.000  242.58415    2.34    2.45    2.48
17-07-2024 13:48:55.71    0.31  10.437   0.008    0.009  105.6  11.78  14.000  241.11865    2.11    1.75    3.16
17-07-2024 13:48:55.96    0.32  10.423   0.011    0.010  105.6  11.78  14.000  235.11676    2.33    1.89    1.84
17-07-2024 13:48:56.21    0.32  10.414   0.008    0.009  105.5  11.77  14.000  243.70401    1.62    2.82    3.96
17-07-2024 13:48:56.46    0.31  10.407   0.007    0.008  105.5  11.78  14.000  243.17406    1.68    2.79    2.61
17-07-2024 13:48:56.70    0.30  10.396   0.008    0.009  105.4  11.77  14.000  243.32652    1.68    2.79    2.61
17-07-2024 13:48:56.95    0.31  10.384   0.009    0.009  105.4  11.77  14.000  243.56412    2.22    4.88    2.61
17-07-2024 13:48:57.20    0.32  10.378   0.009    0.009  105.7  11.80  14.000  241.21857    7.27   12.01    2.16
17-07-2024 13:48:57.44    0.28  10.368   0.009    0.009  106.0  11.84  14.000  242.42873    2.11    0.81    2.16
17-07-2024 13:48:57.69    0.28  10.352   0.009    0.009  105.4  11.78  14.000  233.54689    6.88    1.23 1000.00
17-07-2024 13:48:57.93    0.28  10.337   0.010    0.010  105.9  11.84  14.000  223.72212 1000.00    0.00    0.00
17-07-2024 13:48:58.18    0.30  10.337   0.009    0.009  106.0  11.85  14.000  220.70377    0.00    0.00    7.49
17-07-2024 13:48:58.42    0.32  10.328   0.010    0.010  106.0  11.85  14.000  221.82216    0.00    0.00    7.49
17-07-2024 13:48:58.67    0.31  10.328   0.009    0.009  105.9  11.84  14.000  230.44197   11.74    0.00    0.00
17-07-2024 13:48:58.91    0.28  10.322   0.009    0.010  105.9  11.84  14.000  231.34348    0.00    0.00    1.05
17-07-2024 13:48:59.16    0.29  10.318   0.009    0.009  105.9  11.85  14.000  234.09831    2.05    0.00   10.55
17-07-2024 13:48:59.40    0.29  10.316   0.010    0.010  105.9  11.85  14.000  244.57516    2.05    0.00    7.96
17-07-2024 13:48:59.65    0.28  10.312   0.008    0.009  105.9  11.85  14.000  244.84163    0.47    0.00    2.74
17-07-2024 13:48:59.89    0.30  10.307   0.008    0.009  106.1  11.87  14.000  218.73053    0.14   10.60    8.83
17-07-2024 13:49:00.15    0.30  10.298   0.009    0.009  106.1  11.87  14.000  232.97551    0.14   10.60    8.83
17-07-2024 13:49:00.39    0.29  10.293   0.009    0.009  106.0  11.86  14.000  224.14253    0.14    5.94 1000.00
17-07-2024 13:49:00.64    0.31  10.289   0.009    0.009  105.9  11.85  14.000  215.60338   21.16    5.94    6.67
17-07-2024 13:49:00.88    0.30  10.288   0.009    0.009  106.1  11.87  14.000  212.30009   21.16    9.56    6.67
17-07-2024 13:49:01.13    0.30  10.291   0.008    0.009  105.9  11.85  14.000  207.78590   22.58    0.00    0.05
17-07-2024 13:49:01.38    0.30  10.287   0.009    0.009  106.1  11.88  14.000  216.80464    2.13    0.41    1.93
17-07-2024 13:49:01.62    0.30  10.288   0.010    0.010  106.2  11.89  14.000  229.93864    1.19    1.78    1.93
17-07-2024 13:49:01.86    0.28  10.289   0.010    0.010  106.2  11.88  14.000  232.95331    1.19    1.78    1.93
17-07-2024 13:49:02.11    0.29  10.287   0.009    0.009  106.1  11.87  14.000  227.42215 1000.00    1.12    7.67
17-07-2024 13:49:02.36    0.30  10.278   0.009    0.009  106.2  11.88  14.000  231.71057    4.66    1.12   24.75
17-07-2024 13:49:02.60    0.29  10.274   0.009    0.009  106.3  11.90  14.000  243.08525    4.66 1000.00    8.85
17-07-2024 13:49:02.85    0.30  10.270   0.008    0.009  106.1  11.88  14.000  257.50934    4.66 1000.00    8.85
17-07-2024 13:49:03.09    0.28  10.259   0.009    0.009  106.1  11.89  14.000  261.84439    1.21    1.89    0.66
17-07-2024 13:49:03.34    0.31  10.250   0.009    0.009  106.2  11.89  14.000  264.03525    2.85    4.15    2.03
17-07-2024 13:49:03.58    0.28  10.253   0.009    0.009  106.1  11.88  14.000  263.63556    2.85    4.15    2.03
17-07-2024 13:49:03.83    0.29  10.254   0.009    0.009  106.1  11.88  14.000  323.25037    2.85  164.38    2.03
17-07-2024 13:49:04.08    0.29  10.253   0.009    0.009  106.4  11.91  14.000  334.44003   21.92  164.38    3.49
17-07-2024 13:49:04.33    0.30  10.249   0.008    0.009  106.3  11.91  14.000  334.17578   21.92    8.08    0.99
17-07-2024 13:49:04.57    0.30  10.243   0.008    0.009  106.5  11.93  14.000  340.34052    1.59    2.18    0.99
17-07-2024 13:49:04.82    0.27  10.234   0.008    0.009  106.6  11.95  14.000  338.79950    1.59    8.29    4.30
17-07-2024 13:49:05.06    0.27  10.234   0.009    0.009  106.6  11.95  14.000  337.37991    1.59    8.29    7.80
17-07-2024 13:49:05.31    0.30  10.231   0.009    0.009  106.4  11.93  14.000  326.77350    1.59    8.29    7.80
17-07-2024 13:49:05.55    0.30  10.224   0.008    0.009  106.6  11.95  14.000  305.90121 1000.00   21.37    7.80
17-07-2024 13:49:05.80    0.30  10.217   0.008    0.009  106.7  11.96  14.000  308.00177   15.78   21.37   16.97
17-07-2024 13:49:06.04    0.30  10.216   0.008    0.009  106.6  11.95  14.000  309.31628   15.78    1.39   12.03
17-07-2024 13:49:06.29    0.28  10.214   0.008    0.009  106.6  11.95  14.000  315.16867   15.78    1.39 1000.00
17-07-2024 13:49:06.53    0.31  10.213   0.009    0.009  106.5  11.94  14.000  312.09778    4.48    0.57    0.00
17-07-2024 13:49:06.78    0.29  10.215   0.008    0.009  106.4  11.93  14.000  315.95029    4.48   25.97    1.67
17-07-2024 13:49:07.02    0.33  10.212   0.008    0.009  106.5  11.94  14.000  328.25235    4.48   25.97    1.67
17-07-2024 13:49:07.27    0.28  10.210   0.008    0.009  106.5  11.94  14.000  331.77768    4.48    5.45    3.04
17-07-2024 13:49:07.52    0.31  10.208   0.008    0.009  106.5  11.94  14.000  333.81015    4.48    3.12    3.43
17-07-2024 13:49:07.76    0.28  10.203   0.008    0.009  106.2  11.91  14.000  338.83875    5.48    3.12    2.63
17-07-2024 13:49:08.01    0.31  10.200   0.009    0.009  106.4  11.93  14.000  344.57419    3.12    1.34    1.81
17-07-2024 13:49:08.26    0.31  10.195   0.009    0.009  106.4  11.93  14.000  343.12424    4.39    0.63    2.93
17-07-2024 13:49:08.50    0.32  10.192   0.009    0.009  106.5  11.94  14.000  341.90591    0.35    3.48    2.85
17-07-2024 13:49:08.75    0.29  10.188   0.008    0.009  106.4  11.93  14.000  344.03830    0.35    3.48    2.85
17-07-2024 13:49:08.99    0.28  10.180   0.008    0.009  106.4  11.93  14.000  343.97021    2.35    3.32    0.32
17-07-2024 13:49:09.24    0.30  10.173   0.008    0.009  106.4  11.94  14.000  339.03931    3.51    3.32    4.05
17-07-2024 13:49:09.48    0.33  10.167   0.008    0.009  106.4  11.94  14.000  336.96985    1.57    3.99    4.57
17-07-2024 13:49:09.73    0.29  10.161   0.009    0.009  106.3  11.94  14.000  338.33026    1.57    0.00    1.82
17-07-2024 13:49:09.97    0.32  10.157   0.008    0.009  106.4  11.95  14.000  338.32727    3.09    0.87    2.06
17-07-2024 13:49:10.22    0.29  10.151   0.008    0.009  106.4  11.95  14.000  336.16232    2.98    0.87   10.30
17-07-2024 13:49:10.46    0.30  10.143   0.008    0.008  106.4  11.95  14.000  335.85590    2.98    0.87   10.30
17-07-2024 13:49:10.71    0.30  10.136   0.008    0.009  106.4  11.95  14.000  336.60275    2.98    5.86    2.86
17-07-2024 13:49:10.95    0.33  10.130   0.008    0.009  106.5  11.96  14.000  334.98993    2.98    2.67    1.92
17-07-2024 13:49:11.22    0.30  10.121   0.008    0.008  106.5  11.96  14.000  333.42230    2.45    3.21    2.31
17-07-2024 13:49:11.45    0.26  10.113   0.008    0.009  106.4  11.96  14.000  334.34082    2.73    3.21    4.42
17-07-2024 13:49:11.70    0.29  10.106   0.008    0.009  106.4  11.96  14.000  336.17938    1.69    1.56    2.81
17-07-2024 13:49:11.95    0.29  10.100   0.008    0.009  106.5  11.97  14.000  336.45840    1.18    2.21    1.69
17-07-2024 13:49:12.19    0.30  10.095   0.008    0.008  106.5  11.97  14.000  336.85660    1.18    2.21    1.69
17-07-2024 13:49:12.44    0.32  10.092   0.008    0.009  106.4  11.97  14.000  338.55896    2.17    2.06    2.88
17-07-2024 13:49:12.68    0.30  10.088   0.008    0.009  106.4  11.96  14.000  340.27390    2.47    2.68    2.75
17-07-2024 13:49:12.93    0.29  10.087   0.008    0.009  106.4  11.97  14.000  339.96008    0.78    3.08    2.60
17-07-2024 13:49:13.17    0.31  10.087   0.008    0.009  106.5  11.97  14.000  338.96234    1.06    2.95    3.69
17-07-2024 13:49:13.42    0.27  10.085   0.008    0.009  106.5  11.97  14.000  339.35388    2.61    2.81    2.37
17-07-2024 13:49:13.66    0.32  10.081   0.008    0.009  106.4  11.97  14.000  339.43307    2.41    1.62    2.94
17-07-2024 13:49:13.91    0.29  10.079   0.008    0.009  106.5  11.97  14.000  337.48944    2.41    1.62    2.94
17-07-2024 13:49:14.15    0.27  10.078   0.008    0.009  106.5  11.98  14.000  336.23636    1.62    0.02    4.89
17-07-2024 13:49:14.40    0.30  10.072   0.008    0.009  106.5  11.98  14.000  336.38736    2.18    4.17    3.07
17-07-2024 13:49:14.65    0.31  10.070   0.008    0.009  106.5  11.98  14.000  334.86191    1.05    2.80    1.97
17-07-2024 13:49:14.90    0.29  10.063   0.007    0.008  106.5  11.98  14.000  331.77176    1.57    1.98    2.06
17-07-2024 13:49:15.14    0.30  10.057   0.008    0.008  106.4  11.98  14.000  330.99976    2.19    2.63    3.32
17-07-2024 13:49:15.39    0.29  10.051   0.008    0.009  106.5  11.98  14.000  332.74060    1.64    1.64    2.51
17-07-2024 13:49:15.63    0.31  10.047   0.008    0.009  106.5  11.99  14.000  333.56961    1.64    1.64    2.51
17-07-2024 13:49:15.88    0.32  10.042   0.007    0.008  106.5  11.99  14.000  333.67468    2.19    3.79    2.49
17-07-2024 13:49:16.13    0.30  10.039   0.008    0.008  106.5  11.99  14.000  335.25494    2.18    2.01    3.53
17-07-2024 13:49:16.37    0.30  10.039   0.008    0.009  106.5  11.99  14.000  336.73376    1.71    1.46    3.75
17-07-2024 13:49:16.62    0.31  10.043   0.008    0.009  106.5  11.99  14.000  336.97281    1.54    2.08    2.87
17-07-2024 13:49:16.86    0.35  10.053   0.008    0.008  106.5  11.98  14.000  336.26303    1.79    3.36    2.90
17-07-2024 13:49:17.11    0.33  10.061   0.008    0.008  106.4  11.98  14.000  336.28445    1.53    1.52    2.82
17-07-2024 13:49:17.35    0.33  10.066   0.007    0.008  106.4  11.97  14.000  336.29410    1.53    1.52    2.82
17-07-2024 13:49:17.60    0.30  10.068   0.008    0.009  106.4  11.97  14.000  334.92776    0.59    1.72    2.73
17-07-2024 13:49:17.84    0.25  10.069   0.008    0.009  106.4  11.97  14.000  332.35202    1.23    2.64    3.38
17-07-2024 13:49:18.09    0.31  10.071   0.008    0.009  106.4  11.97  14.000  331.82504    2.38    2.84    3.36
17-07-2024 13:49:18.33    0.29  10.071   0.008    0.008  106.4  11.97  14.000  331.58301    2.19    3.28    2.68
17-07-2024 13:49:18.58    0.28  10.073   0.008    0.009  106.4  11.97  14.000  331.05676    1.45    2.92    2.87
17-07-2024 13:49:18.83    0.30  10.078   0.008    0.008  106.4  11.96  14.000  330.84360    1.83    0.93    2.59
17-07-2024 13:49:19.08    0.32  10.087   0.008    0.009  106.3  11.95  14.000  330.81104    1.83    0.93    2.59
17-07-2024 13:49:19.32    0.27  10.091   0.008    0.009  106.3  11.95  14.000  330.89096    1.41    2.63    2.88
17-07-2024 13:49:19.57    0.29  10.094   0.008    0.009  106.3  11.95  14.000  330.01389    2.08    2.15    3.14
17-07-2024 13:49:19.82    0.31  10.094   0.008    0.008  106.2  11.94  14.000  328.47733    1.73    2.27    2.56
17-07-2024 13:49:20.06    0.33  10.094   0.008    0.008  106.3  11.95  14.000  326.29462    2.48    1.07    3.57
17-07-2024 13:49:20.31    0.28  10.093   0.008    0.009  106.3  11.95  14.000  321.78342    1.09    1.93    3.77
17-07-2024 13:49:20.55    0.29  10.093   0.008    0.009  106.2  11.94  14.000  313.06442    1.09    1.93    3.77
17-07-2024 13:49:20.80    0.28  10.097   0.008    0.009  106.2  11.94  14.000  300.97180    1.47    2.06    3.11
17-07-2024 13:49:21.04    0.31  10.094   0.007    0.008  106.2  11.94  14.000  291.57260    3.28    0.51    2.06
17-07-2024 13:49:21.29    0.32  10.093   0.007    0.008  106.2  11.94  14.000  281.53394    2.27    3.26    3.24
17-07-2024 13:49:21.53    0.30  10.092   0.008    0.008  106.2  11.94  14.000  270.90533    1.49    3.70    1.24
17-07-2024 13:49:21.78    0.29  10.089   0.008    0.008  106.2  11.94  14.000  263.22403    3.53    0.31    2.84
17-07-2024 13:49:22.03    0.28  10.095   0.008    0.008  106.1  11.93  14.000  257.62997    3.71    2.55    2.19
17-07-2024 13:49:22.27    0.29  10.107   0.008    0.009  106.1  11.93  14.000  254.55612    3.71    2.55    2.19
17-07-2024 13:49:22.52    0.28  10.116   0.008    0.009  106.1  11.92  14.000  252.59471    3.41    0.12    3.39
17-07-2024 13:49:22.77    0.27  10.120   0.008    0.009  106.1  11.92  14.000  254.90030    5.70    0.12    3.39
17-07-2024 13:49:23.01    0.34  10.129   0.007    0.008  106.1  11.92  14.000  257.14590   10.70    0.12    2.83
17-07-2024 13:49:23.26    0.25  10.143   0.008    0.009  106.0  11.91  14.000  254.08612    1.75    2.75    0.04
17-07-2024 13:49:23.50    0.27  10.156   0.008    0.009  105.9  11.89  14.000  248.23373    4.61    1.93    2.95
17-07-2024 13:49:23.75    0.27  10.168   0.008    0.009  105.8  11.88  14.000  244.08961    5.76    1.93    2.95
17-07-2024 13:49:23.99    0.29  10.175   0.008    0.009  105.9  11.88  14.000  239.80341    5.76    1.93    2.95
17-07-2024 13:49:24.24    0.30  10.171   0.008    0.009  105.9  11.89  14.000  236.82428    0.39    1.74    3.52
17-07-2024 13:49:24.48    0.29  10.166   0.008    0.009  105.8  11.88  14.000  235.61414    3.67    7.19    8.01
17-07-2024 13:49:24.73    0.30  10.980  11.094    8.844  104.0  10.83  14.000  232.18059    2.33    7.19   17.96
17-07-2024 13:49:24.97    0.32  11.965  11.135    8.648  101.6  10.37  14.000  230.00009   36.44    8.61    0.55
17-07-2024 13:49:25.22    0.38  12.174  11.161    8.622  101.3  10.29  14.000  230.50339    1.88    2.26    3.15
17-07-2024 13:49:25.46    0.52  12.241  11.172    8.615  101.4  10.28  14.000  229.79506    2.07    1.69    2.58
17-07-2024 13:49:25.71    0.66  12.275  11.187    8.620  101.5  10.29  14.000  223.95824    2.07    1.69    2.58
17-07-2024 13:49:25.96    0.75  12.294  11.192    8.620  101.7  10.29  14.000  143.48665    2.42    1.81    3.15
17-07-2024 13:49:26.20    0.84  12.304  11.197    8.621  101.7  10.30  14.000   96.24052    1.73    2.18    2.49
17-07-2024 13:49:26.45    0.91  12.310  11.197    8.620  101.8  10.30  14.000  103.77749    1.90    2.15    2.96
17-07-2024 13:49:26.70    0.95  12.316  11.196    8.618  101.8  10.31  14.000  102.06773    2.18    2.07    2.86
17-07-2024 13:49:26.94    0.89  12.314  11.193    8.616  101.9  10.31  14.000  104.27635    1.89    2.16    2.29
17-07-2024 13:49:27.19    0.90  12.310  11.194    8.618  101.9  10.31  14.000   94.58701    1.85    1.63    2.78
17-07-2024 13:49:27.43    0.91  12.305  11.025    8.479  101.9  10.33  14.000   96.70311    1.85    1.63    2.78
17-07-2024 13:49:27.68    0.93  12.301  11.202    8.627  101.9  10.32  14.000  102.34159    2.17    1.91    2.84
17-07-2024 13:49:27.93    0.95  12.301  11.203    8.628  102.0  10.32  14.000   93.20515    2.12    2.04    3.38
17-07-2024 13:49:28.17    0.96  12.301  10.641    8.161  101.9  10.35  14.000   93.93346    1.97    2.64    2.92
17-07-2024 13:49:28.42    0.92  12.300  10.553    8.089  101.9  10.36  14.000   98.85178    1.93    2.32    2.86
17-07-2024 13:49:28.66    0.90  12.301  11.218    8.640  102.0  10.32  14.000  105.64415    1.73    2.21    2.84
17-07-2024 13:49:28.91    0.92  12.300  11.219    8.641  102.0  10.32  14.000  104.94915    2.09    2.22    2.65
17-07-2024 13:49:29.15    0.91  12.301  11.219    8.640  101.9  10.32  14.000  101.97077    2.09    2.22    2.65
17-07-2024 13:49:29.40    0.94  12.303  11.218    8.639  101.9  10.32  14.000   96.60690    2.15    2.78    2.77
17-07-2024 13:49:29.65    0.96  12.303  11.218    8.640  101.9  10.32  14.000  106.55527    2.01    2.49    2.82
17-07-2024 13:49:29.89    0.96  12.303  11.218    8.640  101.9  10.31  14.000  112.08051    2.16    2.68    2.72
17-07-2024 13:49:30.14    0.94  12.303  11.219    8.640  101.9  10.31  14.000  101.72282    1.86    2.09    2.56
17-07-2024 13:49:30.39    0.90  12.303  11.219    8.640  101.9  10.31  14.000   99.34250    2.09    1.88    2.69
17-07-2024 13:49:30.63    0.93  12.304  11.218    8.639  101.9  10.31  14.000  120.21701    2.05    1.87    2.77
17-07-2024 13:49:30.88    0.92  12.305  11.218    8.639  101.9  10.31  14.000  114.09966    2.05    1.87    2.77
17-07-2024 13:49:31.12    0.90  12.306  11.217    8.638  101.8  10.31  14.000  107.52784    1.82    2.21    2.87
17-07-2024 13:49:31.37    0.91  12.305  11.219    8.640  101.8  10.30  14.000  102.92483    1.92    2.09    2.96
17-07-2024 13:49:31.61    0.98  12.306  11.223    8.642  101.8  10.30  14.000  105.89063    2.12    2.38    2.66
17-07-2024 13:49:31.86    0.95  12.306  11.224    8.644  101.7  10.30  14.000  109.20576    2.13    1.80    3.12
17-07-2024 13:49:32.10    0.97  12.308  11.221    8.641  101.7  10.29  14.000  105.03500    1.91    2.22    2.88
17-07-2024 13:49:32.35    0.94  12.310  11.223    8.642  101.7  10.29  14.000  120.67442    2.00    2.24    2.61
17-07-2024 13:49:32.59    0.93  12.310  11.227    8.645  101.6  10.29  14.000  112.36843    2.00    2.24    2.61
17-07-2024 13:49:32.84    0.90  12.310  11.226    8.645  101.6  10.28  14.000  109.97626    2.30    1.59    2.89
17-07-2024 13:49:33.09    0.89  12.307  11.225    8.644  101.6  10.28  14.000  116.35711    2.25    1.91    3.18
17-07-2024 13:49:33.34    0.90  12.306  11.229    8.647  101.5  10.27  14.000  102.55106    1.88    2.39    3.01
17-07-2024 13:49:33.58    0.89  12.304  11.230    8.649  101.5  10.27  14.000  105.66487    1.98    2.03    2.30
17-07-2024 13:49:33.83    0.94  12.301  11.231    8.650  101.4  10.27  14.000  104.40661    1.89    2.33    2.68
17-07-2024 13:49:34.07    0.96  12.302  11.229    8.649  101.4  10.26  14.000  109.79936    2.26    1.95    2.92
17-07-2024 13:49:34.32    0.94  12.303  11.228    8.647  101.3  10.26  14.000  111.98947    2.26    1.95    2.92
17-07-2024 13:49:34.56    0.92  12.305  11.230    8.649  101.3  10.25  14.000  122.11550    2.61    1.70    2.81
17-07-2024 13:49:34.81    0.92  12.310  11.233    8.650  101.2  10.24  14.000  107.06894    2.00    1.71    2.79
17-07-2024 13:49:35.05    0.91  12.312  11.233    8.650  101.2  10.24  14.000  112.04942    2.15    2.10    2.69
17-07-2024 13:49:35.30    0.91  12.313  11.233    8.650  101.2  10.24  14.000  101.94709    2.04    2.43    3.39
17-07-2024 13:49:35.54    0.93  12.313  11.234    8.650  101.2  10.24  14.000  105.12086    1.97    1.87    2.86
17-07-2024 13:49:35.79    0.95  12.314  11.234    8.650  101.1  10.23  14.000  112.12344    2.13    1.70    3.00
17-07-2024 13:49:36.03    0.92  12.314  11.234    8.650  101.1  10.23  14.000  113.16409    2.13    1.70    3.00
17-07-2024 13:49:36.28    0.94  12.314  11.236    8.651  101.1  10.23  14.000  105.57162    1.82    2.26    2.92
17-07-2024 13:49:36.52    0.92  12.315  11.236    8.652  101.1  10.23  14.000  107.82612    2.02    2.30    2.59
17-07-2024 13:49:36.77    0.93  12.316  11.236    8.651  101.1  10.23  14.000  119.21040    1.87    2.54    2.69
17-07-2024 13:49:37.02    0.93  12.315  11.235    8.651  101.1  10.23  14.000  106.49828    2.10    1.89    2.64
17-07-2024 13:49:37.27    0.94  12.316  11.235    8.650  101.1  10.23  14.000  117.47031    2.18    1.97    2.90
17-07-2024 13:49:37.52    0.94  12.316  11.235    8.650  101.1  10.23  14.000  116.37265    1.97    2.28    2.65
17-07-2024 13:49:37.76    0.94  12.315  11.236    8.652  101.1  10.24  14.000   99.57268    1.97    2.28    2.65
17-07-2024 13:49:38.01    0.93  12.316  11.237    8.652  101.1  10.23  14.000  108.40196    2.20    2.09    2.65
17-07-2024 13:49:38.25    0.96  12.317  11.236    8.651  101.1  10.23  14.000  126.40616    2.31    2.05    3.01
17-07-2024 13:49:38.50    0.96  12.319  11.235    8.650  101.1  10.23  14.000  111.69785    2.11    1.85    2.71
17-07-2024 13:49:38.74    0.93  12.319  11.236    8.651  101.1  10.23  14.000  107.68549    2.26    2.48    2.97
17-07-2024 13:49:38.99    0.86  12.318  11.236    8.651  101.1  10.23  14.000  115.14845    1.79    2.09    2.75
17-07-2024 13:49:39.23    0.88  12.318  11.236    8.651  101.1  10.23  14.000  102.97295    1.84    2.20    2.53
17-07-2024 13:49:39.48    0.93  12.317  11.239    8.653  101.1  10.23  14.000  117.08469    1.84    2.20    2.53
17-07-2024 13:49:39.72    0.95  12.317  11.239    8.654  101.1  10.23  14.000  103.80784    2.13    1.82    3.02
17-07-2024 13:49:39.97    0.98  12.318  11.238    8.653  101.1  10.23  14.000  108.76907    2.06    2.01    2.96
17-07-2024 13:49:40.21    0.96  12.317  11.238    8.652  101.1  10.23  14.000  116.96700    2.02    1.84    2.89
17-07-2024 13:49:40.46    0.95  12.317  11.237    8.652  101.1  10.23  14.000  109.44409    1.66    1.78    3.09
17-07-2024 13:49:40.71    0.92  12.317  11.238    8.652  101.0  10.23  14.000  117.74712    2.24    2.06    2.89
17-07-2024 13:49:40.95    0.87  12.317  11.238    8.653  101.1  10.23  14.000  109.81491    2.26    2.70    3.08
17-07-2024 13:49:41.20    0.86  12.318  11.238    8.652  101.1  10.23  14.000   99.84135    2.26    2.70    3.08
17-07-2024 13:49:41.45    0.87  12.318  11.239    8.653  101.1  10.23  14.000  109.47740    1.81    1.66    3.08
17-07-2024 13:49:41.69    0.88  12.318  11.239    8.654  101.1  10.23  14.000  111.57573    2.35    2.17    2.60
17-07-2024 13:49:41.94    0.92  12.317  11.240    8.654  101.1  10.23  14.000  101.45785    2.28    2.01    3.04
17-07-2024 13:49:42.18    0.95  12.317  11.240    8.654  101.1  10.23  14.000  104.69823    2.07    1.88    2.71
17-07-2024 13:49:42.43    0.96  12.317  11.240    8.654  101.1  10.23  14.000  103.02993    2.16    2.27    2.78
17-07-2024 13:49:42.67    0.99  12.316  11.240    8.654  101.1  10.23  14.000  110.50769    2.03    2.09    3.20
17-07-2024 13:49:42.92    0.96  12.317  11.240    8.654  101.0  10.22  14.000  108.89564    2.03    2.09    3.20
17-07-2024 13:49:43.16    0.92  12.317  11.240    8.654  101.0  10.22  14.000  102.80344    1.92    2.30    2.81
17-07-2024 13:49:43.41    0.86  12.318  11.240    8.654  101.0  10.22  14.000  107.22437    1.85    2.19    2.87
17-07-2024 13:49:43.65    0.87  12.318  11.239    8.654  101.0  10.22  14.000  100.18405    2.17    2.34    2.69
17-07-2024 13:49:43.90    0.89  12.318  11.240    8.654  101.0  10.22  14.000  101.06779    1.82    2.11    2.93
17-07-2024 13:49:44.15    0.94  12.316  11.240    8.655  101.0  10.22  14.000  104.71378    2.24    2.17    2.89
17-07-2024 13:49:44.40    0.96  12.315  11.240    8.655  101.0  10.22  14.000   97.74599    2.27    1.93    2.63
17-07-2024 13:49:44.64    0.95  12.316  11.240    8.654  101.0  10.22  14.000  102.14397    2.27    1.93    2.63
17-07-2024 13:49:44.89    0.96  12.315  11.239    8.654  100.9  10.21  14.000  109.09104    2.25    2.25    2.83
17-07-2024 13:49:45.14    0.93  12.315  11.240    8.655  100.9  10.21  14.000  103.44146    2.14    2.03    2.88
17-07-2024 13:49:45.38    0.90  12.315  11.239    8.654  100.9  10.21  14.000  104.10316    2.42    2.21    3.07
17-07-2024 13:49:45.63    0.92  12.315  11.239    8.654  100.9  10.21  14.000   98.61492    2.12    2.05    3.14
17-07-2024 13:49:45.87    0.92  12.316  11.240    8.655  100.9  10.21  14.000   98.07609    2.17    2.36    3.28
17-07-2024 13:49:46.12    0.92  12.316  11.241    8.655  100.9  10.21  14.000  105.62713    2.23    2.25    3.09
17-07-2024 13:49:46.36    0.95  12.316  11.240    8.654  100.9  10.21  14.000   95.77570    2.23    2.25    3.09
17-07-2024 13:49:46.61    0.96  12.315  11.241    8.655  100.9  10.21  14.000  114.99153    1.78    1.92    3.00
17-07-2024 13:49:46.85    0.92  12.316  11.241    8.656  100.9  10.21  14.000  113.64297    2.18    1.59    3.00
17-07-2024 13:49:47.10    0.87  12.315  11.240    8.655  100.9  10.21  14.000  104.68047    2.10    2.23    2.94
17-07-2024 13:49:47.34    0.87  12.314  11.240    8.655  101.0  10.22  14.000   97.19827    2.01    1.98    2.80
17-07-2024 13:49:47.59    0.91  12.313  11.242    8.657  101.0  10.22  14.000   91.81145    2.14    2.00    2.90
17-07-2024 13:49:47.83    0.96  12.313  11.242    8.656  101.0  10.22  14.000  103.74788    1.87    1.99    3.08
17-07-2024 13:49:48.08    0.94  12.314  11.241    8.656  101.0  10.22  14.000  102.95074    1.87    1.99    3.08
17-07-2024 13:49:48.33    0.95  12.314  11.242    8.657  101.0  10.22  14.000  107.57669    1.98    2.35    3.02
17-07-2024 13:49:48.58    0.95  12.314  11.242    8.657  101.0  10.23  14.000  101.05299    2.07    2.26    2.72
17-07-2024 13:49:48.82    0.90  12.313  11.242    8.657  101.1  10.23  14.000   98.11310    2.03    2.23    3.01
17-07-2024 13:49:49.07    0.91  12.312  11.242    8.657  101.1  10.23  14.000  103.19128    2.00    1.80    2.91
17-07-2024 13:49:49.31    0.89  12.311  11.242    8.657  101.1  10.23  14.000  100.64220    2.04    2.01    3.19
17-07-2024 13:49:49.56    0.90  12.310  11.242    8.658  101.1  10.23  14.000  101.10332    2.23    1.92    3.08
17-07-2024 13:49:49.80    0.90  12.311  11.242    8.658  101.1  10.23  14.000   95.64247    2.23    1.92    3.08
17-07-2024 13:49:50.05    0.93  12.310  11.242    8.658  101.1  10.23  14.000   95.54552    2.25    2.41    2.90
17-07-2024 13:49:50.29    0.93  12.311  11.242    8.658  101.1  10.23  14.000   98.27668    1.98    2.32    2.93
17-07-2024 13:49:50.54    0.92  12.310  11.241    8.657  101.2  10.24  14.000  101.73466    2.43    2.07    2.67
17-07-2024 13:49:50.78    0.92  12.310  11.242    8.657  101.2  10.24  14.000  105.45467    2.13    1.88    2.79
17-07-2024 13:49:51.03    0.91  12.310  11.242    8.657  101.2  10.24  14.000  104.36369    2.33    2.28    2.70
17-07-2024 13:49:51.28    0.93  12.308  11.242    8.658  101.2  10.24  14.000   95.44855    2.29    2.10    2.96
17-07-2024 13:49:51.52    0.94  12.308  11.242    8.658  101.2  10.24  14.000   97.20123    2.29    2.10    2.96
17-07-2024 13:49:51.77    0.91  12.307  11.242    8.658  101.2  10.25  14.000   93.07044    2.14    2.31    2.89
17-07-2024 13:49:52.02    0.97  12.307  11.243    8.659  101.2  10.24  14.000   98.50761    1.95    2.15    3.12
17-07-2024 13:49:52.27    0.96  12.306  11.242    8.659  101.2  10.24  14.000   95.29460    2.14    1.95    2.41
17-07-2024 13:49:52.51    0.95  12.303  11.242    8.660  101.2  10.24  14.000  105.94761    1.88    2.35    2.55
17-07-2024 13:49:52.76    0.91  12.303  11.242    8.659  101.2  10.24  14.000   98.45505    2.06    2.15    2.73
17-07-2024 13:49:53.00    0.92  12.303  11.242    8.659  101.2  10.24  14.000  114.83166    1.99    1.97    2.81
17-07-2024 13:49:53.25    0.92  12.304  11.242    8.659  101.2  10.24  14.000   91.20821    1.99    1.97    2.81
17-07-2024 13:49:53.49    0.89  12.305  11.242    8.659  101.2  10.24  14.000   86.20923    2.01    2.81    2.86
17-07-2024 13:49:53.74    0.92  12.305  11.242    8.659  101.2  10.24  14.000  100.81910    2.21    2.15    2.92
17-07-2024 13:49:53.98    0.92  12.304  11.243    8.660  101.2  10.24  14.000  103.51917    2.21    2.01    2.94
17-07-2024 13:49:54.23    0.91  12.305  11.242    8.659  101.2  10.24  14.000  103.78563    1.92    1.98    2.78
17-07-2024 13:49:54.47    0.94  12.304  11.242    8.659  101.2  10.24  14.000  106.61893    1.99    2.07    2.82
17-07-2024 13:49:54.72    0.93  12.303  11.242    8.660  101.2  10.25  14.000  101.30907    1.86    2.18    2.48
17-07-2024 13:49:54.96    0.90  12.302  11.243    8.660  101.2  10.25  14.000  100.40091    1.86    2.18    2.48
17-07-2024 13:49:55.21    0.93  12.303  11.243    8.660  101.2  10.25  14.000  109.68612    2.12    2.17    2.97
17-07-2024 13:49:55.46    0.94  12.304  11.243    8.659  101.3  10.25  14.000  102.73017    1.97    2.31    3.20
17-07-2024 13:49:55.71    0.89  12.305  11.243    8.660  101.3  10.25  14.000  106.41909    2.17    1.89    2.81
17-07-2024 13:49:55.96    0.86  12.304  11.243    8.659  101.3  10.26  14.000  109.44409    2.19    2.46    2.88
17-07-2024 13:49:56.20    0.89  12.302  11.243    8.660  101.3  10.26  14.000   93.26658    2.16    2.26    2.58
17-07-2024 13:49:56.45    0.92  12.299  11.243    8.661  101.4  10.26  14.000  105.64045    2.06    2.29    2.68
17-07-2024 13:49:56.69    0.93  12.301  11.243    8.661  101.4  10.26  14.000  111.56389    2.06    2.29    2.68
17-07-2024 13:49:56.94    0.91  12.302  11.243    8.660  101.4  10.26  14.000  108.10738    2.10    2.40    2.80
17-07-2024 13:49:57.18    0.94  12.300  11.243    8.660  101.4  10.27  14.000  105.44727    2.27    1.84    3.23
17-07-2024 13:49:57.43    0.97  12.298  11.242    8.661  101.4  10.27  14.000  115.03816    2.06    2.02    2.78
17-07-2024 13:49:57.67    0.93  12.297  11.243    8.661  101.4  10.27  14.000  109.84821    2.30    2.45    3.03
17-07-2024 13:49:57.92    0.91  12.298  11.243    8.661  101.4  10.27  14.000  103.05140    2.13    2.51    2.97
17-07-2024 13:49:58.16    0.91  12.300  11.243    8.661  101.4  10.26  14.000  105.55756    1.97    1.84    2.86
17-07-2024 13:49:58.41    0.90  12.301  11.243    8.660  101.3  10.26  14.000  111.99318    1.97    1.84    2.86
17-07-2024 13:49:58.65    0.93  12.302  11.243    8.660  101.3  10.26  14.000  108.76315    1.81    2.00    2.83
17-07-2024 13:49:58.90    0.93  12.301  11.242    8.659  101.3  10.25  14.000  109.43521    2.01    2.34    2.80
17-07-2024 13:49:59.15    0.90  12.299  11.243    8.661  101.3  10.25  14.000  111.75632    1.87    2.47    2.64
17-07-2024 13:49:59.39    0.95  12.300  11.243    8.660  101.2  10.25  14.000  105.27851    2.03    2.09    3.43
17-07-2024 13:49:59.64    0.93  12.300  11.243    8.661  101.2  10.24  14.000  121.87939    2.10    2.02    2.81
17-07-2024 13:49:59.89    0.87  12.300  11.242    8.660  101.2  10.24  14.000  115.57033    1.69    1.40    3.05
17-07-2024 13:50:00.13    0.92  12.299  11.242    8.660  101.1  10.24  14.000  103.51251    1.69    1.40    3.05
17-07-2024 13:50:00.38    0.89  12.298  11.243    8.661  101.1  10.23  14.000  109.64320    2.22    1.88    3.09
17-07-2024 13:50:00.62    0.94  12.299  11.243    8.661  101.1  10.23  14.000  114.37943    2.29    2.05    2.97
17-07-2024 13:50:00.87    0.90  12.300  11.243    8.661  101.0  10.23  14.000  111.82442    2.11    2.24    2.72
17-07-2024 13:50:01.11    0.92  12.299  11.242    8.660  101.0  10.22  14.000  102.64210    1.93    1.73    3.10
17-07-2024 13:50:01.36    0.92  12.298  11.242    8.661  101.0  10.22  14.000  116.61765    2.14    1.87    2.48
17-07-2024 13:50:01.60    0.91  12.297  11.242    8.661  100.9  10.22  14.000  117.16388    2.14    1.87    2.48
17-07-2024 13:50:01.85    0.90  12.296  11.242    8.661  100.9  10.21  14.000  109.81564    2.36    1.82    2.50
17-07-2024 13:50:02.09    0.92  12.297  11.242    8.661  100.9  10.21  14.000  102.30532    2.44    2.47    2.25
17-07-2024 13:50:02.34    0.93  12.299  11.242    8.660  100.9  10.21  14.000  114.82944    1.74    2.03    2.67
17-07-2024 13:50:02.58    0.93  12.300  11.242    8.660  100.8  10.21  14.000  112.32107    1.92    1.84    2.99
17-07-2024 13:50:02.83    0.94  12.300  11.242    8.660  100.8  10.20  14.000  104.29411    2.07    2.25    2.93
17-07-2024 13:50:03.08    0.93  12.298  11.242    8.661  100.8  10.20  14.000  121.28579    2.02    2.06    2.45
17-07-2024 13:50:03.33    0.90  12.296  11.242    8.661  100.8  10.21  14.000  105.17860    2.02    2.06    2.45
17-07-2024 13:50:03.57    0.87  12.297  11.243    8.661  100.8  10.21  14.000  107.88015    1.82    2.23    2.60
17-07-2024 13:50:03.82    0.94  12.297  11.242    8.661  100.8  10.21  14.000  105.45689    1.96    2.03    2.70
17-07-2024 13:50:04.06    0.92  12.297  11.242    8.661  100.8  10.21  14.000  105.07423    1.88    2.08    2.89
17-07-2024 13:50:04.31    0.93  12.298  11.243    8.661  100.9  10.21  14.000  101.16623    1.97    2.03    2.51
17-07-2024 13:50:04.55    0.96  12.299  11.243    8.661  100.9  10.21  14.000  109.99106    2.36    2.08    3.01
17-07-2024 13:50:04.80    0.95  12.298  11.243    8.661  100.9  10.21  14.000  103.31637    2.09    2.23    2.82
17-07-2024 13:50:05.04    0.91  12.297  11.243    8.662  100.9  10.22  14.000  105.67671    2.09    2.23    2.82
17-07-2024 13:50:05.29    0.91  12.296  11.243    8.661  100.9  10.22  14.000  106.49606    2.24    2.09    2.91
17-07-2024 13:50:05.53    0.92  12.296  11.243    8.661  101.0  10.22  14.000  111.62087    2.16    1.76    2.59
17-07-2024 13:50:05.78    0.93  12.297  11.242    8.661  101.0  10.22  14.000   97.34334    2.20    2.80    3.15
17-07-2024 13:50:06.03    0.92  12.297  11.243    8.662  101.0  10.23  14.000  102.10474    1.98    2.61    2.56
17-07-2024 13:50:06.27    0.90  12.297  11.243    8.661  101.1  10.23  14.000  104.92695    1.83    2.37    2.93
17-07-2024 13:50:06.52    0.91  12.297  11.243    8.662  101.1  10.23  14.000  109.43521    2.13    2.18    3.04
17-07-2024 13:50:06.77    0.94  12.297  11.243    8.661  101.1  10.23  14.000   99.80657    2.13    2.18    3.04
17-07-2024 13:50:07.02    0.95  12.296  11.242    8.661  101.1  10.24  14.000   93.35688    1.95    2.07    2.79
17-07-2024 13:50:07.26    0.98  12.294  11.243    8.662  101.1  10.24  14.000  109.75866    2.15    2.36    2.83
17-07-2024 13:50:07.51    0.95  12.294  11.242    8.661  101.1  10.24  14.000  109.89188    2.19    1.86    2.98
17-07-2024 13:50:07.75    0.93  12.296  11.242    8.661  101.2  10.24  14.000  100.88201    1.82    2.25    2.69
17-07-2024 13:50:08.00    0.87  12.295  11.242    8.661  101.2  10.24  14.000  113.19518    2.41    1.78    2.65
17-07-2024 13:50:08.24    0.84  12.294  11.242    8.661  101.2  10.24  14.000  104.76929    2.27    1.71    2.52
17-07-2024 13:50:08.49    0.87  12.296  11.242    8.661  101.2  10.24  14.000   92.78252    2.27    1.71    2.52
17-07-2024 13:50:08.73    0.91  12.295  11.243    8.662  101.2  10.24  14.000   93.19035    1.96    1.32    3.11
17-07-2024 13:50:08.98    0.90  12.296  11.243    8.662  101.2  10.24  14.000   98.25077    2.01    2.63    3.04
17-07-2024 13:50:09.22    0.96  12.296  11.243    8.662  101.2  10.24  14.000  107.64034    2.25    2.25    2.81
17-07-2024 13:50:09.47    0.94  12.296  11.243    8.662  101.2  10.24  14.000  105.51167    1.92    1.90    2.72
17-07-2024 13:50:09.71    0.91  12.295  11.243    8.662  101.2  10.24  14.000   94.27689    2.18    2.52    2.73
17-07-2024 13:50:09.96    0.93  12.295  11.243    8.662  101.2  10.24  14.000   93.08154    2.10    2.04    2.70
17-07-2024 13:50:10.21    0.85  12.295  11.243    8.662  101.2  10.24  14.000  101.29575    2.10    2.04    2.70
17-07-2024 13:50:10.46    0.93  12.294  11.243    8.662  101.2  10.24  14.000   91.47245    2.14    1.72    2.94
17-07-2024 13:50:10.70    0.89  12.294  11.243    8.662  101.2  10.25  14.000  100.52378    2.17    1.97    3.08
17-07-2024 13:50:10.95    0.92  12.293  11.242    8.662  101.2  10.25  14.000  107.53228    2.03    2.55    3.07
17-07-2024 13:50:11.20    0.85  12.293  11.242    8.662  101.3  10.25  14.000   97.74524    2.19    1.47    2.83
17-07-2024 13:50:11.44    0.87  12.293  11.243    8.662  101.3  10.25  14.000   92.86987    2.35    2.50    3.07
17-07-2024 13:50:11.69    0.91  12.291  11.243    8.662  101.3  10.26  14.000   85.72221    1.91    2.38    2.83
17-07-2024 13:50:11.93    0.94  12.292  11.243    8.663  101.3  10.26  14.000   88.16472    1.91    2.38    2.83
17-07-2024 13:50:12.18    0.99  12.292  11.243    8.663  101.4  10.26  14.000   92.29180    2.13    1.98    2.78
17-07-2024 13:50:12.42    0.98  12.291  11.243    8.663  101.4  10.26  14.000   99.79991    2.19    1.90    2.47
17-07-2024 13:50:12.67    0.97  12.286  11.240    8.662  101.4  10.27  14.000   92.18153    2.01    1.91    2.69
17-07-2024 13:50:12.91    0.94  12.288  11.241    8.662  101.4  10.27  14.000   96.65575    1.99    2.03    2.66
17-07-2024 13:50:13.16    0.84  12.289  11.242    8.662  101.5  10.27  14.000   84.37809    2.01    2.09    2.64
17-07-2024 13:50:13.40    0.86  12.289  11.242    8.663  101.5  10.28  14.000   91.16455    1.88    1.90    2.98
17-07-2024 13:50:13.65    0.92  12.290  11.243    8.663  101.5  10.28  14.000   85.13231    1.88    1.90    2.98
17-07-2024 13:50:13.90    0.91  12.290  11.243    8.663  101.6  10.28  14.000   95.20652    2.04    2.26    2.62
17-07-2024 13:50:14.14    0.92  12.292  11.243    8.663  101.6  10.29  14.000   91.25411    1.94    2.11    2.63
17-07-2024 13:50:14.39    0.92  12.291  11.243    8.662  101.6  10.29  14.000   93.54414    2.01    2.09    2.63
17-07-2024 13:50:14.64    0.92  12.290  11.243    8.663  101.6  10.29  14.000   88.17951    2.25    2.09    2.92
17-07-2024 13:50:14.88    0.97  12.289  11.243    8.663  101.7  10.29  14.000   91.17269    2.05    2.08    2.85
17-07-2024 13:50:15.13    0.90  12.290  11.243    8.663  101.7  10.29  14.000   91.25411    1.92    2.48    2.92
17-07-2024 13:50:15.37    0.89  12.289  11.243    8.663  101.7  10.30  14.000   94.21102    1.92    2.48    2.92
17-07-2024 13:50:15.62    0.95  12.289  11.243    8.663  101.7  10.30  14.000   94.21102    2.19    2.14    2.89
17-07-2024 13:50:15.86    0.89  12.288  11.243    8.664  101.7  10.30  14.000   92.10306    2.05    2.00    2.73
17-07-2024 13:50:16.11    0.89  12.288  11.243    8.663  101.7  10.30  14.000   91.68636    1.94    2.23    2.50
17-07-2024 13:50:16.35    0.89  12.288  11.243    8.664  101.7  10.30  14.000   93.36354    2.11    1.66    2.50
17-07-2024 13:50:16.60    0.96  12.287  11.243    8.663  101.7  10.30  14.000   91.74409    1.54    1.00    3.40
17-07-2024 13:50:16.84    0.89  12.287  11.243    8.663  101.7  10.30  14.000   88.04629    1.99    1.83    5.90
17-07-2024 13:50:17.10    0.94  12.287  11.243    8.664  101.7  10.30  14.000   98.93985    1.99    1.83    5.90
17-07-2024 13:50:17.34    0.92  12.288  11.243    8.663  101.7  10.30  14.000   87.87753    1.99    1.97    3.34
17-07-2024 13:50:17.59    0.98  12.288  11.243    8.663  101.7  10.30  14.000   93.47308    2.25    2.44    3.02
17-07-2024 13:50:17.83    0.93  12.287  11.243    8.663  101.7  10.30  14.000   90.65533    1.97    1.76    2.48
17-07-2024 13:50:18.08    1.00  12.286  11.243    8.664  101.7  10.30  14.000   93.52415    1.91    1.97    2.66
17-07-2024 13:50:18.32    0.93  12.281  11.242    8.665  101.7  10.30  14.000   98.47874    2.27    2.43    2.80
17-07-2024 13:50:18.57    0.90  12.276  11.241    8.665  101.7  10.30  14.000   89.79675    1.77    2.37    2.59
17-07-2024 13:50:18.82    0.88  12.279  11.241    8.664  101.7  10.30  14.000   94.86679    1.77    2.37    2.59
17-07-2024 13:50:19.06    0.83  12.283  11.242    8.664  101.7  10.30  14.000   90.57539    2.10    2.20    2.75
17-07-2024 13:50:19.31    0.89  12.284  11.242    8.663  101.7  10.30  14.000   90.43254    2.01    1.94    2.86
17-07-2024 13:50:19.55    0.86  12.284  11.241    8.663  101.7  10.30  14.000   85.65782    1.85    2.46    3.01
17-07-2024 13:50:19.80    0.93  12.280  11.241    8.664  101.7  10.30  14.000   96.54694    2.04    2.39    2.26
17-07-2024 13:50:20.04    0.97  12.277  11.241    8.665  101.7  10.30  14.000   92.92390    2.16    2.33    3.21
17-07-2024 13:50:20.29    0.95  12.271  11.241    8.666  101.7  10.30  14.000   90.50581    2.19    2.09    2.52
17-07-2024 13:50:20.53    0.96  12.269  11.241    8.666  101.7  10.30  14.000   94.62402    2.19    2.09    2.52
17-07-2024 13:50:20.78    0.93  12.274  11.241    8.665  101.6  10.29  14.000   94.87197    2.10    2.33    3.23
17-07-2024 13:50:21.02    0.93  12.278  11.241    8.665  101.6  10.29  14.000   94.03117    2.43    1.86    2.57
17-07-2024 13:50:21.27    0.89  12.278  11.241    8.664  101.6  10.29  14.000   92.86839    1.90    2.08    2.75
17-07-2024 13:50:21.52    0.89  12.278  11.241    8.664  101.6  10.29  14.000   83.96953    2.20    2.08    2.62
17-07-2024 13:50:21.77    0.85  12.278  11.241    8.664  101.6  10.28  14.000   92.84544    2.07    1.91    3.02
17-07-2024 13:50:22.01    0.95  12.280  11.242    8.664  101.5  10.28  14.000   92.71221    2.03    2.02    2.67
17-07-2024 13:50:22.26    0.96  12.280  11.241    8.664  101.5  10.28  14.000   92.01721    2.03    2.02    2.67
17-07-2024 13:50:22.50    0.98  12.279  11.242    8.664  101.5  10.28  14.000   94.70174    2.16    2.27    2.62
17-07-2024 13:50:22.75    0.95  12.279  11.242    8.665  101.5  10.27  14.000   93.84834    2.18    2.12    2.64
17-07-2024 13:50:22.99    0.95  12.280  11.242    8.665  101.4  10.27  14.000   89.78638    2.11    2.32    2.50
17-07-2024 13:50:23.24    0.91  12.280  11.242    8.665  101.4  10.27  14.000   93.60853    2.40    2.34    2.67
17-07-2024 13:50:23.48    0.89  12.278  11.242    8.665  101.4  10.27  14.000   89.06918    2.00    1.93    2.82
17-07-2024 13:50:23.73    0.93  12.279  11.242    8.665  101.3  10.26  14.000   95.71278    2.24    2.44    2.70
17-07-2024 13:50:23.97    0.89  12.279  11.242    8.664  101.3  10.26  14.000   93.09413    2.24    2.44    2.70
17-07-2024 13:50:24.22    0.94  12.280  11.242    8.664  101.3  10.26  14.000   89.59617    2.11    2.32    2.75
17-07-2024 13:50:24.46    0.93  12.279  11.242    8.665  101.3  10.25  14.000   95.19320    2.17    1.98    2.95
17-07-2024 13:50:24.71    0.90  12.279  11.242    8.665  101.2  10.25  14.000   86.47939    2.21    2.03    2.78
17-07-2024 13:50:24.96    0.97  12.278  11.242    8.665  101.2  10.25  14.000   96.13023    2.11    1.93    2.64
17-07-2024 13:50:25.21    0.94  12.278  11.241    8.664  101.2  10.25  14.000   93.56339    1.98    2.31    2.93
17-07-2024 13:50:25.46    0.94  12.277  11.242    8.665  101.2  10.25  14.000   91.01726    2.25    2.38    2.72
17-07-2024 13:50:25.70    0.95  12.275  11.241    8.665  101.2  10.25  14.000  100.48381    2.25    2.38    2.72
17-07-2024 13:50:25.95    0.92  12.272  11.240    8.665  101.2  10.25  14.000   93.03936    2.29    2.16    2.75
17-07-2024 13:50:26.19    0.91  12.273  11.241    8.665  101.2  10.25  14.000   93.80319    2.25    2.20    2.91
17-07-2024 13:50:26.44    0.85  12.262  11.240    8.667  101.2  10.25  14.000   90.54208    2.02    2.00    2.98
17-07-2024 13:50:26.68    0.89  12.262  11.241    8.668  101.2  10.25  14.000   94.08002    2.47    2.18    2.88
17-07-2024 13:50:26.93    0.88  12.272  11.241    8.666  101.2  10.25  14.000   90.91216    2.14    2.04    3.10
17-07-2024 13:50:27.17    0.93  12.274  11.241    8.665  101.1  10.24  14.000   96.73937    2.18    1.95    2.74
17-07-2024 13:50:27.42    0.94  12.274  11.242    8.666  101.2  10.25  14.000  101.32906    2.18    1.95    2.74
17-07-2024 13:50:27.66    0.96  12.274  11.241    8.665  101.1  10.24  14.000   89.23128    2.18    2.32    3.02
17-07-2024 13:50:27.91    0.96  12.274  11.241    8.665  101.2  10.24  14.000   98.66673    2.06    2.06    2.75
17-07-2024 13:50:28.16    0.92  12.271  11.240    8.665  101.2  10.25  14.000   89.27939    2.12    1.82    2.84
17-07-2024 13:50:28.40    0.92  12.263  11.239    8.666  101.2  10.25  14.000   96.67573    1.83    2.00    2.80
17-07-2024 13:50:28.65    0.88  12.259  11.239    8.667  101.2  10.25  14.000   94.51226    2.04    1.91    2.96
17-07-2024 13:50:28.89    0.93  12.264  11.239    8.666  101.2  10.25  14.000   97.22196    2.13    1.78    2.70
17-07-2024 13:50:29.14    0.92  12.265  11.238    8.664  101.2  10.26  14.000   97.43364    2.13    1.78    2.70
17-07-2024 13:50:29.39    0.95  12.268  11.238    8.664  101.2  10.26  14.000  102.04109    2.28    1.61    2.70
17-07-2024 13:50:29.63    0.93  12.270  11.238    8.664  101.3  10.26  14.000   98.02502    2.03    2.20    2.62
17-07-2024 13:50:29.88    0.88  12.267  11.238    8.664  101.3  10.26  14.000   90.74119    1.96    2.37    2.80
17-07-2024 13:50:30.12    0.87  12.264  11.238    8.665  101.3  10.26  14.000   98.01170    2.15    1.97    2.91
17-07-2024 13:50:30.37    0.92  12.265  11.239    8.665  101.4  10.27  14.000   86.10339    1.95    2.02    2.51
17-07-2024 13:50:30.61    0.94  12.265  11.238    8.665  101.4  10.27  14.000  103.99879    2.32    2.09    2.73
17-07-2024 13:50:30.86    0.98  12.264  11.239    8.665  101.4  10.27  14.000   97.42624    2.32    2.09    2.73
17-07-2024 13:50:31.10    0.93  12.265  11.239    8.665  101.4  10.27  14.000   96.11469    2.01    2.06    2.77
17-07-2024 13:50:31.35    0.92  12.265  11.239    8.665  101.5  10.28  14.000   92.61229    2.37    2.02    2.45
17-07-2024 13:50:31.59    0.93  12.265  11.238    8.665  101.5  10.28  14.000   97.59721    2.26    2.02    2.61
17-07-2024 13:50:31.84    0.89  12.265  11.239    8.665  101.5  10.28  14.000  101.54222    1.89    1.91    2.84
17-07-2024 13:50:32.09    0.90  12.265  11.239    8.665  101.5  10.28  14.000   91.48799    1.89    1.95    2.95
17-07-2024 13:50:32.34    0.93  12.265  11.239    8.666  101.5  10.28  14.000   97.77337    2.39    1.89    2.60
17-07-2024 13:50:32.58    0.96  12.266  11.239    8.665  101.5  10.28  14.000   99.30771    2.39    1.89    2.60
17-07-2024 13:50:32.83    0.94  12.267  11.239    8.665  101.5  10.28  14.000   94.74541    1.66    1.46    2.76
17-07-2024 13:50:33.08    0.94  12.269  11.239    8.665  101.5  10.28  14.000   97.63940    2.35    1.86    2.90
17-07-2024 13:50:33.32    0.91  12.268  11.239    8.665  101.5  10.28  14.000   95.31828    1.92    2.21    3.05
17-07-2024 13:50:33.57    0.91  12.267  11.239    8.665  101.5  10.28  14.000   98.68005    2.30    2.12    2.96
17-07-2024 13:50:33.81    0.90  12.266  11.239    8.665  101.5  10.28  14.000   94.09112    2.07    1.85    2.52
17-07-2024 13:50:34.06    0.90  12.264  11.239    8.666  101.5  10.28  14.000  101.51262    2.15    2.01    2.87
17-07-2024 13:50:34.30    0.92  12.262  11.239    8.666  101.5  10.28  14.000   98.30035    2.15    2.01    2.87
17-07-2024 13:50:34.55    0.91  12.264  11.240    8.666  101.5  10.28  14.000   95.40858    1.99    2.23    2.77
17-07-2024 13:50:34.79    0.91  12.266  11.239    8.666  101.5  10.28  14.000   95.28497    2.22    1.73    2.64
17-07-2024 13:50:35.04    0.95  12.267  11.240    8.666  101.5  10.28  14.000   97.80519    1.99    2.26    2.75
17-07-2024 13:50:35.28    0.93  12.267  11.240    8.666  101.5  10.28  14.000  100.53635    2.02    1.96    3.24
17-07-2024 13:50:35.53    0.91  12.265  11.240    8.666  101.5  10.28  14.000   88.67023    2.19    1.89    3.04
17-07-2024 13:50:35.77    0.89  12.263  11.239    8.666  101.5  10.28  14.000  105.52350    2.12    1.82    2.91
17-07-2024 13:50:36.02    0.87  12.264  11.239    8.666  101.4  10.27  14.000   93.91718    2.12    1.82    2.91
17-07-2024 13:50:36.27    0.92  12.264  11.240    8.667  101.4  10.27  14.000   95.62248    2.30    2.01    2.64
17-07-2024 13:50:36.52    0.91  12.266  11.240    8.666  101.4  10.27  14.000   99.87762    2.19    2.01    2.75
17-07-2024 13:50:36.76    0.92  12.266  11.240    8.666  101.3  10.27  14.000   97.36777    2.18    1.75    3.09
17-07-2024 13:50:37.01    0.91  12.265  11.240    8.667  101.3  10.26  14.000   92.77660    2.16    2.21    2.67
17-07-2024 13:50:37.25    0.92  12.263  11.240    8.667  101.3  10.26  14.000   95.71649    1.89    2.22    2.71
17-07-2024 13:50:37.50    0.92  12.262  11.240    8.667  101.3  10.26  14.000  102.41561    1.99    2.23    2.77
17-07-2024 13:50:37.74    0.92  12.260  11.241    8.668  101.3  10.26  14.000   89.88557    1.99    2.23    2.77
17-07-2024 13:50:37.99    0.92  12.260  11.241    8.668  101.3  10.26  14.000   92.76920    2.00    2.07    2.76
17-07-2024 13:50:38.23    0.93  12.261  11.241    8.668  101.3  10.26  14.000   95.83418    2.02    2.69    2.41
17-07-2024 13:50:38.48    0.93  12.262  11.241    8.668  101.3  10.26  14.000  101.86938    2.32    2.20    2.87
17-07-2024 13:50:38.72    0.91  12.262  11.241    8.668  101.3  10.26  14.000   93.36798    2.13    2.44    2.79
17-07-2024 13:50:38.97    0.91  12.262  11.241    8.668  101.3  10.26  14.000   98.11310    2.11    2.09    2.59
17-07-2024 13:50:39.22    0.89  12.260  11.241    8.668  101.3  10.26  14.000   94.71876    1.92    2.63    2.88
17-07-2024 13:50:39.46    0.88  12.260  11.241    8.669  101.2  10.26  14.000   90.49027    1.92    2.63    2.88
17-07-2024 13:50:39.71    0.91  12.260  11.241    8.668  101.2  10.26  14.000   97.70010    2.22    1.98    2.83
17-07-2024 13:50:39.96    0.93  12.260  11.241    8.668  101.2  10.25  14.000   96.25014    1.93    1.92    2.72
17-07-2024 13:50:40.21    0.97  12.260  11.241    8.668  101.2  10.25  14.000   95.36195    2.04    1.82    2.86
17-07-2024 13:50:40.45    0.97  12.260  11.241    8.668  101.1  10.25  14.000   93.78617    2.29    1.92    2.55
17-07-2024 13:50:40.70    0.94  12.252  11.240    8.669  101.2  10.25  14.000   99.39282    2.00    1.63    2.80
17-07-2024 13:50:40.94    0.91  12.248  11.240    8.670  101.2  10.25  14.000   91.42138    2.33    1.98    2.87
17-07-2024 13:50:41.19    0.92  12.248  11.240    8.670  101.2  10.25  14.000   98.00208    2.33    1.98    2.87
17-07-2024 13:50:41.43    0.89  12.250  11.240    8.669  101.1  10.25  14.000   88.01891    2.17    2.04    2.82
17-07-2024 13:50:41.68    0.89  12.254  11.240    8.669  101.1  10.24  14.000   98.69781    2.31    1.89    2.68
17-07-2024 13:50:41.92    0.93  12.256  11.241    8.669  101.1  10.24  14.000   89.27568    1.86    2.07    3.06
17-07-2024 13:50:42.17    0.92  12.258  11.240    8.668  101.1  10.24  14.000   96.01255    1.90    2.01    3.09
17-07-2024 13:50:42.41    0.94  12.258  11.240    8.668  101.1  10.24  14.000   96.08656    1.98    2.44    3.01
17-07-2024 13:50:42.66    0.94  12.258  11.240    8.668  101.1  10.24  14.000   92.15562    1.98    2.44    3.01
17-07-2024 13:50:42.90    0.92  12.254  11.240    8.669  101.1  10.24  14.000   96.16280    2.16    1.87    2.63
17-07-2024 13:50:43.15    0.91  12.253  11.240    8.669  101.0  10.24  14.000   89.41039    2.34    1.96    2.95
17-07-2024 13:50:43.40    0.88  12.259  11.242    8.669  101.0  10.23  14.000   93.27324    1.75    2.51    2.67
17-07-2024 13:50:43.64    0.89  12.260  11.242    8.669  101.0  10.23  14.000   98.63935    2.20    2.00    2.68
17-07-2024 13:50:43.89    0.89  12.259  11.241    8.668  101.0  10.23  14.000   94.34055    2.18    1.67    2.79
17-07-2024 13:50:44.14    0.91  12.259  11.241    8.669  100.9  10.23  14.000   95.41525    2.03    1.99    2.67
17-07-2024 13:50:44.39    0.94  12.259  11.241    8.668  100.9  10.23  14.000   90.27045    2.34    2.39    3.03
17-07-2024 13:50:44.63    0.95  12.258  11.241    8.669  100.9  10.23  14.000   89.33712    2.34    2.39    3.03
17-07-2024 13:50:44.87    0.95  12.256  11.241    8.669  100.9  10.23  14.000   97.00139    2.44    1.46    2.82
17-07-2024 13:50:45.12    0.92  12.256  11.241    8.669  100.9  10.23  14.000   96.33674    2.03    1.82    3.00
17-07-2024 13:50:45.36    0.91  12.259  11.242    8.669  100.9  10.22  14.000   98.42619    2.16    2.29    3.00
17-07-2024 13:50:45.61    0.90  12.260  11.242    8.670  100.9  10.22  14.000   92.97348    2.18    2.28    2.96
17-07-2024 13:50:45.85    0.90  12.260  11.242    8.669  100.9  10.22  14.000   86.23292    2.05    2.16    2.92
17-07-2024 13:50:46.10    0.92  12.258  11.241    8.669  100.9  10.23  14.000   99.15672    2.05    2.16    2.92
17-07-2024 13:50:46.34    0.91  12.259  11.242    8.669  100.9  10.23  14.000   92.66261    1.94    2.13    2.68
17-07-2024 13:50:46.59    0.93  12.260  11.242    8.669  101.0  10.23  14.000   93.82910    2.08    2.17    2.85
17-07-2024 13:50:46.83    0.94  12.258  11.241    8.669  101.0  10.23  14.000   93.55894    2.20    1.88    3.05
17-07-2024 13:50:47.09    0.93  12.260  11.242    8.669  101.0  10.23  14.000   88.77164    2.15    1.96    2.96
17-07-2024 13:50:47.33    0.95  12.265  11.242    8.668  101.0  10.23  14.000   95.97258    2.16    1.78    2.69
17-07-2024 13:50:47.58    0.93  12.265  11.244    8.670  101.0  10.23  14.000   95.43671    2.17    2.51    2.80
17-07-2024 13:50:47.82    0.91  12.263  11.244    8.670  101.0  10.23  14.000   90.67087    2.17    2.51    2.80
17-07-2024 13:50:48.07    0.91  12.263  11.243    8.670  101.0  10.23  14.000   92.19336    1.91    2.21    2.84
17-07-2024 13:50:48.32    0.93  12.261  11.242    8.669  101.0  10.24  14.000   93.66997    2.07    2.22    2.87
17-07-2024 13:50:48.56    0.93  12.259  11.241    8.669  101.1  10.24  14.000   89.32231    2.01    1.75    2.78
17-07-2024 13:50:48.81    0.94  12.258  11.241    8.669  101.1  10.24  14.000   95.06664    2.00    2.08    2.56
17-07-2024 13:50:49.05    0.94  12.259  11.241    8.669  101.1  10.24  14.000   93.98454    1.82    1.56    2.77
17-07-2024 13:50:49.30    0.92  12.263  11.241    8.668  101.1  10.24  14.000   94.31094    2.33    1.52    2.74
17-07-2024 13:50:49.54    0.89  12.265  11.244    8.669  101.1  10.25  14.000   91.14826    2.33    1.52    2.74
17-07-2024 13:50:49.79    0.89  12.264  11.243    8.669  101.2  10.25  14.000   95.06219    2.17    2.43    2.98
17-07-2024 13:50:50.04    0.90  12.262  11.243    8.669  101.2  10.25  14.000   90.15794    2.08    2.49    2.98
17-07-2024 13:50:50.28    0.91  12.261  11.243    8.670  101.2  10.25  14.000   86.27141    2.20    2.09    3.02
17-07-2024 13:50:50.52    0.91  12.261  11.242    8.669  101.2  10.25  14.000   95.27758    2.00    1.95    2.97
17-07-2024 13:50:50.77    0.96  12.260  11.241    8.668  101.3  10.26  14.000   92.60637    2.02    1.69    2.88
17-07-2024 13:50:51.02    0.94  12.259  11.241    8.669  101.3  10.26  14.000   93.19183    2.15    2.25    2.65
17-07-2024 13:50:51.26    0.95  12.260  11.242    8.669  101.3  10.26  14.000   97.32188    2.15    2.25    2.65
17-07-2024 13:50:51.51    0.92  12.263  11.243    8.669  101.3  10.26  14.000  100.89237    2.20    2.06    2.83
17-07-2024 13:50:51.76    0.89  12.266  11.243    8.669  101.3  10.26  14.000   88.27203    1.85    2.44    2.84
17-07-2024 13:50:52.00    0.88  12.266  11.243    8.669  101.3  10.26  14.000   86.67701    2.02    2.12    2.87
17-07-2024 13:50:52.25    0.91  12.265  11.243    8.668  101.3  10.27  14.000   89.70497    2.10    2.09    2.93
17-07-2024 13:50:52.49    0.95  12.262  11.242    8.669  101.4  10.27  14.000   91.23412    2.19    2.26    2.92
17-07-2024 13:50:52.74    0.98  12.261  11.242    8.669  101.4  10.27  14.000   92.55308    1.87    2.78    3.09
17-07-2024 13:50:52.98    0.99  12.260  11.242    8.669  101.4  10.27  14.000   99.87688    1.87    2.78    3.09
17-07-2024 13:50:53.23    1.02  12.260  11.242    8.669  101.4  10.28  14.000   89.84190    2.49    1.52    2.66
17-07-2024 13:50:53.47    1.02  12.261  11.243    8.670  101.5  10.28  14.000   94.42714    2.12    1.74    2.87
17-07-2024 13:50:53.72    1.03  12.265  11.244    8.670  101.5  10.28  14.000   97.31670    1.89    1.61    2.83
17-07-2024 13:50:53.96    1.04  12.269  11.245    8.670  101.5  10.28  14.000   86.68071    2.08    2.02    2.94
17-07-2024 13:50:54.21    1.09  12.270  11.246    8.670  101.5  10.29  14.000   89.94553    1.97    2.18    2.94
17-07-2024 13:50:54.46    1.12  12.278  11.251    8.672  101.6  10.29  14.000   93.31247    2.18    1.80    2.83
17-07-2024 13:50:54.72    1.18  12.283  11.252    8.672  101.6  10.29  14.000   92.51163    2.41    1.87    2.44
17-07-2024 13:50:54.95    1.19  12.286  11.252    8.672  101.6  10.29  14.000   92.52792    2.41    1.87    2.44
17-07-2024 13:50:55.20    1.26  12.286  11.253    8.672  101.6  10.29  14.000   86.71623    2.06    2.16    2.96
17-07-2024 13:50:55.45    1.29  12.287  11.253    8.672  101.7  10.29  14.000   88.37862    2.09    1.89    2.81
17-07-2024 13:50:55.69    1.34  12.287  11.250    8.670  101.7  10.30  14.000   86.21441    1.99    2.39    2.79
17-07-2024 13:50:55.94    1.39  12.287  11.252    8.671  101.7  10.30  14.000   87.97523    1.83    1.90    3.08
17-07-2024 13:50:56.18    1.44  12.289  11.253    8.671  101.7  10.30  14.000   87.34240    2.14    1.99    3.18
17-07-2024 13:50:56.43    1.49  12.290  11.252    8.671  101.8  10.31  14.000   84.36330    2.14    1.99    3.18
17-07-2024 13:50:56.67    1.57  12.291  11.250    8.668  101.8  10.30  14.000   81.23763    1.75    2.11    2.79
17-07-2024 13:50:56.92    1.66  12.290  11.249    8.668  101.7  10.30  14.000   77.54353    1.93    1.70    2.64
17-07-2024 13:50:57.16    1.75  12.287  11.249    8.669  101.7  10.30  14.000   76.15649    2.47    2.25    2.73
17-07-2024 13:50:57.41    1.84  12.264  11.242    8.668  101.7  10.30  14.000   75.64208    1.95    2.54    2.87
17-07-2024 13:50:57.65    1.92  12.242  11.236    8.668  101.7  10.31  14.000   73.79836    2.20    1.81    2.73
17-07-2024 13:50:57.90    2.01  12.221  11.475    8.872  101.8  10.30  14.000   72.61707    2.31    2.04    2.82
17-07-2024 13:50:58.15    2.11  12.161  11.718    9.089  101.7  10.30  14.000   70.36109    2.31    2.04    2.82
17-07-2024 13:50:58.40    2.15  12.024  11.735    9.138  101.8  10.34  14.000   67.66324    2.30    2.07    2.96
17-07-2024 13:50:58.65    2.27  11.891  11.752    9.184  102.0  10.38  14.000   65.57008    2.18    2.16    2.77
17-07-2024 13:50:58.89    2.36  11.825  11.765    9.211  102.0  10.40  14.000   63.95951    2.11    2.21    2.71
17-07-2024 13:50:59.14    2.47  11.801  11.765    9.217  101.9  10.39  14.000   62.59171    2.05    1.80    2.42
17-07-2024 13:50:59.38    2.56  11.778  11.772    9.229  101.9  10.39  14.000   61.65690    2.19    2.04    2.96
17-07-2024 13:50:59.63    2.64  11.740  11.782    9.247  101.9  10.40  14.000   60.75910    2.11    2.05    3.03
17-07-2024 13:50:59.87    2.74  11.719  11.891    9.345  101.8  10.40  14.000   59.79838    2.11    2.05    3.03
17-07-2024 13:51:00.12    2.81  11.701  12.463    9.836  101.7  10.36  14.000   58.54160    2.06    2.38    2.73
17-07-2024 13:51:00.36    2.87  11.622  12.802   10.147  101.8  10.37  14.000   56.55651    1.95    2.13    2.59
17-07-2024 13:51:00.61    2.91  11.565  12.718   10.091  102.0  10.40  14.000   54.83270    2.19    2.24    2.98
17-07-2024 13:51:00.85    2.97  11.532  12.756   10.132  102.0  10.41  14.000   53.89640    2.37    2.33    2.76
17-07-2024 13:51:01.11    2.99  11.520  12.874   10.237  101.9  10.40  14.000   54.14140    2.22    1.98    2.63
17-07-2024 13:51:01.34    3.02  11.519  13.248   10.559  101.8  10.37  14.000   54.47743    2.22    2.00    3.04
17-07-2024 13:51:01.59    3.10  11.452  14.663   11.808  101.9  10.31  14.000   53.85940    2.22    2.00    3.04
17-07-2024 13:51:01.84    3.11  11.354  15.051   12.179  102.1  10.32  14.000   52.78914    2.18    2.63    2.67
17-07-2024 13:51:02.08    3.14  11.302  15.786   12.844  102.1  10.29  14.000   51.88985    2.36    2.07    2.91
17-07-2024 13:51:02.33    3.24  11.152  16.809   13.807  102.2  10.28  14.000   51.49535    2.54    1.97    2.58
17-07-2024 13:51:02.58    3.26  11.056  17.269   14.256  102.4  10.29  14.000   51.16895    2.77    2.16    3.05
17-07-2024 13:51:02.82    3.33  11.018  17.476   14.456  102.2  10.27  14.000   50.70857    2.58    1.86    2.91
17-07-2024 13:51:03.07    3.52  10.956  18.100   15.044  102.1  10.23  14.000   49.62499    2.81    1.98    3.05
17-07-2024 13:51:03.31    3.49  10.823  18.980   15.899  102.1  10.21  14.000   48.54436    2.81    1.98    3.05
17-07-2024 13:51:03.56    3.55  10.748  20.038   16.903  101.8  10.14  14.000   47.40897    2.77    2.77    2.78
17-07-2024 13:51:03.80    3.61  10.658  20.052   16.957  101.9  10.16  14.000   46.84201    2.26    2.44    2.92
17-07-2024 13:51:04.05    3.62  10.628  20.287   17.189  101.9  10.15  14.000   46.79612    2.68    1.75    2.79
17-07-2024 13:51:04.29    3.64  10.613  20.816   17.685  101.6  10.09  14.000   46.56298    2.76    2.39    2.89
17-07-2024 13:51:04.54    3.79  10.578  20.965   17.841  101.5  10.08  14.000   45.80432    2.91    2.27    3.12
17-07-2024 13:51:04.78    3.83  10.561  21.013   17.894  101.4  10.07  14.000   44.80437    2.76    2.00    3.08
17-07-2024 13:51:05.03    3.88  10.550  21.074   17.956  101.5  10.08  14.000   44.17451    2.76    2.00    3.08
17-07-2024 13:51:05.27    3.96  10.533  21.260   18.137  101.5  10.07  14.000   43.63864    3.25    2.20    2.65
17-07-2024 13:51:05.52    3.96  10.488  21.434   18.322  101.6  10.08  14.000   43.14495    2.72    2.33    2.77
17-07-2024 13:51:05.77    4.03  10.432  21.478   18.392  101.7  10.10  14.000   42.87554    3.17    2.17    2.89
17-07-2024 13:51:06.02    4.08  10.394  21.518   18.448  101.9  10.12  14.000   42.51434    3.49    2.17    3.07
17-07-2024 13:51:06.26    4.15  10.357  21.443   18.397  102.0  10.14  14.000   41.94221    2.93    2.14    2.92
17-07-2024 13:51:06.51    4.20  10.310  22.219   19.150  102.2  10.12  14.000   41.37821    2.97    2.15    2.72
17-07-2024 13:51:06.75    4.28  10.175  23.534   20.470  102.6  10.11  14.000   41.02294    2.97    2.15    2.72
17-07-2024 13:51:07.00    4.31  10.084  23.955   20.923  102.7  10.11  14.000   40.84012    3.46    2.16    2.50
17-07-2024 13:51:07.24    4.39  10.013  24.079   21.083  102.7  10.12  14.000   40.62622    3.41    2.08    3.14
17-07-2024 13:51:07.49    4.43   9.956  24.257   21.288  102.7  10.12  14.000   40.40639    3.56    1.79    2.89
17-07-2024 13:51:07.73    4.49   9.916  24.390   21.439  102.8  10.13  14.000   40.13994    3.22    2.14    3.01
17-07-2024 13:51:07.98    4.52   9.899  24.493   21.550  102.8  10.12  14.000   39.83425    3.34    2.20    2.80
17-07-2024 13:51:08.22    4.57   9.883  24.581   21.644  102.8  10.13  14.000   39.46566    3.22    2.66    2.73
17-07-2024 13:51:08.47    4.63   9.871  24.662   21.728  102.9  10.13  14.000   39.10816    3.22    2.66    2.73
17-07-2024 13:51:08.71    4.69   9.854  24.750   21.824  103.0  10.14  14.000   38.84097    2.84    2.35    2.70
17-07-2024 13:51:08.96    4.74   9.835  24.802   21.886  103.1  10.15  14.000   38.74919    3.21    2.48    3.19
17-07-2024 13:51:09.21    4.80   9.821  24.880   21.970  103.2  10.16  14.000   38.66925    3.19    2.20    3.29
17-07-2024 13:51:09.46    4.91   9.806  24.896   21.995  103.3  10.17  14.000   38.40428    3.06    2.63    2.94
17-07-2024 13:51:09.71    4.94   9.797  24.915   22.018  103.5  10.18  14.000   38.20444    3.08    2.37    2.91
17-07-2024 13:51:09.95    5.01   9.775  24.933   22.050  103.6  10.20  14.000   38.05122    3.39    2.54    3.04
17-07-2024 13:51:10.20    5.02   9.759  24.954   22.079  103.8  10.22  14.000   37.85582    3.39    2.54    3.04
17-07-2024 13:51:10.44    5.11   9.749  25.172   22.297  103.9  10.22  14.000   37.77293    3.15    2.24    3.19
17-07-2024 13:51:10.69    5.14   9.703  25.343   22.493  104.0  10.22  14.000   37.69817    3.24    2.27    3.41
17-07-2024 13:51:10.93    5.16   9.641  25.512   22.697  104.2  10.25  14.000   37.69225    3.21    2.39    2.69
17-07-2024 13:51:11.18    5.28   9.591  25.623   22.836  104.3  10.26  14.000   37.66042    3.66    2.21    2.77
17-07-2024 13:51:11.42    5.37   9.523  26.018   23.267  104.4  10.26  14.000   37.58937    3.42    2.37    2.95
17-07-2024 13:51:11.67    5.36   9.467  26.186   23.468  104.6  10.27  14.000   37.60936    4.23    2.33    2.84
17-07-2024 13:51:11.91    5.41   9.405  26.271   23.593  104.7  10.30  14.000   37.65525    4.23    2.33    2.84
17-07-2024 13:51:12.16    5.46   9.378  26.415   23.753  104.8  10.30  14.000   37.72778    3.79    2.76    3.20
17-07-2024 13:51:12.40    5.53   9.339  26.588   23.950  104.9  10.31  14.000   37.80994    3.96    2.39    3.00
17-07-2024 13:51:12.65    5.59   9.288  26.767   24.162  105.1  10.32  14.000   37.79884    3.97    2.73    2.64
17-07-2024 13:51:12.90    5.64   9.241  26.830   24.256  105.3  10.35  14.000   37.80328    3.89    2.49    3.49
17-07-2024 13:51:13.14    5.66   9.204  26.986   24.437  105.5  10.37  14.000   37.78773    4.38    2.06    3.22
17-07-2024 13:51:13.39    5.73   9.106  27.398   24.915  105.8  10.38  14.000   37.67523    3.92    2.54    3.19
17-07-2024 13:51:13.64    5.78   8.947  27.650   25.280  106.1  10.43  14.000   37.58493    3.92    2.54    3.19
17-07-2024 13:51:13.89    5.84   8.845  28.009   25.715  106.4  10.45  14.000   37.58271    4.74    2.56    3.05
17-07-2024 13:51:14.13    5.91   8.588  28.320   26.219  107.1  10.55  14.000   37.64488    4.35    2.59    2.97
17-07-2024 13:51:14.38    5.99   8.414  28.464   26.496  107.6  10.62  14.000   37.70188    4.33    2.35    2.97
17-07-2024 13:51:14.62    6.05   8.311  28.590   26.703  108.0  10.67  14.000   37.70113    4.09    2.16    3.15
17-07-2024 13:51:14.87    6.08   8.230  28.713   26.892  108.3  10.71  14.000   37.69447    4.53    2.26    3.15
17-07-2024 13:51:15.11    6.16   8.172  28.900   27.130  108.6  10.74  14.000   37.66339    4.24    1.99    3.10
17-07-2024 13:51:15.36    6.21   8.124  29.042   27.314  108.9  10.77  14.000   37.58789    4.24    1.99    3.10
17-07-2024 13:51:15.60    6.29   8.071  29.134   27.451  109.3  10.81  14.000   37.51906    4.78    2.19    3.01
17-07-2024 13:51:15.85    6.29   8.031  29.258   27.611  109.6  10.83  14.000   37.51684    5.15    2.51    2.96
17-07-2024 13:51:16.09    6.36   7.954  29.307   27.724  110.0  10.89  14.000   37.58641    4.86    2.58    2.93
17-07-2024 13:51:16.34    6.40   7.854  29.322   27.817  110.6  10.96  14.000   37.63378    4.45    2.71    3.26
17-07-2024 13:51:16.59    6.49   7.771  29.321   27.884  111.1  11.03  14.000   37.65673    4.49    2.54    3.29
17-07-2024 13:51:16.83    6.54   7.706  29.317   27.932  111.5  11.09  14.000   37.65154    4.66    2.51    2.77
17-07-2024 13:51:17.08    6.58   7.592  29.329   28.035  112.1  11.17  14.000   37.63378    4.66    2.51    2.77
17-07-2024 13:51:17.33    6.64   7.511  29.340   28.113  112.6  11.23  14.000   37.62860    4.50    2.19    3.34
17-07-2024 13:51:17.57    6.71   7.359  29.326   28.220  113.2  11.33  14.000   37.64637    4.32    2.60    3.23
17-07-2024 13:51:17.82    6.75   7.209  29.313   28.330  113.8  11.42  14.000   37.68929    3.98    1.98    3.12
17-07-2024 13:51:18.06    6.78   7.059  29.316   28.456  114.4  11.51  14.000   37.73370    3.99    1.71    3.21
17-07-2024 13:51:18.31    6.86   6.952  29.315   28.543  115.0  11.59  14.000   37.79884    3.66    2.29    2.89
17-07-2024 13:51:18.55    6.92   6.905  29.310   28.577  115.4  11.65  14.000   37.80698    3.89    2.33    2.91
17-07-2024 13:51:18.80    6.95   6.858  29.298   28.603  115.9  11.70  14.000   37.76331    3.89    2.33    2.91
17-07-2024 13:51:19.04    7.02   6.788  29.283   28.645  116.3  11.76  14.000   37.72038    4.40    2.23    3.28
17-07-2024 13:51:19.29    7.07   6.748  29.274   28.668  116.8  11.82  14.000   37.73814    4.41    1.85    2.98
17-07-2024 13:51:19.53    7.13   6.729  29.273   28.684  117.4  11.89  14.000   37.76405    5.37    2.12    3.15
17-07-2024 13:51:19.78    7.17   6.702  29.259   28.691  118.0  11.95  14.000   37.77367    4.20    2.13    3.19
17-07-2024 13:51:20.02    7.27   6.686  29.256   28.701  118.3  11.99  14.000   37.72482    4.24    2.02    3.12
17-07-2024 13:51:20.28    7.31   6.694  29.252   28.690  118.5  12.00  14.000   37.68929    3.99    2.16    3.29
17-07-2024 13:51:20.52    7.35   6.636  29.249   28.736  118.7  12.04  14.000   37.69003    3.99    2.16    3.29
17-07-2024 13:51:20.77    7.42   6.589  29.241   28.765  118.9  12.07  14.000   37.61010    3.75    1.84    3.15
17-07-2024 13:51:21.02    7.46   6.562  29.227   28.774  119.2  12.11  14.000   37.52275    3.95    2.45    3.05
17-07-2024 13:51:21.26    7.52   6.536  29.222   28.790  119.4  12.14  14.000   37.43986    4.38    2.53    3.37
17-07-2024 13:51:21.51    7.58   6.507  29.220   28.811  119.7  12.17  14.000   37.48501    3.95    2.43    3.14
17-07-2024 13:51:21.75    7.63   6.495  29.217   28.819  119.9  12.20  14.000   37.44578    3.56    2.75    2.84
17-07-2024 13:51:22.00    7.70   6.484  29.233   28.846  120.2  12.23  14.000   37.34660    3.83    2.18    3.03
17-07-2024 13:51:22.24    7.75   6.470  29.238   28.863  120.4  12.25  14.000   37.21930    3.83    2.18    3.03
17-07-2024 13:51:22.49    7.81   6.450  29.229   28.871  120.6  12.27  14.000   37.12900    4.27    2.30    3.01
17-07-2024 13:51:22.73    7.86   6.427  29.220   28.880  120.8  12.30  14.000   37.07719    3.93    2.31    2.99
17-07-2024 13:51:22.98    7.93   6.411  29.191   28.862  121.0  12.32  14.000   37.00021    4.18    2.07    3.10
17-07-2024 13:51:23.23    7.95   6.390  29.163   28.849  121.1  12.34  14.000   36.88623    4.25    1.75    3.12
17-07-2024 13:51:23.47    8.04   6.367  29.122   28.824  121.1  12.36  14.000   36.81887    3.71    2.00    2.90
17-07-2024 13:51:23.71    8.09   6.342  29.097   28.817  121.2  12.37  14.000   36.76262    3.71    2.00    2.90
17-07-2024 13:51:23.96    8.14   6.275  29.067   28.841  121.4  12.41  14.000   36.64938    3.72    1.88    3.02
17-07-2024 13:51:24.21    8.20   6.197  29.052   28.891  121.7  12.46  14.000   36.59313    3.72    1.92    2.77
17-07-2024 13:51:24.46    8.24   6.164  29.040   28.906  121.9  12.49  14.000   36.51319    4.07    1.50    3.08
17-07-2024 13:51:24.70    8.31   6.147  29.014   28.891  121.9  12.49  14.000   36.49987    3.86    1.96    3.09
17-07-2024 13:51:24.95    8.34   6.055  28.997   28.951  122.1  12.54  14.000   36.43917    4.06    2.03    3.24
17-07-2024 13:51:25.19    8.41   5.972  28.979   29.002  122.3  12.58  14.000   36.34814    4.23    2.53    3.30
17-07-2024 13:51:25.44    8.45   5.909  28.956   29.031  122.6  12.63  14.000   36.21787    3.77    2.59    2.95
17-07-2024 13:51:25.68    8.52   5.837  28.941   29.076  122.7  12.66  14.000   36.12239    3.77    2.59    2.95
17-07-2024 13:51:25.93    8.59   5.769  28.928   29.120  122.8  12.69  14.000   36.05504    3.66    2.37    3.47
17-07-2024 13:51:26.17    8.60   5.718  28.912   29.147  122.9  12.71  14.000   36.00175    3.97    2.26    3.43
17-07-2024 13:51:26.42    8.69   5.651  28.899   29.190  123.0  12.73  14.000   35.89886    4.23    1.92    3.33
17-07-2024 13:51:26.66    8.74   5.633  28.888   29.193  122.9  12.73  14.000   35.82189    3.73    2.32    2.70
17-07-2024 13:51:26.91    8.80   5.612  28.881   29.204  122.8  12.73  14.000   35.72197    3.46    1.88    2.81
17-07-2024 13:51:27.15    8.86   5.585  28.872   29.217  122.7  12.72  14.000   35.59836    3.46    1.88    2.81
17-07-2024 13:51:27.40    8.92   5.557  28.855   29.223  122.6  12.72  14.000   35.45329    3.53    2.22    2.84
17-07-2024 13:51:27.65    8.94   5.508  28.851   29.260  122.7  12.74  14.000   35.34227    3.81    2.42    3.02
17-07-2024 13:51:27.90    9.02   5.460  28.832   29.281  122.7  12.75  14.000   35.26233    4.13    2.33    2.89
17-07-2024 13:51:28.15    9.06   5.430  28.822   29.296  122.6  12.75  14.000   35.11800    3.97    2.19    3.27
17-07-2024 13:51:28.39    9.14   5.394  28.821   29.325  122.6  12.77  14.000   34.98108    3.88    2.22    3.02
17-07-2024 13:51:28.64    9.17   5.347  28.813   29.358  122.7  12.78  14.000   34.85747    3.71    2.10    2.72
17-07-2024 13:51:28.88    9.26   5.307  28.808   29.388  122.7  12.79  14.000   34.76125    3.88    1.58    2.74
17-07-2024 13:51:29.13    9.31   5.277  28.800   29.405  122.7  12.80  14.000   34.69908    3.88    1.58    2.74
17-07-2024 13:51:29.37    9.37   5.251  28.783   29.409  122.7  12.81  14.000   34.63469    3.43    2.05    3.29
17-07-2024 13:51:29.62    9.39   5.228  28.767   29.411  122.7  12.82  14.000   34.53032    3.74    2.23    2.77
17-07-2024 13:51:29.86    9.48   5.198  28.756   29.425  122.6  12.81  14.000   34.44595    3.78    1.97    2.78
17-07-2024 13:51:30.11    9.54   5.160  28.748   29.450  122.5  12.82  14.000   34.38895    3.75    1.97    2.93
17-07-2024 13:51:30.35    9.59   5.139  28.745   29.465  122.5  12.82  14.000   34.28607    4.54    2.22    2.92
17-07-2024 13:51:30.60    9.61   5.121  28.737   29.471  122.4  12.82  14.000   34.20687    4.54    2.22    2.92
17-07-2024 13:51:30.84    9.69   5.100  28.732   29.483  122.4  12.82  14.000   34.16691    3.79    2.32    3.17
17-07-2024 13:51:31.09    9.74   5.080  28.729   29.499  122.5  12.83  14.000   34.15951    3.92    2.03    3.22
17-07-2024 13:51:31.34    9.79   5.060  28.724   29.510  122.5  12.84  14.000   34.08623    4.01    2.31    2.87
17-07-2024 13:51:31.58    9.85   5.045  28.706   29.503  122.5  12.85  14.000   33.98483    4.24    2.24    3.17
17-07-2024 13:51:31.83    9.89   5.034  28.690   29.494  122.4  12.84  14.000   33.92488    4.23    2.21    2.86
17-07-2024 13:51:32.08    9.94   5.018  28.682   29.499  122.6  12.87  14.000   33.85604    3.85    1.88    3.32
17-07-2024 13:51:32.32   10.00   4.998  28.674   29.509  122.5  12.86  14.000   33.82495    3.85    1.88    3.32
17-07-2024 13:51:32.57   10.08   4.964  28.678   29.543  122.4  12.86  14.000   33.78573    4.53    2.31    3.12
17-07-2024 13:51:32.81   10.11   4.941  28.676   29.561  122.4  12.87  14.000   33.76500    4.14    2.28    3.18
17-07-2024 13:51:33.06   10.16   4.923  28.680   29.581  122.3  12.86  14.000   33.68285    4.45    2.41    3.11
17-07-2024 13:51:33.30   10.22   4.911  28.676   29.588  122.1  12.84  14.000   33.61401    4.61    2.06    2.93
17-07-2024 13:51:33.55   10.28   4.896  28.676   29.600  122.0  12.83  14.000   33.52446    4.09    2.51    3.03
17-07-2024 13:51:33.79   10.37   4.863  28.672   29.625  121.9  12.82  14.000   33.41861    4.22    1.94    2.93
17-07-2024 13:51:34.04   10.37   4.801  28.653   29.660  121.8  12.83  14.000   33.34460    4.22    1.94    2.93
17-07-2024 13:51:34.28   10.42   4.764  28.657   29.697  121.6  12.82  14.000   33.26170    4.24    2.72    2.72
17-07-2024 13:51:34.53   10.48   4.743  28.646   29.703  121.4  12.81  14.000   33.14550    4.35    1.81    2.86
17-07-2024 13:51:34.77   10.58   4.710  28.641   29.726  121.3  12.80  14.000   33.01893    3.93    2.60    2.96
17-07-2024 13:51:35.03   10.60   4.685  28.643   29.752  121.1  12.79  14.000   32.85388    4.05    2.33    3.28
17-07-2024 13:51:35.27   10.65   4.657  28.642   29.775  121.0  12.78  14.000   32.72509    4.32    2.24    3.35
17-07-2024 13:51:35.52   10.70   4.613  28.634   29.806  120.9  12.78  14.000   32.58669    4.35    2.88    3.14
17-07-2024 13:51:35.76   10.78   4.567  28.628   29.841  120.8  12.79  14.000   32.45864    4.35    2.88    3.14
17-07-2024 13:51:36.01   10.82   4.528  28.611   29.856  120.6  12.78  14.000   32.27952    4.16    2.11    2.83
17-07-2024 13:51:36.26   10.88   4.477  28.591   29.879  120.6  12.79  14.000   32.15295    4.07    2.33    2.94
17-07-2024 13:51:36.50   10.94   4.440  28.587   29.908  120.5  12.79  14.000   32.07524    4.34    2.30    3.00
17-07-2024 13:51:36.75   10.99   4.411  28.573   29.919  120.3  12.78  14.000   31.96199    3.70    2.11    2.88
17-07-2024 13:51:36.99   11.01   4.373  28.563   29.941  120.3  12.78  14.000   31.80804    3.75    2.25    2.99
17-07-2024 13:51:37.24   11.12   4.341  28.548   29.953  120.2  12.79  14.000   31.68296    4.20    1.98    2.73
17-07-2024 13:51:37.48   11.15   4.299  28.530   29.970  120.1  12.79  14.000   31.57119    4.20    1.98    2.73
17-07-2024 13:51:37.73   11.20   4.256  28.513   29.990  120.1  12.80  14.000   31.43353    3.93    2.16    2.93
17-07-2024 13:51:37.97   11.24   4.220  28.496   30.002  120.0  12.80  14.000   31.31732    3.67    1.84    2.95
17-07-2024 13:51:38.22   11.31   4.195  28.492   30.021  120.0  12.80  14.000   31.21592    4.16    2.66    2.95
17-07-2024 13:51:38.46   11.37   4.171  28.480   30.029  119.9  12.80  14.000   31.14190    4.37    2.49    3.15
17-07-2024 13:51:38.71   11.43   4.142  28.465   30.037  119.8  12.80  14.000   31.04347    4.01    2.12    3.38
17-07-2024 13:51:38.96   11.48   4.111  28.459   30.059  119.8  12.80  14.000   30.94132    4.28    2.30    2.99
17-07-2024 13:51:39.21   11.55   4.080  28.446   30.072  119.7  12.81  14.000   30.83992    4.28    2.30    2.99
17-07-2024 13:51:39.45   11.61   4.038  28.439   30.102  119.7  12.81  14.000   30.73260    4.08    2.25    3.02
17-07-2024 13:51:39.70   11.67   4.004  28.429   30.122  119.7  12.82  14.000   30.65414    4.54    1.72    3.04
17-07-2024 13:51:39.94   11.74   3.973  28.422   30.142  119.6  12.82  14.000   30.56163    3.74    1.99    3.04
17-07-2024 13:51:40.19   11.75   3.937  28.398   30.148  119.5  12.83  14.000   30.45430    3.95    2.45    3.09
17-07-2024 13:51:40.43   11.82   3.896  28.390   30.175  119.5  12.84  14.000   30.29591    4.28    2.47    3.03
17-07-2024 13:51:40.68   11.86   3.855  28.379   30.201  119.5  12.84  14.000   30.18267    3.87    2.37    3.09
17-07-2024 13:51:40.92   11.96   3.821  28.363   30.213  119.4  12.85  14.000   30.10717    3.87    2.37    3.09
17-07-2024 13:51:41.17   12.02   3.793  28.346   30.220  119.4  12.85  14.000   29.97246    4.08    2.24    3.09
17-07-2024 13:51:41.41   12.08   3.764  28.335   30.234  119.4  12.85  14.000   29.84664    3.92    2.34    2.77
17-07-2024 13:51:41.66   12.12   3.727  28.327   30.259  119.3  12.86  14.000   29.75116    3.89    2.02    2.72
17-07-2024 13:51:41.90   12.21   3.692  28.313   30.274  119.3  12.87  14.000   29.61127    3.95    1.71    2.96
17-07-2024 13:51:42.15   12.28   3.649  28.303   30.302  119.3  12.87  14.000   29.45954    3.93    2.07    2.83
17-07-2024 13:51:42.40   12.32   3.612  28.296   30.329  119.2  12.88  14.000   29.29449    4.11    2.44    3.19
17-07-2024 13:51:42.64   12.39   3.591  28.287   30.337  119.1  12.87  14.000   29.14942    4.11    2.44    3.19
17-07-2024 13:51:42.89   12.45   3.572  28.282   30.349  119.0  12.86  14.000   28.98584    4.18    2.63    3.13
17-07-2024 13:51:43.14   12.50   3.537  28.278   30.378  118.9  12.87  14.000   28.82079    4.21    2.20    3.02
17-07-2024 13:51:43.39   12.59   3.503  28.259   30.387  118.9  12.88  14.000   28.64611    4.24    2.52    2.75
17-07-2024 13:51:43.63   12.67   3.462  28.239   30.401  118.9  12.88  14.000   28.47588    4.13    2.40    3.23
17-07-2024 13:51:43.88   12.72   3.410  28.217   30.423  118.8  12.89  14.000   28.33007    4.32    1.93    2.95
17-07-2024 13:51:44.12   12.82   3.339  28.197   30.466  118.9  12.92  14.000   28.16575    4.41    2.09    2.91
17-07-2024 13:51:44.37   12.84   3.279  28.164   30.484  118.8  12.93  14.000   28.02809    4.41    2.09    2.91
17-07-2024 13:51:44.61   12.91   3.212  28.151   30.531  118.8  12.94  14.000   27.86821    4.38    2.38    2.71
17-07-2024 13:51:44.86   12.98   3.168  28.134   30.553  118.7  12.95  14.000   27.72610    3.67    2.03    2.69
17-07-2024 13:51:45.11   13.04   3.137  28.123   30.568  118.6  12.95  14.000   27.60028    3.70    2.07    3.27
17-07-2024 13:51:45.35   13.11   3.113  28.110   30.576  118.5  12.95  14.000   27.48185    4.31    2.06    2.91
17-07-2024 13:51:45.59   13.18   3.090  28.099   30.585  118.5  12.94  14.000   27.33456    3.52    2.31    3.11
17-07-2024 13:51:45.84   13.24   3.067  28.087   30.592  118.4  12.94  14.000   27.23390    3.82    2.27    2.91
17-07-2024 13:51:46.09   13.31   3.048  28.080   30.601  118.3  12.94  14.000   27.16655    3.82    2.27    2.91
17-07-2024 13:51:46.33   13.37   3.035  28.075   30.608  118.2  12.94  14.000   27.08587    3.57    2.25    3.00
17-07-2024 13:51:46.58   13.45   3.023  28.071   30.615  118.2  12.93  14.000   27.00593    3.29    2.12    3.37
17-07-2024 13:51:46.83   13.52   3.012  28.066   30.619  118.1  12.93  14.000   26.92970    3.56    1.94    3.22
17-07-2024 13:51:47.07   13.58   3.004  28.060   30.620  118.1  12.93  14.000   26.86160    3.38    1.96    3.12
17-07-2024 13:51:47.32   13.63   2.995  28.062   30.629  118.0  12.92  14.000   26.76465    3.25    1.94    3.21
17-07-2024 13:51:47.56   13.72   2.986  28.050   30.624  118.0  12.92  14.000   26.63956    3.44    2.27    3.13
17-07-2024 13:51:47.81   13.79   2.977  28.046   30.628  117.9  12.92  14.000   26.55222    3.44    2.27    3.13
17-07-2024 13:51:48.05   13.85   2.966  28.042   30.633  117.9  12.92  14.000   26.46933    4.34    2.21    2.65
17-07-2024 13:51:48.30   13.92   2.959  28.040   30.637  117.8  12.92  14.000   26.38791    3.44    2.58    2.75
17-07-2024 13:51:48.54   13.97   2.953  28.037   30.639  117.8  12.91  14.000   26.32870    3.54    2.03    3.01
17-07-2024 13:51:48.79   14.05   2.948  28.035   30.642  117.8  12.91  14.000   26.26430    3.47    2.10    3.34
17-07-2024 13:51:49.03   14.11   2.942  28.036   30.648  117.8  12.91  14.000   26.16734    3.41    2.06    2.98
17-07-2024 13:51:49.28   14.18   2.936  28.032   30.649  117.8  12.91  14.000   26.07334    3.43    2.48    3.17
17-07-2024 13:51:49.52   14.27   2.930  28.029   30.651  117.8  12.91  14.000   25.97860    3.43    2.48    3.17
17-07-2024 13:51:49.77   14.33   2.921  28.021   30.651  117.7  12.91  14.000   25.88090    3.23    2.30    3.28
17-07-2024 13:51:50.02   14.39   2.911  28.014   30.651  117.7  12.92  14.000   25.78765    3.26    1.89    2.72
17-07-2024 13:51:50.27   14.46   2.900  28.007   30.653  117.7  12.92  14.000   25.70845    3.78    1.83    2.98
17-07-2024 13:51:50.51   14.55   2.891  28.001   30.655  117.7  12.92  14.000   25.65145    3.12    2.20    2.85
17-07-2024 13:51:50.76   14.61   2.880  27.996   30.659  117.7  12.92  14.000   25.54784    3.71    2.43    2.93
17-07-2024 13:51:51.00   14.70   2.866  27.987   30.662  117.7  12.92  14.000   25.41683    3.35    2.52    3.41
17-07-2024 13:51:51.25   14.76   2.848  27.980   30.671  117.7  12.93  14.000   25.32801    3.35    2.52    3.41
17-07-2024 13:51:51.49   14.81   2.835  27.974   30.675  117.7  12.94  14.000   25.23771    3.29    2.26    2.72
17-07-2024 13:51:51.74   14.92   2.825  27.970   30.681  117.7  12.94  14.000   25.13705    3.22    2.31    3.02
17-07-2024 13:51:51.98   14.97   2.814  27.966   30.685  117.7  12.94  14.000   25.02751    3.34    2.12    3.02
17-07-2024 13:51:52.23   15.05   2.798  27.952   30.684  117.7  12.95  14.000   24.95349    3.19    2.31    2.73
17-07-2024 13:51:52.47   15.10   2.780  27.940   30.687  117.7  12.95  14.000   24.86097    2.99    2.35    3.45
17-07-2024 13:51:52.72   15.19   2.751  27.923   30.694  117.7  12.97  14.000   24.77808    3.40    2.34    3.16
17-07-2024 13:51:52.97   15.25   2.725  27.912   30.705  117.7  12.97  14.000   24.65743    3.40    2.34    3.16
17-07-2024 13:51:53.21   15.28   2.702  27.894   30.706  117.7  12.98  14.000   24.56195    2.99    1.89    2.56
17-07-2024 13:51:53.46   15.38   2.675  27.888   30.724  117.8  12.99  14.000   24.48128    3.18    2.34    2.98
17-07-2024 13:51:53.71   15.44   2.652  27.874   30.729  117.7  13.00  14.000   24.37766    3.30    2.28    2.79
17-07-2024 13:51:53.96   15.50   2.629  27.867   30.743  117.7  13.00  14.000   24.30290    3.03    2.51    2.94
17-07-2024 13:51:54.20   15.59   2.611  27.859   30.751  117.7  13.00  14.000   24.19410    2.97    2.42    3.07
17-07-2024 13:51:54.45   15.66   2.597  27.856   30.759  117.6  13.00  14.000   24.09640    3.29    2.31    3.01
17-07-2024 13:51:54.69   15.73   2.588  27.852   30.765  117.6  13.00  14.000   24.01720    3.29    2.31    3.01
17-07-2024 13:51:54.94   15.76   2.579  27.848   30.767  117.6  13.00  14.000   23.94689    3.19    2.18    3.28
17-07-2024 13:51:55.18   15.85   2.566  27.842   30.773  117.6  13.01  14.000   23.85585    3.15    2.27    2.83
17-07-2024 13:51:55.43   15.91   2.553  27.834   30.776  117.6  13.01  14.000   23.76111    3.66    2.06    2.90
17-07-2024 13:51:55.67   15.98   2.542  27.830   30.782  117.6  13.01  14.000   23.66193    3.32    2.10    2.91
17-07-2024 13:51:55.92   16.05   2.530  27.820   30.780  117.5  13.01  14.000   23.59827    3.22    2.77    2.80
17-07-2024 13:51:56.17   16.11   2.521  27.814   30.782  117.6  13.01  14.000   23.50131    2.72    1.99    2.84
17-07-2024 13:51:56.41   16.18   2.509  27.803   30.780  117.5  13.01  14.000   23.39325    2.72    1.99    2.84
17-07-2024 13:51:56.66   16.25   2.491  27.792   30.784  117.5  13.02  14.000   23.31257    3.27    2.04    2.76
17-07-2024 13:51:56.90   16.33   2.475  27.785   30.791  117.5  13.02  14.000   23.20377    3.12    2.14    3.09
17-07-2024 13:51:57.15   16.39   2.462  27.782   30.800  117.5  13.02  14.000   23.08387    3.03    2.53    3.16
17-07-2024 13:51:57.40   16.48   2.454  27.780   30.805  117.4  13.02  14.000   22.97359    2.89    1.98    2.82
17-07-2024 13:51:57.64   16.53   2.448  27.774   30.804  117.4  13.02  14.000   22.88107    2.99    1.98    2.98
17-07-2024 13:51:57.89   16.59   2.440  27.769   30.804  117.4  13.02  14.000   22.78707    2.70    2.24    2.84
17-07-2024 13:51:58.13   16.67   2.433  27.765   30.806  117.3  13.02  14.000   22.69011    2.70    2.24    2.84
17-07-2024 13:51:58.38   16.73   2.424  27.759   30.809  117.3  13.02  14.000   22.59389    3.56    2.40    2.79
17-07-2024 13:51:58.63   16.81   2.411  27.753   30.813  117.4  13.03  14.000   22.51247    2.58    2.42    3.15
17-07-2024 13:51:58.87   16.88   2.404  27.753   30.819  117.3  13.02  14.000   22.43698    2.96    2.32    2.39
17-07-2024 13:51:59.12   16.93   2.397  27.752   30.825  117.3  13.02  14.000   22.34742    2.99    2.06    3.04
17-07-2024 13:51:59.36   17.00   2.395  27.746   30.820  117.2  13.02  14.000   22.23787    3.19    2.44    3.18
17-07-2024 13:51:59.61   17.09   2.388  27.746   30.828  117.2  13.02  14.000   22.16608    3.23    2.28    3.06
17-07-2024 13:51:59.89   17.14   2.383  27.743   30.827  117.2  13.02  14.000   22.06024    2.80    2.43    2.58
17-07-2024 13:52:00.09   17.22   2.379  27.743   30.832  117.2  13.02  14.000   21.97142    2.80    2.43    2.58
17-07-2024 13:52:00.34   17.28   2.376  27.739   30.830  117.2  13.02  14.000   21.85744    3.07    2.02    2.94
17-07-2024 13:52:00.59   17.36   2.375  27.743   30.836  117.3  13.03  14.000   21.75085    3.46    2.57    2.97
17-07-2024 13:52:00.84   17.43   2.374  27.745   30.839  117.3  13.03  14.000   21.68276    3.26    3.11    3.02
17-07-2024 13:52:01.08   17.49   2.373  27.744   30.838  117.3  13.03  14.000   21.60800    3.00    2.11    3.17
17-07-2024 13:52:01.33   17.57   2.369  27.743   30.841  117.2  13.03  14.000   21.50142    2.97    1.76    3.02
17-07-2024 13:52:01.58   17.62   2.363  27.736   30.839  117.2  13.02  14.000   21.39928    2.97    1.76    3.02
17-07-2024 13:52:01.82   17.71   2.356  27.734   30.842  117.2  13.02  14.000   21.30602    3.03    2.15    3.13
17-07-2024 13:52:02.07   17.78   2.349  27.727   30.841  117.2  13.02  14.000   21.22017    2.58    2.51    2.94
17-07-2024 13:52:02.31   17.85   2.344  27.726   30.845  117.1  13.02  14.000   21.13949    2.93    2.16    2.84
17-07-2024 13:52:02.56   17.89   2.340  27.723   30.845  117.1  13.02  14.000   21.04993    3.00    2.26    2.63
17-07-2024 13:52:02.80   17.99   2.339  27.725   30.849  117.1  13.02  14.000   20.95889    3.22    1.92    3.12
17-07-2024 13:52:03.05   18.06   2.335  27.727   30.854  117.1  13.01  14.000   20.88117    2.96    2.61    2.96
17-07-2024 13:52:03.29   18.10   2.328  27.720   30.853  117.0  13.01  14.000   20.78347    2.96    2.61    2.96
17-07-2024 13:52:03.54   18.16   2.308  27.701   30.849  117.0  13.02  14.000   20.70428    2.83    2.34    2.98
17-07-2024 13:52:03.78   18.24   2.284  27.683   30.850  117.0  13.03  14.000   20.61028    2.87    2.45    3.01
17-07-2024 13:52:04.03   18.31   2.268  27.676   30.857  117.0  13.03  14.000   20.52220    3.55    2.10    2.71
17-07-2024 13:52:04.28   18.36   2.262  27.673   30.859  116.9  13.03  14.000   20.41710    2.89    1.79    2.91
17-07-2024 13:52:04.53   18.44   2.253  27.676   30.871  116.9  13.02  14.000   20.33568    2.95    2.45    3.06
17-07-2024 13:52:04.77   18.51   2.249  27.680   30.880  116.9  13.02  14.000   20.22318    2.81    2.24    2.76
17-07-2024 13:52:05.02   18.58   2.248  27.684   30.886  116.9  13.03  14.000   20.12622    2.81    2.24    2.76
17-07-2024 13:52:05.27   18.63   2.250  27.694   30.897  116.9  13.02  14.000   20.06627    3.06    1.97    2.74
17-07-2024 13:52:05.51   18.71   2.256  27.707   30.906  116.9  13.02  14.000   19.98115    3.54    1.70    3.17
17-07-2024 13:52:05.76   18.79   2.265  27.724   30.918  116.9  13.01  14.000   19.89603    2.85    2.12    2.79
17-07-2024 13:52:06.00   18.86   2.274  27.730   30.916  116.9  13.01  14.000   19.81388    2.93    2.16    3.07
17-07-2024 13:52:06.25   18.95   2.278  27.732   30.915  116.7  12.99  14.000   19.73912    3.00    2.35    2.98
17-07-2024 13:52:06.49   18.98   2.281  27.736   30.917  116.6  12.98  14.000   19.62662    3.00    2.35    2.98
17-07-2024 13:52:06.74   19.08   2.283  27.736   30.916  116.6  12.97  14.000   19.52374    3.17    1.69    2.71
17-07-2024 13:52:06.98   19.14   2.285  27.742   30.920  116.5  12.97  14.000   19.44750    3.17    2.05    2.95
17-07-2024 13:52:07.23   19.19   2.291  27.749   30.924  116.5  12.96  14.000   19.36460    2.95    2.45    3.04
17-07-2024 13:52:07.47   19.29   2.295  27.756   30.928  116.4  12.95  14.000   19.28911    2.90    1.93    2.97
17-07-2024 13:52:07.72   19.36   2.297  27.755   30.925  116.4  12.95  14.000   19.19733    3.03    2.20    2.87
17-07-2024 13:52:07.96   19.41   2.296  27.754   30.925  116.4  12.95  14.000   19.10481    3.00    2.32    2.77
17-07-2024 13:52:08.21   19.50   2.293  27.752   30.926  116.3  12.94  14.000   19.02709    3.00    2.32    2.77
17-07-2024 13:52:08.46   19.56   2.289  27.750   30.926  116.3  12.94  14.000   18.94568    2.78    2.10    2.63
17-07-2024 13:52:08.71   19.63   2.281  27.749   30.933  116.3  12.94  14.000   18.85982    2.93    2.31    2.76
17-07-2024 13:52:08.95   19.71   2.268  27.737   30.930  116.3  12.95  14.000   18.77988    2.93    2.22    2.88
17-07-2024 13:52:09.20   19.76   2.248  27.718   30.926  116.4  12.96  14.000   18.68144    2.64    2.28    2.74
17-07-2024 13:52:09.44   19.81   2.218  27.689   30.920  116.4  12.97  14.000   18.60965    2.98    2.41    2.98
17-07-2024 13:52:09.69   19.88   2.186  27.671   30.929  116.4  12.99  14.000   18.52749    3.25    2.66    3.23
17-07-2024 13:52:09.93   19.98   2.172  27.668   30.939  116.4  12.99  14.000   18.43941    3.25    2.66    3.23
17-07-2024 13:52:10.18   20.04   2.160  27.669   30.953  116.4  12.99  14.000   18.33357    2.55    2.33    2.83
17-07-2024 13:52:10.42   20.08   2.154  27.670   30.959  116.4  12.99  14.000   18.26548    3.02    1.97    2.89
17-07-2024 13:52:10.67   20.11   2.152  27.671   30.962  116.4  12.99  14.000   18.16482    2.82    1.87    2.68
17-07-2024 13:52:10.91   20.22   2.150  27.671   30.964  116.4  13.00  14.000   18.06786    2.89    1.92    2.97
17-07-2024 13:52:11.16   20.26   2.147  27.669   30.964  116.4  12.99  14.000   17.95905    2.87    2.03    2.79
17-07-2024 13:52:11.40   20.35   2.141  27.662   30.961  116.4  12.99  14.000   17.86061    3.08    2.11    2.68
17-07-2024 13:52:11.65   20.40   2.134  27.659   30.964  116.3  12.99  14.000   17.77032    3.08    2.11    2.68
17-07-2024 13:52:11.90   20.52   2.128  27.653   30.963  116.3  12.99  14.000   17.69482    2.69    1.98    2.91
17-07-2024 13:52:12.15   20.57   2.120  27.648   30.965  116.3  12.99  14.000   17.60230    2.98    2.22    3.03
17-07-2024 13:52:12.40   20.63   2.115  27.646   30.968  116.2  12.98  14.000   17.48018    2.70    2.17    3.00
17-07-2024 13:52:12.64   20.71   2.110  27.644   30.969  116.2  12.98  14.000   17.39358    2.77    2.21    3.21
17-07-2024 13:52:12.89   20.76   2.109  27.645   30.973  116.1  12.98  14.000   17.29144    2.94    2.77    2.81
17-07-2024 13:52:13.13   20.81   2.107  27.643   30.971  116.1  12.98  14.000   17.20632    2.60    1.95    2.82
17-07-2024 13:52:13.38   20.91   2.105  27.647   30.978  116.1  12.98  14.000   17.10566    2.60    1.95    2.82
17-07-2024 13:52:13.62   20.96   2.106  27.653   30.985  116.1  12.97  14.000   17.01980    2.61    1.96    2.82
17-07-2024 13:52:13.87   21.04   2.104  27.657   30.991  116.0  12.96  14.000   16.93394    2.66    1.91    2.95
17-07-2024 13:52:14.11   21.08   2.100  27.654   30.991  116.1  12.97  14.000   16.83106    2.81    2.00    3.02
17-07-2024 13:52:14.36   21.20   2.090  27.634   30.977  116.0  12.97  14.000   16.75631    2.75    2.39    2.76
17-07-2024 13:52:14.60   21.24   2.070  27.608   30.964  116.0  12.98  14.000   16.62456    3.06    1.98    3.10
17-07-2024 13:52:14.85   21.30   2.043  27.588   30.965  116.1  12.99  14.000   16.54092    2.89    2.13    3.14
17-07-2024 13:52:15.09   21.37   2.014  27.572   30.974  116.1  13.01  14.000   16.43656    2.89    2.13    3.14
17-07-2024 13:52:15.34   21.48   1.994  27.559   30.978  116.0  13.00  14.000   16.33960    3.43    2.39    2.62
17-07-2024 13:52:15.59   21.56   1.969  27.550   30.991  115.9  13.00  14.000   16.24042    3.43    2.30    3.00
17-07-2024 13:52:15.83   21.58   1.939  27.527   30.992  116.1  13.02  14.000   16.15974    3.17    2.39    2.90
17-07-2024 13:52:16.08   21.67   1.911  27.505   30.992  116.1  13.04  14.000   16.04502    3.71    2.08    2.93
17-07-2024 13:52:16.33   21.74   1.880  27.505   31.022  116.1  13.04  14.000   15.96878    3.15    2.36    3.02
17-07-2024 13:52:16.57   21.79   1.865  27.529   31.067  116.1  13.05  14.000   15.85702    3.05    2.42    3.13
17-07-2024 13:52:16.82   21.85   1.871  27.541   31.075  116.0  13.03  14.000   15.75488    3.05    2.42    3.13
17-07-2024 13:52:17.06   21.91   1.873  27.536   31.068  115.8  13.01  14.000   15.65866    3.12    1.99    2.88
17-07-2024 13:52:17.31   22.02   1.864  27.530   31.069  115.7  13.00  14.000   15.58020    2.94    2.31    2.91
17-07-2024 13:52:17.55   22.06   1.857  27.526   31.071  115.7  13.01  14.000   15.48324    2.98    2.38    2.61
17-07-2024 13:52:17.80   22.16   1.851  27.523   31.073  115.8  13.01  14.000   15.39147    3.11    2.05    3.04
17-07-2024 13:52:18.05   22.16   1.842  27.516   31.073  115.7  13.01  14.000   15.33077    2.60    2.10    3.00
17-07-2024 13:52:18.29   22.26   1.832  27.508   31.073  115.7  13.01  14.000   15.22641    3.09    2.36    3.04
17-07-2024 13:52:18.53   22.29   1.825  27.504   31.074  115.6  13.01  14.000   15.12723    3.09    2.36    3.04
17-07-2024 13:52:18.78   22.38   1.817  27.497   31.074  115.6  13.00  14.000   15.04878    2.92    1.97    2.78
17-07-2024 13:52:19.03   22.43   1.805  27.490   31.077  115.5  13.00  14.000   14.96736    3.05    1.58    2.74
17-07-2024 13:52:19.28   22.55   1.795  27.489   31.085  115.6  13.01  14.000   14.88594    2.98    1.84    3.09
17-07-2024 13:52:19.52   22.61   1.791  27.487   31.087  115.5  13.00  14.000   14.79416    2.77    1.91    3.09
17-07-2024 13:52:19.77   22.68   1.785  27.485   31.090  115.5  13.00  14.000   14.70238    2.96    2.16    3.51
17-07-2024 13:52:20.02   22.74   1.785  27.484   31.090  115.4  12.99  14.000   14.63355    3.12    2.21    2.90
17-07-2024 13:52:20.26   22.81   1.783  27.484   31.091  115.4  12.99  14.000   14.55583    3.12    2.21    2.90
17-07-2024 13:52:20.51   22.91   1.780  27.484   31.095  115.4  12.99  14.000   14.50180    3.26    1.71    3.13
17-07-2024 13:52:20.75   22.97   1.779  27.485   31.096  115.3  12.99  14.000   14.39818    2.81    2.05    2.69
17-07-2024 13:52:21.00   23.01   1.779  27.487   31.098  115.4  12.99  14.000   14.32861    2.97    2.36    3.09
17-07-2024 13:52:21.24   23.11   1.780  27.492   31.103  115.4  12.99  14.000   14.25829    2.85    1.88    2.81
17-07-2024 13:52:21.49   23.18   1.784  27.495   31.104  115.3  12.98  14.000   14.17762    2.93    2.13    2.88
17-07-2024 13:52:21.73   23.26   1.787  27.502   31.109  115.3  12.98  14.000   14.10952    2.70    2.06    2.88
17-07-2024 13:52:21.98   23.33   1.792  27.506   31.110  115.3  12.98  14.000   14.04439    2.70    2.06    2.88
17-07-2024 13:52:22.22   23.36   1.796  27.514   31.116  115.3  12.98  14.000   13.94077    3.22    2.69    2.80
17-07-2024 13:52:22.47   23.45   1.802  27.522   31.119  115.4  12.98  14.000   13.87860    2.63    2.22    3.08
17-07-2024 13:52:22.71   23.50   1.807  27.526   31.118  115.4  12.99  14.000   13.81716    2.62    2.01    3.05
17-07-2024 13:52:22.96   23.55   1.810  27.526   31.117  115.4  12.98  14.000   13.74093    2.34    2.26    2.94
17-07-2024 13:52:23.21   23.63   1.809  27.522   31.112  115.4  12.98  14.000   13.66395    2.90    2.21    2.53
17-07-2024 13:52:23.46   23.71   1.805  27.517   31.110  115.4  12.98  14.000   13.59586    2.67    2.66    3.23
17-07-2024 13:52:23.70   23.76   1.797  27.508   31.106  115.4  12.98  14.000   13.50852    2.67    2.66    3.23
17-07-2024 13:52:23.95   23.83   1.790  27.497   31.100  115.5  13.00  14.000   13.46855    2.50    2.43    3.16
17-07-2024 13:52:24.20   23.89   1.775  27.478   31.091  115.5  13.01  14.000   13.37603    2.62    1.71    2.70
17-07-2024 13:52:24.44   23.96   1.759  27.464   31.090  115.6  13.02  14.000   13.31608    2.89    2.12    2.86
17-07-2024 13:52:24.68   24.02   1.737  27.452   31.095  115.5  13.02  14.000   13.24798    2.81    2.37    2.85
17-07-2024 13:52:24.93   24.10   1.713  27.428   31.089  115.5  13.03  14.000   13.17841    3.03    2.17    2.56
17-07-2024 13:52:25.17   24.16   1.689  27.400   31.078  115.5  13.04  14.000   13.12068    2.86    2.43    2.97
17-07-2024 13:52:25.42   24.24   1.649  27.379   31.091  115.6  13.07  14.000   13.05036    2.86    2.43    2.97
17-07-2024 13:52:25.66   24.32   1.630  27.378   31.109  115.6  13.06  14.000   12.97191    3.07    2.18    2.89
17-07-2024 13:52:25.91   24.38   1.621  27.392   31.135  115.6  13.06  14.000   12.90677    3.12    1.97    2.88
17-07-2024 13:52:26.16   24.42   1.617  27.391   31.138  115.6  13.06  14.000   12.83424    3.35    2.26    2.77
17-07-2024 13:52:26.40   24.52   1.603  27.378   31.136  115.6  13.07  14.000   12.74320    3.08    1.67    3.00
17-07-2024 13:52:26.65   24.55   1.591  27.398   31.172  115.5  13.06  14.000   12.68917    3.68    2.01    2.94
17-07-2024 13:52:26.90   24.67   1.600  27.406   31.174  115.3  13.04  14.000   12.58555    2.96    1.82    3.28
17-07-2024 13:52:27.14   24.72   1.606  27.421   31.185  115.3  13.03  14.000   12.50487    2.96    1.82    3.28
17-07-2024 13:52:27.39   24.83   1.617  27.431   31.188  115.3  13.03  14.000   12.42938    3.12    3.17    3.32
17-07-2024 13:52:27.64   24.87   1.626  27.434   31.183  115.2  13.01  14.000   12.35092    2.73    2.26    3.17
17-07-2024 13:52:27.88   24.94   1.628  27.431   31.176  115.2  13.01  14.000   12.27468    3.34    2.22    3.24
17-07-2024 13:52:28.13   25.00   1.629  27.432   31.177  115.1  13.01  14.000   12.20733    2.99    1.95    3.05
17-07-2024 13:52:28.37   25.09   1.628  27.426   31.170  115.3  13.02  14.000   12.13110    3.07    2.24    3.06
17-07-2024 13:52:28.62   25.16   1.624  27.419   31.166  115.2  13.01  14.000   12.03932    2.90    2.38    2.98
17-07-2024 13:52:28.86   25.23   1.617  27.431   31.188  115.1  13.01  14.000   11.97344    2.90    2.38    2.98
17-07-2024 13:52:29.11   25.29   1.623  27.445   31.199  115.1  13.00  14.000   11.90165    3.19    1.84    3.24
17-07-2024 13:52:29.35   25.36   1.625  27.425   31.172  115.1  13.01  14.000   11.83133    3.16    2.22    3.15
17-07-2024 13:52:29.60   25.44   1.608  27.389   31.143  115.1  13.01  14.000   11.74992    2.95    1.75    2.96
17-07-2024 13:52:29.84   25.51   1.573  27.357   31.139  115.1  13.02  14.000   11.70847    3.02    2.33    3.26
17-07-2024 13:52:30.09   25.59   1.544  27.342   31.148  115.1  13.03  14.000   11.64704    3.18    1.92    2.92
17-07-2024 13:52:30.34   25.66   1.526  27.322   31.141  115.2  13.06  14.000   11.58264    3.01    1.68    2.90
17-07-2024 13:52:30.58   25.71   1.503  27.306   31.143  115.3  13.07  14.000   11.51159    3.01    1.68    2.90
17-07-2024 13:52:30.83   25.79   1.483  27.297   31.152  115.3  13.08  14.000   11.43831    3.12    2.13    2.76
17-07-2024 13:52:31.08   25.84   1.468  27.297   31.166  115.4  13.09  14.000   11.38206    2.96    2.19    3.30
17-07-2024 13:52:31.32   25.90   1.455  27.301   31.185  115.4  13.09  14.000   11.31545    2.96    2.17    2.97
17-07-2024 13:52:31.57   25.98   1.453  27.312   31.201  115.3  13.08  14.000   11.25105    3.08    1.93    2.73
17-07-2024 13:52:31.81   26.08   1.459  27.323   31.209  115.2  13.07  14.000   11.17852    2.94    2.18    2.47
17-07-2024 13:52:32.06   26.13   1.463  27.325   31.207  115.3  13.08  14.000   11.09562    3.29    1.90    3.13
17-07-2024 13:52:32.30   26.19   1.465  27.323   31.202  115.2  13.07  14.000   11.05121    3.29    1.90    3.13
17-07-2024 13:52:32.55   26.27   1.464  27.320   31.199  115.1  13.06  14.000   10.98386    2.98    1.76    3.21
17-07-2024 13:52:32.79   26.35   1.463  27.319   31.199  115.1  13.06  14.000   10.90392    3.08    1.76    2.83
17-07-2024 13:52:33.04   26.40   1.462  27.317   31.198  115.1  13.06  14.000   10.85285    3.63    2.31    2.84
17-07-2024 13:52:33.28   26.45   1.458  27.314   31.198  115.2  13.07  14.000   10.78106    3.07    2.17    2.74
17-07-2024 13:52:33.53   26.56   1.456  27.315   31.201  115.2  13.07  14.000   10.72999    3.38    2.50    3.06
17-07-2024 13:52:33.77   26.63   1.455  27.314   31.201  115.1  13.06  14.000   10.66855    3.02    2.05    2.89
17-07-2024 13:52:34.03   26.70   1.453  27.311   31.199  115.0  13.06  14.000   10.58862    3.02    2.05    2.89
17-07-2024 13:52:34.27   26.75   1.450  27.310   31.201  115.0  13.05  14.000   10.51904    3.09    2.35    2.79
17-07-2024 13:52:34.52   26.83   1.447  27.309   31.202  115.0  13.05  14.000   10.46057    2.97    2.47    2.86
17-07-2024 13:52:34.76   26.91   1.444  27.307   31.203  115.0  13.06  14.000   10.37471    3.21    2.10    2.81
17-07-2024 13:52:35.01   26.97   1.441  27.303   31.200  114.9  13.05  14.000   10.33845    3.10    2.20    3.05
17-07-2024 13:52:35.26   27.04   1.437  27.301   31.201  114.9  13.05  14.000   10.28442    3.03    2.31    3.09
17-07-2024 13:52:35.50   27.12   1.434  27.297   31.199  114.9  13.04  14.000   10.19338    3.07    2.38    2.93
17-07-2024 13:52:35.74   27.16   1.429  27.293   31.200  114.9  13.04  14.000   10.14823    3.07    2.38    2.93
17-07-2024 13:52:35.99   27.24   1.426  27.289   31.198  114.8  13.04  14.000   10.07791    3.08    1.93    3.11
17-07-2024 13:52:36.24   27.34   1.421  27.287   31.201  114.8  13.04  14.000   10.03794    2.86    2.49    2.68
17-07-2024 13:52:36.48   27.41   1.415  27.284   31.203  114.8  13.04  14.000    9.97429    2.83    2.23    3.38
17-07-2024 13:52:36.73   27.47   1.412  27.286   31.207  114.8  13.03  14.000    9.92766    3.05    1.94    3.00
17-07-2024 13:52:36.97   27.52   1.412  27.288   31.211  114.7  13.03  14.000    9.86771    3.24    2.39    2.99
17-07-2024 13:52:37.22   27.59   1.412  27.286   31.207  114.7  13.03  14.000    9.82700    3.15    2.37    2.95
17-07-2024 13:52:37.46   27.65   1.410  27.282   31.205  114.6  13.02  14.000    9.74928    3.15    2.37    2.95
17-07-2024 13:52:37.71   27.72   1.408  27.282   31.207  114.7  13.03  14.000    9.67453    3.27    1.90    3.02
17-07-2024 13:52:37.96   27.79   1.405  27.282   31.210  114.6  13.02  14.000    9.63160    2.99    2.43    2.99
17-07-2024 13:52:38.21   27.88   1.405  27.290   31.220  114.6  13.02  14.000    9.57387    2.99    2.50    3.35
17-07-2024 13:52:38.45   27.94   1.409  27.295   31.222  114.5  13.01  14.000    9.51096    3.38    2.44    2.78
17-07-2024 13:52:38.70   28.00   1.412  27.293   31.217  114.5  13.01  14.000    9.46951    2.92    2.52    2.92
17-07-2024 13:52:38.95   28.09   1.410  27.289   31.213  114.4  13.00  14.000    9.39401    3.09    2.41    2.63
17-07-2024 13:52:39.19   28.12   1.405  27.282   31.210  114.5  13.01  14.000    9.34664    3.09    2.41    2.63
17-07-2024 13:52:39.44   28.21   1.401  27.278   31.209  114.5  13.00  14.000    9.28447    2.78    2.29    2.95
17-07-2024 13:52:39.68   28.27   1.394  27.276   31.213  114.4  13.00  14.000    9.24894    2.86    2.33    2.66
17-07-2024 13:52:39.93   28.35   1.387  27.273   31.216  114.3  13.00  14.000    9.19491    3.06    1.98    3.02
17-07-2024 13:52:40.18   28.38   1.381  27.266   31.214  114.3  12.99  14.000    9.13348    2.69    1.82    2.98
17-07-2024 13:52:40.42   28.49   1.365  27.243   31.200  114.3  13.00  14.000    9.06020    3.18    2.43    3.08
17-07-2024 13:52:40.66   28.55   1.344  27.234   31.209  114.2  13.00  14.000    9.02394    2.54    2.24    3.12
17-07-2024 13:52:40.91   28.60   1.334  27.234   31.220  114.2  13.00  14.000    8.96916    2.54    2.24    3.12
17-07-2024 13:52:41.15   28.70   1.331  27.236   31.224  114.2  13.00  14.000    8.89811    2.53    2.38    2.54
17-07-2024 13:52:41.40   28.78   1.329  27.236   31.227  114.3  13.01  14.000    8.84556    2.77    2.39    3.18
17-07-2024 13:52:41.64   28.82   1.325  27.229   31.222  114.3  13.01  14.000    8.79301    3.65    2.29    2.99
17-07-2024 13:52:41.89   28.93   1.317  27.224   31.224  114.2  13.00  14.000    8.72491    3.20    2.03    2.98
17-07-2024 13:52:42.14   28.98   1.307  27.212   31.218  114.3  13.01  14.000    8.66940    2.83    2.06    3.08
17-07-2024 13:52:42.38   29.05   1.295  27.204   31.221  114.2  13.01  14.000    8.64498    2.85    2.32    2.80
17-07-2024 13:52:42.63   29.14   1.289  27.204   31.226  114.1  13.00  14.000    8.56874    2.85    2.32    2.80
17-07-2024 13:52:42.87   29.21   1.287  27.214   31.241  114.0  12.99  14.000    8.50657    2.92    2.35    3.03
17-07-2024 13:52:43.12   29.31   1.300  27.265   31.292  113.9  12.97  14.000    8.43626    3.25    1.94    3.02
17-07-2024 13:52:43.37   29.38   1.330  27.286   31.289  113.9  12.96  14.000    8.38444    3.30    2.13    2.94
17-07-2024 13:52:43.61   29.47   1.345  27.286   31.274  113.9  12.95  14.000    8.30895    3.12    2.64    3.30
17-07-2024 13:52:43.86   29.56   1.354  27.279   31.256  113.8  12.94  14.000    8.25122    2.79    2.29    2.88
17-07-2024 13:52:44.10   29.62   1.348  27.231   31.202  113.8  12.95  14.000    8.18830    2.82    2.19    3.12
17-07-2024 13:52:44.34   29.72   1.315  27.186   31.178  113.8  12.96  14.000    8.13723    2.82    2.19    3.12
17-07-2024 13:52:44.59   29.82   1.277  27.213   31.249  113.8  12.97  14.000    8.07210    2.79    2.50    3.19
17-07-2024 13:52:44.84   29.88   1.279  27.240   31.282  113.8  12.97  14.000    8.00475    2.59    2.07    3.11
17-07-2024 13:52:45.09   29.96   1.289  27.256   31.292  113.8  12.96  14.000    7.92777    2.89    1.90    2.96
17-07-2024 13:52:45.33   30.07   1.299  27.239   31.259  113.8  12.96  14.000    7.85746    2.70    2.28    2.90
17-07-2024 13:52:45.58   30.16   1.292  27.205   31.225  113.8  12.96  14.000    7.79380    2.80    1.89    3.04
17-07-2024 13:52:45.83   30.23   1.266  27.143   31.172  113.8  12.98  14.000    7.75161    2.77    1.92    3.17
17-07-2024 13:52:46.07   30.35   1.211  27.084   31.152  113.8  13.00  14.000    7.65687    2.77    1.92    3.17
17-07-2024 13:52:46.32   30.45   1.149  27.048   31.168  113.9  13.03  14.000    7.60802    2.89    2.03    3.18
17-07-2024 13:52:46.56   30.51   1.112  27.051   31.208  113.9  13.04  14.000    7.55103    2.95    2.59    3.04
17-07-2024 13:52:46.81   30.60   1.090  27.051   31.231  113.9  13.05  14.000    7.48368    2.88    2.01    2.56
17-07-2024 13:52:47.05   30.70   1.062  27.043   31.249  114.0  13.06  14.000    7.42595    3.10    2.05    3.02
17-07-2024 13:52:47.30   30.81   1.050  27.046   31.264  113.9  13.06  14.000    7.36599    3.09    1.95    2.86
17-07-2024 13:52:47.54   30.89   1.040  27.043   31.270  114.0  13.07  14.000    7.28828    3.09    1.95    2.86
17-07-2024 13:52:47.79   31.01   1.032  27.043   31.278  113.9  13.06  14.000    7.22685    3.15    2.46    2.92
17-07-2024 13:52:48.03   31.06   1.025  27.041   31.282  113.9  13.06  14.000    7.17208    2.74    2.43    3.06
17-07-2024 13:52:48.28   31.16   1.016  27.050   31.303  113.9  13.06  14.000    7.10842    2.83    2.38    2.95
17-07-2024 13:52:48.53   31.24   1.020  27.087   31.346  113.9  13.06  14.000    7.06031    3.21    2.31    2.83
17-07-2024 13:52:48.78   31.37   1.037  27.117   31.368  113.9  13.05  14.000    6.99888    2.84    2.07    2.70
17-07-2024 13:52:49.02   31.43   1.080  27.188   31.415  113.8  13.02  14.000    6.92857    2.95    2.74    2.92
17-07-2024 13:52:49.27   31.54   1.112  27.174   31.365  113.8  13.02  14.000    6.87305    3.04    1.89    2.79
17-07-2024 13:52:49.52   31.68   1.141  27.255   31.438  113.9  13.01  14.000    6.79608    3.04    1.89    2.79
17-07-2024 13:52:49.76   31.72   1.198  27.254   31.380  113.8  12.98  14.000    6.74427    2.98    2.65    2.78
17-07-2024 13:52:50.01   31.86   1.213  27.206   31.304  113.8  12.99  14.000    6.68357    2.83    2.08    2.56
17-07-2024 13:52:50.25   31.94   1.174  27.114   31.226  113.9  13.02  14.000    6.62732    2.88    2.18    2.93
17-07-2024 13:52:50.50   32.07   1.113  27.057   31.215  114.0  13.05  14.000    6.55849    2.78    2.23    3.04
17-07-2024 13:52:50.74   32.10   1.069  27.042   31.239  114.0  13.07  14.000    6.50890    2.74    2.39    2.97
17-07-2024 13:52:50.99   32.19   1.043  27.057   31.284  114.1  13.08  14.000    6.47115    2.74    2.39    2.97
17-07-2024 13:52:51.24   32.34   1.027  27.053   31.296  114.1  13.08  14.000    6.42008    2.70    2.49    3.26
17-07-2024 13:52:51.48   32.38   1.012  27.051   31.308  114.2  13.09  14.000    6.37123    2.90    1.93    2.94
17-07-2024 13:52:51.72   32.50   0.999  27.046   31.314  114.2  13.10  14.000    6.29573    3.09    1.99    2.89
17-07-2024 13:52:51.97   32.62   0.983  27.040   31.323  114.2  13.11  14.000    6.24985    3.28    2.50    3.32
17-07-2024 13:52:52.21   32.68   0.972  27.035   31.328  114.2  13.11  14.000    6.20396    3.01    2.18    2.85
17-07-2024 13:52:52.46   32.82   0.963  27.032   31.333  114.2  13.11  14.000    6.13216    2.77    2.37    2.70
17-07-2024 13:52:52.71   32.88   0.956  27.035   31.344  114.2  13.11  14.000    6.09811    2.77    2.37    2.70
17-07-2024 13:52:52.96   32.96   0.951  27.038   31.353  114.2  13.12  14.000    6.03964    2.58    2.04    3.22
17-07-2024 13:52:53.20   33.09   0.951  27.034   31.347  114.2  13.12  14.000    5.99375    2.80    2.31    2.95
17-07-2024 13:52:53.45   33.16   0.950  27.034   31.348  114.2  13.12  14.000    5.93824    2.83    2.46    2.79
17-07-2024 13:52:53.70   33.26   0.946  27.035   31.353  114.2  13.12  14.000    5.87533    3.02    1.81    2.97
17-07-2024 13:52:53.94   33.36   0.948  27.070   31.397  114.2  13.12  14.000    5.83832    2.77    2.86    3.52
17-07-2024 13:52:54.19   33.42   0.964  27.096   31.413  114.2  13.11  14.000    5.77837    3.15    2.36    3.01
17-07-2024 13:52:54.43   33.52   0.984  27.129   31.434  114.2  13.10  14.000    5.72286    3.15    2.36    3.01
17-07-2024 13:52:54.68   33.64   1.010  27.154   31.441  114.2  13.09  14.000    5.67993    3.09    1.91    2.99
17-07-2024 13:52:54.92   33.71   1.038  27.164   31.426  114.2  13.08  14.000    5.64292    2.56    1.92    3.10
17-07-2024 13:52:55.17   33.83   1.053  27.156   31.400  114.2  13.08  14.000    5.58667    2.60    2.39    3.01
17-07-2024 13:52:55.41   33.89   1.056  27.157   31.398  114.2  13.07  14.000    5.53116    2.58    2.30    2.70
17-07-2024 13:52:55.66   33.97   1.060  27.153   31.389  114.3  13.08  14.000    5.47417    3.15    2.53    3.03
17-07-2024 13:52:55.90   34.06   1.059  27.144   31.378  114.2  13.08  14.000    5.43124    2.71    1.95    2.85
17-07-2024 13:52:56.15   34.21   1.053  27.140   31.379  114.2  13.08  14.000    5.38535    2.71    1.95    2.85
17-07-2024 13:52:56.40   34.25   1.046  27.133   31.378  114.2  13.08  14.000    5.32688    2.95    2.24    2.78
17-07-2024 13:52:56.65   34.36   1.038  27.116   31.364  114.3  13.09  14.000    5.28839    2.65    2.34    2.89
17-07-2024 13:52:56.89   34.49   1.022  27.085   31.341  114.3  13.10  14.000    5.24176    2.55    2.70    2.92
17-07-2024 13:52:57.14   34.51   0.987  27.064   31.348  114.4  13.13  14.000    5.19513    2.87    2.59    3.23
17-07-2024 13:52:57.38   34.71   0.961  27.041   31.345  114.4  13.14  14.000    5.16256    2.82    2.44    2.91
17-07-2024 13:52:57.63   34.75   0.939  27.033   31.357  114.4  13.15  14.000    5.09965    2.90    2.05    3.02
17-07-2024 13:52:57.87   34.84   0.917  27.019   31.362  114.4  13.15  14.000    5.05598    2.90    2.05    3.02
17-07-2024 13:52:58.12   34.94   0.901  27.032   31.395  114.4  13.15  14.000    5.00713    3.09    2.05    3.44
17-07-2024 13:52:58.36   35.05   0.902  27.040   31.403  114.4  13.15  14.000    4.97456    2.84    1.78    2.95
17-07-2024 13:52:58.61   35.12   0.901  27.039   31.403  114.3  13.14  14.000    4.91091    3.03    2.38    2.96
17-07-2024 13:52:58.85   35.26   0.897  27.001   31.359  114.3  13.14  14.000    4.88278    3.18    2.60    3.05
17-07-2024 13:52:59.10   35.29   0.874  26.973   31.347  114.3  13.15  14.000    4.83541    2.36    2.02    2.94
17-07-2024 13:52:59.34   35.37   0.839  26.948   31.349  114.4  13.17  14.000    4.78878    3.04    2.08    2.89
17-07-2024 13:52:59.59   35.53   0.813  26.931   31.354  114.3  13.18  14.000    4.74808    3.04    2.08    2.89
17-07-2024 13:52:59.84   35.63   0.796  26.964   31.413  114.3  13.18  14.000    4.70367    2.70    2.40    3.08
17-07-2024 13:53:00.08   35.70   0.792  26.916   31.355  114.3  13.18  14.000    4.65334    2.94    2.05    3.19
17-07-2024 13:53:00.33   35.81   0.761  26.917   31.389  114.3  13.19  14.000    4.62225    2.84    1.96    3.26
17-07-2024 13:53:00.58   35.89   0.751  26.930   31.415  114.3  13.19  14.000    4.58598    2.84    2.44    3.17
17-07-2024 13:53:00.82   35.98   0.752  26.952   31.443  114.3  13.18  14.000    4.53565    3.32    2.21    2.77
17-07-2024 13:53:01.07   36.09   0.760  26.958   31.442  114.3  13.18  14.000    4.47792    2.94    1.88    2.82
17-07-2024 13:53:01.31   36.15   0.764  26.967   31.448  114.2  13.18  14.000    4.45720    2.94    1.88    2.82
17-07-2024 13:53:01.56   36.25   0.775  26.987   31.464  114.2  13.16  14.000    4.40909    2.95    2.11    2.79
17-07-2024 13:53:01.81   36.34   0.792  27.023   31.493  114.1  13.15  14.000    4.37504    2.68    2.33    3.04
17-07-2024 13:53:02.06   36.48   0.813  27.043   31.497  114.1  13.14  14.000    4.32397    2.52    2.32    3.02
17-07-2024 13:53:02.29   36.53   0.835  27.047   31.479  114.1  13.13  14.000    4.29214    2.67    2.38    2.86
17-07-2024 13:53:02.54   36.64   0.845  27.047   31.469  114.1  13.13  14.000    4.25810    2.89    2.04    2.94
17-07-2024 13:53:02.78   36.78   0.850  27.048   31.465  114.1  13.12  14.000    4.20629    2.78    2.12    3.15
17-07-2024 13:53:03.03   36.85   0.852  27.051   31.467  114.1  13.12  14.000    4.17372    2.78    2.12    3.15
17-07-2024 13:53:03.27   36.93   0.854  27.050   31.464  114.1  13.12  14.000    4.13153    3.11    2.37    3.03
17-07-2024 13:53:03.53   37.04   0.851  27.047   31.462  114.1  13.13  14.000    4.07972    2.52    2.62    3.11
17-07-2024 13:53:03.77   37.15   0.848  27.042   31.459  114.1  13.13  14.000    4.05455    2.61    2.16    3.02
17-07-2024 13:53:04.02   37.23   0.841  27.037   31.460  114.1  13.13  14.000    4.00644    2.94    2.50    2.87
17-07-2024 13:53:04.27   37.32   0.831  27.026   31.455  114.1  13.13  14.000    3.97980    2.96    2.34    2.94
17-07-2024 13:53:04.51   37.41   0.821  27.011   31.447  114.1  13.14  14.000    3.93761    2.56    2.21    2.81
17-07-2024 13:53:04.76   37.54   0.809  26.999   31.443  114.0  13.14  14.000    3.90504    2.56    2.21    2.81
17-07-2024 13:53:05.00   37.61   0.797  26.985   31.438  114.0  13.14  14.000    3.87840    2.82    2.16    2.92
17-07-2024 13:53:05.25   37.74   0.782  26.977   31.443  114.1  13.16  14.000    3.84953    2.71    1.81    3.06
17-07-2024 13:53:05.49   37.81   0.765  26.966   31.446  114.2  13.17  14.000    3.78662    2.47    2.18    2.72
17-07-2024 13:53:05.74   37.91   0.751  26.941   31.428  114.1  13.17  14.000    3.76960    2.59    2.17    2.99
17-07-2024 13:53:05.98   37.98   0.726  26.893   31.392  114.1  13.18  14.000    3.73851    2.89    2.25    2.73
17-07-2024 13:53:06.23   38.15   0.690  26.867   31.394  114.1  13.19  14.000    3.68522    3.04    2.27    3.04
17-07-2024 13:53:06.47   38.16   0.658  26.854   31.411  114.1  13.20  14.000    3.66227    3.04    2.27    3.04
17-07-2024 13:53:06.72   38.27   0.635  26.847   31.424  114.1  13.21  14.000    3.61860    2.58    1.90    3.02
17-07-2024 13:53:06.96   38.37   0.628  26.845   31.429  114.0  13.20  14.000    3.60232    2.51    2.07    2.88
17-07-2024 13:53:07.21   38.47   0.605  26.845   31.453  114.0  13.20  14.000    3.56827    2.92    1.97    3.07
17-07-2024 13:53:07.46   38.54   0.591  26.845   31.467  114.0  13.21  14.000    3.53645    3.08    1.84    3.10
17-07-2024 13:53:07.71   38.68   0.587  26.844   31.469  113.9  13.20  14.000    3.48760    2.56    2.08    3.13
17-07-2024 13:53:07.95   38.76   0.581  26.841   31.472  114.0  13.21  14.000    3.47205    2.82    2.31    2.91
17-07-2024 13:53:08.20   38.80   0.574  26.839   31.477  113.9  13.21  14.000    3.43801    2.82    2.31    2.91
17-07-2024 13:53:08.44   38.92   0.569  26.837   31.478  113.9  13.20  14.000    3.41358    2.56    1.94    2.62
17-07-2024 13:53:08.69   39.02   0.565  26.836   31.481  113.8  13.19  14.000    3.38398    2.86    2.65    2.94
17-07-2024 13:53:08.93   39.13   0.559  26.836   31.487  113.8  13.19  14.000    3.33883    2.89    2.16    3.24
17-07-2024 13:53:09.18   39.20   0.555  26.836   31.490  113.8  13.20  14.000    3.32032    2.57    1.64    2.86
17-07-2024 13:53:09.43   39.28   0.552  26.835   31.492  113.8  13.19  14.000    3.28480    2.33    2.05    2.74
17-07-2024 13:53:09.67   39.40   0.550  26.836   31.496  113.7  13.19  14.000    3.26259    2.82    1.77    2.97
17-07-2024 13:53:09.91   39.51   0.546  26.838   31.503  113.7  13.18  14.000    3.22336    2.82    1.77    2.97
17-07-2024 13:53:10.16   39.62   0.545  26.842   31.510  113.6  13.18  14.000    3.19524    2.70    1.26    2.86
17-07-2024 13:53:10.41   39.67   0.545  26.839   31.506  113.6  13.17  14.000    3.16859    2.98    2.29    2.98
17-07-2024 13:53:10.65   39.79   0.535  26.798   31.462  113.6  13.19  14.000    3.13825    2.98    2.67    2.88
17-07-2024 13:53:10.90   39.84   0.509  26.747   31.423  113.7  13.20  14.000    3.11752    2.67    1.95    3.33
17-07-2024 13:53:11.15   39.96   0.447  26.713   31.442  113.7  13.22  14.000    3.07311    2.68    2.16    3.10
17-07-2024 13:53:11.40   40.00   0.415  26.713   31.475  113.7  13.23  14.000    3.05165    2.71    2.16    2.80
17-07-2024 13:53:11.64   40.14   0.393  26.719   31.504  113.6  13.23  14.000    3.01982    2.71    2.16    2.80
17-07-2024 13:53:11.89   40.18   0.386  26.721   31.514  113.6  13.22  14.000    3.00502    2.82    1.68    3.12
17-07-2024 13:53:12.13   40.35   0.384  26.724   31.520  113.5  13.22  14.000    2.98799    3.07    2.41    2.69
17-07-2024 13:53:12.38   40.41   0.382  26.726   31.525  113.5  13.21  14.000    2.94655    2.75    2.53    3.13
17-07-2024 13:53:12.62   40.50   0.378  26.732   31.536  113.5  13.21  14.000    2.91916    2.48    2.77    2.66
17-07-2024 13:53:12.87   40.60   0.383  26.739   31.541  113.4  13.20  14.000    2.88807    2.89    2.48    3.09
17-07-2024 13:53:13.12   40.70   0.384  26.741   31.542  113.4  13.20  14.000    2.87105    2.98    1.88    2.99
17-07-2024 13:53:13.36   40.81   0.387  26.742   31.541  113.3  13.19  14.000    2.84515    2.98    1.88    2.99
17-07-2024 13:53:13.60   40.87   0.387  26.742   31.540  113.3  13.19  14.000    2.81776    2.82    2.30    2.71
17-07-2024 13:53:13.85   40.99   0.388  26.750   31.550  113.3  13.18  14.000    2.79111    2.98    2.37    3.11
17-07-2024 13:53:14.09   41.07   0.393  26.757   31.554  113.2  13.17  14.000    2.77113    3.05    2.36    3.00
17-07-2024 13:53:14.34   41.15   0.395  26.753   31.546  113.1  13.17  14.000    2.72968    2.75    1.90    2.96
17-07-2024 13:53:14.59   41.29   0.393  26.754   31.550  113.1  13.16  14.000    2.71636    2.63    2.09    3.45
17-07-2024 13:53:14.83   41.36   0.394  26.760   31.556  113.0  13.16  14.000    2.69711    2.55    1.89    3.01
17-07-2024 13:53:15.08   41.47   0.397  26.764   31.558  113.0  13.15  14.000    2.66159    2.55    1.89    3.01
17-07-2024 13:53:15.33   41.56   0.399  26.766   31.558  113.0  13.15  14.000    2.65493    2.95    2.44    2.84
17-07-2024 13:53:15.57   41.67   0.400  26.766   31.557  113.0  13.15  14.000    2.61940    2.59    2.43    3.25
17-07-2024 13:53:15.82   41.73   0.401  26.768   31.560  112.9  13.14  14.000    2.59275    2.50    2.11    3.11
17-07-2024 13:53:16.07   41.84   0.402  26.769   31.559  112.9  13.14  14.000    2.58313    2.99    1.86    2.65
17-07-2024 13:53:16.31   41.94   0.402  26.769   31.560  112.9  13.13  14.000    2.56241    2.71    1.71    3.28
17-07-2024 13:53:16.56   42.06   0.401  26.768   31.559  112.8  13.13  14.000    2.51874    2.79    2.17    2.97
17-07-2024 13:53:16.80   42.11   0.400  26.767   31.559  112.8  13.13  14.000    2.52614    2.79    2.17    2.97
17-07-2024 13:53:17.05   42.22   0.398  26.767   31.560  112.8  13.13  14.000    2.47729    3.50    2.52    3.05
17-07-2024 13:53:17.29   42.30   0.397  26.765   31.559  112.7  13.12  14.000    2.49283    2.77    2.16    3.16
17-07-2024 13:53:17.54   42.39   0.394  26.764   31.561  112.7  13.12  14.000    2.45953    2.44    1.75    3.37
17-07-2024 13:53:17.78   42.50   0.392  26.763   31.561  112.7  13.12  14.000    2.42400    2.70    2.52    3.16
17-07-2024 13:53:18.03   42.58   0.390  26.763   31.562  112.7  13.11  14.000    2.41882    3.11    2.11    2.80
17-07-2024 13:53:18.28   42.66   0.386  26.760   31.564  112.6  13.11  14.000    2.39291    2.97    2.31    3.11
17-07-2024 13:53:18.52   42.78   0.383  26.759   31.566  112.6  13.11  14.000    2.37885    2.97    2.31    3.11
17-07-2024 13:53:18.77   42.87   0.381  26.760   31.569  112.5  13.10  14.000    2.33888    2.57    2.75    3.20
17-07-2024 13:53:19.02   42.95   0.380  26.759   31.568  112.5  13.10  14.000    2.31742    2.96    2.34    2.95
17-07-2024 13:53:19.26   43.06   0.379  26.759   31.569  112.5  13.10  14.000    2.30261    2.62    2.59    2.93
17-07-2024 13:53:19.51   43.14   0.377  26.757   31.568  112.5  13.10  14.000    2.27079    2.81    1.94    3.16
17-07-2024 13:53:19.75   43.25   0.372  26.755   31.572  112.4  13.09  14.000    2.26042    2.58    2.72    3.27
17-07-2024 13:53:20.00   43.34   0.368  26.752   31.571  112.4  13.09  14.000    2.24192    2.71    2.67    2.73
17-07-2024 13:53:20.24   43.40   0.363  26.750   31.574  112.4  13.09  14.000    2.22638    2.71    2.67    2.73
17-07-2024 13:53:20.49   43.51   0.360  26.753   31.581  112.3  13.08  14.000    2.21009    2.38    2.01    3.06
17-07-2024 13:53:20.73   43.60   0.358  26.754   31.584  112.3  13.08  14.000    2.18345    2.88    1.80    2.89
17-07-2024 13:53:20.98   43.72   0.356  26.755   31.587  112.3  13.08  14.000    2.17383    3.05    2.32    3.37
17-07-2024 13:53:21.22   43.79   0.354  26.757   31.593  112.3  13.08  14.000    2.13312    2.74    2.18    3.29
17-07-2024 13:53:21.47   43.87   0.353  26.761   31.597  112.3  13.08  14.000    2.13238    2.57    2.27    2.79
17-07-2024 13:53:21.71   43.98   0.353  26.762   31.600  112.2  13.07  14.000    2.11461    2.47    2.31    2.82
17-07-2024 13:53:21.96   44.10   0.352  26.763   31.601  112.2  13.07  14.000    2.08575    2.47    2.31    2.82
17-07-2024 13:53:22.21   44.16   0.352  26.763   31.602  112.2  13.07  14.000    2.07539    2.28    1.86    3.13
17-07-2024 13:53:22.46   44.27   0.351  26.764   31.604  112.1  13.06  14.000    2.04578    2.57    2.45    2.99
17-07-2024 13:53:22.70   44.40   0.351  26.763   31.603  112.1  13.05  14.000    2.03394    2.67    2.22    3.15
17-07-2024 13:53:22.95   44.48   0.349  26.764   31.606  112.0  13.05  14.000    2.01766    2.44    1.92    2.99
17-07-2024 13:53:23.20   44.55   0.348  26.764   31.607  112.0  13.05  14.000    2.01099    2.57    2.39    2.90
17-07-2024 13:53:23.44   44.65   0.348  26.765   31.608  112.0  13.04  14.000    1.98805    2.23    2.27    3.18
17-07-2024 13:53:23.69   44.74   0.348  26.771   31.616  111.9  13.04  14.000    1.95326    2.23    2.27    3.18
17-07-2024 13:53:23.93   44.81   0.353  26.781   31.624  111.9  13.03  14.000    1.95696    2.65    1.96    3.08
17-07-2024 13:53:24.18   44.93   0.360  26.788   31.626  111.8  13.02  14.000    1.91329    2.41    2.31    3.04
17-07-2024 13:53:24.42   45.04   0.366  26.794   31.626  111.8  13.02  14.000    1.91773    2.45    2.57    3.17
17-07-2024 13:53:24.67   45.11   0.372  26.798   31.626  111.8  13.01  14.000    1.89479    2.26    2.36    2.92
17-07-2024 13:53:24.91   45.16   0.375  26.795   31.619  111.8  13.01  14.000    1.87999    2.26    2.29    2.96
17-07-2024 13:53:25.16   45.31   0.374  26.795   31.620  111.8  13.01  14.000    1.87777    2.56    2.08    3.20
17-07-2024 13:53:25.40   45.42   0.374  26.795   31.620  111.8  13.01  14.000    1.85112    2.56    2.08    3.20
17-07-2024 13:53:25.65   45.50   0.372  26.792   31.617  111.8  13.01  14.000    1.83410    2.16    2.20    3.43
17-07-2024 13:53:25.90   45.56   0.371  26.790   31.616  111.7  13.01  14.000    1.80597    2.69    2.25    2.92
17-07-2024 13:53:26.15   45.63   0.368  26.793   31.624  111.7  13.00  14.000    1.80597    2.31    1.90    2.79
17-07-2024 13:53:26.39   45.76   0.369  26.802   31.634  111.7  13.00  14.000    1.77933    2.16    2.58    2.78
17-07-2024 13:53:26.64   45.86   0.380  26.826   31.654  111.6  12.99  14.000    1.77933    2.96    2.01    3.01
17-07-2024 13:53:26.88   45.96   0.396  26.838   31.653  111.6  12.98  14.000    1.76526    2.53    2.39    3.22
17-07-2024 13:53:27.17   46.06   0.406  26.847   31.654  111.6  12.97  14.000    1.73640    2.74    2.72    2.96
17-07-2024 13:53:27.37   46.13   0.421  26.858   31.653  111.5  12.96  14.000    1.71493    2.74    2.72    2.96
17-07-2024 13:53:27.62   46.29   0.431  26.865   31.652  111.6  12.96  14.000    1.69643    2.65    1.90    2.92
17-07-2024 13:53:27.86   46.30   0.438  26.867   31.648  111.5  12.96  14.000    1.68829    2.59    2.45    2.82
17-07-2024 13:53:28.11   46.43   0.442  26.869   31.646  111.5  12.95  14.000    1.68829    2.46    2.52    2.69
17-07-2024 13:53:28.35   46.55   0.445  26.868   31.641  111.5  12.96  14.000    1.66756    2.17    2.55    3.27
17-07-2024 13:53:28.60   46.63   0.446  26.868   31.640  111.5  12.95  14.000    1.65350    2.17    2.55    3.27
17-07-2024 13:53:28.84   46.76   0.447  26.869   31.640  111.5  12.95  14.000    1.64314    2.62    2.03    3.32
17-07-2024 13:53:29.09   46.86   0.447  26.866   31.636  111.5  12.96  14.000    1.64240    2.60    2.65    2.82
17-07-2024 13:53:29.34   46.87   0.445  26.864   31.637  111.5  12.96  14.000    1.60539    2.48    2.32    2.84
17-07-2024 13:53:29.58   46.95   0.442  26.863   31.637  111.5  12.96  14.000    1.60243    2.65    2.35    2.93
17-07-2024 13:53:29.83   47.14   0.441  26.867   31.644  111.5  12.96  14.000    1.58689    2.37    2.26    2.93
17-07-2024 13:53:30.08   47.18   0.447  26.886   31.663  111.5  12.95  14.000    1.56468    2.65    2.34    2.75
17-07-2024 13:53:30.33   47.33   0.462  26.904   31.670  111.5  12.94  14.000    1.55580    2.49    2.18    3.05
17-07-2024 13:53:30.57   47.38   0.471  26.915   31.675  111.5  12.94  14.000    1.52989    2.49    2.18    3.05
17-07-2024 13:53:30.81   47.51   0.491  26.933   31.677  111.4  12.93  14.000    1.52101    2.51    1.90    3.12
17-07-2024 13:53:31.06   47.58   0.506  26.943   31.676  111.5  12.92  14.000    1.53212    2.56    1.61    2.88
17-07-2024 13:53:31.31   47.66   0.518  26.956   31.680  111.5  12.92  14.000    1.50843    2.32    2.35    2.90
17-07-2024 13:53:31.55   47.76   0.532  26.964   31.676  111.5  12.91  14.000    1.48771    2.35    1.94    2.95
17-07-2024 13:53:31.80   47.86   0.542  26.970   31.673  111.5  12.91  14.000    1.47882    2.84    1.79    2.92
17-07-2024 13:53:32.04   47.89   0.551  26.982   31.679  111.5  12.91  14.000    1.46328    2.84    1.79    2.92
17-07-2024 13:53:32.29   48.00   0.559  26.989   31.680  111.5  12.91  14.000    1.45588    2.66    2.09    2.67
17-07-2024 13:53:32.53   48.05   0.567  26.999   31.685  111.5  12.91  14.000    1.46032    2.55    2.14    3.08
17-07-2024 13:53:32.78   48.22   0.578  27.008   31.684  111.5  12.90  14.000    1.41961    2.31    2.16    3.17
17-07-2024 13:53:33.03   48.26   0.588  27.016   31.684  111.5  12.90  14.000    1.42775    2.44    2.02    3.16
17-07-2024 13:53:33.27   48.46   0.597  27.021   31.683  111.5  12.89  14.000    1.40851    2.62    1.97    2.87
17-07-2024 13:53:33.52   48.44   0.602  27.025   31.682  111.5  12.89  14.000    1.38705    2.32    2.37    2.97
17-07-2024 13:53:33.77   48.56   0.605  27.027   31.681  111.5  12.89  14.000    1.39001    2.32    2.37    2.97
17-07-2024 13:53:34.01   48.70   0.608  27.027   31.679  111.5  12.90  14.000    1.36706    2.90    2.32    2.91
17-07-2024 13:53:34.26   48.81   0.610  27.028   31.678  111.5  12.89  14.000    1.36928    2.65    2.28    3.34
17-07-2024 13:53:34.50   48.90   0.611  27.028   31.677  111.5  12.89  14.000    1.35004    2.51    2.20    3.10
17-07-2024 13:53:34.75   48.91   0.612  27.030   31.678  111.5  12.89  14.000    1.34856    2.36    2.17    3.02
17-07-2024 13:53:34.99   49.14   0.612  27.031   31.679  111.5  12.90  14.000    1.32339    2.51    2.27    2.86
17-07-2024 13:53:35.25   49.21   0.613  27.034   31.681  111.5  12.90  14.000    1.31007    2.30    2.33    3.21
17-07-2024 13:53:35.48   49.27   0.614  27.039   31.687  111.5  12.89  14.000    1.29749    2.30    2.33    3.21
17-07-2024 13:53:35.73   49.32   0.618  27.047   31.693  111.6  12.90  14.000    1.28935    2.45    2.29    2.85
17-07-2024 13:53:35.97   49.39   0.623  27.055   31.699  111.5  12.89  14.000    1.29305    2.28    2.13    3.01
17-07-2024 13:53:36.22   49.60   0.629  27.066   31.706  111.6  12.89  14.000    1.24790    2.44    2.34    3.12
17-07-2024 13:53:36.47   49.62   0.635  27.072   31.708  111.5  12.89  14.000    1.26788    2.42    2.25    3.32
17-07-2024 13:53:36.71   49.69   0.642  27.070   31.698  111.6  12.89  14.000    1.25012    2.57    1.75    3.10
17-07-2024 13:53:36.96   49.88   0.642  27.065   31.692  111.6  12.89  14.000    1.23457    4.10    2.71    2.92
17-07-2024 13:53:37.21   49.87   0.639  27.059   31.687  111.6  12.89  14.000    1.23309    4.10    2.71    2.92
17-07-2024 13:53:37.45   50.11   0.634  27.053   31.684  111.6  12.90  14.000    1.24050    2.51    2.44    3.08
17-07-2024 13:53:37.70   50.07   0.631  27.049   31.682  111.6  12.90  14.000    1.22347    2.25    1.96    3.13
17-07-2024 13:53:37.95   50.24   0.626  27.044   31.680  111.6  12.90  14.000    1.20497    2.26    2.08    3.20
17-07-2024 13:53:38.19   50.29   0.617  27.041   31.687  111.7  12.92  14.000    1.18498    2.41    2.07    3.05
17-07-2024 13:53:38.44   50.39   0.612  27.038   31.688  111.7  12.92  14.000    1.17462    2.37    2.13    2.96
17-07-2024 13:53:38.68   50.42   0.606  27.038   31.693  111.7  12.91  14.000    1.16352    2.50    2.23    3.15
17-07-2024 13:53:38.93   50.52   0.603  27.040   31.699  111.7  12.92  14.000    1.15316    2.50    2.23    3.15
17-07-2024 13:53:39.17   50.73   0.603  27.048   31.709  111.7  12.92  14.000    1.15094    2.29    2.49    3.23
17-07-2024 13:53:39.42   50.73   0.607  27.056   31.715  111.7  12.92  14.000    1.14650    2.06    2.14    3.06
17-07-2024 13:53:39.66   50.90   0.610  27.060   31.717  111.7  12.92  14.000    1.13391    2.32    1.86    3.07
17-07-2024 13:53:39.91   50.95   0.612  27.059   31.714  111.7  12.92  14.000    1.11319    2.29    2.41    2.48
17-07-2024 13:53:40.15   51.08   0.612  27.058   31.713  111.8  12.92  14.000    1.11837    2.49    2.33    3.21
17-07-2024 13:53:40.40   51.25   0.611  27.059   31.715  111.8  12.92  14.000    1.09765    2.63    2.09    2.72
17-07-2024 13:53:40.65   51.33   0.614  27.079   31.738  111.8  12.92  14.000    1.10505    2.63    2.09    2.72
17-07-2024 13:53:40.90   51.25   0.629  27.135   31.796  111.8  12.91  14.000    1.06656    2.22    2.18    2.93
17-07-2024 13:53:41.14   51.52   0.670  27.167   31.793  111.7  12.89  14.000    1.07026    2.59    2.43    3.10
17-07-2024 13:53:41.39   51.51   0.704  27.181   31.777  111.7  12.88  14.000    1.05694    2.33    2.60    2.96
17-07-2024 13:53:41.63   51.71   0.724  27.178   31.752  111.7  12.87  14.000    1.04435    2.35    2.04    2.79
17-07-2024 13:53:41.88   51.77   0.732  27.188   31.757  111.8  12.88  14.000    1.02807    2.60    2.05    3.25
17-07-2024 13:53:42.12   51.88   0.743  27.208   31.771  111.8  12.87  14.000    1.03177    2.36    1.95    3.07
17-07-2024 13:53:42.37   52.01   0.759  27.212   31.760  111.8  12.87  14.000    1.02289    2.36    1.95    3.07
17-07-2024 13:53:42.61   52.06   0.767  27.217   31.759  111.8  12.87  14.000    1.02141    2.29    2.27    3.25
17-07-2024 13:53:42.86   52.20   0.775  27.225   31.760  111.8  12.87  14.000    0.99847    2.21    1.98    3.05
17-07-2024 13:53:43.10   52.18   0.780  27.226   31.756  111.9  12.87  14.000    0.98514    2.16    2.15    3.09
17-07-2024 13:53:43.35   52.33   0.784  27.226   31.752  111.9  12.87  14.000    0.98588    2.49    2.25    2.85
17-07-2024 13:53:43.60   52.31   0.785  27.226   31.751  111.9  12.87  14.000    0.97700    2.26    2.55    2.83
17-07-2024 13:53:43.84   52.40   0.786  27.225   31.748  111.9  12.87  14.000    0.94888    2.08    2.29    2.85
17-07-2024 13:53:44.09   52.54   0.786  27.226   31.750  111.9  12.88  14.000    0.97034    2.08    2.29    2.85
17-07-2024 13:53:44.34   52.78   0.787  27.227   31.750  112.0  12.88  14.000    0.94962    2.20    2.40    2.96
17-07-2024 13:53:44.58   52.69   0.786  27.227   31.752  111.9  12.88  14.000    0.94221    2.05    1.96    2.73
17-07-2024 13:53:44.83   52.76   0.786  27.227   31.752  111.9  12.88  14.000    0.93407    2.18    1.58    3.10
17-07-2024 13:53:45.07   52.96   0.785  27.228   31.753  111.9  12.88  14.000    0.93259    2.65    2.08    3.08
17-07-2024 13:53:45.32   53.07   0.784  27.228   31.754  112.0  12.88  14.000    0.92371    2.29    2.33    2.82
17-07-2024 13:53:45.56   53.20   0.784  27.228   31.754  112.0  12.88  14.000    0.91039    2.05    2.17    2.74
17-07-2024 13:53:45.81   53.32   0.783  27.227   31.754  112.0  12.88  14.000    0.90891    2.05    2.17    2.74
17-07-2024 13:53:46.06   53.40   0.782  27.224   31.751  112.0  12.88  14.000    0.89262    2.99    2.03    2.63
17-07-2024 13:53:46.30   53.45   0.779  27.216   31.744  112.0  12.88  14.000    0.89558    2.14    2.54    3.13
17-07-2024 13:53:46.55   53.48   0.765  27.190   31.724  112.0  12.89  14.000    0.88226    2.25    2.05    2.95
17-07-2024 13:53:46.79   53.53   0.737  27.148   31.700  112.0  12.91  14.000    0.89336    2.50    2.08    2.83
17-07-2024 13:53:47.04   53.76   0.703  27.092   31.662  112.0  12.92  14.000    0.87412    2.20    1.54    3.21
17-07-2024 13:53:47.28   53.70   0.634  27.047   31.675  112.0  12.95  14.000    0.85636    2.07    2.10    2.74
17-07-2024 13:53:47.52   53.81   0.587  27.059   31.738  112.1  12.96  14.000    0.85784    2.07    2.10    2.74
17-07-2024 13:53:47.78   54.08   0.588  27.099   31.789  112.1  12.96  14.000    0.85636    2.39    1.96    2.97
17-07-2024 13:53:48.02   54.04   0.609  27.137   31.816  112.0  12.94  14.000    0.83933    2.13    1.96    2.86
17-07-2024 13:53:48.27   54.08   0.632  27.156   31.817  111.9  12.92  14.000    0.82083    2.55    2.76    2.82
17-07-2024 13:53:48.52   54.18   0.654  27.185   31.831  111.9  12.91  14.000    0.83933    2.09    1.89    3.07
17-07-2024 13:53:48.76   54.26   0.675  27.197   31.826  111.9  12.90  14.000    0.81491    2.13    2.15    2.83
17-07-2024 13:53:49.01   54.46   0.700  27.208   31.815  111.8  12.89  14.000    0.81491    2.32    2.14    3.45
17-07-2024 13:53:49.25   54.47   0.720  27.213   31.800  111.8  12.88  14.000    0.79048    2.32    2.14    3.45
17-07-2024 13:53:49.50   54.61   0.731  27.214   31.790  111.8  12.87  14.000    0.78752    2.56    1.95    2.85
17-07-2024 13:53:49.74   54.63   0.735  27.214   31.786  111.8  12.87  14.000    0.79640    1.90    2.39    2.98
17-07-2024 13:53:49.99   54.88   0.737  27.213   31.783  111.8  12.87  14.000    0.78086    2.56    2.32    3.28
17-07-2024 13:53:50.23   54.89   0.735  27.211   31.782  111.8  12.87  14.000    0.78900    2.61    2.60    3.14
17-07-2024 13:53:50.48   55.05   0.732  27.210   31.784  111.8  12.87  14.000    0.76162    2.57    2.28    3.04
17-07-2024 13:53:50.72   55.06   0.729  27.208   31.784  111.8  12.87  14.000    0.76236    2.10    2.20    3.12
17-07-2024 13:53:50.97   55.25   0.726  27.208   31.787  111.8  12.87  14.000    0.74829    2.10    2.20    3.12
17-07-2024 13:53:51.22   55.19   0.724  27.211   31.792  111.8  12.88  14.000    0.75125    2.12    1.72    2.60
17-07-2024 13:53:51.47   55.47   0.723  27.211   31.793  111.8  12.88  14.000    0.73201    2.03    2.13    3.42
17-07-2024 13:53:51.71   55.39   0.721  27.209   31.793  111.8  12.88  14.000    0.73053    2.32    2.07    2.99
17-07-2024 13:53:51.96   55.49   0.718  27.206   31.792  111.8  12.88  14.000    0.73423    2.38    2.01    3.32
17-07-2024 13:53:52.21   55.78   0.714  27.202   31.792  111.8  12.88  14.000    0.71721    2.33    2.29    2.70
17-07-2024 13:53:52.45   55.76   0.710  27.198   31.790  111.8  12.88  14.000    0.70981    2.07    2.38    3.02
17-07-2024 13:53:52.70   55.96   0.702  27.193   31.791  111.8  12.88  14.000    0.73645    2.07    2.38    3.02
17-07-2024 13:53:52.94   56.02   0.696  27.189   31.792  111.8  12.88  14.000    0.70611    2.00    2.27    2.65
17-07-2024 13:53:53.19   56.18   0.690  27.185   31.794  111.8  12.89  14.000    0.70537    2.21    1.85    2.73
17-07-2024 13:53:53.43   56.17   0.687  27.182   31.793  111.8  12.89  14.000    0.68908    2.08    2.27    2.96
17-07-2024 13:53:53.68   56.31   0.679  27.180   31.798  111.8  12.89  14.000    0.69204    2.09    2.10    2.88
17-07-2024 13:53:53.92   56.49   0.676  27.180   31.802  111.8  12.89  14.000    0.68020    2.02    2.62    3.01
17-07-2024 13:53:54.17   56.33   0.674  27.183   31.807  111.8  12.89  14.000    0.67576    1.95    2.73    2.98
17-07-2024 13:53:54.41   56.62   0.673  27.185   31.811  111.7  12.89  14.000    0.65800    1.95    2.73    2.98
17-07-2024 13:53:54.66   56.58   0.673  27.186   31.812  111.7  12.89  14.000    0.65652    2.36    2.10    3.30
17-07-2024 13:53:54.90   56.65   0.672  27.186   31.814  111.7  12.89  14.000    0.66466    2.16    2.26    3.07
17-07-2024 13:53:55.15   56.97   0.672  27.190   31.818  111.7  12.88  14.000    0.65207    2.30    2.52    2.89
17-07-2024 13:53:55.40   56.98   0.672  27.191   31.819  111.7  12.89  14.000    0.65207    1.79    2.28    2.93
17-07-2024 13:53:55.65   57.05   0.673  27.195   31.824  111.7  12.88  14.000    0.63949    2.03    2.13    3.08
17-07-2024 13:53:55.89   57.16   0.674  27.198   31.826  111.7  12.88  14.000    0.64097    2.06    2.06    3.00
17-07-2024 13:53:56.14   57.37   0.675  27.199   31.827  111.7  12.88  14.000    0.62765    2.06    2.06    3.00
17-07-2024 13:53:56.38   57.47   0.676  27.201   31.828  111.7  12.88  14.000    0.61803    2.20    2.12    3.02
17-07-2024 13:53:56.63   57.52   0.676  27.201   31.829  111.7  12.88  14.000    0.63135    2.08    2.06    3.21
17-07-2024 13:53:56.87   57.55   0.674  27.201   31.830  111.7  12.89  14.000    0.60766    2.00    2.05    3.27
17-07-2024 13:53:57.13   57.51   0.672  27.199   31.830  111.8  12.89  14.000    0.60618    2.22    2.20    3.05
17-07-2024 13:53:57.36   57.64   0.670  27.199   31.831  111.8  12.89  14.000    0.58990    2.12    1.94    3.15
17-07-2024 13:53:57.61   57.96   0.667  27.197   31.832  111.8  12.89  14.000    0.58620    1.95    2.30    3.21
17-07-2024 13:53:57.85   57.79   0.664  27.194   31.832  111.8  12.90  14.000    0.59212    1.95    2.30    3.21
17-07-2024 13:53:58.10   58.02   0.659  27.193   31.835  111.8  12.90  14.000    0.58768    1.93    2.09    3.39
17-07-2024 13:53:58.34   58.13   0.655  27.191   31.837  111.8  12.90  14.000    0.58324    2.11    2.60    2.91
17-07-2024 13:53:58.59   58.15   0.650  27.189   31.839  111.8  12.90  14.000    0.57584    2.32    2.56    2.91
17-07-2024 13:53:58.84   58.19   0.646  27.187   31.841  111.9  12.91  14.000    0.57436    1.97    2.52    2.97
17-07-2024 13:53:59.09   58.50   0.641  27.187   31.845  111.9  12.92  14.000    0.55289    2.06    2.38    3.31
17-07-2024 13:53:59.34   58.35   0.639  27.184   31.844  111.9  12.92  14.000    0.56548    2.26    2.20    2.82
17-07-2024 13:53:59.58   58.46   0.636  27.184   31.847  111.9  12.92  14.000    0.55585    2.26    2.20    2.82
17-07-2024 13:53:59.83   58.70   0.634  27.185   31.850  111.9  12.92  14.000    0.54253    2.54    2.40    2.74
17-07-2024 13:54:00.07   58.75   0.632  27.183   31.850  111.9  12.92  14.000    0.54475    2.11    2.13    2.77
17-07-2024 13:54:00.32   58.93   0.629  27.181   31.850  112.0  12.92  14.000    0.54401    2.04    2.04    2.87
17-07-2024 13:54:00.56   58.88   0.627  27.178   31.849  112.0  12.93  14.000    0.52847    2.09    2.22    2.84
17-07-2024 13:54:00.81   59.15   0.626  27.178   31.849  112.0  12.93  14.000    0.53883    2.14    2.52    2.98
17-07-2024 13:54:01.05   59.06   0.622  27.177   31.852  112.0  12.93  14.000    0.53069    2.13    2.16    2.88
17-07-2024 13:54:01.30   59.11   0.621  27.180   31.857  112.0  12.93  14.000    0.52551    2.13    2.16    2.88
17-07-2024 13:54:01.54   59.41   0.621  27.185   31.862  112.0  12.93  14.000    0.51441    2.02    2.19    2.94
17-07-2024 13:54:01.79   59.45   0.622  27.185   31.861  112.0  12.93  14.000    0.51293    2.22    1.82    3.10
17-07-2024 13:54:02.03   59.66   0.621  27.183   31.860  112.0  12.93  14.000    0.49738    2.01    1.50    2.73
17-07-2024 13:54:02.28   59.78   0.620  27.181   31.859  111.9  12.92  14.000    0.49516    2.49    1.92    3.00
17-07-2024 13:54:02.53   59.72   0.616  27.173   31.853  111.9  12.93  14.000    0.49664    2.13    1.56    2.72
17-07-2024 13:54:02.77   59.80   0.609  27.163   31.847  111.9  12.93  14.000    0.50848    2.01    1.74    3.08
17-07-2024 13:54:03.02   59.93   0.594  27.144   31.837  112.0  12.94  14.000    0.49442    2.01    1.74    3.08
17-07-2024 13:54:03.27   60.06   0.574  27.133   31.843  112.0  12.94  14.000    0.49146    2.11    2.07    3.01
17-07-2024 13:54:03.51   60.03   0.564  27.130   31.851  111.9  12.94  14.000    0.49960    2.37    2.19    2.70
17-07-2024 13:54:03.76   60.35   0.556  27.134   31.863  111.9  12.94  14.000    0.47888    2.23    1.84    3.11
17-07-2024 13:54:04.00   60.24   0.551  27.133   31.867  111.9  12.94  14.000    0.45445    2.32    2.04    2.89
17-07-2024 13:54:04.25   60.34   0.549  27.139   31.877  111.9  12.94  14.000    0.47814    2.43    2.34    3.10
17-07-2024 13:54:04.49   60.49   0.550  27.144   31.882  111.9  12.94  14.000    0.47444    2.14    1.88    2.94
17-07-2024 13:54:04.74   60.77   0.551  27.148   31.887  111.9  12.94  14.000    0.47814    2.14    1.88    2.94
17-07-2024 13:54:04.98   60.75   0.554  27.154   31.891  111.8  12.93  14.000    0.45593    2.17    2.30    3.01
17-07-2024 13:54:05.23   60.74   0.558  27.156   31.890  111.8  12.93  14.000    0.45297    2.25    2.00    2.83
17-07-2024 13:54:05.47   60.87   0.560  27.156   31.888  111.8  12.93  14.000    0.45149    2.42    1.84    3.06
17-07-2024 13:54:05.72   61.17   0.560  27.159   31.892  111.8  12.93  14.000    0.45519    2.20    2.33    3.01
17-07-2024 13:54:05.96   61.01   0.559  27.156   31.888  111.8  12.93  14.000    0.45075    2.07    2.45    3.32
17-07-2024 13:54:06.22   61.33   0.556  27.162   31.899  111.8  12.93  14.000    0.44409    1.87    2.38    2.98
17-07-2024 13:54:06.46   61.42   0.555  27.160   31.898  111.8  12.93  14.000    0.43669    1.87    2.38    2.98
17-07-2024 13:54:06.71   61.33   0.552  27.149   31.886  111.8  12.93  14.000    0.44335    1.98    2.14    3.46
17-07-2024 13:54:06.96   61.45   0.544  27.150   31.895  111.8  12.93  14.000    0.41893    2.46    2.72    3.10
17-07-2024 13:54:07.20   61.69   0.538  27.134   31.882  111.8  12.93  14.000    0.42707    1.97    2.01    2.94
17-07-2024 13:54:07.45   61.77   0.521  27.113   31.872  111.8  12.94  14.000    0.41523    1.94    2.19    3.18
17-07-2024 13:54:07.69   61.67   0.501  27.094   31.867  111.8  12.95  14.000    0.42485    2.14    2.35    2.87
17-07-2024 13:54:07.94   62.04   0.486  27.114   31.909  111.8  12.95  14.000    0.43743    2.13    1.78    2.94
17-07-2024 13:54:08.19   62.03   0.490  27.097   31.883  111.7  12.94  14.000    0.40486    2.13    1.78    2.94
17-07-2024 13:54:08.43   62.21   0.464  27.075   31.882  111.7  12.95  14.000    0.41152    2.35    2.08    3.05
17-07-2024 13:54:08.67   62.31   0.452  27.066   31.882  111.7  12.96  14.000    0.42263    2.00    2.46    3.09
17-07-2024 13:54:08.92   62.13   0.437  27.061   31.892  111.8  12.96  14.000    0.40116    2.05    1.83    3.30
17-07-2024 13:54:09.16   62.46   0.418  27.053   31.900  111.8  12.97  14.000    0.39302    2.45    2.04    2.75
17-07-2024 13:54:09.41   62.59   0.410  27.049   31.904  111.8  12.97  14.000    0.38340    2.43    2.74    3.07
17-07-2024 13:54:09.65   62.67   0.403  27.050   31.911  111.7  12.97  14.000    0.39450    2.43    2.74    3.07
17-07-2024 13:54:09.90   62.55   0.398  27.052   31.919  111.7  12.97  14.000    0.37748    1.91    2.20    2.96
17-07-2024 13:54:10.15   62.78   0.396  27.046   31.913  111.7  12.97  14.000    0.39450    1.95    2.08    2.99
17-07-2024 13:54:10.40   62.98   0.392  27.049   31.922  111.7  12.97  14.000    0.38118    2.67    1.91    2.91
17-07-2024 13:54:10.64   63.11   0.391  27.051   31.926  111.6  12.96  14.000    0.36786    2.40    2.09    3.06
17-07-2024 13:54:10.89   63.00   0.389  27.054   31.931  111.6  12.96  14.000    0.38562    2.24    3.09    2.61
17-07-2024 13:54:11.14   63.30   0.389  27.054   31.931  111.6  12.96  14.000    0.38414    1.88    2.22    2.94
17-07-2024 13:54:11.38   63.27   0.389  27.056   31.934  111.6  12.96  14.000    0.37230    2.01    2.04    2.96
17-07-2024 13:54:11.62   63.26   0.388  27.056   31.934  111.6  12.96  14.000    0.36415    2.01    2.04    2.96
17-07-2024 13:54:11.87   63.56   0.388  27.056   31.934  111.6  12.96  14.000    0.36119    2.16    2.35    3.04
17-07-2024 13:54:12.12   63.55   0.388  27.054   31.932  111.6  12.96  14.000    0.34269    2.18    2.07    3.43
17-07-2024 13:54:12.36   63.70   0.387  27.056   31.935  111.6  12.96  14.000    0.35305    2.25    1.88    2.93
17-07-2024 13:54:12.61   63.63   0.386  27.056   31.936  111.5  12.95  14.000    0.34195    2.18    2.43    2.87
17-07-2024 13:54:12.85   63.71   0.386  27.056   31.936  111.5  12.95  14.000    0.32937    1.80    2.14    2.98
17-07-2024 13:54:13.10   63.99   0.386  27.056   31.937  111.5  12.95  14.000    0.35527    1.80    2.14    2.98
17-07-2024 13:54:13.34   63.95   0.386  27.055   31.935  111.5  12.95  14.000    0.33529    1.92    2.17    2.88
17-07-2024 13:54:13.59   64.14   0.385  27.056   31.937  111.5  12.95  14.000    0.34417    2.14    1.99    3.37
17-07-2024 13:54:13.84   64.21   0.385  27.056   31.938  111.5  12.95  14.000    0.33603    2.16    2.63    3.14
17-07-2024 13:54:14.09   64.23   0.384  27.056   31.939  111.5  12.95  14.000    0.34417    2.40    2.77    2.84
17-07-2024 13:54:14.33   64.52   0.384  27.056   31.939  111.5  12.95  14.000    0.33381    2.06    2.09    3.06
17-07-2024 13:54:14.58   64.58   0.384  27.058   31.941  111.5  12.95  14.000    0.33751    2.24    2.59    3.14
17-07-2024 13:54:14.82   64.67   0.384  27.061   31.945  111.5  12.95  14.000    0.32345    2.24    2.59    3.14
17-07-2024 13:54:15.07   64.74   0.386  27.064   31.946  111.5  12.94  14.000    0.33085    2.01    2.18    2.76
17-07-2024 13:54:15.31   64.92   0.388  27.068   31.949  111.5  12.94  14.000    0.32197    2.06    2.03    3.22
17-07-2024 13:54:15.56   64.78   0.390  27.071   31.951  111.4  12.94  14.000    0.31827    2.15    2.34    3.19
17-07-2024 13:54:15.80   64.86   0.392  27.075   31.953  111.5  12.94  14.000    0.32419    2.20    2.58    3.04
17-07-2024 13:54:16.05   65.00   0.395  27.076   31.952  111.5  12.94  14.000    0.31234    2.41    1.75    2.92
17-07-2024 13:54:16.29   65.06   0.397  27.079   31.954  111.5  12.94  14.000    0.30568    1.91    2.37    2.85
17-07-2024 13:54:16.54   65.40   0.399  27.081   31.954  111.4  12.93  14.000    0.29680    1.91    2.37    2.85
17-07-2024 13:54:16.78   65.33   0.402  27.084   31.955  111.4  12.93  14.000    0.30790    2.13    2.20    3.09
17-07-2024 13:54:17.03   65.40   0.404  27.087   31.957  111.4  12.93  14.000    0.30864    2.11    2.29    3.19
17-07-2024 13:54:17.28   65.63   0.406  27.088   31.955  111.4  12.93  14.000    0.29236    2.05    1.69    2.90
17-07-2024 13:54:17.52   65.76   0.407  27.089   31.957  111.4  12.92  14.000    0.30420    2.02    2.33    2.96
17-07-2024 13:54:17.77   65.86   0.409  27.096   31.964  111.4  12.92  14.000    0.28866    1.86    2.17    2.69
17-07-2024 13:54:18.02   65.92   0.412  27.102   31.969  111.4  12.92  14.000    0.29014    2.38    2.34    2.61
17-07-2024 13:54:18.26   66.05   0.416  27.107   31.970  111.3  12.92  14.000    0.30272    2.38    2.34    2.61
17-07-2024 13:54:18.51   65.92   0.421  27.113   31.972  111.3  12.91  14.000    0.27682    2.13    2.14    3.39
17-07-2024 13:54:18.75   66.25   0.425  27.118   31.974  111.3  12.91  14.000    0.30124    2.04    2.00    3.02
17-07-2024 13:54:19.00   66.32   0.430  27.123   31.976  111.3  12.91  14.000    0.28940    2.21    2.53    3.15
17-07-2024 13:54:19.25   66.43   0.433  27.127   31.978  111.3  12.90  14.000    0.28200    1.95    1.87    2.93
17-07-2024 13:54:19.49   66.29   0.437  27.129   31.977  111.3  12.90  14.000    0.28422    2.16    2.95    3.12
17-07-2024 13:54:19.73   66.55   0.439  27.129   31.975  111.3  12.90  14.000    0.27090    1.94    2.15    2.95
17-07-2024 13:54:19.98   66.71   0.439  27.127   31.972  111.3  12.90  14.000    0.27238    1.94    2.15    2.95
17-07-2024 13:54:20.22   66.77   0.437  27.121   31.965  111.3  12.90  14.000    0.26719    2.07    2.13    3.12
17-07-2024 13:54:20.47   66.70   0.432  27.113   31.961  111.3  12.90  14.000    0.26794    2.34    2.39    2.78
17-07-2024 13:54:20.71   66.89   0.422  27.102   31.957  111.3  12.90  14.000    0.27460    1.93    2.24    2.97
17-07-2024 13:54:20.97   67.09   0.411  27.091   31.953  111.3  12.91  14.000    0.26275    2.39    1.98    3.21
17-07-2024 13:54:21.21   67.04   0.396  27.076   31.950  111.3  12.92  14.000    0.27312    1.78    2.04    3.12
17-07-2024 13:54:21.46   67.28   0.379  27.068   31.957  111.3  12.92  14.000    0.26201    2.12    2.55    2.97
17-07-2024 13:54:21.70   67.14   0.366  27.062   31.963  111.2  12.92  14.000    0.27978    2.12    2.55    2.97
17-07-2024 13:54:21.95   67.44   0.360  27.057   31.963  111.2  12.92  14.000    0.26053    2.32    2.02    3.14
17-07-2024 13:54:22.20   67.54   0.351  27.052   31.966  111.2  12.92  14.000    0.26275    1.89    2.39    2.93
17-07-2024 13:54:22.44   67.55   0.343  27.049   31.970  111.1  12.92  14.000    0.25905    2.03    2.10    2.66
17-07-2024 13:54:22.69   67.75   0.336  27.049   31.976  111.1  12.91  14.000    0.25091    2.04    2.66    3.05
17-07-2024 13:54:22.93   67.68   0.332  27.048   31.980  111.1  12.91  14.000    0.25905    2.13    2.19    3.00
17-07-2024 13:54:23.18   67.89   0.330  27.048   31.981  111.1  12.91  14.000    0.25165    2.46    1.95    3.35
17-07-2024 13:54:23.42   67.91   0.329  27.047   31.981  111.0  12.91  14.000    0.25165    2.46    1.95    3.35
17-07-2024 13:54:23.67   67.95   0.328  27.047   31.983  111.0  12.90  14.000    0.23907    1.85    2.08    3.32
17-07-2024 13:54:23.91   68.19   0.327  27.046   31.983  110.9  12.90  14.000    0.25683    2.15    2.07    3.18
17-07-2024 13:54:24.16   68.07   0.326  27.047   31.985  110.9  12.89  14.000    0.25239    2.21    2.23    2.65
17-07-2024 13:54:24.40   68.31   0.326  27.047   31.985  110.8  12.89  14.000    0.25313    2.20    2.52    2.82
17-07-2024 13:54:24.65   68.39   0.326  27.048   31.986  110.8  12.88  14.000    0.24203    2.02    2.02    2.63
17-07-2024 13:54:24.90   68.57   0.326  27.049   31.987  110.8  12.88  14.000    0.24795    2.30    2.05    3.21
17-07-2024 13:54:25.15   68.64   0.326  27.049   31.988  110.8  12.88  14.000    0.24055    2.30    2.05    3.21
17-07-2024 13:54:25.39   68.61   0.325  27.049   31.988  110.8  12.88  14.000    0.23833    1.75    2.24    2.98
17-07-2024 13:54:25.64   68.71   0.325  27.050   31.989  110.7  12.87  14.000    0.25017    2.04    2.31    3.12
17-07-2024 13:54:25.88   68.96   0.325  27.051   31.990  110.7  12.87  14.000    0.23315    2.17    2.38    2.98
17-07-2024 13:54:26.13   68.94   0.325  27.053   31.993  110.7  12.87  14.000    0.24647    2.21    2.06    3.02
17-07-2024 13:54:26.37   69.12   0.325  27.053   31.994  110.7  12.87  14.000    0.23241    2.52    1.86    3.11
17-07-2024 13:54:26.62   69.13   0.326  27.055   31.994  110.7  12.86  14.000    0.22945    2.15    2.42    3.39
17-07-2024 13:54:26.86   69.36   0.326  27.056   31.995  110.6  12.86  14.000    0.21983    2.15    2.42    3.39
17-07-2024 13:54:27.11   69.30   0.327  27.057   31.996  110.6  12.86  14.000    0.22871    1.93    2.08    2.91
17-07-2024 13:54:27.35   69.47   0.327  27.059   31.998  110.6  12.86  14.000    0.21909    2.20    2.00    2.96
17-07-2024 13:54:27.60   69.41   0.329  27.065   32.003  110.6  12.85  14.000    0.22797    1.80    2.42    3.02
17-07-2024 13:54:27.84   69.53   0.333  27.066   32.002  110.6  12.85  14.000    0.24129    1.86    2.06    2.73
17-07-2024 13:54:28.09   69.62   0.335  27.069   32.003  110.6  12.85  14.000    0.21390    2.13    2.30    3.13
17-07-2024 13:54:28.34   69.72   0.336  27.071   32.005  110.6  12.85  14.000    0.21686    2.03    2.23    3.26
17-07-2024 13:54:28.59   70.01   0.337  27.067   31.998  110.5  12.85  14.000    0.22057    2.03    2.23    3.26
17-07-2024 13:54:28.84   69.97   0.332  27.063   31.998  110.5  12.85  14.000    0.22057    2.05    1.88    3.17
17-07-2024 13:54:29.08   70.01   0.329  27.061   31.999  110.5  12.85  14.000    0.20280    2.05    2.26    3.06
17-07-2024 13:54:29.33   70.26   0.327  27.060   32.000  110.5  12.85  14.000    0.20724    2.19    2.24    2.85
17-07-2024 13:54:29.57   70.19   0.324  27.055   31.997  110.5  12.85  14.000    0.20724    2.04    2.60    3.07
17-07-2024 13:54:29.82   70.38   0.319  27.052   31.997  110.5  12.85  14.000    0.21538    1.98    2.11    3.09
17-07-2024 13:54:30.07   70.47   0.313  27.049   31.999  110.5  12.85  14.000    0.20724    1.98    1.76    3.05
17-07-2024 13:54:30.31   70.47   0.309  27.049   32.004  110.5  12.85  14.000    0.20798    1.98    1.76    3.05
17-07-2024 13:54:30.55   70.73   0.305  27.051   32.009  110.5  12.85  14.000    0.20058    2.00    2.41    3.21
17-07-2024 13:54:30.80   70.68   0.303  27.050   32.010  110.4  12.84  14.000    0.18652    2.00    2.25    3.05
17-07-2024 13:54:31.04   70.82   0.302  27.048   32.010  110.4  12.84  14.000    0.20058    2.35    1.92    2.89
17-07-2024 13:54:31.29   70.86   0.299  27.047   32.011  110.4  12.84  14.000    0.19836    2.04    2.03    3.23
17-07-2024 13:54:31.53   71.05   0.296  27.048   32.015  110.3  12.84  14.000    0.18578    2.19    1.95    3.11
17-07-2024 13:54:31.78   71.12   0.295  27.047   32.015  110.3  12.83  14.000    0.18800    2.40    2.26    2.95
17-07-2024 13:54:32.03   71.14   0.293  27.047   32.016  110.3  12.83  14.000    0.19836    2.40    2.26    2.95
17-07-2024 13:54:32.27   71.26   0.294  27.045   32.014  110.3  12.83  14.000    0.19762    1.97    1.64    3.07
17-07-2024 13:54:32.52   71.53   0.291  27.044   32.016  110.3  12.83  14.000    0.19022    2.17    2.38    2.91
17-07-2024 13:54:32.77   71.44   0.289  27.043   32.016  110.2  12.83  14.000    0.18060    2.01    2.13    2.84
17-07-2024 13:54:33.01   71.56   0.288  27.043   32.016  110.2  12.82  14.000    0.19170    1.89    2.51    3.20
17-07-2024 13:54:33.26   71.70   0.284  27.040   32.016  110.2  12.82  14.000    0.19540    2.20    2.58    2.74
17-07-2024 13:54:33.50   71.84   0.282  27.039   32.018  110.2  12.82  14.000    0.17764    2.15    2.01    3.28
17-07-2024 13:54:33.75   71.84   0.280  27.037   32.017  110.1  12.82  14.000    0.17764    2.15    2.01    3.28
17-07-2024 13:54:33.99   72.01   0.278  27.036   32.018  110.1  12.82  14.000    0.19762    1.77    2.34    2.88
17-07-2024 13:54:34.24   72.14   0.276  27.035   32.019  110.1  12.81  14.000    0.19096    2.06    2.51    3.27
17-07-2024 13:54:34.48   72.28   0.274  27.035   32.021  110.1  12.81  14.000    0.18652    2.01    2.40    2.74
17-07-2024 13:54:34.73   72.39   0.273  27.035   32.022  110.0  12.81  14.000    0.17394    1.97    2.11    3.05
17-07-2024 13:54:34.97   72.46   0.272  27.035   32.022  110.0  12.81  14.000    0.17690    1.82    2.11    3.00
17-07-2024 13:54:35.22   72.40   0.270  27.034   32.023  110.0  12.80  14.000    0.16357    2.11    1.98    2.81
17-07-2024 13:54:35.46   72.61   0.268  27.034   32.025  110.0  12.80  14.000    0.18430    2.11    1.98    2.81
17-07-2024 13:54:35.72   72.68   0.265  27.032   32.026  109.9  12.80  14.000    0.18430    2.30    2.34    3.00
17-07-2024 13:54:35.96   72.80   0.264  27.031   32.026  109.9  12.79  14.000    0.15913    2.19    2.20    3.24
17-07-2024 13:54:36.21   72.80   0.262  27.031   32.027  109.9  12.79  14.000    0.17616    2.09    2.43    3.06
17-07-2024 13:54:36.46   73.00   0.261  27.029   32.026  109.8  12.79  14.000    0.19614    1.99    2.34    3.05
17-07-2024 13:54:36.70   73.07   0.259  27.029   32.028  109.8  12.78  14.000    0.17246    2.28    2.12    2.89
17-07-2024 13:54:36.95   73.10   0.256  27.028   32.029  109.8  12.78  14.000    0.18060    2.05    2.05    2.83
17-07-2024 13:54:37.19   73.31   0.253  27.027   32.031  109.7  12.78  14.000    0.16061    2.05    2.05    2.83
17-07-2024 13:54:37.44   73.24   0.251  27.027   32.034  109.7  12.77  14.000    0.16209    2.19    2.16    2.98
17-07-2024 13:54:37.68   73.50   0.248  27.027   32.037  109.7  12.77  14.000    0.16431    2.00    2.22    3.29
17-07-2024 13:54:37.93   73.53   0.245  27.028   32.040  109.7  12.77  14.000    0.17024    2.06    2.30    3.06
17-07-2024 13:54:38.17   73.67   0.241  27.026   32.042  109.6  12.77  14.000    0.16653    1.98    2.47    2.78
17-07-2024 13:54:38.42   73.78   0.240  27.025   32.042  109.6  12.76  14.000    0.16579    2.40    1.88    3.25
17-07-2024 13:54:38.66   73.78   0.239  27.023   32.041  109.5  12.76  14.000    0.15617    2.21    2.57    2.88
17-07-2024 13:54:38.91   73.85   0.235  27.022   32.043  109.5  12.76  14.000    0.15543    2.21    2.57    2.88
17-07-2024 13:54:39.15   74.00   0.232  27.019   32.042  109.5  12.75  14.000    0.15987    2.44    2.03    3.27
17-07-2024 13:54:39.40   74.02   0.228  27.016   32.043  109.4  12.75  14.000    0.15543    2.16    2.29    3.30
17-07-2024 13:54:39.65   74.23   0.224  27.013   32.043  109.5  12.76  14.000    0.15099    2.25    2.38    3.05
17-07-2024 13:54:39.90   74.19   0.219  27.011   32.046  109.4  12.75  14.000    0.16579    1.98    1.71    3.14
17-07-2024 13:54:40.14   74.34   0.216  27.010   32.047  109.4  12.75  14.000    0.16209    2.45    2.04    3.28
17-07-2024 13:54:40.39   74.53   0.212  27.009   32.049  109.3  12.74  14.000    0.15913    2.34    2.10    2.99
17-07-2024 13:54:40.63   74.55   0.210  27.009   32.052  109.3  12.74  14.000    0.14581    2.34    2.10    2.99
17-07-2024 13:54:40.88   74.63   0.208  27.008   32.053  109.3  12.74  14.000    0.15025    2.12    2.54    2.99
17-07-2024 13:54:41.13   74.76   0.204  27.007   32.055  109.3  12.74  14.000    0.14803    2.22    2.11    3.11
17-07-2024 13:54:41.37   74.88   0.200  27.005   32.057  109.2  12.73  14.000    0.15765    2.00    2.55    2.92
17-07-2024 13:54:41.62   74.91   0.196  27.002   32.057  109.2  12.73  14.000    0.13915    1.96    1.89    3.32
17-07-2024 13:54:41.86   75.04   0.191  26.999   32.059  109.1  12.73  14.000    0.14729    2.24    2.51    3.17
17-07-2024 13:54:42.11   75.06   0.184  26.996   32.061  109.1  12.73  14.000    0.14507    1.92    1.78    2.81
17-07-2024 13:54:42.35   75.17   0.176  26.995   32.068  109.1  12.72  14.000    0.14581    1.92    1.78    2.81
17-07-2024 13:54:42.60   75.24   0.171  26.992   32.071  109.0  12.72  14.000    0.14729    2.11    1.93    3.13
17-07-2024 13:54:42.84   75.37   0.167  26.990   32.072  109.0  12.72  14.000    0.15987    2.28    2.46    3.26
17-07-2024 13:54:43.09   75.48   0.161  26.990   32.078  109.0  12.72  14.000    0.15469    2.05    2.65    3.00
17-07-2024 13:54:43.34   75.59   0.154  26.988   32.082  108.9  12.72  14.000    0.15469    2.16    2.36    3.31
17-07-2024 13:54:43.59   75.61   0.151  26.985   32.083  108.9  12.71  14.000    0.15987    2.46    2.14    3.13
17-07-2024 13:54:43.83   75.72   0.145  26.979   32.080  108.9  12.71  14.000    0.13323    2.54    2.17    3.08
17-07-2024 13:54:44.08   75.86   0.136  26.976   32.085  108.9  12.71  14.000    0.14507    2.54    2.17    3.08
17-07-2024 13:54:44.32   75.95   0.130  26.971   32.084  108.9  12.71  14.000    0.15913    2.41    2.22    3.02
17-07-2024 13:54:44.57   76.04   0.125  26.965   32.083  108.8  12.70  14.000    0.15543    2.04    2.53    3.00
17-07-2024 13:54:44.81   76.11   0.115  26.958   32.085  108.7  12.70  14.000    0.14063    2.16    2.06    3.23
17-07-2024 13:54:45.06   76.24   0.107  26.953   32.085  108.7  12.70  14.000    0.15099    2.17    2.42    3.05
17-07-2024 13:54:45.30   76.39   0.098  26.950   32.091  108.6  12.70  14.000    0.13323    2.05    2.11    3.26
17-07-2024 13:54:45.55   76.40   0.090  26.946   32.094  108.6  12.70  14.000    0.15395    2.11    2.04    2.99
17-07-2024 13:54:45.79   76.45   0.084  26.944   32.098  108.6  12.69  14.000    0.13989    2.11    2.04    2.99
17-07-2024 13:54:46.04   76.63   0.079  26.943   32.101  108.5  12.69  14.000    0.15247    1.93    2.52    2.91
17-07-2024 13:54:46.28   76.70   0.075  26.941   32.104  108.4  12.68  14.000    0.13545    1.84    2.52    3.43
17-07-2024 13:54:46.53   76.79   0.071  26.941   32.107  108.4  12.67  14.000    0.13471    2.58    1.99    3.10
17-07-2024 13:54:46.78   76.90   0.069  26.940   32.108  108.3  12.66  14.000    0.13323    2.14    1.85    3.05
17-07-2024 13:54:47.02   76.94   0.067  26.938   32.107  108.2  12.66  14.000    0.14359    2.28    2.39    3.14
17-07-2024 13:54:47.27   77.13   0.065  26.936   32.107  108.1  12.65  14.000    0.13989    2.48    2.48    3.19
17-07-2024 13:54:47.52   77.16   0.062  26.937   32.111  108.1  12.64  14.000    0.14063    2.48    2.48    3.19
17-07-2024 13:54:47.76   77.32   0.060  26.934   32.109  108.0  12.63  14.000    0.13915    2.11    2.15    3.21
17-07-2024 13:54:48.01   77.41   0.057  26.934   32.112  107.9  12.63  14.000    0.13397    2.19    1.67    3.19
17-07-2024 13:54:48.25   77.47   0.054  26.931   32.112  107.9  12.62  14.000    0.13619    2.32    2.26    3.29
17-07-2024 13:54:48.50   77.59   0.048  26.927   32.112  107.8  12.61  14.000    0.13545    2.11    1.84    3.07
17-07-2024 13:54:48.74   77.62   0.041  26.925   32.117  107.7  12.61  14.000    0.12435    2.42    2.07    2.99
17-07-2024 13:54:48.99   77.68   0.037  26.924   32.120  107.7  12.60  14.000    0.13471    2.25    1.85    2.89
17-07-2024 13:54:49.23   77.79   0.034  26.924   32.123  107.6  12.59  14.000    0.15543    2.25    1.85    2.89
17-07-2024 13:54:49.48   77.90   0.032  26.923   32.124  107.5  12.58  14.000    0.12509    1.91    2.51    3.15
17-07-2024 13:54:49.72   78.00   0.031  26.923   32.125  107.4  12.58  14.000    0.13249    2.46    2.32    3.14
17-07-2024 13:54:49.97   78.06   0.030  26.923   32.125  107.4  12.57  14.000    0.12435    2.25    2.24    3.12
17-07-2024 13:54:50.21   78.23   0.029  26.922   32.125  107.3  12.56  14.000    0.11842    2.08    2.18    2.92
17-07-2024 13:54:50.47   78.31   0.027  26.920   32.125  107.2  12.55  14.000    0.11472    2.21    2.40    3.00
17-07-2024 13:54:50.71   78.42   0.024  26.919   32.126  107.2  12.55  14.000    0.12064    2.27    2.08    3.09
17-07-2024 13:54:50.96   78.47   0.021  26.918   32.129  107.1  12.54  14.000    0.12287    2.27    2.08    3.09
17-07-2024 13:54:51.21   78.50   0.019  26.917   32.130  107.0  12.53  14.000    0.12435    1.85    2.30    3.04
17-07-2024 13:54:51.45   78.66   0.018  26.916   32.130  106.9  12.52  14.000    0.13471    2.22    2.44    3.21
17-07-2024 13:54:51.70   78.72   0.017  26.916   32.131  106.9  12.51  14.000    0.13027    2.01    2.19    3.39
17-07-2024 13:54:51.94   78.82   0.016  26.917   32.132  106.8  12.50  14.000    0.13027    2.17    2.15    2.88
17-07-2024 13:54:52.19   78.92   0.014  26.918   32.135  106.7  12.49  14.000    0.12583    2.03    2.25    2.96
17-07-2024 13:54:52.44   78.92   0.015  26.920   32.137  106.6  12.48  14.000    0.13249    1.96    2.04    3.26
17-07-2024 13:54:52.68   79.06   0.016  26.922   32.139  106.5  12.47  14.000    0.11916    1.96    2.04    3.26
17-07-2024 13:54:52.92   79.16   0.017  26.923   32.139  106.4  12.46  14.000    0.12361    2.15    1.93    3.15
17-07-2024 13:54:53.17   79.24   0.018  26.924   32.139  106.4  12.45  14.000    0.12805    2.24    1.97    3.42
17-07-2024 13:54:53.41   79.35   0.018  26.923   32.138  106.3  12.44  14.000    0.11398    2.24    2.20    3.05
17-07-2024 13:54:53.66   79.39   0.017  26.921   32.136  106.2  12.44  14.000    0.11102    2.39    1.97    3.09
17-07-2024 13:54:53.90   79.54   0.016  26.920   32.136  106.1  12.43  14.000    0.12287    1.85    2.24    3.09
17-07-2024 13:54:54.16   79.63   0.014  26.920   32.137  106.0  12.42  14.000    0.11694    2.14    2.26    3.20
17-07-2024 13:54:54.40   79.70   0.013  26.920   32.139  106.0  12.41  14.000    0.11990    2.14    2.26    3.20
17-07-2024 13:54:54.65   79.76   0.013  26.920   32.139  105.9  12.40  14.000    0.11916    1.93    2.09    2.65
17-07-2024 13:54:54.89   79.87   0.012  26.921   32.140  105.8  12.39  14.000    0.11620    2.13    2.10    2.97
17-07-2024 13:54:55.14   79.93   0.012  26.921   32.141  105.8  12.39  14.000    0.13027    2.03    1.74    2.89
17-07-2024 13:54:55.39   80.05   0.012  26.921   32.141  105.7  12.38  14.000    0.10954    2.08    2.22    3.07
17-07-2024 13:54:55.63   80.13   0.012  26.921   32.141  105.6  12.37  14.000    0.11028    2.19    2.51    2.76
17-07-2024 13:54:55.88   80.23   0.011  26.919   32.139  105.5  12.36  14.000    0.11250    2.19    2.51    2.76
17-07-2024 13:54:56.12   80.32   0.008  26.917   32.139  105.5  12.36  14.000    0.10806    2.29    2.65    3.30
17-07-2024 13:54:56.37   80.42   0.004  26.913   32.138  105.4  12.35  14.000    0.12657    2.05    1.79    2.86
17-07-2024 13:54:56.61   80.51  -0.001  26.910   32.140  105.3  12.34  14.000    0.09696    2.14    2.17    2.93
17-07-2024 13:54:56.86   80.64  -0.008  26.907   32.144  105.3  12.34  14.000    0.11250    2.04    1.97    2.92
17-07-2024 13:54:57.10   80.72  -0.006  26.916   32.153  105.2  12.32  14.000    0.11102    2.00    2.06    2.87
17-07-2024 13:54:57.35   80.78  -0.013  26.901   32.141  105.2  12.32  14.000    0.10510    2.48    2.21    2.94
17-07-2024 13:54:57.59   80.88  -0.023  26.897   32.146  105.1  12.32  14.000    0.11546    2.48    2.21    2.94
17-07-2024 13:54:57.84   80.98  -0.030  26.896   32.151  105.0  12.31  14.000    0.10658    2.21    2.21    3.07
17-07-2024 13:54:58.09   81.07  -0.035  26.894   32.154  105.0  12.31  14.000    0.13249    1.94    2.26    3.16
17-07-2024 13:54:58.34   81.17  -0.036  26.892   32.153  104.9  12.30  14.000    0.09622    1.44    2.09    3.25
17-07-2024 13:54:58.58   81.26  -0.039  26.892   32.156  104.9  12.30  14.000    0.10214    1.96    2.38    2.83
17-07-2024 13:54:58.83   81.34  -0.041  26.892   32.158  104.8  12.29  14.000    0.11324    2.13    2.17    2.96
17-07-2024 13:54:59.07   81.43  -0.041  26.891   32.156  104.8  12.29  14.000    0.09992    2.12    1.98    3.20
17-07-2024 13:54:59.32   81.49  -0.043  26.890   32.157  104.7  12.28  14.000    0.11324    2.12    1.98    3.20
17-07-2024 13:54:59.56   81.61  -0.044  26.890   32.158  104.7  12.27  14.000    0.11176    2.16    1.71    3.35
17-07-2024 13:54:59.81   81.68  -0.045  26.888   32.157  104.6  12.27  14.000    0.10954    2.11    2.31    3.24
17-07-2024 13:55:00.05   81.78  -0.046  26.888   32.157  104.5  12.26  14.000    0.12287    2.38    2.47    2.96
17-07-2024 13:55:00.30   81.91  -0.047  26.887   32.157  104.5  12.26  14.000    0.11990    2.00    2.60    3.07
17-07-2024 13:55:00.54   82.00  -0.049  26.887   32.159  104.4  12.25  14.000    0.10362    2.41    1.91    2.83
17-07-2024 13:55:00.79   82.09  -0.052  26.885   32.160  104.4  12.24  14.000    0.11398    2.25    2.26    3.37
17-07-2024 13:55:01.03   82.17  -0.053  26.885   32.161  104.3  12.24  14.000    0.09844    2.25    2.26    3.37
17-07-2024 13:55:01.28   82.24  -0.056  26.885   32.163  104.2  12.23  14.000    0.10732    2.55    2.59    2.97
17-07-2024 13:55:01.53   82.35  -0.056  26.885   32.164  104.2  12.23  14.000    0.11842    1.95    2.07    3.29
17-07-2024 13:55:01.77   82.42  -0.056  26.885   32.165  104.2  12.22  14.000    0.10214    2.05    2.03    2.98
17-07-2024 13:55:02.02   82.54  -0.056  26.885   32.164  104.1  12.21  14.000    0.09548    2.34    2.03    3.35
17-07-2024 13:55:02.27   82.60  -0.058  26.883   32.163  104.0  12.20  14.000    0.09104    2.13    2.03    2.88
17-07-2024 13:55:02.51   82.72  -0.059  26.883   32.164  104.0  12.20  14.000    0.08882    2.29    2.36    3.20
17-07-2024 13:55:02.76   82.79  -0.061  26.881   32.163  103.9  12.19  14.000    0.09474    2.29    2.36    3.20
17-07-2024 13:55:03.01   82.89  -0.063  26.879   32.162  103.9  12.19  14.000    0.10510    2.29    2.66    3.02
17-07-2024 13:55:03.25   82.98  -0.066  26.878   32.164  103.8  12.18  14.000    0.11398    2.19    2.32    2.95
17-07-2024 13:55:03.49   83.07  -0.068  26.877   32.165  103.8  12.18  14.000    0.08808    2.09    1.97    3.03
17-07-2024 13:55:03.74   83.18  -0.069  26.877   32.167  103.7  12.17  14.000    0.10436    1.96    2.26    3.25
17-07-2024 13:55:03.98   83.24  -0.071  26.877   32.168  103.7  12.16  14.000    0.08956    1.99    2.71    3.12
17-07-2024 13:55:04.23   83.35  -0.073  26.875   32.168  103.6  12.16  14.000    0.10510    2.27    2.66    3.10
17-07-2024 13:55:04.47   83.44  -0.077  26.870   32.166  103.6  12.15  14.000    0.10584    2.27    2.66    3.10
17-07-2024 13:55:04.72   83.51  -0.081  26.868   32.168  103.5  12.15  14.000    0.10214    1.80    2.11    2.97
17-07-2024 13:55:04.97   83.63  -0.086  26.865   32.167  103.5  12.15  14.000    0.10658    2.13    1.83    3.33
17-07-2024 13:55:05.22   83.69  -0.093  26.860   32.170  103.4  12.14  14.000    0.09474    1.99    2.02    2.79
17-07-2024 13:55:05.46   83.80  -0.098  26.857   32.170  103.4  12.14  14.000    0.09918    2.34    2.31    2.82
17-07-2024 13:55:05.71   83.87  -0.103  26.854   32.171  103.3  12.14  14.000    0.10880    2.00    2.74    3.02
17-07-2024 13:55:05.96   83.95  -0.110  26.852   32.176  103.3  12.13  14.000    0.09696    2.16    2.40    2.67
17-07-2024 13:55:06.20   84.04  -0.115  26.851   32.180  103.2  12.13  14.000    0.09548    2.16    2.40    2.67
17-07-2024 13:55:06.45   84.13  -0.116  26.850   32.180  103.2  12.12  14.000    0.10732    1.98    2.31    3.19
17-07-2024 13:55:06.69   84.22  -0.118  26.849   32.181  103.1  12.11  14.000    0.09992    2.17    1.98    2.98
17-07-2024 13:55:06.94   84.31  -0.122  26.848   32.182  103.1  12.11  14.000    0.11324    2.10    2.22    3.16
17-07-2024 13:55:07.18   84.43  -0.124  26.845   32.182  103.0  12.11  14.000    0.11398    2.06    2.26    3.22
17-07-2024 13:55:07.43   84.48  -0.127  26.845   32.184  103.0  12.10  14.000    0.08660    2.15    2.27    3.32
17-07-2024 13:55:07.67   84.58  -0.130  26.842   32.184  102.9  12.10  14.000    0.09474    2.14    2.24    2.98
17-07-2024 13:55:07.92   84.67  -0.134  26.839   32.184  102.9  12.10  14.000    0.09622    2.14    2.24    2.98
17-07-2024 13:55:08.16   84.77  -0.139  26.837   32.186  102.9  12.09  14.000    0.10362    1.99    2.06    2.76
17-07-2024 13:55:08.41   84.83  -0.144  26.835   32.188  102.8  12.09  14.000    0.09696    2.09    2.50    2.72
17-07-2024 13:55:08.65   84.95  -0.147  26.833   32.190  102.8  12.09  14.000    0.10140    1.90    2.35    3.32
17-07-2024 13:55:08.90   85.04  -0.151  26.832   32.193  102.7  12.08  14.000    0.08734    2.18    2.40    2.99
17-07-2024 13:55:09.15   85.13  -0.153  26.830   32.192  102.7  12.07  14.000    0.09252    2.20    1.98    2.97
17-07-2024 13:55:09.40   85.19  -0.156  26.829   32.193  102.6  12.07  14.000    0.09622    2.13    2.18    3.07
17-07-2024 13:55:09.64   85.32  -0.158  26.828   32.195  102.6  12.06  14.000    0.08882    2.13    2.18    3.07
17-07-2024 13:55:09.89   85.41  -0.161  26.827   32.197  102.5  12.06  14.000    0.08882    2.03    2.44    3.09
17-07-2024 13:55:10.14   85.49  -0.164  26.824   32.195  102.5  12.06  14.000    0.08956    2.24    2.14    3.31
17-07-2024 13:55:10.38   85.60  -0.166  26.823   32.196  102.4  12.05  14.000    0.08660    2.08    2.09    3.03
17-07-2024 13:55:10.63   85.66  -0.169  26.821   32.196  102.4  12.04  14.000    0.09400    2.24    2.21    3.01
17-07-2024 13:55:10.87   85.80  -0.173  26.820   32.199  102.4  12.04  14.000    0.08512    2.14    2.67    2.84
17-07-2024 13:55:11.12   85.89  -0.176  26.818   32.200  102.3  12.04  14.000    0.08438    2.12    2.09    3.19
17-07-2024 13:55:11.36   85.95  -0.179  26.816   32.200  102.2  12.03  14.000    0.09326    2.12    2.09    3.19
17-07-2024 13:55:11.61   86.06  -0.183  26.814   32.201  102.2  12.03  14.000    0.09548    2.57    2.39    3.01
17-07-2024 13:55:11.85   86.13  -0.187  26.812   32.203  102.2  12.02  14.000    0.09918    2.26    2.53    3.48
17-07-2024 13:55:12.10   86.22  -0.189  26.810   32.203  102.1  12.01  14.000    0.09104    2.08    2.36    3.19
17-07-2024 13:55:12.34   86.33  -0.194  26.807   32.204  102.0  12.01  14.000    0.08956    2.03    2.08    2.91
17-07-2024 13:55:12.59   86.41  -0.199  26.803   32.205  102.0  12.01  14.000    0.10214    1.69    2.07    3.05
17-07-2024 13:55:12.84   86.52  -0.204  26.801   32.207  102.0  12.01  14.000    0.08142    2.20    2.05    3.19
17-07-2024 13:55:13.09   86.59  -0.209  26.799   32.209  101.9  12.00  14.000    0.08216    2.20    2.05    3.19
17-07-2024 13:55:13.33   86.71  -0.212  26.797   32.209  101.9  12.00  14.000    0.07253    2.16    2.62    2.89
17-07-2024 13:55:13.58   86.80  -0.215  26.796   32.211  101.8  11.99  14.000    0.09400    2.05    2.23    3.05
17-07-2024 13:55:13.82   86.87  -0.220  26.794   32.214  101.8  11.99  14.000    0.08438    1.97    2.22    3.26
17-07-2024 13:55:14.08   86.95  -0.223  26.794   32.216  101.8  11.99  14.000    0.09252    1.95    2.24    3.85
17-07-2024 13:55:14.32   87.04  -0.228  26.792   32.220  101.7  11.98  14.000    0.09400    1.93    2.36    3.16
17-07-2024 13:55:14.56   87.13  -0.232  26.790   32.221  101.7  11.98  14.000    0.08808    2.24    2.44    3.10
17-07-2024 13:55:14.80   87.24  -0.235  26.788   32.222  101.6  11.97  14.000    0.09030    2.24    2.44    3.10
17-07-2024 13:55:15.05   87.33  -0.238  26.786   32.221  101.6  11.97  14.000    0.09326    2.06    2.44    2.90
17-07-2024 13:55:15.30   87.43  -0.241  26.783   32.221  101.5  11.96  14.000    0.09622    1.99    1.96    3.18
17-07-2024 13:55:15.54   87.52  -0.246  26.782   32.225  101.5  11.96  14.000    0.08586    2.18    2.30    2.92
17-07-2024 13:55:15.79   87.60  -0.249  26.779   32.224  101.4  11.95  14.000    0.09696    2.16    2.37    3.22
17-07-2024 13:55:16.03   87.70  -0.255  26.776   32.226  101.4  11.95  14.000    0.07179    1.78    1.94    2.74
17-07-2024 13:55:16.28   87.76  -0.256  26.778   32.231  101.3  11.94  14.000    0.09474    2.16    2.61    3.22
17-07-2024 13:55:16.53   87.89  -0.260  26.771   32.225  101.2  11.93  14.000    0.07994    2.16    2.61    3.22
17-07-2024 13:55:16.78   87.98  -0.265  26.767   32.224  101.2  11.93  14.000    0.07476    1.84    2.00    3.15
17-07-2024 13:55:17.02   88.05  -0.271  26.764   32.227  101.1  11.92  14.000    0.07846    2.07    2.60    3.02
17-07-2024 13:55:17.27   88.15  -0.279  26.761   32.232  101.1  11.92  14.000    0.07994    2.26    2.08    3.07
17-07-2024 13:55:17.51   88.25  -0.284  26.759   32.235  101.0  11.92  14.000    0.10362    2.11    2.17    3.04
17-07-2024 13:55:17.76   88.36  -0.288  26.757   32.236  101.0  11.91  14.000    0.09252    2.28    2.14    3.21
17-07-2024 13:55:18.00   88.46  -0.292  26.755   32.238  100.9  11.91  14.000    0.08808    2.03    2.60    3.09
17-07-2024 13:55:18.25   88.51  -0.295  26.753   32.239  100.9  11.90  14.000    0.08438    2.03    2.60    3.09
17-07-2024 13:55:18.49   88.64  -0.299  26.752   32.241  100.8  11.90  14.000    0.08586    2.06    2.04    3.21
17-07-2024 13:55:18.74   88.73  -0.301  26.751   32.242  100.8  11.89  14.000    0.08512    1.90    2.13    2.82
17-07-2024 13:55:18.98   88.81  -0.306  26.747   32.242  100.7  11.88  14.000    0.08808    2.18    3.00    3.26
17-07-2024 13:55:19.23   88.90  -0.308  26.746   32.242  100.6  11.88  14.000    0.07031    1.84    2.02    3.13
17-07-2024 13:55:19.47   89.00  -0.313  26.740   32.241  100.6  11.88  14.000    0.08142    2.14    1.73    3.12
17-07-2024 13:55:19.72   89.07  -0.322  26.738   32.246  100.5  11.87  14.000    0.09326    1.67    2.22    3.08
17-07-2024 13:55:19.97   89.19  -0.326  26.737   32.249  100.5  11.86  14.000    0.07550    1.67    2.22    3.08
17-07-2024 13:55:20.21   89.28  -0.329  26.736   32.250  100.4  11.86  14.000    0.07550    2.13    2.26    3.43
17-07-2024 13:55:20.46   89.32  -0.332  26.733   32.250  100.3  11.85  14.000    0.07698    2.00    2.10    3.19
17-07-2024 13:55:20.71   89.48  -0.335  26.730   32.249  100.3  11.85  14.000    0.07624    2.00    2.38    2.82
17-07-2024 13:55:20.95   89.52  -0.339  26.727   32.250  100.2  11.84  14.000    0.07476    1.66    1.88    2.98
17-07-2024 13:55:21.20   89.64  -0.346  26.721   32.250  100.2  11.84  14.000    0.07031    1.71    2.20    3.38
17-07-2024 13:55:21.44   89.70  -0.352  26.718   32.251  100.1  11.83  14.000    0.08068    2.11    1.87    3.16
17-07-2024 13:55:21.69   89.83  -0.359  26.714   32.254  100.1  11.83  14.000    0.07772    2.11    1.87    3.16
17-07-2024 13:55:21.93   89.89  -0.364  26.713   32.258  100.0  11.82  14.000    0.08660    2.27    2.09    3.08
17-07-2024 13:55:22.18   89.95  -0.368  26.711   32.258  100.0  11.82  14.000    0.09400    1.74    2.36    3.05
17-07-2024 13:55:22.42   90.09  -0.369  26.710   32.258   99.9  11.81  14.000    0.08660    2.05    2.17    2.46
17-07-2024 13:55:22.67   90.18  -0.371  26.707   32.257   99.8  11.80  14.000    0.08660    1.90    2.30    3.12
17-07-2024 13:55:22.91   90.25  -0.375  26.705   32.258   99.8  11.80  14.000    0.06957    2.26    2.14    2.85
17-07-2024 13:55:23.16   90.37  -0.379  26.704   32.261   99.7  11.79  14.000    0.07624    2.07    2.08    3.22
17-07-2024 13:55:23.40   90.45  -0.381  26.702   32.261   99.6  11.78  14.000    0.08956    2.07    2.08    3.22
17-07-2024 13:55:23.66   90.52  -0.385  26.703   32.265   99.6  11.78  14.000    0.07846    1.96    2.44    3.03
17-07-2024 13:55:23.90   90.66  -0.385  26.702   32.265   99.5  11.77  14.000    0.07772    1.82    2.36    3.10
17-07-2024 13:55:24.15   90.71  -0.388  26.700   32.265   99.5  11.77  14.000    0.07179    1.84    2.41    2.85
17-07-2024 13:55:24.40   90.85  -0.389  26.698   32.264   99.4  11.76  14.000    0.06883    2.15    2.01    3.03
17-07-2024 13:55:24.64   90.90  -0.392  26.696   32.263   99.4  11.75  14.000    0.06809    2.16    2.25    3.10
17-07-2024 13:55:24.89   91.02  -0.393  26.696   32.265   99.3  11.75  14.000    0.08438    2.30    2.23    3.28
17-07-2024 13:55:25.14   91.15  -0.396  26.694   32.265   99.3  11.74  14.000    0.08660    2.30    2.23    3.28
17-07-2024 13:55:25.38   91.22  -0.398  26.693   32.265   99.2  11.74  14.000    0.07846    2.11    2.15    3.15
17-07-2024 13:55:25.62   91.31  -0.400  26.691   32.266   99.1  11.73  14.000    0.07698    2.20    2.44    2.85
17-07-2024 13:55:25.87   91.42  -0.402  26.690   32.266   99.1  11.72  14.000    0.07031    1.83    2.12    3.05
17-07-2024 13:55:26.11   91.53  -0.404  26.690   32.268   99.0  11.72  14.000    0.08142    2.05    2.59    3.08
17-07-2024 13:55:26.36   91.58  -0.406  26.688   32.267   99.0  11.71  14.000    0.08364    1.95    2.27    3.10
17-07-2024 13:55:26.60   91.70  -0.407  26.687   32.268   98.9  11.71  14.000    0.09104    2.00    2.36    3.31
17-07-2024 13:55:26.85   91.75  -0.409  26.686   32.268   98.9  11.70  14.000    0.07550    2.00    2.36    3.31
17-07-2024 13:55:27.09   91.87  -0.412  26.686   32.271   98.8  11.69  14.000    0.07105    1.97    2.19    3.36
17-07-2024 13:55:27.34   91.97  -0.413  26.686   32.271   98.8  11.69  14.000    0.08364    2.04    2.09    2.96
17-07-2024 13:55:27.59   92.11  -0.413  26.685   32.271   98.7  11.69  14.000    0.07920    2.24    2.09    2.85
17-07-2024 13:55:27.83   92.16  -0.415  26.684   32.271   98.7  11.68  14.000    0.08068    2.08    2.55    3.33
17-07-2024 13:55:28.08   92.27  -0.417  26.682   32.270   98.7  11.68  14.000    0.07550    2.11    2.08    2.89
17-07-2024 13:55:28.33   92.34  -0.419  26.681   32.272   98.6  11.67  14.000    0.07105    2.32    2.29    2.76
17-07-2024 13:55:28.57   92.43  -0.420  26.682   32.274   98.6  11.67  14.000    0.07624    2.32    2.29    2.76
17-07-2024 13:55:28.82   92.50  -0.423  26.678   32.272   98.5  11.66  14.000    0.06735    1.98    2.25    3.19
17-07-2024 13:55:29.06   92.61  -0.428  26.673   32.270   98.5  11.66  14.000    0.06809    2.19    1.61    3.11
17-07-2024 13:55:29.31   92.71  -0.432  26.673   32.274   98.4  11.66  14.000    0.08660    2.08    2.48    3.21
17-07-2024 13:55:29.55   92.83  -0.437  26.668   32.273   98.4  11.66  14.000    0.07994    2.16    2.91    3.22
17-07-2024 13:55:29.80   92.91  -0.441  26.666   32.274   98.4  11.65  14.000    0.08660    1.84    2.07    3.08
17-07-2024 13:55:30.04   93.03  -0.446  26.662   32.274   98.4  11.65  14.000    0.05625    1.84    2.07    3.08
17-07-2024 13:55:30.29   93.09  -0.451  26.659   32.275   98.3  11.65  14.000    0.06439    2.34    2.13    3.02
17-07-2024 13:55:30.53   93.17  -0.457  26.656   32.277   98.3  11.64  14.000    0.08512    2.53    2.21    3.30
17-07-2024 13:55:30.78   93.28  -0.463  26.653   32.280   98.2  11.64  14.000    0.07476    2.16    2.24    3.42
17-07-2024 13:55:31.03   93.41  -0.466  26.649   32.278   98.2  11.63  14.000    0.07105    2.12    2.31    3.30
17-07-2024 13:55:31.27   93.44  -0.472  26.645   32.280   98.1  11.63  14.000    0.07253    2.26    2.46    2.93
17-07-2024 13:55:31.52   93.57  -0.478  26.642   32.282   98.1  11.63  14.000    0.08438    2.07    2.27    3.03
17-07-2024 13:55:31.77   93.67  -0.485  26.641   32.288   98.1  11.63  14.000    0.07698    1.95    2.06    2.89
17-07-2024 13:55:32.01   93.72  -0.489  26.639   32.289   98.0  11.62  14.000    0.06883    1.95    2.06    2.89
17-07-2024 13:55:32.26   93.87  -0.492  26.637   32.290   98.0  11.62  14.000    0.07328    2.00    1.99    3.08
17-07-2024 13:55:32.50   93.97  -0.497  26.637   32.295   98.0  11.62  14.000    0.06587    2.28    2.56    3.11
17-07-2024 13:55:32.75   94.03  -0.499  26.635   32.295   97.9  11.62  14.000    0.07476    1.70    2.08    2.72
17-07-2024 13:55:32.99   94.17  -0.501  26.634   32.296   97.9  11.61  14.000    0.08290    2.13    2.12    3.06
17-07-2024 13:55:33.24   94.27  -0.503  26.633   32.296   97.9  11.61  14.000    0.05773    2.24    2.49    3.35
17-07-2024 13:55:33.48   94.36  -0.506  26.632   32.298   97.8  11.60  14.000    0.08142    2.24    2.49    3.35
17-07-2024 13:55:33.73   94.43  -0.507  26.631   32.297   97.8  11.60  14.000    0.08142    2.09    2.32    3.04
17-07-2024 13:55:33.97   94.55  -0.510  26.630   32.299   97.8  11.60  14.000    0.06661    1.89    2.35    3.26
17-07-2024 13:55:34.22   94.64  -0.511  26.630   32.300   97.7  11.59  14.000    0.07476    2.31    2.31    3.30
17-07-2024 13:55:34.47   94.68  -0.512  26.628   32.298   97.7  11.59  14.000    0.06735    2.04    2.79    2.76
17-07-2024 13:55:34.72   94.81  -0.514  26.628   32.301   97.7  11.59  14.000    0.07253    2.23    2.33    3.43
17-07-2024 13:55:34.96   94.86  -0.516  26.627   32.302   97.7  11.59  14.000    0.06661    2.07    2.35    2.94
17-07-2024 13:55:35.21   95.01  -0.518  26.626   32.302   97.6  11.59  14.000    0.08290    1.99    2.11    2.54
17-07-2024 13:55:35.46   95.12  -0.520  26.625   32.303   97.6  11.58  14.000    0.05551    1.99    2.11    2.54
17-07-2024 13:55:35.70   95.16  -0.521  26.625   32.304   97.5  11.57  14.000    0.06291    2.09    1.89    3.02
17-07-2024 13:55:35.95   95.27  -0.523  26.624   32.304   97.5  11.57  14.000    0.06735    1.82    2.57    3.17
17-07-2024 13:55:36.20   95.30  -0.525  26.623   32.304   97.5  11.57  14.000    0.06661    2.10    1.88    2.90
17-07-2024 13:55:36.44   95.42  -0.526  26.622   32.306   97.5  11.57  14.000    0.07031    1.90    2.27    3.16
17-07-2024 13:55:36.68   95.54  -0.528  26.622   32.307   97.5  11.57  14.000    0.07253    2.17    2.41    3.16
17-07-2024 13:55:36.93   95.62  -0.529  26.621   32.307   97.4  11.57  14.000    0.06735    2.17    2.41    3.16
17-07-2024 13:55:37.17   95.68  -0.531  26.620   32.308   97.4  11.56  14.000    0.07550    2.21    2.25    3.40
17-07-2024 13:55:37.42   95.82  -0.534  26.619   32.310   97.4  11.56  14.000    0.07994    2.12    2.29    3.22
17-07-2024 13:55:37.66   95.92  -0.536  26.618   32.310   97.4  11.56  14.000    0.06587    2.24    2.33    3.41
17-07-2024 13:55:37.91   96.01  -0.538  26.618   32.312   97.3  11.55  14.000    0.07698    2.25    2.03    3.20
17-07-2024 13:55:38.15   96.08  -0.538  26.618   32.312   97.3  11.55  14.000    0.07402    2.13    1.91    2.91
17-07-2024 13:55:38.41   96.12  -0.541  26.617   32.314   97.3  11.55  14.000    0.07031    1.86    2.11    2.92
17-07-2024 13:55:38.65   96.28  -0.543  26.615   32.313   97.3  11.55  14.000    0.07105    1.86    2.11    2.92
17-07-2024 13:55:38.90   96.37  -0.545  26.615   32.315   97.2  11.54  14.000    0.07698    1.98    2.23    2.85
17-07-2024 13:55:39.14   96.41  -0.547  26.614   32.316   97.2  11.54  14.000    0.05181    2.16    2.03    3.41
17-07-2024 13:55:39.39   96.52  -0.548  26.614   32.317   97.2  11.54  14.000    0.06883    2.14    2.09    3.15
17-07-2024 13:55:39.64   96.65  -0.550  26.614   32.319   97.1  11.53  14.000    0.06365    2.20    2.31    3.06
17-07-2024 13:55:39.88   96.74  -0.550  26.614   32.320   97.1  11.53  14.000    0.08216    1.89    2.30    3.08
17-07-2024 13:55:40.13   96.79  -0.552  26.614   32.321   97.1  11.53  14.000    0.07920    2.03    2.03    2.92
17-07-2024 13:55:40.37   96.91  -0.553  26.611   32.319   97.0  11.52  14.000    0.07179    2.03    2.03    2.92
17-07-2024 13:55:40.62   97.00  -0.557  26.611   32.322   97.0  11.52  14.000    0.04293    2.14    1.79    3.04
17-07-2024 13:55:40.86   97.12  -0.559  26.611   32.324   97.0  11.52  14.000    0.08364    2.30    2.33    2.82
17-07-2024 13:55:41.11   97.17  -0.562  26.610   32.326   97.0  11.52  14.000    0.06143    2.08    2.67    3.17
17-07-2024 13:55:41.35   97.26  -0.563  26.610   32.327   96.9  11.51  14.000    0.06513    2.01    2.14    3.40
17-07-2024 13:55:41.60   97.40  -0.566  26.610   32.330   96.9  11.51  14.000    0.06735    2.08    2.18    3.19
17-07-2024 13:55:41.84   97.42  -0.566  26.609   32.329   96.9  11.51  14.000    0.06957    2.26    2.12    3.00
17-07-2024 13:55:42.09   97.58  -0.568  26.610   32.332   96.8  11.50  14.000    0.06661    2.26    2.12    3.00
17-07-2024 13:55:42.34   97.67  -0.568  26.610   32.332   96.8  11.50  14.000    0.06439    2.23    2.09    3.18
17-07-2024 13:55:42.59   97.70  -0.569  26.609   32.332   96.8  11.50  14.000    0.06735    2.15    1.75    3.21
17-07-2024 13:55:42.83   97.79  -0.569  26.609   32.333   96.8  11.50  14.000    0.06069    1.93    2.12    2.78
17-07-2024 13:55:43.08   97.92  -0.570  26.609   32.334   96.7  11.49  14.000    0.06513    2.22    2.14    3.16
17-07-2024 13:55:43.33   98.03  -0.570  26.609   32.333   96.7  11.49  14.000    0.06809    2.06    1.90    3.09
17-07-2024 13:55:43.57   98.08  -0.571  26.609   32.334   96.7  11.49  14.000    0.08142    2.06    2.24    3.10
17-07-2024 13:55:43.81   98.22  -0.571  26.609   32.335   96.7  11.49  14.000    0.07402    2.06    2.24    3.10
17-07-2024 13:55:44.06   98.29  -0.571  26.610   32.336   96.7  11.49  14.000    0.07624    1.97    2.37    3.45
17-07-2024 13:55:44.31   98.41  -0.571  26.610   32.335   96.7  11.48  14.000    0.07624    2.07    2.47    3.07
17-07-2024 13:55:44.55   98.49  -0.571  26.611   32.336   96.6  11.48  14.000    0.05773    2.44    2.09    3.34
17-07-2024 13:55:44.80   98.54  -0.572  26.611   32.337   96.6  11.47  14.000    0.06439    2.08    2.47    2.70
17-07-2024 13:55:45.04   98.73  -0.572  26.611   32.337   96.6  11.47  14.000    0.06513    2.26    2.16    2.77
17-07-2024 13:55:45.29   98.73  -0.572  26.611   32.338   96.6  11.47  14.000    0.07179    2.24    2.53    3.33
17-07-2024 13:55:45.53   98.85  -0.573  26.611   32.338   96.5  11.47  14.000    0.05699    2.24    2.53    3.33
17-07-2024 13:55:45.78   99.01  -0.574  26.611   32.339   96.5  11.47  14.000    0.06291    1.91    2.45    2.86
17-07-2024 13:55:46.03   99.06  -0.575  26.611   32.340   96.5  11.47  14.000    0.06217    2.17    1.96    2.88
17-07-2024 13:55:46.28   99.15  -0.576  26.612   32.343   96.5  11.46  14.000    0.06809    2.05    2.06    3.00
17-07-2024 13:55:46.52   99.24  -0.576  26.613   32.344   96.5  11.46  14.000    0.06809    2.15    2.36    2.99
17-07-2024 13:55:46.77   99.33  -0.577  26.613   32.345   96.5  11.46  14.000    0.05921    2.05    2.56    3.38
17-07-2024 13:55:47.02   99.42  -0.577  26.612   32.345   96.4  11.46  14.000    0.06069    1.79    1.92    3.05
17-07-2024 13:55:47.26   99.55  -0.578  26.613   32.346   96.4  11.46  14.000    0.06291    1.79    1.92    3.05
17-07-2024 13:55:47.50   99.67  -0.578  26.613   32.346   96.4  11.46  14.000    0.04589    1.79    2.11    2.97
17-07-2024 13:55:47.75   99.76  -0.579  26.613   32.347   96.4  11.46  14.000    0.06365    2.11    2.78    3.14
17-07-2024 13:55:47.99   99.80  -0.579  26.614   32.348   96.4  11.46  14.000    0.07328    1.97    2.22    3.29
17-07-2024 13:55:48.24   99.95  -0.579  26.614   32.348   96.4  11.45  14.000    0.05773    2.23    1.84    3.22
17-07-2024 13:55:48.48   99.98  -0.579  26.614   32.348   96.4  11.46  14.000    0.05625    2.15    2.07    3.02
17-07-2024 13:55:48.73  100.07  -0.580  26.614   32.349   96.4  11.46  14.000    0.06439    2.30    2.21    2.97
17-07-2024 13:55:48.97  100.18  -0.580  26.615   32.350   96.4  11.46  14.000    0.06513    2.30    2.21    2.97
17-07-2024 13:55:49.22  100.24  -0.580  26.615   32.350   96.4  11.45  14.000    0.05995    1.81    2.40    2.85
17-07-2024 13:55:49.47  100.41  -0.581  26.615   32.350   96.4  11.45  14.000    0.06957    2.19    2.22    2.95
17-07-2024 13:55:49.72  100.46  -0.581  26.615   32.352   96.4  11.45  14.000    0.07624    2.06    2.48    2.91
17-07-2024 13:55:49.97  100.58  -0.581  26.615   32.352   96.4  11.45  14.000    0.06809    1.93    2.21    3.32
17-07-2024 13:55:50.21  100.68  -0.581  26.616   32.352   96.4  11.46  14.000    0.05551    2.24    1.92    3.20
17-07-2024 13:55:50.45  100.76  -0.582  26.616   32.353   96.4  11.46  14.000    0.07253    2.15    2.22    3.24
17-07-2024 13:55:50.70  100.84  -0.581  26.616   32.353   96.4  11.45  14.000    0.06513    2.15    2.22    3.24
17-07-2024 13:55:50.95  100.92  -0.582  26.618   32.356   96.4  11.45  14.000    0.06883    2.14    2.26    3.09
17-07-2024 13:55:51.19  101.02  -0.582  26.618   32.356   96.4  11.45  14.000    0.07179    2.29    1.94    3.05
17-07-2024 13:55:51.44  101.10  -0.581  26.618   32.356   96.4  11.45  14.000    0.06291    1.95    2.39    3.08
17-07-2024 13:55:51.68  101.23  -0.581  26.619   32.356   96.3  11.45  14.000    0.06883    2.32    2.18    3.11
17-07-2024 13:55:51.93  101.32  -0.581  26.619   32.356   96.4  11.45  14.000    0.05403    2.11    1.87    3.05
17-07-2024 13:55:52.17  101.43  -0.581  26.620   32.357   96.3  11.44  14.000    0.06439    1.94    2.08    3.02
17-07-2024 13:55:52.41  101.52  -0.581  26.621   32.359   96.3  11.44  14.000    0.06439    1.94    2.08    3.02
17-07-2024 13:55:52.66  101.58  -0.581  26.622   32.359   96.3  11.44  14.000    0.05551    2.09    1.80    3.04
17-07-2024 13:55:52.91  101.69  -0.580  26.621   32.358   96.3  11.44  14.000    0.06069    2.23    2.45    3.17
17-07-2024 13:55:53.16  101.81  -0.580  26.622   32.359   96.3  11.44  14.000    0.06513    2.18    2.37    2.78
17-07-2024 13:55:53.40  101.88  -0.580  26.623   32.360   96.2  11.43  14.000    0.06291    2.11    2.25    3.08
17-07-2024 13:55:53.65  101.97  -0.580  26.624   32.361   96.2  11.43  14.000    0.06069    2.31    2.17    2.95
17-07-2024 13:55:53.90  102.05  -0.579  26.627   32.363   96.2  11.43  14.000    0.05329    2.05    2.25    2.99
17-07-2024 13:55:54.14  102.12  -0.578  26.628   32.364   96.2  11.43  14.000    0.06513    2.05    2.25    2.99
17-07-2024 13:55:54.39  102.27  -0.578  26.629   32.366   96.2  11.42  14.000    0.04589    2.43    2.21    3.17
17-07-2024 13:55:54.63  102.34  -0.578  26.629   32.367   96.2  11.42  14.000    0.04959    2.30    2.03    3.23
17-07-2024 13:55:54.88  102.41  -0.578  26.631   32.368   96.2  11.42  14.000    0.04663    2.07    2.17    3.14
17-07-2024 13:55:55.12  102.53  -0.578  26.631   32.368   96.2  11.42  14.000    0.07402    1.98    2.29    3.09
17-07-2024 13:55:55.37  102.60  -0.578  26.632   32.370   96.1  11.42  14.000    0.06587    2.09    2.49    3.30
17-07-2024 13:55:55.61  102.67  -0.579  26.632   32.371   96.1  11.42  14.000    0.06217    1.79    2.30    2.69
17-07-2024 13:55:55.86  102.75  -0.579  26.634   32.372   96.1  11.42  14.000    0.05847    1.79    2.30    2.69
17-07-2024 13:55:56.10  102.91  -0.579  26.633   32.372   96.1  11.42  14.000    0.05255    2.05    2.28    2.81
17-07-2024 13:55:56.35  102.95  -0.579  26.635   32.375   96.1  11.41  14.000    0.05477    2.30    2.15    2.73
17-07-2024 13:55:56.59  103.06  -0.578  26.637   32.377   96.1  11.41  14.000    0.07253    2.28    2.40    3.27
17-07-2024 13:55:56.84  103.16  -0.578  26.639   32.379   96.1  11.41  14.000    0.06513    2.43    2.37    3.15
17-07-2024 13:55:57.09  103.27  -0.577  26.640   32.380   96.1  11.41  14.000    0.04589    1.82    2.08    3.26
17-07-2024 13:55:57.34  103.34  -0.577  26.641   32.380   96.0  11.41  14.000    0.06587    2.06    2.66    3.19
17-07-2024 13:55:57.58  103.46  -0.577  26.642   32.381   96.0  11.40  14.000    0.06661    2.06    2.66    3.19
17-07-2024 13:55:57.83  103.56  -0.576  26.642   32.381   96.0  11.40  14.000    0.07031    2.03    2.47    2.98
17-07-2024 13:55:58.08  103.66  -0.576  26.643   32.382   96.0  11.40  14.000    0.07476    2.20    2.52    3.18
17-07-2024 13:55:58.32  103.68  -0.575  26.646   32.385   96.0  11.40  14.000    0.06365    2.38    2.48    2.85
17-07-2024 13:55:58.56  103.79  -0.574  26.646   32.384   96.0  11.40  14.000    0.06291    2.25    2.21    2.95
17-07-2024 13:55:58.81  103.87  -0.573  26.648   32.386   95.9  11.39  14.000    0.06217    1.94    2.19    3.17
17-07-2024 13:55:59.05  103.99  -0.573  26.649   32.387   95.9  11.39  14.000    0.06217    2.06    2.69    2.91
17-07-2024 13:55:59.30  104.07  -0.572  26.651   32.387   95.9  11.39  14.000    0.05033    2.06    2.69    2.91
17-07-2024 13:55:59.54  104.19  -0.571  26.652   32.388   95.9  11.39  14.000    0.06809    1.87    2.23    3.08
17-07-2024 13:55:59.79  104.25  -0.570  26.653   32.389   95.9  11.38  14.000    0.06143    2.06    2.77    3.07
17-07-2024 13:56:00.03  104.36  -0.570  26.655   32.391   95.9  11.39  14.000    0.07031    1.99    2.23    3.22
17-07-2024 13:56:00.28  104.43  -0.569  26.655   32.389   95.9  11.39  14.000    0.05181    2.17    2.39    2.88
17-07-2024 13:56:00.53  104.56  -0.569  26.656   32.391   95.9  11.38  14.000    0.06957    1.96    2.52    3.17
17-07-2024 13:56:00.78  104.67  -0.567  26.659   32.393   95.8  11.38  14.000    0.06809    1.90    2.21    3.18
17-07-2024 13:56:01.03  104.75  -0.567  26.660   32.394   95.8  11.38  14.000    0.06291    1.90    2.21    3.18
17-07-2024 13:56:01.27  104.82  -0.566  26.661   32.394   95.8  11.38  14.000    0.05329    2.22    2.52    3.02
17-07-2024 13:56:01.52  104.89  -0.565  26.661   32.394   95.8  11.38  14.000    0.06661    2.09    2.64    3.01
17-07-2024 13:56:01.76  105.00  -0.565  26.662   32.395   95.8  11.38  14.000    0.05921    2.05    2.19    3.31
17-07-2024 13:56:02.01  105.10  -0.565  26.663   32.396   95.8  11.38  14.000    0.06217    2.48    2.25    3.26
17-07-2024 13:56:02.25  105.22  -0.564  26.664   32.396   95.8  11.37  14.000    0.07031    2.09    2.58    3.20
17-07-2024 13:56:02.50  105.31  -0.563  26.666   32.397   95.8  11.37  14.000    0.05477    2.02    2.03    2.85
17-07-2024 13:56:02.74  105.39  -0.563  26.667   32.399   95.8  11.37  14.000    0.06809    2.02    2.03    2.85
17-07-2024 13:56:02.99  105.49  -0.562  26.669   32.400   95.8  11.37  14.000    0.04515    2.26    2.38    3.09
17-07-2024 13:56:03.23  105.59  -0.561  26.669   32.400   95.8  11.37  14.000    0.04885    2.11    2.73    2.91
17-07-2024 13:56:03.48  105.64  -0.560  26.671   32.401   95.8  11.37  14.000    0.05847    1.86    2.42    2.80
17-07-2024 13:56:03.72  105.70  -0.559  26.672   32.401   95.8  11.37  14.000    0.07402    1.94    2.03    2.76
17-07-2024 13:56:03.97  105.83  -0.559  26.673   32.402   95.8  11.37  14.000    0.05847    2.14    2.35    3.06
17-07-2024 13:56:04.22  105.96  -0.558  26.674   32.402   95.8  11.37  14.000    0.05255    2.27    2.27    2.76
17-07-2024 13:56:04.46  105.99  -0.558  26.675   32.403   95.8  11.37  14.000    0.06143    2.27    2.27    2.76
17-07-2024 13:56:04.71  106.11  -0.557  26.674   32.402   95.8  11.37  14.000    0.05551    2.21    1.97    3.30
17-07-2024 13:56:04.96  106.21  -0.557  26.676   32.403   95.8  11.37  14.000    0.06513    1.62    2.41    3.07
17-07-2024 13:56:05.21  106.29  -0.556  26.677   32.404   95.8  11.37  14.000    0.05699    2.17    2.46    3.17
17-07-2024 13:56:05.45  106.41  -0.555  26.681   32.408   95.8  11.37  14.000    0.04737    1.97    2.16    3.16
17-07-2024 13:56:05.70  106.49  -0.553  26.684   32.410   95.8  11.37  14.000    0.04811    2.39    2.24    3.25
17-07-2024 13:56:05.94  106.59  -0.552  26.685   32.410   95.8  11.36  14.000    0.06587    2.17    2.48    3.18
17-07-2024 13:56:06.18  106.67  -0.550  26.687   32.410   95.8  11.36  14.000    0.05403    2.17    2.48    3.18
17-07-2024 13:56:06.43  106.76  -0.549  26.688   32.412   95.8  11.36  14.000    0.06217    2.20    2.22    2.84
17-07-2024 13:56:06.68  106.85  -0.547  26.693   32.416   95.7  11.36  14.000    0.05329    1.95    2.19    3.23
17-07-2024 13:56:06.92  106.92  -0.544  26.697   32.418   95.7  11.36  14.000    0.06587    2.14    2.22    3.19
17-07-2024 13:56:07.17  107.05  -0.541  26.700   32.419   95.7  11.36  14.000    0.05995    2.08    2.38    3.22
17-07-2024 13:56:07.41  107.13  -0.539  26.702   32.419   95.7  11.36  14.000    0.05477    2.18    1.78    2.83
17-07-2024 13:56:07.66  107.20  -0.538  26.704   32.421   95.7  11.35  14.000    0.06735    2.16    2.24    3.03
17-07-2024 13:56:07.91  107.30  -0.537  26.708   32.425   95.7  11.35  14.000    0.05995    2.16    2.24    3.03
17-07-2024 13:56:08.15  107.40  -0.534  26.712   32.427   95.7  11.35  14.000    0.07402    2.00    2.36    3.07
17-07-2024 13:56:08.40  107.51  -0.531  26.717   32.431   95.7  11.35  14.000    0.04367    2.31    2.77    3.19
17-07-2024 13:56:08.65  107.59  -0.529  26.722   32.434   95.7  11.35  14.000    0.05551    2.03    2.51    3.33
17-07-2024 13:56:08.89  107.66  -0.526  26.726   32.436   95.7  11.34  14.000    0.07031    1.99    1.98    3.01
17-07-2024 13:56:09.14  107.76  -0.523  26.728   32.436   95.7  11.34  14.000    0.05625    2.11    2.22    3.02
17-07-2024 13:56:09.38  107.86  -0.519  26.735   32.441   95.7  11.34  14.000    0.06143    2.11    2.12    3.58
17-07-2024 13:56:09.63  107.97  -0.514  26.742   32.445   95.6  11.34  14.000    0.04959    2.11    2.12    3.58
17-07-2024 13:56:09.87  108.04  -0.509  26.750   32.450   95.6  11.33  14.000    0.04737    1.97    2.29    3.15
17-07-2024 13:56:10.12  108.13  -0.504  26.752   32.447   95.6  11.33  14.000    0.06291    1.78    2.35    3.29
17-07-2024 13:56:10.36  108.23  -0.500  26.752   32.443   95.6  11.33  14.000    0.05107    2.08    2.11    3.15
17-07-2024 13:56:10.61  108.31  -0.499  26.752   32.442   95.6  11.33  14.000    0.05625    2.39    2.39    3.11
17-07-2024 13:56:10.85  108.40  -0.497  26.754   32.442   95.6  11.33  14.000    0.06069    2.00    2.45    3.04
17-07-2024 13:56:11.10  108.48  -0.496  26.753   32.440   95.6  11.33  14.000    0.04811    2.24    2.01    2.86
17-07-2024 13:56:11.34  108.58  -0.496  26.753   32.440   95.6  11.33  14.000    0.04737    2.24    2.01    2.86
17-07-2024 13:56:11.59  108.64  -0.496  26.753   32.440   95.6  11.32  14.000    0.07031    2.04    2.26    3.36
17-07-2024 13:56:11.84  108.77  -0.496  26.753   32.440   95.6  11.32  14.000    0.04885    2.24    2.11    3.06
17-07-2024 13:56:12.09  108.84  -0.495  26.754   32.441   95.6  11.32  14.000    0.05107    1.80    2.23    3.13
17-07-2024 13:56:12.33  108.93  -0.495  26.755   32.442   95.6  11.32  14.000    0.04441    1.85    2.01    2.91
17-07-2024 13:56:12.58  109.04  -0.495  26.756   32.443   95.6  11.32  14.000    0.05625    1.81    2.30    3.08
17-07-2024 13:56:12.83  109.11  -0.494  26.756   32.442   95.5  11.32  14.000    0.07105    2.06    2.45    2.80
17-07-2024 13:56:13.07  109.21  -0.494  26.757   32.443   95.5  11.32  14.000    0.06143    2.06    2.45    2.80
17-07-2024 13:56:13.32  109.28  -0.493  26.760   32.445   95.5  11.31  14.000    0.04219    2.09    2.29    3.24
17-07-2024 13:56:13.56  109.40  -0.492  26.761   32.446   95.5  11.31  14.000    0.04663    2.13    2.26    3.03
17-07-2024 13:56:13.81  109.47  -0.490  26.768   32.453   95.5  11.31  14.000    0.04441    1.74    2.65    2.91
17-07-2024 13:56:14.05  109.58  -0.486  26.771   32.453   95.4  11.30  14.000    0.04959    2.05    2.32    3.21
17-07-2024 13:56:14.30  109.69  -0.483  26.772   32.451   95.4  11.30  14.000    0.05847    2.16    2.49    3.02
17-07-2024 13:56:14.54  109.76  -0.482  26.774   32.453   95.4  11.30  14.000    0.04293    2.16    2.49    3.02
17-07-2024 13:56:14.79  109.83  -0.480  26.776   32.453   95.4  11.30  14.000    0.05329    1.82    2.12    2.93
17-07-2024 13:56:15.03  109.92  -0.477  26.777   32.451   95.4  11.30  14.000    0.04293    2.19    2.28    2.80
17-07-2024 13:56:15.28  110.05  -0.477  26.781   32.456   95.4  11.29  14.000    0.05033    1.79    2.24    3.32
17-07-2024 13:56:15.53  110.14  -0.474  26.784   32.457   95.4  11.29  14.000    0.05773    2.08    2.04    3.41
17-07-2024 13:56:15.77  110.24  -0.471  26.789   32.461   95.4  11.29  14.000    0.04515    2.06    2.12    3.35
17-07-2024 13:56:16.02  110.35  -0.467  26.795   32.464   95.3  11.28  14.000    0.04885    1.86    2.14    3.08
17-07-2024 13:56:16.27  110.43  -0.465  26.797   32.465   95.3  11.28  14.000    0.05551    2.26    2.21    3.26
17-07-2024 13:56:16.51  110.53  -0.460  26.802   32.465   95.3  11.28  14.000    0.06217    2.26    2.21    3.26
17-07-2024 13:56:16.76  110.61  -0.457  26.803   32.464   95.3  11.28  14.000    0.04737    1.88    2.39    2.90
17-07-2024 13:56:17.00  110.68  -0.455  26.805   32.465   95.3  11.27  14.000    0.05921    1.78    1.75    3.09
17-07-2024 13:56:17.25  110.80  -0.454  26.805   32.464   95.3  11.27  14.000    0.05403    2.18    2.01    3.13
17-07-2024 13:56:17.49  110.88  -0.452  26.806   32.463   95.2  11.27  14.000    0.05477    2.30    2.30    3.14
17-07-2024 13:56:17.74  110.97  -0.451  26.808   32.464   95.2  11.27  14.000    0.05921    2.22    2.15    3.11
17-07-2024 13:56:17.98  111.06  -0.449  26.811   32.466   95.2  11.26  14.000    0.05551    2.22    2.15    3.11
17-07-2024 13:56:18.23  111.16  -0.448  26.811   32.465   95.2  11.27  14.000    0.05255    2.24    2.33    2.89
17-07-2024 13:56:18.47  111.24  -0.446  26.813   32.465   95.2  11.26  14.000    0.06587    1.93    2.57    3.03
17-07-2024 13:56:18.72  111.33  -0.445  26.813   32.464   95.2  11.26  14.000    0.04219    2.01    2.61    3.09
17-07-2024 13:56:18.97  111.44  -0.443  26.818   32.468   95.2  11.26  14.000    0.04663    2.06    2.41    3.00
17-07-2024 13:56:19.21  111.55  -0.441  26.821   32.470   95.2  11.26  14.000    0.05403    2.03    2.53    3.18
17-07-2024 13:56:19.46  111.63  -0.439  26.822   32.470   95.2  11.25  14.000    0.04441    2.12    2.13    3.10
17-07-2024 13:56:19.71  111.70  -0.438  26.823   32.470   95.1  11.25  14.000    0.05107    2.12    2.13    3.10
17-07-2024 13:56:19.95  111.81  -0.436  26.825   32.470   95.1  11.25  14.000    0.04885    2.17    2.26    3.16
17-07-2024 13:56:20.21  111.87  -0.435  26.825   32.470   95.1  11.25  14.000    0.03331    2.12    2.43    2.92
17-07-2024 13:56:20.44  111.97  -0.434  26.828   32.472   95.1  11.25  14.000    0.05329    1.86    2.08    2.97
17-07-2024 13:56:20.69  112.05  -0.433  26.830   32.473   95.1  11.24  14.000    0.05255    1.97    1.76    2.95
17-07-2024 13:56:20.93  112.15  -0.432  26.829   32.472   95.1  11.24  14.000    0.05477    2.14    2.16    2.91
17-07-2024 13:56:21.18  112.23  -0.431  26.831   32.473   95.0  11.24  14.000    0.05255    2.36    2.42    3.30
17-07-2024 13:56:21.42  112.33  -0.431  26.833   32.475   95.0  11.24  14.000    0.04367    2.36    2.42    3.30
17-07-2024 13:56:21.67  112.44  -0.429  26.834   32.474   95.0  11.23  14.000    0.04367    1.95    2.36    3.02
17-07-2024 13:56:21.91  112.49  -0.428  26.836   32.476   95.0  11.23  14.000    0.05329    2.34    2.69    3.02
17-07-2024 13:56:22.16  112.62  -0.427  26.836   32.475   95.0  11.23  14.000    0.04071    1.93    2.40    2.74
17-07-2024 13:56:22.41  112.69  -0.426  26.838   32.477   94.9  11.22  14.000    0.04293    1.91    2.76    3.39
17-07-2024 13:56:22.66  112.80  -0.424  26.841   32.479   94.9  11.22  14.000    0.04515    1.91    2.25    2.96
17-07-2024 13:56:22.90  112.90  -0.422  26.844   32.480   94.9  11.22  14.000    0.05181    2.09    2.30    3.15
17-07-2024 13:56:23.15  113.00  -0.421  26.847   32.483   94.9  11.22  14.000    0.05181    2.09    2.30    3.15
17-07-2024 13:56:23.39  113.06  -0.419  26.849   32.484   94.9  11.21  14.000    0.06513    2.42    2.15    3.34
17-07-2024 13:56:23.64  113.16  -0.417  26.850   32.482   94.9  11.21  14.000    0.06365    2.17    2.36    2.94
17-07-2024 13:56:23.88  113.25  -0.415  26.852   32.482   94.9  11.21  14.000    0.04811    2.31    1.88    3.19
17-07-2024 13:56:24.13  113.34  -0.413  26.855   32.485   94.8  11.20  14.000    0.05773    2.08    2.20    3.18
17-07-2024 13:56:24.37  113.44  -0.411  26.858   32.486   94.8  11.20  14.000    0.03627    1.95    2.36    2.86
17-07-2024 13:56:24.62  113.52  -0.408  26.861   32.487   94.8  11.20  14.000    0.04071    1.86    2.32    2.90
17-07-2024 13:56:24.86  113.60  -0.406  26.862   32.487   94.8  11.20  14.000    0.05995    1.86    2.32    2.90
17-07-2024 13:56:25.11  113.72  -0.403  26.865   32.488   94.8  11.19  14.000    0.05329    2.20    2.11    3.09
17-07-2024 13:56:25.35  113.76  -0.402  26.868   32.489   94.7  11.19  14.000    0.02813    1.80    2.39    3.24
17-07-2024 13:56:25.60  113.90  -0.399  26.869   32.488   94.7  11.19  14.000    0.04367    2.20    2.61    3.12
17-07-2024 13:56:25.85  113.99  -0.398  26.869   32.487   94.7  11.19  14.000    0.04959    2.11    2.16    3.12
17-07-2024 13:56:26.09  114.08  -0.396  26.875   32.492   94.7  11.18  14.000    0.06439    2.06    2.64    3.32
17-07-2024 13:56:26.34  114.20  -0.394  26.876   32.491   94.7  11.18  14.000    0.04515    2.02    2.19    2.70
17-07-2024 13:56:26.59  114.23  -0.392  26.882   32.498   94.7  11.18  14.000    0.04145    2.02    2.19    2.70
17-07-2024 13:56:26.84  114.36  -0.389  26.883   32.495   94.6  11.17  14.000    0.05477    2.08    2.48    2.87
17-07-2024 13:56:27.08  114.43  -0.387  26.885   32.497   94.6  11.17  14.000    0.05847    2.21    2.26    3.23
17-07-2024 13:56:27.33  114.52  -0.385  26.886   32.495   94.6  11.17  14.000    0.06291    1.95    2.33    3.21
17-07-2024 13:56:27.58  114.59  -0.385  26.884   32.493   94.5  11.16  14.000    0.04293    2.09    2.70    3.47
17-07-2024 13:56:27.82  114.70  -0.383  26.889   32.497   94.6  11.16  14.000    0.02591    2.14    2.35    3.11
17-07-2024 13:56:28.07  114.80  -0.381  26.892   32.498   94.5  11.16  14.000    0.05181    2.03    1.94    2.84
17-07-2024 13:56:28.31  114.86  -0.379  26.892   32.497   94.5  11.16  14.000    0.04959    2.03    1.94    2.84
17-07-2024 13:56:28.55  114.96  -0.377  26.895   32.498   94.5  11.15  14.000    0.04663    2.21    1.76    3.11
17-07-2024 13:56:28.80  115.04  -0.375  26.896   32.497   94.5  11.15  14.000    0.05329    2.34    2.46    3.29
17-07-2024 13:56:29.05  115.14  -0.375  26.897   32.498   94.5  11.15  14.000    0.04515    2.33    1.95    3.26
17-07-2024 13:56:29.29  115.22  -0.373  26.899   32.498   94.4  11.15  14.000    0.04367    2.10    2.08    3.09
17-07-2024 13:56:29.54  115.35  -0.371  26.902   32.501   94.4  11.14  14.000    0.05699    1.82    2.34    2.86
17-07-2024 13:56:29.78  115.42  -0.369  26.901   32.498   94.4  11.14  14.000    0.05699    2.17    2.24    3.08
17-07-2024 13:56:30.03  115.52  -0.369  26.903   32.501   94.3  11.13  14.000    0.04811    2.17    2.24    3.08
17-07-2024 13:56:30.28  115.62  -0.368  26.905   32.501   94.3  11.13  14.000    0.04737    2.09    2.41    2.94
17-07-2024 13:56:30.53  115.72  -0.368  26.905   32.502   94.3  11.13  14.000    0.04885    2.04    2.13    3.00
17-07-2024 13:56:30.77  115.77  -0.367  26.907   32.503   94.3  11.13  14.000    0.04515    2.14    2.38    3.24
17-07-2024 13:56:31.02  115.87  -0.366  26.908   32.503   94.3  11.12  14.000    0.04441    2.04    2.47    3.31
17-07-2024 13:56:31.26  115.98  -0.364  26.910   32.505   94.3  11.12  14.000    0.04885    2.14    2.45    3.20
17-07-2024 13:56:31.51  116.08  -0.363  26.910   32.503   94.2  11.12  14.000    0.05403    1.97    2.52    3.00
17-07-2024 13:56:31.75  116.16  -0.363  26.912   32.505   94.2  11.12  14.000    0.05847    1.97    2.52    3.00
17-07-2024 13:56:32.00  116.24  -0.362  26.914   32.507   94.2  11.11  14.000    0.06513    2.18    2.30    3.36
17-07-2024 13:56:32.24  116.32  -0.360  26.916   32.507   94.2  11.11  14.000    0.03775    2.10    2.24    2.96
17-07-2024 13:56:32.49  116.43  -0.358  26.917   32.508   94.1  11.11  14.000    0.06217    1.95    2.29    2.85
17-07-2024 13:56:32.73  116.50  -0.358  26.919   32.509   94.1  11.11  14.000    0.05551    2.14    2.47    2.94
17-07-2024 13:56:32.98  116.62  -0.356  26.922   32.511   94.1  11.10  14.000    0.04959    1.97    2.14    3.23
17-07-2024 13:56:33.22  116.68  -0.355  26.925   32.513   94.1  11.10  14.000    0.05773    1.94    2.20    3.20
17-07-2024 13:56:33.46  116.75  -0.352  26.927   32.513   94.1  11.10  14.000    0.05699    1.94    2.20    3.20
17-07-2024 13:56:33.72  116.87  -0.351  26.928   32.514   94.1  11.10  14.000    0.04959    1.95    1.86    3.02
17-07-2024 13:56:33.96  116.97  -0.348  26.935   32.519   94.0  11.09  14.000    0.05847    2.00    1.82    3.19
17-07-2024 13:56:34.21  117.03  -0.342  26.941   32.522   94.0  11.09  14.000    0.03997    1.88    2.53    2.93
17-07-2024 13:56:34.46  117.17  -0.338  26.948   32.526   94.0  11.08  14.000    0.05181    2.10    2.33    2.88
17-07-2024 13:56:34.70  117.21  -0.335  26.953   32.529   94.0  11.08  14.000    0.05033    1.73    2.34    2.94
17-07-2024 13:56:34.95  117.30  -0.330  26.956   32.528   94.0  11.08  14.000    0.05477    1.82    2.40    3.07
17-07-2024 13:56:35.19  117.40  -0.326  26.961   32.530   94.0  11.07  14.000    0.04959    1.82    2.40    3.07
17-07-2024 13:56:35.44  117.52  -0.322  26.965   32.531   93.9  11.07  14.000    0.05403    1.99    2.34    3.27
17-07-2024 13:56:35.68  117.58  -0.318  26.969   32.532   93.9  11.07  14.000    0.05551    2.03    1.65    3.13
17-07-2024 13:56:35.93  117.68  -0.315  26.973   32.533   93.9  11.06  14.000    0.04959    2.13    2.32    2.91
17-07-2024 13:56:36.17  117.77  -0.310  26.976   32.533   93.9  11.06  14.000    0.06513    1.97    2.06    2.96
17-07-2024 13:56:36.42  117.87  -0.308  26.977   32.532   93.9  11.06  14.000    0.05921    2.05    2.46    3.37
17-07-2024 13:56:36.66  117.94  -0.307  26.978   32.532   93.9  11.06  14.000    0.05403    1.93    1.96    3.13
17-07-2024 13:56:36.91  118.07  -0.306  26.979   32.532   93.9  11.06  14.000    0.06365    1.93    1.96    3.13
17-07-2024 13:56:37.15  118.17  -0.304  26.981   32.532   93.9  11.05  14.000    0.05699    1.97    2.05    3.17
17-07-2024 13:56:37.41  118.23  -0.303  26.982   32.533   93.8  11.05  14.000    0.05773    2.12    2.03    3.04
17-07-2024 13:56:37.65  118.32  -0.302  26.983   32.533   93.8  11.05  14.000    0.04959    1.92    2.50    2.93
17-07-2024 13:56:37.90  118.43  -0.301  26.984   32.533   93.8  11.05  14.000    0.06069    2.15    2.22    3.21
17-07-2024 13:56:38.15  118.52  -0.300  26.986   32.535   93.8  11.05  14.000    0.05033    1.96    2.03    3.14
17-07-2024 13:56:38.39  118.59  -0.298  26.987   32.535   93.8  11.04  14.000    0.04367    1.86    2.24    3.12
17-07-2024 13:56:38.64  118.71  -0.297  26.988   32.535   93.8  11.04  14.000    0.04515    1.86    2.24    3.12
17-07-2024 13:56:38.88  118.79  -0.297  26.989   32.535   93.7  11.04  14.000    0.04293    2.03    2.14    3.05
17-07-2024 13:56:39.13  118.90  -0.296  26.992   32.538   93.7  11.04  14.000    0.05403    2.28    2.34    2.83
17-07-2024 13:56:39.37  118.98  -0.295  26.993   32.538   93.7  11.04  14.000    0.06143    2.43    2.28    2.93
17-07-2024 13:56:39.62  119.07  -0.293  26.994   32.538   93.7  11.03  14.000    0.06661    2.36    2.18    2.92
17-07-2024 13:56:39.86  119.17  -0.293  26.995   32.539   93.7  11.03  14.000    0.05995    2.10    2.27    3.37
17-07-2024 13:56:40.11  119.25  -0.291  26.996   32.539   93.6  11.03  14.000    0.04811    2.01    2.58    3.11
17-07-2024 13:56:40.35  119.34  -0.290  26.998   32.540   93.6  11.02  14.000    0.05847    2.01    2.58    3.11
17-07-2024 13:56:40.60  119.43  -0.288  26.999   32.540   93.6  11.02  14.000    0.06069    2.01    2.74    3.57
17-07-2024 13:56:40.84  119.52  -0.287  27.001   32.541   93.6  11.02  14.000    0.04811    2.06    2.00    3.15
17-07-2024 13:56:41.09  119.62  -0.286  27.003   32.542   93.6  11.02  14.000    0.05551    2.00    2.22    3.21
17-07-2024 13:56:41.34  119.72  -0.285  27.005   32.543   93.6  11.02  14.000    0.04515    1.96    2.22    3.27
17-07-2024 13:56:41.59  119.79  -0.283  27.007   32.543   93.5  11.01  14.000    0.05625    2.15    2.87    3.23
17-07-2024 13:56:41.83  119.88  -0.281  27.009   32.544   93.5  11.01  14.000    0.06217    2.22    2.35    3.39
17-07-2024 13:56:42.09  119.96  -0.279  27.011   32.544   93.5  11.01  14.000    0.04737    2.22    2.35    3.39
17-07-2024 13:56:42.33  120.07  -0.277  27.014   32.547   93.5  11.01  14.000    0.07031    2.00    1.87    3.12
17-07-2024 13:56:42.57  120.16  -0.275  27.018   32.550   93.5  11.00  14.000    0.04219    1.83    2.05    2.89
17-07-2024 13:56:42.82  120.26  -0.271  27.021   32.549   93.5  11.00  14.000    0.05181    2.15    2.46    2.95
17-07-2024 13:56:43.06  120.34  -0.269  27.024   32.551   93.5  11.00  14.000    0.04293    1.92    2.37    3.07
17-07-2024 13:56:43.31  120.42  -0.266  27.025   32.550   93.5  11.00  14.000    0.06217    2.11    2.02    3.04
17-07-2024 13:56:43.55  120.54  -0.265  27.027   32.551   93.4  10.99  14.000    0.04959    2.03    2.57    2.97
17-07-2024 13:56:43.79  120.61  -0.262  27.030   32.552   93.4  10.99  14.000    0.02887    2.03    2.57    2.97
17-07-2024 13:56:44.04  120.71  -0.261  27.031   32.552   93.4  10.99  14.000    0.04219    2.21    2.45    2.88
17-07-2024 13:56:44.29  120.77  -0.260  27.033   32.554   93.4  10.99  14.000    0.05255    1.91    1.83    3.11
17-07-2024 13:56:44.53  120.86  -0.258  27.034   32.553   93.4  10.98  14.000    0.04663    2.08    2.11    2.70
17-07-2024 13:56:44.79  120.97  -0.256  27.036   32.552   93.4  10.98  14.000    0.04515    1.80    2.36    3.24
17-07-2024 13:56:45.03  121.06  -0.255  27.038   32.554   93.4  10.98  14.000    0.04737    2.09    2.33    2.89
17-07-2024 13:56:45.28  121.14  -0.254  27.038   32.553   93.3  10.98  14.000    0.05255    2.17    1.76    3.38
17-07-2024 13:56:45.52  121.24  -0.253  27.039   32.553   93.3  10.98  14.000    0.03553    2.17    1.76    3.38
17-07-2024 13:56:45.77  121.36  -0.251  27.042   32.555   93.3  10.97  14.000    0.05477    2.02    2.03    3.34
17-07-2024 13:56:46.02  121.44  -0.250  27.045   32.558   93.3  10.97  14.000    0.02961    2.15    2.21    3.19
17-07-2024 13:56:46.26  121.50  -0.248  27.047   32.559   93.3  10.97  14.000    0.06217    2.43    2.37    2.94
17-07-2024 13:56:46.51  121.60  -0.246  27.048   32.558   93.3  10.97  14.000    0.03997    2.25    1.87    2.98
17-07-2024 13:56:46.75  121.70  -0.245  27.051   32.561   93.3  10.97  14.000    0.03553    2.05    2.02    3.08
17-07-2024 13:56:46.99  121.77  -0.243  27.052   32.560   93.2  10.96  14.000    0.04589    2.28    2.00    3.28
17-07-2024 13:56:47.24  121.86  -0.241  27.054   32.560   93.2  10.96  14.000    0.05847    2.28    2.00    3.28
17-07-2024 13:56:47.48  121.94  -0.239  27.056   32.560   93.2  10.96  14.000    0.03923    1.92    2.69    2.84
17-07-2024 13:56:47.73  122.03  -0.238  27.057   32.561   93.2  10.96  14.000    0.04367    1.72    2.35    3.17
17-07-2024 13:56:47.97  122.14  -0.236  27.059   32.561   93.2  10.95  14.000    0.05033    2.18    2.35    3.13
17-07-2024 13:56:48.22  122.22  -0.235  27.060   32.562   93.2  10.95  14.000    0.03849    1.96    2.14    3.39
17-07-2024 13:56:48.47  122.29  -0.234  27.060   32.561   93.2  10.95  14.000    0.05625    2.16    2.34    3.18
17-07-2024 13:56:48.72  122.39  -0.233  27.062   32.562   93.1  10.95  14.000    0.04959    2.03    2.45    3.12
17-07-2024 13:56:48.96  122.51  -0.232  27.064   32.563   93.1  10.94  14.000    0.03997    2.03    2.45    3.12
17-07-2024 13:56:49.21  122.60  -0.230  27.066   32.565   93.1  10.94  14.000    0.04219    2.28    2.21    3.24
17-07-2024 13:56:49.46  122.71  -0.228  27.068   32.565   93.1  10.94  14.000    0.05403    2.12    2.35    3.11
17-07-2024 13:56:49.70  122.76  -0.227  27.070   32.566   93.1  10.94  14.000    0.06365    1.92    2.27    3.24
17-07-2024 13:56:49.95  122.84  -0.225  27.074   32.569   93.1  10.93  14.000    0.04071    2.27    2.59    2.67
17-07-2024 13:56:50.19  122.95  -0.223  27.074   32.567   93.0  10.93  14.000    0.05773    2.11    2.15    3.01
17-07-2024 13:56:50.44  123.03  -0.221  27.075   32.566   93.0  10.93  14.000    0.08290    1.91    1.83    3.13
17-07-2024 13:56:50.68  123.14  -0.220  27.076   32.567   93.0  10.93  14.000    0.05477    1.91    1.83    3.13
17-07-2024 13:56:50.93  123.22  -0.219  27.077   32.567   93.0  10.92  14.000    0.04959    2.40    1.84    2.88
17-07-2024 13:56:51.17  123.33  -0.218  27.078   32.567   93.0  10.92  14.000    0.05255    2.01    2.07    3.39
17-07-2024 13:56:51.42  123.41  -0.218  27.079   32.567   93.0  10.92  14.000    0.04441    1.99    2.53    2.97
17-07-2024 13:56:51.66  123.51  -0.217  27.080   32.568   93.0  10.92  14.000    0.04959    2.03    2.13    3.18
17-07-2024 13:56:51.91  123.61  -0.216  27.079   32.566   92.9  10.92  14.000    0.05255    2.26    2.33    2.98
17-07-2024 13:56:52.16  123.73  -0.215  27.083   32.570   92.9  10.92  14.000    0.04959    2.00    2.39    3.14
17-07-2024 13:56:52.40  123.80  -0.214  27.088   32.575   92.9  10.92  14.000    0.04663    2.00    2.39    3.14
17-07-2024 13:56:52.65  123.89  -0.211  27.090   32.575   92.9  10.91  14.000    0.03997    2.43    2.08    3.21
17-07-2024 13:56:52.90  123.98  -0.208  27.093   32.576   92.9  10.91  14.000    0.05773    2.21    2.65    3.04
17-07-2024 13:56:53.15  124.07  -0.206  27.095   32.576   92.9  10.91  14.000    0.06143    2.01    2.12    3.06
17-07-2024 13:56:53.39  124.17  -0.205  27.095   32.575   92.9  10.91  14.000    0.04441    1.84    2.08    2.96
17-07-2024 13:56:53.63  124.27  -0.203  27.097   32.575   92.9  10.91  14.000    0.03405    2.30    2.25    3.17
17-07-2024 13:56:53.88  124.34  -0.203  27.097   32.575   92.9  10.91  14.000    0.05033    2.24    2.45    3.21
17-07-2024 13:56:54.12  124.43  -0.202  27.100   32.577   92.9  10.91  14.000    0.03997    2.24    2.45    3.21
17-07-2024 13:56:54.37  124.55  -0.199  27.104   32.580   92.9  10.90  14.000    0.04219    2.06    1.84    2.86
17-07-2024 13:56:54.61  124.62  -0.197  27.105   32.579   92.9  10.90  14.000    0.03405    2.22    2.38    3.28
17-07-2024 13:56:54.86  124.72  -0.195  27.107   32.580   92.9  10.90  14.000    0.04811    1.98    2.70    3.04
17-07-2024 13:56:55.10  124.80  -0.194  27.109   32.581   92.8  10.90  14.000    0.05403    2.31    2.45    2.84
17-07-2024 13:56:55.35  124.87  -0.192  27.112   32.582   92.8  10.90  14.000    0.03627    2.02    2.03    3.32
17-07-2024 13:56:55.59  124.99  -0.190  27.112   32.581   92.8  10.90  14.000    0.04515    2.02    2.03    3.32
17-07-2024 13:56:55.85  125.09  -0.188  27.113   32.579   92.8  10.90  14.000    0.05551    1.88    2.47    3.10
17-07-2024 13:56:56.09  125.18  -0.187  27.114   32.581   92.8  10.89  14.000    0.05329    1.75    2.40    2.96
17-07-2024 13:56:56.34  125.25  -0.186  27.115   32.581   92.8  10.90  14.000    0.04071    2.11    2.14    3.11
17-07-2024 13:56:56.58  125.39  -0.184  27.117   32.581   92.8  10.89  14.000    0.04663    2.10    2.31    2.76
17-07-2024 13:56:56.83  125.43  -0.183  27.118   32.582   92.8  10.89  14.000    0.05255    1.94    2.49    3.27
17-07-2024 13:56:57.08  125.55  -0.182  27.122   32.585   92.8  10.89  14.000    0.04663    1.97    2.50    3.36
17-07-2024 13:56:57.32  125.62  -0.181  27.121   32.583   92.8  10.89  14.000    0.05403    2.03    2.32    3.17
17-07-2024 13:56:57.57  125.73  -0.180  27.123   32.584   92.8  10.89  14.000    0.05033    2.03    2.32    3.17
17-07-2024 13:56:57.81  125.81  -0.179  27.124   32.584   92.7  10.88  14.000    0.04737    2.16    2.20    3.05
17-07-2024 13:56:58.06  125.91  -0.177  27.126   32.585   92.7  10.88  14.000    0.03553    1.96    2.24    2.91
17-07-2024 13:56:58.30  126.01  -0.176  27.127   32.585   92.7  10.88  14.000    0.04885    2.14    2.07    2.98
17-07-2024 13:56:58.55  126.08  -0.175  27.132   32.590   92.7  10.88  14.000    0.04959    1.97    2.14    3.07
17-07-2024 13:56:58.79  126.20  -0.171  27.136   32.591   92.7  10.87  14.000    0.04515    2.09    1.98    3.21
17-07-2024 13:56:59.04  126.25  -0.168  27.137   32.589   92.7  10.87  14.000    0.05181    2.09    1.98    3.21
17-07-2024 13:56:59.28  126.39  -0.166  27.138   32.589   92.6  10.87  14.000    0.05995    2.03    2.29    3.29
17-07-2024 13:56:59.53  126.47  -0.165  27.139   32.589   92.6  10.86  14.000    0.05255    2.10    2.33    3.11
17-07-2024 13:56:59.78  126.52  -0.165  27.139   32.589   92.6  10.86  14.000    0.03035    2.00    1.87    3.03
17-07-2024 13:57:00.03  126.65  -0.164  27.140   32.589   92.6  10.86  14.000    0.04589    2.00    2.11    3.14
17-07-2024 13:57:00.27  126.75  -0.164  27.139   32.588   92.6  10.86  14.000    0.04663    2.22    1.92    2.90
17-07-2024 13:57:00.52  126.83  -0.164  27.139   32.588   92.6  10.86  14.000    0.04219    2.30    2.43    3.08
17-07-2024 13:57:00.76  126.93  -0.163  27.140   32.588   92.6  10.86  14.000    0.04367    2.30    2.43    3.08
17-07-2024 13:57:01.01  127.02  -0.162  27.143   32.591   92.6  10.86  14.000    0.05329    2.04    2.35    3.21
17-07-2024 13:57:01.25  127.10  -0.161  27.145   32.593   92.5  10.85  14.000    0.05847    2.13    1.72    3.13
17-07-2024 13:57:01.50  127.23  -0.160  27.146   32.592   92.5  10.85  14.000    0.04589    1.77    1.80    3.61
17-07-2024 13:57:01.74  127.28  -0.159  27.147   32.593   92.5  10.85  14.000    0.04589    1.90    2.36    3.40
17-07-2024 13:57:01.99  127.39  -0.158  27.148   32.593   92.5  10.84  14.000    0.05403    1.95    2.81    3.45
17-07-2024 13:57:02.23  127.47  -0.157  27.150   32.594   92.5  10.84  14.000    0.04589    2.07    2.23    2.91
17-07-2024 13:57:02.48  127.57  -0.156  27.152   32.595   92.5  10.84  14.000    0.02961    2.07    2.23    2.91
17-07-2024 13:57:02.72  127.66  -0.154  27.155   32.598   92.5  10.84  14.000    0.03923    2.13    1.90    3.20
17-07-2024 13:57:02.97  127.77  -0.152  27.158   32.599   92.4  10.84  14.000    0.05403    1.94    2.46    2.78
17-07-2024 13:57:03.22  127.82  -0.149  27.162   32.601   92.4  10.84  14.000    0.05551    2.16    2.31    3.35
17-07-2024 13:57:03.47  127.93  -0.143  27.170   32.605   92.4  10.83  14.000    0.04737    1.95    2.31    3.16
17-07-2024 13:57:03.72  128.00  -0.139  27.176   32.609   92.4  10.83  14.000    0.04663    2.19    2.50    3.20
17-07-2024 13:57:03.96  128.12  -0.134  27.179   32.608   92.4  10.83  14.000    0.05699    1.92    2.77    2.88
17-07-2024 13:57:04.21  128.18  -0.132  27.186   32.615   92.4  10.83  14.000    0.04145    2.33    2.80    2.81
17-07-2024 13:57:04.45  128.27  -0.129  27.189   32.615   92.4  10.82  14.000    0.04737    2.33    2.80    2.81
17-07-2024 13:57:04.70  128.35  -0.125  27.190   32.613   92.4  10.82  14.000    0.05477    2.04    2.13    3.25
17-07-2024 13:57:04.94  128.49  -0.123  27.193   32.614   92.4  10.82  14.000    0.05625    1.92    2.12    3.16
17-07-2024 13:57:05.19  128.54  -0.120  27.195   32.614   92.4  10.82  14.000    0.03109    2.32    2.55    2.78
17-07-2024 13:57:05.43  128.66  -0.117  27.198   32.614   92.4  10.82  14.000    0.05329    2.28    1.87    2.85
17-07-2024 13:57:05.68  128.74  -0.116  27.199   32.614   92.3  10.82  14.000    0.05107    2.22    2.40    3.41
17-07-2024 13:57:05.92  128.84  -0.115  27.200   32.615   92.3  10.82  14.000    0.05403    2.22    2.40    3.41
17-07-2024 13:57:06.17  128.95  -0.114  27.201   32.615   92.3  10.81  14.000    0.05107    1.64    2.42    3.11
17-07-2024 13:57:06.41  129.01  -0.113  27.203   32.616   92.3  10.81  14.000    0.04737    2.10    2.56    3.37
17-07-2024 13:57:06.66  129.10  -0.111  27.205   32.617   92.3  10.81  14.000    0.03923    1.56    2.13    3.18
17-07-2024 13:57:06.91  129.18  -0.109  27.209   32.619   92.3  10.81  14.000    0.03405    1.88    2.27    3.21
17-07-2024 13:57:07.16  129.29  -0.106  27.211   32.620   92.3  10.80  14.000    0.05403    1.99    2.16    3.20
17-07-2024 13:57:07.40  129.41  -0.103  27.214   32.621   92.3  10.80  14.000    0.05403    2.18    2.22    3.30
17-07-2024 13:57:07.65  129.48  -0.101  27.217   32.622   92.3  10.80  14.000    0.06513    2.18    2.22    3.30
17-07-2024 13:57:07.89  129.57  -0.100  27.218   32.621   92.2  10.80  14.000    0.04589    2.07    2.14    3.22
17-07-2024 13:57:08.14  129.63  -0.098  27.219   32.621   92.2  10.80  14.000    0.04367    2.13    2.32    3.24
17-07-2024 13:57:08.38  129.73  -0.096  27.221   32.622   92.2  10.79  14.000    0.05847    2.30    2.45    3.01
17-07-2024 13:57:08.63  129.82  -0.096  27.222   32.623   92.2  10.79  14.000    0.05181    1.99    2.33    3.07
17-07-2024 13:57:08.87  129.93  -0.094  27.223   32.622   92.2  10.79  14.000    0.04515    2.04    2.04    3.13
17-07-2024 13:57:09.12  130.02  -0.094  27.224   32.622   92.2  10.79  14.000    0.04293    2.14    2.26    3.21
17-07-2024 13:57:09.36  130.07  -0.093  27.224   32.622   92.2  10.79  14.000    0.03701    2.14    2.26    3.21
17-07-2024 13:57:09.61  130.21  -0.092  27.224   32.621   92.2  10.79  14.000    0.04885    1.96    2.59    2.93
17-07-2024 13:57:09.85  130.28  -0.092  27.225   32.622   92.1  10.78  14.000    0.03627    2.18    2.50    3.04
17-07-2024 13:57:10.10  130.37  -0.092  27.225   32.622   92.1  10.78  14.000    0.04219    2.22    2.07    3.12
17-07-2024 13:57:10.35  130.47  -0.091  27.226   32.623   92.1  10.78  14.000    0.04515    1.87    2.33    2.87
17-07-2024 13:57:10.60  130.57  -0.091  27.226   32.623   92.1  10.78  14.000    0.03257    2.03    2.06    3.03
17-07-2024 13:57:10.84  130.62  -0.090  27.227   32.623   92.1  10.78  14.000    0.04293    2.13    1.98    3.43
17-07-2024 13:57:11.09  130.73  -0.090  27.228   32.623   92.0  10.77  14.000    0.04145    2.13    1.98    3.43
17-07-2024 13:57:11.34  130.80  -0.089  27.228   32.623   92.0  10.77  14.000    0.03701    1.93    2.08    3.17
17-07-2024 13:57:11.58  130.91  -0.089  27.228   32.623   92.0  10.77  14.000    0.03553    2.15    2.55    2.81
17-07-2024 13:57:11.83  130.98  -0.088  27.228   32.622   92.0  10.77  14.000    0.04219    1.98    2.32    2.83
17-07-2024 13:57:12.07  131.08  -0.088  27.229   32.623   92.0  10.77  14.000    0.04367    1.97    2.73    2.75
17-07-2024 13:57:12.32  131.19  -0.087  27.231   32.624   92.0  10.76  14.000    0.05033    2.14    2.07    3.00
17-07-2024 13:57:12.56  131.30  -0.087  27.231   32.624   92.0  10.76  14.000    0.03849    2.16    2.39    2.94
17-07-2024 13:57:12.81  131.36  -0.087  27.233   32.627   91.9  10.76  14.000    0.04219    2.16    2.39    2.94
17-07-2024 13:57:13.05  131.49  -0.086  27.233   32.625   91.9  10.76  14.000    0.05403    2.23    2.29    3.22
17-07-2024 13:57:13.30  131.55  -0.085  27.234   32.626   91.9  10.75  14.000    0.06069    2.37    2.23    3.18
17-07-2024 13:57:13.54  131.66  -0.084  27.234   32.626   91.9  10.75  14.000    0.03109    2.21    2.88    2.87
17-07-2024 13:57:13.79  131.74  -0.084  27.235   32.627   91.9  10.75  14.000    0.05699    2.17    2.23    3.21
17-07-2024 13:57:14.03  131.84  -0.083  27.236   32.626   91.8  10.75  14.000    0.03701    2.32    2.81    3.29
17-07-2024 13:57:14.28  131.92  -0.083  27.237   32.627   91.8  10.75  14.000    0.03923    2.24    2.40    2.81
17-07-2024 13:57:14.53  132.00  -0.082  27.237   32.627   91.8  10.74  14.000    0.05699    2.24    2.40    2.81
17-07-2024 13:57:14.78  132.11  -0.081  27.241   32.630   91.8  10.74  14.000    0.03849    2.24    1.90    3.14
17-07-2024 13:57:15.03  132.20  -0.079  27.241   32.629   91.8  10.74  14.000    0.04219    2.10    1.71    3.23
17-07-2024 13:57:15.27  132.28  -0.077  27.244   32.631   91.8  10.74  14.000    0.04589    1.99    2.26    2.90
17-07-2024 13:57:15.51  132.39  -0.075  27.245   32.630   91.7  10.73  14.000    0.04737    1.98    2.13    3.10
17-07-2024 13:57:15.76  132.48  -0.074  27.248   32.632   91.7  10.73  14.000    0.03479    1.84    2.03    3.04
17-07-2024 13:57:16.00  132.57  -0.071  27.251   32.633   91.7  10.73  14.000    0.04293    1.92    2.48    2.89
17-07-2024 13:57:16.25  132.68  -0.069  27.253   32.634   91.7  10.73  14.000    0.03923    1.92    2.48    2.89
17-07-2024 13:57:16.49  132.78  -0.069  27.254   32.634   91.7  10.72  14.000    0.03997    2.07    2.45    3.31
17-07-2024 13:57:16.74  132.85  -0.067  27.254   32.633   91.7  10.72  14.000    0.04441    2.10    2.04    3.16
17-07-2024 13:57:16.98  132.92  -0.066  27.256   32.634   91.7  10.72  14.000    0.04959    2.02    2.24    2.73
17-07-2024 13:57:17.23  133.03  -0.066  27.256   32.634   91.6  10.72  14.000    0.04959    2.05    2.60    3.25
17-07-2024 13:57:17.47  133.09  -0.065  27.257   32.634   91.6  10.72  14.000    0.05033    2.31    2.44    2.98
17-07-2024 13:57:17.72  133.22  -0.064  27.258   32.634   91.6  10.71  14.000    0.04589    2.06    1.65    3.08
17-07-2024 13:57:17.97  133.28  -0.064  27.259   32.635   91.6  10.71  14.000    0.03553    2.06    1.65    3.08
17-07-2024 13:57:18.21  133.41  -0.063  27.259   32.635   91.6  10.71  14.000    0.05181    2.12    2.16    3.41
17-07-2024 13:57:18.46  133.46  -0.063  27.261   32.636   91.6  10.71  14.000    0.04515    1.90    2.48    2.69
17-07-2024 13:57:18.71  133.57  -0.061  27.262   32.636   91.6  10.71  14.000    0.05699    2.09    2.27    3.05
17-07-2024 13:57:18.95  133.68  -0.060  27.264   32.638   91.6  10.71  14.000    0.06291    2.05    2.36    3.20
17-07-2024 13:57:19.20  133.73  -0.059  27.264   32.637   91.5  10.70  14.000    0.04367    2.04    2.24    3.17
17-07-2024 13:57:19.45  133.84  -0.058  27.265   32.637   91.5  10.70  14.000    0.03553    2.13    2.79    3.13
17-07-2024 13:57:19.69  133.95  -0.057  27.267   32.638   91.5  10.70  14.000    0.04811    2.13    2.79    3.13
17-07-2024 13:57:19.94  134.06  -0.056  27.266   32.636   91.5  10.70  14.000    0.05033    2.10    2.21    3.11
17-07-2024 13:57:20.18  134.12  -0.056  27.267   32.637   91.5  10.70  14.000    0.05477    2.06    2.35    2.81
17-07-2024 13:57:20.43  134.21  -0.055  27.268   32.637   91.5  10.70  14.000    0.04219    1.96    1.90    3.18
17-07-2024 13:57:20.67  134.29  -0.055  27.268   32.637   91.5  10.70  14.000    0.04589    1.98    2.52    3.20
17-07-2024 13:57:20.92  134.37  -0.054  27.268   32.637   91.5  10.70  14.000    0.05477    1.88    2.38    3.00
17-07-2024 13:57:21.16  134.44  -0.053  27.269   32.637   91.5  10.69  14.000    0.05107    2.17    2.15    3.01
17-07-2024 13:57:21.40  134.58  -0.053  27.270   32.637   91.5  10.69  14.000    0.03553    2.17    2.15    3.01
17-07-2024 13:57:21.66  134.70  -0.053  27.269   32.637   91.4  10.69  14.000    0.02887    1.98    1.78    3.22
17-07-2024 13:57:21.90  134.73  -0.053  27.271   32.638   91.4  10.69  14.000    0.03849    2.08    2.42    2.82
17-07-2024 13:57:22.15  134.86  -0.052  27.270   32.637   91.4  10.69  14.000    0.03997    1.95    2.21    3.12
17-07-2024 13:57:22.40  134.94  -0.052  27.272   32.638   91.4  10.69  14.000    0.05403    2.02    2.38    2.90
17-07-2024 13:57:22.64  135.01  -0.052  27.272   32.639   91.4  10.69  14.000    0.06069    2.26    2.21    3.11
17-07-2024 13:57:22.89  135.10  -0.051  27.273   32.640   91.4  10.68  14.000    0.04885    1.93    2.23    3.11
17-07-2024 13:57:23.13  135.21  -0.050  27.275   32.641   91.4  10.68  14.000    0.04145    1.93    2.23    3.11
17-07-2024 13:57:23.38  135.29  -0.049  27.275   32.640   91.4  10.68  14.000    0.04071    2.18    2.30    2.75
17-07-2024 13:57:23.62  135.41  -0.048  27.277   32.641   91.4  10.68  14.000    0.04811    2.10    2.59    3.07
17-07-2024 13:57:23.87  135.46  -0.047  27.279   32.642   91.4  10.68  14.000    0.03331    2.06    2.49    3.36
17-07-2024 13:57:24.11  135.54  -0.046  27.279   32.641   91.3  10.68  14.000    0.05551    1.97    2.09    3.05
17-07-2024 13:57:24.36  135.66  -0.046  27.279   32.641   91.3  10.68  14.000    0.03109    2.21    1.96    3.26
17-07-2024 13:57:24.60  135.71  -0.045  27.279   32.641   91.3  10.68  14.000    0.04367    2.07    1.78    3.12
17-07-2024 13:57:24.85  135.81  -0.045  27.280   32.642   91.3  10.67  14.000    0.04293    2.07    1.78    3.12
17-07-2024 13:57:25.09  135.89  -0.044  27.280   32.641   91.3  10.67  14.000    0.04515    2.12    2.09    3.09
17-07-2024 13:57:25.35  136.01  -0.044  27.282   32.643   91.3  10.67  14.000    0.03183    1.90    2.31    3.02
17-07-2024 13:57:25.59  136.11  -0.043  27.283   32.644   91.3  10.67  14.000    0.05255    2.07    2.08    3.05
17-07-2024 13:57:25.84  136.19  -0.042  27.284   32.644   91.3  10.67  14.000    0.03109    2.35    2.27    3.19
17-07-2024 13:57:26.09  136.31  -0.041  27.287   32.647   91.3  10.67  14.000    0.03627    2.08    2.58    2.80
17-07-2024 13:57:26.33  136.35  -0.039  27.289   32.647   91.2  10.66  14.000    0.03183    1.84    2.15    3.30
17-07-2024 13:57:26.61  136.48  -0.038  27.290   32.647   91.3  10.67  14.000    0.03479    2.31    2.32    3.18
17-07-2024 13:57:26.82  136.58  -0.036  27.293   32.648   91.3  10.66  14.000    0.05329    2.31    2.32    3.18
17-07-2024 13:57:27.07  136.66  -0.035  27.293   32.647   91.2  10.66  14.000    0.05625    1.94    2.09    3.22
17-07-2024 13:57:27.31  136.74  -0.034  27.294   32.647   91.2  10.66  14.000    0.04441    2.14    2.23    2.92
17-07-2024 13:57:27.56  136.81  -0.033  27.295   32.647   91.2  10.66  14.000    0.04515    2.01    2.32    3.47
17-07-2024 13:57:27.80  136.95  -0.032  27.295   32.647   91.2  10.66  14.000    0.03553    2.13    2.41    2.90
17-07-2024 13:57:28.05  137.03  -0.031  27.296   32.648   91.2  10.66  14.000    0.02813    1.95    2.74    3.35
17-07-2024 13:57:28.29  137.11  -0.030  27.297   32.648   91.2  10.66  14.000    0.04441    1.95    2.74    3.35
17-07-2024 13:57:28.54  137.19  -0.030  27.299   32.650   91.2  10.65  14.000    0.02220    2.19    2.21    3.17
17-07-2024 13:57:28.78  137.32  -0.028  27.300   32.649   91.2  10.65  14.000    0.04737    1.98    2.17    2.95
17-07-2024 13:57:29.03  137.40  -0.028  27.302   32.651   91.2  10.65  14.000    0.04145    1.88    2.31    3.06
17-07-2024 13:57:29.28  137.46  -0.026  27.305   32.652   91.2  10.65  14.000    0.03479    2.11    2.22    3.09
17-07-2024 13:57:29.53  137.57  -0.024  27.307   32.653   91.1  10.65  14.000    0.03627    2.04    1.82    2.78
17-07-2024 13:57:29.77  137.70  -0.022  27.309   32.654   91.1  10.65  14.000    0.04737    2.31    1.57    2.94
17-07-2024 13:57:30.02  137.76  -0.020  27.312   32.656   91.1  10.64  14.000    0.04515    2.31    1.57    2.94
17-07-2024 13:57:30.26  137.85  -0.018  27.314   32.656   91.1  10.64  14.000    0.03109    2.22    2.40    3.00
17-07-2024 13:57:30.51  137.92  -0.015  27.316   32.656   91.1  10.64  14.000    0.02813    1.81    2.02    3.02
17-07-2024 13:57:30.75  138.08  -0.013  27.318   32.656   91.1  10.64  14.000    0.03627    2.32    1.81    2.90
17-07-2024 13:57:31.00  138.13  -0.012  27.320   32.658   91.1  10.64  14.000    0.03479    1.76    1.85    3.00
17-07-2024 13:57:31.24  138.24  -0.010  27.322   32.657   91.1  10.63  14.000    0.05181    1.95    2.05    3.18
17-07-2024 13:57:31.49  138.33  -0.008  27.322   32.656   91.1  10.63  14.000    0.05699    2.21    2.65    3.02
17-07-2024 13:57:31.73  138.38  -0.007  27.324   32.658   91.1  10.63  14.000    0.04885    2.21    2.65    3.02
17-07-2024 13:57:31.98  138.46  -0.006  27.326   32.659   91.0  10.63  14.000    0.04441    2.22    2.20    3.25
17-07-2024 13:57:32.22  138.61  -0.004  27.330   32.662   91.0  10.63  14.000    0.05107    2.15    2.49    3.13
17-07-2024 13:57:32.47  138.70  -0.001  27.332   32.663   91.0  10.63  14.000    0.04441    1.91    2.37    3.05
17-07-2024 13:57:32.72  138.78  -0.000  27.334   32.663   91.0  10.63  14.000    0.04589    2.14    2.40    3.13
17-07-2024 13:57:32.97  138.85   0.002  27.335   32.662   91.0  10.62  14.000    0.03775    2.13    2.37    3.37
17-07-2024 13:57:33.22  138.98   0.003  27.336   32.662   91.0  10.62  14.000    0.05477    2.02    2.32    2.97
17-07-2024 13:57:33.46  139.06   0.004  27.336   32.661   91.0  10.62  14.000    0.05403    2.02    2.32    2.97
17-07-2024 13:57:33.71  139.17   0.004  27.337   32.662   91.0  10.62  14.000    0.03775    1.92    2.35    3.08
17-07-2024 13:57:33.95  139.23   0.005  27.337   32.661   90.9  10.61  14.000    0.04145    1.63    2.64    3.18
17-07-2024 13:57:34.20  139.32   0.006  27.338   32.661   90.9  10.61  14.000    0.03849    1.88    2.11    3.07
17-07-2024 13:57:34.44  139.43   0.007  27.340   32.663   90.9  10.61  14.000    0.04663    2.09    2.48    3.52
17-07-2024 13:57:34.69  139.48   0.007  27.340   32.663   90.9  10.61  14.000    0.05477    1.97    1.93    2.85
17-07-2024 13:57:34.93  139.60   0.008  27.341   32.663   90.9  10.61  14.000    0.04145    1.99    2.10    3.37
17-07-2024 13:57:35.18  139.69   0.009  27.342   32.664   90.9  10.61  14.000    0.04145    1.99    2.10    3.37
17-07-2024 13:57:35.42  139.82   0.010  27.344   32.664   90.9  10.61  14.000    0.05033    2.00    1.97    3.01
17-07-2024 13:57:35.67  139.89   0.011  27.345   32.665   90.9  10.60  14.000    0.04293    2.05    2.49    3.28
17-07-2024 13:57:35.91  139.97   0.012  27.347   32.666   90.9  10.60  14.000    0.03627    2.24    2.04    2.83
17-07-2024 13:57:36.16  140.09   0.014  27.348   32.666   90.9  10.60  14.000    0.03405    2.01    1.98    3.03
17-07-2024 13:57:36.41  140.16   0.015  27.350   32.667   90.9  10.60  14.000    0.05699    2.14    2.40    3.08
17-07-2024 13:57:36.65  140.23   0.017  27.351   32.667   90.9  10.60  14.000    0.04441    1.83    2.38    2.82
17-07-2024 13:57:36.90  140.31   0.018  27.352   32.666   90.8  10.60  14.000    0.06439    1.83    2.38    2.82
17-07-2024 13:57:37.16  140.41   0.019  27.353   32.667   90.8  10.59  14.000    0.05107    2.29    2.09    2.98
17-07-2024 13:57:37.39  140.53   0.019  27.355   32.669   90.8  10.59  14.000    0.03109    2.31    2.45    3.25
17-07-2024 13:57:37.64  140.58   0.020  27.354   32.667   90.8  10.60  14.000    0.05921    2.08    2.59    3.34
17-07-2024 13:57:37.89  140.71   0.021  27.355   32.667   90.8  10.59  14.000    0.05699    2.06    2.04    2.88
17-07-2024 13:57:38.13  140.78   0.022  27.356   32.668   90.8  10.59  14.000    0.04589    2.08    2.19    3.28
17-07-2024 13:57:38.38  140.87   0.022  27.356   32.668   90.8  10.59  14.000    0.04293    1.98    2.38    3.52
17-07-2024 13:57:38.62  140.97   0.022  27.358   32.669   90.8  10.59  14.000    0.03775    1.98    2.38    3.52
17-07-2024 13:57:38.87  141.03   0.023  27.358   32.668   90.8  10.59  14.000    0.03849    2.20    2.41    3.35
17-07-2024 13:57:39.11  141.14   0.024  27.359   32.669   90.8  10.59  14.000    0.05329    2.31    2.37    3.29
17-07-2024 13:57:39.36  141.23   0.025  27.360   32.669   90.7  10.59  14.000    0.04145    2.07    2.67    3.03
17-07-2024 13:57:39.60  141.36   0.026  27.361   32.669   90.8  10.59  14.000    0.04219    2.18    2.30    2.87
17-07-2024 13:57:39.85  141.43   0.027  27.362   32.670   90.8  10.59  14.000    0.03035    2.19    2.67    3.39
17-07-2024 13:57:40.10  141.56   0.027  27.362   32.670   90.7  10.58  14.000    0.04515    2.35    2.17    2.86
17-07-2024 13:57:40.34  141.59   0.028  27.365   32.672   90.7  10.58  14.000    0.03627    2.35    2.17    2.86
17-07-2024 13:57:40.59  141.70   0.030  27.366   32.672   90.7  10.58  14.000    0.04663    2.12    2.22    3.13
17-07-2024 13:57:40.84  141.83   0.031  27.369   32.675   90.7  10.58  14.000    0.04145    2.22    2.36    2.99
17-07-2024 13:57:41.08  141.87   0.032  27.371   32.675   90.7  10.58  14.000    0.05403    2.30    2.04    3.16
17-07-2024 13:57:41.33  142.02   0.034  27.373   32.675   90.7  10.58  14.000    0.05107    2.11    1.82    3.26
17-07-2024 13:57:41.57  142.09   0.036  27.374   32.675   90.7  10.57  14.000    0.03997    2.27    1.79    3.02
17-07-2024 13:57:41.82  142.17   0.038  27.376   32.676   90.7  10.57  14.000    0.02517    2.27    1.79    3.02
17-07-2024 13:57:42.06  142.24   0.039  27.378   32.677   90.7  10.57  14.000    0.03923    1.98    2.03    2.79
17-07-2024 13:57:42.31  142.35   0.041  27.380   32.679   90.6  10.57  14.000    0.04589    2.07    2.43    3.21
17-07-2024 13:57:42.55  142.48   0.042  27.380   32.677   90.6  10.57  14.000    0.03997    2.11    2.70    3.43
17-07-2024 13:57:42.80  142.56   0.043  27.379   32.675   90.6  10.57  14.000    0.02220    2.07    2.39    3.33
17-07-2024 13:57:43.04  142.66   0.043  27.380   32.676   90.6  10.56  14.000    0.04293    2.05    2.59    3.26
17-07-2024 13:57:43.29  142.76   0.043  27.381   32.676   90.6  10.56  14.000    0.03627    1.88    2.16    2.98
17-07-2024 13:57:43.53  142.84   0.043  27.380   32.675   90.6  10.56  14.000    0.04811    1.88    2.16    2.98
17-07-2024 13:57:43.78  142.93   0.045  27.384   32.679   90.6  10.56  14.000    0.03035    2.00    2.29    3.35
17-07-2024 13:57:44.03  143.04   0.046  27.384   32.678   90.6  10.56  14.000    0.04293    2.25    2.47    3.12
17-07-2024 13:57:44.28  143.14   0.046  27.387   32.681   90.6  10.56  14.000    0.04515    2.31    2.06    3.34
17-07-2024 13:57:44.52  143.22   0.048  27.388   32.680   90.5  10.56  14.000    0.05181    2.13    2.52    3.09
17-07-2024 13:57:44.77  143.30   0.049  27.390   32.682   90.5  10.55  14.000    0.04219    2.26    2.26    3.01
17-07-2024 13:57:45.02  143.40   0.050  27.393   32.684   90.5  10.55  14.000    0.04071    1.98    2.45    2.58
17-07-2024 13:57:45.26  143.52   0.053  27.394   32.682   90.5  10.55  14.000    0.02072    1.98    2.45    2.58
17-07-2024 13:57:45.51  143.59   0.055  27.395   32.683   90.5  10.55  14.000    0.04959    2.22    2.05    3.25
17-07-2024 13:57:45.75  143.69   0.057  27.397   32.682   90.5  10.55  14.000    0.03923    2.03    1.72    2.89
17-07-2024 13:57:46.00  143.72   0.058  27.399   32.684   90.5  10.55  14.000    0.02739    1.69    2.29    3.31
17-07-2024 13:57:46.24  143.83   0.059  27.400   32.684   90.5  10.55  14.000    0.05477    2.04    2.21    2.97
17-07-2024 13:57:46.49  143.91   0.059  27.401   32.685   90.5  10.54  14.000    0.05699    1.94    2.26    2.83
17-07-2024 13:57:46.73  144.04   0.060  27.401   32.685   90.5  10.54  14.000    0.03923    2.21    2.10    2.86
17-07-2024 13:57:46.98  144.15   0.061  27.402   32.685   90.5  10.54  14.000    0.04219    2.21    2.10    2.86
17-07-2024 13:57:47.22  144.19   0.062  27.403   32.685   90.5  10.54  14.000    0.05181    2.09    2.60    2.91
17-07-2024 13:57:47.47  144.31   0.062  27.403   32.684   90.5  10.54  14.000    0.06513    2.45    1.86    3.20
17-07-2024 13:57:47.72  144.38   0.062  27.403   32.684   90.5  10.54  14.000    0.05107    2.25    1.90    2.95
17-07-2024 13:57:47.97  144.50   0.063  27.404   32.685   90.5  10.54  14.000    0.04293    2.21    2.34    3.05
17-07-2024 13:57:48.22  144.58   0.063  27.404   32.684   90.4  10.54  14.000    0.04293    1.85    2.27    2.98
17-07-2024 13:57:48.46  144.68   0.064  27.405   32.685   90.4  10.54  14.000    0.04293    2.09    2.37    2.82
17-07-2024 13:57:48.70  144.76   0.064  27.406   32.686   90.4  10.54  14.000    0.04071    2.09    2.37    2.82
17-07-2024 13:57:48.95  144.87   0.065  27.408   32.687   90.4  10.54  14.000    0.03035    2.18    2.10    3.52
17-07-2024 13:57:49.19  144.96   0.065  27.408   32.687   90.4  10.53  14.000    0.06217    2.33    1.76    3.23
17-07-2024 13:57:49.44  145.04   0.066  27.409   32.688   90.4  10.53  14.000    0.03479    1.89    2.61    2.88
17-07-2024 13:57:49.68  145.12   0.067  27.409   32.687   90.4  10.53  14.000    0.05255    2.18    2.64    3.30
17-07-2024 13:57:49.93  145.26   0.068  27.410   32.687   90.4  10.53  14.000    0.04441    2.52    2.38    3.05
17-07-2024 13:57:50.17  145.33   0.068  27.412   32.689   90.4  10.53  14.000    0.03849    2.09    2.04    2.90
17-07-2024 13:57:50.42  145.39   0.069  27.413   32.689   90.4  10.53  14.000    0.03775    2.09    2.04    2.90
17-07-2024 13:57:50.66  145.54   0.070  27.413   32.689   90.4  10.53  14.000    0.04885    2.27    2.57    2.98
17-07-2024 13:57:50.91  145.62   0.071  27.414   32.689   90.4  10.53  14.000    0.03923    1.97    2.59    3.17
17-07-2024 13:57:51.16  145.68   0.071  27.415   32.690   90.4  10.53  14.000    0.03479    2.05    2.34    3.25
17-07-2024 13:57:51.40  145.81   0.073  27.419   32.693   90.3  10.52  14.000    0.02294    2.10    2.33    2.99
17-07-2024 13:57:51.65  145.90   0.075  27.419   32.691   90.3  10.52  14.000    0.03627    2.16    2.51    3.17
17-07-2024 13:57:51.90  146.01   0.077  27.421   32.692   90.3  10.52  14.000    0.04663    1.90    2.03    3.19
17-07-2024 13:57:52.14  146.11   0.077  27.422   32.691   90.3  10.52  14.000    0.03479    1.90    2.03    3.19
17-07-2024 13:57:52.39  146.18   0.079  27.425   32.695   90.3  10.52  14.000    0.02739    2.28    2.41    2.97
17-07-2024 13:57:52.63  146.24   0.081  27.426   32.693   90.3  10.52  14.000    0.04367    2.33    2.59    2.95
17-07-2024 13:57:52.88  146.35   0.083  27.428   32.694   90.3  10.52  14.000    0.05107    1.93    2.06    3.13
17-07-2024 13:57:53.12  146.49   0.085  27.432   32.697   90.3  10.52  14.000    0.04737    2.00    1.75    3.08
17-07-2024 13:57:53.37  146.58   0.086  27.432   32.696   90.3  10.51  14.000    0.04515    2.32    2.81    3.19
17-07-2024 13:57:53.61  146.64   0.088  27.435   32.697   90.3  10.51  14.000    0.04737    2.16    2.29    3.28
17-07-2024 13:57:53.86  146.74   0.090  27.438   32.700   90.3  10.51  14.000    0.05551    2.16    2.29    3.28
17-07-2024 13:57:54.10  146.84   0.092  27.439   32.699   90.3  10.51  14.000    0.02665    2.10    2.17    3.36
17-07-2024 13:57:54.35  146.92   0.093  27.439   32.697   90.3  10.51  14.000    0.04515    1.87    2.78    3.40
17-07-2024 13:57:54.59  147.03   0.094  27.441   32.699   90.3  10.51  14.000    0.03479    2.37    2.78    3.27
17-07-2024 13:57:54.85  147.13   0.095  27.441   32.697   90.2  10.50  14.000    0.03479    1.97    2.43    3.32
17-07-2024 13:57:55.09  147.19   0.096  27.442   32.699   90.2  10.51  14.000    0.04293    2.23    2.29    3.08
17-07-2024 13:57:55.34  147.29   0.097  27.443   32.698   90.2  10.50  14.000    0.03109    2.40    2.30    3.48
17-07-2024 13:57:55.58  147.36   0.097  27.443   32.698   90.2  10.50  14.000    0.04071    2.40    2.30    3.48
17-07-2024 13:57:55.83  147.48   0.098  27.445   32.700   90.2  10.50  14.000    0.04293    2.20    2.13    3.01
17-07-2024 13:57:56.08  147.57   0.099  27.446   32.699   90.2  10.50  14.000    0.04145    1.96    3.09    3.01
17-07-2024 13:57:56.32  147.70   0.100  27.447   32.700   90.2  10.50  14.000    0.03257    1.71    2.51    3.20
17-07-2024 13:57:56.57  147.79   0.101  27.448   32.700   90.2  10.50  14.000    0.05329    2.21    1.66    3.22
17-07-2024 13:57:56.81  147.87   0.102  27.449   32.700   90.2  10.50  14.000    0.05033    2.27    2.55    2.90
17-07-2024 13:57:57.06  147.91   0.103  27.450   32.701   90.2  10.49  14.000    0.03849    2.09    1.98    3.29
17-07-2024 13:57:57.30  148.02   0.104  27.452   32.702   90.2  10.49  14.000    0.04441    2.09    1.98    3.29
17-07-2024 13:57:57.55  148.15   0.104  27.452   32.702   90.2  10.49  14.000    0.05255    1.91    2.22    2.94
17-07-2024 13:57:57.79  148.23   0.105  27.455   32.705   90.2  10.49  14.000    0.04737    2.01    2.14    3.16
17-07-2024 13:57:58.04  148.33   0.106  27.453   32.702   90.2  10.49  14.000    0.03775    2.04    2.17    3.03
17-07-2024 13:57:58.28  148.43   0.106  27.455   32.703   90.2  10.49  14.000    0.05625    2.02    2.17    3.29
17-07-2024 13:57:58.54  148.52   0.106  27.454   32.702   90.1  10.49  14.000    0.04441    2.23    2.30    3.00
17-07-2024 13:57:58.78  148.58   0.107  27.456   32.704   90.1  10.49  14.000    0.03775    1.90    2.46    3.30
17-07-2024 13:57:59.04  148.71   0.107  27.456   32.703   90.1  10.49  14.000    0.04219    1.90    2.46    3.30
17-07-2024 13:57:59.27  148.80   0.108  27.457   32.705   90.1  10.48  14.000    0.04811    2.21    2.51    3.06
17-07-2024 13:57:59.52  148.87   0.108  27.458   32.705   90.1  10.48  14.000    0.03701    2.01    1.78    3.18
17-07-2024 13:57:59.77  148.95   0.109  27.458   32.705   90.1  10.48  14.000    0.03701    2.06    2.33    3.01
17-07-2024 13:58:00.01  149.07   0.110  27.459   32.705   90.1  10.48  14.000    0.05847    2.16    2.01    3.33
17-07-2024 13:58:00.26  149.13   0.111  27.462   32.707   90.0  10.48  14.000    0.03997    2.21    2.38    3.14
17-07-2024 13:58:00.50  149.23   0.112  27.462   32.705   90.0  10.47  14.000    0.02443    1.88    2.03    3.18
17-07-2024 13:58:00.74  149.33   0.113  27.463   32.707   90.0  10.47  14.000    0.03775    1.88    2.03    3.18
17-07-2024 13:58:00.99  149.39   0.114  27.463   32.705   90.0  10.47  14.000    0.03997    2.22    2.00    2.82
17-07-2024 13:58:01.24  149.52   0.114  27.465   32.708   90.0  10.47  14.000    0.05107    2.18    2.12    3.24
17-07-2024 13:58:01.48  149.62   0.115  27.465   32.706   90.0  10.47  14.000    0.02887    2.20    2.95    3.25
17-07-2024 13:58:01.73  149.71   0.115  27.465   32.706   90.0  10.47  14.000    0.03627    1.83    2.14    2.90
17-07-2024 13:58:01.97  149.79   0.116  27.466   32.706   90.0  10.47  14.000    0.04885    1.80    2.23    2.94
17-07-2024 13:58:02.22  149.88   0.117  27.467   32.707   89.9  10.46  14.000    0.05551    2.02    2.32    3.19
17-07-2024 13:58:02.47  149.97   0.117  27.468   32.708   89.9  10.46  14.000    0.05551    2.02    2.32    3.19
17-07-2024 13:58:02.72  150.08   0.117  27.467   32.706   89.9  10.46  14.000    0.05551    1.98    1.94    2.82
17-07-2024 13:58:02.96  150.12   0.117  27.468   32.707   89.9  10.46  14.000    0.03257    1.69    2.13    3.27
17-07-2024 13:58:03.21  150.25   0.118  27.467   32.706   89.9  10.46  14.000    0.03775    1.97    2.23    3.20
17-07-2024 13:58:03.45  150.32   0.117  27.467   32.706   89.9  10.45  14.000    0.04885    1.58    2.07    3.21
17-07-2024 13:58:03.70  150.42   0.117  27.467   32.706   89.9  10.45  14.000    0.03775    2.27    2.37    3.16
17-07-2024 13:58:03.94  150.48   0.118  27.467   32.705   89.8  10.45  14.000    0.04441    2.00    2.31    3.24
17-07-2024 13:58:04.19  150.63   0.118  27.468   32.706   89.8  10.45  14.000    0.04145    2.00    2.31    3.24
17-07-2024 13:58:04.43  150.71   0.118  27.468   32.707   89.8  10.45  14.000    0.04737    2.03    2.87    3.05
17-07-2024 13:58:04.68  150.79   0.118  27.468   32.707   89.8  10.44  14.000    0.04219    2.05    1.98    3.07
17-07-2024 13:58:04.92  150.87   0.118  27.468   32.707   89.8  10.44  14.000    0.03701    2.23    2.15    3.09
17-07-2024 13:58:05.17  151.00   0.118  27.470   32.708   89.8  10.44  14.000    0.03479    1.90    1.92    3.12
17-07-2024 13:58:05.41  151.09   0.119  27.470   32.708   89.7  10.44  14.000    0.03405    2.07    2.20    3.09
17-07-2024 13:58:05.66  151.19   0.120  27.471   32.709   89.7  10.44  14.000    0.06735    2.52    2.16    3.19
17-07-2024 13:58:05.91  151.25   0.120  27.471   32.708   89.7  10.43  14.000    0.03923    2.52    2.16    3.19
17-07-2024 13:58:06.15  151.37   0.120  27.472   32.709   89.7  10.43  14.000    0.04589    1.81    2.38    2.85
17-07-2024 13:58:06.40  151.47   0.121  27.472   32.708   89.7  10.43  14.000    0.03405    2.00    2.65    2.94
17-07-2024 13:58:06.65  151.52   0.121  27.473   32.709   89.7  10.43  14.000    0.04589    2.25    2.79    3.15
17-07-2024 13:58:06.89  151.63   0.122  27.473   32.709   89.7  10.43  14.000    0.04293    2.05    2.46    3.24
17-07-2024 13:58:07.14  151.70   0.122  27.473   32.708   89.7  10.43  14.000    0.05329    2.15    2.23    3.02
17-07-2024 13:58:07.38  151.83   0.123  27.475   32.709   89.6  10.43  14.000    0.05255    1.67    2.04    3.34
17-07-2024 13:58:07.63  151.90   0.123  27.475   32.710   89.6  10.43  14.000    0.03109    1.67    2.04    3.34
17-07-2024 13:58:07.87  151.99   0.124  27.476   32.711   89.6  10.42  14.000    0.04885    2.06    2.79    2.98
17-07-2024 13:58:08.12  152.06   0.124  27.477   32.710   89.6  10.42  14.000    0.03923    1.97    1.76    3.48
17-07-2024 13:58:08.36  152.20   0.125  27.478   32.711   89.6  10.42  14.000    0.04367    2.21    1.90    3.13
17-07-2024 13:58:08.61  152.26   0.126  27.479   32.712   89.6  10.42  14.000    0.03257    2.08    2.58    2.78
17-07-2024 13:58:08.85  152.35   0.127  27.480   32.713   89.6  10.42  14.000    0.02294    2.11    2.41    2.94
17-07-2024 13:58:09.10  152.48   0.128  27.482   32.713   89.6  10.42  14.000    0.03627    2.03    2.19    2.77
17-07-2024 13:58:09.34  152.55   0.129  27.484   32.714   89.6  10.42  14.000    0.02813    2.03    2.19    2.77
17-07-2024 13:58:09.60  152.65   0.130  27.483   32.713   89.6  10.42  14.000    0.04811    2.11    2.33    2.95
17-07-2024 13:58:09.84  152.77   0.130  27.485   32.715   89.6  10.42  14.000    0.04219    1.63    2.45    3.05
17-07-2024 13:58:10.10  152.84   0.131  27.486   32.715   89.5  10.41  14.000    0.04811    2.11    2.16    3.12
17-07-2024 13:58:10.34  152.96   0.133  27.487   32.714   89.5  10.41  14.000    0.03923    1.90    2.25    3.06
17-07-2024 13:58:10.58  153.09   0.133  27.488   32.715   89.5  10.41  14.000    0.03035    1.82    2.68    3.07
17-07-2024 13:58:10.83  153.14   0.134  27.490   32.716   89.5  10.41  14.000    0.04219    2.17    2.13    3.31
17-07-2024 13:58:11.07  153.26   0.135  27.490   32.715   89.5  10.41  14.000    0.03479    2.17    2.13    3.31
17-07-2024 13:58:11.32  153.36   0.135  27.491   32.716   89.5  10.41  14.000    0.01702    2.04    2.10    2.85
17-07-2024 13:58:11.56  153.46   0.137  27.492   32.717   89.5  10.41  14.000    0.03479    2.05    2.60    3.22
17-07-2024 13:58:11.81  153.54   0.137  27.491   32.715   89.5  10.41  14.000    0.03701    2.21    2.71    2.81
17-07-2024 13:58:12.05  153.66   0.137  27.491   32.714   89.5  10.41  14.000    0.02665    1.86    1.75    3.27
17-07-2024 13:58:12.30  153.76   0.138  27.493   32.717   89.5  10.41  14.000    0.03923    1.91    1.81    3.17
17-07-2024 13:58:12.54  153.85   0.138  27.495   32.719   89.5  10.41  14.000    0.04885    2.23    2.52    2.84
17-07-2024 13:58:12.79  153.95   0.140  27.497   32.719   89.5  10.41  14.000    0.03405    2.23    2.52    2.84
17-07-2024 13:58:13.04  154.05   0.141  27.497   32.719   89.5  10.41  14.000    0.04885    2.07    2.65    3.10
17-07-2024 13:58:13.29  154.13   0.141  27.498   32.719   89.5  10.41  14.000    0.03701    2.06    2.35    2.99
17-07-2024 13:58:13.53  154.25   0.142  27.498   32.718   89.5  10.41  14.000    0.03701    2.25    2.02    2.81
17-07-2024 13:58:13.78  154.34   0.143  27.498   32.718   89.5  10.41  14.000    0.04885    1.97    2.44    3.29
17-07-2024 13:58:14.03  154.44   0.143  27.498   32.718   89.5  10.40  14.000    0.04885    2.22    2.62    3.00
17-07-2024 13:58:14.27  154.52   0.143  27.500   32.719   89.5  10.41  14.000    0.03405    2.11    1.95    3.09
17-07-2024 13:58:14.52  154.62   0.144  27.501   32.720   89.5  10.41  14.000    0.03849    2.11    1.95    3.09
17-07-2024 13:58:14.76  154.69   0.143  27.500   32.719   89.5  10.40  14.000    0.02591    2.11    2.15    2.97
17-07-2024 13:58:15.01  154.80   0.144  27.501   32.719   89.5  10.40  14.000    0.04811    2.06    2.50    3.08
17-07-2024 13:58:15.25  154.87   0.144  27.501   32.719   89.5  10.40  14.000    0.03331    2.16    1.73    3.07
17-07-2024 13:58:15.50  154.97   0.145  27.502   32.720   89.5  10.40  14.000    0.03109    2.35    2.13    3.47
17-07-2024 13:58:15.74  155.04   0.145  27.502   32.720   89.5  10.40  14.000    0.03257    1.88    2.54    3.28
17-07-2024 13:58:15.99  155.16   0.145  27.502   32.719   89.5  10.40  14.000    0.04441    1.91    2.53    3.21
17-07-2024 13:58:16.23  155.29   0.145  27.502   32.719   89.5  10.40  14.000    0.05033    1.91    2.53    3.21
17-07-2024 13:58:16.48  155.36   0.146  27.502   32.719   89.5  10.40  14.000    0.03849    2.25    2.56    3.09
17-07-2024 13:58:16.72  155.42   0.146  27.502   32.719   89.4  10.40  14.000    0.03553    2.31    2.22    3.43
17-07-2024 13:58:16.97  155.53   0.146  27.503   32.720   89.4  10.40  14.000    0.04219    2.33    2.59    2.57
17-07-2024 13:58:17.22  155.61   0.146  27.503   32.720   89.4  10.39  14.000    0.03849    2.25    2.12    2.92
17-07-2024 13:58:17.47  155.68   0.147  27.503   32.719   89.4  10.39  14.000    0.03849    2.33    2.18    3.34
17-07-2024 13:58:17.71  155.82   0.147  27.503   32.719   89.4  10.39  14.000    0.04515    2.09    2.27    2.90
17-07-2024 13:58:17.96  155.91   0.147  27.503   32.719   89.4  10.39  14.000    0.04367    2.09    2.27    2.90
17-07-2024 13:58:18.20  156.01   0.147  27.504   32.720   89.4  10.39  14.000    0.04737    1.69    2.24    3.36
17-07-2024 13:58:18.45  156.10   0.147  27.505   32.721   89.4  10.39  14.000    0.03627    2.09    2.58    3.25
17-07-2024 13:58:18.69  156.17   0.147  27.505   32.721   89.3  10.39  14.000    0.03775    2.30    2.38    3.05
17-07-2024 13:58:18.94  156.29   0.147  27.504   32.720   89.3  10.38  14.000    0.03183    1.90    2.32    3.12
17-07-2024 13:58:19.18  156.40   0.147  27.505   32.721   89.3  10.38  14.000    0.04811    2.19    2.47    3.29
17-07-2024 13:58:19.43  156.48   0.148  27.505   32.721   89.3  10.38  14.000    0.01702    2.19    2.47    3.29
17-07-2024 13:58:19.67  156.58   0.148  27.505   32.720   89.3  10.38  14.000    0.04071    2.34    2.59    3.00
17-07-2024 13:58:19.92  156.69   0.148  27.506   32.721   89.3  10.38  14.000    0.05033    2.11    2.14    3.32
17-07-2024 13:58:20.16  156.77   0.148  27.507   32.721   89.3  10.38  14.000    0.04441    2.17    2.18    2.93
17-07-2024 13:58:20.41  156.88   0.149  27.507   32.721   89.3  10.37  14.000    0.03553    2.12    2.33    3.22
17-07-2024 13:58:20.66  156.96   0.149  27.506   32.720   89.3  10.37  14.000    0.03923    1.97    2.62    3.05
17-07-2024 13:58:20.91  157.07   0.149  27.507   32.721   89.2  10.37  14.000    0.03331    2.25    2.32    3.15
17-07-2024 13:58:21.16  157.16   0.150  27.508   32.721   89.2  10.37  14.000    0.04885    1.99    2.32    3.22
17-07-2024 13:58:21.40  157.24   0.150  27.508   32.721   89.2  10.37  14.000    0.03701    1.99    2.32    3.22
17-07-2024 13:58:21.65  157.37   0.150  27.510   32.723   89.2  10.37  14.000    0.03109    2.02    2.30    2.99
17-07-2024 13:58:21.89  157.43   0.151  27.512   32.725   89.2  10.37  14.000    0.05033    1.99    2.25    2.82
17-07-2024 13:58:22.14  157.53   0.152  27.512   32.724   89.2  10.36  14.000    0.04959    2.19    1.92    3.54
17-07-2024 13:58:22.38  157.63   0.153  27.513   32.724   89.2  10.36  14.000    0.02665    2.18    2.51    3.29
17-07-2024 13:58:22.63  157.73   0.153  27.513   32.724   89.2  10.36  14.000    0.03775    2.38    2.40    3.14
17-07-2024 13:58:22.87  157.81   0.154  27.514   32.724   89.1  10.36  14.000    0.03035    2.38    2.40    3.14
17-07-2024 13:58:23.12  157.87   0.155  27.514   32.724   89.1  10.36  14.000    0.03923    2.18    2.34    3.30
17-07-2024 13:58:23.36  157.99   0.155  27.516   32.726   89.1  10.36  14.000    0.04589    2.11    2.68    2.89
17-07-2024 13:58:23.61  158.09   0.155  27.516   32.725   89.1  10.35  14.000    0.03331    2.20    2.48    3.24
17-07-2024 13:58:23.85  158.18   0.156  27.518   32.726   89.1  10.35  14.000    0.04145    1.93    2.41    2.92
17-07-2024 13:58:24.10  158.27   0.157  27.519   32.727   89.1  10.35  14.000    0.04515    1.68    2.34    3.37
17-07-2024 13:58:24.35  158.40   0.158  27.520   32.728   89.1  10.35  14.000    0.04071    2.03    2.26    3.21
17-07-2024 13:58:24.59  158.46   0.159  27.520   32.726   89.0  10.35  14.000    0.04441    2.03    2.26    3.21
17-07-2024 13:58:24.84  158.60   0.160  27.521   32.726   89.0  10.34  14.000    0.03997    1.91    2.03    3.08
17-07-2024 13:58:25.09  158.66   0.160  27.521   32.727   89.0  10.34  14.000    0.02739    2.14    2.53    3.33
17-07-2024 13:58:25.33  158.77   0.161  27.523   32.728   89.0  10.34  14.000    0.03479    2.22    2.22    2.88
17-07-2024 13:58:25.58  158.87   0.162  27.524   32.729   89.0  10.34  14.000    0.03849    1.81    2.68    3.32
17-07-2024 13:58:25.82  158.94   0.163  27.526   32.730   89.0  10.34  14.000    0.04737    2.23    2.49    3.37
17-07-2024 13:58:26.07  159.06   0.164  27.526   32.729   89.0  10.34  14.000    0.04737    1.93    2.24    3.48
17-07-2024 13:58:26.31  159.15   0.164  27.525   32.727   89.0  10.34  14.000    0.04441    1.93    2.24    3.48
17-07-2024 13:58:26.56  159.26   0.165  27.526   32.728   89.0  10.33  14.000    0.05255    2.33    2.25    3.05
17-07-2024 13:58:26.80  159.36   0.164  27.527   32.729   89.0  10.33  14.000    0.04737    2.05    2.55    3.05
17-07-2024 13:58:27.05  159.43   0.165  27.526   32.728   88.9  10.33  14.000    0.03183    2.04    1.93    3.17
17-07-2024 13:58:27.29  159.54   0.165  27.528   32.729   88.9  10.33  14.000    0.04885    2.11    2.01    3.21
17-07-2024 13:58:27.54  159.62   0.166  27.529   32.729   88.9  10.33  14.000    0.03701    2.27    2.55    2.39
17-07-2024 13:58:27.79  159.72   0.166  27.528   32.729   88.9  10.33  14.000    0.03109    1.85    1.87    3.26
17-07-2024 13:58:28.04  159.83   0.167  27.528   32.728   88.9  10.33  14.000    0.04663    1.85    1.87    3.26
17-07-2024 13:58:28.28  159.91   0.167  27.530   32.730   88.9  10.33  14.000    0.04293    1.80    2.13    2.86
17-07-2024 13:58:28.53  160.02   0.167  27.530   32.730   88.9  10.33  14.000    0.05033    2.48    2.31    3.01
17-07-2024 13:58:28.78  160.13   0.168  27.531   32.731   88.9  10.33  14.000    0.03035    2.11    2.15    2.96
17-07-2024 13:58:29.02  160.19   0.169  27.533   32.732   88.9  10.33  14.000    0.03553    2.03    2.25    3.07
17-07-2024 13:58:29.27  160.30   0.170  27.533   32.731   88.9  10.33  14.000    0.04441    2.10    1.98    3.03
17-07-2024 13:58:29.51  160.37   0.170  27.534   32.732   88.9  10.32  14.000    0.05181    2.13    2.09    2.71
17-07-2024 13:58:29.76  160.48   0.171  27.535   32.732   88.9  10.32  14.000    0.03627    2.13    2.09    2.71
17-07-2024 13:58:30.00  160.54   0.172  27.536   32.732   88.9  10.32  14.000    0.03109    2.08    2.20    3.05
17-07-2024 13:58:30.25  160.67   0.174  27.538   32.733   88.9  10.32  14.000    0.04071    1.93    2.31    3.13
17-07-2024 13:58:30.49  160.75   0.174  27.539   32.734   88.9  10.32  14.000    0.02443    1.91    2.31    3.17
17-07-2024 13:58:30.74  160.82   0.175  27.539   32.733   88.8  10.31  14.000    0.04811    1.98    1.81    3.11
17-07-2024 13:58:30.98  160.91   0.176  27.539   32.732   88.9  10.32  14.000    0.04589    2.15    2.40    3.36
17-07-2024 13:58:31.23  160.99   0.176  27.539   32.733   88.9  10.32  14.000    0.02368    2.17    2.29    2.97
17-07-2024 13:58:31.47  161.11   0.177  27.539   32.732   88.9  10.32  14.000    0.03701    2.17    2.29    2.97
17-07-2024 13:58:31.72  161.22   0.177  27.541   32.733   88.9  10.32  14.000    0.04145    2.02    2.29    3.27
17-07-2024 13:58:31.97  161.30   0.177  27.541   32.734   88.9  10.32  14.000    0.03109    2.39    2.18    3.11
17-07-2024 13:58:32.22  161.37   0.178  27.543   32.735   88.8  10.32  14.000    0.04441    1.89    2.41    3.18
17-07-2024 13:58:32.46  161.50   0.179  27.542   32.733   88.8  10.32  14.000    0.03405    1.85    2.52    3.26
17-07-2024 13:58:32.71  161.58   0.179  27.544   32.736   88.8  10.32  14.000    0.04589    1.77    2.05    3.00
17-07-2024 13:58:32.95  161.65   0.179  27.546   32.737   88.8  10.32  14.000    0.03257    2.07    2.35    3.58
17-07-2024 13:58:33.20  161.73   0.181  27.548   32.738   88.8  10.32  14.000    0.03257    2.07    2.35    3.58
17-07-2024 13:58:33.44  161.86   0.182  27.548   32.737   88.8  10.32  14.000    0.03997    2.10    2.24    3.14
17-07-2024 13:58:33.69  161.97   0.183  27.549   32.738   88.8  10.31  14.000    0.04885    2.20    2.25    3.32
17-07-2024 13:58:33.93  162.04   0.183  27.551   32.739   88.8  10.31  14.000    0.03775    2.24    2.32    3.22
17-07-2024 13:58:34.18  162.14   0.184  27.553   32.741   88.8  10.31  14.000    0.04515    2.31    2.29    3.21
17-07-2024 13:58:34.43  162.23   0.186  27.553   32.740   88.8  10.31  14.000    0.05181    1.91    1.98    2.83
17-07-2024 13:58:34.67  162.34   0.187  27.555   32.740   88.8  10.31  14.000    0.04737    2.21    2.02    3.01
17-07-2024 13:58:34.92  162.40   0.188  27.555   32.739   88.8  10.31  14.000    0.03627    2.21    2.02    3.01
17-07-2024 13:58:35.16  162.52   0.189  27.556   32.740   88.8  10.31  14.000    0.03775    2.22    2.36    2.92
17-07-2024 13:58:35.41  162.60   0.189  27.556   32.739   88.8  10.31  14.000    0.03701    2.07    2.61    3.38
17-07-2024 13:58:35.66  162.67   0.190  27.557   32.740   88.8  10.31  14.000    0.03923    2.10    2.86    3.06
17-07-2024 13:58:35.91  162.76   0.191  27.559   32.741   88.8  10.31  14.000    0.04811    2.02    2.99    3.38
17-07-2024 13:58:36.15  162.88   0.191  27.559   32.740   88.8  10.31  14.000    0.03183    2.58    2.40    3.56
17-07-2024 13:58:36.40  162.97   0.192  27.560   32.741   88.9  10.31  14.000    0.03183    2.05    2.12    3.20
17-07-2024 13:58:36.64  163.07   0.193  27.561   32.741   88.8  10.31  14.000    0.05107    2.05    2.12    3.20
17-07-2024 13:58:36.89  163.18   0.194  27.562   32.741   88.8  10.31  14.000    0.02591    2.21    2.20    3.19
17-07-2024 13:58:37.13  163.25   0.194  27.562   32.741   88.9  10.31  14.000    0.04663    2.14    2.31    3.18
17-07-2024 13:58:37.38  163.34   0.195  27.563   32.741   88.8  10.31  14.000    0.04515    1.91    2.13    3.47
17-07-2024 13:58:37.62  163.40   0.195  27.564   32.743   88.8  10.31  14.000    0.03627    2.39    2.63    3.24
17-07-2024 13:58:37.87  163.54   0.197  27.565   32.742   88.9  10.31  14.000    0.04293    2.29    1.85    3.29
17-07-2024 13:58:38.11  163.59   0.197  27.565   32.742   88.9  10.31  14.000    0.03331    2.08    2.61    3.24
17-07-2024 13:58:38.36  163.71   0.198  27.565   32.741   88.9  10.31  14.000    0.05033    2.08    2.61    3.24
17-07-2024 13:58:38.60  163.82   0.198  27.565   32.741   88.9  10.31  14.000    0.05329    2.27    2.28    3.16
17-07-2024 13:58:38.85  163.89   0.198  27.566   32.742   88.9  10.31  14.000    0.03627    2.45    2.25    3.13
17-07-2024 13:58:39.10  163.99   0.198  27.565   32.741   88.9  10.32  14.000    0.04885    2.02    2.69    2.67
17-07-2024 13:58:39.35  164.11   0.198  27.566   32.742   88.9  10.32  14.000    0.04589    2.01    2.34    3.18
17-07-2024 13:58:39.59  164.17   0.199  27.569   32.744   88.9  10.32  14.000    0.03553    2.05    2.17    3.28
17-07-2024 13:58:39.84  164.28   0.200  27.569   32.743   88.9  10.31  14.000    0.04071    2.35    2.06    3.33
17-07-2024 13:58:40.08  164.37   0.200  27.569   32.744   88.9  10.32  14.000    0.02739    2.35    2.06    3.33
17-07-2024 13:58:40.33  164.45   0.201  27.569   32.743   88.9  10.32  14.000    0.04515    1.94    2.37    3.06
17-07-2024 13:58:40.57  164.57   0.201  27.570   32.744   88.9  10.31  14.000    0.02887    1.91    2.42    3.07
17-07-2024 13:58:40.82  164.67   0.201  27.570   32.743   88.9  10.31  14.000    0.03849    2.11    2.24    3.34
17-07-2024 13:58:41.06  164.74   0.202  27.570   32.743   88.9  10.32  14.000    0.05477    1.97    3.04    3.40
17-07-2024 13:58:41.31  164.85   0.202  27.570   32.743   88.9  10.31  14.000    0.01110    1.94    2.22    3.05
17-07-2024 13:58:41.55  164.95   0.202  27.570   32.743   88.8  10.30  14.000   -0.00814    2.22    2.45    3.14
17-07-2024 13:58:41.80  165.04   0.202  27.570   32.743   88.8  10.31  14.000    0.01406    2.22    2.45    3.14
17-07-2024 13:58:42.04  165.12   0.202  27.571   32.744   88.9  10.31  14.000    0.03553    2.40    2.05    3.03
17-07-2024 13:58:42.29  165.24   0.202  27.571   32.744   88.9  10.31  14.000    0.01850    1.75    1.83    3.07
17-07-2024 13:58:42.54  165.30   0.202  27.571   32.743   88.9  10.31  14.000    0.01110    1.94    2.45    3.28
17-07-2024 13:58:42.79  165.38   0.203  27.572   32.745   88.9  10.31  14.000    0.04737    1.99    2.09    3.41
17-07-2024 13:58:43.04  165.47   0.203  27.572   32.744   88.9  10.31  14.000    0.03109    2.02    2.17    3.12
17-07-2024 13:58:43.28  165.55   0.203  27.572   32.744   88.9  10.31  14.000    0.03553    2.10    2.31    3.33
17-07-2024 13:58:43.53  165.66   0.204  27.574   32.746   88.9  10.31  14.000    0.04515    2.10    2.31    3.33
17-07-2024 13:58:43.77  165.75   0.204  27.574   32.745   88.9  10.31  14.000    0.04367    1.86    2.10    3.15
17-07-2024 13:58:44.02  165.83   0.205  27.574   32.744   88.9  10.31  14.000    0.03849    2.34    2.32    3.07
17-07-2024 13:58:44.26  165.94   0.205  27.575   32.746   88.9  10.31  14.000    0.04367    2.22    2.18    3.09
17-07-2024 13:58:44.51  166.03   0.205  27.576   32.746   88.9  10.31  14.000    0.05625    2.11    2.22    3.14
17-07-2024 13:58:44.75  166.12   0.205  27.576   32.746   88.9  10.31  14.000    0.03553    1.98    2.09    2.93
17-07-2024 13:58:45.00  166.20   0.206  27.576   32.745   88.9  10.31  14.000    0.02813    2.06    2.27    3.12
17-07-2024 13:58:45.24  166.30   0.206  27.576   32.746   88.9  10.31  14.000    0.03257    2.06    2.27    3.12
17-07-2024 13:58:45.49  166.36   0.206  27.577   32.746   88.9  10.31  14.000    0.02887    2.16    2.35    3.07
17-07-2024 13:58:45.73  166.47   0.207  27.577   32.746   88.9  10.31  14.000    0.04441    2.40    2.28    3.37
17-07-2024 13:58:45.98  166.53   0.207  27.578   32.747   88.9  10.31  14.000    0.02146    2.04    2.52    3.31
17-07-2024 13:58:46.22  166.62   0.207  27.578   32.746   88.8  10.31  14.000    0.04663    2.18    2.55    2.98
17-07-2024 13:58:46.47  166.74   0.208  27.579   32.746   88.8  10.31  14.000    0.03035    2.33    2.74    2.98
17-07-2024 13:58:46.72  166.81   0.208  27.579   32.747   88.8  10.30  14.000    0.03257    2.14    1.97    3.03
17-07-2024 13:58:46.97  166.93   0.209  27.580   32.748   88.8  10.31  14.000    0.04737    2.14    1.97    3.03
17-07-2024 13:58:47.21  167.02   0.209  27.581   32.748   88.8  10.30  14.000    0.03923    1.99    2.25    3.45
17-07-2024 13:58:47.46  167.11   0.209  27.582   32.749   88.8  10.31  14.000    0.03035    1.74    2.12    3.03
17-07-2024 13:58:47.70  167.19   0.210  27.582   32.748   88.8  10.30  14.000    0.02961    2.13    2.69    2.85
17-07-2024 13:58:47.95  167.29   0.211  27.583   32.749   88.8  10.30  14.000    0.04811    1.92    1.67    3.08
17-07-2024 13:58:48.19  167.41   0.212  27.584   32.749   88.8  10.30  14.000    0.03035    1.97    2.40    3.12
17-07-2024 13:58:48.44  167.50   0.212  27.586   32.750   88.8  10.30  14.000    0.02813    2.02    2.51    3.03
17-07-2024 13:58:48.68  167.59   0.214  27.589   32.753   88.8  10.30  14.000    0.02961    2.02    2.51    3.03
17-07-2024 13:58:48.93  167.67   0.216  27.591   32.753   88.7  10.29  14.000    0.02813    2.23    2.05    3.24
17-07-2024 13:58:49.17  167.75   0.218  27.594   32.755   88.7  10.29  14.000    0.04589    1.61    2.27    3.37
17-07-2024 13:58:49.42  167.85   0.220  27.596   32.755   88.7  10.29  14.000    0.03627    1.88    2.07    3.20
17-07-2024 13:58:49.67  167.95   0.222  27.597   32.755   88.7  10.29  14.000    0.03405    1.94    2.47    3.06
17-07-2024 13:58:49.91  168.06   0.223  27.598   32.754   88.7  10.29  14.000    0.02220    1.95    2.10    2.78
17-07-2024 13:58:50.16  168.15   0.224  27.598   32.753   88.7  10.28  14.000    0.05107    1.87    2.28    3.05
17-07-2024 13:58:50.41  168.23   0.224  27.597   32.752   88.7  10.28  14.000    0.03183    1.87    2.28    3.05
17-07-2024 13:58:50.66  168.32   0.225  27.599   32.754   88.7  10.28  14.000    0.03997    2.03    2.00    3.16
17-07-2024 13:58:50.90  168.42   0.226  27.601   32.756   88.6  10.28  14.000    0.04145    2.26    2.28    3.31
17-07-2024 13:58:51.15  168.51   0.228  27.603   32.756   88.7  10.28  14.000    0.03997    1.95    2.77    2.91
17-07-2024 13:58:51.39  168.57   0.228  27.603   32.756   88.6  10.28  14.000    0.03775    2.11    2.40    3.20
17-07-2024 13:58:51.64  168.68   0.229  27.603   32.755   88.6  10.28  14.000    0.02887    1.86    2.02    3.09
17-07-2024 13:58:51.88  168.75   0.230  27.605   32.757   88.6  10.27  14.000    0.04145    1.81    2.51    3.17
17-07-2024 13:58:52.13  168.85   0.231  27.605   32.756   88.6  10.27  14.000    0.03331    1.81    2.51    3.17
17-07-2024 13:58:52.37  168.96   0.232  27.607   32.757   88.6  10.27  14.000    0.04885    2.18    2.36    3.05
17-07-2024 13:58:52.62  169.04   0.233  27.608   32.758   88.6  10.27  14.000    0.01850    2.20    2.47    3.11
17-07-2024 13:58:52.86  169.14   0.233  27.608   32.757   88.6  10.27  14.000    0.03775    2.06    2.20    3.06
17-07-2024 13:58:53.11  169.22   0.234  27.609   32.757   88.6  10.27  14.000    0.03997    1.83    1.98    3.48
17-07-2024 13:58:53.35  169.30   0.234  27.608   32.756   88.6  10.27  14.000    0.03479    2.02    2.27    3.02
17-07-2024 13:58:53.60  169.39   0.234  27.609   32.757   88.6  10.27  14.000    0.04959    2.13    2.51    3.13
17-07-2024 13:58:53.85  169.50   0.235  27.609   32.756   88.6  10.27  14.000    0.03701    2.13    2.51    3.13
17-07-2024 13:58:54.10  169.57   0.234  27.610   32.758   88.6  10.27  14.000    0.04071    2.08    1.94    3.28
17-07-2024 13:58:54.34  169.68   0.234  27.610   32.757   88.6  10.27  14.000    0.04441    2.02    2.15    3.40
17-07-2024 13:58:54.59  169.78   0.235  27.610   32.758   88.6  10.27  14.000    0.05551    2.11    1.90    3.23
17-07-2024 13:58:54.83  169.89   0.235  27.610   32.758   88.5  10.27  14.000    0.03183    2.11    1.98    3.31
17-07-2024 13:58:55.08  169.97   0.235  27.612   32.759   88.6  10.27  14.000    0.03035    1.91    2.38    3.20
17-07-2024 13:58:55.32  170.06   0.235  27.612   32.759   88.5  10.26  14.000    0.03183    1.95    2.15    3.28
17-07-2024 13:58:55.57  170.14   0.236  27.612   32.758   88.5  10.26  14.000    0.03405    1.95    2.15    3.28
17-07-2024 13:58:55.81  170.25   0.236  27.612   32.758   88.5  10.26  14.000    0.03479    2.52    1.94    3.02
17-07-2024 13:58:56.06  170.37   0.236  27.614   32.760   88.5  10.26  14.000    0.02443    2.17    2.43    3.14
17-07-2024 13:58:56.30  170.47   0.236  27.613   32.759   88.5  10.26  14.000    0.03627    2.32    2.39    3.19
17-07-2024 13:58:56.55  170.54   0.237  27.614   32.759   88.5  10.26  14.000    0.04811    1.95    2.59    3.05
17-07-2024 13:58:56.79  170.66   0.237  27.614   32.759   88.5  10.26  14.000    0.03923    2.00    2.73    2.97
17-07-2024 13:58:57.04  170.72   0.237  27.615   32.761   88.5  10.26  14.000    0.02887    1.91    2.59    3.12
17-07-2024 13:58:57.28  170.83   0.238  27.614   32.758   88.5  10.26  14.000    0.03479    1.91    2.59    3.12
17-07-2024 13:58:57.54  170.91   0.238  27.615   32.760   88.5  10.26  14.000    0.02072    2.35    2.27    3.27
17-07-2024 13:58:57.78  171.01   0.239  27.618   32.762   88.5  10.26  14.000    0.03479    2.08    2.15    3.41
17-07-2024 13:58:58.03  171.09   0.240  27.618   32.761   88.5  10.26  14.000    0.04515    1.96    2.28    3.26
17-07-2024 13:58:58.28  171.19   0.241  27.620   32.763   88.5  10.26  14.000    0.03183    1.92    1.92    3.27
17-07-2024 13:58:58.52  171.27   0.242  27.621   32.763   88.5  10.26  14.000    0.03109    2.29    2.22    3.06
17-07-2024 13:58:58.77  171.39   0.242  27.622   32.764   88.5  10.26  14.000    0.04589    1.88    2.28    3.26
17-07-2024 13:58:59.01  171.45   0.244  27.623   32.764   88.5  10.26  14.000    0.03035    1.88    2.28    3.26
17-07-2024 13:58:59.26  171.54   0.244  27.624   32.765   88.5  10.26  14.000    0.03997    1.91    1.78    3.06
17-07-2024 13:58:59.50  171.65   0.245  27.625   32.764   88.5  10.26  14.000    0.04441    2.03    2.06    2.82
17-07-2024 13:58:59.75  171.75   0.246  27.624   32.762   88.6  10.26  14.000    0.02591    2.01    2.59    2.94
17-07-2024 13:58:59.99  171.81   0.246  27.625   32.764   88.5  10.26  14.000    0.03701    2.17    2.72    3.32
17-07-2024 13:59:00.24  171.91   0.246  27.624   32.762   88.5  10.26  14.000    0.03183    2.05    2.57    3.16
17-07-2024 13:59:00.48  172.01   0.246  27.625   32.764   88.5  10.26  14.000    0.04145    2.05    2.57    3.16
17-07-2024 13:59:00.73  172.09   0.246  27.626   32.764   88.5  10.26  14.000    0.02961    2.18    2.36    3.17
17-07-2024 13:59:00.97  172.19   0.247  27.629   32.767   88.5  10.26  14.000    0.05255    1.99    2.49    3.12
17-07-2024 13:59:01.23  172.27   0.248  27.628   32.765   88.5  10.26  14.000    0.03553    1.85    2.26    3.00
17-07-2024 13:59:01.47  172.35   0.248  27.630   32.767   88.5  10.26  14.000    0.03553    2.33    2.27    3.05
17-07-2024 13:59:01.72  172.46   0.249  27.630   32.767   88.5  10.26  14.000    0.03997    1.99    2.19    3.35
17-07-2024 13:59:01.96  172.54   0.249  27.631   32.767   88.5  10.25  14.000    0.03849    2.49    2.52    2.97
17-07-2024 13:59:02.21  172.65   0.250  27.631   32.767   88.5  10.26  14.000    0.02887    1.69    2.62    2.91
17-07-2024 13:59:02.45  172.74   0.251  27.633   32.768   88.5  10.25  14.000    0.02443    1.69    2.62    2.91
17-07-2024 13:59:02.70  172.83   0.252  27.634   32.769   88.5  10.25  14.000    0.04811    1.94    2.57    3.28
17-07-2024 13:59:02.94  172.92   0.253  27.635   32.768   88.5  10.25  14.000    0.03923    2.14    2.19    2.97
17-07-2024 13:59:03.19  173.02   0.253  27.635   32.768   88.5  10.25  14.000    0.04145    1.89    1.80    3.25
17-07-2024 13:59:03.43  173.11   0.253  27.636   32.769   88.5  10.25  14.000    0.03553    1.88    2.89    3.07
17-07-2024 13:59:03.68  173.21   0.254  27.636   32.769   88.5  10.25  14.000    0.03849    1.94    2.24    3.28
17-07-2024 13:59:03.92  173.33   0.255  27.639   32.771   88.4  10.25  14.000    0.04515    1.94    2.24    3.28
17-07-2024 13:59:04.17  173.38   0.256  27.639   32.770   88.4  10.25  14.000    0.03109    2.00    2.03    2.89
17-07-2024 13:59:04.41  173.53   0.258  27.642   32.772   88.4  10.25  14.000    0.04811    2.19    2.46    3.45
17-07-2024 13:59:04.66  173.62   0.259  27.643   32.772   88.4  10.24  14.000    0.03479    2.10    2.24    3.19
17-07-2024 13:59:04.91  173.70   0.260  27.645   32.774   88.4  10.24  14.000    0.03479    1.95    1.74    3.29
17-07-2024 13:59:05.16  173.76   0.262  27.645   32.772   88.4  10.24  14.000    0.04145    2.18    2.49    3.17
17-07-2024 13:59:05.41  173.87   0.263  27.647   32.772   88.4  10.24  14.000    0.03775    2.16    2.15    3.34
17-07-2024 13:59:05.65  173.98   0.263  27.647   32.773   88.4  10.24  14.000    0.03035    2.16    2.15    3.34
17-07-2024 13:59:05.90  174.06   0.264  27.649   32.775   88.4  10.24  14.000    0.02220    1.98    2.56    2.96
17-07-2024 13:59:06.14  174.16   0.265  27.649   32.773   88.4  10.24  14.000    0.03479    1.94    2.10    3.15
17-07-2024 13:59:06.39  174.24   0.266  27.650   32.773   88.3  10.23  14.000    0.05403    2.00    2.01    2.98
17-07-2024 13:59:06.63  174.34   0.266  27.650   32.773   88.4  10.23  14.000    0.03109    1.91    1.93    2.94
17-07-2024 13:59:06.88  174.45   0.266  27.651   32.775   88.4  10.23  14.000    0.04441    2.18    2.29    3.08
17-07-2024 13:59:07.12  174.51   0.267  27.652   32.775   88.3  10.23  14.000    0.04959    2.12    2.34    3.38
17-07-2024 13:59:07.37  174.62   0.267  27.651   32.773   88.3  10.23  14.000    0.03405    2.12    2.34    3.38
17-07-2024 13:59:07.61  174.68   0.268  27.652   32.773   88.3  10.23  14.000    0.03183    1.94    2.22    3.32
17-07-2024 13:59:07.86  174.79   0.268  27.653   32.775   88.3  10.23  14.000    0.04441    2.01    2.34    3.37
17-07-2024 13:59:08.10  174.87   0.269  27.653   32.774   88.3  10.23  14.000    0.02294    2.14    1.99    2.86
17-07-2024 13:59:08.35  174.99   0.269  27.654   32.775   88.3  10.23  14.000    0.03553    1.90    2.15    3.06
17-07-2024 13:59:08.60  175.09   0.269  27.653   32.774   88.3  10.23  14.000    0.02443    2.72    2.19    3.14
17-07-2024 13:59:08.85  175.18   0.270  27.653   32.773   88.3  10.23  14.000    0.03627    2.34    2.07    3.13
17-07-2024 13:59:09.10  175.27   0.270  27.655   32.775   88.3  10.23  14.000    0.03331    2.34    2.07    3.13
17-07-2024 13:59:09.34  175.36   0.270  27.654   32.774   88.3  10.22  14.000    0.02813    2.15    2.50    3.08
17-07-2024 13:59:09.59  175.45   0.270  27.654   32.774   88.3  10.22  14.000    0.04885    1.95    2.44    3.13
17-07-2024 13:59:09.83  175.54   0.271  27.655   32.774   88.3  10.22  14.000    0.03109    1.88    2.23    3.21
17-07-2024 13:59:10.08  175.65   0.271  27.656   32.775   88.3  10.22  14.000    0.04441    1.86    2.18    3.24
17-07-2024 13:59:10.32  175.77   0.272  27.658   32.776   88.3  10.22  14.000    0.04441    2.38    2.09    2.92
17-07-2024 13:59:10.57  175.85   0.273  27.658   32.775   88.2  10.22  14.000    0.02887    2.01    2.33    3.19
17-07-2024 13:59:10.81  175.92   0.273  27.658   32.775   88.2  10.22  14.000    0.03923    2.01    2.33    3.19
17-07-2024 13:59:11.06  176.01   0.273  27.659   32.776   88.3  10.22  14.000    0.04515    1.74    2.19    2.97
17-07-2024 13:59:11.30  176.11   0.274  27.659   32.776   88.2  10.22  14.000    0.02813    2.14    2.29    3.26
17-07-2024 13:59:11.55  176.20   0.274  27.660   32.777   88.2  10.22  14.000    0.04441    1.96    2.30    3.07
17-07-2024 13:59:11.79  176.28   0.275  27.662   32.779   88.2  10.21  14.000    0.02220    2.16    2.21    3.18
17-07-2024 13:59:12.04  176.37   0.277  27.664   32.779   88.2  10.21  14.000    0.04515    1.94    2.10    3.31
17-07-2024 13:59:12.29  176.47   0.278  27.666   32.780   88.2  10.21  14.000    0.04663    1.83    2.45    3.06
17-07-2024 13:59:12.53  176.56   0.280  27.667   32.780   88.2  10.21  14.000    0.03775    1.83    2.45    3.06
17-07-2024 13:59:12.78  176.67   0.281  27.667   32.779   88.2  10.21  14.000    0.03331    2.05    2.48    3.05
17-07-2024 13:59:13.03  176.73   0.282  27.669   32.780   88.2  10.21  14.000    0.05181    2.22    2.25    3.67
17-07-2024 13:59:13.27  176.84   0.283  27.669   32.779   88.2  10.21  14.000    0.05181    1.93    2.45    3.18
17-07-2024 13:59:13.52  176.94   0.284  27.671   32.781   88.2  10.21  14.000    0.02220    2.07    2.37    3.21
17-07-2024 13:59:13.76  177.02   0.285  27.672   32.780   88.2  10.21  14.000    0.04293    1.95    2.55    3.13
17-07-2024 13:59:14.01  177.14   0.286  27.673   32.781   88.2  10.21  14.000    0.03257    1.92    2.37    2.90
17-07-2024 13:59:14.25  177.20   0.287  27.674   32.781   88.2  10.21  14.000    0.02443    1.92    2.37    2.90
17-07-2024 13:59:14.50  177.29   0.288  27.674   32.781   88.2  10.20  14.000    0.03997    2.41    2.15    2.78
17-07-2024 13:59:14.74  177.37   0.288  27.675   32.780   88.1  10.20  14.000    0.03257    2.22    2.02    3.09
17-07-2024 13:59:14.99  177.48   0.288  27.675   32.781   88.1  10.20  14.000    0.03405    2.18    2.00    3.22
17-07-2024 13:59:15.23  177.57   0.288  27.676   32.781   88.1  10.20  14.000    0.04293    2.08    2.22    2.68
17-07-2024 13:59:15.48  177.65   0.289  27.674   32.779   88.1  10.20  14.000    0.04145    1.97    1.94    3.48
17-07-2024 13:59:15.72  177.76   0.289  27.676   32.781   88.1  10.20  14.000    0.05107    1.98    1.77    3.39
17-07-2024 13:59:15.97  177.86   0.289  27.676   32.781   88.1  10.20  14.000    0.03553    1.98    1.77    3.39
17-07-2024 13:59:16.23  177.96   0.289  27.676   32.780   88.1  10.20  14.000    0.03923    2.27    2.22    3.44
17-07-2024 13:59:16.47  178.04   0.289  27.676   32.781   88.1  10.20  14.000    0.03701    2.03    2.57    3.14
17-07-2024 13:59:16.71  178.13   0.289  27.677   32.781   88.1  10.20  14.000    0.04219    1.96    1.64    3.00
17-07-2024 13:59:16.96  178.21   0.289  27.677   32.782   88.1  10.20  14.000    0.03035    2.10    2.64    3.07
17-07-2024 13:59:17.21  178.30   0.290  27.677   32.781   88.1  10.19  14.000    0.04145    2.23    2.47    3.04
17-07-2024 13:59:17.45  178.43   0.290  27.678   32.782   88.1  10.19  14.000    0.03183    1.88    2.26    3.44
17-07-2024 13:59:17.69  178.48   0.290  27.678   32.781   88.0  10.19  14.000    0.02961    1.88    2.26    3.44
17-07-2024 13:59:17.94  178.60   0.291  27.679   32.783   88.0  10.19  14.000    0.03331    2.12    2.16    3.41
17-07-2024 13:59:18.19  178.69   0.290  27.678   32.782   88.0  10.19  14.000    0.03997    1.94    2.24    3.08
17-07-2024 13:59:18.43  178.78   0.291  27.679   32.782   88.0  10.18  14.000    0.03701    1.99    2.16    2.88
17-07-2024 13:59:18.68  178.86   0.291  27.679   32.783   88.0  10.19  14.000    0.04885    2.04    2.38    3.19
17-07-2024 13:59:18.92  178.94   0.291  27.679   32.782   88.0  10.18  14.000    0.05107    1.89    2.08    3.06
17-07-2024 13:59:19.17  179.02   0.291  27.680   32.783   88.0  10.18  14.000    0.03923    2.09    2.33    3.07
17-07-2024 13:59:19.41  179.13   0.292  27.679   32.781   88.0  10.18  14.000    0.04515    2.09    2.33    3.07
17-07-2024 13:59:19.66  179.26   0.292  27.681   32.783   88.0  10.18  14.000    0.02739    2.13    2.10    3.54
17-07-2024 13:59:19.91  179.33   0.292  27.681   32.784   87.9  10.18  14.000    0.01554    2.23    2.25    2.96
17-07-2024 13:59:20.16  179.41   0.292  27.680   32.782   87.9  10.18  14.000    0.01702    2.02    2.29    3.16
17-07-2024 13:59:20.40  179.53   0.292  27.682   32.784   87.9  10.18  14.000    0.04811    2.17    2.58    3.14
17-07-2024 13:59:20.65  179.59   0.293  27.683   32.785   87.9  10.18  14.000    0.01776    1.90    2.57    3.07
17-07-2024 13:59:20.89  179.71   0.295  27.684   32.784   87.9  10.17  14.000    0.02591    2.09    2.05    3.21
17-07-2024 13:59:21.14  179.80   0.295  27.685   32.784   87.9  10.17  14.000    0.03553    2.09    2.05    3.21
17-07-2024 13:59:21.38  179.87   0.296  27.686   32.785   87.9  10.17  14.000    0.02591    1.95    2.20    3.25
17-07-2024 13:59:21.63  179.99   0.297  27.687   32.785   87.9  10.17  14.000    0.03109    2.04    2.47    3.14
17-07-2024 13:59:21.87  180.04   0.297  27.686   32.785   87.8  10.16  14.000    0.03405    2.29    2.26    3.14
17-07-2024 13:59:22.12  180.14   0.297  27.687   32.785   87.8  10.16  14.000    0.05477    2.03    2.26    3.03
17-07-2024 13:59:22.36  180.23   0.297  27.688   32.786   87.8  10.16  14.000    0.01702    2.25    2.11    3.12
17-07-2024 13:59:22.61  180.36   0.297  27.687   32.785   87.8  10.16  14.000    0.04367    2.12    2.35    3.28
17-07-2024 13:59:22.85  180.42   0.298  27.688   32.786   87.8  10.16  14.000    0.04145    2.12    2.35    3.28
17-07-2024 13:59:23.10  180.52   0.298  27.686   32.784   87.8  10.16  14.000    0.04515    2.10    2.23    3.12
17-07-2024 13:59:23.35  180.62   0.297  27.688   32.786   87.8  10.16  14.000    0.03257    1.88    2.27    2.86
17-07-2024 13:59:23.60  180.72   0.298  27.688   32.785   87.8  10.16  14.000    0.03331    2.18    1.91    3.12
17-07-2024 13:59:23.85  180.82   0.298  27.688   32.785   87.8  10.16  14.000    0.05033    2.12    2.26    3.33
17-07-2024 13:59:24.09  180.92   0.298  27.687   32.784   87.8  10.16  14.000    0.02443    2.07    2.35    3.15
17-07-2024 13:59:24.34  181.02   0.298  27.688   32.785   87.8  10.16  14.000    0.04959    1.84    2.40    3.52
17-07-2024 13:59:24.58  181.09   0.297  27.685   32.782   87.8  10.16  14.000    0.03701    1.84    2.40    3.52
17-07-2024 13:59:24.83  181.21   0.298  27.688   32.785   87.8  10.15  14.000    0.03035    1.93    1.99    3.22
17-07-2024 13:59:25.07  181.29   0.298  27.687   32.784   87.7  10.15  14.000    0.01776    2.20    2.16    2.92
17-07-2024 13:59:25.32  181.39   0.297  27.688   32.786   87.7  10.15  14.000    0.03775    2.43    2.06    3.02
17-07-2024 13:59:25.56  181.50   0.298  27.688   32.785   87.7  10.15  14.000    0.04737    2.17    2.58    3.33
17-07-2024 13:59:25.81  181.58   0.298  27.688   32.785   87.7  10.15  14.000    0.04589    1.85    2.54    2.86
17-07-2024 13:59:26.05  181.67   0.298  27.687   32.784   87.7  10.15  14.000    0.03183    2.04    1.99    3.10
17-07-2024 13:59:26.30  181.78   0.298  27.688   32.785   87.7  10.15  14.000    0.01998    2.04    1.99    3.10
17-07-2024 13:59:26.54  181.89   0.298  27.689   32.786   87.7  10.15  14.000    0.03923    1.97    1.97    3.12
17-07-2024 13:59:26.79  181.94   0.299  27.690   32.787   87.7  10.15  14.000    0.03109    1.67    1.76    3.04
17-07-2024 13:59:27.05  182.03   0.299  27.691   32.787   87.7  10.14  14.000    0.03109    1.95    2.42    2.96
17-07-2024 13:59:27.28  182.14   0.299  27.692   32.788   87.7  10.14  14.000    0.03405    2.10    2.49    3.19
17-07-2024 13:59:27.53  182.26   0.300  27.693   32.788   87.7  10.14  14.000    0.04959    2.06    2.64    3.36
17-07-2024 13:59:27.78  182.30   0.302  27.693   32.788   87.6  10.14  14.000    0.03257    2.23    2.02    3.05
17-07-2024 13:59:28.02  182.40   0.302  27.695   32.789   87.6  10.14  14.000    0.02813    2.23    2.02    3.05
17-07-2024 13:59:28.27  182.48   0.303  27.697   32.791   87.6  10.14  14.000    0.03257    2.09    1.94    3.39
17-07-2024 13:59:28.51  182.59   0.305  27.698   32.791   87.6  10.14  14.000    0.02887    2.20    2.63    3.19
17-07-2024 13:59:28.76  182.68   0.306  27.700   32.791   87.6  10.14  14.000    0.02665    1.85    2.08    3.35
17-07-2024 13:59:29.00  182.75   0.306  27.699   32.789   87.6  10.14  14.000    0.02665    1.98    2.74    3.35
17-07-2024 13:59:29.25  182.86   0.306  27.699   32.790   87.6  10.14  14.000    0.03923    2.23    2.33    3.14
17-07-2024 13:59:29.49  182.96   0.306  27.700   32.791   87.6  10.13  14.000    0.03701    2.01    2.26    3.15
17-07-2024 13:59:29.74  183.01   0.307  27.700   32.791   87.6  10.13  14.000    0.03035    2.01    2.26    3.15
17-07-2024 13:59:29.98  183.11   0.307  27.700   32.790   87.6  10.13  14.000    0.02220    1.97    2.50    3.29
17-07-2024 13:59:30.23  183.24   0.308  27.701   32.791   87.6  10.13  14.000    0.03405    1.99    1.79    3.13
17-07-2024 13:59:30.47  183.33   0.308  27.701   32.791   87.6  10.13  14.000    0.02294    2.39    2.34    2.95
17-07-2024 13:59:30.73  183.43   0.308  27.702   32.791   87.5  10.13  14.000    0.03479    1.91    2.55    3.17
17-07-2024 13:59:30.97  183.51   0.308  27.702   32.791   87.6  10.13  14.000    0.03849    1.95    2.36    2.90
17-07-2024 13:59:31.22  183.62   0.309  27.704   32.793   87.5  10.13  14.000    0.02665    2.23    2.37    2.77
17-07-2024 13:59:31.47  183.70   0.310  27.705   32.793   87.5  10.13  14.000    0.01702    2.23    2.37    2.77
17-07-2024 13:59:31.71  183.80   0.310  27.705   32.792   87.5  10.12  14.000    0.03553    2.18    2.24    3.20
17-07-2024 13:59:31.96  183.93   0.311  27.705   32.793   87.5  10.12  14.000    0.03849    2.35    2.06    3.04
17-07-2024 13:59:32.20  184.00   0.311  27.706   32.793   87.5  10.12  14.000    0.02739    1.90    2.66    3.06
17-07-2024 13:59:32.45  184.08   0.311  27.705   32.792   87.5  10.12  14.000    0.02739    2.10    2.37    3.10
17-07-2024 13:59:32.69  184.20   0.311  27.706   32.793   87.5  10.12  14.000    0.02591    2.15    2.42    2.69
17-07-2024 13:59:32.94  184.27   0.312  27.706   32.792   87.5  10.12  14.000    0.02368    1.75    2.30    2.97
17-07-2024 13:59:33.18  184.38   0.311  27.707   32.793   87.5  10.12  14.000    0.02443    1.75    2.30    2.97
17-07-2024 13:59:33.43  184.48   0.313  27.708   32.794   87.5  10.12  14.000    0.01924    2.28    1.94    2.96
17-07-2024 13:59:33.67  184.56   0.312  27.707   32.793   87.5  10.12  14.000    0.02591    1.89    2.76    3.23
17-07-2024 13:59:33.92  184.69   0.313  27.707   32.792   87.5  10.12  14.000    0.03109    1.90    2.86    3.18
17-07-2024 13:59:34.16  184.76   0.313  27.708   32.793   87.5  10.12  14.000    0.04293    2.28    2.46    3.32
17-07-2024 13:59:34.42  184.84   0.313  27.708   32.793   87.5  10.12  14.000    0.03775    2.27    2.52    3.15
17-07-2024 13:59:34.66  184.95   0.313  27.709   32.795   87.5  10.12  14.000    0.02665    2.02    1.85    3.17
17-07-2024 13:59:34.91  185.06   0.314  27.710   32.795   87.5  10.12  14.000    0.03257    2.02    1.85    3.17
17-07-2024 13:59:35.16  185.15   0.314  27.709   32.793   87.5  10.12  14.000    0.04663    2.36    2.24    3.41
17-07-2024 13:59:35.40  185.22   0.314  27.710   32.794   87.5  10.11  14.000    0.04219    1.89    2.32    3.16
17-07-2024 13:59:35.65  185.31   0.315  27.709   32.793   87.5  10.11  14.000    0.02146    2.25    2.72    3.04
17-07-2024 13:59:35.89  185.38   0.315  27.710   32.794   87.5  10.12  14.000    0.03331    1.95    2.58    3.12
17-07-2024 13:59:36.14  185.51   0.315  27.711   32.796   87.5  10.12  14.000    0.02887    2.26    2.18    3.40
17-07-2024 13:59:36.38  185.59   0.315  27.711   32.794   87.5  10.11  14.000    0.02591    2.11    2.61    3.10
17-07-2024 13:59:36.63  185.71   0.315  27.711   32.794   87.5  10.12  14.000    0.04293    2.11    2.61    3.10
17-07-2024 13:59:36.87  185.78   0.316  27.712   32.794   87.4  10.11  14.000    0.02887    2.08    2.18    3.45
17-07-2024 13:59:37.12  185.89   0.316  27.712   32.795   87.4  10.11  14.000    0.03997    1.97    2.27    3.35
17-07-2024 13:59:37.36  185.97   0.316  27.712   32.795   87.5  10.11  14.000    0.02443    2.23    2.69    3.24
17-07-2024 13:59:37.61  186.05   0.316  27.712   32.794   87.4  10.11  14.000    0.04145    1.89    2.28    3.61
17-07-2024 13:59:37.85  186.15   0.316  27.712   32.794   87.4  10.11  14.000    0.04293    2.09    2.22    2.99
17-07-2024 13:59:38.11  186.25   0.316  27.713   32.795   87.4  10.11  14.000    0.03775    1.91    2.02    3.26
17-07-2024 13:59:38.35  186.34   0.317  27.712   32.793   87.4  10.11  14.000    0.01924    1.91    2.02    3.26
17-07-2024 13:59:38.60  186.41   0.317  27.713   32.794   87.4  10.11  14.000    0.04145    2.39    2.50    3.32
17-07-2024 13:59:38.84  186.55   0.317  27.714   32.795   87.4  10.11  14.000    0.04219    2.13    2.47    3.25
17-07-2024 13:59:39.09  186.64   0.316  27.713   32.795   87.4  10.11  14.000    0.02294    1.87    1.86    2.97
17-07-2024 13:59:39.33  186.70   0.317  27.714   32.795   87.4  10.11  14.000    0.03775    2.06    2.19    3.14
17-07-2024 13:59:39.58  186.82   0.317  27.713   32.794   87.4  10.11  14.000    0.03109    1.81    2.67    3.21
17-07-2024 13:59:39.82  186.91   0.317  27.714   32.795   87.4  10.11  14.000    0.04145    2.40    2.51    3.02
17-07-2024 13:59:40.07  186.99   0.317  27.714   32.796   87.4  10.11  14.000    0.03331    2.40    2.51    3.02
17-07-2024 13:59:40.31  187.10   0.318  27.715   32.796   87.4  10.11  14.000    0.01406    2.06    2.11    3.29
17-07-2024 13:59:40.56  187.19   0.318  27.715   32.796   87.4  10.11  14.000    0.03035    2.16    2.06    3.14
17-07-2024 13:59:40.80  187.27   0.318  27.715   32.796   87.4  10.11  14.000    0.02294    2.16    2.12    3.15
17-07-2024 13:59:41.05  187.38   0.318  27.716   32.797   87.4  10.11  14.000    0.02961    2.19    1.93    3.19
17-07-2024 13:59:41.29  187.45   0.318  27.716   32.796   87.4  10.11  14.000    0.02294    1.95    1.71    3.62
17-07-2024 13:59:41.54  187.55   0.319  27.716   32.796   87.4  10.10  14.000    0.03331    1.95    1.71    3.62
17-07-2024 13:59:41.79  187.63   0.319  27.716   32.795   87.4  10.10  14.000    0.03183    2.07    2.10    3.48
17-07-2024 13:59:42.03  187.71   0.319  27.717   32.797   87.4  10.10  14.000    0.04663    2.33    2.47    3.22
17-07-2024 13:59:42.28  187.80   0.319  27.717   32.797   87.4  10.10  14.000    0.02220    1.98    2.55    3.18
17-07-2024 13:59:42.53  187.90   0.320  27.719   32.798   87.4  10.10  14.000    0.03701    2.01    2.16    3.23
17-07-2024 13:59:42.77  187.99   0.321  27.719   32.798   87.4  10.10  14.000    0.03331    2.22    1.94    2.99
17-07-2024 13:59:43.02  188.09   0.320  27.720   32.799   87.4  10.10  14.000    0.03035    2.26    2.25    3.31
17-07-2024 13:59:43.26  188.17   0.321  27.719   32.797   87.3  10.10  14.000    0.04071    2.09    2.47    3.02
17-07-2024 13:59:43.51  188.25   0.321  27.720   32.797   87.4  10.10  14.000    0.03701    2.09    2.47    3.02
17-07-2024 13:59:43.75  188.37   0.321  27.720   32.798   87.4  10.10  14.000    0.04959    2.28    2.01    3.22
17-07-2024 13:59:44.00  188.47   0.322  27.721   32.798   87.3  10.10  14.000    0.03257    1.83    2.24    3.16
17-07-2024 13:59:44.24  188.55   0.323  27.722   32.799   87.3  10.10  14.000    0.02887    2.08    2.12    3.38
17-07-2024 13:59:44.49  188.63   0.323  27.723   32.800   87.3  10.10  14.000    0.02961    1.61    1.96    2.84
17-07-2024 13:59:44.73  188.74   0.324  27.723   32.799   87.3  10.10  14.000    0.02220    1.87    2.18    3.26
17-07-2024 13:59:44.98  188.82   0.325  27.726   32.801   87.3  10.10  14.000    0.02368    1.87    2.18    3.26
17-07-2024 13:59:45.22  188.92   0.325  27.725   32.800   87.3  10.09  14.000    0.03627    1.76    1.91    3.21
17-07-2024 13:59:45.48  189.02   0.326  27.726   32.800   87.3  10.09  14.000    0.03775    2.08    2.36    3.08
17-07-2024 13:59:45.72  189.11   0.326  27.726   32.800   87.3  10.09  14.000    0.02887    2.38    2.38    2.97
17-07-2024 13:59:45.97  189.19   0.327  27.726   32.799   87.3  10.09  14.000    0.02887    2.17    2.49    3.41
17-07-2024 13:59:46.21  189.30   0.327  27.728   32.802   87.3  10.09  14.000    0.03109    2.09    2.40    2.94
17-07-2024 13:59:46.46  189.38   0.327  27.728   32.802   87.3  10.09  14.000    0.03109    2.16    2.11    3.01
17-07-2024 13:59:46.71  189.50   0.328  27.728   32.801   87.3  10.09  14.000    0.02591    2.16    2.11    3.01
17-07-2024 13:59:46.95  189.57   0.328  27.729   32.801   87.3  10.09  14.000    0.02443    2.09    2.49    3.02
17-07-2024 13:59:47.20  189.67   0.328  27.730   32.802   87.3  10.09  14.000    0.04145    2.29    1.99    2.85
17-07-2024 13:59:47.44  189.76   0.329  27.731   32.803   87.3  10.09  14.000    0.05255    2.01    2.72    3.25
17-07-2024 13:59:47.69  189.87   0.329  27.730   32.802   87.3  10.09  14.000    0.02443    2.15    2.27    3.34
17-07-2024 13:59:47.93  189.95   0.329  27.730   32.802   87.3  10.09  14.000    0.02591    1.89    2.07    2.85
17-07-2024 13:59:48.18  190.02   0.330  27.732   32.803   87.3  10.09  14.000    0.03479    2.08    2.20    3.23
17-07-2024 13:59:48.42  190.10   0.330  27.733   32.804   87.3  10.09  14.000    0.03257    2.08    2.20    3.23
17-07-2024 13:59:48.67  190.22   0.330  27.732   32.803   87.3  10.09  14.000    0.02072    2.19    2.05    3.36
17-07-2024 13:59:48.91  190.31   0.331  27.733   32.803   87.3  10.09  14.000    0.04441    1.70    1.84    3.14
17-07-2024 13:59:49.17  190.41   0.331  27.734   32.804   87.3  10.09  14.000    0.00518    2.09    2.41    3.09
17-07-2024 13:59:49.41  190.50   0.332  27.734   32.804   87.3  10.09  14.000    0.02294    1.93    2.11    3.05
17-07-2024 13:59:49.66  190.57   0.332  27.734   32.803   87.2  10.09  14.000    0.02961    1.94    2.34    3.01
17-07-2024 13:59:49.90  190.67   0.332  27.734   32.803   87.3  10.09  14.000    0.04071    2.11    2.86    3.24
17-07-2024 13:59:50.15  190.77   0.333  27.736   32.805   87.2  10.09  14.000    0.02739    2.11    2.86    3.24
17-07-2024 13:59:50.39  190.85   0.333  27.735   32.804   87.2  10.08  14.000    0.03035    1.89    2.74    3.01
17-07-2024 13:59:50.64  190.95   0.333  27.737   32.806   87.2  10.08  14.000    0.04589    1.82    2.22    3.17
17-07-2024 13:59:50.88  191.04   0.334  27.737   32.805   87.2  10.08  14.000    0.03479    1.84    1.97    2.80
17-07-2024 13:59:51.13  191.13   0.335  27.738   32.805   87.2  10.08  14.000    0.03257    1.82    2.48    3.14
17-07-2024 13:59:51.37  191.19   0.335  27.738   32.805   87.2  10.08  14.000    0.03849    2.08    1.98    2.82
17-07-2024 13:59:51.62  191.31   0.336  27.739   32.806   87.2  10.08  14.000    0.03479    2.02    1.73    3.03
17-07-2024 13:59:51.86  191.38   0.336  27.739   32.806   87.2  10.08  14.000    0.03849    2.02    1.73    3.03
17-07-2024 13:59:52.11  191.49   0.336  27.739   32.806   87.2  10.08  14.000    0.03627    2.17    2.34    3.60
17-07-2024 13:59:52.35  191.57   0.336  27.740   32.806   87.2  10.08  14.000    0.03553    1.76    2.34    2.98
17-07-2024 13:59:52.60  191.64   0.336  27.740   32.806   87.2  10.08  14.000    0.02665    2.24    2.18    3.21
17-07-2024 13:59:52.85  191.73   0.336  27.740   32.806   87.2  10.08  14.000    0.01924    2.15    2.26    3.29
17-07-2024 13:59:53.09  191.85   0.336  27.741   32.807   87.2  10.08  14.000    0.03923    2.22    2.61    3.02
17-07-2024 13:59:53.34  191.93   0.337  27.741   32.807   87.2  10.08  14.000    0.02146    2.00    2.32    3.51
17-07-2024 13:59:53.59  192.05   0.337  27.742   32.807   87.2  10.07  14.000    0.02739    2.00    2.32    3.51
17-07-2024 13:59:53.83  192.12   0.338  27.743   32.808   87.2  10.07  14.000    0.03405    2.09    2.38    2.82
17-07-2024 13:59:54.08  192.19   0.338  27.743   32.807   87.1  10.07  14.000    0.04367    2.07    2.66    2.96
17-07-2024 13:59:54.33  192.30   0.339  27.745   32.809   87.2  10.07  14.000    0.03257    2.23    2.26    3.02
17-07-2024 13:59:54.57  192.37   0.340  27.746   32.809   87.1  10.07  14.000    0.02517    2.29    2.15    3.07
17-07-2024 13:59:54.82  192.48   0.341  27.746   32.809   87.1  10.07  14.000    0.02665    1.91    2.11    3.12
17-07-2024 13:59:55.06  192.58   0.342  27.747   32.809   87.2  10.07  14.000    0.02443    2.27    2.10    3.28
17-07-2024 13:59:55.30  192.66   0.342  27.748   32.810   87.1  10.07  14.000    0.03109    2.27    2.10    3.28
17-07-2024 13:59:55.55  192.76   0.343  27.749   32.810   87.1  10.07  14.000    0.03479    2.00    2.61    3.17
17-07-2024 13:59:55.80  192.83   0.343  27.749   32.810   87.1  10.07  14.000    0.02591    2.13    2.46    2.85
17-07-2024 13:59:56.04  192.92   0.344  27.749   32.810   87.1  10.07  14.000    0.02665    2.35    2.34    3.16
17-07-2024 13:59:56.28  193.00   0.344  27.749   32.810   87.1  10.06  14.000    0.03479    1.77    1.83    3.16
17-07-2024 13:59:56.54  193.11   0.344  27.750   32.810   87.1  10.07  14.000    0.02887    2.03    2.46    3.37
17-07-2024 13:59:56.78  193.19   0.344  27.750   32.810   87.1  10.06  14.000    0.02517    1.92    2.36    3.45
17-07-2024 13:59:57.03  193.26   0.344  27.749   32.808   87.1  10.06  14.000    0.02961    1.92    2.36    3.45
17-07-2024 13:59:57.28  193.37   0.344  27.749   32.809   87.1  10.06  14.000    0.01406    2.13    2.20    2.97
17-07-2024 13:59:57.52  193.47   0.344  27.749   32.809   87.1  10.06  14.000    0.04145    1.99    2.05    3.04
17-07-2024 13:59:57.77  193.57   0.344  27.750   32.810   87.1  10.06  14.000    0.04145    1.98    1.74    3.32
17-07-2024 13:59:58.01  193.63   0.345  27.750   32.810   87.1  10.06  14.000    0.03183    2.02    2.33    3.19
17-07-2024 13:59:58.26  193.72   0.344  27.750   32.810   87.1  10.06  14.000    0.03775    1.77    1.66    3.14
17-07-2024 13:59:58.50  193.80   0.344  27.750   32.810   87.1  10.06  14.000    0.03109    1.90    2.18    3.44
17-07-2024 13:59:58.75  193.89   0.344  27.750   32.810   87.1  10.06  14.000    0.01998    1.90    2.18    3.44
17-07-2024 13:59:58.99  193.99   0.343  27.750   32.810   87.0  10.06  14.000    0.03405    1.97    2.49    2.98
17-07-2024 13:59:59.24  194.07   0.344  27.750   32.810   87.1  10.06  14.000    0.02887    1.97    2.23    3.52
17-07-2024 13:59:59.48  194.18   0.343  27.750   32.810   87.1  10.06  14.000    0.02368    2.03    2.68    3.03
17-07-2024 13:59:59.73  194.27   0.343  27.750   32.811   87.1  10.06  14.000    0.03109    2.15    2.33    3.12
17-07-2024 13:59:59.97  194.38   0.343  27.750   32.810   87.1  10.06  14.000    0.03183    1.93    2.30    3.09
17-07-2024 14:00:00.23  194.45   0.343  27.750   32.811   87.0  10.06  14.000    0.05181    1.92    2.16    3.00
17-07-2024 14:00:00.47  194.55   0.343  27.748   32.809   87.0  10.06  14.000    0.01554    1.92    2.16    3.00
17-07-2024 14:00:00.72  194.62   0.342  27.750   32.811   87.0  10.06  14.000    0.03997    2.13    2.11    2.84
17-07-2024 14:00:00.96  194.72   0.343  27.751   32.812   87.1  10.06  14.000    0.03923    2.01    2.66    3.17
17-07-2024 14:00:01.21  194.79   0.343  27.751   32.812   87.0  10.06  14.000    0.03627    2.12    2.64    2.94
17-07-2024 14:00:01.45  194.88   0.343  27.751   32.812   87.0  10.06  14.000    0.04811    2.14    2.34    2.92
17-07-2024 14:00:01.70  195.00   0.344  27.753   32.813   87.0  10.06  14.000    0.03479    2.28    3.04    3.33
17-07-2024 14:00:01.94  195.05   0.346  27.754   32.812   87.0  10.06  14.000    0.04219    2.33    2.50    3.02
17-07-2024 14:00:02.19  195.18   0.347  27.755   32.812   87.0  10.05  14.000    0.03331    2.33    2.50    3.02
17-07-2024 14:00:02.43  195.27   0.347  27.755   32.812   87.0  10.06  14.000    0.04219    1.99    2.56    3.09
17-07-2024 14:00:02.68  195.37   0.347  27.756   32.813   87.0  10.06  14.000    0.01850    1.85    2.23    3.18
17-07-2024 14:00:02.92  195.43   0.348  27.757   32.814   87.0  10.05  14.000    0.01702    1.89    2.68    3.30
17-07-2024 14:00:03.17  195.53   0.347  27.756   32.813   87.0  10.06  14.000    0.03701    1.98    2.07    3.10
17-07-2024 14:00:03.42  195.61   0.347  27.756   32.813   87.0  10.06  14.000    0.02813    2.03    2.20    3.31
17-07-2024 14:00:03.66  195.71   0.347  27.755   32.812   87.0  10.05  14.000    0.02220    2.19    2.31    3.12
17-07-2024 14:00:03.91  195.79   0.346  27.755   32.813   87.0  10.06  14.000    0.02146    2.19    2.31    3.12
17-07-2024 14:00:04.16  195.89   0.347  27.755   32.813   87.0  10.06  14.000    0.03553    2.04    2.30    3.03
17-07-2024 14:00:04.41  195.96   0.346  27.755   32.813   87.0  10.06  14.000    0.02961    2.24    2.32    3.33
17-07-2024 14:00:04.65  196.07   0.347  27.756   32.813   87.0  10.06  14.000    0.04589    2.05    2.00    2.99
17-07-2024 14:00:04.90  196.16   0.347  27.756   32.813   87.0  10.06  14.000    0.03923    2.35    2.33    3.17
17-07-2024 14:00:05.14  196.26   0.347  27.755   32.812   87.0  10.06  14.000    0.03553    2.08    2.29    3.35
17-07-2024 14:00:05.39  196.36   0.346  27.756   32.813   87.0  10.06  14.000    0.03405    2.10    2.18    2.97
17-07-2024 14:00:05.63  196.42   0.347  27.756   32.813   87.0  10.06  14.000    0.03183    2.10    2.18    2.97
17-07-2024 14:00:05.88  196.52   0.346  27.755   32.813   87.0  10.06  14.000    0.03035    1.81    2.18    3.14
17-07-2024 14:00:06.12  196.59   0.346  27.756   32.813   87.0  10.05  14.000    0.03997    2.30    2.18    3.15
17-07-2024 14:00:06.37  196.67   0.346  27.756   32.813   87.0  10.05  14.000    0.02443    2.28    2.25    3.16
17-07-2024 14:00:06.61  196.78   0.346  27.756   32.813   87.0  10.05  14.000    0.02591    1.92    2.58    2.97
17-07-2024 14:00:06.86  196.87   0.346  27.756   32.813   87.0  10.05  14.000    0.01998    1.84    2.28    3.24
17-07-2024 14:00:07.10  196.97   0.346  27.756   32.813   87.0  10.05  14.000    0.03701    1.93    2.18    2.90
17-07-2024 14:00:07.35  197.04   0.346  27.756   32.813   87.0  10.05  14.000    0.02146    1.93    2.18    2.90
17-07-2024 14:00:07.60  197.11   0.347  27.757   32.814   87.0  10.05  14.000    0.02887    2.50    2.55    2.86
17-07-2024 14:00:07.84  197.22   0.348  27.757   32.814   87.0  10.05  14.000    0.02887    1.70    2.35    3.06
17-07-2024 14:00:08.09  197.31   0.348  27.759   32.815   87.0  10.05  14.000    0.03405    1.95    2.74    3.01
17-07-2024 14:00:08.34  197.41   0.348  27.759   32.815   87.0  10.05  14.000    0.04071    2.02    2.48    3.20
17-07-2024 14:00:08.59  197.47   0.348  27.759   32.815   87.0  10.05  14.000    0.03405    2.17    1.90    3.16
17-07-2024 14:00:08.83  197.57   0.349  27.761   32.816   87.0  10.05  14.000    0.03405    2.17    2.26    3.09
17-07-2024 14:00:09.07  197.68   0.350  27.762   32.817   87.0  10.05  14.000    0.02591    2.17    2.26    3.09
17-07-2024 14:00:09.32  197.76   0.350  27.763   32.818   87.0  10.05  14.000    0.03627    1.86    2.32    3.03
17-07-2024 14:00:09.57  197.87   0.351  27.764   32.817   87.0  10.05  14.000    0.02665    2.26    2.27    3.20
17-07-2024 14:00:09.81  197.94   0.352  27.764   32.817   87.0  10.05  14.000    0.02739    1.80    2.28    2.84
17-07-2024 14:00:10.06  198.01   0.352  27.764   32.816   86.9  10.04  14.000    0.03331    1.97    1.80    3.11
17-07-2024 14:00:10.30  198.10   0.352  27.765   32.818   86.9  10.04  14.000    0.02443    2.23    2.63    3.52
17-07-2024 14:00:10.55  198.19   0.352  27.764   32.817   86.9  10.04  14.000    0.02591    2.06    2.50    3.02
17-07-2024 14:00:10.79  198.30   0.353  27.765   32.818   86.9  10.04  14.000    0.02813    2.06    2.50    3.02
17-07-2024 14:00:11.04  198.36   0.353  27.765   32.817   86.9  10.04  14.000    0.02368    1.99    2.27    2.73
17-07-2024 14:00:11.29  198.48   0.354  27.766   32.817   86.9  10.04  14.000    0.03997    2.38    2.17    3.17
17-07-2024 14:00:11.53  198.54   0.354  27.766   32.818   86.9  10.04  14.000    0.01924    1.97    2.38    3.33
17-07-2024 14:00:11.78  198.63   0.354  27.767   32.819   86.9  10.04  14.000    0.02739    2.00    2.10    3.19
17-07-2024 14:00:12.03  198.72   0.355  27.769   32.820   86.9  10.04  14.000    0.03405    1.92    2.37    2.92
17-07-2024 14:00:12.27  198.80   0.356  27.771   32.821   86.9  10.04  14.000    0.03035    2.12    2.39    3.20
17-07-2024 14:00:12.52  198.90   0.357  27.772   32.822   86.9  10.04  14.000    0.03109    2.12    2.39    3.20
17-07-2024 14:00:12.76  198.97   0.359  27.773   32.821   86.9  10.04  14.000    0.02220    1.73    2.33    3.35
17-07-2024 14:00:13.01  199.07   0.359  27.774   32.822   86.9  10.04  14.000    0.03405    1.90    2.32    2.92
17-07-2024 14:00:13.25  199.12   0.360  27.774   32.821   86.9  10.04  14.000    0.03109    1.99    2.66    3.24
17-07-2024 14:00:13.50  199.23   0.360  27.775   32.822   86.9  10.04  14.000    0.01628    2.12    2.34    3.28
17-07-2024 14:00:13.74  199.33   0.361  27.776   32.822   86.9  10.04  14.000    0.02887    2.07    1.95    2.77
17-07-2024 14:00:13.99  199.39   0.361  27.776   32.823   86.9  10.03  14.000    0.04293    2.04    2.33    3.07
17-07-2024 14:00:14.23  199.47   0.361  27.775   32.821   86.9  10.03  14.000    0.03479    2.04    2.33    3.07
17-07-2024 14:00:14.48  199.58   0.362  27.776   32.822   86.9  10.03  14.000    0.02517    2.10    2.17    3.10
17-07-2024 14:00:14.72  199.68   0.362  27.776   32.821   86.9  10.03  14.000    0.01554    2.03    2.54    3.31
17-07-2024 14:00:14.98  199.78   0.362  27.777   32.822   86.9  10.03  14.000    0.03257    2.53    2.64    3.14
17-07-2024 14:00:15.22  199.86   0.362  27.776   32.821   86.9  10.03  14.000    0.04367    2.26    2.45    2.99
17-07-2024 14:00:15.47  199.93   0.362  27.776   32.821   86.9  10.03  14.000    0.02443    2.24    2.59    3.30
17-07-2024 14:00:15.71  200.01   0.362  27.777   32.822   86.8  10.03  14.000    0.03627    2.18    2.25    3.24
17-07-2024 14:00:15.96  200.12   0.363  27.778   32.823   86.8  10.03  14.000    0.04737    2.18    2.25    3.24
17-07-2024 14:00:16.21  200.23   0.363  27.779   32.823   86.8  10.03  14.000    0.03331    1.70    1.91    3.26
17-07-2024 14:00:16.45  200.31   0.363  27.779   32.823   86.8  10.03  14.000    0.03405    1.95    1.63    3.34
17-07-2024 14:00:16.70  200.38   0.364  27.779   32.822   86.8  10.03  14.000    0.02220    2.11    2.29    3.03
17-07-2024 14:00:16.94  200.47   0.364  27.778   32.822   86.8  10.03  14.000    0.01702    1.96    2.09    3.37
17-07-2024 14:00:17.19  200.54   0.364  27.779   32.823   86.8  10.03  14.000    0.01702    2.10    2.38    2.85
17-07-2024 14:00:17.43  200.64   0.364  27.780   32.824   86.8  10.02  14.000    0.03331    1.92    2.26    3.51
17-07-2024 14:00:17.67  200.75   0.364  27.779   32.822   86.8  10.03  14.000    0.01924    1.92    2.26    3.51
17-07-2024 14:00:17.92  200.82   0.364  27.779   32.823   86.8  10.02  14.000    0.01258    2.12    2.03    3.21
17-07-2024 14:00:18.17  200.89   0.364  27.779   32.823   86.8  10.03  14.000    0.03109    1.97    1.88    2.83
17-07-2024 14:00:18.41  200.99   0.364  27.780   32.823   86.8  10.02  14.000    0.02146    2.26    2.38    3.06
17-07-2024 14:00:18.66  201.09   0.364  27.780   32.822   86.8  10.02  14.000    0.03183    2.06    2.34    3.28
17-07-2024 14:00:18.91  201.18   0.364  27.781   32.824   86.8  10.02  14.000    0.03849    1.97    1.83    3.14
17-07-2024 14:00:19.16  201.26   0.365  27.781   32.823   86.8  10.02  14.000    0.01998    2.04    2.28    3.26
17-07-2024 14:00:19.40  201.35   0.365  27.783   32.825   86.8  10.02  14.000    0.01036    2.04    2.28    3.26
17-07-2024 14:00:19.65  201.40   0.366  27.784   32.826   86.8  10.02  14.000    0.02443    2.18    2.48    3.07
17-07-2024 14:00:19.89  201.50   0.367  27.785   32.826   86.7  10.02  14.000    0.03775    1.94    2.11    2.77
17-07-2024 14:00:20.14  201.56   0.368  27.786   32.826   86.7  10.01  14.000    0.03627    2.21    2.36    3.17
17-07-2024 14:00:20.38  201.70   0.369  27.786   32.826   86.7  10.01  14.000    0.02739    2.09    2.17    3.17
17-07-2024 14:00:20.63  201.77   0.368  27.785   32.825   86.7  10.01  14.000    0.02443    2.04    2.64    3.10
17-07-2024 14:00:20.87  201.86   0.369  27.787   32.827   86.7  10.01  14.000    0.03035    2.08    2.50    3.15
17-07-2024 14:00:21.12  201.94   0.370  27.788   32.828   86.7  10.01  14.000    0.01702    2.08    2.50    3.15
17-07-2024 14:00:21.36  202.01   0.371  27.789   32.828   86.7  10.01  14.000    0.02220    1.95    2.71    2.70
17-07-2024 14:00:21.61  202.11   0.372  27.791   32.829   86.7  10.01  14.000    0.03923    2.30    2.20    3.11
17-07-2024 14:00:21.86  202.19   0.372  27.791   32.829   86.7  10.01  14.000    0.02368    2.11    2.36    3.06
17-07-2024 14:00:22.11  202.27   0.372  27.792   32.829   86.7  10.01  14.000    0.03331    1.94    2.29    2.97
17-07-2024 14:00:22.35  202.38   0.373  27.792   32.829   86.7  10.01  14.000    0.02813    1.98    2.59    3.18
17-07-2024 14:00:22.60  202.48   0.373  27.792   32.828   86.7  10.01  14.000    0.03553    2.02    2.31    2.94
17-07-2024 14:00:22.85  202.56   0.374  27.793   32.829   86.7  10.00  14.000    0.03405    2.02    2.31    2.94
17-07-2024 14:00:23.09  202.63   0.374  27.793   32.830   86.7  10.01  14.000    0.00296    1.98    2.24    3.16
17-07-2024 14:00:23.34  202.75   0.375  27.795   32.831   86.7  10.00  14.000    0.01924    2.32    1.98    3.44
17-07-2024 14:00:23.58  202.85   0.375  27.794   32.829   86.6  10.00  14.000    0.03775    2.04    2.88    2.82
17-07-2024 14:00:23.83  202.92   0.375  27.794   32.829   86.6  10.00  14.000    0.03849    2.14    1.99    3.28
17-07-2024 14:00:24.07  203.00   0.375  27.796   32.831   86.7  10.00  14.000    0.04441    1.91    2.15    3.15
17-07-2024 14:00:24.32  203.12   0.376  27.795   32.830   86.6  10.00  14.000    0.02368    2.23    2.21    2.93
17-07-2024 14:00:24.56  203.19   0.376  27.797   32.831   86.6  10.00  14.000    0.03109    2.23    2.21    2.93
17-07-2024 14:00:24.81  203.25   0.376  27.797   32.831   86.6  10.00  14.000    0.03405    2.09    2.18    3.05
17-07-2024 14:00:25.05  203.36   0.377  27.798   32.832   86.6  10.00  14.000    0.01776    2.26    1.92    3.28
17-07-2024 14:00:25.30  203.45   0.377  27.797   32.831   86.6  10.00  14.000    0.02961    2.09    2.40    3.34
17-07-2024 14:00:25.54  203.52   0.378  27.799   32.832   86.6  10.00  14.000    0.03257    1.94    2.24    3.02
17-07-2024 14:00:25.79  203.61   0.379  27.800   32.833   86.6  10.00  14.000    0.03035    2.05    2.35    3.35
17-07-2024 14:00:26.04  203.69   0.379  27.800   32.832   86.6  10.00  14.000    0.01998    2.14    2.21    3.51
17-07-2024 14:00:26.28  203.81   0.379  27.799   32.831   86.6  10.00  14.000    0.02739    2.14    2.21    3.51
17-07-2024 14:00:26.53  203.88   0.379  27.800   32.832   86.6   9.99  14.000    0.02961    2.27    2.11    3.18
17-07-2024 14:00:26.78  204.00   0.379  27.799   32.830   86.6  10.00  14.000    0.03183    2.10    2.29    3.13
17-07-2024 14:00:27.02  204.06   0.380  27.802   32.833   86.6  10.00  14.000    0.01776    1.98    2.01    3.15
17-07-2024 14:00:27.27  204.13   0.381  27.802   32.833   86.6   9.99  14.000    0.02220    1.97    2.45    3.47
17-07-2024 14:00:27.51  204.24   0.382  27.804   32.833   86.6   9.99  14.000    0.03923    2.06    2.11    3.16
17-07-2024 14:00:27.76  204.29   0.383  27.804   32.834   86.6   9.99  14.000    0.03109    2.06    2.11    3.16
17-07-2024 14:00:28.00  204.40   0.383  27.806   32.835   86.6   9.99  14.000    0.03109    2.20    1.98    2.82
17-07-2024 14:00:28.25  204.50   0.383  27.805   32.833   86.6   9.99  14.000    0.03109    2.31    2.78    3.06
17-07-2024 14:00:28.49  204.58   0.384  27.807   32.835   86.6   9.99  14.000    0.03849    1.75    2.03    3.17
17-07-2024 14:00:28.74  204.66   0.384  27.808   32.836   86.6   9.99  14.000    0.02443    2.14    2.18    3.43
17-07-2024 14:00:28.98  204.77   0.385  27.809   32.836   86.6   9.99  14.000    0.01924    1.93    2.08    3.08
17-07-2024 14:00:29.23  204.82   0.385  27.809   32.836   86.6   9.99  14.000    0.02887    1.98    2.91    2.99
17-07-2024 14:00:29.47  204.93   0.386  27.809   32.836   86.5   9.99  14.000    0.03109    1.98    2.91    2.99
17-07-2024 14:00:29.73  205.01   0.386  27.809   32.836   86.5   9.99  14.000    0.03183    1.82    2.02    3.20
17-07-2024 14:00:29.97  205.12   0.387  27.810   32.836   86.5   9.98  14.000    0.03775    2.03    2.06    3.29
17-07-2024 14:00:30.22  205.20   0.386  27.810   32.836   86.5   9.98  14.000    0.03997    2.13    2.26    2.99
17-07-2024 14:00:30.47  205.30   0.387  27.810   32.835   86.5   9.98  14.000    0.04367    1.37    2.02    3.05
17-07-2024 14:00:30.71  205.40   0.387  27.811   32.836   86.5   9.98  14.000    0.03627    2.12    2.33    2.94
17-07-2024 14:00:30.96  205.50   0.387  27.811   32.836   86.5   9.98  14.000    0.03257    1.96    2.09    3.55
17-07-2024 14:00:31.20  205.56   0.387  27.811   32.836   86.5   9.98  14.000    0.01924    1.96    2.09    3.55
17-07-2024 14:00:31.45  205.65   0.387  27.810   32.835   86.5   9.98  14.000    0.04885    1.82    2.31    3.10
17-07-2024 14:00:31.69  205.78   0.387  27.810   32.835   86.5   9.98  14.000    0.03183    2.01    2.40    3.31
17-07-2024 14:00:31.94  205.86   0.387  27.811   32.836   86.5   9.98  14.000    0.03775    1.96    2.22    3.02
17-07-2024 14:00:32.18  205.92   0.388  27.812   32.836   86.5   9.98  14.000    0.00814    2.27    2.42    3.26
17-07-2024 14:00:32.43  206.04   0.388  27.811   32.835   86.5   9.98  14.000    0.02591    2.25    2.56    3.08
17-07-2024 14:00:32.67  206.11   0.387  27.811   32.836   86.5   9.98  14.000    0.02072    2.34    2.66    3.04
17-07-2024 14:00:32.92  206.22   0.388  27.812   32.837   86.4   9.98  14.000    0.02591    2.34    2.66    3.04
17-07-2024 14:00:33.17  206.28   0.388  27.812   32.837   86.5   9.98  14.000    0.02072    1.76    2.53    3.24
17-07-2024 14:00:33.42  206.39   0.388  27.813   32.838   86.4   9.97  14.000    0.04367    1.77    1.75    3.40
17-07-2024 14:00:33.66  206.48   0.388  27.813   32.837   86.4   9.98  14.000    0.04663    2.05    2.20    3.34
17-07-2024 14:00:33.91  206.56   0.388  27.813   32.838   86.4   9.97  14.000    0.03035    2.36    2.33    3.41
17-07-2024 14:00:34.15  206.67   0.389  27.813   32.837   86.4   9.97  14.000    0.02887    2.12    2.46    3.17
17-07-2024 14:00:34.40  206.75   0.389  27.815   32.839   86.4   9.97  14.000    0.01702    2.46    2.44    2.84
17-07-2024 14:00:34.64  206.81   0.390  27.816   32.839   86.4   9.97  14.000    0.02961    2.46    2.44    2.84
17-07-2024 14:00:34.89  206.91   0.392  27.819   32.841   86.4   9.97  14.000    0.02368    2.26    2.50    3.03
17-07-2024 14:00:35.13  207.00   0.394  27.821   32.842   86.4   9.97  14.000    0.01406    1.92    2.37    3.21
17-07-2024 14:00:35.38  207.10   0.395  27.822   32.842   86.4   9.97  14.000    0.02294    2.06    2.31    3.16
17-07-2024 14:00:35.62  207.20   0.395  27.823   32.843   86.4   9.97  14.000    0.03109    2.34    2.31    3.27
17-07-2024 14:00:35.87  207.26   0.397  27.825   32.843   86.4   9.97  14.000    0.02517    2.12    2.30    3.34
17-07-2024 14:00:36.11  207.37   0.398  27.825   32.843   86.4   9.97  14.000    0.02961    2.03    2.51    3.50
17-07-2024 14:00:36.36  207.47   0.398  27.826   32.844   86.4   9.97  14.000    0.02517    2.03    2.51    3.50
17-07-2024 14:00:36.61  207.56   0.399  27.828   32.844   86.4   9.97  14.000    0.01554    1.94    2.42    3.23
17-07-2024 14:00:36.85  207.66   0.400  27.828   32.844   86.4   9.97  14.000    0.03627    2.14    2.46    3.09
17-07-2024 14:00:37.10  207.75   0.401  27.830   32.845   86.4   9.96  14.000    0.03775    2.09    2.63    3.23
17-07-2024 14:00:37.35  207.80   0.402  27.831   32.846   86.4   9.96  14.000    0.00370    2.26    2.69    3.27
17-07-2024 14:00:37.60  207.92   0.402  27.831   32.846   86.4   9.96  14.000    0.05107    1.93    2.52    3.26
17-07-2024 14:00:37.84  208.01   0.403  27.833   32.846   86.4   9.96  14.000    0.03035    2.03    2.33    3.13
17-07-2024 14:00:38.09  208.12   0.404  27.834   32.847   86.4   9.96  14.000    0.01332    2.03    2.33    3.13
17-07-2024 14:00:38.33  208.18   0.405  27.835   32.847   86.3   9.96  14.000    0.02368    1.93    2.38    3.32
17-07-2024 14:00:38.58  208.30   0.407  27.836   32.847   86.3   9.96  14.000    0.02443    2.08    2.25    3.39
17-07-2024 14:00:38.82  208.37   0.408  27.839   32.849   86.3   9.96  14.000    0.02961    2.28    2.07    3.61
17-07-2024 14:00:39.07  208.46   0.410  27.842   32.851   86.3   9.95  14.000    0.04145    1.95    2.00    3.07
17-07-2024 14:00:39.31  208.54   0.411  27.843   32.852   86.3   9.95  14.000    0.01998    2.34    2.56    3.15
17-07-2024 14:00:39.56  208.65   0.412  27.844   32.851   86.3   9.95  14.000    0.02887    1.99    1.93    3.13
17-07-2024 14:00:39.80  208.75   0.413  27.843   32.850   86.3   9.95  14.000    0.03479    1.99    1.93    3.13
17-07-2024 14:00:40.05  208.82   0.413  27.844   32.851   86.3   9.95  14.000    0.03109    2.27    2.66    3.21
17-07-2024 14:00:40.29  208.91   0.414  27.845   32.850   86.3   9.95  14.000    0.03479    2.05    2.37    3.37
17-07-2024 14:00:40.54  209.00   0.415  27.845   32.850   86.2   9.94  14.000    0.03923    2.05    2.05    3.06
17-07-2024 14:00:40.79  209.11   0.414  27.845   32.850   86.2   9.94  14.000    0.03405    2.13    2.23    3.11
17-07-2024 14:00:41.03  209.21   0.415  27.846   32.851   86.2   9.94  14.000    0.03109    2.07    2.33    3.20
17-07-2024 14:00:41.28  209.25   0.414  27.845   32.850   86.2   9.94  14.000    0.01776    2.10    2.41    3.36
17-07-2024 14:00:41.53  209.35   0.414  27.846   32.851   86.2   9.94  14.000    0.03035    2.10    2.41    3.36
17-07-2024 14:00:41.77  209.46   0.414  27.845   32.850   86.2   9.94  14.000    0.02443    1.97    2.38    3.15
17-07-2024 14:00:42.02  209.56   0.414  27.846   32.851   86.2   9.93  14.000    0.02220    1.92    2.53    3.11
17-07-2024 14:00:42.26  209.66   0.415  27.846   32.850   86.1   9.93  14.000    0.01258    2.13    2.22    3.21
17-07-2024 14:00:42.51  209.74   0.415  27.846   32.850   86.1   9.93  14.000    0.04663    2.10    2.22    3.06
17-07-2024 14:00:42.75  209.83   0.415  27.847   32.851   86.1   9.93  14.000    0.03701    2.08    2.10    3.02
17-07-2024 14:00:43.00  209.94   0.415  27.846   32.850   86.1   9.93  14.000    0.02368    2.07    2.53    3.35
17-07-2024 14:00:43.24  210.02   0.415  27.848   32.852   86.1   9.93  14.000    0.02887    2.07    2.53    3.35
17-07-2024 14:00:43.49  210.08   0.416  27.847   32.851   86.1   9.92  14.000    0.02591    1.81    1.98    3.26
17-07-2024 14:00:43.73  210.17   0.416  27.849   32.852   86.0   9.92  14.000    0.03405    1.97    2.66    3.16
17-07-2024 14:00:43.98  210.27   0.416  27.849   32.852   86.0   9.92  14.000    0.01036    2.05    2.09    3.33
17-07-2024 14:00:44.23  210.38   0.417  27.850   32.853   86.0   9.92  14.000    0.02443    2.22    2.51    3.14
17-07-2024 14:00:44.48  210.48   0.417  27.851   32.854   86.0   9.92  14.000    0.02739    1.89    2.01    3.10
17-07-2024 14:00:44.72  210.54   0.419  27.851   32.853   86.0   9.92  14.000    0.02591    1.99    2.42    3.06
17-07-2024 14:00:44.97  210.66   0.419  27.853   32.854   86.0   9.91  14.000    0.03035    1.99    2.42    3.06
17-07-2024 14:00:45.22  210.72   0.420  27.854   32.854   86.0   9.91  14.000    0.02887    2.07    2.77    2.96
17-07-2024 14:00:45.46  210.80   0.420  27.855   32.855   86.0   9.91  14.000    0.02368    1.92    2.11    2.99
17-07-2024 14:00:45.71  210.92   0.421  27.854   32.854   86.0   9.91  14.000    0.03109    1.82    2.44    2.84
17-07-2024 14:00:45.95  211.02   0.421  27.855   32.854   85.9   9.91  14.000    0.03331    1.98    2.23    3.20
17-07-2024 14:00:46.20  211.11   0.422  27.855   32.853   85.9   9.91  14.000    0.02368    1.84    1.85    3.23
17-07-2024 14:00:46.44  211.16   0.422  27.857   32.856   85.9   9.90  14.000    0.03183    1.99    2.37    3.12
17-07-2024 14:00:46.69  211.30   0.423  27.857   32.855   85.9   9.90  14.000    0.02739    1.99    2.37    3.12
17-07-2024 14:00:46.93  211.39   0.423  27.858   32.856   85.9   9.90  14.000    0.01998    2.26    2.36    3.39
17-07-2024 14:00:47.18  211.49   0.423  27.858   32.856   85.9   9.90  14.000    0.01628    2.18    2.28    3.04
17-07-2024 14:00:47.42  211.57   0.424  27.858   32.855   85.9   9.90  14.000    0.02072    2.40    1.35    3.13
17-07-2024 14:00:47.67  211.68   0.423  27.858   32.855   85.9   9.90  14.000    0.02368    2.03    2.27    3.18
17-07-2024 14:00:47.91  211.76   0.424  27.857   32.855   85.8   9.90  14.000    0.02961    2.22    2.27    3.09
17-07-2024 14:00:48.16  211.86   0.424  27.859   32.856   85.8   9.89  14.000    0.03331    2.09    2.28    3.12
17-07-2024 14:00:48.41  211.93   0.424  27.858   32.854   85.8   9.89  14.000    0.02220    2.09    2.28    3.12
17-07-2024 14:00:48.66  212.04   0.424  27.859   32.856   85.8   9.89  14.000    0.02368    1.85    2.41    3.07
17-07-2024 14:00:48.90  212.14   0.424  27.859   32.856   85.8   9.89  14.000    0.02517    1.84    1.87    3.25
17-07-2024 14:00:49.15  212.20   0.424  27.858   32.855   85.8   9.89  14.000    0.02072    1.86    1.94    2.89
17-07-2024 14:00:49.39  212.32   0.424  27.858   32.855   85.8   9.89  14.000    0.03997    1.96    2.27    2.97
17-07-2024 14:00:49.64  212.40   0.424  27.859   32.856   85.8   9.89  14.000    0.00740    2.60    2.63    3.01
17-07-2024 14:00:49.88  212.46   0.424  27.860   32.856   85.8   9.89  14.000    0.01850    2.01    1.82    3.19
17-07-2024 14:00:50.13  212.55   0.424  27.859   32.856   85.8   9.89  14.000    0.02443    2.01    1.82    3.19
17-07-2024 14:00:50.37  212.67   0.424  27.859   32.855   85.8   9.89  14.000    0.02665    2.49    2.28    3.25
17-07-2024 14:00:50.62  212.76   0.424  27.859   32.856   85.8   9.89  14.000    0.04293    2.12    2.24    3.08
17-07-2024 14:00:50.86  212.85   0.425  27.859   32.854   85.8   9.89  14.000    0.03701    2.11    2.25    3.04
17-07-2024 14:00:51.11  212.95   0.424  27.860   32.856   85.8   9.89  14.000    0.01924    2.12    1.95    3.04
17-07-2024 14:00:51.35  213.03   0.425  27.859   32.855   85.7   9.88  14.000    0.01184    1.93    1.87    3.26
17-07-2024 14:00:51.60  213.13   0.424  27.859   32.854   85.7   9.88  14.000    0.03109    2.14    2.77    3.11
17-07-2024 14:00:51.85  213.24   0.425  27.860   32.856   85.7   9.88  14.000    0.02517    2.14    2.77    3.11
17-07-2024 14:00:52.10  213.28   0.425  27.860   32.856   85.7   9.88  14.000    0.03553    2.07    2.67    3.28
17-07-2024 14:00:52.34  213.40   0.425  27.860   32.855   85.7   9.88  14.000    0.03405    1.89    2.62    3.05
17-07-2024 14:00:52.59  213.49   0.425  27.860   32.856   85.7   9.88  14.000    0.01480    2.24    2.26    3.00
17-07-2024 14:00:52.84  213.58   0.425  27.859   32.855   85.7   9.88  14.000    0.04959    2.24    2.10    3.30
17-07-2024 14:00:53.08  213.67   0.425  27.859   32.854   85.7   9.88  14.000    0.01776    1.85    2.41    3.29
17-07-2024 14:00:53.33  213.74   0.426  27.860   32.855   85.7   9.87  14.000    0.01776    2.10    2.41    3.35
17-07-2024 14:00:53.57  213.82   0.426  27.862   32.857   85.7   9.87  14.000    0.01036    2.10    2.41    3.35
17-07-2024 14:00:53.82  213.90   0.426  27.862   32.856   85.6   9.87  14.000    0.02517    2.08    2.81    3.12
17-07-2024 14:00:54.06  214.01   0.426  27.863   32.857   85.6   9.87  14.000    0.03479    2.26    2.45    3.04
17-07-2024 14:00:54.31  214.08   0.427  27.864   32.858   85.6   9.87  14.000    0.01480    1.98    2.17    2.83
17-07-2024 14:00:54.55  214.21   0.427  27.863   32.857   85.6   9.86  14.000    0.02146    1.88    2.29    3.07
17-07-2024 14:00:54.80  214.27   0.428  27.866   32.859   85.6   9.86  14.000    0.03183    2.23    2.24    2.92
17-07-2024 14:00:55.05  214.37   0.428  27.867   32.860   85.6   9.86  14.000    0.04663    2.09    2.17    3.15
17-07-2024 14:00:55.29  214.47   0.429  27.867   32.860   85.6   9.86  14.000    0.01554    2.09    2.17    3.15
17-07-2024 14:00:55.54  214.56   0.430  27.868   32.860   85.6   9.86  14.000    0.03035    1.99    2.11    3.19
17-07-2024 14:00:55.78  214.62   0.431  27.869   32.860   85.5   9.86  14.000    0.02220    2.07    2.73    3.21
17-07-2024 14:00:56.03  214.71   0.431  27.869   32.861   85.5   9.86  14.000    0.02591    2.34    2.43    3.06
17-07-2024 14:00:56.28  214.83   0.431  27.869   32.860   85.5   9.86  14.000    0.02146    2.34    2.50    3.41
17-07-2024 14:00:56.52  214.93   0.432  27.870   32.860   85.5   9.85  14.000    0.01184    2.16    1.73    3.14
17-07-2024 14:00:56.77  214.98   0.432  27.871   32.861   85.5   9.85  14.000    0.02887    2.29    2.22    3.17
17-07-2024 14:00:57.01  215.10   0.432  27.871   32.861   85.5   9.85  14.000    0.01406    2.29    2.22    3.17
17-07-2024 14:00:57.26  215.17   0.433  27.872   32.861   85.5   9.85  14.000    0.02220    1.96    2.63    3.34
17-07-2024 14:00:57.50  215.28   0.433  27.872   32.861   85.5   9.85  14.000    0.03997    2.15    1.96    2.96
17-07-2024 14:00:57.75  215.36   0.434  27.874   32.864   85.5   9.85  14.000    0.02961    2.07    2.37    3.09
17-07-2024 14:00:57.99  215.45   0.436  27.877   32.865   85.4   9.84  14.000    0.02665    2.41    2.40    3.26
17-07-2024 14:00:58.24  215.54   0.437  27.877   32.863   85.4   9.85  14.000    0.02887    2.20    2.60    3.36
17-07-2024 14:00:58.48  215.62   0.438  27.879   32.865   85.4   9.85  14.000    0.03035    1.87    1.99    3.28
17-07-2024 14:00:58.73  215.67   0.439  27.880   32.865   85.4   9.85  14.000    0.03257    1.87    1.99    3.28
17-07-2024 14:00:58.97  215.80   0.439  27.880   32.866   85.4   9.84  14.000    0.03627    2.41    2.09    3.55
17-07-2024 14:00:59.23  215.87   0.440  27.881   32.865   85.4   9.84  14.000    0.03183    1.79    2.38    3.32
17-07-2024 14:00:59.47  215.97   0.441  27.882   32.866   85.4   9.84  14.000    0.02072    1.91    2.42    3.14
17-07-2024 14:00:59.72  216.09   0.442  27.881   32.864   85.4   9.84  14.000    0.03775    2.11    2.40    3.03
17-07-2024 14:00:59.96  216.16   0.441  27.882   32.865   85.4   9.84  14.000    0.03183    2.06    2.71    3.19
17-07-2024 14:01:00.21  216.25   0.442  27.882   32.865   85.4   9.84  14.000    0.04219    2.07    2.38    3.41
17-07-2024 14:01:00.45  216.34   0.442  27.883   32.866   85.4   9.84  14.000    0.01110    2.07    2.38    3.41
17-07-2024 14:01:00.70  216.42   0.443  27.883   32.865   85.3   9.83  14.000    0.02072    2.09    2.34    3.36
17-07-2024 14:01:00.95  216.47   0.443  27.883   32.865   85.3   9.83  14.000    0.02591    2.32    2.35    3.30
17-07-2024 14:01:01.19  216.62   0.443  27.884   32.866   85.3   9.83  14.000    0.02813    1.96    2.60    3.30
17-07-2024 14:01:01.44  216.68   0.443  27.885   32.867   85.3   9.83  14.000    0.03479    2.33    2.30    3.02
17-07-2024 14:01:01.68  216.81   0.444  27.885   32.866   85.3   9.83  14.000    0.03257    1.88    2.18    3.16
17-07-2024 14:01:01.93  216.84   0.444  27.886   32.866   85.3   9.83  14.000    0.02443    1.88    2.18    3.16
17-07-2024 14:01:02.17  216.97   0.445  27.885   32.866   85.3   9.83  14.000    0.02220    2.15    2.36    3.17
17-07-2024 14:01:02.42  217.04   0.444  27.886   32.866   85.3   9.83  14.000    0.01406    1.99    2.05    3.08
17-07-2024 14:01:02.66  217.12   0.445  27.886   32.866   85.3   9.82  14.000    0.03257    2.01    2.45    3.07
17-07-2024 14:01:02.91  217.20   0.445  27.888   32.868   85.3   9.82  14.000    0.02739    2.07    2.26    3.13
17-07-2024 14:01:03.16  217.30   0.446  27.888   32.868   85.3   9.82  14.000    0.02368    2.29    2.19    3.37
17-07-2024 14:01:03.41  217.40   0.447  27.889   32.868   85.3   9.82  14.000    0.02443    2.04    2.21    3.43
17-07-2024 14:01:03.65  217.49   0.447  27.889   32.868   85.3   9.82  14.000    0.02443    2.19    2.40    3.27
17-07-2024 14:01:03.90  217.58   0.447  27.889   32.868   85.2   9.82  14.000    0.02072    2.19    2.40    3.27
17-07-2024 14:01:04.14  217.66   0.448  27.890   32.867   85.2   9.82  14.000    0.03405    2.15    2.39    3.09
17-07-2024 14:01:04.39  217.77   0.448  27.890   32.868   85.2   9.82  14.000    0.02887    1.86    2.11    3.28
17-07-2024 14:01:04.63  217.85   0.448  27.890   32.868   85.2   9.82  14.000    0.01850    2.00    2.39    2.82
17-07-2024 14:01:04.88  217.93   0.448  27.890   32.868   85.2   9.82  14.000    0.03257    2.16    2.69    3.09
17-07-2024 14:01:05.12  218.03   0.448  27.889   32.866   85.2   9.81  14.000    0.01184    2.08    2.81    3.22
17-07-2024 14:01:05.37  218.12   0.448  27.891   32.869   85.2   9.81  14.000    0.03035    2.08    2.81    3.22
17-07-2024 14:01:05.61  218.21   0.448  27.891   32.868   85.2   9.81  14.000    0.03997    1.84    2.55    2.99
17-07-2024 14:01:05.86  218.31   0.449  27.890   32.867   85.2   9.81  14.000    0.04515    2.16    2.88    3.19
17-07-2024 14:01:06.11  218.42   0.448  27.891   32.869   85.2   9.81  14.000    0.01258    2.03    2.24    3.10
17-07-2024 14:01:06.35  218.49   0.448  27.890   32.867   85.2   9.81  14.000    0.02220    2.16    2.74    3.02
17-07-2024 14:01:06.60  218.60   0.448  27.891   32.868   85.2   9.81  14.000    0.02146    2.02    2.26    2.99
17-07-2024 14:01:06.85  218.66   0.449  27.891   32.868   85.2   9.81  14.000    0.02220    2.45    1.84    3.21
17-07-2024 14:01:07.10  218.76   0.448  27.892   32.870   85.2   9.81  14.000    0.04071    2.01    2.36    3.43
17-07-2024 14:01:07.34  218.88   0.449  27.890   32.867   85.1   9.81  14.000    0.02665    2.01    2.36    3.43
17-07-2024 14:01:07.59  218.93   0.449  27.891   32.868   85.1   9.81  14.000    0.02739    2.03    2.91    3.15
17-07-2024 14:01:07.83  219.03   0.449  27.892   32.868   85.2   9.81  14.000    0.02813    2.04    2.00    3.02
17-07-2024 14:01:08.08  219.10   0.449  27.891   32.867   85.1   9.81  14.000    0.03183    1.77    1.98    3.03
17-07-2024 14:01:08.32  219.22   0.449  27.890   32.866   85.1   9.81  14.000    0.03183    2.17    2.09    2.91
17-07-2024 14:01:08.57  219.31   0.449  27.892   32.868   85.1   9.81  14.000    0.03923    2.38    2.07    3.11
17-07-2024 14:01:08.81  219.42   0.449  27.892   32.868   85.1   9.81  14.000    0.02294    2.38    2.07    3.11
17-07-2024 14:01:09.06  219.47   0.449  27.892   32.868   85.1   9.80  14.000    0.01776    2.14    2.67    3.21
17-07-2024 14:01:09.30  219.57   0.449  27.892   32.868   85.1   9.81  14.000    0.04515    2.04    2.55    3.25
17-07-2024 14:01:09.55  219.71   0.449  27.893   32.869   85.1   9.80  14.000    0.01554    1.77    2.64    3.10
17-07-2024 14:01:09.79  219.75   0.450  27.894   32.869   85.1   9.80  14.000    0.03553    2.36    2.67    2.91
17-07-2024 14:01:10.04  219.86   0.449  27.892   32.868   85.1   9.80  14.000    0.03997    1.92    2.40    3.10
17-07-2024 14:01:10.29  219.95   0.450  27.894   32.869   85.1   9.80  14.000    0.03553    2.06    2.05    3.55
17-07-2024 14:01:10.53  220.02   0.450  27.892   32.867   85.1   9.80  14.000    0.01332    2.06    2.05    3.55
17-07-2024 14:01:10.78  220.10   0.450  27.894   32.869   85.1   9.80  14.000    0.03257    2.01    2.03    3.39
17-07-2024 14:01:11.03  220.23   0.450  27.893   32.868   85.1   9.80  14.000    0.03183    2.17    2.40    3.36
17-07-2024 14:01:11.27  220.32   0.450  27.893   32.868   85.1   9.80  14.000    0.02591    1.96    2.28    3.33
17-07-2024 14:01:11.52  220.38   0.450  27.893   32.868   85.1   9.80  14.000    0.02368    2.42    2.25    3.20
17-07-2024 14:01:11.76  220.52   0.450  27.894   32.869   85.1   9.80  14.000    0.03849    1.78    2.29    3.08
17-07-2024 14:01:12.01  220.58   0.450  27.894   32.870   85.1   9.80  14.000    0.01924    2.10    1.94    3.33
17-07-2024 14:01:12.25  220.66   0.450  27.894   32.869   85.1   9.80  14.000    0.00518    2.10    1.94    3.33
17-07-2024 14:01:12.50  220.77   0.451  27.894   32.868   85.0   9.80  14.000    0.02665    2.00    2.29    3.23
17-07-2024 14:01:12.74  220.82   0.451  27.895   32.869   85.1   9.80  14.000    0.03405    2.06    2.72    3.16
17-07-2024 14:01:12.99  220.96   0.450  27.895   32.869   85.0   9.80  14.000    0.02220    2.13    2.39    3.12
17-07-2024 14:01:13.23  221.01   0.451  27.896   32.870   85.0   9.79  14.000    0.03405    1.90    2.43    3.39
17-07-2024 14:01:13.48  221.10   0.451  27.895   32.869   85.1   9.80  14.000    0.01406    2.14    2.14    3.35
17-07-2024 14:01:13.72  221.21   0.452  27.896   32.869   85.1   9.80  14.000    0.03257    2.20    2.55    2.94
17-07-2024 14:01:13.98  221.29   0.451  27.897   32.871   85.0   9.79  14.000    0.03257    2.20    2.55    2.94
17-07-2024 14:01:14.22  221.40   0.452  27.896   32.870   85.0   9.79  14.000    0.02146    2.11    2.39    3.41
17-07-2024 14:01:14.47  221.49   0.453  27.896   32.869   85.0   9.79  14.000    0.03405    2.05    1.98    3.00
17-07-2024 14:01:14.72  221.56   0.452  27.898   32.872   85.0   9.79  14.000    0.01850    2.47    2.85    3.07
17-07-2024 14:01:14.96  221.66   0.453  27.898   32.870   85.0   9.79  14.000    0.01110    1.98    2.22    3.04
17-07-2024 14:01:15.21  221.73   0.453  27.898   32.870   85.0   9.79  14.000    0.02443    2.45    2.54    3.20
17-07-2024 14:01:15.45  221.81   0.453  27.899   32.871   85.0   9.79  14.000    0.03849    2.09    2.41    2.95
17-07-2024 14:01:15.70  221.89   0.454  27.899   32.871   85.0   9.79  14.000    0.02517    2.09    2.41    2.95
17-07-2024 14:01:15.94  222.00   0.455  27.900   32.871   85.0   9.79  14.000    0.03035    2.29    2.63    3.25
17-07-2024 14:01:16.19  222.10   0.455  27.902   32.873   85.0   9.79  14.000    0.01554    1.87    2.49    2.88
17-07-2024 14:01:16.43  222.20   0.456  27.902   32.873   85.0   9.79  14.000    0.01776    1.89    1.97    3.18
17-07-2024 14:01:16.68  222.26   0.456  27.903   32.873   85.0   9.79  14.000    0.02220    1.69    2.62    3.55
17-07-2024 14:01:16.92  222.37   0.457  27.903   32.872   85.0   9.79  14.000    0.01628    2.02    2.09    3.01
17-07-2024 14:01:17.17  222.44   0.457  27.903   32.873   85.0   9.79  14.000    0.01258    2.14    2.34    3.19
17-07-2024 14:01:17.41  222.57   0.458  27.904   32.872   85.0   9.79  14.000    0.01776    2.14    2.34    3.19
17-07-2024 14:01:17.66  222.62   0.457  27.903   32.872   85.0   9.78  14.000    0.03479    2.08    2.67    3.06
17-07-2024 14:01:17.91  222.74   0.457  27.904   32.873   85.0   9.78  14.000    0.02146    2.22    2.10    3.33
17-07-2024 14:01:18.16  222.79   0.458  27.904   32.873   85.0   9.78  14.000    0.01554    2.21    2.17    3.33
17-07-2024 14:01:18.40  222.90   0.457  27.904   32.873   84.9   9.78  14.000    0.03331    2.21    2.53    3.21
17-07-2024 14:01:18.65  223.01   0.458  27.905   32.874   84.9   9.78  14.000    0.01332    2.18    2.43    3.34
17-07-2024 14:01:18.89  223.07   0.459  27.905   32.873   84.9   9.78  14.000    0.02072    2.06    2.61    3.31
17-07-2024 14:01:19.14  223.15   0.459  27.907   32.875   84.9   9.78  14.000    0.01628    2.06    2.61    3.31
17-07-2024 14:01:19.38  223.23   0.459  27.907   32.874   84.9   9.78  14.000    0.02072    2.13    2.32    3.11
17-07-2024 14:01:19.63  223.34   0.460  27.908   32.874   84.9   9.78  14.000    0.01776    2.03    2.17    2.94
17-07-2024 14:01:19.87  223.43   0.460  27.908   32.875   84.9   9.78  14.000    0.01998    2.10    2.54    3.05
17-07-2024 14:01:20.12  223.53   0.461  27.909   32.876   84.9   9.77  14.000    0.02220    2.20    1.96    2.94
17-07-2024 14:01:20.36  223.60   0.461  27.909   32.875   84.9   9.77  14.000    0.01480    1.86    2.30    3.36
17-07-2024 14:01:20.61  223.70   0.462  27.910   32.875   84.9   9.77  14.000    0.00370    2.01    2.18    3.34
17-07-2024 14:01:20.85  223.77   0.462  27.911   32.876   84.9   9.77  14.000    0.02294    2.01    2.18    3.34
17-07-2024 14:01:21.10  223.85   0.462  27.911   32.876   84.9   9.77  14.000    0.02517    2.17    2.47    2.79
17-07-2024 14:01:21.35  223.95   0.462  27.911   32.876   84.9   9.77  14.000    0.00666    1.99    2.78    2.96
17-07-2024 14:01:21.60  224.07   0.462  27.910   32.875   84.9   9.77  14.000    0.02368    2.04    1.92    3.13
17-07-2024 14:01:21.85  224.16   0.463  27.910   32.874   84.8   9.77  14.000    0.02591    2.32    1.88    2.59
17-07-2024 14:01:22.10  224.24   0.463  27.910   32.875   84.8   9.77  14.000    0.02961    2.03    1.95    3.39
17-07-2024 14:01:22.34  224.31   0.463  27.910   32.874   84.8   9.77  14.000    0.01110    1.91    1.71    3.05
17-07-2024 14:01:22.58  224.38   0.463  27.912   32.877   84.8   9.77  14.000    0.01110    1.91    1.71    3.05
17-07-2024 14:01:22.83  224.50   0.463  27.911   32.875   84.8   9.77  14.000    0.02665    2.16    2.73    3.46
17-07-2024 14:01:23.08  224.58   0.462  27.912   32.877   84.8   9.77  14.000    0.01480    1.91    2.17    3.15
17-07-2024 14:01:23.32  224.65   0.463  27.912   32.876   84.8   9.77  14.000    0.00888    2.28    2.16    3.02
17-07-2024 14:01:23.57  224.76   0.463  27.912   32.876   84.8   9.76  14.000    0.03035    2.23    2.24    3.04
17-07-2024 14:01:23.81  224.87   0.464  27.912   32.876   84.8   9.76  14.000    0.00740    1.97    2.05    3.23
17-07-2024 14:01:24.06  224.93   0.464  27.912   32.876   84.8   9.76  14.000    0.01184    2.04    2.51    3.14
17-07-2024 14:01:24.30  225.04   0.464  27.913   32.877   84.8   9.76  14.000    0.01554    2.04    2.51    3.14
17-07-2024 14:01:24.55  225.15   0.464  27.913   32.876   84.8   9.76  14.000    0.04441    2.12    2.64    3.33
17-07-2024 14:01:24.79  225.20   0.464  27.913   32.876   84.8   9.76  14.000    0.02294    2.14    2.57    3.20
17-07-2024 14:01:25.04  225.28   0.464  27.913   32.876   84.8   9.76  14.000    0.01110    1.96    2.48    3.45
17-07-2024 14:01:25.29  225.38   0.465  27.913   32.875   84.8   9.76  14.000    0.01110    2.18    2.43    3.31
17-07-2024 14:01:25.54  225.48   0.465  27.914   32.876   84.8   9.76  14.000    0.00888    2.24    1.90    2.78
17-07-2024 14:01:25.78  225.55   0.465  27.914   32.876   84.8   9.76  14.000    0.01628    1.78    2.22    3.23
17-07-2024 14:01:26.02  225.66   0.465  27.914   32.876   84.8   9.76  14.000    0.01850    1.78    2.22    3.23
17-07-2024 14:01:26.27  225.74   0.465  27.914   32.876   84.8   9.76  14.000    0.01998    2.05    2.04    3.19
17-07-2024 14:01:26.52  225.79   0.465  27.913   32.875   84.8   9.76  14.000    0.01406    2.06    2.64    3.09
17-07-2024 14:01:26.76  225.93   0.465  27.914   32.876   84.8   9.76  14.000    0.01628    2.21    2.14    3.00
17-07-2024 14:01:27.01  226.01   0.465  27.915   32.878   84.8   9.76  14.000    0.02443    1.74    2.01    3.24
17-07-2024 14:01:27.25  226.09   0.465  27.914   32.876   84.8   9.76  14.000    0.02368    1.70    2.63    3.09
17-07-2024 14:01:27.50  226.18   0.465  27.915   32.877   84.8   9.76  14.000    0.01184    2.24    2.68    2.94
17-07-2024 14:01:27.74  226.28   0.465  27.916   32.878   84.8   9.76  14.000    0.01850    2.24    2.68    2.94
17-07-2024 14:01:27.99  226.38   0.466  27.917   32.878   84.8   9.76  14.000    0.02220    1.97    2.23    3.17
17-07-2024 14:01:28.24  226.44   0.466  27.916   32.878   84.8   9.76  14.000    0.02368    1.84    2.51    3.28
17-07-2024 14:01:28.48  226.53   0.466  27.915   32.876   84.8   9.76  14.000    0.01258    2.34    2.19    2.99
17-07-2024 14:01:28.73  226.61   0.466  27.916   32.877   84.8   9.76  14.000    0.03775    2.04    1.73    3.15
17-07-2024 14:01:28.97  226.70   0.467  27.917   32.877   84.8   9.76  14.000    0.02220    2.05    2.25    3.11
17-07-2024 14:01:29.22  226.78   0.467  27.917   32.877   84.8   9.76  14.000    0.01258    1.80    2.09    3.24
17-07-2024 14:01:29.47  226.91   0.467  27.916   32.877   84.7   9.76  14.000    0.02294    1.80    2.09    3.24
17-07-2024 14:01:29.71  227.00   0.467  27.917   32.877   84.7   9.76  14.000    0.01258    2.20    1.96    3.48
17-07-2024 14:01:29.96  227.04   0.467  27.917   32.878   84.7   9.75  14.000    0.04145    2.30    2.35    3.07
17-07-2024 14:01:30.20  227.15   0.467  27.917   32.877   84.7   9.76  14.000    0.01480    2.26    2.29    3.04
17-07-2024 14:01:30.45  227.25   0.467  27.917   32.877   84.7   9.76  14.000    0.00814    2.00    2.10    3.18
17-07-2024 14:01:30.69  227.34   0.467  27.917   32.877   84.7   9.76  14.000    0.00518    2.07    2.33    3.30
17-07-2024 14:01:30.94  227.43   0.468  27.918   32.877   84.7   9.75  14.000    0.02072    2.11    2.74    3.17
17-07-2024 14:01:31.18  227.50   0.467  27.918   32.877   84.7   9.75  14.000    0.01776    2.11    2.74    3.17
17-07-2024 14:01:31.43  227.61   0.468  27.918   32.877   84.7   9.75  14.000    0.01628    2.27    2.53    3.02
17-07-2024 14:01:31.67  227.69   0.467  27.918   32.877   84.7   9.75  14.000    0.02591    1.99    1.94    3.15
17-07-2024 14:01:31.92  227.75   0.468  27.919   32.879   84.7   9.75  14.000    0.01184    2.28    2.40    3.37
17-07-2024 14:01:32.16  227.87   0.468  27.918   32.877   84.7   9.75  14.000    0.02072    2.38    2.65    3.20
17-07-2024 14:01:32.42  227.96   0.468  27.918   32.878   84.7   9.75  14.000    0.03627    2.19    2.24    3.31
17-07-2024 14:01:32.66  228.04   0.468  27.918   32.877   84.7   9.75  14.000    0.03257    1.91    2.45    3.00
17-07-2024 14:01:32.91  228.10   0.469  27.919   32.877   84.7   9.75  14.000    0.03109    1.91    2.45    3.00
17-07-2024 14:01:33.16  228.24   0.468  27.918   32.877   84.7   9.75  14.000    0.02665    2.25    2.14    3.00
17-07-2024 14:01:33.40  228.31   0.468  27.920   32.879   84.7   9.75  14.000    0.02813    2.01    2.54    3.16
17-07-2024 14:01:33.65  228.39   0.468  27.920   32.879   84.7   9.75  14.000    0.03553    1.86    2.28    3.00
17-07-2024 14:01:33.89  228.46   0.469  27.920   32.879   84.7   9.75  14.000    0.01184    1.76    2.21    3.19
17-07-2024 14:01:34.14  228.60   0.469  27.920   32.878   84.7   9.75  14.000    0.03479    2.10    2.37    2.85
17-07-2024 14:01:34.38  228.66   0.469  27.921   32.879   84.7   9.75  14.000    0.00740    2.36    2.15    3.12
17-07-2024 14:01:34.63  228.75   0.469  27.921   32.879   84.7   9.75  14.000    0.04145    2.36    2.15    3.12
17-07-2024 14:01:34.87  228.87   0.470  27.922   32.879   84.7   9.75  14.000    0.01850    1.99    2.26    3.09
17-07-2024 14:01:35.12  228.90   0.470  27.923   32.880   84.7   9.75  14.000    0.01998    2.04    2.24    3.15
17-07-2024 14:01:35.36  229.01   0.470  27.922   32.880   84.7   9.75  14.000    0.01850    2.04    2.01    3.28
17-07-2024 14:01:35.61  229.10   0.470  27.922   32.880   84.7   9.75  14.000    0.02961    2.20    2.57    3.17
17-07-2024 14:01:35.85  229.18   0.470  27.922   32.879   84.7   9.75  14.000    0.04293    2.01    2.45    3.53
17-07-2024 14:01:36.10  229.26   0.470  27.923   32.881   84.7   9.75  14.000    0.01332    2.04    1.72    2.69
17-07-2024 14:01:36.35  229.40   0.470  27.922   32.879   84.7   9.75  14.000    0.01850    2.04    1.72    2.69
17-07-2024 14:01:36.60  229.47   0.471  27.924   32.880   84.7   9.75  14.000    0.01850    2.10    1.98    3.28
17-07-2024 14:01:36.84  229.54   0.471  27.923   32.880   84.7   9.75  14.000    0.01998    2.15    2.44    2.79
17-07-2024 14:01:37.09  229.65   0.471  27.923   32.880   84.7   9.75  14.000    0.01924    2.10    2.11    3.43
17-07-2024 14:01:37.33  229.71   0.471  27.924   32.880   84.7   9.75  14.000    0.03035    2.32    1.94    3.29
17-07-2024 14:01:37.58  229.79   0.472  27.924   32.880   84.7   9.75  14.000    0.03109    2.25    2.04    3.17
17-07-2024 14:01:37.82  229.90   0.472  27.925   32.880   84.7   9.74  14.000    0.02517    1.84    2.67    3.39
17-07-2024 14:01:38.07  229.94   0.472  27.925   32.880   84.6   9.74  14.000    0.03405    1.84    2.67    3.39
17-07-2024 14:01:38.31  230.08   0.472  27.925   32.880   84.6   9.74  14.000    0.03183    2.21    2.40    2.90
17-07-2024 14:01:38.56  230.16   0.472  27.925   32.881   84.6   9.74  14.000    0.02072    1.90    2.65    3.09
17-07-2024 14:01:38.80  230.22   0.472  27.925   32.881   84.6   9.74  14.000    0.02220    2.08    1.98    3.07
17-07-2024 14:01:39.06  230.34   0.473  27.925   32.880   84.6   9.74  14.000    0.02368    2.01    2.28    3.24
17-07-2024 14:01:39.29  230.39   0.473  27.925   32.880   84.6   9.74  14.000    0.02517    2.04    2.41    3.34
17-07-2024 14:01:39.54  230.50   0.473  27.925   32.880   84.6   9.74  14.000    0.02591    2.13    1.86    3.30
17-07-2024 14:01:39.79  230.58   0.473  27.926   32.881   84.6   9.74  14.000    0.01628    2.13    1.86    3.30
17-07-2024 14:01:40.04  230.63   0.473  27.926   32.880   84.6   9.74  14.000    0.03701    2.29    1.91    2.99
17-07-2024 14:01:40.28  230.75   0.472  27.926   32.880   84.6   9.74  14.000    0.02146    2.08    2.33    3.02
17-07-2024 14:01:40.53  230.85   0.473  27.925   32.880   84.6   9.74  14.000    0.00370    2.33    2.38    3.44
17-07-2024 14:01:40.78  230.90   0.473  27.926   32.880   84.6   9.74  14.000    0.02517    2.37    2.21    3.49
17-07-2024 14:01:41.02  231.01   0.472  27.926   32.880   84.6   9.73  14.000    0.01332    2.22    2.50    3.24
17-07-2024 14:01:41.27  231.11   0.473  27.926   32.880   84.5   9.73  14.000    0.03553    1.97    2.13    3.16
17-07-2024 14:01:41.51  231.20   0.473  27.926   32.880   84.5   9.73  14.000    0.02443    1.97    2.13    3.16
17-07-2024 14:01:41.76  231.30   0.473  27.927   32.881   84.5   9.73  14.000    0.01554    1.98    1.97    3.01
17-07-2024 14:01:42.00  231.36   0.473  27.926   32.880   84.5   9.73  14.000    0.01850    2.22    2.46    3.02
17-07-2024 14:01:42.24  231.49   0.473  27.927   32.881   84.5   9.73  14.000    0.01850    1.82    2.53    3.24
17-07-2024 14:01:42.49  231.54   0.473  27.927   32.881   84.5   9.73  14.000    0.02220    1.91    1.81    3.08
17-07-2024 14:01:42.73  231.60   0.474  27.926   32.879   84.5   9.73  14.000    0.03331    2.30    2.21    3.21
17-07-2024 14:01:42.98  231.78   0.473  27.927   32.880   84.5   9.73  14.000    0.04071    2.30    2.21    3.21
17-07-2024 14:01:43.22  231.82   0.474  27.927   32.880   84.5   9.72  14.000    0.02961    2.07    2.41    3.33
17-07-2024 14:01:43.48  231.92   0.473  27.928   32.882   84.5   9.72  14.000    0.02517    2.29    1.79    3.04
17-07-2024 14:01:43.72  232.02   0.474  27.927   32.880   84.5   9.72  14.000    0.02368    2.03    2.08    2.92
17-07-2024 14:01:43.97  232.08   0.474  27.928   32.881   84.5   9.72  14.000    0.02665    2.13    1.94    2.78
17-07-2024 14:01:44.22  232.20   0.473  27.928   32.881   84.5   9.72  14.000    0.01702    2.02    2.56    3.24
17-07-2024 14:01:44.46  232.29   0.474  27.928   32.881   84.5   9.72  14.000    0.01406    1.88    2.67    3.33
17-07-2024 14:01:44.71  232.39   0.474  27.929   32.883   84.5   9.72  14.000    0.03257    1.85    2.61    2.87
17-07-2024 14:01:44.95  232.48   0.474  27.928   32.881   84.5   9.72  14.000    0.03627    1.85    2.61    2.87
17-07-2024 14:01:45.20  232.59   0.474  27.928   32.881   84.4   9.72  14.000    0.02146    1.88    2.08    3.10
17-07-2024 14:01:45.44  232.68   0.474  27.928   32.882   84.4   9.72  14.000    0.02146    2.39    2.26    2.98
17-07-2024 14:01:45.69  232.79   0.474  27.929   32.882   84.4   9.72  14.000    0.01776    1.65    2.32    3.18
17-07-2024 14:01:45.93  232.86   0.475  27.929   32.881   84.4   9.72  14.000    0.03183    1.88    2.59    3.05
17-07-2024 14:01:46.18  232.95   0.474  27.929   32.881   84.4   9.72  14.000    0.02146    1.95    2.03    3.23
17-07-2024 14:01:46.42  233.04   0.474  27.929   32.882   84.4   9.72  14.000    0.02665    1.95    2.03    3.23
17-07-2024 14:01:46.67  233.16   0.474  27.929   32.882   84.4   9.71  14.000    0.03553    2.16    2.38    2.94
17-07-2024 14:01:46.91  233.23   0.474  27.930   32.883   84.4   9.72  14.000    0.03849    2.04    2.44    2.99
17-07-2024 14:01:47.17  233.31   0.475  27.930   32.882   84.4   9.72  14.000    0.01924    1.90    2.01    3.11
17-07-2024 14:01:47.41  233.41   0.475  27.930   32.882   84.4   9.72  14.000    0.01480    1.90    2.72    3.16
17-07-2024 14:01:47.66  233.52   0.475  27.931   32.882   84.4   9.72  14.000    0.02813    2.13    2.55    2.97
17-07-2024 14:01:47.90  233.57   0.475  27.931   32.882   84.4   9.72  14.000    0.01924    2.12    2.22    3.40
17-07-2024 14:01:48.15  233.66   0.476  27.931   32.881   84.4   9.72  14.000    0.03331    2.17    2.33    3.33
17-07-2024 14:01:48.39  233.75   0.476  27.933   32.884   84.4   9.72  14.000    0.02887    2.17    2.33    3.33
17-07-2024 14:01:48.64  233.85   0.477  27.932   32.882   84.4   9.72  14.000    0.02368    2.07    2.19    3.60
17-07-2024 14:01:48.88  233.96   0.477  27.933   32.883   84.4   9.72  14.000    0.01480    1.74    2.03    3.13
17-07-2024 14:01:49.13  234.08   0.477  27.933   32.883   84.4   9.72  14.000    0.02072    1.92    1.93    3.05
17-07-2024 14:01:49.37  234.15   0.478  27.933   32.883   84.4   9.71  14.000    0.01332    2.14    2.45    3.12
17-07-2024 14:01:49.62  234.25   0.478  27.934   32.883   84.4   9.71  14.000    0.02961    2.21    2.60    3.02
17-07-2024 14:01:49.86  234.31   0.477  27.934   32.884   84.4   9.72  14.000    0.01850    2.21    2.60    3.02
17-07-2024 14:01:50.12  234.45   0.478  27.934   32.883   84.4   9.72  14.000    0.01184    2.14    2.47    3.27
17-07-2024 14:01:50.36  234.55   0.478  27.935   32.885   84.4   9.71  14.000    0.02961    2.18    2.38    3.43
17-07-2024 14:01:50.60  234.59   0.479  27.936   32.885   84.4   9.71  14.000    0.02443    1.80    2.44    3.12
17-07-2024 14:01:50.85  234.69   0.479  27.936   32.885   84.4   9.71  14.000    0.03627    2.24    2.15    3.24
17-07-2024 14:01:51.10  234.79   0.479  27.935   32.884   84.4   9.71  14.000    0.02887    2.22    2.63    3.06
17-07-2024 14:01:51.35  234.86   0.480  27.938   32.886   84.4   9.71  14.000    0.03553    2.32    2.32    3.14
17-07-2024 14:01:51.59  234.98   0.480  27.938   32.886   84.4   9.71  14.000    0.03923    2.32    2.32    3.14
17-07-2024 14:01:51.84  235.05   0.480  27.939   32.887   84.4   9.71  14.000    0.02146    1.97    2.65    3.14
17-07-2024 14:01:52.08  235.13   0.481  27.938   32.884   84.4   9.71  14.000    0.01998    1.80    2.43    2.89
17-07-2024 14:01:52.33  235.23   0.481  27.938   32.885   84.4   9.71  14.000    0.03849    2.16    2.12    3.13
17-07-2024 14:01:52.57  235.38   0.481  27.938   32.885   84.4   9.71  14.000    0.02517    2.00    2.50    3.30
17-07-2024 14:01:52.82  235.46   0.481  27.938   32.885   84.4   9.71  14.000    0.02294    2.12    2.04    3.17
17-07-2024 14:01:53.06  235.51   0.481  27.939   32.886   84.3   9.71  14.000    0.03553    1.94    2.95    2.97
17-07-2024 14:01:53.31  235.62   0.481  27.939   32.886   84.4   9.71  14.000    0.02443    1.94    2.95    2.97
17-07-2024 14:01:53.55  235.70   0.481  27.939   32.885   84.4   9.71  14.000    0.01036    1.95    2.26    3.17
17-07-2024 14:01:53.80  235.81   0.482  27.938   32.884   84.4   9.71  14.000    0.03109    2.02    2.66    2.84
17-07-2024 14:01:54.05  235.90   0.481  27.939   32.885   84.3   9.71  14.000    0.03849    2.03    2.60    3.23
17-07-2024 14:01:54.29  235.98   0.482  27.939   32.885   84.3   9.70  14.000    0.03109    1.92    2.53    2.94
17-07-2024 14:01:54.54  236.08   0.481  27.939   32.885   84.3   9.70  14.000    0.03331    2.38    2.58    3.19
17-07-2024 14:01:54.78  236.15   0.482  27.939   32.885   84.3   9.71  14.000    0.04071    2.20    1.95    3.16
17-07-2024 14:01:55.03  236.25   0.481  27.939   32.885   84.3   9.71  14.000    0.01406    2.20    1.95    3.16
17-07-2024 14:01:55.28  236.39   0.481  27.940   32.886   84.3   9.71  14.000    0.02887    2.51    2.52    3.15
17-07-2024 14:01:55.52  236.44   0.482  27.940   32.886   84.3   9.71  14.000    0.03257    2.22    2.32    3.13
17-07-2024 14:01:55.77  236.53   0.481  27.939   32.886   84.3   9.71  14.000    0.01776    2.16    2.76    2.83
17-07-2024 14:01:56.01  236.65   0.481  27.940   32.887   84.3   9.70  14.000    0.02813    2.03    2.62    2.83
17-07-2024 14:01:56.26  236.73   0.481  27.940   32.886   84.3   9.71  14.000    0.04145    2.19    1.82    3.03
17-07-2024 14:01:56.50  236.83   0.482  27.940   32.886   84.4   9.71  14.000    0.02813    2.22    1.90    3.11
17-07-2024 14:01:56.75  236.90   0.482  27.940   32.886   84.3   9.70  14.000    0.00814    2.22    1.90    3.11
17-07-2024 14:01:56.99  237.02   0.482  27.939   32.885   84.3   9.70  14.000    0.00518    2.12    1.77    3.06
17-07-2024 14:01:57.24  237.07   0.481  27.940   32.885   84.3   9.70  14.000    0.02368    2.14    2.16    3.22
17-07-2024 14:01:57.48  237.18   0.482  27.940   32.885   84.3   9.70  14.000    0.03257    1.85    1.89    3.08
17-07-2024 14:01:57.73  237.24   0.482  27.940   32.886   84.3   9.70  14.000    0.02887    2.11    2.09    3.25
17-07-2024 14:01:57.97  237.36   0.482  27.940   32.885   84.3   9.70  14.000    0.02220    2.34    2.33    3.44
17-07-2024 14:01:58.23  237.42   0.482  27.940   32.886   84.3   9.70  14.000    0.02665    2.29    2.74    3.30
17-07-2024 14:01:58.47  237.54   0.483  27.941   32.886   84.3   9.70  14.000    0.01702    2.29    2.74    3.30
17-07-2024 14:01:58.72  237.63   0.482  27.940   32.885   84.3   9.70  14.000    0.01924    2.36    2.52    3.12
17-07-2024 14:01:58.97  237.68   0.482  27.941   32.886   84.3   9.70  14.000    0.02146    1.92    2.23    3.11
17-07-2024 14:01:59.21  237.82   0.482  27.940   32.885   84.3   9.70  14.000    0.03405    2.18    1.49    3.05
17-07-2024 14:01:59.46  237.86   0.482  27.941   32.886   84.3   9.70  14.000    0.02368    2.06    2.12    3.21
17-07-2024 14:01:59.70  237.95   0.482  27.940   32.885   84.3   9.70  14.000    0.01036    2.17    2.54    3.20
17-07-2024 14:01:59.95  238.05   0.482  27.940   32.885   84.3   9.70  14.000    0.02517    2.06    2.34    3.32
17-07-2024 14:02:00.19  238.17   0.482  27.940   32.885   84.3   9.70  14.000    0.01998    2.06    2.34    3.32
17-07-2024 14:02:00.44  238.27   0.482  27.941   32.886   84.3   9.70  14.000    0.02517    2.32    1.93    3.14
17-07-2024 14:02:00.68  238.31   0.482  27.941   32.886   84.3   9.70  14.000    0.03331    1.99    2.64    2.84
17-07-2024 14:02:00.93  238.44   0.482  27.941   32.886   84.3   9.70  14.000    0.01850    1.98    2.62    3.11
17-07-2024 14:02:01.18  238.51   0.482  27.942   32.886   84.3   9.70  14.000    0.03331    2.02    2.37    3.15
17-07-2024 14:02:01.42  238.59   0.482  27.941   32.886   84.3   9.70  14.000    0.00518    2.02    2.33    3.00
17-07-2024 14:02:01.66  238.73   0.482  27.941   32.885   84.3   9.70  14.000    0.01998    2.48    2.37    3.07
17-07-2024 14:02:01.92  238.78   0.482  27.941   32.886   84.4   9.71  14.000    0.02368    2.48    2.37    3.07
17-07-2024 14:02:02.16  238.90   0.483  27.942   32.886   84.3   9.71  14.000    0.00666    2.01    2.09    3.22
17-07-2024 14:02:02.41  238.96   0.483  27.942   32.887   84.4   9.71  14.000    0.02517    1.92    2.02    3.14
17-07-2024 14:02:02.66  239.04   0.483  27.942   32.886   84.3   9.71  14.000    0.01258    2.08    2.29    3.35
17-07-2024 14:02:02.90  239.16   0.483  27.943   32.887   84.3   9.71  14.000    0.01332    2.13    2.37    3.10
17-07-2024 14:02:03.15  239.24   0.483  27.942   32.885   84.4   9.71  14.000    0.02517    1.98    2.61    2.89
17-07-2024 14:02:03.39  239.34   0.483  27.943   32.887   84.4   9.71  14.000    0.01924    2.07    2.13    3.12
17-07-2024 14:02:03.63  239.40   0.483  27.943   32.887   84.4   9.71  14.000    0.02665    2.07    2.13    3.12
17-07-2024 14:02:03.88  239.50   0.484  27.944   32.887   84.4   9.71  14.000    0.03331    2.07    2.15    3.04
17-07-2024 14:02:04.13  239.61   0.484  27.944   32.886   84.4   9.71  14.000    0.02813    2.02    2.29    2.94
17-07-2024 14:02:04.37  239.66   0.484  27.945   32.888   84.4   9.71  14.000    0.02517    2.17    2.06    3.21
17-07-2024 14:02:04.62  239.78   0.484  27.944   32.887   84.3   9.71  14.000    0.02146    2.18    2.65    3.25
17-07-2024 14:02:04.86  239.90   0.484  27.945   32.889   84.4   9.71  14.000    0.01554    1.64    2.08    3.24
17-07-2024 14:02:05.11  239.95   0.484  27.943   32.887   84.3   9.71  14.000    0.02739    2.02    1.77    3.20
17-07-2024 14:02:05.35  240.05   0.484  27.945   32.888   84.4   9.71  14.000    0.03331    2.02    1.77    3.20
17-07-2024 14:02:05.60  240.19   0.484  27.944   32.886   84.3   9.71  14.000    0.02368    2.13    2.14    3.10
17-07-2024 14:02:05.85  240.23   0.484  27.945   32.888   84.4   9.71  14.000    0.01332    2.27    2.23    3.21
17-07-2024 14:02:06.10  240.33   0.484  27.945   32.888   84.4   9.71  14.000    0.02368    1.96    2.30    3.01
17-07-2024 14:02:06.34  240.40   0.485  27.945   32.887   84.3   9.70  14.000    0.02517    2.01    2.03    2.96
17-07-2024 14:02:06.59  240.49   0.485  27.945   32.887   84.3   9.70  14.000    0.02443    1.83    2.44    3.23
17-07-2024 14:02:06.83  240.58   0.485  27.945   32.887   84.3   9.71  14.000    0.02665    2.05    2.20    3.28
17-07-2024 14:02:07.08  240.67   0.484  27.945   32.887   84.3   9.70  14.000    0.02813    2.05    2.20    3.28
17-07-2024 14:02:07.32  240.77   0.485  27.945   32.887   84.3   9.70  14.000    0.00148    1.87    2.45    3.29
17-07-2024 14:02:07.57  240.88   0.485  27.945   32.887   84.3   9.70  14.000    0.01702    2.35    2.58    3.20
17-07-2024 14:02:07.81  240.94   0.485  27.946   32.887   84.3   9.70  14.000    0.01998    2.02    2.02    2.98
17-07-2024 14:02:08.06  241.05   0.485  27.945   32.887   84.3   9.70  14.000    0.01924    2.00    2.72    3.31
17-07-2024 14:02:08.30  241.15   0.485  27.945   32.886   84.3   9.70  14.000    0.01184    2.14    2.20    2.89
17-07-2024 14:02:08.55  241.21   0.485  27.945   32.887   84.3   9.70  14.000    0.00666    2.06    2.19    3.25
17-07-2024 14:02:08.79  241.30   0.485  27.945   32.886   84.3   9.70  14.000    0.03479    2.06    2.19    3.25
17-07-2024 14:02:09.04  241.40   0.485  27.945   32.887   84.3   9.70  14.000    0.02591    2.15    2.34    3.02
17-07-2024 14:02:09.29  241.49   0.485  27.946   32.887   84.3   9.70  14.000    0.01554    2.16    2.27    3.28
17-07-2024 14:02:09.54  241.58   0.485  27.945   32.886   84.3   9.70  14.000    0.02665    1.79    2.33    3.34
17-07-2024 14:02:09.79  241.64   0.485  27.946   32.888   84.3   9.70  14.000    0.03183    2.11    2.07    3.13
17-07-2024 14:02:10.03  241.75   0.485  27.946   32.888   84.3   9.70  14.000    0.02220    1.92    2.48    3.19
17-07-2024 14:02:10.28  241.87   0.485  27.945   32.886   84.3   9.70  14.000    0.01924    2.10    2.25    3.16
17-07-2024 14:02:10.52  241.94   0.485  27.947   32.888   84.3   9.70  14.000    0.01258    2.10    2.25    3.16
17-07-2024 14:02:10.77  241.99   0.485  27.947   32.888   84.3   9.70  14.000    0.00888    2.38    2.72    3.29
17-07-2024 14:02:11.01  242.12   0.485  27.947   32.888   84.3   9.70  14.000    0.02368    2.24    2.05    3.58
17-07-2024 14:02:11.26  242.20   0.486  27.946   32.887   84.3   9.70  14.000    0.01702    1.83    2.65    3.06
17-07-2024 14:02:11.50  242.28   0.485  27.946   32.886   84.3   9.70  14.000    0.02591    1.78    2.28    3.22
17-07-2024 14:02:11.75  242.36   0.485  27.948   32.889   84.3   9.70  14.000    0.01332    2.19    2.18    3.03
17-07-2024 14:02:11.99  242.47   0.486  27.947   32.888   84.3   9.70  14.000    0.02517    2.20    2.38    2.92
17-07-2024 14:02:12.24  242.58   0.486  27.947   32.887   84.3   9.70  14.000    0.00444    2.20    2.38    2.92
17-07-2024 14:02:12.48  242.64   0.485  27.947   32.888   84.3   9.70  14.000    0.01628    1.83    2.46    3.40
17-07-2024 14:02:12.73  242.75   0.486  27.948   32.887   84.3   9.70  14.000    0.01702    2.13    2.43    3.04
17-07-2024 14:02:12.98  242.84   0.486  27.947   32.887   84.3   9.70  14.000    0.00888    2.27    2.22    3.44
17-07-2024 14:02:13.22  242.94   0.486  27.948   32.888   84.3   9.70  14.000    0.01998    2.18    2.63    3.16
17-07-2024 14:02:13.47  243.04   0.486  27.948   32.888   84.3   9.70  14.000    0.02220    2.32    2.52    3.30
17-07-2024 14:02:13.72  243.09   0.486  27.948   32.888   84.3   9.70  14.000    0.00814    1.67    2.16    3.00
17-07-2024 14:02:13.96  243.24   0.486  27.949   32.889   84.3   9.70  14.000    0.02294    1.67    2.16    3.00
17-07-2024 14:02:14.21  243.30   0.487  27.949   32.889   84.3   9.70  14.000    0.02294    1.95    2.83    3.34
17-07-2024 14:02:14.45  243.40   0.487  27.950   32.889   84.3   9.70  14.000    0.02443    2.18    2.54    2.85
17-07-2024 14:02:14.70  243.49   0.488  27.951   32.889   84.3   9.70  14.000    0.01480    1.89    2.38    2.85
17-07-2024 14:02:14.94  243.56   0.488  27.950   32.889   84.3   9.70  14.000    0.02146    2.10    3.23    3.14
17-07-2024 14:02:15.19  243.69   0.488  27.951   32.889   84.3   9.70  14.000    0.02294    2.06    1.83    3.24
17-07-2024 14:02:15.43  243.73   0.488  27.951   32.889   84.3   9.70  14.000    0.02443    2.24    2.00    2.95
17-07-2024 14:02:15.68  243.85   0.488  27.951   32.889   84.3   9.70  14.000    0.00444    2.24    2.00    2.95
17-07-2024 14:02:15.92  243.95   0.488  27.952   32.890   84.3   9.70  14.000    0.02665    2.17    1.85    3.20
17-07-2024 14:02:16.17  244.04   0.488  27.951   32.890   84.3   9.70  14.000    0.01332    1.82    2.26    3.11
17-07-2024 14:02:16.41  244.15   0.488  27.951   32.889   84.3   9.70  14.000    0.01702    1.98    2.20    3.19
17-07-2024 14:02:16.67  244.22   0.488  27.952   32.890   84.3   9.70  14.000    0.02887    2.19    2.57    3.19
17-07-2024 14:02:16.91  244.32   0.488  27.951   32.889   84.3   9.70  14.000    0.01924    2.23    2.32    3.48
17-07-2024 14:02:17.16  244.39   0.488  27.951   32.889   84.3   9.69  14.000    0.02072    2.29    2.28    2.88
17-07-2024 14:02:17.41  244.46   0.488  27.951   32.889   84.3   9.70  14.000    0.00740    2.29    2.28    2.88
17-07-2024 14:02:17.65  244.58   0.488  27.951   32.889   84.3   9.70  14.000    0.01554    2.02    2.49    3.08
17-07-2024 14:02:17.90  244.62   0.489  27.951   32.888   84.3   9.70  14.000    0.03923    2.29    2.09    3.07
17-07-2024 14:02:18.14  244.74   0.489  27.951   32.889   84.3   9.70  14.000    0.01332    2.17    2.42    3.23
17-07-2024 14:02:18.39  244.80   0.488  27.952   32.890   84.3   9.70  14.000    0.01110    1.91    2.33    3.26
17-07-2024 14:02:18.63  244.92   0.488  27.952   32.889   84.3   9.70  14.000    0.02146    2.18    2.66    3.30
17-07-2024 14:02:18.88  245.00   0.489  27.952   32.889   84.3   9.70  14.000    0.01110    2.17    2.16    3.22
17-07-2024 14:02:19.12  245.11   0.489  27.952   32.889   84.3   9.70  14.000    0.00814    2.17    2.16    3.22
17-07-2024 14:02:19.37  245.17   0.489  27.952   32.890   84.3   9.70  14.000    0.01998    2.10    2.19    3.23
17-07-2024 14:02:19.61  245.25   0.488  27.952   32.890   84.3   9.70  14.000    0.00888    2.05    2.35    2.96
17-07-2024 14:02:19.86  245.38   0.488  27.952   32.890   84.3   9.70  14.000    0.00222    1.84    2.37    2.91
17-07-2024 14:02:20.10  245.45   0.489  27.952   32.889   84.3   9.70  14.000    0.00740    2.03    1.92    3.10
17-07-2024 14:02:20.35  245.51   0.488  27.951   32.888   84.3   9.70  14.000    0.02072    1.90    2.55    3.30
17-07-2024 14:02:20.60  245.62   0.489  27.953   32.890   84.3   9.70  14.000    0.02294    2.39    2.69    2.93
17-07-2024 14:02:20.85  245.73   0.489  27.953   32.889   84.3   9.70  14.000    0.02665    2.39    2.69    2.93
17-07-2024 14:02:21.09  245.80   0.488  27.952   32.890   84.3   9.70  14.000    0.00740    1.92    1.82    3.18
17-07-2024 14:02:21.34  245.91   0.489  27.953   32.890   84.3   9.70  14.000    0.02517    2.20    2.20    3.34
17-07-2024 14:02:21.58  246.01   0.490  27.954   32.890   84.3   9.70  14.000    0.01628    2.12    2.19    3.05
17-07-2024 14:02:21.83  246.06   0.489  27.954   32.890   84.3   9.70  14.000    0.02517    2.05    2.16    3.39
17-07-2024 14:02:22.07  246.17   0.489  27.954   32.890   84.3   9.70  14.000    0.01110    2.14    2.77    3.39
17-07-2024 14:02:22.32  246.26   0.490  27.954   32.890   84.3   9.70  14.000    0.04737    1.98    2.19    3.50
17-07-2024 14:02:22.56  246.34   0.490  27.954   32.890   84.3   9.70  14.000    0.02887    1.98    2.19    3.50
17-07-2024 14:02:22.81  246.43   0.490  27.954   32.890   84.3   9.70  14.000    0.01258    2.05    2.30    3.24
17-07-2024 14:02:23.06  246.49   0.489  27.954   32.890   84.3   9.70  14.000    0.02368    2.42    2.29    3.12
17-07-2024 14:02:23.30  246.58   0.490  27.954   32.890   84.3   9.70  14.000    0.02591    2.34    2.09    3.03
17-07-2024 14:02:23.55  246.68   0.490  27.955   32.891   84.3   9.70  14.000    0.00888    2.05    2.17    3.08
17-07-2024 14:02:23.79  246.75   0.490  27.954   32.890   84.3   9.70  14.000    0.02294    2.10    2.23    3.34
17-07-2024 14:02:24.04  246.86   0.490  27.955   32.890   84.3   9.70  14.000    0.03775    1.88    2.34    2.93
17-07-2024 14:02:24.29  246.91   0.490  27.955   32.891   84.3   9.70  14.000    0.01480    1.88    2.34    2.93
17-07-2024 14:02:24.54  247.00   0.490  27.955   32.890   84.3   9.70  14.000    0.01702    2.30    2.40    3.54
17-07-2024 14:02:24.78  247.15   0.491  27.955   32.890   84.3   9.70  14.000    0.01702    1.82    2.14    2.95
17-07-2024 14:02:25.03  247.23   0.491  27.956   32.891   84.4   9.70  14.000    0.02443    1.97    2.34    2.91
17-07-2024 14:02:25.27  247.30   0.491  27.956   32.891   84.3   9.70  14.000   -0.00296    2.20    2.46    3.24
17-07-2024 14:02:25.52  247.37   0.491  27.956   32.891   84.4   9.70  14.000    0.00592    1.99    2.25    3.25
17-07-2024 14:02:25.76  247.47   0.491  27.957   32.892   84.4   9.70  14.000    0.03109    2.14    2.13    3.20
17-07-2024 14:02:26.01  247.55   0.492  27.956   32.890   84.3   9.70  14.000    0.01628    2.14    2.13    3.20
17-07-2024 14:02:26.25  247.65   0.491  27.957   32.891   84.3   9.70  14.000    0.01036    2.37    2.17    2.64
17-07-2024 14:02:26.50  247.71   0.492  27.957   32.891   84.4   9.70  14.000    0.02591    2.40    2.70    3.10
17-07-2024 14:02:26.74  247.83   0.492  27.957   32.891   84.4   9.71  14.000   -0.00074    2.11    2.16    2.82
17-07-2024 14:02:26.99  247.91   0.492  27.958   32.891   84.4   9.71  14.000    0.00888    2.22    1.95    3.11
17-07-2024 14:02:27.23  248.02   0.492  27.958   32.892   84.4   9.71  14.000    0.02368    2.25    2.35    3.39
17-07-2024 14:02:27.48  248.08   0.493  27.959   32.892   84.4   9.71  14.000    0.02443    2.25    2.35    3.39
17-07-2024 14:02:27.73  248.16   0.493  27.959   32.892   84.4   9.71  14.000    0.01036    1.87    2.34    3.26
17-07-2024 14:02:27.97  248.27   0.493  27.958   32.891   84.4   9.70  14.000    0.00592    1.81    2.30    3.38
17-07-2024 14:02:28.22  248.36   0.493  27.958   32.891   84.4   9.71  14.000    0.01332    2.32    2.66    3.18
17-07-2024 14:02:28.47  248.45   0.493  27.959   32.892   84.4   9.71  14.000    0.02146    1.82    2.69    2.96
17-07-2024 14:02:28.71  248.54   0.493  27.959   32.892   84.4   9.71  14.000    0.02220    1.84    2.22    3.26
17-07-2024 14:02:28.96  248.63   0.494  27.960   32.892   84.4   9.71  14.000    0.02443    2.12    2.63    3.08
17-07-2024 14:02:29.21  248.76   0.493  27.960   32.893   84.4   9.71  14.000    0.02443    2.33    2.39    3.09
17-07-2024 14:02:29.45  248.81   0.494  27.960   32.893   84.4   9.71  14.000    0.00666    2.33    2.39    3.09
17-07-2024 14:02:29.69  248.92   0.494  27.961   32.893   84.4   9.71  14.000    0.01332    2.11    2.62    3.10
17-07-2024 14:02:29.94  248.97   0.495  27.962   32.893   84.4   9.71  14.000    0.01702    2.08    2.67    3.12
17-07-2024 14:02:30.18  249.09   0.494  27.961   32.893   84.4   9.71  14.000   -0.00148    2.37    2.19    3.37
17-07-2024 14:02:30.43  249.19   0.494  27.962   32.893   84.4   9.71  14.000    0.02146    2.00    2.05    3.07
17-07-2024 14:02:30.67  249.24   0.495  27.962   32.894   84.5   9.72  14.000    0.01628    2.20    1.93    2.99
17-07-2024 14:02:30.92  249.36   0.495  27.962   32.893   84.4   9.71  14.000   -0.00148    2.20    1.93    2.99
17-07-2024 14:02:31.16  249.42   0.495  27.963   32.895   84.5   9.71  14.000    0.01628    1.97    2.23    3.14
17-07-2024 14:02:31.42  249.52   0.496  27.962   32.893   84.5   9.72  14.000    0.01480    1.98    2.85    3.21
17-07-2024 14:02:31.66  249.61   0.496  27.963   32.893   84.5   9.72  14.000    0.00888    1.88    3.03    3.08
17-07-2024 14:02:31.91  249.67   0.496  27.963   32.894   84.5   9.72  14.000    0.01036    1.72    2.54    3.08
17-07-2024 14:02:32.16  249.80   0.496  27.965   32.895   84.5   9.72  14.000    0.01776    2.07    2.13    2.94
17-07-2024 14:02:32.40  249.87   0.497  27.964   32.894   84.5   9.72  14.000    0.01110    1.98    2.43    3.00
17-07-2024 14:02:32.65  249.97   0.497  27.964   32.894   84.5   9.72  14.000    0.00296    1.98    2.43    3.00
17-07-2024 14:02:32.89  250.06   0.497  27.966   32.895   84.5   9.72  14.000    0.02072    2.19    1.71    3.45
17-07-2024 14:02:33.14  250.14   0.498  27.965   32.894   84.5   9.72  14.000    0.00740    1.96    2.36    3.42
17-07-2024 14:02:33.38  250.24   0.498  27.966   32.895   84.5   9.72  14.000    0.01628    1.95    2.43    3.05
17-07-2024 14:02:33.63  250.29   0.498  27.965   32.894   84.5   9.72  14.000    0.01850    2.00    2.26    2.52
17-07-2024 14:02:33.87  250.38   0.498  27.965   32.894   84.5   9.72  14.000    0.02368    2.03    2.55    3.20
17-07-2024 14:02:34.12  250.48   0.498  27.966   32.894   84.5   9.72  14.000    0.01406    2.21    2.61    3.26
17-07-2024 14:02:34.36  250.57   0.498  27.966   32.894   84.5   9.72  14.000    0.01184    2.21    2.61    3.26
17-07-2024 14:02:34.61  250.65   0.499  27.966   32.894   84.5   9.72  14.000    0.01110    2.10    2.11    2.89
17-07-2024 14:02:34.85  250.74   0.498  27.967   32.895   84.5   9.72  14.000    0.00962    1.96    2.31    2.78
17-07-2024 14:02:35.10  250.84   0.499  27.967   32.894   84.5   9.72  14.000    0.01258    2.17    2.62    2.99
17-07-2024 14:02:35.35  250.88   0.499  27.967   32.894   84.5   9.72  14.000    0.00592    2.01    2.32    3.22
17-07-2024 14:02:35.60  251.01   0.500  27.968   32.895   84.5   9.72  14.000    0.02072    2.18    2.48    3.01
17-07-2024 14:02:35.84  251.12   0.500  27.968   32.894   84.5   9.72  14.000    0.01332    1.88    2.31    3.29
17-07-2024 14:02:36.09  251.19   0.499  27.968   32.896   84.5   9.72  14.000    0.01628    1.88    2.31    3.29
17-07-2024 14:02:36.33  251.31   0.499  27.969   32.896   84.5   9.72  14.000    0.02072    1.87    2.54    2.77
17-07-2024 14:02:36.58  251.41   0.499  27.968   32.896   84.5   9.72  14.000    0.04367    1.96    2.44    3.33
17-07-2024 14:02:36.82  251.48   0.500  27.968   32.895   84.5   9.72  14.000    0.01628    2.23    2.39    3.26
17-07-2024 14:02:37.07  251.55   0.500  27.968   32.894   84.5   9.72  14.000    0.01998    2.19    2.07    3.20
17-07-2024 14:02:37.31  251.66   0.499  27.968   32.895   84.5   9.72  14.000    0.01036    2.11    2.51    3.43
17-07-2024 14:02:37.56  251.74   0.500  27.968   32.895   84.6   9.72  14.000    0.02443    1.99    2.29    3.12
17-07-2024 14:02:37.80  251.87   0.500  27.968   32.895   84.6   9.73  14.000    0.01406    1.99    2.29    3.12
17-07-2024 14:02:38.05  251.93   0.500  27.969   32.895   84.5   9.72  14.000    0.01258    2.08    2.36    3.01
17-07-2024 14:02:38.29  252.02   0.500  27.969   32.895   84.6   9.73  14.000   -0.00148    1.96    2.18    2.96
17-07-2024 14:02:38.54  252.12   0.500  27.969   32.895   84.6   9.73  14.000    0.01924    2.07    2.62    3.11
17-07-2024 14:02:38.79  252.22   0.500  27.968   32.894   84.6   9.73  14.000    0.02146    2.09    2.34    3.13
17-07-2024 14:02:39.04  252.28   0.500  27.970   32.896   84.6   9.73  14.000    0.01998    2.31    2.14    3.09
17-07-2024 14:02:39.29  252.38   0.500  27.968   32.894   84.6   9.73  14.000    0.01332    2.11    2.46    3.06
17-07-2024 14:02:39.53  252.48   0.500  27.969   32.895   84.6   9.73  14.000    0.01850    2.11    2.46    3.06
17-07-2024 14:02:39.78  252.56   0.500  27.970   32.896   84.6   9.73  14.000    0.01554    2.18    2.75    3.14
17-07-2024 14:02:40.02  252.67   0.500  27.970   32.896   84.6   9.73  14.000    0.01554    2.01    2.20    3.24
17-07-2024 14:02:40.27  252.74   0.500  27.969   32.895   84.6   9.73  14.000    0.02813    2.17    2.50    2.95
17-07-2024 14:02:40.51  252.82   0.501  27.969   32.895   84.6   9.73  14.000    0.02220    2.14    1.68    3.07
17-07-2024 14:02:40.76  252.91   0.501  27.970   32.895   84.6   9.73  14.000    0.01776    2.07    2.24    3.08
17-07-2024 14:02:41.00  252.99   0.500  27.969   32.894   84.6   9.73  14.000    0.02368    2.01    2.04    3.43
17-07-2024 14:02:41.24  253.10   0.501  27.971   32.896   84.6   9.73  14.000    0.00666    2.01    2.04    3.43
17-07-2024 14:02:41.49  253.17   0.501  27.970   32.895   84.6   9.73  14.000    0.03923    2.07    2.28    3.12
17-07-2024 14:02:41.74  253.27   0.501  27.971   32.896   84.6   9.73  14.000    0.02887    2.07    2.11    2.99
17-07-2024 14:02:41.98  253.38   0.501  27.972   32.896   84.6   9.73  14.000    0.02146    2.45    2.46    3.21
17-07-2024 14:02:42.23  253.46   0.502  27.972   32.896   84.6   9.73  14.000    0.01554    2.10    2.00    3.17
17-07-2024 14:02:42.48  253.53   0.502  27.973   32.897   84.7   9.74  14.000    0.02146    2.13    2.68    3.09
17-07-2024 14:02:42.72  253.64   0.502  27.973   32.897   84.7   9.74  14.000    0.03183    2.19    2.13    3.22
17-07-2024 14:02:42.97  253.71   0.503  27.974   32.898   84.6   9.73  14.000    0.00518    2.19    2.13    3.22
17-07-2024 14:02:43.22  253.81   0.503  27.974   32.897   84.6   9.73  14.000    0.01036    2.02    2.43    3.52
17-07-2024 14:02:43.46  253.88   0.503  27.973   32.896   84.7   9.74  14.000    0.02146    1.93    2.40    3.30
17-07-2024 14:02:43.71  253.98   0.503  27.973   32.896   84.7   9.74  14.000    0.01924    2.00    2.54    3.27
17-07-2024 14:02:43.95  254.09   0.503  27.973   32.896   84.7   9.74  14.000    0.01924    1.71    2.40    3.44
17-07-2024 14:02:44.20  254.12   0.504  27.973   32.895   84.7   9.74  14.000    0.02220    2.13    2.27    3.22
17-07-2024 14:02:44.44  254.21   0.504  27.975   32.898   84.7   9.73  14.000    0.02813    2.37    2.04    3.04
17-07-2024 14:02:44.69  254.35   0.504  27.975   32.898   84.7   9.74  14.000    0.01776    2.37    2.04    3.04
17-07-2024 14:02:44.93  254.43   0.504  27.975   32.897   84.7   9.74  14.000    0.01702    2.35    2.22    3.46
17-07-2024 14:02:45.18  254.49   0.504  27.975   32.898   84.6   9.73  14.000    0.01332    1.99    2.78    3.24
17-07-2024 14:02:45.42  254.59   0.504  27.974   32.895   84.7   9.74  14.000    0.01554    2.19    2.23    2.95
17-07-2024 14:02:45.67  254.68   0.505  27.975   32.896   84.7   9.74  14.000    0.02072    2.31    2.82    3.19
17-07-2024 14:02:45.91  254.77   0.505  27.975   32.897   84.7   9.74  14.000    0.01554    1.76    2.18    3.06
17-07-2024 14:02:46.17  254.86   0.505  27.976   32.898   84.7   9.74  14.000    0.01480    2.16    2.08    3.06
17-07-2024 14:02:46.41  254.97   0.505  27.976   32.897   84.7   9.74  14.000    0.02739    2.16    2.08    3.06
17-07-2024 14:02:46.66  255.04   0.505  27.975   32.896   84.7   9.74  14.000    0.01702    2.53    2.30    3.31
17-07-2024 14:02:46.91  255.13   0.505  27.975   32.896   84.6   9.73  14.000    0.00888    2.10    2.63    3.10
17-07-2024 14:02:47.15  255.22   0.505  27.975   32.897   84.7   9.73  14.000    0.00000    2.03    2.24    3.36
17-07-2024 14:02:47.40  255.29   0.505  27.976   32.897   84.6   9.73  14.000    0.02517    2.12    1.80    3.16
17-07-2024 14:02:47.64  255.37   0.505  27.976   32.896   84.6   9.73  14.000    0.02146    2.03    2.23    2.83
17-07-2024 14:02:47.89  255.47   0.505  27.976   32.898   84.6   9.73  14.000    0.03553    2.03    2.63    3.03
17-07-2024 14:02:48.13  255.57   0.505  27.975   32.896   84.6   9.73  14.000    0.01554    2.03    2.63    3.03
17-07-2024 14:02:48.38  255.67   0.505  27.976   32.897   84.6   9.73  14.000    0.01776    2.04    2.36    3.47
17-07-2024 14:02:48.62  255.73   0.505  27.977   32.898   84.6   9.73  14.000    0.02368    2.36    2.30    3.25
17-07-2024 14:02:48.87  255.82   0.505  27.977   32.897   84.6   9.73  14.000    0.01924    2.18    1.85    3.15
17-07-2024 14:02:49.11  255.90   0.505  27.977   32.897   84.6   9.73  14.000    0.03479    1.93    2.43    3.01
17-07-2024 14:02:49.36  256.00   0.505  27.977   32.898   84.6   9.73  14.000    0.01258    2.07    2.60    3.06
17-07-2024 14:02:49.60  256.08   0.505  27.977   32.898   84.6   9.73  14.000    0.01332    2.10    2.19    3.40
17-07-2024 14:02:49.86  256.18   0.505  27.976   32.897   84.6   9.73  14.000    0.00518    2.10    2.19    3.40
17-07-2024 14:02:50.10  256.26   0.506  27.977   32.897   84.6   9.73  14.000    0.02072    2.11    2.24    3.36
17-07-2024 14:02:50.35  256.34   0.506  27.976   32.896   84.6   9.73  14.000    0.02368    2.02    2.53    2.98
17-07-2024 14:02:50.60  256.45   0.506  27.978   32.898   84.6   9.73  14.000    0.00814    2.13    2.35    3.17
17-07-2024 14:02:50.84  256.55   0.505  27.976   32.896   84.6   9.73  14.000    0.02961    2.23    1.80    3.09
17-07-2024 14:02:51.09  256.62   0.506  27.977   32.896   84.6   9.73  14.000    0.01258    1.93    2.62    3.40
17-07-2024 14:02:51.33  256.72   0.506  27.977   32.896   84.6   9.73  14.000    0.02591    2.34    1.78    3.14
17-07-2024 14:02:51.57  256.77   0.506  27.976   32.896   84.6   9.73  14.000    0.01406    2.34    1.78    3.14
17-07-2024 14:02:51.82  256.86   0.506  27.978   32.897   84.6   9.72  14.000    0.00518    2.11    1.85    2.76
17-07-2024 14:02:52.07  256.97   0.506  27.977   32.896   84.6   9.72  14.000    0.01776    1.78    1.73    3.17
17-07-2024 14:02:52.31  257.06   0.506  27.978   32.898   84.6   9.72  14.000    0.00666    1.86    2.32    3.28
17-07-2024 14:02:52.56  257.12   0.506  27.978   32.897   84.6   9.72  14.000    0.01258    1.70    1.93    3.15
17-07-2024 14:02:52.80  257.23   0.506  27.978   32.897   84.6   9.72  14.000    0.03035    1.87    2.14    3.17
17-07-2024 14:02:53.05  257.31   0.506  27.978   32.897   84.6   9.72  14.000   -0.00148    2.09    2.19    3.02
17-07-2024 14:02:53.32  257.41   0.506  27.978   32.897   84.6   9.72  14.000    0.01628    1.89    2.43    3.30
17-07-2024 14:02:53.54  257.48   0.507  27.978   32.897   84.6   9.72  14.000    0.01924    1.89    2.43    3.30
17-07-2024 14:02:53.79  257.60   0.507  27.977   32.896   84.6   9.72  14.000    0.01258    2.36    2.41    3.13
17-07-2024 14:02:54.04  257.67   0.507  27.979   32.898   84.5   9.72  14.000    0.00814    2.23    2.07    3.05
17-07-2024 14:02:54.28  257.76   0.507  27.979   32.897   84.5   9.72  14.000    0.01332    2.14    2.23    3.05
17-07-2024 14:02:54.53  257.83   0.507  27.979   32.898   84.5   9.72  14.000    0.00148    2.33    2.18    2.96
17-07-2024 14:02:54.77  257.99   0.507  27.980   32.899   84.5   9.72  14.000    0.02887    2.34    2.11    3.12
17-07-2024 14:02:55.02  258.03   0.507  27.979   32.897   84.5   9.72  14.000    0.00518    2.34    2.11    3.12
17-07-2024 14:02:55.26  258.13   0.507  27.979   32.898   84.5   9.72  14.000    0.01110    2.21    2.20    3.24
17-07-2024 14:02:55.51  258.19   0.507  27.980   32.898   84.5   9.72  14.000   -0.00074    1.90    2.29    3.05
17-07-2024 14:02:55.75  258.30   0.507  27.980   32.898   84.5   9.72  14.000    0.01036    2.17    2.46    3.23
17-07-2024 14:02:56.00  258.38   0.507  27.980   32.899   84.5   9.72  14.000    0.00592    2.03    2.04    3.01
17-07-2024 14:02:56.25  258.49   0.508  27.980   32.898   84.5   9.72  14.000    0.01258    1.96    2.31    3.00
17-07-2024 14:02:56.49  258.56   0.507  27.979   32.897   84.5   9.72  14.000    0.02072    1.86    2.36    3.23
17-07-2024 14:02:56.73  258.65   0.507  27.980   32.897   84.5   9.71  14.000    0.01998    1.86    2.36    3.23
17-07-2024 14:02:56.98  258.74   0.507  27.980   32.898   84.5   9.71  14.000    0.01850    2.29    2.69    3.39
17-07-2024 14:02:57.23  258.84   0.508  27.980   32.898   84.5   9.71  14.000    0.00666    2.34    2.00    3.07
17-07-2024 14:02:57.47  258.91   0.508  27.981   32.898   84.5   9.71  14.000    0.02813    2.27    2.48    3.21
17-07-2024 14:02:57.72  259.01   0.509  27.981   32.898   84.5   9.71  14.000    0.00592    1.87    2.40    3.01
17-07-2024 14:02:57.97  259.12   0.508  27.981   32.898   84.5   9.71  14.000    0.01406    1.80    2.59    3.32
17-07-2024 14:02:58.21  259.21   0.508  27.982   32.899   84.5   9.71  14.000    0.00148    2.17    2.48    2.85
17-07-2024 14:02:58.46  259.26   0.509  27.981   32.897   84.5   9.71  14.000    0.00740    2.17    2.48    2.85
17-07-2024 14:02:58.70  259.37   0.509  27.981   32.898   84.5   9.71  14.000    0.01258    1.94    2.51    3.25
17-07-2024 14:02:58.95  259.46   0.509  27.982   32.899   84.5   9.71  14.000    0.01184    2.15    2.03    2.99
17-07-2024 14:02:59.19  259.56   0.509  27.982   32.899   84.5   9.71  14.000    0.00666    2.07    2.30    3.05
17-07-2024 14:02:59.44  259.64   0.509  27.983   32.899   84.5   9.71  14.000    0.02887    2.07    2.20    3.00
17-07-2024 14:02:59.68  259.73   0.509  27.982   32.898   84.5   9.71  14.000    0.02887    1.99    2.70    3.07
17-07-2024 14:02:59.93  259.80   0.509  27.984   32.900   84.5   9.71  14.000    0.02591    2.20    2.05    3.29
17-07-2024 14:03:00.17  259.92   0.510  27.983   32.898   84.5   9.71  14.000    0.01406    2.20    2.05    3.29
17-07-2024 14:03:00.42  260.01   0.510  27.985   32.901   84.5   9.71  14.000    0.01406    2.01    2.63    3.61
17-07-2024 14:03:00.66  260.10   0.510  27.983   32.898   84.5   9.71  14.000    0.01702    2.00    2.35    2.84
17-07-2024 14:03:00.92  260.19   0.510  27.984   32.900   84.5   9.71  14.000    0.02294    2.26    2.56    3.07
17-07-2024 14:03:01.16  260.26   0.510  27.984   32.898   84.5   9.71  14.000    0.01850    1.94    2.52    3.33
17-07-2024 14:03:01.41  260.36   0.511  27.984   32.899   84.5   9.71  14.000    0.00740    2.27    2.12    2.80
17-07-2024 14:03:01.66  260.43   0.510  27.985   32.900   84.5   9.71  14.000    0.01258    1.95    2.14    2.84
17-07-2024 14:03:01.90  260.50   0.511  27.984   32.898   84.5   9.71  14.000    0.01184    1.95    2.14    2.84
17-07-2024 14:03:02.15  260.61   0.510  27.983   32.898   84.5   9.71  14.000    0.01110    2.29    2.07    3.13
17-07-2024 14:03:02.39  260.71   0.510  27.984   32.899   84.5   9.71  14.000    0.01480    1.82    1.90    3.27
17-07-2024 14:03:02.64  260.80   0.511  27.984   32.899   84.5   9.71  14.000    0.01406    2.16    2.51    3.30
17-07-2024 14:03:02.88  260.86   0.511  27.984   32.898   84.5   9.71  14.000    0.00592    2.16    2.55    3.09
17-07-2024 14:03:03.13  260.95   0.511  27.987   32.902   84.5   9.71  14.000    0.00666    2.14    2.45    2.93
17-07-2024 14:03:03.37  261.05   0.511  27.984   32.899   84.5   9.71  14.000    0.00592    2.21    2.12    2.93
17-07-2024 14:03:03.62  261.12   0.511  27.984   32.898   84.5   9.72  14.000    0.01480    2.21    2.12    2.93
17-07-2024 14:03:03.86  261.21   0.511  27.984   32.898   84.5   9.71  14.000    0.00814    2.31    2.45    3.24
17-07-2024 14:03:04.11  261.29   0.511  27.984   32.898   84.5   9.71  14.000    0.01702    1.93    1.89    3.09
17-07-2024 14:03:04.36  261.39   0.511  27.985   32.899   84.5   9.71  14.000   -0.00296    2.31    2.14    2.99
17-07-2024 14:03:04.61  261.49   0.511  27.987   32.902   84.5   9.71  14.000    0.01036    2.08    2.29    3.59
17-07-2024 14:03:04.85  261.57   0.512  27.984   32.897   84.5   9.71  14.000    0.01924    1.94    2.14    3.00
17-07-2024 14:03:05.10  261.65   0.512  27.985   32.898   84.5   9.71  14.000    0.01554    2.18    2.22    2.93
17-07-2024 14:03:05.35  261.77   0.511  27.986   32.899   84.5   9.71  14.000    0.00814    2.18    2.22    2.93
17-07-2024 14:03:05.59  261.85   0.512  27.987   32.901   84.5   9.71  14.000    0.01850    2.11    2.36    3.09
17-07-2024 14:03:05.84  261.93   0.512  27.988   32.901   84.5   9.71  14.000    0.02220    1.89    2.51    3.12
17-07-2024 14:03:06.09  262.03   0.512  27.988   32.901   84.5   9.71  14.000    0.01036    2.07    2.25    3.12
17-07-2024 14:03:06.33  262.11   0.512  27.989   32.903   84.5   9.71  14.000    0.00222    2.43    2.04    2.98
17-07-2024 14:03:06.58  262.18   0.512  27.987   32.901   84.5   9.71  14.000    0.01554    2.14    1.83    3.16
17-07-2024 14:03:06.82  262.28   0.512  27.987   32.900   84.5   9.71  14.000    0.01554    2.14    2.50    3.05
17-07-2024 14:03:07.07  262.39   0.512  27.985   32.898   84.5   9.71  14.000   -0.00074    2.14    2.50    3.05
17-07-2024 14:03:07.31  262.46   0.512  27.987   32.899   84.5   9.71  14.000    0.00740    2.10    2.11    3.06
17-07-2024 14:03:07.56  262.55   0.513  27.987   32.900   84.5   9.71  14.000   -0.00592    1.76    2.34    3.38
17-07-2024 14:03:07.80  262.63   0.512  27.987   32.900   84.5   9.71  14.000    0.00444    1.66    2.36    3.12
17-07-2024 14:03:08.05  262.74   0.512  27.986   32.899   84.5   9.71  14.000   -0.00518    1.93    2.25    3.29
17-07-2024 14:03:08.29  262.81   0.513  27.987   32.899   84.5   9.71  14.000    0.02146    2.14    2.19    2.87
17-07-2024 14:03:08.54  262.89   0.513  27.987   32.899   84.5   9.71  14.000    0.01850    2.02    2.66    2.88
17-07-2024 14:03:08.79  262.98   0.513  27.988   32.900   84.5   9.71  14.000    0.01184    2.02    2.66    2.88
17-07-2024 14:03:09.03  263.05   0.513  27.988   32.900   84.5   9.71  14.000    0.01776    1.75    2.21    3.45
17-07-2024 14:03:09.28  263.17   0.512  27.988   32.900   84.5   9.71  14.000    0.00666    2.03    2.22    3.36
17-07-2024 14:03:09.52  263.23   0.513  27.988   32.900   84.5   9.71  14.000   -0.00444    2.23    1.94    3.03
17-07-2024 14:03:09.77  263.33   0.513  27.989   32.901   84.5   9.71  14.000    0.01406    2.02    2.29    3.32
17-07-2024 14:03:10.01  263.40   0.513  27.988   32.900   84.5   9.71  14.000    0.01258    1.76    2.37    2.92
17-07-2024 14:03:10.26  263.50   0.513  27.988   32.899   84.4   9.71  14.000    0.01480    1.76    2.37    2.92
17-07-2024 14:03:10.50  263.59   0.513  27.987   32.899   84.5   9.71  14.000    0.02146    2.16    2.05    3.07
17-07-2024 14:03:10.75  263.68   0.513  27.987   32.899   84.4   9.71  14.000    0.00074    2.14    2.31    3.17
17-07-2024 14:03:10.99  263.76   0.512  27.988   32.899   84.4   9.71  14.000    0.00518    2.10    2.42    3.15
17-07-2024 14:03:11.24  263.86   0.513  27.988   32.900   84.4   9.71  14.000    0.00740    2.17    2.59    2.89
17-07-2024 14:03:11.48  263.93   0.513  27.988   32.899   84.4   9.71  14.000    0.02146    2.19    2.09    3.00
17-07-2024 14:03:11.73  264.02   0.513  27.987   32.898   84.4   9.71  14.000   -0.00444    1.98    2.23    2.93
17-07-2024 14:03:11.98  264.10   0.513  27.988   32.899   84.4   9.71  14.000    0.00888    2.27    1.96    3.34
17-07-2024 14:03:12.23  264.19   0.513  27.988   32.899   84.4   9.71  14.000    0.01850    2.27    1.96    3.34
17-07-2024 14:03:12.48  264.30   0.513  27.989   32.900   84.4   9.71  14.000    0.01850    2.19    2.24    3.61
17-07-2024 14:03:12.72  264.34   0.513  27.987   32.898   84.4   9.71  14.000    0.02665    2.06    2.51    3.02
17-07-2024 14:03:12.97  264.47   0.513  27.987   32.898   84.4   9.71  14.000    0.01480    2.08    2.26    3.34
17-07-2024 14:03:13.21  264.52   0.513  27.989   32.900   84.4   9.70  14.000    0.01258    1.88    2.60    3.27
17-07-2024 14:03:13.46  264.62   0.513  27.989   32.900   84.4   9.70  14.000    0.00074    1.97    2.12    3.25
17-07-2024 14:03:13.71  264.72   0.514  27.989   32.900   84.4   9.70  14.000    0.00962    1.71    2.15    2.94
17-07-2024 14:03:13.95  264.77   0.514  27.989   32.900   84.4   9.70  14.000    0.00666    1.71    2.15    2.94
17-07-2024 14:03:14.19  264.86   0.513  27.989   32.900   84.4   9.70  14.000    0.01406    1.80    2.31    3.47
17-07-2024 14:03:14.44  264.98   0.513  27.989   32.900   84.4   9.70  14.000    0.01554    2.15    2.54    3.06
17-07-2024 14:03:14.68  265.05   0.513  27.988   32.899   84.4   9.70  14.000    0.01036    2.02    2.61    3.45
17-07-2024 14:03:14.93  265.13   0.514  27.989   32.900   84.3   9.70  14.000    0.02294    1.99    2.54    3.15
17-07-2024 14:03:15.17  265.22   0.514  27.989   32.900   84.4   9.70  14.000    0.00888    2.24    2.01    2.99
17-07-2024 14:03:15.42  265.32   0.513  27.990   32.900   84.3   9.69  14.000    0.00666    2.24    2.01    2.99
17-07-2024 14:03:15.67  265.38   0.514  27.990   32.900   84.3   9.70  14.000    0.01406    2.01    2.50    3.07
17-07-2024 14:03:15.91  265.47   0.514  27.989   32.899   84.3   9.69  14.000    0.02591    2.12    2.27    3.37
17-07-2024 14:03:16.16  265.57   0.513  27.990   32.901   84.3   9.70  14.000    0.00962    1.96    2.07    3.01
17-07-2024 14:03:16.41  265.65   0.514  27.989   32.899   84.3   9.69  14.000   -0.00296    1.94    1.98    3.02
17-07-2024 14:03:16.65  265.74   0.514  27.990   32.900   84.3   9.69  14.000    0.01036    2.19    2.19    3.30
17-07-2024 14:03:16.90  265.82   0.513  27.989   32.899   84.3   9.69  14.000    0.00000    2.29    2.19    3.17
17-07-2024 14:03:17.14  265.90   0.514  27.990   32.900   84.3   9.69  14.000    0.01776    2.29    2.19    3.17
17-07-2024 14:03:17.39  266.00   0.514  27.990   32.899   84.3   9.69  14.000    0.01554    2.05    2.58    3.21
17-07-2024 14:03:17.63  266.07   0.514  27.991   32.901   84.3   9.69  14.000    0.01776    1.95    2.40    3.35
17-07-2024 14:03:17.88  266.17   0.514  27.991   32.900   84.3   9.69  14.000    0.00222    1.98    2.47    3.45
17-07-2024 14:03:18.13  266.23   0.514  27.991   32.900   84.3   9.69  14.000    0.01924    1.97    2.10    2.93
17-07-2024 14:03:18.37  266.32   0.514  27.991   32.901   84.3   9.69  14.000    0.01258    2.14    2.39    3.32
17-07-2024 14:03:18.61  266.42   0.514  27.991   32.901   84.3   9.69  14.000    0.00962    1.90    2.55    2.90
17-07-2024 14:03:18.86  266.49   0.514  27.990   32.899   84.3   9.69  14.000   -0.00222    1.90    2.55    2.90
17-07-2024 14:03:19.10  266.60   0.514  27.991   32.900   84.3   9.69  14.000    0.01554    2.30    2.51    3.12
17-07-2024 14:03:19.36  266.68   0.514  27.991   32.900   84.2   9.68  14.000    0.03109    1.82    2.38    3.10
17-07-2024 14:03:19.60  266.77   0.514  27.991   32.900   84.2   9.68  14.000    0.01924    1.93    2.14    3.37
17-07-2024 14:03:19.85  266.87   0.515  27.991   32.899   84.2   9.68  14.000    0.02220    2.17    2.43    3.02
17-07-2024 14:03:20.10  266.92   0.515  27.992   32.901   84.2   9.68  14.000    0.02146    2.05    2.22    2.96
17-07-2024 14:03:20.34  267.03   0.515  27.992   32.900   84.2   9.68  14.000    0.00814    1.79    1.98    3.26
17-07-2024 14:03:20.59  267.07   0.515  27.992   32.900   84.2   9.68  14.000    0.00296    1.79    1.98    3.26
17-07-2024 14:03:20.83  267.19   0.515  27.992   32.901   84.2   9.68  14.000   -0.00148    2.13    1.93    3.22
17-07-2024 14:03:21.08  267.27   0.515  27.992   32.900   84.2   9.68  14.000    0.02443    2.33    2.56    3.42
17-07-2024 14:03:21.32  267.36   0.515  27.992   32.900   84.2   9.68  14.000    0.02072    1.86    2.54    3.12
17-07-2024 14:03:21.57  267.45   0.515  27.992   32.899   84.2   9.68  14.000    0.01406    1.92    2.30    3.09
17-07-2024 14:03:21.81  267.51   0.515  27.992   32.901   84.2   9.68  14.000    0.00740    2.05    1.93    3.03
17-07-2024 14:03:22.06  267.60   0.516  27.993   32.901   84.2   9.68  14.000    0.02739    2.27    2.54    3.11
17-07-2024 14:03:22.30  267.70   0.516  27.993   32.901   84.2   9.68  14.000    0.00888    2.27    2.54    3.11
17-07-2024 14:03:22.55  267.77   0.515  27.992   32.900   84.2   9.68  14.000    0.00074    2.01    2.83    3.16
17-07-2024 14:03:22.79  267.88   0.516  27.993   32.901   84.2   9.68  14.000    0.00888    2.07    2.33    3.29
17-07-2024 14:03:23.04  267.97   0.516  27.993   32.901   84.2   9.68  14.000    0.00074    2.22    2.63    2.82
17-07-2024 14:03:23.29  268.04   0.516  27.994   32.901   84.2   9.68  14.000   -0.01924    2.18    2.80    2.94
17-07-2024 14:03:23.54  268.13   0.516  27.994   32.901   84.2   9.68  14.000    0.01776    2.07    2.47    3.25
17-07-2024 14:03:23.78  268.22   0.516  27.994   32.901   84.2   9.68  14.000    0.01258    2.20    2.61    2.96
17-07-2024 14:03:24.03  268.29   0.516  27.994   32.901   84.2   9.68  14.000    0.01702    2.20    2.61    2.96
17-07-2024 14:03:24.27  268.39   0.518  27.997   32.903   84.2   9.68  14.000    0.00962    2.12    2.45    3.08
17-07-2024 14:03:24.52  268.48   0.518  27.996   32.901   84.2   9.68  14.000    0.01776    2.18    2.05    3.28
17-07-2024 14:03:24.76  268.56   0.518  27.997   32.902   84.2   9.68  14.000    0.00592    2.17    2.50    3.22
17-07-2024 14:03:25.01  268.65   0.518  27.997   32.903   84.2   9.68  14.000    0.01924    2.05    2.48    3.28
17-07-2024 14:03:25.25  268.73   0.519  27.998   32.903   84.2   9.68  14.000    0.00370    2.09    1.94    3.07
17-07-2024 14:03:25.50  268.82   0.520  27.999   32.903   84.2   9.68  14.000    0.01258    2.11    2.27    3.08
17-07-2024 14:03:25.74  268.91   0.520  27.998   32.902   84.2   9.68  14.000    0.01628    2.11    2.27    3.08
17-07-2024 14:03:25.99  268.99   0.520  27.998   32.901   84.3   9.68  14.000    0.01036    2.25    2.50    3.17
17-07-2024 14:03:26.23  269.06   0.520  27.998   32.902   84.2   9.68  14.000    0.02517    2.09    1.96    3.02
17-07-2024 14:03:26.48  269.18   0.521  27.999   32.902   84.2   9.68  14.000    0.02146    1.91    2.69    2.93
17-07-2024 14:03:26.73  269.29   0.521  27.999   32.902   84.2   9.68  14.000    0.02739    2.47    2.82    3.28
17-07-2024 14:03:26.98  269.36   0.521  27.999   32.903   84.2   9.68  14.000    0.01924    2.16    2.00    3.27
17-07-2024 14:03:27.22  269.46   0.521  28.000   32.903   84.2   9.68  14.000    0.01332    2.16    2.40    3.11
17-07-2024 14:03:27.47  269.52   0.521  27.999   32.902   84.3   9.68  14.000   -0.00148    2.16    2.40    3.11
17-07-2024 14:03:27.72  269.62   0.521  28.000   32.903   84.3   9.69  14.000    0.01258    2.07    2.40    2.98
17-07-2024 14:03:27.96  269.72   0.521  28.000   32.902   84.2   9.68  14.000    0.01924    2.21    2.52    3.08
17-07-2024 14:03:28.21  269.79   0.522  28.000   32.902   84.3   9.69  14.000   -0.00370    1.69    2.54    3.21
17-07-2024 14:03:28.45  269.87   0.521  28.000   32.902   84.3   9.69  14.000    0.00222    2.07    2.13    3.08
17-07-2024 14:03:28.70  269.98   0.522  28.000   32.903   84.3   9.69  14.000    0.00148    2.16    2.20    2.96
17-07-2024 14:03:28.94  270.02   0.522  28.000   32.903   84.3   9.69  14.000    0.01110    2.06    2.77    3.38
17-07-2024 14:03:29.19  270.15   0.522  28.001   32.903   84.3   9.69  14.000    0.02220    2.06    2.77    3.38
17-07-2024 14:03:29.43  270.26   0.522  28.001   32.902   84.3   9.69  14.000    0.00296    1.99    1.95    3.27
17-07-2024 14:03:29.68  270.32   0.522  28.001   32.902   84.3   9.69  14.000   -0.00222    2.47    2.30    2.98
17-07-2024 14:03:29.92  270.43   0.522  28.001   32.902   84.3   9.69  14.000    0.00000    1.97    2.32    3.31
17-07-2024 14:03:30.17  270.52   0.522  28.001   32.902   84.3   9.69  14.000    0.01110    2.08    2.46    3.30
17-07-2024 14:03:30.42  270.61   0.522  28.001   32.903   84.4   9.70  14.000   -0.01036    1.84    2.31    3.10
17-07-2024 14:03:30.66  270.67   0.522  28.001   32.902   84.4   9.70  14.000    0.00740    2.19    2.36    3.23
17-07-2024 14:03:30.91  270.77   0.522  28.001   32.903   84.4   9.70  14.000    0.00370    2.19    2.36    3.23
17-07-2024 14:03:31.16  270.88   0.522  28.001   32.903   84.4   9.70  14.000    0.01110    2.00    2.46    3.30
17-07-2024 14:03:31.40  270.92   0.522  28.001   32.902   84.4   9.70  14.000    0.01702    2.09    2.51    3.16
17-07-2024 14:03:31.65  271.02   0.522  28.001   32.902   84.4   9.70  14.000    0.02517    2.24    2.29    3.34
17-07-2024 14:03:31.89  271.12   0.522  28.002   32.903   84.4   9.70  14.000    0.03183    1.78    2.48    3.05
17-07-2024 14:03:32.14  271.21   0.522  28.001   32.902   84.4   9.70  14.000    0.00296    2.04    2.60    3.42
17-07-2024 14:03:32.38  271.32   0.522  28.002   32.903   84.4   9.70  14.000    0.02294    2.12    2.37    3.16
17-07-2024 14:03:32.63  271.39   0.522  28.000   32.902   84.4   9.70  14.000    0.00592    2.12    2.37    3.16
17-07-2024 14:03:32.87  271.46   0.522  28.001   32.903   84.4   9.70  14.000    0.01702    1.93    2.66    3.04
17-07-2024 14:03:33.12  271.55   0.522  28.002   32.903   84.4   9.70  14.000    0.00592    2.20    1.80    3.21
17-07-2024 14:03:33.36  271.65   0.522  28.002   32.903   84.4   9.70  14.000   -0.00296    1.89    1.96    2.95
17-07-2024 14:03:33.61  271.76   0.522  28.002   32.903   84.4   9.70  14.000    0.00740    2.08    2.29    3.31
17-07-2024 14:03:33.85  271.86   0.522  28.001   32.903   84.4   9.70  14.000    0.02146    2.13    2.05    3.07
17-07-2024 14:03:34.11  271.91   0.522  28.002   32.903   84.4   9.70  14.000    0.02443    2.05    1.88    2.95
17-07-2024 14:03:34.35  272.01   0.522  28.002   32.903   84.4   9.70  14.000   -0.00296    2.05    1.88    2.95
17-07-2024 14:03:34.60  272.07   0.522  28.002   32.903   84.4   9.70  14.000    0.01628    2.06    2.34    2.96
17-07-2024 14:03:34.85  272.22   0.523  28.002   32.902   84.4   9.70  14.000    0.01702    2.38    2.66    3.33
17-07-2024 14:03:35.09  272.30   0.523  28.003   32.904   84.4   9.70  14.000    0.00888    2.18    2.24    3.14
17-07-2024 14:03:35.34  272.37   0.523  28.005   32.905   84.4   9.70  14.000    0.00740    2.20    2.22    3.24
17-07-2024 14:03:35.58  272.44   0.523  28.003   32.903   84.4   9.71  14.000    0.01258    2.26    2.93    3.37
17-07-2024 14:03:35.83  272.56   0.524  28.005   32.905   84.4   9.70  14.000   -0.00074    2.20    2.02    2.82
17-07-2024 14:03:36.07  272.64   0.525  28.006   32.905   84.4   9.70  14.000   -0.00222    2.20    2.02    2.82
17-07-2024 14:03:36.32  272.74   0.524  28.006   32.906   84.5   9.71  14.000    0.01036    2.03    2.39    3.34
17-07-2024 14:03:36.56  272.82   0.525  28.006   32.905   84.5   9.71  14.000   -0.00592    2.40    2.29    3.37
17-07-2024 14:03:36.81  272.89   0.526  28.007   32.905   84.5   9.71  14.000    0.00370    1.99    1.84    3.04
17-07-2024 14:03:37.05  272.99   0.526  28.007   32.905   84.5   9.71  14.000    0.00518    2.12    2.03    3.28
17-07-2024 14:03:37.30  273.07   0.526  28.007   32.905   84.5   9.71  14.000    0.00962    1.96    1.98    3.29
17-07-2024 14:03:37.54  273.17   0.527  28.008   32.904   84.5   9.71  14.000   -0.00074    2.06    2.32    2.93
17-07-2024 14:03:37.79  273.23   0.527  28.008   32.905   84.5   9.71  14.000   -0.00074    2.06    2.32    2.93
17-07-2024 14:03:38.04  273.31   0.527  28.009   32.906   84.5   9.71  14.000    0.03183    2.34    2.53    3.46
17-07-2024 14:03:38.29  273.41   0.527  28.008   32.905   84.5   9.71  14.000    0.00962    1.99    2.29    2.95
17-07-2024 14:03:38.53  273.47   0.527  28.009   32.906   84.5   9.71  14.000    0.01110    2.37    2.66    3.48
17-07-2024 14:03:38.78  273.59   0.527  28.009   32.905   84.5   9.71  14.000   -0.00444    2.14    2.50    3.27
17-07-2024 14:03:39.02  273.65   0.527  28.008   32.905   84.5   9.71  14.000    0.01036    2.11    2.61    2.99
17-07-2024 14:03:39.27  273.75   0.527  28.008   32.905   84.5   9.71  14.000    0.00518    2.02    2.23    3.23
17-07-2024 14:03:39.51  273.87   0.527  28.008   32.905   84.5   9.71  14.000   -0.00370    2.02    2.23    3.23
17-07-2024 14:03:39.76  273.91   0.527  28.009   32.905   84.5   9.71  14.000    0.00666    2.55    2.46    3.10
17-07-2024 14:03:40.00  274.05   0.528  28.009   32.905   84.5   9.71  14.000   -0.00074    2.17    2.40    3.14
17-07-2024 14:03:40.25  274.10   0.528  28.008   32.904   84.5   9.71  14.000    0.00370    2.14    1.97    3.13
17-07-2024 14:03:40.49  274.19   0.527  28.009   32.906   84.5   9.71  14.000    0.00370    2.32    2.23    3.14
17-07-2024 14:03:40.74  274.28   0.527  28.009   32.905   84.5   9.71  14.000    0.00444    2.46    2.28    3.12
17-07-2024 14:03:40.98  274.36   0.528  28.009   32.906   84.5   9.71  14.000    0.02443    2.26    2.01    3.20
17-07-2024 14:03:41.23  274.50   0.528  28.010   32.905   84.5   9.71  14.000    0.00888    2.26    2.01    3.20
17-07-2024 14:03:41.48  274.56   0.528  28.009   32.904   84.5   9.71  14.000    0.00740    2.38    2.44    2.89
17-07-2024 14:03:41.72  274.66   0.528  28.009   32.905   84.5   9.71  14.000    0.00370    2.30    2.00    3.08
17-07-2024 14:03:41.97  274.71   0.528  28.010   32.906   84.5   9.71  14.000   -0.00370    2.14    2.17    3.29
17-07-2024 14:03:42.22  274.84   0.528  28.009   32.904   84.5   9.71  14.000    0.00296    2.20    2.42    2.96
17-07-2024 14:03:42.47  274.90   0.528  28.009   32.905   84.5   9.71  14.000    0.00296    2.16    2.07    3.20
17-07-2024 14:03:42.71  275.00   0.528  28.009   32.904   84.5   9.71  14.000    0.00592    1.92    1.98    2.98
17-07-2024 14:03:42.95  275.07   0.528  28.010   32.906   84.5   9.71  14.000    0.01850    1.92    1.98    2.98
17-07-2024 14:03:43.20  275.20   0.529  28.010   32.905   84.5   9.71  14.000    0.01554    2.17    2.31    3.25
17-07-2024 14:03:43.45  275.28   0.528  28.011   32.906   84.5   9.71  14.000    0.00148    2.08    1.98    2.94
17-07-2024 14:03:43.69  275.37   0.528  28.011   32.907   84.5   9.71  14.000    0.00666    2.30    2.28    3.15
17-07-2024 14:03:43.94  275.46   0.529  28.011   32.906   84.5   9.71  14.000    0.00000    2.04    2.28    2.99
17-07-2024 14:03:44.18  275.54   0.529  28.010   32.905   84.5   9.72  14.000    0.00370    2.03    2.04    2.95
17-07-2024 14:03:44.43  275.63   0.529  28.011   32.905   84.5   9.71  14.000    0.01036    2.00    2.59    2.98
17-07-2024 14:03:44.67  275.71   0.529  28.010   32.905   84.5   9.72  14.000    0.01702    2.00    2.59    2.98
17-07-2024 14:03:44.92  275.79   0.529  28.011   32.906   84.5   9.71  14.000    0.02739    2.11    2.07    3.05
17-07-2024 14:03:45.17  275.89   0.529  28.012   32.907   84.6   9.72  14.000    0.01702    2.10    2.17    3.11
17-07-2024 14:03:45.41  275.97   0.529  28.011   32.906   84.6   9.72  14.000    0.00222    2.18    2.18    3.23
17-07-2024 14:03:45.66  276.10   0.529  28.011   32.905   84.6   9.72  14.000    0.00962    2.12    2.44    2.80
17-07-2024 14:03:45.90  276.11   0.529  28.011   32.906   84.6   9.72  14.000   -0.01110    2.33    2.36    3.06
17-07-2024 14:03:46.15  276.26   0.530  28.012   32.905   84.6   9.72  14.000    0.00518    2.34    2.12    3.13
17-07-2024 14:03:46.39  276.32   0.530  28.013   32.907   84.6   9.72  14.000    0.00444    2.34    2.12    3.13
17-07-2024 14:03:46.64  276.40   0.530  28.013   32.907   84.6   9.72  14.000    0.01110    2.13    2.32    3.02
17-07-2024 14:03:46.88  276.50   0.530  28.013   32.906   84.6   9.72  14.000   -0.00370    2.01    2.28    3.16
17-07-2024 14:03:47.13  276.57   0.530  28.012   32.905   84.6   9.72  14.000    0.00962    2.02    2.23    3.32
17-07-2024 14:03:47.37  276.67   0.530  28.013   32.906   84.6   9.72  14.000    0.01924    1.87    2.09    3.26
17-07-2024 14:03:47.62  276.76   0.531  28.013   32.905   84.6   9.72  14.000    0.01110    2.10    2.22    2.97
17-07-2024 14:03:47.86  276.85   0.530  28.014   32.908   84.6   9.72  14.000    0.01480    2.10    2.22    2.97
17-07-2024 14:03:48.11  276.90   0.530  28.014   32.906   84.6   9.72  14.000    0.00518    2.11    2.52    2.97
17-07-2024 14:03:48.36  277.02   0.530  28.013   32.906   84.6   9.72  14.000    0.02220    2.09    2.56    3.40
17-07-2024 14:03:48.60  277.11   0.531  28.013   32.906   84.6   9.72  14.000    0.00666    2.06    2.12    3.11
17-07-2024 14:03:48.86  277.22   0.531  28.014   32.906   84.6   9.72  14.000    0.00740    1.98    2.66    3.13
17-07-2024 14:03:49.10  277.30   0.531  28.013   32.905   84.6   9.72  14.000   -0.01110    1.95    2.34    3.13
17-07-2024 14:03:49.35  277.40   0.531  28.014   32.906   84.6   9.72  14.000    0.02220    1.86    2.22    3.38
17-07-2024 14:03:49.59  277.44   0.531  28.014   32.906   84.6   9.72  14.000    0.02591    2.02    2.55    3.09
17-07-2024 14:03:49.84  277.55   0.531  28.014   32.906   84.5   9.71  14.000    0.03183    2.02    2.55    3.09
17-07-2024 14:03:50.08  277.65   0.531  28.014   32.906   84.5   9.71  14.000    0.00444    1.98    2.30    2.72
17-07-2024 14:03:50.33  277.76   0.532  28.015   32.907   84.5   9.71  14.000    0.01332    2.35    2.35    2.89
17-07-2024 14:03:50.57  277.83   0.532  28.015   32.907   84.5   9.71  14.000   -0.00740    2.02    2.38    3.18
17-07-2024 14:03:50.82  277.90   0.533  28.015   32.906   84.5   9.71  14.000    0.02739    1.98    2.71    3.14
17-07-2024 14:03:51.07  278.02   0.532  28.015   32.907   84.5   9.71  14.000    0.01628    2.10    2.26    3.57
17-07-2024 14:03:51.31  278.13   0.532  28.015   32.906   84.5   9.71  14.000    0.01554    2.10    2.26    3.57
17-07-2024 14:03:51.55  278.21   0.532  28.015   32.906   84.5   9.71  14.000    0.01036    2.03    2.15    3.06
17-07-2024 14:03:51.80  278.30   0.532  28.015   32.906   84.5   9.71  14.000    0.03997    1.97    2.65    3.05
17-07-2024 14:03:52.05  278.39   0.532  28.016   32.907   84.5   9.71  14.000    0.01702    2.00    2.22    3.28
17-07-2024 14:03:52.29  278.44   0.532  28.015   32.907   84.5   9.71  14.000    0.00592    2.14    1.98    3.16
17-07-2024 14:03:52.54  278.48   0.532  28.016   32.908   84.5   9.71  14.000    0.00814    2.29    2.37    3.06
17-07-2024 14:03:52.79  278.60   0.532  28.015   32.906   84.5   9.71  14.000    0.01332    1.76    2.27    3.17
17-07-2024 14:03:53.04  278.61   0.532  28.016   32.908   84.5   9.71  14.000    0.01184    2.25    2.04    3.05
17-07-2024 14:03:53.28  278.70   0.532  28.017   32.908   84.5   9.71  14.000    0.00666    2.25    2.04    3.05
17-07-2024 14:03:53.53  278.77   0.532  28.016   32.907   84.5   9.71  14.000    0.03183    2.06    2.36    2.79
17-07-2024 14:03:53.77  278.84   0.532  28.016   32.907   84.5   9.71  14.000    0.00296    2.35    2.26    3.10
17-07-2024 14:03:54.02  278.89   0.532  28.016   32.907   84.5   9.71  14.000    0.01258    2.08    2.63    3.33
17-07-2024 14:03:54.26  278.93   0.532  28.016   32.907   84.5   9.71  14.000    0.00666    1.81    2.65    3.31
17-07-2024 14:03:54.51  278.98   0.532  28.015   32.906   84.5   9.71  14.000    0.01110    1.76    2.08    3.05
17-07-2024 14:03:54.75  279.10   0.532  28.016   32.906   84.5   9.71  14.000    0.00222    1.76    2.08    3.05
17-07-2024 14:03:55.00  279.17   0.532  28.016   32.908   84.5   9.71  14.000    0.02220    2.31    1.97    3.26
17-07-2024 14:03:55.24  279.21   0.532  28.016   32.907   84.5   9.71  14.000   -0.00148    2.12    2.17    3.26
17-07-2024 14:03:55.49  279.26   0.532  28.016   32.907   84.5   9.71  14.000    0.01258    2.14    2.16    2.96
17-07-2024 14:03:55.73  279.28   0.532  28.017   32.908   84.5   9.71  14.000    0.02665    1.99    2.33    2.98
17-07-2024 14:03:55.98  279.40   0.533  28.016   32.906   84.5   9.71  14.000    0.00666    1.96    2.42    3.38
17-07-2024 14:03:56.23  279.46   0.533  28.017   32.907   84.5   9.71  14.000    0.00666    2.24    1.68    3.15
17-07-2024 14:03:56.48  279.55   0.533  28.017   32.907   84.5   9.71  14.000   -0.01332    2.24    1.68    3.15
17-07-2024 14:03:56.73  279.58   0.533  28.018   32.908   84.5   9.71  14.000   -0.00888    2.00    2.18    3.20
17-07-2024 14:03:56.97  279.67   0.533  28.018   32.908   84.5   9.71  14.000    0.01554    2.33    2.45    2.90
17-07-2024 14:03:57.22  279.69   0.533  28.018   32.908   84.5   9.71  14.000    0.01332    2.00    2.78    3.05
17-07-2024 14:03:57.46  279.79   0.533  28.018   32.907   84.5   9.71  14.000   -0.00518    2.29    2.01    3.45
17-07-2024 14:03:57.71  279.85   0.533  28.018   32.908   84.5   9.71  14.000    0.02220    2.01    2.21    3.18
17-07-2024 14:03:57.95  279.89   0.533  28.019   32.909   84.5   9.71  14.000    0.01184    2.05    1.97    3.10
17-07-2024 14:03:58.19  279.93   0.534  28.018   32.907   84.5   9.71  14.000    0.01332    2.05    1.97    3.10
17-07-2024 14:03:58.44  280.04   0.534  28.019   32.908   84.6   9.72  14.000    0.01554    2.14    2.32    3.12
17-07-2024 14:03:58.69  280.09   0.534  28.019   32.908   84.6   9.72  14.000    0.02517    2.08    2.42    3.01
17-07-2024 14:03:58.93  280.14   0.534  28.019   32.908   84.6   9.71  14.000    0.01702    2.07    2.37    3.26
17-07-2024 14:03:59.18  280.25   0.534  28.019   32.908   84.6   9.72  14.000    0.01332    2.03    2.22    3.22
17-07-2024 14:03:59.42  280.28   0.534  28.019   32.907   84.6   9.72  14.000    0.00814    2.26    2.50    2.82
17-07-2024 14:03:59.67  280.33   0.535  28.019   32.907   84.6   9.72  14.000    0.00370    2.13    1.92    2.92
17-07-2024 14:03:59.92  280.45   0.535  28.020   32.908   84.6   9.72  14.000    0.01258    2.13    1.92    2.92
17-07-2024 14:04:00.17  280.51   0.535  28.019   32.907   84.6   9.72  14.000    0.00444    1.84    2.05    3.22
17-07-2024 14:04:00.42  280.54   0.535  28.019   32.907   84.6   9.72  14.000   -0.00444    2.02    2.29    3.22
17-07-2024 14:04:00.66  280.63   0.535  28.020   32.908   84.6   9.72  14.000   -0.00444    2.11    2.38    3.22
17-07-2024 14:04:00.91  280.67   0.534  28.020   32.908   84.6   9.72  14.000   -0.00592    2.06    2.62    3.11
17-07-2024 14:04:01.15  280.78   0.535  28.019   32.907   84.6   9.72  14.000   -0.00666    2.19    1.73    3.36
17-07-2024 14:04:01.40  280.81   0.535  28.020   32.908   84.6   9.72  14.000    0.01184    2.25    2.00    2.83
17-07-2024 14:04:01.64  280.91   0.535  28.020   32.908   84.6   9.72  14.000    0.01554    2.25    2.00    2.83
17-07-2024 14:04:01.89  280.94   0.535  28.020   32.908   84.6   9.72  14.000    0.00444    1.92    2.07    3.14
17-07-2024 14:04:02.14  281.03   0.535  28.020   32.907   84.6   9.72  14.000    0.01480    1.86    1.72    3.02
17-07-2024 14:04:02.38  281.08   0.535  28.020   32.908   84.6   9.72  14.000    0.01036    2.09    2.15    3.32
17-07-2024 14:04:02.62  281.11   0.535  28.021   32.908   84.6   9.72  14.000    0.00666    1.65    1.85    3.29
17-07-2024 14:04:02.87  281.19   0.535  28.020   32.908   84.6   9.72  14.000    0.00666    2.17    2.08    3.06
17-07-2024 14:04:03.11  281.25   0.535  28.021   32.909   84.6   9.72  14.000    0.02220    1.85    2.51    3.13
17-07-2024 14:04:03.36  281.39   0.535  28.021   32.909   84.6   9.72  14.000    0.00222    1.85    2.51    3.13
17-07-2024 14:04:03.61  281.40   0.535  28.020   32.907   84.6   9.73  14.000    0.00814    1.81    1.89    3.42
17-07-2024 14:04:03.85  281.51   0.535  28.020   32.907   84.6   9.72  14.000    0.01258    2.11    2.22    3.02
17-07-2024 14:04:04.10  281.55   0.535  28.021   32.909   84.6   9.72  14.000    0.00074    2.00    2.57    3.56
17-07-2024 14:04:04.35  281.62   0.535  28.021   32.908   84.6   9.72  14.000    0.00518    2.26    2.61    3.13
17-07-2024 14:04:04.59  281.70   0.535  28.020   32.907   84.6   9.72  14.000    0.00518    2.03    2.61    3.36
17-07-2024 14:04:04.84  281.78   0.536  28.021   32.907   84.6   9.73  14.000    0.00962    2.09    2.14    3.23
17-07-2024 14:04:05.08  281.81   0.535  28.021   32.908   84.6   9.72  14.000    0.01554    2.09    2.14    3.23
17-07-2024 14:04:05.33  281.86   0.535  28.021   32.908   84.6   9.72  14.000    0.00222    2.08    2.54    2.90
17-07-2024 14:04:05.57  281.92   0.535  28.020   32.908   84.6   9.73  14.000    0.00666    1.79    2.35    3.21
17-07-2024 14:04:05.82  282.03   0.535  28.021   32.908   84.7   9.73  14.000    0.01998    2.10    1.94    3.18
17-07-2024 14:04:06.06  282.11   0.536  28.022   32.908   84.6   9.72  14.000    0.00148    2.17    2.23    3.24
17-07-2024 14:04:06.31  282.11   0.535  28.021   32.908   84.6   9.73  14.000    0.01258    1.92    1.93    2.84
17-07-2024 14:04:06.55  282.23   0.535  28.021   32.908   84.6   9.72  14.000    0.01184    2.23    2.34    3.00
17-07-2024 14:04:06.80  282.31   0.535  28.021   32.908   84.6   9.73  14.000    0.02220    2.23    2.34    3.00
17-07-2024 14:04:07.04  282.33   0.535  28.021   32.908   84.6   9.73  14.000    0.00518    2.00    2.60    3.19
17-07-2024 14:04:07.30  282.44   0.536  28.021   32.907   84.7   9.73  14.000    0.01110    2.13    2.15    3.43
17-07-2024 14:04:07.54  282.50   0.535  28.021   32.908   84.6   9.73  14.000    0.01776    2.07    2.25    3.40
17-07-2024 14:04:07.79  282.58   0.535  28.022   32.909   84.6   9.72  14.000    0.01036    2.10    2.51    3.30
17-07-2024 14:04:08.03  282.67   0.535  28.021   32.908   84.7   9.73  14.000    0.00666    2.25    2.41    3.31
17-07-2024 14:04:08.28  282.73   0.536  28.022   32.908   84.7   9.73  14.000    0.00074    2.14    2.17    3.07
17-07-2024 14:04:08.52  282.73   0.535  28.021   32.908   84.7   9.73  14.000    0.00666    2.14    2.17    3.07
17-07-2024 14:04:08.77  282.82   0.535  28.021   32.908   84.7   9.73  14.000    0.02220    2.01    2.56    3.24
17-07-2024 14:04:09.02  282.93   0.536  28.022   32.908   84.6   9.73  14.000    0.01924    2.00    2.55    3.19
17-07-2024 14:04:09.26  282.98   0.536  28.022   32.908   84.7   9.73  14.000    0.00740    2.29    2.15    3.21
17-07-2024 14:04:09.51  282.99   0.535  28.022   32.908   84.7   9.73  14.000    0.00592    1.85    2.20    3.16
17-07-2024 14:04:09.75  283.12   0.536  28.022   32.908   84.7   9.73  14.000   -0.00370    2.33    2.97    3.33
17-07-2024 14:04:10.00  283.16   0.536  28.021   32.908   84.7   9.73  14.000    0.00666    2.01    2.63    3.19
17-07-2024 14:04:10.24  283.26   0.536  28.022   32.908   84.6   9.72  14.000   -0.00740    2.01    2.63    3.19
17-07-2024 14:04:10.49  283.28   0.535  28.023   32.909   84.7   9.73  14.000   -0.00296    2.14    2.11    3.40
17-07-2024 14:04:10.73  283.37   0.536  28.023   32.909   84.6   9.72  14.000   -0.01332    2.20    2.34    2.95
17-07-2024 14:04:10.98  283.46   0.536  28.022   32.909   84.6   9.73  14.000    0.01110    1.96    2.33    2.78
17-07-2024 14:04:11.23  283.52   0.536  28.023   32.909   84.6   9.73  14.000    0.00888    1.86    2.55    2.99
17-07-2024 14:04:11.48  283.58   0.536  28.022   32.909   84.7   9.73  14.000    0.00000    2.06    1.81    3.26
17-07-2024 14:04:11.72  283.63   0.536  28.022   32.907   84.7   9.73  14.000   -0.00814    2.26    2.27    3.07
17-07-2024 14:04:11.97  283.73   0.536  28.022   32.908   84.7   9.73  14.000    0.02887    2.26    2.27    3.07
17-07-2024 14:04:12.21  283.80   0.536  28.022   32.908   84.6   9.73  14.000    0.02591    2.28    1.98    3.23
17-07-2024 14:04:12.46  283.88   0.536  28.023   32.909   84.6   9.73  14.000    0.00222    1.96    2.24    3.07
17-07-2024 14:04:12.70  283.98   0.536  28.023   32.908   84.7   9.73  14.000    0.00148    2.01    2.60    3.24
17-07-2024 14:04:12.95  284.02   0.536  28.023   32.909   84.6   9.73  14.000    0.01110    2.19    2.49    3.04
17-07-2024 14:04:13.20  284.16   0.536  28.023   32.909   84.6   9.73  14.000    0.00000    2.11    2.10    2.83
17-07-2024 14:04:13.44  284.23   0.536  28.023   32.909   84.6   9.72  14.000   -0.00148    2.12    2.17    3.15
17-07-2024 14:04:13.68  284.29   0.537  28.024   32.909   84.6   9.72  14.000    0.01628    2.12    2.17    3.15
17-07-2024 14:04:13.93  284.38   0.536  28.024   32.910   84.6   9.72  14.000    0.00518    1.99    2.57    3.26
17-07-2024 14:04:14.17  284.46   0.536  28.024   32.910   84.6   9.72  14.000    0.00074    2.07    1.99    3.22
17-07-2024 14:04:14.42  284.57   0.536  28.023   32.909   84.6   9.72  14.000   -0.00444    2.27    2.11    3.24
17-07-2024 14:04:14.67  284.67   0.536  28.024   32.909   84.6   9.73  14.000    0.00296    1.93    1.93    3.24
17-07-2024 14:04:14.92  284.76   0.536  28.024   32.909   84.6   9.72  14.000   -0.01110    2.14    2.39    3.09
17-07-2024 14:04:15.17  284.87   0.536  28.024   32.909   84.6   9.72  14.000   -0.00222    1.81    2.03    3.26
17-07-2024 14:04:15.41  284.89   0.537  28.024   32.909   84.6   9.72  14.000    0.01702    1.81    2.03    3.26
17-07-2024 14:04:15.65  284.89   0.537  28.024   32.908   84.6   9.72  14.000    0.00518    1.90    2.60    3.12
17-07-2024 14:04:15.90  284.87   0.537  28.024   32.908   84.6   9.72  14.000    0.00370    2.27    2.25    3.08
17-07-2024 14:04:16.15  284.85   0.537  28.024   32.908   84.6   9.72  14.000   -0.00888    2.48    2.42    2.90
17-07-2024 14:04:16.39  284.84   0.537  28.024   32.909   84.6   9.72  14.000    0.01776    2.07    2.27    2.99
17-07-2024 14:04:16.64  284.81   0.537  28.025   32.910   84.6   9.72  14.000   -0.00888    1.98    2.37    3.30
17-07-2024 14:04:16.88  284.83   0.537  28.024   32.909   84.6   9.72  14.000   -0.00074    2.22    2.54    3.36
17-07-2024 14:04:17.12  284.82   0.537  28.024   32.909   84.6   9.72  14.000    0.00592    2.22    2.54    3.36
17-07-2024 14:04:17.37  284.88   0.537  28.024   32.909   84.6   9.72  14.000   -0.00222    1.95    2.28    3.04
17-07-2024 14:04:17.62  284.84   0.537  28.024   32.909   84.6   9.72  14.000    0.00222    1.93    2.52    3.27
17-07-2024 14:04:17.86  284.80   0.537  28.024   32.909   84.6   9.72  14.000   -0.01776    1.53    1.82    2.96
17-07-2024 14:04:18.11  284.85   0.537  28.024   32.909   84.6   9.72  14.000    0.00592    1.86    2.14    3.27
17-07-2024 14:04:18.36  284.82   0.537  28.025   32.910   84.6   9.72  14.000    0.00370    2.18    2.75    2.88
17-07-2024 14:04:18.60  284.78   0.537  28.024   32.909   84.6   9.72  14.000    0.00370    2.02    2.44    3.29
17-07-2024 14:04:18.85  284.73   0.537  28.025   32.910   84.6   9.72  14.000    0.00444    2.02    2.44    3.29
17-07-2024 14:04:19.10  284.73   0.537  28.024   32.909   84.6   9.72  14.000    0.00518    2.05    2.08    3.23
17-07-2024 14:04:19.34  284.69   0.537  28.025   32.909   84.5   9.71  14.000    0.00370    2.14    2.34    3.16
17-07-2024 14:04:19.59  284.63   0.538  28.025   32.909   84.5   9.71  14.000   -0.00518    1.75    2.74    3.22
17-07-2024 14:04:19.83  284.61   0.539  28.025   32.908   84.5   9.71  14.000    0.00296    2.02    2.32    3.06
17-07-2024 14:04:20.08  284.53   0.539  28.024   32.907   84.5   9.71  14.000    0.00222    2.28    1.96    3.14
17-07-2024 14:04:20.32  284.48   0.539  28.024   32.907   84.5   9.71  14.000   -0.00222    2.07    2.49    3.20
17-07-2024 14:04:20.57  284.36   0.539  28.025   32.909   84.5   9.70  14.000    0.00074    2.07    2.49    3.20
17-07-2024 14:04:20.81  284.24   0.539  28.025   32.909   84.4   9.70  14.000    0.01184    2.06    2.21    2.75
17-07-2024 14:04:21.06  284.15   0.539  28.025   32.908   84.4   9.70  14.000   -0.01332    1.90    2.62    3.24
17-07-2024 14:04:21.30  284.08   0.539  28.025   32.908   84.4   9.69  14.000    0.00592    1.97    2.28    3.27
17-07-2024 14:04:21.55  283.95   0.538  28.024   32.908   84.4   9.69  14.000   -0.01184    2.12    1.98    3.38
17-07-2024 14:04:21.79  283.88   0.539  28.024   32.907   84.3   9.69  14.000   -0.01850    2.34    2.50    3.28
17-07-2024 14:04:22.04  283.77   0.539  28.025   32.908   84.3   9.69  14.000   -0.00740    2.41    2.34    3.23
17-07-2024 14:04:22.29  283.64   0.539  28.024   32.908   84.3   9.69  14.000    0.01702    2.41    2.34    3.23
17-07-2024 14:04:22.54  283.53   0.539  28.024   32.908   84.3   9.68  14.000   -0.01332    2.14    2.39    3.45
17-07-2024 14:04:22.78  283.50   0.539  28.024   32.907   84.2   9.68  14.000   -0.01332    2.08    2.33    3.14
17-07-2024 14:04:23.03  283.35   0.538  28.023   32.907   84.2   9.68  14.000    0.01776    2.32    2.14    3.30
17-07-2024 14:04:23.27  283.22   0.538  28.024   32.908   84.2   9.67  14.000   -0.00962    2.05    2.56    3.28
17-07-2024 14:04:23.52  283.11   0.538  28.024   32.909   84.2   9.67  14.000    0.01184    2.24    2.45    3.45
17-07-2024 14:04:23.76  283.05   0.538  28.024   32.909   84.2   9.67  14.000    0.00666    2.25    2.04    3.26
17-07-2024 14:04:24.01  282.96   0.538  28.023   32.907   84.1   9.67  14.000   -0.00370    2.25    2.04    3.26
17-07-2024 14:04:24.25  282.82   0.538  28.023   32.907   84.1   9.66  14.000    0.01184    2.27    2.25    2.96
17-07-2024 14:04:24.50  282.69   0.538  28.022   32.906   84.1   9.66  14.000    0.00000    1.88    2.35    3.14
17-07-2024 14:04:24.74  282.58   0.538  28.023   32.908   84.1   9.66  14.000    0.01184    2.05    2.74    3.34
17-07-2024 14:04:24.99  282.54   0.538  28.023   32.908   84.1   9.66  14.000    0.00074    2.28    2.62    2.91
17-07-2024 14:04:25.23  282.41   0.537  28.023   32.908   84.1   9.66  14.000    0.00074    2.10    2.62    3.03
17-07-2024 14:04:25.48  282.26   0.538  28.022   32.906   84.0   9.65  14.000    0.00148    2.21    2.27    3.13
17-07-2024 14:04:25.73  282.17   0.538  28.023   32.908   84.0   9.65  14.000   -0.00518    2.21    2.27    3.13
17-07-2024 14:04:25.98  282.08   0.538  28.023   32.908   84.0   9.65  14.000   -0.00296    2.16    2.22    3.07
17-07-2024 14:04:26.23  281.98   0.538  28.022   32.907   84.0   9.65  14.000    0.00518    1.99    1.95    3.16
17-07-2024 14:04:26.47  281.84   0.538  28.023   32.907   83.9   9.64  14.000    0.01406    2.11    1.79    3.15
17-07-2024 14:04:26.72  281.70   0.538  28.022   32.907   83.9   9.64  14.000    0.00518    1.87    2.45    2.88
17-07-2024 14:04:26.96  281.64   0.538  28.022   32.906   83.9   9.64  14.000    0.00888    2.11    2.24    3.14
17-07-2024 14:04:27.21  281.58   0.538  28.022   32.906   83.9   9.64  14.000    0.02220    2.43    2.04    3.22
17-07-2024 14:04:27.45  281.54   0.538  28.022   32.907   83.8   9.63  14.000    0.00592    2.43    2.04    3.22
17-07-2024 14:04:27.70  281.44   0.538  28.022   32.908   83.8   9.63  14.000   -0.01110    2.19    2.03    3.24
17-07-2024 14:04:27.94  281.37   0.537  28.022   32.907   83.8   9.63  14.000   -0.01332    2.43    2.19    3.19
17-07-2024 14:04:28.19  281.37   0.537  28.022   32.907   83.8   9.63  14.000   -0.01406    2.30    2.30    3.24
17-07-2024 14:04:28.43  281.32   0.538  28.021   32.906   83.7   9.62  14.000    0.01332    2.29    2.34    3.03
17-07-2024 14:04:28.68  281.23   0.537  28.022   32.908   83.7   9.62  14.000    0.00222    2.07    2.37    3.18
17-07-2024 14:04:28.92  281.21   0.537  28.021   32.907   83.7   9.61  14.000    0.01924    2.07    2.37    3.18
17-07-2024 14:04:29.17  281.13   0.537  28.021   32.907   83.6   9.61  14.000    0.01110    2.16    2.50    3.18
17-07-2024 14:04:29.42  281.10   0.537  28.022   32.908   83.6   9.61  14.000    0.01036    2.06    2.01    2.87
17-07-2024 14:04:29.66  281.00   0.537  28.022   32.908   83.6   9.60  14.000    0.00444    1.93    2.42    2.68
17-07-2024 14:04:29.91  280.95   0.537  28.022   32.909   83.6   9.60  14.000    0.00666    2.13    2.59    3.02
17-07-2024 14:04:30.16  280.93   0.537  28.021   32.907   83.6   9.60  14.000    0.00740    2.14    2.75    3.19
17-07-2024 14:04:30.40  280.88   0.537  28.021   32.907   83.5   9.59  14.000   -0.01036    2.08    2.71    3.08
17-07-2024 14:04:30.65  280.82   0.536  28.022   32.909   83.5   9.59  14.000    0.00296    2.05    2.23    3.34
17-07-2024 14:04:30.89  280.76   0.537  28.022   32.909   83.5   9.59  14.000    0.00370    2.05    2.23    3.34
17-07-2024 14:04:31.14  280.73   0.537  28.021   32.908   83.5   9.59  14.000   -0.01628    2.21    2.49    3.04
17-07-2024 14:04:31.38  280.60   0.537  28.022   32.909   83.4   9.59  14.000   -0.00296    2.01    2.35    3.46
17-07-2024 14:04:31.63  280.56   0.537  28.022   32.908   83.4   9.58  14.000   -0.00444    1.94    2.48    2.89
17-07-2024 14:04:31.87  280.53   0.537  28.022   32.908   83.4   9.58  14.000    0.00148    2.32    1.91    3.13
17-07-2024 14:04:32.12  280.48   0.537  28.021   32.907   83.4   9.58  14.000   -0.00444    2.15    2.28    3.03
17-07-2024 14:04:32.36  280.36   0.537  28.022   32.909   83.4   9.58  14.000    0.00962    2.15    2.28    3.03
17-07-2024 14:04:32.61  280.38   0.537  28.021   32.908   83.3   9.57  14.000   -0.00666    2.12    2.13    3.20
17-07-2024 14:04:32.85  280.33   0.537  28.021   32.907   83.3   9.57  14.000    0.03035    2.23    2.31    3.32
17-07-2024 14:04:33.11  280.27   0.537  28.022   32.908   83.3   9.57  14.000    0.00148    1.92    1.85    3.37
17-07-2024 14:04:33.35  280.20   0.537  28.021   32.908   83.2   9.56  14.000    0.00222    2.04    2.60    3.11
17-07-2024 14:04:33.60  280.17   0.537  28.022   32.909   83.2   9.56  14.000   -0.00222    2.16    2.16    3.25
17-07-2024 14:04:33.85  280.15   0.537  28.021   32.907   83.2   9.56  14.000    0.00444    1.85    2.52    3.21
17-07-2024 14:04:34.09  280.09   0.537  28.021   32.908   83.1   9.55  14.000    0.01110    1.85    2.52    3.21
17-07-2024 14:04:34.34  280.05   0.537  28.020   32.906   83.1   9.55  14.000   -0.00592    1.79    2.32    3.12
17-07-2024 14:04:34.58  279.96   0.537  28.021   32.908   83.1   9.55  14.000    0.01036    2.02    2.38    3.14
17-07-2024 14:04:34.83  279.97   0.538  28.020   32.906   83.1   9.55  14.000    0.00444    2.06    2.17    2.97
17-07-2024 14:04:35.08  279.89   0.538  28.021   32.906   83.0   9.54  14.000   -0.01036    2.26    2.46    3.05
17-07-2024 14:04:35.32  279.82   0.537  28.021   32.907   83.1   9.54  14.000   -0.00666    2.31    2.85    3.21
17-07-2024 14:04:35.56  279.76   0.537  28.020   32.907   83.0   9.54  14.000    0.01628    1.99    2.44    3.33
17-07-2024 14:04:35.81  279.72   0.538  28.020   32.905   83.0   9.53  14.000    0.01776    1.99    2.44    3.33
17-07-2024 14:04:36.05  279.65   0.537  28.022   32.909   83.0   9.53  14.000    0.00814    2.40    2.20    3.16
17-07-2024 14:04:36.30  279.61   0.538  28.019   32.905   82.9   9.53  14.000    0.02294    2.20    2.44    3.15
17-07-2024 14:04:36.54  279.61   0.537  28.020   32.906   82.9   9.53  14.000   -0.00074    2.02    2.50    3.06
17-07-2024 14:04:36.80  279.52   0.538  28.021   32.907   82.9   9.52  14.000    0.00592    1.82    2.45    3.09
17-07-2024 14:04:37.04  279.48   0.537  28.019   32.906   82.9   9.52  14.000   -0.00592    2.38    2.47    2.96
17-07-2024 14:04:37.29  279.44   0.537  28.020   32.906   82.8   9.52  14.000   -0.00888    1.98    2.46    2.94
17-07-2024 14:04:37.53  279.33   0.537  28.020   32.906   82.8   9.51  14.000    0.00666    1.98    2.46    2.94
17-07-2024 14:04:37.78  279.34   0.537  28.020   32.907   82.8   9.51  14.000   -0.00518    2.14    1.70    3.23
17-07-2024 14:04:38.03  279.29   0.537  28.019   32.906   82.8   9.51  14.000    0.02220    2.15    2.26    3.11
17-07-2024 14:04:38.27  279.18   0.537  28.019   32.905   82.7   9.51  14.000   -0.00592    1.71    2.06    2.85
17-07-2024 14:04:38.52  279.14   0.537  28.018   32.904   82.7   9.50  14.000   -0.00074    2.08    2.14    3.50
17-07-2024 14:04:38.76  279.09   0.538  28.019   32.905   82.7   9.50  14.000   -0.00592    1.75    2.44    3.22
17-07-2024 14:04:39.01  279.06   0.538  28.019   32.904   82.7   9.50  14.000    0.00444    1.91    2.32    3.22
17-07-2024 14:04:39.25  279.02   0.538  28.019   32.905   82.6   9.50  14.000    0.00000    1.91    2.32    3.22
17-07-2024 14:04:39.50  278.94   0.538  28.018   32.904   82.6   9.49  14.000    0.00518    1.77    2.14    2.94
17-07-2024 14:04:39.74  278.86   0.538  28.019   32.905   82.6   9.49  14.000    0.00962    2.13    1.83    3.30
17-07-2024 14:04:39.99  278.82   0.537  28.020   32.906   82.6   9.49  14.000    0.00666    1.95    2.20    3.00
17-07-2024 14:04:40.23  278.75   0.537  28.019   32.906   82.6   9.49  14.000    0.00666    2.01    2.69    3.28
17-07-2024 14:04:40.48  278.76   0.536  28.018   32.905   82.6   9.49  14.000    0.00740    2.27    2.51    3.27
17-07-2024 14:04:40.73  278.65   0.537  28.018   32.904   82.5   9.48  14.000    0.00222    2.07    2.40    3.25
17-07-2024 14:04:40.97  278.60   0.537  28.018   32.905   82.5   9.48  14.000   -0.01036    2.07    2.40    3.25
17-07-2024 14:04:41.22  278.58   0.537  28.019   32.905   82.5   9.48  14.000    0.00296    2.23    2.75    3.10
17-07-2024 14:04:41.47  278.48   0.537  28.018   32.905   82.5   9.48  14.000    0.01850    2.31    2.26    2.87
17-07-2024 14:04:41.71  278.43   0.537  28.018   32.904   82.5   9.48  14.000    0.00740    1.70    1.92    3.50
17-07-2024 14:04:41.96  278.35   0.537  28.019   32.905   82.4   9.47  14.000    0.00296    2.20    2.02    3.09
17-07-2024 14:04:42.20  278.29   0.537  28.017   32.903   82.4   9.47  14.000   -0.00148    2.04    1.63    3.02
17-07-2024 14:04:42.45  278.23   0.537  28.018   32.904   82.4   9.47  14.000    0.00814    1.80    2.52    3.35
17-07-2024 14:04:42.69  278.20   0.537  28.018   32.905   82.4   9.47  14.000    0.01332    1.80    2.52    3.35
17-07-2024 14:04:42.94  278.07   0.537  28.019   32.906   82.4   9.47  14.000   -0.00962    2.27    2.13    2.91
17-07-2024 14:04:43.18  278.07   0.537  28.018   32.904   82.4   9.46  14.000   -0.00222    2.00    2.37    2.94
17-07-2024 14:04:43.43  277.99   0.537  28.018   32.905   82.3   9.46  14.000   -0.01702    2.13    2.25    2.90
17-07-2024 14:04:43.67  277.92   0.536  28.018   32.905   82.3   9.46  14.000    0.00592    2.06    2.15    3.24
17-07-2024 14:04:43.92  277.86   0.537  28.019   32.906   82.3   9.45  14.000   -0.00740    2.23    2.52    3.02
17-07-2024 14:04:44.17  277.80   0.536  28.018   32.906   82.2   9.45  14.000   -0.00370    2.06    2.37    3.31
17-07-2024 14:04:44.41  277.75   0.536  28.018   32.906   82.2   9.45  14.000    0.00666    2.06    2.37    3.31
17-07-2024 14:04:44.66  277.66   0.537  28.017   32.904   82.2   9.44  14.000   -0.00074    2.15    2.35    2.89
17-07-2024 14:04:44.91  277.56   0.537  28.018   32.905   82.2   9.44  14.000    0.00962    1.74    2.24    3.20
17-07-2024 14:04:45.15  277.47   0.536  28.018   32.906   82.1   9.44  14.000    0.00962    1.99    2.10    2.97
17-07-2024 14:04:45.40  277.46   0.537  28.018   32.905   82.1   9.43  14.000    0.00740    1.88    2.05    2.91
17-07-2024 14:04:45.64  277.41   0.537  28.017   32.904   82.1   9.43  14.000   -0.00074    1.35    2.19    3.12
17-07-2024 14:04:45.89  277.30   0.537  28.017   32.904   82.1   9.43  14.000   -0.00888    1.77    2.49    2.69
17-07-2024 14:04:46.14  277.29   0.537  28.018   32.905   82.1   9.43  14.000    0.00296    1.77    2.49    2.69
17-07-2024 14:04:46.38  277.17   0.536  28.018   32.906   82.0   9.43  14.000   -0.00296    2.14    2.60    3.09
17-07-2024 14:04:46.62  277.13   0.537  28.017   32.904   82.0   9.42  14.000   -0.01924    1.78    2.28    3.22
17-07-2024 14:04:46.87  277.06   0.536  28.017   32.905   82.0   9.42  14.000   -0.00296    2.18    2.16    3.18
17-07-2024 14:04:47.11  277.00   0.536  28.017   32.904   82.0   9.42  14.000    0.00888    2.06    2.17    3.17
17-07-2024 14:04:47.36  276.90   0.536  28.018   32.906   81.9   9.42  14.000    0.01554    2.26    2.25    2.93
17-07-2024 14:04:47.61  276.84   0.536  28.017   32.905   81.9   9.41  14.000    0.01332    2.06    2.21    3.07
17-07-2024 14:04:47.86  276.79   0.535  28.017   32.905   81.9   9.41  14.000   -0.01036    2.06    2.21    3.07
17-07-2024 14:04:48.11  276.72   0.536  28.017   32.906   81.9   9.41  14.000   -0.00518    2.01    2.33    3.27
17-07-2024 14:04:48.35  276.62   0.536  28.017   32.906   81.9   9.41  14.000    0.01258    2.21    2.22    3.14
17-07-2024 14:04:48.60  276.59   0.536  28.017   32.905   81.9   9.41  14.000   -0.00814    1.99    2.31    3.24
17-07-2024 14:04:48.84  276.48   0.535  28.016   32.905   81.8   9.40  14.000    0.00592    2.13    2.04    2.97
17-07-2024 14:04:49.09  276.41   0.535  28.017   32.906   81.8   9.40  14.000    0.00000    1.91    2.05    3.37
17-07-2024 14:04:49.33  276.38   0.536  28.016   32.904   81.9   9.40  14.000    0.00370    2.18    1.85    3.03
17-07-2024 14:04:49.58  276.34   0.536  28.017   32.905   81.8   9.40  14.000   -0.00296    2.18    1.85    3.03
17-07-2024 14:04:49.82  276.24   0.536  28.016   32.905   81.8   9.40  14.000   -0.01480    1.82    2.13    2.72
17-07-2024 14:04:50.07  276.19   0.535  28.016   32.905   81.8   9.40  14.000   -0.00370    2.20    2.14    3.06
17-07-2024 14:04:50.31  276.11   0.536  28.017   32.906   81.8   9.40  14.000    0.00222    2.09    2.11    3.29
17-07-2024 14:04:50.56  276.03   0.535  28.016   32.906   81.8   9.40  14.000    0.00000    2.39    2.48    3.17
17-07-2024 14:04:50.80  275.97   0.535  28.016   32.905   81.8   9.40  14.000   -0.01480    2.12    1.79    3.12
17-07-2024 14:04:51.05  275.87   0.536  28.016   32.905   81.8   9.40  14.000    0.00148    2.04    2.43    3.04
17-07-2024 14:04:51.29  275.76   0.536  28.016   32.905   81.8   9.40  14.000   -0.00296    2.04    2.43    3.04
17-07-2024 14:04:51.55  275.77   0.536  28.016   32.905   81.8   9.40  14.000   -0.01110    2.32    2.53    2.88
17-07-2024 14:04:51.79  275.69   0.536  28.016   32.904   81.8   9.40  14.000   -0.00222    2.02    2.51    2.86
17-07-2024 14:04:52.04  275.59   0.535  28.016   32.905   81.8   9.40  14.000   -0.00444    2.04    2.34    2.99
17-07-2024 14:04:52.29  275.52   0.536  28.015   32.904   81.8   9.40  14.000    0.00814    2.20    2.62    3.26
17-07-2024 14:04:52.53  275.46   0.535  28.015   32.904   81.8   9.40  14.000   -0.01628    2.48    2.23    3.27
17-07-2024 14:04:52.78  275.36   0.535  28.016   32.905   81.8   9.40  14.000    0.01332    2.11    2.94    2.95
17-07-2024 14:04:53.02  275.34   0.535  28.015   32.904   81.9   9.41  14.000   -0.00518    2.11    2.94    2.95
17-07-2024 14:04:53.27  275.22   0.534  28.015   32.905   81.9   9.41  14.000    0.00370    2.01    2.10    3.18
17-07-2024 14:04:53.51  275.16   0.535  28.016   32.906   81.9   9.41  14.000    0.00000    2.07    2.53    3.19
17-07-2024 14:04:53.76  275.10   0.535  28.015   32.905   81.9   9.41  14.000   -0.00888    1.65    2.13    2.99
17-07-2024 14:04:54.00  275.05   0.534  28.015   32.906   81.9   9.41  14.000   -0.00148    1.64    2.38    3.17
17-07-2024 14:04:54.25  274.95   0.534  28.015   32.906   81.9   9.41  14.000   -0.00296    2.13    2.28    2.94
17-07-2024 14:04:54.49  274.85   0.534  28.015   32.906   81.9   9.41  14.000   -0.01036    2.04    1.95    2.86
17-07-2024 14:04:54.74  274.80   0.534  28.014   32.905   81.9   9.41  14.000   -0.01110    2.04    1.95    2.86
17-07-2024 14:04:54.98  274.71   0.534  28.015   32.905   81.9   9.41  14.000    0.00296    1.91    2.29    3.50
17-07-2024 14:04:55.23  274.65   0.535  28.015   32.905   81.9   9.41  14.000   -0.00370    2.17    2.18    3.53
17-07-2024 14:04:55.48  274.55   0.534  28.014   32.904   81.9   9.41  14.000   -0.01406    2.19    2.36    3.15
17-07-2024 14:04:55.73  274.48   0.535  28.014   32.905   81.9   9.41  14.000    0.01406    2.09    2.09    2.94
17-07-2024 14:04:55.97  274.45   0.534  28.015   32.905   81.8   9.40  14.000    0.01850    2.49    2.28    3.03
17-07-2024 14:04:56.22  274.35   0.535  28.014   32.905   81.8   9.40  14.000    0.00666    1.90    2.61    3.03
17-07-2024 14:04:56.46  274.27   0.534  28.014   32.905   81.9   9.41  14.000    0.01184    1.90    2.61    3.03
17-07-2024 14:04:56.71  274.19   0.533  28.014   32.906   81.8   9.40  14.000   -0.00592    2.00    2.88    3.11
17-07-2024 14:04:56.95  274.14   0.534  28.014   32.904   81.9   9.41  14.000    0.00148    2.12    2.30    3.57
17-07-2024 14:04:57.21  274.09   0.533  28.012   32.904   81.8   9.40  14.000   -0.01628    2.05    2.12    3.34
17-07-2024 14:04:57.44  274.00   0.533  28.012   32.904   81.8   9.40  14.000    0.01036    2.30    2.67    3.02
17-07-2024 14:04:57.69  273.93   0.534  28.013   32.904   81.9   9.40  14.000    0.00962    2.00    2.11    3.15
17-07-2024 14:04:57.93  273.83   0.533  28.012   32.904   81.9   9.41  14.000    0.00370    2.08    2.67    3.35
17-07-2024 14:04:58.18  273.78   0.533  28.012   32.903   81.9   9.41  14.000    0.01554    2.08    2.67    3.35
17-07-2024 14:04:58.42  273.67   0.532  28.012   32.904   81.9   9.41  14.000   -0.01776    2.33    2.63    3.24
17-07-2024 14:04:58.67  273.63   0.532  28.012   32.905   81.9   9.41  14.000   -0.00740    1.98    2.50    2.95
17-07-2024 14:04:58.92  273.55   0.532  28.012   32.905   81.9   9.41  14.000   -0.01036    1.90    1.76    3.39
17-07-2024 14:04:59.17  273.44   0.533  28.012   32.904   81.9   9.41  14.000    0.01628    2.32    1.88    3.00
17-07-2024 14:04:59.41  273.41   0.533  28.012   32.905   81.9   9.41  14.000    0.00888    1.77    2.72    3.10
17-07-2024 14:04:59.66  273.29   0.532  28.011   32.904   81.9   9.41  14.000    0.00296    2.31    2.30    3.06
17-07-2024 14:04:59.90  273.25   0.532  28.011   32.904   81.9   9.41  14.000   -0.00888    2.31    2.30    3.06
17-07-2024 14:05:00.15  273.18   0.532  28.011   32.904   81.9   9.41  14.000   -0.01184    2.43    2.52    3.01
17-07-2024 14:05:00.40  273.12   0.532  28.011   32.905   81.9   9.41  14.000    0.00888    2.03    1.87    2.98
17-07-2024 14:05:00.64  273.02   0.532  28.010   32.903   81.9   9.41  14.000   -0.00666    2.11    1.94    3.14
17-07-2024 14:05:00.89  272.96   0.532  28.011   32.903   81.9   9.41  14.000    0.01998    1.98    2.75    3.31
17-07-2024 14:05:01.13  272.84   0.532  28.010   32.902   81.9   9.41  14.000    0.01850    1.96    2.13    2.89
17-07-2024 14:05:01.37  272.78   0.532  28.011   32.904   81.9   9.41  14.000   -0.00074    2.02    2.57    3.28
17-07-2024 14:05:01.62  272.73   0.532  28.011   32.904   81.8   9.40  14.000    0.00074    2.02    2.57    3.28
17-07-2024 14:05:01.86  272.62   0.532  28.011   32.904   81.8   9.40  14.000    0.01702    2.11    2.01    3.22
17-07-2024 14:05:02.11  272.56   0.531  28.011   32.905   81.8   9.40  14.000    0.01480    2.11    2.42    3.09
17-07-2024 14:05:02.36  272.44   0.531  28.011   32.905   81.8   9.40  14.000    0.01036    2.10    2.17    3.35
17-07-2024 14:05:02.61  272.42   0.531  28.011   32.905   81.8   9.40  14.000   -0.01850    1.78    2.60    3.09
17-07-2024 14:05:02.85  272.36   0.531  28.010   32.904   81.8   9.40  14.000    0.01406    1.76    3.21    2.97
17-07-2024 14:05:03.10  272.23   0.530  28.010   32.905   81.8   9.40  14.000    0.00444    2.13    2.10    3.21
17-07-2024 14:05:03.35  272.16   0.530  28.010   32.904   81.8   9.40  14.000   -0.01628    2.13    2.10    3.21
17-07-2024 14:05:03.59  272.10   0.530  28.009   32.904   81.8   9.40  14.000   -0.02517    1.74    2.10    3.60
17-07-2024 14:05:03.84  272.01   0.530  28.009   32.904   81.8   9.40  14.000   -0.00370    2.34    2.50    3.35
17-07-2024 14:05:04.08  271.92   0.530  28.009   32.905   81.8   9.40  14.000   -0.00370    2.04    2.23    3.07
17-07-2024 14:05:04.33  271.87   0.530  28.009   32.904   81.8   9.40  14.000   -0.01258    1.98    2.31    3.17
17-07-2024 14:05:04.57  271.80   0.530  28.009   32.904   81.8   9.40  14.000    0.00888    2.09    1.87    3.20
17-07-2024 14:05:04.82  271.70   0.530  28.007   32.902   81.8   9.40  14.000   -0.00148    2.12    2.30    3.13
17-07-2024 14:05:05.06  271.65   0.530  28.007   32.902   81.8   9.40  14.000    0.00000    2.12    2.30    3.13
17-07-2024 14:05:05.31  271.53   0.530  28.008   32.903   81.8   9.40  14.000    0.00814    1.88    2.29    3.53
17-07-2024 14:05:05.55  271.52   0.530  28.007   32.901   81.8   9.40  14.000    0.01036    2.09    1.92    3.37
17-07-2024 14:05:05.80  271.42   0.530  28.007   32.902   81.8   9.40  14.000    0.00888    1.85    1.80    3.20
17-07-2024 14:05:06.04  271.34   0.530  28.006   32.901   81.8   9.40  14.000   -0.01184    2.00    2.22    3.47
17-07-2024 14:05:06.30  271.23   0.529  28.007   32.903   81.8   9.40  14.000   -0.01332    2.29    2.00    2.75
17-07-2024 14:05:06.54  271.17   0.529  28.008   32.904   81.8   9.40  14.000    0.01332    1.68    2.51    3.02
17-07-2024 14:05:06.79  271.09   0.528  28.008   32.904   81.8   9.40  14.000   -0.00888    1.68    2.51    3.02
17-07-2024 14:05:07.03  270.98   0.528  28.007   32.904   81.8   9.40  14.000    0.00222    2.19    1.99    3.21
17-07-2024 14:05:07.28  270.91   0.528  28.008   32.905   81.8   9.40  14.000    0.00518    2.11    2.66    2.99
17-07-2024 14:05:07.53  270.81   0.528  28.007   32.904   81.8   9.40  14.000   -0.01110    2.30    2.38    3.37
17-07-2024 14:05:07.77  270.76   0.529  28.007   32.903   81.8   9.40  14.000    0.00370    2.10    2.05    3.11
17-07-2024 14:05:08.02  270.66   0.529  28.007   32.904   81.7   9.39  14.000   -0.01332    2.13    2.42    3.37
17-07-2024 14:05:08.26  270.58   0.529  28.007   32.903   81.7   9.39  14.000    0.00296    2.20    2.62    3.35
17-07-2024 14:05:08.50  270.50   0.528  28.006   32.903   81.7   9.39  14.000   -0.00370    2.20    2.62    3.35
17-07-2024 14:05:08.75  270.44   0.529  28.006   32.902   81.7   9.39  14.000    0.01628    2.11    2.20    3.05
17-07-2024 14:05:09.00  270.32   0.528  28.005   32.902   81.7   9.39  14.000   -0.00222    1.96    2.04    3.13
17-07-2024 14:05:09.24  270.24   0.528  28.005   32.902   81.7   9.39  14.000    0.00740    2.30    2.04    3.01
17-07-2024 14:05:09.49  270.17   0.528  28.004   32.901   81.6   9.38  14.000   -0.00814    2.25    2.70    3.29
17-07-2024 14:05:09.73  270.10   0.528  28.004   32.901   81.6   9.38  14.000   -0.00296    2.03    2.45    3.01
17-07-2024 14:05:09.98  270.01   0.527  28.004   32.902   81.6   9.38  14.000    0.00962    2.05    2.35    3.36
17-07-2024 14:05:10.23  269.94   0.527  28.004   32.902   81.6   9.38  14.000   -0.01036    2.05    2.35    3.36
17-07-2024 14:05:10.48  269.84   0.527  28.004   32.903   81.6   9.37  14.000   -0.00666    2.00    2.63    3.20
17-07-2024 14:05:10.72  269.76   0.527  28.004   32.902   81.6   9.37  14.000   -0.00444    2.12    2.19    3.03
17-07-2024 14:05:10.97  269.69   0.526  28.004   32.902   81.5   9.37  14.000    0.00222    2.13    2.39    3.37
17-07-2024 14:05:11.21  269.61   0.526  28.005   32.904   81.5   9.37  14.000    0.00000    1.68    2.47    3.13
17-07-2024 14:05:11.46  269.51   0.527  28.004   32.902   81.5   9.37  14.000   -0.00962    2.28    2.16    3.11
17-07-2024 14:05:11.70  269.47   0.527  28.003   32.901   81.5   9.36  14.000    0.00666    2.12    2.21    3.04
17-07-2024 14:05:11.95  269.36   0.527  28.003   32.902   81.5   9.36  14.000    0.00000    2.12    2.21    3.04
17-07-2024 14:05:12.19  269.29   0.527  28.002   32.900   81.4   9.36  14.000   -0.00148    2.06    2.13    3.43
17-07-2024 14:05:12.44  269.22   0.526  28.002   32.900   81.4   9.36  14.000    0.00592    2.15    1.74    3.22
17-07-2024 14:05:12.68  269.10   0.526  28.002   32.900   81.4   9.35  14.000   -0.01110    1.94    2.62    3.01
17-07-2024 14:05:12.93  269.03   0.526  28.002   32.901   81.4   9.36  14.000    0.00296    2.33    2.20    2.98
17-07-2024 14:05:13.17  268.97   0.526  28.002   32.901   81.4   9.35  14.000    0.00222    1.89    2.38    3.25
17-07-2024 14:05:13.42  268.88   0.526  28.002   32.901   81.4   9.35  14.000    0.00444    1.89    2.38    3.25
17-07-2024 14:05:13.67  268.81   0.526  28.002   32.901   81.4   9.35  14.000    0.00000    2.21    2.23    2.81
17-07-2024 14:05:13.92  268.68   0.525  28.001   32.901   81.3   9.35  14.000   -0.02591    2.20    2.20    3.13
17-07-2024 14:05:14.17  268.63   0.525  28.002   32.901   81.3   9.35  14.000    0.00074    1.99    2.47    3.53
17-07-2024 14:05:14.41  268.54   0.525  28.002   32.902   81.3   9.35  14.000   -0.00814    2.35    2.59    3.24
17-07-2024 14:05:14.66  268.46   0.525  28.001   32.901   81.3   9.35  14.000   -0.01036    2.05    2.50    3.26
17-07-2024 14:05:14.90  268.34   0.525  28.001   32.901   81.3   9.35  14.000    0.00074    2.09    1.89    3.17
17-07-2024 14:05:15.15  268.29   0.525  28.002   32.902   81.3   9.35  14.000   -0.01258    2.18    2.67    3.22
17-07-2024 14:05:15.39  268.19   0.525  28.001   32.901   81.4   9.35  14.000    0.01998    2.18    2.67    3.22
17-07-2024 14:05:15.64  268.12   0.525  28.002   32.903   81.4   9.35  14.000    0.00074    2.09    1.91    2.95
17-07-2024 14:05:15.88  268.05   0.525  28.002   32.902   81.4   9.35  14.000   -0.01554    1.98    2.51    2.88
17-07-2024 14:05:16.13  267.97   0.525  28.002   32.902   81.4   9.35  14.000    0.00740    2.27    2.11    3.31
17-07-2024 14:05:16.37  267.87   0.525  28.001   32.901   81.4   9.35  14.000    0.00962    1.89    2.51    3.29
17-07-2024 14:05:16.62  267.82   0.524  28.002   32.903   81.4   9.36  14.000   -0.01702    2.14    2.21    2.98
17-07-2024 14:05:16.86  267.72   0.524  28.001   32.902   81.4   9.36  14.000   -0.01110    2.14    2.21    2.98
17-07-2024 14:05:17.11  267.63   0.524  28.001   32.902   81.4   9.36  14.000    0.00888    2.21    2.37    3.37
17-07-2024 14:05:17.36  267.54   0.524  28.001   32.902   81.5   9.36  14.000    0.00592    2.10    2.63    3.11
17-07-2024 14:05:17.60  267.46   0.524  28.000   32.900   81.5   9.36  14.000    0.00296    1.88    1.95    3.18
17-07-2024 14:05:17.85  267.38   0.524  28.000   32.901   81.5   9.37  14.000   -0.01554    2.01    2.35    3.25
17-07-2024 14:05:18.10  267.33   0.524  28.000   32.901   81.5   9.37  14.000    0.00000    1.93    2.56    3.29
17-07-2024 14:05:18.34  267.23   0.524  27.999   32.900   81.5   9.37  14.000    0.00666    2.26    2.13    3.15
17-07-2024 14:05:18.59  267.14   0.524  28.000   32.901   81.5   9.37  14.000   -0.01332    2.26    2.13    3.15
17-07-2024 14:05:18.83  267.10   0.523  27.999   32.901   81.5   9.37  14.000    0.00740    2.20    2.24    3.49
17-07-2024 14:05:19.09  267.03   0.523  27.999   32.902   81.6   9.37  14.000    0.02591    2.21    2.28    3.24
17-07-2024 14:05:19.32  266.95   0.523  28.000   32.903   81.6   9.37  14.000    0.00296    2.42    2.33    3.15
17-07-2024 14:05:19.57  266.86   0.523  27.999   32.902   81.6   9.38  14.000   -0.00518    2.15    1.84    3.73
17-07-2024 14:05:19.81  266.77   0.522  27.998   32.901   81.6   9.38  14.000   -0.00074    2.12    1.85    2.86
17-07-2024 14:05:20.06  266.65   0.522  27.998   32.901   81.6   9.38  14.000    0.00296    2.04    2.71    3.24
17-07-2024 14:05:20.30  266.59   0.522  27.998   32.901   81.6   9.38  14.000    0.00444    2.04    2.71    3.24
17-07-2024 14:05:20.55  266.50   0.522  27.998   32.901   81.6   9.38  14.000   -0.00962    2.12    2.52    2.98
17-07-2024 14:05:20.79  266.44   0.523  27.998   32.900   81.7   9.39  14.000    0.01110    2.04    2.24    3.20
17-07-2024 14:05:21.05  266.34   0.521  27.997   32.901   81.7   9.39  14.000   -0.00296    2.27    2.30    3.61
17-07-2024 14:05:21.29  266.26   0.522  27.996   32.900   81.7   9.39  14.000    0.00666    2.07    2.05    3.54
17-07-2024 14:05:21.54  266.20   0.521  27.997   32.901   81.7   9.39  14.000   -0.00666    2.55    1.95    3.46
17-07-2024 14:05:21.78  266.11   0.521  27.995   32.899   81.7   9.39  14.000   -0.01184    2.26    1.97    3.23
17-07-2024 14:05:22.03  266.00   0.521  27.996   32.900   81.8   9.40  14.000    0.00148    2.26    1.97    3.23
17-07-2024 14:05:22.28  265.94   0.521  27.995   32.900   81.8   9.40  14.000   -0.01258    1.97    2.32    2.99
17-07-2024 14:05:22.52  265.85   0.520  27.995   32.900   81.8   9.40  14.000    0.00518    1.91    2.14    3.26
17-07-2024 14:05:22.77  265.77   0.520  27.995   32.900   81.8   9.40  14.000   -0.01702    1.96    2.33    3.06
17-07-2024 14:05:23.01  265.70   0.521  27.995   32.899   81.8   9.40  14.000   -0.00518    1.85    2.18    3.63
17-07-2024 14:05:23.26  265.61   0.521  27.994   32.898   81.8   9.40  14.000   -0.01850    2.17    2.55    3.32
17-07-2024 14:05:23.50  265.55   0.521  27.994   32.898   81.8   9.40  14.000    0.00518    2.02    2.73    3.16
17-07-2024 14:05:23.74  265.48   0.520  27.995   32.899   81.8   9.40  14.000   -0.01406    2.02    2.73    3.16
17-07-2024 14:05:23.99  265.37   0.520  27.994   32.899   81.8   9.41  14.000   -0.00740    2.04    1.86    3.22
17-07-2024 14:05:24.24  265.29   0.520  27.995   32.900   81.8   9.41  14.000   -0.00888    2.09    2.74    3.32
17-07-2024 14:05:24.48  265.21   0.520  27.994   32.899   81.8   9.41  14.000   -0.01850    2.51    2.03    3.17
17-07-2024 14:05:24.73  265.12   0.520  27.994   32.899   81.8   9.41  14.000    0.00444    2.20    2.17    3.05
17-07-2024 14:05:24.98  265.06   0.520  27.995   32.900   81.8   9.41  14.000   -0.00370    1.90    2.15    3.26
17-07-2024 14:05:25.23  264.98   0.520  27.994   32.900   81.8   9.41  14.000   -0.00888    1.94    2.23    3.24
17-07-2024 14:05:25.47  264.91   0.519  27.994   32.900   81.8   9.41  14.000    0.00222    1.94    2.23    3.24
17-07-2024 14:05:25.72  264.82   0.518  27.995   32.902   81.9   9.41  14.000    0.00962    2.34    2.32    3.11
17-07-2024 14:05:25.96  264.71   0.518  27.994   32.902   81.9   9.41  14.000    0.00740    2.14    2.62    3.37
17-07-2024 14:05:26.21  264.65   0.518  27.994   32.902   81.9   9.41  14.000   -0.00296    1.86    2.40    3.07
17-07-2024 14:05:26.45  264.56   0.518  27.993   32.901   81.9   9.41  14.000   -0.00740    1.95    2.07    3.04
17-07-2024 14:05:26.70  264.49   0.518  27.992   32.899   81.9   9.41  14.000   -0.01332    1.88    2.16    3.28
17-07-2024 14:05:26.94  264.42   0.518  27.992   32.899   81.9   9.41  14.000   -0.00518    2.48    2.48    3.04
17-07-2024 14:05:27.19  264.31   0.518  27.992   32.899   81.9   9.41  14.000    0.00444    2.48    2.48    3.04
17-07-2024 14:05:27.43  264.23   0.518  27.993   32.900   81.9   9.41  14.000    0.00148    2.13    2.48    3.47
17-07-2024 14:05:27.68  264.17   0.519  27.992   32.898   81.9   9.41  14.000   -0.00074    2.30    2.43    3.21
17-07-2024 14:05:27.92  264.06   0.518  27.992   32.899   81.9   9.41  14.000   -0.00074    2.00    2.43    3.01
17-07-2024 14:05:28.17  263.99   0.518  27.992   32.899   81.8   9.41  14.000    0.01924    2.14    2.30    3.20
17-07-2024 14:05:28.42  263.90   0.517  27.991   32.899   81.8   9.41  14.000   -0.00740    2.12    2.17    2.92
17-07-2024 14:05:28.66  263.84   0.518  27.991   32.898   81.8   9.40  14.000   -0.02517    2.14    2.46    2.95
17-07-2024 14:05:28.91  263.73   0.518  27.991   32.899   81.8   9.40  14.000   -0.01554    2.14    2.46    2.95
17-07-2024 14:05:29.16  263.66   0.518  27.991   32.899   81.8   9.40  14.000   -0.01258    1.96    2.28    3.33
17-07-2024 14:05:29.40  263.57   0.518  27.992   32.899   81.8   9.40  14.000    0.00888    2.03    2.60    3.11
17-07-2024 14:05:29.65  263.51   0.518  27.992   32.899   81.8   9.40  14.000    0.00666    2.05    2.17    3.19
17-07-2024 14:05:29.89  263.41   0.517  27.991   32.899   81.8   9.40  14.000    0.00148    2.21    2.59    3.05
17-07-2024 14:05:30.15  263.34   0.517  27.990   32.898   81.8   9.40  14.000   -0.00444    2.24    2.43    3.23
17-07-2024 14:05:30.38  263.27   0.517  27.991   32.899   81.8   9.40  14.000   -0.00592    1.91    1.98    3.29
17-07-2024 14:05:30.63  263.17   0.517  27.991   32.899   81.8   9.40  14.000    0.01036    1.91    1.98    3.29
17-07-2024 14:05:30.87  263.10   0.517  27.991   32.899   81.8   9.41  14.000   -0.00888    1.75    2.51    3.24
17-07-2024 14:05:31.12  263.01   0.516  27.990   32.899   81.8   9.41  14.000   -0.01110    2.23    2.00    3.02
17-07-2024 14:05:31.36  262.93   0.517  27.990   32.899   81.8   9.41  14.000   -0.00814    2.17    2.33    3.20
17-07-2024 14:05:31.61  262.84   0.516  27.991   32.900   81.8   9.41  14.000    0.00148    2.07    2.06    3.15
17-07-2024 14:05:31.86  262.77   0.517  27.989   32.898   81.9   9.41  14.000   -0.00222    1.86    2.37    3.24
17-07-2024 14:05:32.11  262.68   0.516  27.990   32.899   81.9   9.41  14.000    0.00370    2.11    1.93    3.39
17-07-2024 14:05:32.35  262.61   0.516  27.989   32.898   81.9   9.41  14.000   -0.01480    2.11    1.93    3.39
17-07-2024 14:05:32.60  262.54   0.516  27.989   32.898   81.9   9.41  14.000   -0.01036    2.20    1.94    3.10
17-07-2024 14:05:32.85  262.46   0.516  27.989   32.898   81.9   9.41  14.000   -0.02517    2.13    2.09    3.35
17-07-2024 14:05:33.09  262.35   0.515  27.990   32.900   81.9   9.41  14.000   -0.00666    2.11    2.11    3.29
17-07-2024 14:05:33.34  262.27   0.516  27.989   32.898   81.9   9.42  14.000   -0.00074    2.25    2.09    3.17
17-07-2024 14:05:33.58  262.18   0.515  27.988   32.899   81.9   9.41  14.000   -0.00370    1.89    2.80    3.22
17-07-2024 14:05:33.83  262.11   0.516  27.989   32.899   81.9   9.42  14.000   -0.01480    2.00    2.58    3.33
17-07-2024 14:05:34.07  262.04   0.515  27.989   32.899   81.9   9.41  14.000    0.00222    2.00    2.58    3.33
17-07-2024 14:05:34.32  261.97   0.515  27.989   32.899   81.9   9.42  14.000    0.00814    2.49    2.58    2.90
17-07-2024 14:05:34.56  261.87   0.515  27.988   32.899   81.9   9.41  14.000   -0.02294    2.07    2.69    3.23
17-07-2024 14:05:34.81  261.79   0.515  27.989   32.900   81.9   9.42  14.000    0.00740    2.21    2.19    2.72
17-07-2024 14:05:35.05  261.69   0.516  27.989   32.899   81.9   9.41  14.000   -0.00074    2.16    1.92    3.02
17-07-2024 14:05:35.30  261.60   0.515  27.988   32.898   81.9   9.41  14.000   -0.00222    1.99    2.55    3.47
17-07-2024 14:05:35.55  261.52   0.516  27.988   32.898   81.9   9.41  14.000   -0.00592    2.23    2.61    3.25
17-07-2024 14:05:35.80  261.44   0.516  27.988   32.898   81.9   9.41  14.000   -0.00296    2.23    2.61    3.25
17-07-2024 14:05:36.04  261.36   0.516  27.988   32.898   81.9   9.41  14.000   -0.00666    2.27    2.55    3.41
17-07-2024 14:05:36.29  261.27   0.515  27.988   32.898   81.8   9.41  14.000   -0.01036    1.63    2.31    2.97
17-07-2024 14:05:36.53  261.19   0.516  27.987   32.897   81.9   9.41  14.000   -0.02813    1.79    2.51    3.00
17-07-2024 14:05:36.78  261.11   0.515  27.987   32.898   81.8   9.41  14.000    0.01110    2.31    2.28    2.95
17-07-2024 14:05:37.03  261.00   0.516  27.988   32.898   81.8   9.40  14.000   -0.00444    2.01    2.37    3.23
17-07-2024 14:05:37.27  260.91   0.515  27.987   32.898   81.8   9.40  14.000    0.00000    2.02    2.37    3.08
17-07-2024 14:05:37.51  260.83   0.515  27.986   32.897   81.8   9.41  14.000   -0.00296    2.02    2.37    3.08
17-07-2024 14:05:37.76  260.77   0.515  27.987   32.897   81.8   9.40  14.000   -0.02887    2.26    2.02    3.50
17-07-2024 14:05:38.01  260.68   0.516  27.987   32.897   81.8   9.40  14.000   -0.02443    1.80    2.26    3.02
17-07-2024 14:05:38.25  260.60   0.515  27.987   32.897   81.8   9.40  14.000   -0.02220    2.01    2.18    3.20
17-07-2024 14:05:38.50  260.51   0.515  27.986   32.897   81.8   9.40  14.000   -0.00740    2.09    2.52    3.06
17-07-2024 14:05:38.74  260.43   0.515  27.987   32.897   81.7   9.40  14.000   -0.01332    2.19    2.37    2.83
17-07-2024 14:05:38.99  260.35   0.516  27.986   32.896   81.7   9.39  14.000    0.01554    2.05    2.03    3.06
17-07-2024 14:05:39.23  260.23   0.515  27.986   32.896   81.7   9.40  14.000   -0.00370    2.05    2.03    3.06
17-07-2024 14:05:39.48  260.18   0.515  27.985   32.895   81.7   9.40  14.000   -0.01258    2.09    1.79    3.25
17-07-2024 14:05:39.73  260.10   0.515  27.987   32.898   81.7   9.40  14.000   -0.00370    2.27    1.71    2.97
17-07-2024 14:05:39.98  260.02   0.515  27.986   32.897   81.7   9.39  14.000   -0.00888    1.85    2.61    3.01
17-07-2024 14:05:40.22  259.90   0.515  27.987   32.899   81.7   9.39  14.000    0.01184    2.24    2.20    3.27
17-07-2024 14:05:40.47  259.82   0.514  27.986   32.898   81.7   9.39  14.000   -0.00740    1.82    2.41    3.19
17-07-2024 14:05:40.71  259.74   0.515  27.986   32.897   81.7   9.39  14.000   -0.00666    2.32    2.01    3.10
17-07-2024 14:05:40.96  259.66   0.514  27.985   32.896   81.7   9.39  14.000    0.00444    2.32    2.01    3.10
17-07-2024 14:05:41.21  259.60   0.514  27.985   32.897   81.7   9.39  14.000    0.01184    2.21    2.54    2.87
17-07-2024 14:05:41.45  259.51   0.513  27.985   32.898   81.7   9.39  14.000   -0.00666    2.32    2.05    3.19
17-07-2024 14:05:41.69  259.41   0.514  27.986   32.898   81.7   9.40  14.000   -0.01036    1.73    1.91    3.28
17-07-2024 14:05:41.94  259.32   0.514  27.984   32.896   81.7   9.39  14.000   -0.02961    2.10    2.46    3.31
17-07-2024 14:05:42.18  259.22   0.514  27.984   32.896   81.7   9.39  14.000   -0.00222    2.20    2.17    3.29
17-07-2024 14:05:42.43  259.18   0.513  27.984   32.896   81.7   9.39  14.000    0.01036    2.19    2.73    2.99
17-07-2024 14:05:42.67  259.05   0.514  27.984   32.897   81.7   9.39  14.000    0.00962    2.19    2.73    2.99
17-07-2024 14:05:42.92  258.95   0.514  27.984   32.897   81.7   9.39  14.000   -0.00444    2.25    2.40    3.10
17-07-2024 14:05:43.17  258.90   0.513  27.984   32.897   81.7   9.39  14.000   -0.02665    2.14    2.63    3.46
17-07-2024 14:05:43.42  258.79   0.514  27.984   32.896   81.7   9.39  14.000   -0.00370    2.27    1.99    3.41
17-07-2024 14:05:43.67  258.73   0.513  27.985   32.897   81.7   9.39  14.000   -0.00518    1.98    2.72    3.07
17-07-2024 14:05:43.91  258.63   0.513  27.984   32.897   81.7   9.39  14.000   -0.01998    2.40    2.16    3.06
17-07-2024 14:05:44.16  258.54   0.513  27.984   32.897   81.6   9.39  14.000    0.00296    2.34    2.58    3.31
17-07-2024 14:05:44.40  258.43   0.513  27.983   32.896   81.6   9.39  14.000   -0.00592    2.34    2.58    3.31
17-07-2024 14:05:44.65  258.36   0.513  27.983   32.897   81.6   9.38  14.000   -0.01110    2.06    2.28    2.96
17-07-2024 14:05:44.89  258.26   0.513  27.984   32.897   81.6   9.38  14.000    0.00518    2.34    2.38    3.40
17-07-2024 14:05:45.14  258.21   0.513  27.983   32.897   81.6   9.38  14.000   -0.01332    2.19    1.99    3.11
17-07-2024 14:05:45.38  258.12   0.513  27.983   32.897   81.6   9.38  14.000    0.00222    1.99    2.02    3.12
17-07-2024 14:05:45.62  258.02   0.513  27.983   32.896   81.6   9.38  14.000   -0.00888    1.94    2.45    3.15
17-07-2024 14:05:45.87  257.95   0.512  27.983   32.897   81.6   9.38  14.000    0.00074    1.97    2.03    3.38
17-07-2024 14:05:46.11  257.85   0.513  27.983   32.897   81.6   9.38  14.000    0.00962    1.97    2.03    3.38
17-07-2024 14:05:46.36  257.76   0.513  27.983   32.897   81.6   9.38  14.000   -0.00740    1.92    2.55    3.16
17-07-2024 14:05:46.61  257.68   0.512  27.983   32.897   81.6   9.38  14.000    0.00000    2.02    2.21    3.09
17-07-2024 14:05:46.86  257.60   0.512  27.982   32.896   81.6   9.38  14.000    0.00592    2.06    2.33    3.01
17-07-2024 14:05:47.10  257.52   0.512  27.983   32.897   81.6   9.38  14.000    0.00444    2.07    2.15    3.04
17-07-2024 14:05:47.35  257.45   0.511  27.982   32.897   81.6   9.38  14.000   -0.00444    1.97    2.16    2.79
17-07-2024 14:05:47.60  257.33   0.511  27.981   32.897   81.6   9.38  14.000   -0.00296    2.09    2.30    2.91
17-07-2024 14:05:47.84  257.25   0.511  27.982   32.897   81.5   9.38  14.000   -0.01332    2.09    2.30    2.91
17-07-2024 14:05:48.09  257.19   0.511  27.980   32.895   81.5   9.38  14.000   -0.00962    1.67    2.37    3.11
17-07-2024 14:05:48.33  257.07   0.511  27.981   32.896   81.5   9.37  14.000    0.00370    1.99    2.25    3.21
17-07-2024 14:05:48.58  257.01   0.511  27.982   32.897   81.5   9.37  14.000   -0.00962    1.97    2.26    3.10
17-07-2024 14:05:48.82  256.92   0.511  27.981   32.897   81.5   9.37  14.000    0.00962    2.05    2.39    3.21
17-07-2024 14:05:49.07  256.82   0.511  27.981   32.896   81.5   9.37  14.000   -0.00370    2.11    2.26    3.34
17-07-2024 14:05:49.31  256.74   0.511  27.981   32.897   81.5   9.37  14.000    0.00518    2.20    2.11    3.11
17-07-2024 14:05:49.56  256.66   0.511  27.980   32.896   81.5   9.37  14.000   -0.00444    2.20    2.11    3.11
17-07-2024 14:05:49.80  256.56   0.511  27.980   32.896   81.5   9.37  14.000   -0.02739    1.96    2.11    3.46
17-07-2024 14:05:50.05  256.49   0.511  27.981   32.896   81.5   9.37  14.000   -0.00740    1.94    2.21    2.90
17-07-2024 14:05:50.29  256.37   0.511  27.981   32.897   81.5   9.37  14.000   -0.02220    1.98    2.10    2.91
17-07-2024 14:05:50.55  256.33   0.511  27.981   32.897   81.5   9.37  14.000   -0.01702    2.06    2.03    3.27
17-07-2024 14:05:50.79  256.19   0.511  27.980   32.895   81.4   9.36  14.000    0.00222    1.91    2.84    2.96
17-07-2024 14:05:51.04  256.13   0.511  27.980   32.896   81.4   9.36  14.000   -0.01184    2.00    1.91    3.18
17-07-2024 14:05:51.29  256.03   0.511  27.979   32.895   81.4   9.36  14.000   -0.00222    2.00    1.91    3.18
17-07-2024 14:05:51.53  255.95   0.511  27.979   32.895   81.4   9.36  14.000   -0.00074    2.17    2.14    2.99
17-07-2024 14:05:51.78  255.85   0.510  27.978   32.895   81.4   9.36  14.000    0.00666    2.15    2.65    2.95
17-07-2024 14:05:52.03  255.78   0.510  27.980   32.897   81.4   9.36  14.000    0.00148    2.11    2.56    2.80
17-07-2024 14:05:52.27  255.69   0.509  27.979   32.896   81.4   9.36  14.000    0.01184    2.34    2.34    3.24
17-07-2024 14:05:52.51  255.60   0.510  27.980   32.896   81.4   9.36  14.000    0.00222    2.12    2.34    3.45
17-07-2024 14:05:52.76  255.51   0.510  27.979   32.896   81.4   9.36  14.000    0.00888    2.09    2.04    3.26
17-07-2024 14:05:53.00  255.44   0.509  27.979   32.897   81.4   9.36  14.000   -0.00962    2.09    2.04    3.26
17-07-2024 14:05:53.25  255.37   0.510  27.978   32.895   81.4   9.36  14.000   -0.01258    2.32    2.11    3.11
17-07-2024 14:05:53.49  255.26   0.510  27.978   32.895   81.4   9.36  14.000   -0.01184    1.81    2.43    3.35
17-07-2024 14:05:53.74  255.20   0.509  27.978   32.895   81.4   9.36  14.000    0.01850    2.13    2.18    3.17
17-07-2024 14:05:53.98  255.11   0.509  27.978   32.895   81.4   9.36  14.000   -0.00888    2.02    2.23    2.87
17-07-2024 14:05:54.24  254.97   0.509  27.977   32.895   81.4   9.36  14.000   -0.00962    2.15    2.38    3.10
17-07-2024 14:05:54.48  254.89   0.509  27.978   32.895   81.4   9.36  14.000   -0.02591    1.53    2.47    3.19
17-07-2024 14:05:54.73  254.84   0.509  27.978   32.896   81.4   9.36  14.000    0.00074    1.53    2.47    3.19
17-07-2024 14:05:54.97  254.72   0.508  27.977   32.896   81.4   9.36  14.000   -0.01036    2.17    2.24    3.24
17-07-2024 14:05:55.22  254.67   0.509  27.977   32.895   81.5   9.37  14.000    0.01406    1.89    2.47    3.16
17-07-2024 14:05:55.46  254.57   0.508  27.977   32.896   81.5   9.37  14.000    0.00814    2.11    2.74    2.99
17-07-2024 14:05:55.71  254.50   0.508  27.978   32.896   81.5   9.37  14.000   -0.00814    1.90    2.09    3.39
17-07-2024 14:05:55.95  254.38   0.509  27.978   32.896   81.5   9.37  14.000    0.00000    1.93    2.30    3.33
17-07-2024 14:05:56.20  254.33   0.509  27.977   32.895   81.5   9.37  14.000    0.00074    1.93    2.30    3.33
17-07-2024 14:05:56.44  254.24   0.509  27.976   32.894   81.5   9.37  14.000   -0.01998    2.12    2.30    2.94
17-07-2024 14:05:56.69  254.16   0.508  27.977   32.897   81.5   9.37  14.000   -0.00814    2.52    2.11    3.01
17-07-2024 14:05:56.93  254.05   0.508  27.976   32.896   81.5   9.37  14.000   -0.00740    2.14    2.66    3.10
17-07-2024 14:05:57.18  253.98   0.508  27.977   32.897   81.5   9.38  14.000   -0.01184    2.18    2.23    3.41
17-07-2024 14:05:57.43  253.90   0.508  27.976   32.895   81.6   9.38  14.000   -0.00592    1.69    2.29    3.17
17-07-2024 14:05:57.67  253.83   0.508  27.977   32.896   81.6   9.38  14.000   -0.01036    2.42    2.40    3.12
17-07-2024 14:05:57.92  253.74   0.508  27.977   32.896   81.6   9.38  14.000   -0.00962    2.42    2.40    3.12
17-07-2024 14:05:58.17  253.66   0.508  27.976   32.895   81.6   9.38  14.000   -0.00296    2.11    2.12    3.40
17-07-2024 14:05:58.42  253.58   0.508  27.977   32.896   81.6   9.38  14.000   -0.00444    2.19    2.20    3.27
17-07-2024 14:05:58.66  253.44   0.508  27.976   32.895   81.6   9.38  14.000    0.00444    1.78    2.28    3.05
17-07-2024 14:05:58.91  253.37   0.507  27.975   32.895   81.6   9.39  14.000   -0.02517    2.12    2.16    3.17
17-07-2024 14:05:59.15  253.28   0.507  27.976   32.896   81.6   9.39  14.000   -0.01110    1.88    2.75    3.15
17-07-2024 14:05:59.40  253.21   0.507  27.976   32.897   81.6   9.39  14.000   -0.00814    2.03    1.90    3.08
17-07-2024 14:05:59.64  253.09   0.507  27.976   32.896   81.6   9.39  14.000   -0.00444    2.03    1.90    3.08
17-07-2024 14:05:59.89  253.03   0.507  27.975   32.896   81.7   9.39  14.000   -0.00370    1.92    2.27    3.28
17-07-2024 14:06:00.13  252.94   0.507  27.975   32.895   81.7   9.39  14.000    0.02591    1.74    2.19    3.33
17-07-2024 14:06:00.38  252.86   0.507  27.976   32.896   81.7   9.39  14.000   -0.00888    2.23    2.22    2.85
17-07-2024 14:06:00.62  252.76   0.507  27.975   32.895   81.7   9.39  14.000   -0.02294    2.35    2.40    3.06
17-07-2024 14:06:00.87  252.71   0.507  27.975   32.895   81.7   9.39  14.000   -0.01924    2.12    2.62    3.16
17-07-2024 14:06:01.11  252.57   0.507  27.974   32.895   81.7   9.39  14.000    0.00074    2.29    2.34    3.05
17-07-2024 14:06:01.36  252.52   0.506  27.973   32.893   81.7   9.39  14.000   -0.00074    2.29    2.34    3.05
17-07-2024 14:06:01.61  252.42   0.506  27.974   32.894   81.7   9.39  14.000    0.00740    2.18    2.38    2.98
17-07-2024 14:06:01.85  252.33   0.506  27.973   32.894   81.6   9.39  14.000    0.01036    2.17    2.32    3.17
17-07-2024 14:06:02.10  252.24   0.506  27.974   32.895   81.7   9.39  14.000    0.00740    2.04    2.55    3.47
17-07-2024 14:06:02.35  252.17   0.506  27.974   32.895   81.7   9.39  14.000    0.00370    2.06    2.08    3.09
17-07-2024 14:06:02.59  252.10   0.505  27.973   32.895   81.6   9.39  14.000    0.00148    1.98    2.48    3.14
17-07-2024 14:06:02.84  252.02   0.504  27.973   32.896   81.7   9.39  14.000   -0.00444    1.99    1.92    2.94
17-07-2024 14:06:03.09  251.93   0.505  27.973   32.896   81.6   9.39  14.000    0.00666    1.99    1.92    2.94
17-07-2024 14:06:03.33  251.79   0.505  27.972   32.895   81.6   9.39  14.000   -0.01554    2.03    2.11    3.42
17-07-2024 14:06:03.57  251.69   0.505  27.972   32.894   81.6   9.39  14.000    0.01850    2.04    2.01    3.30
17-07-2024 14:06:03.82  251.63   0.505  27.972   32.894   81.6   9.39  14.000    0.00666    2.18    1.76    3.34
17-07-2024 14:06:04.06  251.59   0.505  27.972   32.895   81.6   9.39  14.000   -0.00592    2.09    1.91    3.11
17-07-2024 14:06:04.31  251.47   0.505  27.972   32.894   81.7   9.39  14.000   -0.01110    2.01    2.23    3.04
17-07-2024 14:06:04.55  251.32   0.505  27.972   32.895   81.7   9.39  14.000   -0.00814    2.09    2.17    3.10
17-07-2024 14:06:04.80  251.27   0.504  27.971   32.894   81.6   9.39  14.000    0.00814    2.09    2.17    3.10
17-07-2024 14:06:05.04  251.24   0.505  27.971   32.893   81.7   9.39  14.000    0.00222    2.07    2.95    3.01
17-07-2024 14:06:05.30  251.10   0.504  27.971   32.894   81.7   9.39  14.000    0.00296    2.33    2.26    3.23
17-07-2024 14:06:05.54  251.02   0.504  27.970   32.893   81.7   9.39  14.000   -0.02220    2.06    2.25    3.16
17-07-2024 14:06:05.79  250.89   0.503  27.970   32.894   81.7   9.39  14.000    0.00148    2.09    2.20    3.16
17-07-2024 14:06:06.04  250.83   0.503  27.971   32.895   81.6   9.39  14.000    0.01554    1.94    2.40    3.24
17-07-2024 14:06:06.28  250.75   0.504  27.970   32.893   81.7   9.39  14.000   -0.00592    2.22    1.87    2.94
17-07-2024 14:06:06.53  250.68   0.503  27.970   32.893   81.7   9.39  14.000   -0.00518    2.22    1.87    2.94
17-07-2024 14:06:06.77  250.56   0.503  27.971   32.895   81.7   9.39  14.000   -0.00444    2.04    2.15    3.05
17-07-2024 14:06:07.02  250.46   0.502  27.971   32.896   81.7   9.39  14.000   -0.00518    2.41    2.33    3.29
17-07-2024 14:06:07.26  250.38   0.502  27.971   32.896   81.7   9.39  14.000   -0.00444    2.41    1.87    3.26
17-07-2024 14:06:07.51  250.31   0.502  27.970   32.895   81.7   9.39  14.000   -0.00962    2.02    2.44    3.36
17-07-2024 14:06:07.75  250.24   0.502  27.970   32.895   81.7   9.39  14.000    0.00592    2.17    2.44    3.30
17-07-2024 14:06:08.00  250.14   0.503  27.970   32.894   81.7   9.39  14.000   -0.00074    1.77    2.13    3.11
17-07-2024 14:06:08.24  250.03   0.503  27.970   32.894   81.7   9.39  14.000    0.00740    1.77    2.13    3.11
17-07-2024 14:06:08.49  249.93   0.502  27.969   32.894   81.7   9.39  14.000   -0.00814    1.95    2.29    3.14
17-07-2024 14:06:08.73  249.90   0.502  27.969   32.894   81.7   9.39  14.000   -0.00444    2.17    2.45    2.99
17-07-2024 14:06:08.98  249.76   0.503  27.970   32.894   81.6   9.39  14.000   -0.01406    2.14    2.82    3.12
17-07-2024 14:06:09.23  249.72   0.503  27.969   32.893   81.6   9.39  14.000   -0.00074    2.14    2.11    3.24
17-07-2024 14:06:09.48  249.63   0.502  27.968   32.894   81.6   9.39  14.000   -0.00444    2.11    2.10    3.08
17-07-2024 14:06:09.72  249.46   0.502  27.969   32.894   81.6   9.39  14.000   -0.02220    1.87    2.49    3.15
17-07-2024 14:06:09.97  249.46   0.502  27.968   32.894   81.6   9.39  14.000    0.00962    1.87    2.49    3.15
17-07-2024 14:06:10.21  249.35   0.502  27.968   32.894   81.6   9.39  14.000   -0.01258    2.11    2.32    3.03
17-07-2024 14:06:10.46  249.23   0.502  27.968   32.894   81.6   9.39  14.000   -0.00370    2.05    2.32    2.97
17-07-2024 14:06:10.70  249.16   0.502  27.968   32.893   81.6   9.39  14.000   -0.00666    2.00    2.41    3.06
17-07-2024 14:06:10.95  249.08   0.502  27.968   32.893   81.6   9.39  14.000   -0.00814    1.76    2.48    2.87
17-07-2024 14:06:11.19  249.01   0.502  27.968   32.894   81.6   9.38  14.000   -0.01110    2.06    2.17    3.22
17-07-2024 14:06:11.44  248.92   0.502  27.968   32.893   81.6   9.39  14.000   -0.01702    2.02    2.04    2.71
17-07-2024 14:06:11.68  248.85   0.502  27.968   32.894   81.6   9.38  14.000   -0.01258    2.02    2.04    2.71
17-07-2024 14:06:11.93  248.76   0.502  27.967   32.893   81.6   9.38  14.000   -0.00370    1.73    2.44    2.88
17-07-2024 14:06:12.17  248.65   0.502  27.967   32.892   81.6   9.38  14.000   -0.00370    1.79    2.77    3.17
17-07-2024 14:06:12.42  248.57   0.502  27.967   32.893   81.6   9.38  14.000   -0.02517    2.31    2.16    3.08
17-07-2024 14:06:12.67  248.44   0.502  27.967   32.893   81.5   9.38  14.000   -0.02294    2.25    2.12    3.28
17-07-2024 14:06:12.92  248.44   0.503  27.967   32.892   81.5   9.38  14.000    0.01258    2.10    1.88    3.13
17-07-2024 14:06:13.17  248.33   0.503  27.968   32.893   81.5   9.38  14.000   -0.00666    2.48    1.95    3.10
17-07-2024 14:06:13.41  248.17   0.502  27.967   32.892   81.5   9.37  14.000    0.00296    2.48    1.95    3.10
17-07-2024 14:06:13.66  248.09   0.502  27.967   32.893   81.5   9.37  14.000   -0.03627    1.98    2.37    3.10
17-07-2024 14:06:13.90  248.03   0.502  27.967   32.893   81.5   9.37  14.000    0.00296    2.05    2.50    3.19
17-07-2024 14:06:14.15  247.94   0.502  27.966   32.892   81.5   9.37  14.000   -0.00962    2.21    2.40    3.16
17-07-2024 14:06:14.39  247.88   0.502  27.968   32.894   81.5   9.37  14.000    0.01998    1.91    2.47    3.15
17-07-2024 14:06:14.64  247.79   0.501  27.967   32.894   81.4   9.37  14.000   -0.00370    1.89    1.80    3.38
17-07-2024 14:06:14.88  247.75   0.500  27.967   32.895   81.4   9.37  14.000    0.00000    2.15    2.23    2.94
17-07-2024 14:06:15.13  247.63   0.501  27.967   32.894   81.4   9.37  14.000    0.00666    2.15    2.23    2.94
17-07-2024 14:06:15.37  247.57   0.500  27.966   32.893   81.4   9.36  14.000   -0.00888    1.79    1.93    3.36
17-07-2024 14:06:15.62  247.45   0.501  27.965   32.893   81.4   9.36  14.000   -0.01406    1.67    2.10    3.25
17-07-2024 14:06:15.86  247.32   0.501  27.966   32.893   81.4   9.36  14.000   -0.00370    2.08    2.06    3.18
17-07-2024 14:06:16.11  247.25   0.500  27.965   32.892   81.4   9.36  14.000    0.00000    2.07    2.17    3.09
17-07-2024 14:06:16.36  247.16   0.500  27.965   32.892   81.4   9.36  14.000   -0.00074    2.08    2.18    3.29
17-07-2024 14:06:16.60  247.08   0.500  27.964   32.892   81.4   9.36  14.000   -0.01258    2.13    2.26    3.35
17-07-2024 14:06:16.85  247.05   0.499  27.964   32.893   81.4   9.36  14.000   -0.00740    2.13    2.26    3.35
17-07-2024 14:06:17.10  246.95   0.500  27.964   32.892   81.4   9.36  14.000   -0.01332    2.09    2.27    3.18
17-07-2024 14:06:17.34  246.79   0.499  27.964   32.893   81.4   9.36  14.000   -0.01554    2.29    2.29    3.06
17-07-2024 14:06:17.59  246.74   0.499  27.963   32.892   81.4   9.36  14.000   -0.00666    2.03    1.90    3.37
17-07-2024 14:06:17.83  246.71   0.499  27.964   32.892   81.4   9.36  14.000    0.00888    2.04    2.47    3.25
17-07-2024 14:06:18.08  246.59   0.498  27.964   32.894   81.4   9.36  14.000    0.00148    2.09    1.99    2.96
17-07-2024 14:06:18.32  246.50   0.498  27.964   32.894   81.4   9.36  14.000   -0.00740    2.05    2.20    3.03
17-07-2024 14:06:18.57  246.42   0.498  27.964   32.894   81.4   9.36  14.000   -0.00666    2.05    2.20    3.03
17-07-2024 14:06:18.81  246.32   0.498  27.963   32.893   81.4   9.36  14.000   -0.01998    2.39    2.27    3.08
17-07-2024 14:06:19.06  246.23   0.498  27.963   32.892   81.4   9.36  14.000   -0.00444    2.16    2.28    3.27
17-07-2024 14:06:19.30  246.11   0.498  27.962   32.892   81.4   9.36  14.000   -0.01332    2.18    2.75    3.46
17-07-2024 14:06:19.55  246.04   0.498  27.963   32.892   81.4   9.36  14.000   -0.00666    2.12    2.11    3.17
17-07-2024 14:06:19.79  245.96   0.499  27.961   32.890   81.4   9.36  14.000   -0.01036    2.12    2.34    3.32
17-07-2024 14:06:20.05  245.91   0.499  27.960   32.888   81.4   9.36  14.000    0.00962    2.28    2.30    3.26
17-07-2024 14:06:20.29  245.83   0.498  27.960   32.890   81.4   9.36  14.000   -0.00222    2.28    2.30    3.26
17-07-2024 14:06:20.54  245.68   0.498  27.960   32.889   81.4   9.36  14.000   -0.01480    2.04    1.88    3.24
17-07-2024 14:06:20.79  245.59   0.498  27.960   32.890   81.4   9.36  14.000   -0.00592    2.44    2.44    3.10
17-07-2024 14:06:21.03  245.48   0.497  27.960   32.890   81.4   9.36  14.000   -0.01406    1.77    2.36    3.17
17-07-2024 14:06:21.28  245.40   0.497  27.961   32.892   81.4   9.36  14.000   -0.00222    2.25    1.89    3.16
17-07-2024 14:06:21.52  245.31   0.497  27.960   32.891   81.4   9.36  14.000    0.00148    2.12    2.47    2.74
17-07-2024 14:06:21.77  245.22   0.496  27.961   32.893   81.4   9.36  14.000   -0.01850    1.71    2.47    3.00
17-07-2024 14:06:22.01  245.18   0.496  27.960   32.892   81.4   9.36  14.000   -0.00888    1.71    2.47    3.00
17-07-2024 14:06:22.26  245.12   0.496  27.960   32.892   81.4   9.36  14.000   -0.01924    2.15    1.97    3.46
17-07-2024 14:06:22.50  245.04   0.495  27.959   32.892   81.4   9.36  14.000   -0.00888    2.15    2.96    3.32
17-07-2024 14:06:22.75  244.91   0.494  27.959   32.892   81.4   9.36  14.000   -0.01480    2.30    2.05    3.38
17-07-2024 14:06:22.99  244.81   0.495  27.958   32.891   81.4   9.36  14.000   -0.00814    2.28    2.09    3.30
17-07-2024 14:06:23.24  244.77   0.495  27.958   32.890   81.4   9.36  14.000   -0.00814    2.30    2.33    3.08
17-07-2024 14:06:23.48  244.65   0.495  27.957   32.890   81.4   9.36  14.000    0.00148    2.07    2.58    2.97
17-07-2024 14:06:23.73  244.60   0.495  27.957   32.889   81.4   9.36  14.000   -0.01480    2.07    2.58    2.97
17-07-2024 14:06:23.98  244.48   0.495  27.956   32.888   81.4   9.36  14.000   -0.01332    2.12    2.29    2.78
17-07-2024 14:06:24.23  244.43   0.494  27.956   32.889   81.4   9.36  14.000   -0.00074    1.87    2.45    3.46
17-07-2024 14:06:24.47  244.31   0.495  27.956   32.888   81.4   9.36  14.000   -0.02294    2.32    2.48    3.48
17-07-2024 14:06:24.72  244.19   0.494  27.956   32.889   81.4   9.36  14.000   -0.00444    1.75    2.00    3.12
17-07-2024 14:06:24.96  244.17   0.495  27.957   32.890   81.4   9.36  14.000   -0.01554    2.03    2.40    3.38
17-07-2024 14:06:25.21  244.06   0.494  27.956   32.889   81.4   9.36  14.000   -0.01332    1.85    2.53    3.16
17-07-2024 14:06:25.45  243.94   0.494  27.956   32.890   81.4   9.36  14.000    0.00518    1.85    2.53    3.16
17-07-2024 14:06:25.70  243.86   0.494  27.956   32.890   81.4   9.36  14.000   -0.02443    2.01    2.56    2.78
17-07-2024 14:06:25.94  243.76   0.493  27.956   32.890   81.4   9.36  14.000    0.00666    2.20    2.55    3.08
17-07-2024 14:06:26.19  243.66   0.493  27.957   32.891   81.4   9.36  14.000   -0.01406    2.16    2.04    2.82
17-07-2024 14:06:26.43  243.56   0.493  27.956   32.890   81.4   9.36  14.000   -0.01036    2.31    2.11    3.16
17-07-2024 14:06:26.68  243.53   0.493  27.956   32.890   81.4   9.36  14.000   -0.02517    1.93    2.27    3.16
17-07-2024 14:06:26.92  243.46   0.494  27.955   32.888   81.4   9.36  14.000   -0.00148    1.74    2.05    3.25
17-07-2024 14:06:27.17  243.30   0.494  27.956   32.890   81.4   9.36  14.000    0.00296    1.74    2.05    3.25
17-07-2024 14:06:27.42  243.15   0.493  27.954   32.888   81.4   9.36  14.000    0.00296    1.89    2.36    2.96
17-07-2024 14:06:27.67  243.14   0.493  27.954   32.889   81.3   9.36  14.000   -0.01406    2.01    1.97    3.22
17-07-2024 14:06:27.92  243.01   0.493  27.956   32.891   81.3   9.36  14.000   -0.00444    1.88    2.52    3.18
17-07-2024 14:06:28.16  242.89   0.493  27.955   32.890   81.3   9.36  14.000    0.00296    2.00    1.96    3.28
17-07-2024 14:06:28.41  242.83   0.492  27.954   32.889   81.3   9.35  14.000    0.00148    2.09    2.51    3.36
17-07-2024 14:06:28.65  242.73   0.492  27.955   32.891   81.3   9.35  14.000   -0.00074    1.99    2.42    3.06
17-07-2024 14:06:28.90  242.62   0.492  27.955   32.890   81.3   9.35  14.000    0.01036    1.99    2.42    3.06
17-07-2024 14:06:29.14  242.57   0.492  27.954   32.890   81.3   9.35  14.000   -0.00518    1.98    2.06    3.25
17-07-2024 14:06:29.39  242.47   0.492  27.953   32.888   81.2   9.35  14.000    0.01332    2.12    1.85    3.29
17-07-2024 14:06:29.63  242.40   0.492  27.953   32.888   81.2   9.34  14.000   -0.00962    2.02    2.23    2.99
17-07-2024 14:06:29.88  242.30   0.492  27.953   32.889   81.2   9.34  14.000   -0.00740    2.15    2.46    3.36
17-07-2024 14:06:30.12  242.22   0.492  27.953   32.889   81.2   9.34  14.000    0.00148    2.25    2.07    3.00
17-07-2024 14:06:30.37  242.12   0.492  27.953   32.889   81.2   9.34  14.000   -0.02294    2.21    2.85    3.14
17-07-2024 14:06:30.61  242.01   0.492  27.952   32.888   81.2   9.34  14.000   -0.01332    2.21    2.85    3.14
17-07-2024 14:06:30.86  241.99   0.492  27.952   32.888   81.2   9.34  14.000    0.00740    2.21    2.19    3.30
17-07-2024 14:06:31.11  241.82   0.491  27.954   32.890   81.2   9.34  14.000   -0.00962    1.94    2.34    3.22
17-07-2024 14:06:31.35  241.81   0.491  27.952   32.888   81.2   9.34  14.000   -0.00222    2.07    2.58    3.20
17-07-2024 14:06:31.60  241.72   0.491  27.952   32.889   81.2   9.34  14.000   -0.00148    2.26    2.20    3.32
17-07-2024 14:06:31.85  241.56   0.491  27.952   32.889   81.2   9.34  14.000   -0.00666    2.15    2.43    3.24
17-07-2024 14:06:32.09  241.49   0.490  27.951   32.888   81.2   9.35  14.000   -0.01110    1.87    2.37    2.93
17-07-2024 14:06:32.34  241.46   0.491  27.950   32.887   81.2   9.35  14.000   -0.01406    1.87    2.37    2.93
17-07-2024 14:06:32.58  241.30   0.490  27.951   32.889   81.2   9.35  14.000   -0.03775    1.75    2.73    2.91
17-07-2024 14:06:32.83  241.18   0.491  27.950   32.887   81.3   9.35  14.000   -0.02517    2.10    2.08    3.21
17-07-2024 14:06:33.07  241.10   0.491  27.950   32.887   81.3   9.35  14.000   -0.00814    2.19    2.35    3.18
17-07-2024 14:06:33.32  241.04   0.489  27.950   32.889   81.3   9.35  14.000    0.01480    2.49    2.19    3.28
17-07-2024 14:06:33.56  240.98   0.490  27.950   32.887   81.3   9.36  14.000   -0.00666    1.80    2.36    3.38
17-07-2024 14:06:33.81  240.86   0.490  27.950   32.889   81.3   9.36  14.000   -0.01184    1.80    2.36    3.38
17-07-2024 14:06:34.05  240.75   0.489  27.949   32.887   81.3   9.36  14.000   -0.01554    1.92    2.18    3.43
17-07-2024 14:06:34.30  240.66   0.489  27.949   32.888   81.3   9.36  14.000   -0.02368    2.06    2.34    3.40
17-07-2024 14:06:34.54  240.55   0.489  27.949   32.887   81.4   9.36  14.000   -0.00444    2.05    2.28    3.29
17-07-2024 14:06:34.80  240.45   0.489  27.948   32.886   81.4   9.36  14.000   -0.01184    2.26    2.49    3.26
17-07-2024 14:06:35.04  240.43   0.489  27.949   32.887   81.4   9.37  14.000    0.00074    1.59    2.09    3.06
17-07-2024 14:06:35.29  240.28   0.490  27.949   32.887   81.4   9.37  14.000   -0.02591    2.19    1.96    3.09
17-07-2024 14:06:35.54  240.25   0.489  27.949   32.888   81.4   9.37  14.000    0.01850    2.04    2.08    3.06
17-07-2024 14:06:35.78  240.18   0.489  27.949   32.887   81.4   9.37  14.000   -0.01924    2.04    2.08    3.06
17-07-2024 14:06:36.04  240.01   0.490  27.949   32.887   81.4   9.37  14.000   -0.00814    1.97    1.81    3.29
17-07-2024 14:06:36.27  240.01   0.490  27.948   32.886   81.5   9.37  14.000   -0.00888    1.94    2.51    3.15
17-07-2024 14:06:36.52  239.84   0.490  27.949   32.886   81.5   9.38  14.000   -0.02072    1.98    1.89    3.15
17-07-2024 14:06:36.76  239.80   0.489  27.948   32.887   81.5   9.38  14.000   -0.00962    2.06    2.73    3.08
17-07-2024 14:06:37.01  239.65   0.488  27.947   32.886   81.5   9.38  14.000   -0.00296    1.92    2.52    3.09
17-07-2024 14:06:37.25  239.65   0.488  27.947   32.886   81.6   9.38  14.000   -0.00444    1.92    2.52    3.09
17-07-2024 14:06:37.50  239.48   0.488  27.946   32.885   81.6   9.38  14.000   -0.02294    2.32    2.21    3.01
17-07-2024 14:06:37.74  239.39   0.488  27.946   32.886   81.6   9.39  14.000   -0.02220    2.20    2.39    3.20
17-07-2024 14:06:37.99  239.34   0.488  27.946   32.886   81.6   9.39  14.000   -0.01258    2.19    1.99    3.00
17-07-2024 14:06:38.23  239.31   0.487  27.946   32.886   81.6   9.39  14.000   -0.01628    2.23    2.57    3.33
17-07-2024 14:06:38.49  239.19   0.487  27.946   32.886   81.6   9.39  14.000   -0.01036    1.89    2.10    3.20
17-07-2024 14:06:38.73  239.11   0.488  27.945   32.885   81.6   9.39  14.000   -0.02220    1.92    2.16    3.47
17-07-2024 14:06:38.98  238.92   0.487  27.945   32.886   81.7   9.40  14.000   -0.02294    1.96    2.69    2.91
17-07-2024 14:06:39.22  238.82   0.487  27.946   32.887   81.7   9.40  14.000   -0.02887    1.96    2.69    2.91
17-07-2024 14:06:39.47  238.81   0.487  27.946   32.887   81.7   9.40  14.000    0.00296    1.89    2.19    3.08
17-07-2024 14:06:39.71  238.78   0.487  27.945   32.887   81.7   9.40  14.000   -0.01036    1.90    2.14    3.18
17-07-2024 14:06:39.96  238.63   0.487  27.945   32.886   81.7   9.40  14.000    0.00666    2.06    2.55    3.28
17-07-2024 14:06:40.20  238.51   0.486  27.944   32.886   81.7   9.40  14.000   -0.00666    2.06    2.45    3.17
17-07-2024 14:06:40.45  238.49   0.486  27.945   32.886   81.7   9.40  14.000   -0.01480    2.08    2.30    3.32
17-07-2024 14:06:40.69  238.37   0.487  27.945   32.887   81.7   9.40  14.000   -0.00962    2.08    2.30    3.32
17-07-2024 14:06:40.94  238.23   0.487  27.944   32.884   81.8   9.41  14.000   -0.01332    2.20    1.92    3.02
17-07-2024 14:06:41.18  238.17   0.487  27.945   32.886   81.8   9.41  14.000    0.01036    2.07    2.41    3.22
17-07-2024 14:06:41.43  238.13   0.486  27.945   32.886   81.8   9.41  14.000   -0.00518    1.91    2.34    3.08
17-07-2024 14:06:41.67  238.01   0.486  27.945   32.886   81.8   9.41  14.000    0.00148    2.16    2.33    2.90
17-07-2024 14:06:41.92  237.86   0.486  27.944   32.885   81.8   9.41  14.000   -0.01702    2.16    2.27    3.02
17-07-2024 14:06:42.17  237.86   0.486  27.945   32.886   81.8   9.41  14.000   -0.00740    2.18    2.34    3.32
17-07-2024 14:06:42.42  237.80   0.486  27.944   32.885   81.8   9.41  14.000   -0.00222    2.18    2.34    3.32
17-07-2024 14:06:42.67  237.58   0.486  27.945   32.887   81.8   9.41  14.000   -0.01924    2.11    2.34    3.31
17-07-2024 14:06:42.91  237.56   0.486  27.945   32.887   81.8   9.41  14.000   -0.00814    2.06    2.48    2.95
17-07-2024 14:06:43.16  237.50   0.486  27.943   32.885   81.8   9.41  14.000   -0.00962    2.11    2.52    3.60
17-07-2024 14:06:43.40  237.41   0.486  27.943   32.885   81.8   9.41  14.000   -0.01258    1.93    1.96    3.28
17-07-2024 14:06:43.65  237.28   0.486  27.943   32.885   81.8   9.41  14.000   -0.01406    2.16    2.10    3.01
17-07-2024 14:06:43.89  237.15   0.485  27.941   32.883   81.8   9.41  14.000   -0.00370    2.01    2.22    3.24
17-07-2024 14:06:44.14  237.03   0.485  27.942   32.885   81.8   9.41  14.000   -0.01406    2.01    2.22    3.24
17-07-2024 14:06:44.38  237.04   0.485  27.942   32.885   81.7   9.41  14.000   -0.01998    2.23    2.19    2.93
17-07-2024 14:06:44.63  236.95   0.485  27.941   32.884   81.7   9.41  14.000   -0.01480    1.97    2.46    3.49
17-07-2024 14:06:44.87  236.77   0.485  27.941   32.884   81.7   9.40  14.000    0.00074    2.33    2.11    3.41
17-07-2024 14:06:45.12  236.69   0.485  27.941   32.885   81.7   9.40  14.000   -0.01480    1.99    2.35    3.14
17-07-2024 14:06:45.36  236.63   0.484  27.942   32.885   81.7   9.40  14.000   -0.01850    2.02    2.21    3.25
17-07-2024 14:06:45.61  236.60   0.484  27.942   32.886   81.7   9.40  14.000   -0.01850    1.90    2.25    2.93
17-07-2024 14:06:45.86  236.42   0.484  27.941   32.885   81.6   9.40  14.000   -0.00888    1.90    2.25    2.93
17-07-2024 14:06:46.11  236.39   0.484  27.942   32.887   81.6   9.39  14.000   -0.01628    2.12    2.35    3.15
17-07-2024 14:06:46.36  236.27   0.484  27.941   32.885   81.6   9.39  14.000   -0.00888    2.28    2.35    2.97
17-07-2024 14:06:46.60  236.20   0.484  27.941   32.885   81.6   9.39  14.000   -0.00962    2.12    2.52    3.08
17-07-2024 14:06:46.85  236.08   0.484  27.941   32.885   81.5   9.38  14.000   -0.00962    1.93    2.23    3.35
17-07-2024 14:06:47.10  236.05   0.485  27.941   32.884   81.5   9.38  14.000    0.00370    1.80    1.90    3.10
17-07-2024 14:06:47.34  235.93   0.484  27.941   32.885   81.5   9.38  14.000    0.00148    2.14    2.17    2.79
17-07-2024 14:06:47.58  235.75   0.484  27.940   32.884   81.5   9.38  14.000   -0.01406    2.14    2.17    2.79
17-07-2024 14:06:47.83  235.68   0.484  27.941   32.885   81.5   9.38  14.000    0.00222    1.96    2.53    3.14
17-07-2024 14:06:48.07  235.58   0.484  27.941   32.885   81.5   9.38  14.000   -0.00222    1.78    2.11    3.23
17-07-2024 14:06:48.32  235.53   0.484  27.940   32.885   81.5   9.38  14.000   -0.00814    2.15    2.13    3.14
17-07-2024 14:06:48.56  235.47   0.484  27.940   32.885   81.5   9.38  14.000    0.00444    1.79    1.97    3.09
17-07-2024 14:06:48.81  235.39   0.484  27.941   32.885   81.5   9.38  14.000   -0.00592    1.87    2.06    3.00
17-07-2024 14:06:49.05  235.34   0.484  27.940   32.884   81.5   9.38  14.000   -0.01850    1.92    2.39    3.46
17-07-2024 14:06:49.30  235.17   0.484  27.940   32.885   81.5   9.38  14.000   -0.01332    1.92    2.39    3.46
17-07-2024 14:06:49.55  235.09   0.483  27.940   32.885   81.5   9.37  14.000   -0.01036    1.94    2.39    3.56
17-07-2024 14:06:49.79  234.95   0.484  27.939   32.884   81.4   9.37  14.000    0.00740    1.96    2.18    3.36
17-07-2024 14:06:50.04  234.93   0.484  27.940   32.884   81.4   9.37  14.000   -0.00148    1.93    2.59    2.95
17-07-2024 14:06:50.29  234.78   0.484  27.939   32.884   81.4   9.37  14.000    0.00444    2.13    2.13    3.47
17-07-2024 14:06:50.53  234.66   0.484  27.940   32.884   81.4   9.36  14.000   -0.00444    2.17    2.27    3.02
17-07-2024 14:06:50.78  234.63   0.484  27.939   32.883   81.4   9.36  14.000   -0.01110    2.06    2.12    3.13
17-07-2024 14:06:51.02  234.52   0.484  27.939   32.883   81.3   9.36  14.000   -0.01628    2.06    2.12    3.13
17-07-2024 14:06:51.27  234.43   0.484  27.939   32.883   81.3   9.36  14.000   -0.00888    2.02    1.90    3.01
17-07-2024 14:06:51.51  234.39   0.484  27.939   32.884   81.3   9.35  14.000   -0.01776    1.93    2.32    2.92
17-07-2024 14:06:51.76  234.27   0.484  27.939   32.884   81.3   9.35  14.000    0.00000    2.19    2.23    3.34
17-07-2024 14:06:52.00  234.10   0.484  27.939   32.884   81.3   9.35  14.000    0.00148    2.53    2.05    3.03
17-07-2024 14:06:52.25  234.05   0.484  27.939   32.884   81.2   9.35  14.000   -0.00296    2.11    2.35    3.27
17-07-2024 14:06:52.49  233.99   0.483  27.939   32.884   81.2   9.35  14.000   -0.01110    2.20    2.35    3.49
17-07-2024 14:06:52.76  233.82   0.483  27.939   32.884   81.2   9.35  14.000   -0.01332    2.04    2.20    3.14
17-07-2024 14:06:52.98  233.79   0.483  27.939   32.885   81.2   9.35  14.000   -0.02517    2.04    2.20    3.14
17-07-2024 14:06:53.24  233.65   0.483  27.938   32.884   81.2   9.34  14.000   -0.01036    2.18    2.01    3.08
17-07-2024 14:06:53.48  233.59   0.483  27.939   32.884   81.2   9.35  14.000    0.00518    1.84    2.02    3.08
17-07-2024 14:06:53.73  233.47   0.484  27.938   32.883   81.2   9.35  14.000    0.00370    2.07    2.56    3.13
17-07-2024 14:06:53.98  233.35   0.483  27.939   32.885   81.2   9.35  14.000    0.01110    2.04    2.23    3.34
17-07-2024 14:06:54.22  233.34   0.483  27.938   32.884   81.2   9.35  14.000   -0.00592    2.12    2.18    3.04
17-07-2024 14:06:54.47  233.18   0.483  27.939   32.885   81.2   9.35  14.000   -0.00444    2.12    2.18    3.04
17-07-2024 14:06:54.71  233.18   0.483  27.938   32.883   81.3   9.35  14.000   -0.01332    2.01    2.16    2.97
17-07-2024 14:06:54.96  233.07   0.483  27.937   32.883   81.2   9.35  14.000    0.00000    1.89    2.67    3.23
17-07-2024 14:06:55.20  232.92   0.483  27.938   32.884   81.2   9.35  14.000   -0.01480    2.16    2.00    3.57
17-07-2024 14:06:55.45  232.82   0.482  27.938   32.885   81.3   9.35  14.000    0.00444    1.93    2.26    2.97
17-07-2024 14:06:55.69  232.70   0.483  27.938   32.884   81.3   9.35  14.000   -0.01924    1.89    2.88    3.49
17-07-2024 14:06:55.94  232.57   0.483  27.938   32.884   81.3   9.35  14.000   -0.00888    2.25    2.68    3.12
17-07-2024 14:06:56.18  232.51   0.483  27.937   32.884   81.3   9.35  14.000   -0.02813    2.25    2.68    3.12
17-07-2024 14:06:56.43  232.39   0.483  27.937   32.884   81.3   9.35  14.000   -0.00518    1.87    2.14    3.10
17-07-2024 14:06:56.67  232.31   0.483  27.938   32.884   81.3   9.35  14.000   -0.00888    1.95    2.57    3.39
17-07-2024 14:06:56.92  232.27   0.483  27.937   32.884   81.3   9.35  14.000   -0.01924    2.18    2.32    3.41
17-07-2024 14:06:57.17  232.11   0.483  27.937   32.883   81.3   9.35  14.000    0.01480    2.03    2.31    3.13
17-07-2024 14:06:57.42  232.02   0.483  27.938   32.885   81.3   9.35  14.000   -0.01998    2.26    1.76    3.35
17-07-2024 14:06:57.66  232.04   0.482  27.937   32.883   81.3   9.36  14.000   -0.01110    2.18    2.00    2.85
17-07-2024 14:06:57.91  231.92   0.482  27.937   32.884   81.3   9.36  14.000   -0.02294    2.18    2.00    2.85
17-07-2024 14:06:58.16  231.75   0.482  27.937   32.884   81.3   9.35  14.000   -0.01850    2.05    1.94    3.11
17-07-2024 14:06:58.40  231.80   0.482  27.937   32.884   81.3   9.36  14.000   -0.00518    1.98    2.95    3.27
17-07-2024 14:06:58.64  231.60   0.482  27.937   32.884   81.3   9.36  14.000   -0.01110    1.37    2.62    3.04
17-07-2024 14:06:58.89  231.61   0.483  27.936   32.883   81.3   9.36  14.000   -0.00518    2.10    2.57    3.06
17-07-2024 14:06:59.13  231.38   0.482  27.936   32.884   81.3   9.35  14.000   -0.01110    2.06    2.45    3.06
17-07-2024 14:06:59.38  231.42   0.482  27.936   32.883   81.3   9.36  14.000   -0.01332    1.99    2.29    3.09
17-07-2024 14:06:59.62  231.24   0.482  27.936   32.884   81.3   9.36  14.000   -0.01480    1.99    2.29    3.09
17-07-2024 14:06:59.87  231.10   0.482  27.936   32.884   81.3   9.36  14.000   -0.03035    2.27    2.25    2.88
17-07-2024 14:07:00.11  231.02   0.481  27.936   32.885   81.3   9.36  14.000   -0.00518    2.09    2.58    3.27
17-07-2024 14:07:00.36  231.02   0.480  27.935   32.885   81.3   9.36  14.000    0.00222    2.03    2.26    3.27
17-07-2024 14:07:00.61  230.88   0.479  27.935   32.885   81.3   9.36  14.000    0.01110    2.11    2.33    3.25
17-07-2024 14:07:00.86  230.84   0.480  27.935   32.885   81.3   9.36  14.000   -0.03331    2.23    2.63    3.35
17-07-2024 14:07:01.11  230.78   0.479  27.933   32.884   81.3   9.36  14.000    0.00296    2.05    2.16    3.46
17-07-2024 14:07:01.35  230.71   0.479  27.933   32.882   81.3   9.36  14.000   -0.02220    2.05    2.16    3.46
17-07-2024 14:07:01.60  230.65   0.479  27.932   32.882   81.3   9.36  14.000   -0.00888    2.19    2.19    2.91
17-07-2024 14:07:01.84  230.56   0.479  27.932   32.882   81.4   9.36  14.000    0.00000    2.30    2.43    3.08
17-07-2024 14:07:02.09  230.44   0.479  27.933   32.883   81.4   9.37  14.000   -0.01702    2.35    2.45    3.10
17-07-2024 14:07:02.33  230.27   0.479  27.932   32.882   81.4   9.37  14.000   -0.01406    2.23    2.84    2.95
17-07-2024 14:07:02.58  230.19   0.479  27.931   32.882   81.4   9.37  14.000   -0.00222    1.80    2.46    3.60
17-07-2024 14:07:02.82  230.22   0.479  27.932   32.883   81.4   9.37  14.000   -0.01258    1.99    2.16    3.04
17-07-2024 14:07:03.07  230.08   0.479  27.932   32.882   81.4   9.37  14.000   -0.01480    1.99    2.16    3.04
17-07-2024 14:07:03.31  229.87   0.479  27.931   32.882   81.5   9.38  14.000   -0.00518    2.08    2.48    3.22
17-07-2024 14:07:03.56  229.94   0.479  27.932   32.882   81.5   9.38  14.000   -0.02220    2.15    2.29    3.23
17-07-2024 14:07:03.81  229.78   0.478  27.931   32.882   81.5   9.38  14.000   -0.01850    2.42    2.34    3.32
17-07-2024 14:07:04.05  229.71   0.478  27.931   32.882   81.5   9.38  14.000   -0.01110    1.87    2.46    3.27
17-07-2024 14:07:04.30  229.58   0.478  27.930   32.881   81.5   9.39  14.000   -0.01184    2.44    1.98    3.22
17-07-2024 14:07:04.55  229.55   0.478  27.931   32.881   81.5   9.38  14.000   -0.00518    1.92    2.35    3.48
17-07-2024 14:07:04.79  229.45   0.478  27.930   32.882   81.6   9.39  14.000   -0.00296    1.92    2.35    3.48
17-07-2024 14:07:05.04  229.31   0.478  27.930   32.881   81.6   9.39  14.000   -0.01702    2.04    2.01    3.02
17-07-2024 14:07:05.28  229.18   0.477  27.930   32.881   81.6   9.39  14.000   -0.00888    2.02    2.42    2.92
17-07-2024 14:07:05.53  229.19   0.477  27.930   32.881   81.6   9.39  14.000   -0.01406    1.79    2.42    2.68
17-07-2024 14:07:05.78  229.15   0.477  27.930   32.882   81.6   9.39  14.000   -0.01628    2.23    1.90    3.17
17-07-2024 14:07:06.02  229.01   0.477  27.930   32.882   81.6   9.39  14.000   -0.01628    1.85    1.75    3.23
17-07-2024 14:07:06.27  228.95   0.477  27.930   32.882   81.6   9.39  14.000   -0.02813    2.00    2.06    3.34
17-07-2024 14:07:06.51  228.84   0.477  27.929   32.882   81.6   9.39  14.000   -0.01554    2.00    2.06    3.34
17-07-2024 14:07:06.76  228.74   0.477  27.930   32.882   81.6   9.39  14.000   -0.00148    2.10    2.50    3.28
17-07-2024 14:07:07.00  228.60   0.477  27.929   32.881   81.6   9.39  14.000   -0.01110    2.03    2.56    2.95
17-07-2024 14:07:07.24  228.53   0.477  27.929   32.881   81.6   9.39  14.000   -0.02591    2.24    2.79    3.14
17-07-2024 14:07:07.49  228.46   0.476  27.929   32.882   81.5   9.39  14.000   -0.00962    2.44    2.71    3.02
17-07-2024 14:07:07.73  228.37   0.476  27.929   32.882   81.5   9.39  14.000   -0.00518    2.01    2.37    3.47
17-07-2024 14:07:07.99  228.33   0.476  27.928   32.881   81.5   9.38  14.000   -0.01628    2.41    2.10    3.28
17-07-2024 14:07:08.23  228.18   0.475  27.928   32.882   81.5   9.38  14.000   -0.03035    2.41    2.10    3.28
17-07-2024 14:07:08.48  228.09   0.475  27.928   32.881   81.5   9.38  14.000   -0.01110    2.06    2.00    3.25
17-07-2024 14:07:08.73  228.04   0.475  27.929   32.883   81.5   9.38  14.000   -0.01628    2.04    2.75    3.11
17-07-2024 14:07:08.97  227.93   0.475  27.928   32.882   81.5   9.38  14.000   -0.02443    2.15    2.14    3.19
17-07-2024 14:07:09.22  227.74   0.476  27.928   32.881   81.5   9.38  14.000   -0.02294    2.05    2.53    3.18
17-07-2024 14:07:09.46  227.69   0.477  27.926   32.879   81.5   9.38  14.000   -0.02517    2.31    2.28    3.00
17-07-2024 14:07:09.71  227.65   0.476  27.926   32.878   81.5   9.38  14.000   -0.01406    1.88    2.76    3.12
17-07-2024 14:07:09.95  227.42   0.477  27.926   32.878   81.5   9.38  14.000   -0.02072    1.88    2.76    3.12
17-07-2024 14:07:10.20  227.38   0.476  27.926   32.879   81.5   9.38  14.000   -0.01998    1.61    2.52    3.40
17-07-2024 14:07:10.44  227.37   0.476  27.925   32.879   81.5   9.38  14.000   -0.01776    2.03    2.32    3.05
17-07-2024 14:07:10.69  227.18   0.476  27.926   32.880   81.5   9.38  14.000   -0.02517    1.84    2.37    3.18
17-07-2024 14:07:10.93  227.11   0.476  27.925   32.878   81.5   9.38  14.000   -0.01036    1.74    2.03    3.16
17-07-2024 14:07:11.18  226.93   0.475  27.925   32.878   81.5   9.38  14.000   -0.02665    2.27    1.98    3.34
17-07-2024 14:07:11.42  226.88   0.475  27.926   32.880   81.5   9.38  14.000   -0.01998    2.23    2.34    2.94
17-07-2024 14:07:11.67  226.76   0.475  27.925   32.879   81.5   9.38  14.000   -0.01554    2.23    2.34    2.94
17-07-2024 14:07:11.92  226.76   0.475  27.924   32.878   81.5   9.39  14.000   -0.02961    1.65    1.79    3.24
17-07-2024 14:07:12.17  226.53   0.476  27.924   32.877   81.5   9.39  14.000   -0.01702    2.33    2.44    3.03
17-07-2024 14:07:12.41  226.50   0.475  27.924   32.878   81.6   9.39  14.000   -0.02443    2.04    2.53    2.61
17-07-2024 14:07:12.66  226.43   0.475  27.923   32.878   81.6   9.39  14.000   -0.00370    2.37    2.59    3.08
17-07-2024 14:07:12.90  226.34   0.474  27.923   32.877   81.6   9.39  14.000   -0.01998    2.23    2.53    3.30
17-07-2024 14:07:13.15  226.18   0.474  27.922   32.877   81.6   9.39  14.000   -0.00296    2.04    2.30    2.93
17-07-2024 14:07:13.39  226.06   0.473  27.923   32.878   81.5   9.39  14.000   -0.01628    2.04    2.30    2.93
17-07-2024 14:07:13.64  225.97   0.473  27.922   32.877   81.5   9.39  14.000   -0.02072    1.94    2.06    3.34
17-07-2024 14:07:13.88  225.73   0.473  27.921   32.877   81.6   9.39  14.000   -0.00222    2.20    2.23    3.10
17-07-2024 14:07:14.13  225.69   0.473  27.921   32.877   81.6   9.39  14.000   -0.02368    2.12    2.19    3.44
17-07-2024 14:07:14.37  225.53   0.472  27.921   32.877   81.5   9.39  14.000   -0.01850    1.93    2.09    2.92
17-07-2024 14:07:14.62  225.51   0.472  27.920   32.877   81.5   9.39  14.000   -0.03035    2.22    2.06    3.35
17-07-2024 14:07:14.86  225.36   0.472  27.920   32.877   81.5   9.39  14.000   -0.03035    2.22    2.06    3.35
17-07-2024 14:07:15.11  225.19   0.471  27.920   32.877   81.5   9.39  14.000   -0.01998    2.02    2.64    3.06
17-07-2024 14:07:15.36  225.15   0.472  27.920   32.877   81.5   9.38  14.000   -0.02443    2.09    1.80    3.18
17-07-2024 14:07:15.61  224.91   0.472  27.919   32.876   81.5   9.38  14.000   -0.02146    1.91    2.44    3.26
17-07-2024 14:07:15.86  224.85   0.471  27.919   32.877   81.5   9.38  14.000   -0.02961    1.99    2.19    3.16
17-07-2024 14:07:16.10  224.70   0.471  27.919   32.877   81.5   9.38  14.000   -0.01036    2.09    2.16    2.91
17-07-2024 14:07:16.35  224.71   0.471  27.920   32.878   81.5   9.39  14.000   -0.01628    2.18    1.85    3.32
17-07-2024 14:07:16.59  224.53   0.470  27.918   32.877   81.5   9.38  14.000    0.00074    2.18    2.33    2.87
17-07-2024 14:07:16.83  224.35   0.469  27.918   32.877   81.5   9.39  14.000   -0.03035    2.18    2.33    2.87
17-07-2024 14:07:17.08  224.22   0.470  27.918   32.878   81.5   9.39  14.000   -0.01702    2.09    2.30    2.95
17-07-2024 14:07:17.33  224.16   0.469  27.918   32.878   81.6   9.39  14.000   -0.01776    1.97    1.91    2.81
17-07-2024 14:07:17.57  224.02   0.469  27.918   32.877   81.6   9.39  14.000   -0.02443    1.83    2.04    3.08
17-07-2024 14:07:17.82  223.89   0.469  27.917   32.877   81.6   9.39  14.000   -0.02665    2.02    2.31    3.19
17-07-2024 14:07:18.06  223.79   0.469  27.917   32.878   81.6   9.39  14.000   -0.00222    2.16    2.29    3.25
17-07-2024 14:07:18.30  223.70   0.468  27.916   32.877   81.6   9.40  14.000   -0.00888    2.16    2.29    3.25
17-07-2024 14:07:18.55  223.62   0.468  27.916   32.877   81.6   9.40  14.000   -0.01998    1.75    2.01    2.95
17-07-2024 14:07:18.80  223.48   0.468  27.916   32.877   81.6   9.40  14.000   -0.03183    2.18    2.42    3.23
17-07-2024 14:07:19.05  223.27   0.469  27.916   32.876   81.6   9.40  14.000   -0.01406    2.15    2.51    3.31
17-07-2024 14:07:19.29  223.27   0.469  27.916   32.876   81.7   9.40  14.000   -0.01628    2.32    2.06    3.28
17-07-2024 14:07:19.54  223.15   0.469  27.915   32.875   81.7   9.41  14.000   -0.01406    2.26    2.26    3.23
17-07-2024 14:07:19.79  222.88   0.469  27.915   32.875   81.7   9.40  14.000    0.00074    2.06    1.91    3.15
17-07-2024 14:07:20.04  222.77   0.468  27.915   32.875   81.7   9.41  14.000   -0.02813    1.83    2.78    3.03
17-07-2024 14:07:20.28  222.77   0.468  27.915   32.876   81.8   9.41  14.000    0.00222    1.83    2.78    3.03
17-07-2024 14:07:20.52  222.49   0.467  27.915   32.876   81.8   9.41  14.000   -0.03035    1.85    2.25    3.16
17-07-2024 14:07:20.77  222.46   0.468  27.915   32.877   81.8   9.42  14.000   -0.00962    2.11    2.13    3.43
17-07-2024 14:07:21.01  222.28   0.468  27.914   32.875   81.8   9.42  14.000   -0.02146    2.07    2.47    3.16
17-07-2024 14:07:21.26  222.18   0.467  27.914   32.876   81.8   9.42  14.000   -0.02517    1.95    2.64    2.99
17-07-2024 14:07:21.50  222.05   0.466  27.914   32.877   81.8   9.42  14.000   -0.02591    2.35    2.48    2.92
17-07-2024 14:07:21.75  221.89   0.467  27.914   32.877   81.9   9.42  14.000   -0.02146    2.35    2.48    2.92
17-07-2024 14:07:21.99  221.88   0.466  27.914   32.877   81.9   9.43  14.000   -0.00814    2.40    2.54    2.85
17-07-2024 14:07:22.24  221.61   0.466  27.913   32.875   81.9   9.43  14.000   -0.00592    2.02    2.96    3.24
17-07-2024 14:07:22.48  221.50   0.466  27.913   32.875   81.9   9.43  14.000   -0.00370    2.17    2.36    3.27
17-07-2024 14:07:22.74  221.47   0.466  27.912   32.875   81.9   9.43  14.000   -0.01480    2.35    2.72    3.00
17-07-2024 14:07:22.98  221.33   0.466  27.911   32.873   81.9   9.43  14.000   -0.01702    1.85    2.34    3.28
17-07-2024 14:07:23.23  221.19   0.465  27.912   32.875   81.9   9.43  14.000   -0.02220    2.00    2.47    3.50
17-07-2024 14:07:23.47  221.11   0.465  27.910   32.873   81.9   9.43  14.000   -0.01628    2.00    2.47    3.50
17-07-2024 14:07:23.72  220.98   0.465  27.910   32.873   81.9   9.43  14.000   -0.01406    2.13    2.41    3.30
17-07-2024 14:07:23.96  220.83   0.465  27.909   32.873   81.9   9.43  14.000   -0.02072    1.78    2.54    3.11
17-07-2024 14:07:24.21  220.71   0.464  27.910   32.874   81.9   9.43  14.000   -0.00814    2.07    2.52    3.39
17-07-2024 14:07:24.45  220.59   0.464  27.909   32.874   81.9   9.43  14.000   -0.01776    1.95    2.16    3.31
17-07-2024 14:07:24.70  220.44   0.463  27.909   32.874   81.9   9.43  14.000   -0.01406    1.96    2.48    3.12
17-07-2024 14:07:24.94  220.28   0.463  27.909   32.875   81.9   9.43  14.000   -0.02368    2.27    2.59    3.14
17-07-2024 14:07:25.19  220.12   0.463  27.909   32.876   81.9   9.43  14.000   -0.02739    2.27    2.59    3.14
17-07-2024 14:07:25.43  219.96   0.463  27.909   32.875   81.9   9.43  14.000   -0.02739    1.97    2.31    3.26
17-07-2024 14:07:25.68  219.80   0.462  27.908   32.874   81.9   9.43  14.000   -0.03331    2.02    2.18    3.03
17-07-2024 14:07:25.93  219.64   0.462  27.909   32.876   81.9   9.43  14.000   -0.01776    1.88    2.03    3.13
17-07-2024 14:07:26.17  219.48   0.462  27.908   32.875   81.9   9.43  14.000   -0.02220    2.25    1.91    3.41
17-07-2024 14:07:26.42  219.40   0.462  27.906   32.873   81.9   9.43  14.000   -0.01480    2.07    2.38    3.13
17-07-2024 14:07:26.67  219.35   0.461  27.905   32.873   81.9   9.43  14.000   -0.01924    2.15    1.61    3.12
17-07-2024 14:07:26.92  219.22   0.460  27.905   32.873   81.9   9.44  14.000   -0.00222    2.15    1.61    3.12
17-07-2024 14:07:27.16  218.91   0.459  27.903   32.871   81.9   9.44  14.000   -0.02368    2.07    2.73    2.93
17-07-2024 14:07:27.41  218.94   0.459  27.902   32.870   82.0   9.44  14.000    0.00296    2.08    2.16    2.94
17-07-2024 14:07:27.65  218.66   0.459  27.901   32.870   82.0   9.44  14.000   -0.00740    1.95    2.47    3.04
17-07-2024 14:07:27.90  218.59   0.459  27.901   32.870   81.9   9.44  14.000   -0.01036    2.23    2.13    3.11
17-07-2024 14:07:28.14  218.56   0.458  27.900   32.870   82.0   9.44  14.000   -0.02443    2.03    2.26    2.95
17-07-2024 14:07:28.39  218.27   0.459  27.901   32.871   82.0   9.44  14.000   -0.02220    2.07    2.11    3.20
17-07-2024 14:07:28.63  218.27   0.458  27.902   32.871   82.0   9.44  14.000   -0.00296    2.07    2.11    3.20
17-07-2024 14:07:28.88  217.99   0.459  27.901   32.870   82.0   9.44  14.000   -0.01850    1.92    2.13    3.16
17-07-2024 14:07:29.12  217.84   0.457  27.901   32.873   82.0   9.44  14.000   -0.02813    1.94    2.06    3.05
17-07-2024 14:07:29.37  217.87   0.454  27.899   32.873   82.0   9.44  14.000   -0.02220    2.18    2.82    3.23
17-07-2024 14:07:29.61  217.67   0.454  27.898   32.872   82.0   9.44  14.000   -0.02220    2.30    2.06    3.19
17-07-2024 14:07:29.86  217.45   0.455  27.897   32.870   82.0   9.44  14.000   -0.02072    2.03    1.82    2.93
17-07-2024 14:07:30.11  217.38   0.455  27.897   32.870   82.0   9.44  14.000   -0.01554    1.67    2.12    3.49
17-07-2024 14:07:30.36  217.13   0.455  27.896   32.868   82.0   9.44  14.000   -0.01776    1.67    2.12    3.49
17-07-2024 14:07:30.61  217.18   0.455  27.897   32.869   82.0   9.44  14.000   -0.01184    1.82    2.24    3.16
17-07-2024 14:07:30.85  217.04   0.455  27.896   32.868   82.0   9.44  14.000   -0.00888    2.02    2.30    3.26
17-07-2024 14:07:31.10  216.90   0.454  27.896   32.869   82.0   9.44  14.000    0.00148    1.92    2.27    2.99
17-07-2024 14:07:31.34  216.75   0.454  27.895   32.868   82.0   9.45  14.000   -0.02294    2.28    2.43    3.63
17-07-2024 14:07:31.59  216.57   0.453  27.895   32.869   82.0   9.45  14.000   -0.01258    2.09    2.55    3.39
17-07-2024 14:07:31.83  216.45   0.453  27.895   32.869   82.0   9.45  14.000    0.00592    1.67    2.58    3.07
17-07-2024 14:07:32.08  216.31   0.452  27.894   32.868   82.0   9.45  14.000   -0.01110    1.67    2.58    3.07
17-07-2024 14:07:32.32  216.03   0.452  27.893   32.869   82.1   9.45  14.000   -0.01406    1.88    2.18    2.96
17-07-2024 14:07:32.57  215.95   0.452  27.893   32.869   82.0   9.45  14.000   -0.02517    2.05    2.58    3.01
17-07-2024 14:07:32.81  215.92   0.451  27.893   32.869   82.1   9.45  14.000   -0.01480    2.17    2.06    3.10
17-07-2024 14:07:33.06  215.72   0.451  27.893   32.869   82.1   9.45  14.000    0.00444    2.22    2.47    3.09
17-07-2024 14:07:33.31  215.59   0.450  27.891   32.868   82.1   9.46  14.000   -0.01258    2.17    2.34    3.04
17-07-2024 14:07:33.55  215.33   0.450  27.891   32.868   82.1   9.46  14.000   -0.01036    1.95    2.02    2.88
17-07-2024 14:07:33.80  215.23   0.448  27.889   32.868   82.1   9.46  14.000   -0.02443    1.95    2.02    2.88
17-07-2024 14:07:34.04  215.14   0.448  27.888   32.866   82.1   9.46  14.000   -0.02368    1.98    2.16    3.08
17-07-2024 14:07:34.29  215.10   0.448  27.887   32.866   82.1   9.46  14.000   -0.01258    2.22    2.32    3.10
17-07-2024 14:07:34.54  214.80   0.447  27.887   32.867   82.1   9.46  14.000    0.00148    2.01    2.58    2.97
17-07-2024 14:07:34.78  214.61   0.446  27.886   32.867   82.2   9.46  14.000   -0.01036    2.20    2.28    3.37
17-07-2024 14:07:35.03  214.66   0.445  27.887   32.868   82.1   9.46  14.000   -0.00074    1.95    2.60    2.97
17-07-2024 14:07:35.27  214.43   0.445  27.885   32.866   82.2   9.47  14.000   -0.01258    2.27    2.43    3.21
17-07-2024 14:07:35.52  214.17   0.445  27.885   32.867   82.2   9.47  14.000   -0.02146    2.27    2.43    3.21
17-07-2024 14:07:35.76  214.11   0.444  27.885   32.867   82.2   9.47  14.000   -0.00740    1.97    2.37    3.30
17-07-2024 14:07:36.01  214.08   0.445  27.886   32.868   82.2   9.47  14.000   -0.02146    2.04    2.21    3.51
17-07-2024 14:07:36.25  213.93   0.444  27.884   32.866   82.2   9.47  14.000   -0.02517    1.92    2.21    3.26
17-07-2024 14:07:36.50  213.80   0.444  27.881   32.862   82.2   9.47  14.000   -0.01554    1.96    2.32    3.27
17-07-2024 14:07:36.74  213.56   0.443  27.881   32.863   82.2   9.47  14.000   -0.01702    1.80    2.31    2.79
17-07-2024 14:07:36.99  213.39   0.442  27.880   32.864   82.2   9.47  14.000   -0.04145    2.11    2.45    3.30
17-07-2024 14:07:37.23  213.29   0.442  27.879   32.862   82.2   9.48  14.000   -0.00962    2.11    2.45    3.30
17-07-2024 14:07:37.49  213.13   0.441  27.879   32.863   82.2   9.48  14.000   -0.01776    2.12    2.05    3.17
17-07-2024 14:07:37.73  213.04   0.441  27.880   32.864   82.2   9.48  14.000   -0.03035    1.75    2.16    2.99
17-07-2024 14:07:37.98  212.80   0.441  27.879   32.864   82.3   9.48  14.000   -0.01554    2.01    2.45    3.18
17-07-2024 14:07:38.23  212.71   0.439  27.879   32.866   82.3   9.48  14.000   -0.01332    1.73    2.48    2.90
17-07-2024 14:07:38.47  212.63   0.436  27.878   32.868   82.3   9.48  14.000   -0.01406    2.11    1.82    3.34
17-07-2024 14:07:38.72  212.62   0.435  27.878   32.869   82.3   9.48  14.000   -0.04071    2.27    2.02    3.19
17-07-2024 14:07:38.96  212.44   0.435  27.879   32.870   82.3   9.48  14.000   -0.02813    2.27    2.02    3.19
17-07-2024 14:07:39.21  212.19   0.435  27.879   32.869   82.3   9.48  14.000   -0.01184    2.12    2.49    3.22
17-07-2024 14:07:39.45  212.06   0.436  27.879   32.870   82.3   9.49  14.000   -0.03109    2.44    2.26    3.05
17-07-2024 14:07:39.70  212.07   0.435  27.875   32.866   82.3   9.49  14.000   -0.01924    2.29    2.29    3.35
17-07-2024 14:07:39.94  211.76   0.434  27.873   32.864   82.3   9.49  14.000   -0.03183    2.03    2.57    2.97
17-07-2024 14:07:40.19  211.60   0.433  27.870   32.861   82.4   9.49  14.000   -0.02220    2.36    2.33    3.27
17-07-2024 14:07:40.43  211.64   0.432  27.869   32.861   82.4   9.49  14.000   -0.02813    2.02    2.47    3.35
17-07-2024 14:07:40.68  211.32   0.432  27.867   32.859   82.4   9.50  14.000   -0.02961    2.02    2.47    3.35
17-07-2024 14:07:40.92  211.37   0.431  27.867   32.859   82.4   9.50  14.000   -0.01702    2.13    2.11    3.30
17-07-2024 14:07:41.17  211.17   0.430  27.865   32.859   82.4   9.50  14.000   -0.01554    1.97    2.08    3.02
17-07-2024 14:07:41.42  210.92   0.430  27.866   32.859   82.4   9.50  14.000   -0.01554    2.14    2.55    3.30
17-07-2024 14:07:41.67  210.78   0.429  27.866   32.860   82.4   9.50  14.000    0.01036    2.17    2.34    3.20
17-07-2024 14:07:41.91  210.77   0.429  27.864   32.858   82.5   9.51  14.000   -0.02220    1.74    2.58    3.16
17-07-2024 14:07:42.16  210.57   0.428  27.861   32.855   82.5   9.51  14.000   -0.02961    2.02    2.63    3.17
17-07-2024 14:07:42.40  210.50   0.428  27.861   32.856   82.5   9.51  14.000   -0.03257    2.02    2.63    3.17
17-07-2024 14:07:42.65  210.37   0.427  27.862   32.857   82.5   9.51  14.000   -0.00888    2.01    2.51    3.13
17-07-2024 14:07:42.89  210.09   0.427  27.861   32.857   82.5   9.51  14.000   -0.00962    1.80    2.43    2.88
17-07-2024 14:07:43.14  210.02   0.427  27.861   32.856   82.5   9.51  14.000   -0.03035    2.43    2.41    3.32
17-07-2024 14:07:43.38  209.98   0.427  27.860   32.855   82.5   9.51  14.000   -0.01628    2.31    2.11    3.22
17-07-2024 14:07:43.63  209.79   0.426  27.859   32.855   82.5   9.51  14.000   -0.00592    1.94    1.85    3.02
17-07-2024 14:07:43.87  209.52   0.426  27.859   32.855   82.5   9.51  14.000   -0.01998    1.95    2.55    3.14
17-07-2024 14:07:44.12  209.41   0.426  27.860   32.856   82.5   9.51  14.000   -0.02368    1.95    2.55    3.14
17-07-2024 14:07:44.36  209.36   0.426  27.859   32.856   82.5   9.51  14.000   -0.02591    2.30    1.86    3.29
17-07-2024 14:07:44.61  209.25   0.425  27.859   32.856   82.5   9.51  14.000   -0.02220    2.20    2.21    3.01
17-07-2024 14:07:44.86  209.02   0.425  27.857   32.854   82.5   9.52  14.000   -0.00666    2.03    2.32    2.89
17-07-2024 14:07:45.11  208.89   0.425  27.857   32.854   82.6   9.52  14.000   -0.02517    2.00    2.17    3.11
17-07-2024 14:07:45.36  208.86   0.425  27.857   32.854   82.6   9.52  14.000   -0.02368    1.89    2.54    3.12
17-07-2024 14:07:45.60  208.75   0.425  27.856   32.853   82.6   9.52  14.000   -0.02072    2.31    2.11    2.89
17-07-2024 14:07:45.85  208.60   0.424  27.856   32.853   82.6   9.52  14.000   -0.02813    2.31    2.11    2.89
17-07-2024 14:07:46.09  208.49   0.424  27.856   32.854   82.6   9.52  14.000   -0.02443    1.96    2.28    3.00
17-07-2024 14:07:46.34  208.30   0.424  27.855   32.853   82.6   9.52  14.000   -0.02665    2.07    2.41    3.03
17-07-2024 14:07:46.58  208.11   0.424  27.855   32.854   82.6   9.53  14.000   -0.01998    2.00    2.23    3.13
17-07-2024 14:07:46.83  207.86   0.423  27.854   32.852   82.6   9.53  14.000   -0.00666    1.96    1.98    2.92
17-07-2024 14:07:47.07  207.84   0.422  27.853   32.853   82.6   9.53  14.000   -0.02665    2.11    2.37    3.07
17-07-2024 14:07:47.32  207.81   0.422  27.852   32.852   82.6   9.53  14.000   -0.00888    2.06    1.84    3.21
17-07-2024 14:07:47.56  207.51   0.421  27.853   32.853   82.7   9.53  14.000   -0.03997    2.06    1.84    3.21
17-07-2024 14:07:47.81  207.31   0.420  27.853   32.855   82.7   9.53  14.000   -0.03109    2.03    2.52    3.49
17-07-2024 14:07:48.05  207.36   0.420  27.853   32.855   82.7   9.53  14.000   -0.03405    2.05    2.74    3.38
17-07-2024 14:07:48.30  207.06   0.419  27.853   32.856   82.7   9.53  14.000   -0.00888    2.20    2.23    3.28
17-07-2024 14:07:48.55  207.09   0.418  27.853   32.858   82.7   9.53  14.000   -0.02591    1.97    2.47    3.16
17-07-2024 14:07:48.80  206.79   0.416  27.850   32.855   82.7   9.53  14.000   -0.01480    2.22    2.18    3.41
17-07-2024 14:07:49.04  206.62   0.413  27.844   32.851   82.7   9.53  14.000   -0.03923    2.15    2.71    2.91
17-07-2024 14:07:49.29  206.64   0.409  27.836   32.845   82.7   9.53  14.000   -0.02368    2.15    2.71    2.91
17-07-2024 14:07:49.54  206.36   0.409  27.835   32.843   82.7   9.53  14.000   -0.03849    2.09    2.38    3.01
17-07-2024 14:07:49.78  206.34   0.409  27.834   32.843   82.7   9.53  14.000   -0.02517    2.13    2.26    3.20
17-07-2024 14:07:50.03  206.05   0.408  27.835   32.845   82.7   9.53  14.000   -0.01776    2.18    2.25    3.33
17-07-2024 14:07:50.27  206.07   0.408  27.834   32.844   82.7   9.54  14.000   -0.03331    2.13    2.61    3.56
17-07-2024 14:07:50.52  205.95   0.407  27.834   32.845   82.7   9.54  14.000   -0.00962    2.31    2.72    3.22
17-07-2024 14:07:50.76  205.71   0.405  27.833   32.845   82.7   9.54  14.000   -0.02072    2.18    2.27    3.32
17-07-2024 14:07:51.00  205.50   0.404  27.833   32.848   82.7   9.54  14.000   -0.03553    2.18    2.27    3.32
17-07-2024 14:07:51.25  205.41   0.403  27.832   32.847   82.7   9.54  14.000   -0.02813    2.09    2.58    3.48
17-07-2024 14:07:51.49  205.30   0.402  27.831   32.847   82.7   9.54  14.000   -0.01702    2.12    2.21    3.14
17-07-2024 14:07:51.74  205.29   0.402  27.829   32.845   82.7   9.54  14.000   -0.03627    2.12    2.38    3.00
17-07-2024 14:07:51.99  205.15   0.400  27.826   32.843   82.7   9.54  14.000   -0.02294    2.12    2.40    2.98
17-07-2024 14:07:52.24  204.87   0.399  27.826   32.844   82.7   9.54  14.000   -0.02813    2.01    2.02    3.06
17-07-2024 14:07:52.48  204.76   0.398  27.825   32.844   82.7   9.54  14.000   -0.01924    2.25    2.78    3.13
17-07-2024 14:07:52.73  204.58   0.398  27.825   32.844   82.7   9.55  14.000   -0.01998    2.25    2.78    3.13
17-07-2024 14:07:52.98  204.43   0.397  27.823   32.842   82.8   9.55  14.000   -0.02294    2.01    2.20    2.98
17-07-2024 14:07:53.23  204.29   0.397  27.822   32.841   82.7   9.55  14.000   -0.02368    1.97    2.19    2.94
17-07-2024 14:07:53.47  204.19   0.396  27.822   32.842   82.8   9.55  14.000   -0.02443    2.20    2.59    2.86
17-07-2024 14:07:53.71  204.04   0.395  27.821   32.841   82.8   9.55  14.000   -0.04071    1.67    2.17    3.34
17-07-2024 14:07:53.96  203.92   0.395  27.821   32.841   82.8   9.55  14.000   -0.01258    2.03    2.15    3.13
17-07-2024 14:07:54.20  203.81   0.395  27.820   32.841   82.8   9.55  14.000   -0.02739    2.05    2.67    3.28
17-07-2024 14:07:54.45  203.65   0.394  27.821   32.843   82.8   9.55  14.000   -0.02961    2.05    2.67    3.28
17-07-2024 14:07:54.69  203.57   0.393  27.819   32.842   82.8   9.55  14.000   -0.02146    2.14    1.77    3.26
17-07-2024 14:07:54.94  203.54   0.393  27.819   32.842   82.8   9.55  14.000   -0.02813    1.96    1.72    3.34
17-07-2024 14:07:55.18  203.41   0.391  27.819   32.844   82.8   9.55  14.000   -0.00444    1.87    2.57    3.13
17-07-2024 14:07:55.43  203.27   0.388  27.817   32.845   82.8   9.56  14.000   -0.01184    2.15    1.99    3.26
17-07-2024 14:07:55.67  203.14   0.388  27.815   32.842   82.8   9.56  14.000   -0.03627    2.08    2.30    2.91
17-07-2024 14:07:55.93  202.83   0.387  27.813   32.841   82.8   9.56  14.000   -0.00666    2.02    2.38    3.14
17-07-2024 14:07:56.17  202.75   0.387  27.812   32.839   82.8   9.56  14.000   -0.03405    2.02    2.38    3.14
17-07-2024 14:07:56.42  202.61   0.388  27.811   32.838   82.8   9.56  14.000   -0.02739    2.10    2.47    3.38
17-07-2024 14:07:56.66  202.47   0.388  27.810   32.837   82.8   9.55  14.000   -0.01702    1.86    2.51    3.61
17-07-2024 14:07:56.91  202.43   0.388  27.810   32.836   82.8   9.56  14.000   -0.02220    2.01    2.35    3.06
17-07-2024 14:07:57.16  202.30   0.388  27.809   32.836   82.8   9.56  14.000   -0.01406    2.19    2.25    3.39
17-07-2024 14:07:57.40  202.03   0.387  27.808   32.835   82.8   9.55  14.000   -0.01406    2.31    2.04    3.20
17-07-2024 14:07:57.65  202.04   0.387  27.807   32.834   82.8   9.56  14.000   -0.01480    2.01    3.03    2.95
17-07-2024 14:07:57.89  201.76   0.387  27.805   32.831   82.8   9.55  14.000   -0.01406    2.01    3.03    2.95
17-07-2024 14:07:58.14  201.72   0.386  27.805   32.832   82.8   9.56  14.000   -0.02739    2.35    2.01    3.27
17-07-2024 14:07:58.38  201.58   0.385  27.806   32.834   82.8   9.56  14.000   -0.01184    1.99    2.28    3.24
17-07-2024 14:07:58.63  201.45   0.385  27.804   32.832   82.8   9.56  14.000   -0.02739    2.19    2.10    3.31
17-07-2024 14:07:58.87  201.29   0.384  27.804   32.833   82.8   9.56  14.000   -0.03627    1.78    2.47    3.52
17-07-2024 14:07:59.12  201.21   0.383  27.802   32.831   82.8   9.56  14.000   -0.03479    2.23    2.45    3.04
17-07-2024 14:07:59.36  200.95   0.383  27.801   32.831   82.8   9.56  14.000   -0.02961    2.23    2.45    3.04
17-07-2024 14:07:59.61  200.85   0.381  27.801   32.832   82.8   9.56  14.000   -0.02591    2.04    2.65    3.24
17-07-2024 14:07:59.86  200.82   0.380  27.798   32.830   82.8   9.56  14.000   -0.02294    2.22    1.96    2.98
17-07-2024 14:08:00.11  200.53   0.379  27.798   32.831   82.9   9.56  14.000   -0.02368    2.41    2.60    3.18
17-07-2024 14:08:00.35  200.55   0.379  27.798   32.832   82.9   9.57  14.000   -0.02072    2.28    2.20    3.33
17-07-2024 14:08:00.60  200.41   0.379  27.798   32.831   82.9   9.57  14.000   -0.01850    2.28    2.23    3.00
17-07-2024 14:08:00.84  200.26   0.378  27.798   32.832   82.9   9.57  14.000   -0.03627    2.15    2.36    3.13
17-07-2024 14:08:01.09  200.10   0.378  27.798   32.833   82.9   9.57  14.000   -0.02146    2.03    2.23    2.92
17-07-2024 14:08:01.33  199.96   0.377  27.798   32.834   82.9   9.57  14.000   -0.02072    2.03    2.23    2.92
17-07-2024 14:08:01.58  199.73   0.376  27.797   32.834   82.9   9.57  14.000   -0.02443    2.18    2.09    3.07
17-07-2024 14:08:01.82  199.62   0.376  27.796   32.832   82.9   9.57  14.000   -0.01776    1.92    2.54    2.91
17-07-2024 14:08:02.07  199.52   0.375  27.793   32.830   82.9   9.57  14.000   -0.02591    2.03    2.45    3.04
17-07-2024 14:08:02.31  199.33   0.375  27.792   32.828   83.0   9.58  14.000   -0.02443    1.88    2.19    3.20
17-07-2024 14:08:02.56  199.20   0.374  27.790   32.828   83.0   9.58  14.000   -0.02591    1.89    2.69    3.19
17-07-2024 14:08:02.81  199.06   0.373  27.790   32.828   83.0   9.58  14.000   -0.02887    1.89    2.69    3.19
17-07-2024 14:08:03.05  198.92   0.372  27.791   32.830   83.0   9.58  14.000   -0.01924    2.12    2.29    3.24
17-07-2024 14:08:03.30  198.93   0.372  27.790   32.830   83.0   9.58  14.000   -0.01184    1.94    2.30    3.09
17-07-2024 14:08:03.55  198.82   0.371  27.789   32.829   83.0   9.58  14.000   -0.01036    2.30    2.13    3.21
17-07-2024 14:08:03.80  198.51   0.371  27.789   32.828   83.0   9.58  14.000   -0.01924    1.98    2.01    2.91
17-07-2024 14:08:04.05  198.45   0.371  27.788   32.827   83.0   9.58  14.000   -0.02146    2.11    1.85    3.30
17-07-2024 14:08:04.29  198.42   0.371  27.787   32.827   83.0   9.58  14.000   -0.01628    2.08    2.51    3.13
17-07-2024 14:08:04.54  198.24   0.370  27.786   32.827   83.0   9.58  14.000   -0.01924    1.82    2.00    3.26
17-07-2024 14:08:04.78  198.00   0.369  27.786   32.827   83.0   9.58  14.000   -0.01628    1.82    2.00    3.26
17-07-2024 14:08:05.02  197.85   0.369  27.786   32.828   83.0   9.58  14.000   -0.00740    2.24    2.35    3.32
17-07-2024 14:08:05.27  197.86   0.368  27.785   32.827   83.0   9.58  14.000   -0.02220    2.18    2.27    3.33
17-07-2024 14:08:05.51  197.60   0.367  27.784   32.828   83.0   9.58  14.000   -0.02591    2.04    2.36    2.95
17-07-2024 14:08:05.76  197.46   0.367  27.783   32.827   83.0   9.58  14.000   -0.02294    2.13    2.16    3.05
17-07-2024 14:08:06.00  197.46   0.367  27.783   32.827   83.0   9.58  14.000   -0.01184    2.14    2.34    3.28
17-07-2024 14:08:06.25  197.27   0.366  27.781   32.825   83.0   9.59  14.000   -0.02813    2.14    2.34    3.28
17-07-2024 14:08:06.49  196.96   0.365  27.781   32.826   83.0   9.59  14.000   -0.02072    1.94    2.71    3.19
17-07-2024 14:08:06.74  197.00   0.364  27.781   32.827   83.0   9.59  14.000   -0.02517    2.27    2.35    3.19
17-07-2024 14:08:06.99  196.70   0.363  27.781   32.827   83.0   9.59  14.000   -0.03183    2.36    2.32    2.99
17-07-2024 14:08:07.24  196.73   0.363  27.780   32.827   83.0   9.59  14.000   -0.03331    2.16    2.33    3.46
17-07-2024 14:08:07.49  196.63   0.363  27.780   32.826   83.1   9.59  14.000   -0.02368    2.36    2.39    2.97
17-07-2024 14:08:07.73  196.32   0.363  27.778   32.825   83.1   9.59  14.000   -0.02887    2.09    2.32    3.17
17-07-2024 14:08:07.97  196.33   0.363  27.776   32.822   83.0   9.59  14.000   -0.02591    2.09    2.32    3.17
17-07-2024 14:08:08.22  196.03   0.363  27.775   32.821   83.1   9.59  14.000   -0.02887    2.18    2.11    3.11
17-07-2024 14:08:08.46  196.06   0.362  27.773   32.819   83.1   9.59  14.000   -0.01554    1.87    2.28    3.31
17-07-2024 14:08:08.71  195.74   0.360  27.772   32.820   83.1   9.60  14.000   -0.02887    2.38    2.32    3.21
17-07-2024 14:08:08.95  195.75   0.359  27.771   32.820   83.1   9.60  14.000   -0.01776    1.95    2.69    3.35
17-07-2024 14:08:09.20  195.58   0.358  27.770   32.819   83.1   9.60  14.000   -0.02294    1.89    2.48    3.33
17-07-2024 14:08:09.44  195.33   0.358  27.769   32.818   83.2   9.60  14.000   -0.02294    2.27    2.34    3.34
17-07-2024 14:08:09.69  195.36   0.357  27.768   32.819   83.2   9.61  14.000   -0.02146    2.27    2.34    3.34
17-07-2024 14:08:09.93  195.07   0.356  27.767   32.818   83.2   9.61  14.000   -0.03479    2.41    2.49    3.19
17-07-2024 14:08:10.18  194.96   0.356  27.767   32.819   83.2   9.61  14.000   -0.01776    1.83    2.31    3.22
17-07-2024 14:08:10.43  194.91   0.356  27.767   32.819   83.2   9.61  14.000   -0.02813    2.24    2.46    3.33
17-07-2024 14:08:10.68  194.64   0.355  27.766   32.818   83.2   9.61  14.000   -0.02591    2.42    2.03    3.38
17-07-2024 14:08:10.92  194.69   0.355  27.765   32.818   83.3   9.62  14.000   -0.01702    2.18    2.42    3.00
17-07-2024 14:08:11.17  194.37   0.355  27.764   32.817   83.3   9.62  14.000   -0.02072    1.98    2.16    3.25
17-07-2024 14:08:11.41  194.20   0.355  27.764   32.817   83.3   9.62  14.000   -0.02220    1.98    2.16    3.25
17-07-2024 14:08:11.66  194.11   0.354  27.765   32.818   83.3   9.62  14.000   -0.03183    2.00    2.05    3.09
17-07-2024 14:08:11.91  194.01   0.354  27.765   32.818   83.3   9.62  14.000   -0.00296    2.47    2.14    3.22
17-07-2024 14:08:12.15  193.78   0.354  27.766   32.819   83.3   9.62  14.000   -0.02665    2.11    2.09    3.28
17-07-2024 14:08:12.40  193.62   0.354  27.765   32.819   83.3   9.63  14.000   -0.02220    1.91    1.94    3.08
17-07-2024 14:08:12.64  193.49   0.354  27.764   32.818   83.3   9.63  14.000   -0.03627    2.60    2.04    2.87
17-07-2024 14:08:12.89  193.52   0.354  27.764   32.817   83.3   9.63  14.000   -0.03553    2.00    2.32    2.78
17-07-2024 14:08:13.13  193.43   0.354  27.763   32.816   83.4   9.63  14.000   -0.02813    2.00    2.32    2.78
17-07-2024 14:08:13.38  193.22   0.353  27.761   32.815   83.4   9.63  14.000   -0.03405    2.50    2.12    3.16
17-07-2024 14:08:13.62  192.92   0.354  27.761   32.814   83.4   9.63  14.000   -0.03775    1.90    2.19    3.21
17-07-2024 14:08:13.87  192.94   0.353  27.761   32.815   83.4   9.63  14.000   -0.02591    1.99    2.20    2.85
17-07-2024 14:08:14.11  192.86   0.353  27.761   32.815   83.4   9.63  14.000   -0.01406    2.05    2.52    3.28
17-07-2024 14:08:14.36  192.73   0.352  27.761   32.816   83.4   9.63  14.000   -0.01924    2.16    2.42    3.27
17-07-2024 14:08:14.61  192.52   0.352  27.760   32.815   83.4   9.63  14.000   -0.03849    2.12    2.30    3.18
17-07-2024 14:08:14.85  192.38   0.352  27.760   32.815   83.4   9.63  14.000   -0.02368    2.12    2.30    3.18
17-07-2024 14:08:15.11  192.09   0.352  27.759   32.814   83.4   9.63  14.000   -0.01036    1.88    2.01    3.22
17-07-2024 14:08:15.35  192.08   0.352  27.760   32.815   83.4   9.63  14.000   -0.01998    2.24    2.15    3.19
17-07-2024 14:08:15.59  191.91   0.352  27.760   32.815   83.4   9.63  14.000   -0.02072    1.97    2.06    3.02
17-07-2024 14:08:15.84  191.75   0.352  27.759   32.814   83.4   9.63  14.000   -0.01850    2.18    2.12    3.06
17-07-2024 14:08:16.08  191.61   0.352  27.760   32.815   83.4   9.63  14.000   -0.02517    2.02    2.20    3.08
17-07-2024 14:08:16.33  191.50   0.351  27.759   32.814   83.4   9.64  14.000   -0.02591    1.97    2.67    3.22
17-07-2024 14:08:16.57  191.37   0.350  27.758   32.815   83.4   9.64  14.000   -0.01776    1.97    2.67    3.22
17-07-2024 14:08:16.82  191.11   0.350  27.758   32.815   83.4   9.64  14.000   -0.03479    2.24    2.83    3.38
17-07-2024 14:08:17.06  191.16   0.349  27.756   32.813   83.4   9.64  14.000   -0.01406    1.85    2.19    3.37
17-07-2024 14:08:17.31  190.83   0.350  27.756   32.814   83.4   9.64  14.000   -0.03479    2.29    2.60    3.04
17-07-2024 14:08:17.55  190.91   0.349  27.756   32.813   83.4   9.64  14.000   -0.02146    2.20    2.69    3.16
17-07-2024 14:08:17.80  190.59   0.349  27.755   32.813   83.5   9.64  14.000   -0.03257    2.07    2.15    3.06
17-07-2024 14:08:18.05  190.52   0.349  27.755   32.814   83.5   9.64  14.000   -0.02739    1.75    2.41    3.10
17-07-2024 14:08:18.29  190.24   0.349  27.754   32.812   83.5   9.64  14.000   -0.03553    1.75    2.41    3.10
17-07-2024 14:08:18.54  190.25   0.348  27.753   32.812   83.5   9.65  14.000   -0.01332    2.27    2.31    2.93
17-07-2024 14:08:18.79  190.01   0.348  27.754   32.813   83.5   9.65  14.000   -0.02517    2.25    2.72    3.13
17-07-2024 14:08:19.03  189.81   0.347  27.753   32.812   83.5   9.65  14.000   -0.02220    2.00    2.08    3.07
17-07-2024 14:08:19.28  189.74   0.347  27.752   32.812   83.5   9.65  14.000   -0.02443    1.83    2.48    2.92
17-07-2024 14:08:19.52  189.65   0.346  27.750   32.809   83.5   9.65  14.000   -0.02591    1.68    2.25    3.12
17-07-2024 14:08:19.77  189.57   0.346  27.749   32.809   83.5   9.65  14.000   -0.04071    1.76    2.00    3.19
17-07-2024 14:08:20.04  189.46   0.346  27.750   32.810   83.5   9.65  14.000   -0.02665    2.27    2.13    3.19
17-07-2024 14:08:20.26  189.26   0.346  27.750   32.811   83.5   9.65  14.000   -0.03183    2.27    2.13    3.19
17-07-2024 14:08:20.50  189.08   0.345  27.750   32.811   83.5   9.65  14.000   -0.03257    1.86    2.29    3.30
17-07-2024 14:08:20.75  188.95   0.344  27.751   32.813   83.6   9.66  14.000    0.00000    1.99    1.81    3.18
17-07-2024 14:08:20.99  188.71   0.344  27.749   32.811   83.6   9.66  14.000   -0.03257    1.78    1.92    3.15
17-07-2024 14:08:21.24  188.54   0.343  27.748   32.810   83.6   9.66  14.000   -0.02294    2.18    2.01    2.83
17-07-2024 14:08:21.48  188.41   0.343  27.746   32.809   83.6   9.66  14.000   -0.01628    2.28    1.92    3.11
17-07-2024 14:08:21.73  188.41   0.342  27.745   32.809   83.6   9.66  14.000   -0.02220    2.28    1.92    3.11
17-07-2024 14:08:21.98  188.29   0.341  27.745   32.809   83.6   9.67  14.000   -0.02961    2.18    2.27    3.36
17-07-2024 14:08:22.23  188.12   0.342  27.743   32.807   83.7   9.67  14.000   -0.03775    2.11    2.17    3.40
17-07-2024 14:08:22.47  187.95   0.341  27.742   32.806   83.7   9.67  14.000   -0.01776    2.28    1.85    3.03
17-07-2024 14:08:22.72  187.68   0.341  27.742   32.806   83.7   9.67  14.000   -0.02517    2.13    2.34    3.40
17-07-2024 14:08:22.97  187.66   0.340  27.741   32.806   83.7   9.68  14.000   -0.03257    1.94    2.35    3.00
17-07-2024 14:08:23.21  187.58   0.339  27.741   32.807   83.7   9.68  14.000   -0.02517    2.11    2.52    3.26
17-07-2024 14:08:23.45  187.25   0.338  27.740   32.807   83.8   9.68  14.000   -0.02294    2.11    2.52    3.26
17-07-2024 14:08:23.70  187.12   0.337  27.737   32.804   83.8   9.68  14.000   -0.03109    2.20    2.44    3.21
17-07-2024 14:08:23.95  187.15   0.337  27.736   32.803   83.8   9.69  14.000   -0.04071    2.22    1.99    3.24
17-07-2024 14:08:24.19  186.83   0.335  27.736   32.804   83.8   9.69  14.000   -0.03331    2.31    2.32    2.87
17-07-2024 14:08:24.44  186.83   0.334  27.734   32.804   83.8   9.69  14.000   -0.03849    2.01    2.41    3.22
17-07-2024 14:08:24.68  186.49   0.333  27.733   32.804   83.9   9.69  14.000   -0.03183    2.02    2.29    3.19
17-07-2024 14:08:24.93  186.53   0.332  27.732   32.803   83.9   9.69  14.000   -0.02739    2.08    2.37    3.37
17-07-2024 14:08:25.17  186.40   0.332  27.731   32.801   83.9   9.70  14.000   -0.02517    2.08    2.37    3.37
17-07-2024 14:08:25.42  186.21   0.332  27.730   32.801   83.9   9.70  14.000   -0.04293    2.21    2.29    3.34
17-07-2024 14:08:25.67  185.93   0.330  27.729   32.802   83.9   9.70  14.000   -0.03257    1.70    2.06    3.31
17-07-2024 14:08:25.92  185.89   0.328  27.728   32.802   83.9   9.70  14.000   -0.04145    1.63    2.08    3.30
17-07-2024 14:08:26.17  185.60   0.327  27.730   32.806   83.9   9.70  14.000   -0.03331    2.33    2.08    3.27
17-07-2024 14:08:26.41  185.54   0.327  27.729   32.805   83.9   9.70  14.000   -0.03257    1.94    2.43    3.08
17-07-2024 14:08:26.65  185.49   0.326  27.727   32.804   83.9   9.70  14.000   -0.03405    1.89    2.39    3.49
17-07-2024 14:08:26.90  185.38   0.324  27.725   32.803   83.9   9.70  14.000   -0.01924    1.89    2.39    3.49
17-07-2024 14:08:27.14  185.11   0.322  27.724   32.804   83.9   9.70  14.000   -0.03035    1.84    1.78    2.80
17-07-2024 14:08:27.39  184.97   0.321  27.722   32.802   83.9   9.71  14.000   -0.03405    2.02    2.39    2.94
17-07-2024 14:08:27.63  184.77   0.321  27.720   32.800   83.9   9.71  14.000   -0.02146    1.90    2.65    3.16
17-07-2024 14:08:27.88  184.71   0.321  27.718   32.798   83.9   9.71  14.000   -0.03553    2.01    1.90    3.16
17-07-2024 14:08:28.12  184.62   0.321  27.719   32.800   84.0   9.71  14.000   -0.01110    1.89    2.49    3.23
17-07-2024 14:08:28.37  184.53   0.320  27.719   32.799   84.0   9.71  14.000   -0.00740    2.33    1.98    3.21
17-07-2024 14:08:28.61  184.22   0.320  27.719   32.801   84.0   9.71  14.000   -0.01998    2.33    1.98    3.21
17-07-2024 14:08:28.86  184.05   0.320  27.717   32.798   83.9   9.70  14.000   -0.01554    2.09    2.57    2.83
17-07-2024 14:08:29.11  183.89   0.316  27.716   32.800   84.0   9.71  14.000   -0.01036    1.97    2.61    2.88
17-07-2024 14:08:29.36  183.79   0.315  27.715   32.800   84.0   9.71  14.000   -0.00666    1.93    2.44    3.28
17-07-2024 14:08:29.61  183.74   0.315  27.715   32.801   84.0   9.71  14.000   -0.03183    2.21    2.28    3.25
17-07-2024 14:08:29.85  183.46   0.316  27.715   32.801   84.0   9.72  14.000   -0.02517    2.04    2.73    3.02
17-07-2024 14:08:30.10  183.32   0.316  27.715   32.800   84.0   9.71  14.000   -0.01406    2.33    2.11    3.38
17-07-2024 14:08:30.34  183.19   0.315  27.715   32.801   84.0   9.71  14.000   -0.02961    2.33    2.11    3.38
17-07-2024 14:08:30.59  183.03   0.314  27.715   32.801   84.0   9.72  14.000   -0.03331    2.16    2.44    3.05
17-07-2024 14:08:30.83  182.97   0.314  27.714   32.801   84.1   9.72  14.000   -0.03923    2.23    2.39    3.27
17-07-2024 14:08:31.08  182.74   0.313  27.712   32.799   84.1   9.72  14.000   -0.03183    1.99    2.02    3.07
17-07-2024 14:08:31.32  182.62   0.313  27.710   32.798   84.1   9.72  14.000   -0.02294    1.91    2.18    3.11
17-07-2024 14:08:31.57  182.61   0.312  27.707   32.794   84.1   9.73  14.000   -0.01850    2.11    2.19    3.24
17-07-2024 14:08:31.81  182.52   0.312  27.707   32.794   84.1   9.73  14.000   -0.02146    2.19    2.57    3.32
17-07-2024 14:08:32.06  182.19   0.311  27.706   32.794   84.1   9.73  14.000   -0.03257    2.19    2.57    3.32
17-07-2024 14:08:32.30  182.08   0.310  27.705   32.794   84.1   9.73  14.000   -0.02887    2.28    2.96    3.19
17-07-2024 14:08:32.55  182.10   0.310  27.706   32.795   84.1   9.73  14.000   -0.01332    2.22    2.18    3.06
17-07-2024 14:08:32.80  181.78   0.309  27.705   32.795   84.2   9.74  14.000   -0.02517    2.13    2.41    2.85
17-07-2024 14:08:33.05  181.83   0.309  27.704   32.794   84.2   9.74  14.000   -0.03183    1.98    2.67    3.07
17-07-2024 14:08:33.29  181.62   0.308  27.704   32.795   84.2   9.74  14.000   -0.04071    2.21    2.61    3.27
17-07-2024 14:08:33.54  181.55   0.306  27.701   32.794   84.3   9.75  14.000   -0.02517    2.17    2.47    3.24
17-07-2024 14:08:33.78  181.35   0.305  27.700   32.794   84.3   9.75  14.000   -0.02665    2.17    2.47    3.24
17-07-2024 14:08:34.03  181.02   0.304  27.699   32.793   84.3   9.75  14.000   -0.01702    1.94    1.75    3.49
17-07-2024 14:08:34.28  181.12   0.305  27.700   32.793   84.3   9.76  14.000   -0.02665    2.14    2.19    3.51
17-07-2024 14:08:34.52  180.87   0.305  27.700   32.793   84.3   9.76  14.000   -0.01998    2.20    2.44    3.38
17-07-2024 14:08:34.77  180.65   0.305  27.700   32.793   84.3   9.76  14.000   -0.04219    2.04    2.31    3.04
17-07-2024 14:08:35.01  180.70   0.305  27.698   32.791   84.4   9.76  14.000   -0.02443    1.93    2.22    2.99
17-07-2024 14:08:35.26  180.37   0.304  27.696   32.789   84.4   9.76  14.000   -0.01406    1.90    2.45    2.83
17-07-2024 14:08:35.50  180.41   0.303  27.694   32.788   84.4   9.76  14.000   -0.03479    1.90    2.45    2.83
17-07-2024 14:08:35.74  180.04   0.303  27.694   32.788   84.4   9.76  14.000   -0.03405    2.08    2.55    3.19
17-07-2024 14:08:35.99  180.11   0.302  27.694   32.789   84.4   9.77  14.000   -0.03923    2.03    2.35    3.19
17-07-2024 14:08:36.24  179.80   0.301  27.693   32.790   84.4   9.76  14.000   -0.03923    2.13    2.41    3.19
17-07-2024 14:08:36.49  179.63   0.301  27.695   32.792   84.4   9.77  14.000   -0.03183    2.06    2.25    2.90
17-07-2024 14:08:36.73  179.72   0.301  27.695   32.791   84.4   9.77  14.000   -0.04515    2.07    2.01    3.12
17-07-2024 14:08:36.98  179.53   0.301  27.696   32.793   84.4   9.77  14.000   -0.03405    2.11    2.46    3.28
17-07-2024 14:08:37.23  179.20   0.300  27.693   32.791   84.4   9.77  14.000   -0.03553    2.11    2.46    3.28
17-07-2024 14:08:37.47  179.20   0.299  27.691   32.789   84.4   9.77  14.000   -0.03109    2.04    2.69    3.40
17-07-2024 14:08:37.72  179.07   0.299  27.691   32.789   84.4   9.77  14.000   -0.04219    2.06    2.66    3.43
17-07-2024 14:08:37.96  178.76   0.297  27.689   32.789   84.5   9.77  14.000   -0.03775    2.01    2.11    3.36
17-07-2024 14:08:38.21  178.66   0.297  27.689   32.789   84.5   9.78  14.000   -0.04219    2.25    2.55    3.12
17-07-2024 14:08:38.45  178.61   0.296  27.686   32.786   84.5   9.78  14.000   -0.02517    2.18    2.54    3.33
17-07-2024 14:08:38.70  178.48   0.295  27.685   32.786   84.5   9.78  14.000   -0.02813    2.14    2.31    3.04
17-07-2024 14:08:38.94  178.16   0.295  27.685   32.787   84.5   9.78  14.000   -0.02368    2.14    2.31    3.04
17-07-2024 14:08:39.19  178.13   0.294  27.686   32.788   84.5   9.78  14.000   -0.02665    1.87    2.22    3.07
17-07-2024 14:08:39.43  178.09   0.293  27.686   32.789   84.5   9.78  14.000   -0.02813    2.02    2.15    3.06
17-07-2024 14:08:39.68  177.81   0.294  27.685   32.788   84.5   9.78  14.000   -0.03849    2.07    2.22    3.24
17-07-2024 14:08:39.92  177.57   0.293  27.684   32.787   84.6   9.79  14.000   -0.02294    1.84    2.26    2.78
17-07-2024 14:08:40.18  177.42   0.292  27.682   32.785   84.6   9.79  14.000   -0.03627    2.05    2.02    3.25
17-07-2024 14:08:40.42  177.28   0.292  27.681   32.784   84.6   9.79  14.000   -0.03923    2.13    2.15    3.21
17-07-2024 14:08:40.67  177.32   0.292  27.681   32.785   84.6   9.79  14.000   -0.03331    2.13    2.15    3.21
17-07-2024 14:08:40.91  177.18   0.291  27.681   32.786   84.6   9.79  14.000   -0.03405    2.12    2.57    3.25
17-07-2024 14:08:41.16  177.07   0.291  27.682   32.787   84.6   9.79  14.000   -0.01036    2.37    1.91    3.06
17-07-2024 14:08:41.41  176.89   0.290  27.681   32.787   84.6   9.79  14.000   -0.02887    1.84    2.22    3.01
17-07-2024 14:08:41.65  176.72   0.290  27.682   32.789   84.6   9.79  14.000   -0.01480    2.05    2.57    3.02
17-07-2024 14:08:41.90  176.58   0.290  27.681   32.787   84.6   9.79  14.000   -0.03405    2.18    2.22    3.29
17-07-2024 14:08:42.14  176.41   0.290  27.682   32.788   84.6   9.79  14.000   -0.04219    2.18    2.22    3.29
17-07-2024 14:08:42.39  176.19   0.290  27.682   32.788   84.6   9.79  14.000   -0.03627    2.07    2.49    3.15
17-07-2024 14:08:42.63  175.94   0.289  27.681   32.788   84.6   9.79  14.000   -0.00814    2.12    1.99    3.43
17-07-2024 14:08:42.88  175.78   0.288  27.678   32.786   84.6   9.79  14.000   -0.01628    2.29    2.66    2.94
17-07-2024 14:08:43.12  175.65   0.286  27.677   32.787   84.6   9.79  14.000   -0.04293    2.23    1.85    3.55
17-07-2024 14:08:43.37  175.52   0.284  27.673   32.783   84.6   9.80  14.000   -0.03849    1.82    2.38    3.10
17-07-2024 14:08:43.61  175.43   0.284  27.672   32.782   84.6   9.80  14.000   -0.03479    1.91    2.40    3.01
17-07-2024 14:08:43.86  175.29   0.284  27.670   32.780   84.7   9.80  14.000   -0.03109    1.91    2.40    3.01
17-07-2024 14:08:44.11  175.07   0.283  27.670   32.780   84.7   9.80  14.000   -0.02220    2.03    2.57    3.48
17-07-2024 14:08:44.36  174.99   0.283  27.670   32.781   84.6   9.80  14.000   -0.03997    1.98    2.44    3.32
17-07-2024 14:08:44.60  174.80   0.283  27.671   32.782   84.7   9.80  14.000   -0.04219    1.94    2.56    3.28
17-07-2024 14:08:44.85  174.82   0.282  27.670   32.782   84.7   9.80  14.000   -0.04367    2.20    1.97    2.94
17-07-2024 14:08:45.09  174.71   0.283  27.669   32.781   84.7   9.80  14.000   -0.03775    1.82    2.51    3.34
17-07-2024 14:08:45.34  174.48   0.282  27.669   32.781   84.7   9.80  14.000   -0.02887    2.09    2.23    3.10
17-07-2024 14:08:45.58  174.21   0.282  27.668   32.781   84.7   9.81  14.000   -0.03331    2.09    2.23    3.10
17-07-2024 14:08:45.83  174.21   0.281  27.667   32.779   84.7   9.81  14.000   -0.03627    2.13    2.25    3.55
17-07-2024 14:08:46.07  173.92   0.281  27.667   32.780   84.7   9.81  14.000   -0.01110    2.36    2.70    3.06
17-07-2024 14:08:46.32  173.99   0.280  27.666   32.780   84.7   9.81  14.000   -0.02368    2.14    2.84    3.22
17-07-2024 14:08:46.56  173.60   0.279  27.665   32.780   84.7   9.81  14.000   -0.03627    1.78    2.54    3.15
17-07-2024 14:08:46.81  173.64   0.278  27.663   32.778   84.7   9.81  14.000   -0.01702    2.02    2.20    2.91
17-07-2024 14:08:47.06  173.36   0.276  27.663   32.780   84.7   9.81  14.000   -0.04071    2.05    2.45    3.08
17-07-2024 14:08:47.30  173.35   0.275  27.665   32.783   84.7   9.81  14.000   -0.03331    2.05    2.45    3.08
17-07-2024 14:08:47.55  173.03   0.275  27.666   32.785   84.7   9.81  14.000   -0.01184    1.89    2.62    3.40
17-07-2024 14:08:47.80  173.05   0.274  27.665   32.785   84.7   9.81  14.000   -0.00740    2.17    2.06    3.11
17-07-2024 14:08:48.05  172.72   0.272  27.663   32.786   84.8   9.82  14.000   -0.01406    2.16    1.98    3.06
17-07-2024 14:08:48.29  172.76   0.270  27.660   32.782   84.8   9.82  14.000   -0.03257    2.23    2.28    3.17
17-07-2024 14:08:48.54  172.54   0.270  27.654   32.776   84.8   9.82  14.000   -0.03479    1.90    2.53    2.82
17-07-2024 14:08:48.78  172.32   0.269  27.651   32.774   84.8   9.82  14.000   -0.01850    2.04    2.24    3.15
17-07-2024 14:08:49.02  172.35   0.268  27.651   32.774   84.8   9.82  14.000   -0.02665    2.04    2.24    3.15
17-07-2024 14:08:49.27  172.10   0.267  27.651   32.775   84.8   9.82  14.000   -0.03479    2.33    2.25    2.77
17-07-2024 14:08:49.52  171.81   0.267  27.651   32.775   84.7   9.81  14.000   -0.01628    2.28    2.26    3.26
17-07-2024 14:08:49.76  171.83   0.268  27.649   32.772   84.8   9.82  14.000   -0.02517    1.98    2.55    3.19
17-07-2024 14:08:50.01  171.69   0.266  27.649   32.774   84.8   9.82  14.000   -0.02739    2.15    2.21    3.21
17-07-2024 14:08:50.25  171.67   0.265  27.647   32.771   84.7   9.81  14.000   -0.00962    2.06    2.54    3.18
17-07-2024 14:08:50.50  171.26   0.263  27.641   32.767   84.8   9.82  14.000   -0.04367    1.97    2.38    3.40
17-07-2024 14:08:50.74  171.09   0.261  27.640   32.768   84.8   9.82  14.000   -0.03183    1.97    2.38    3.40
17-07-2024 14:08:50.99  171.04   0.259  27.638   32.767   84.8   9.82  14.000   -0.01998    2.39    2.38    3.18
17-07-2024 14:08:51.24  170.84   0.258  27.638   32.769   84.8   9.83  14.000   -0.00518    2.19    2.25    3.05
17-07-2024 14:08:51.48  170.70   0.258  27.638   32.769   84.8   9.83  14.000   -0.03479    2.15    2.47    3.18
17-07-2024 14:08:51.73  170.59   0.258  27.638   32.768   84.8   9.83  14.000   -0.00814    1.67    2.21    3.04
17-07-2024 14:08:51.98  170.61   0.257  27.637   32.769   84.8   9.83  14.000   -0.02146    2.11    2.19    3.13
17-07-2024 14:08:52.22  170.45   0.253  27.637   32.773   84.9   9.83  14.000   -0.02443    1.87    2.20    3.30
17-07-2024 14:08:52.47  170.23   0.249  27.635   32.774   84.9   9.84  14.000   -0.02961    1.87    2.20    3.30
17-07-2024 14:08:52.71  169.98   0.248  27.634   32.774   84.9   9.84  14.000   -0.02220    2.09    2.38    3.07
17-07-2024 14:08:52.96  169.88   0.248  27.632   32.772   84.9   9.84  14.000   -0.02961    2.27    2.40    3.13
17-07-2024 14:08:53.20  169.91   0.248  27.631   32.771   84.9   9.84  14.000   -0.02146    1.66    2.75    3.22
17-07-2024 14:08:53.45  169.52   0.248  27.630   32.769   84.9   9.84  14.000   -0.02146    1.93    2.61    3.43
17-07-2024 14:08:53.69  169.46   0.247  27.629   32.768   84.9   9.84  14.000   -0.01998    2.17    2.10    3.08
17-07-2024 14:08:53.94  169.38   0.247  27.629   32.769   84.9   9.84  14.000   -0.02961    1.90    2.06    3.31
17-07-2024 14:08:54.18  169.11   0.246  27.625   32.765   84.9   9.84  14.000   -0.02887    1.90    2.06    3.31
17-07-2024 14:08:54.43  169.16   0.244  27.624   32.765   84.9   9.84  14.000   -0.03183    2.17    2.33    2.86
17-07-2024 14:08:54.67  168.87   0.243  27.624   32.767   84.9   9.84  14.000   -0.01628    2.02    2.22    2.92
17-07-2024 14:08:54.93  168.71   0.242  27.622   32.766   84.9   9.84  14.000   -0.01554    2.11    2.85    3.38
17-07-2024 14:08:55.17  168.59   0.241  27.622   32.766   84.9   9.84  14.000   -0.02517    2.28    1.91    3.17
17-07-2024 14:08:55.42  168.41   0.241  27.621   32.766   84.9   9.85  14.000   -0.01776    1.83    2.26    3.30
17-07-2024 14:08:55.66  168.39   0.240  27.622   32.768   85.0   9.85  14.000   -0.02072    2.28    2.04    3.22
17-07-2024 14:08:55.91  168.14   0.240  27.621   32.767   84.9   9.85  14.000   -0.03035    2.28    2.04    3.22
17-07-2024 14:08:56.15  167.97   0.240  27.622   32.769   85.0   9.85  14.000   -0.02368    2.14    2.21    3.36
17-07-2024 14:08:56.40  168.01   0.239  27.619   32.765   85.0   9.85  14.000   -0.02517    2.00    2.52    3.13
17-07-2024 14:08:56.64  167.64   0.239  27.617   32.763   85.0   9.85  14.000   -0.03183    2.45    2.11    3.06
17-07-2024 14:08:56.89  167.64   0.238  27.617   32.763   85.0   9.86  14.000   -0.02294    1.83    1.94    3.17
17-07-2024 14:08:57.13  167.49   0.237  27.615   32.762   85.0   9.86  14.000   -0.01406    1.85    2.10    3.17
17-07-2024 14:08:57.38  167.15   0.237  27.615   32.762   85.0   9.86  14.000   -0.03257    2.10    2.45    3.25
17-07-2024 14:08:57.62  167.22   0.237  27.615   32.763   85.1   9.86  14.000   -0.01924    2.10    2.45    3.25
17-07-2024 14:08:57.87  166.96   0.237  27.614   32.762   85.1   9.86  14.000   -0.01628    2.10    2.49    2.95
17-07-2024 14:08:58.12  166.90   0.236  27.613   32.761   85.1   9.86  14.000   -0.02220    2.15    1.84    2.76
17-07-2024 14:08:58.36  166.82   0.236  27.612   32.760   85.1   9.86  14.000   -0.02294    1.95    2.45    3.22
17-07-2024 14:08:58.62  166.63   0.235  27.612   32.761   85.1   9.87  14.000   -0.04367    1.96    2.11    2.89
17-07-2024 14:08:58.86  166.52   0.234  27.610   32.760   85.1   9.87  14.000   -0.03701    2.22    2.21    3.38
17-07-2024 14:08:59.12  166.15   0.233  27.609   32.761   85.1   9.87  14.000   -0.01850    2.20    1.88    3.38
17-07-2024 14:08:59.35  166.01   0.232  27.609   32.760   85.1   9.87  14.000   -0.03553    2.20    1.88    3.38
17-07-2024 14:08:59.60  165.88   0.232  27.608   32.759   85.1   9.87  14.000   -0.03775    2.61    2.10    3.25
17-07-2024 14:08:59.84  165.72   0.230  27.606   32.758   85.1   9.87  14.000   -0.03553    2.03    2.32    3.30
17-07-2024 14:09:00.09  165.63   0.227  27.603   32.758   85.2   9.87  14.000   -0.02665    2.06    2.78    3.40
17-07-2024 14:09:00.33  165.46   0.226  27.603   32.760   85.2   9.87  14.000   -0.01480    1.83    2.16    2.87
17-07-2024 14:09:00.58  165.38   0.226  27.603   32.759   85.2   9.88  14.000   -0.01850    1.75    2.39    3.26
17-07-2024 14:09:00.82  165.36   0.226  27.601   32.757   85.2   9.88  14.000   -0.01924    2.31    2.42    3.40
17-07-2024 14:09:01.07  165.22   0.224  27.600   32.758   85.2   9.88  14.000   -0.03553    2.31    2.42    3.40
17-07-2024 14:09:01.31  165.02   0.223  27.599   32.758   85.2   9.88  14.000   -0.01258    2.29    2.19    3.23
17-07-2024 14:09:01.56  164.71   0.222  27.597   32.756   85.2   9.88  14.000   -0.03775    1.83    2.39    3.28
17-07-2024 14:09:01.81  164.63   0.223  27.597   32.755   85.2   9.88  14.000   -0.00740    1.98    2.32    2.99
17-07-2024 14:09:02.05  164.58   0.223  27.594   32.752   85.2   9.88  14.000   -0.02294    1.99    2.18    2.85
17-07-2024 14:09:02.30  164.27   0.222  27.596   32.755   85.2   9.88  14.000   -0.00888    2.07    2.14    3.34
17-07-2024 14:09:02.55  164.18   0.221  27.594   32.754   85.2   9.88  14.000   -0.00962    2.07    2.87    3.25
17-07-2024 14:09:02.79  163.99   0.219  27.593   32.754   85.2   9.89  14.000   -0.03405    2.07    2.87    3.25
17-07-2024 14:09:03.04  163.87   0.219  27.593   32.755   85.2   9.89  14.000   -0.03331    2.15    2.11    3.37
17-07-2024 14:09:03.29  163.81   0.218  27.592   32.755   85.2   9.89  14.000   -0.03109    2.34    2.27    3.17
17-07-2024 14:09:03.53  163.79   0.216  27.591   32.756   85.2   9.89  14.000   -0.02294    1.71    2.76    3.22
17-07-2024 14:09:03.78  163.50   0.216  27.590   32.754   85.2   9.89  14.000   -0.01258    1.78    2.34    3.10
17-07-2024 14:09:04.02  163.30   0.215  27.588   32.752   85.2   9.89  14.000   -0.03183    2.39    1.87    3.07
17-07-2024 14:09:04.27  163.33   0.213  27.589   32.756   85.2   9.89  14.000   -0.00962    2.02    2.37    3.10
17-07-2024 14:09:04.51  163.06   0.212  27.587   32.755   85.3   9.89  14.000   -0.02813    2.02    2.37    3.10
17-07-2024 14:09:04.76  162.95   0.206  27.585   32.759   85.3   9.90  14.000   -0.02443    2.04    2.47    3.11
17-07-2024 14:09:05.00  162.84   0.202  27.582   32.759   85.3   9.90  14.000   -0.02294    2.29    2.58    3.14
17-07-2024 14:09:05.25  162.70   0.201  27.578   32.755   85.3   9.90  14.000   -0.02665    2.16    2.33    3.26
17-07-2024 14:09:05.49  162.52   0.201  27.573   32.749   85.3   9.90  14.000   -0.02517    2.16    2.18    3.13
17-07-2024 14:09:05.74  162.31   0.202  27.572   32.747   85.3   9.90  14.000   -0.03701    2.36    1.73    3.06
17-07-2024 14:09:05.99  162.20   0.200  27.571   32.747   85.3   9.90  14.000   -0.02072    2.02    1.88    3.12
17-07-2024 14:09:06.23  162.13   0.200  27.571   32.747   85.4   9.91  14.000   -0.02072    2.02    1.88    3.12
17-07-2024 14:09:06.48  161.97   0.199  27.570   32.746   85.4   9.91  14.000   -0.01998    2.18    2.61    3.36
17-07-2024 14:09:06.73  161.67   0.199  27.570   32.748   85.4   9.91  14.000   -0.02887    2.25    2.39    3.21
17-07-2024 14:09:06.97  161.73   0.197  27.567   32.746   85.4   9.91  14.000   -0.02517    1.99    2.27    3.17
17-07-2024 14:09:07.22  161.53   0.194  27.562   32.743   85.4   9.91  14.000   -0.02665    2.02    2.56    3.21
17-07-2024 14:09:07.46  161.24   0.192  27.560   32.742   85.4   9.91  14.000   -0.01998    2.01    2.69    2.94
17-07-2024 14:09:07.71  161.33   0.191  27.560   32.743   85.4   9.91  14.000   -0.02665    2.12    2.17    3.07
17-07-2024 14:09:07.95  160.93   0.191  27.561   32.745   85.5   9.92  14.000   -0.01702    2.12    2.17    3.07
17-07-2024 14:09:08.20  161.04   0.190  27.562   32.747   85.5   9.92  14.000   -0.02368    2.03    2.57    3.32
17-07-2024 14:09:08.44  160.64   0.190  27.559   32.743   85.5   9.92  14.000   -0.01110    2.05    2.62    2.95
17-07-2024 14:09:08.69  160.74   0.183  27.556   32.747   85.5   9.93  14.000   -0.03479    2.28    2.40    3.09
17-07-2024 14:09:08.93  160.37   0.181  27.551   32.743   85.6   9.93  14.000   -0.01702    2.12    2.25    2.94
17-07-2024 14:09:09.18  160.42   0.180  27.549   32.742   85.6   9.94  14.000   -0.03775    2.04    2.49    3.14
17-07-2024 14:09:09.42  160.06   0.180  27.549   32.742   85.6   9.94  14.000   -0.01776    2.26    2.21    2.84
17-07-2024 14:09:09.68  159.89   0.180  27.550   32.742   85.6   9.94  14.000   -0.02517    2.26    2.21    2.84
17-07-2024 14:09:09.92  159.93   0.180  27.550   32.743   85.6   9.94  14.000   -0.02072    2.14    2.22    3.22
17-07-2024 14:09:10.18  159.59   0.179  27.549   32.743   85.6   9.94  14.000   -0.03553    2.42    2.23    3.31
17-07-2024 14:09:10.42  159.63   0.178  27.547   32.741   85.6   9.95  14.000   -0.02443    2.55    1.87    3.10
17-07-2024 14:09:10.66  159.37   0.177  27.544   32.738   85.7   9.95  14.000   -0.03553    1.88    1.95    3.36
17-07-2024 14:09:10.91  159.14   0.175  27.542   32.738   85.7   9.95  14.000   -0.01850    1.69    2.65    3.19
17-07-2024 14:09:11.15  159.15   0.175  27.541   32.736   85.7   9.95  14.000   -0.02443    2.20    2.19    3.12
17-07-2024 14:09:11.40  159.05   0.174  27.540   32.736   85.7   9.95  14.000   -0.02813    2.20    2.19    3.12
17-07-2024 14:09:11.64  158.84   0.173  27.540   32.737   85.7   9.95  14.000   -0.02739    2.00    2.27    3.26
17-07-2024 14:09:11.89  158.57   0.173  27.540   32.738   85.7   9.95  14.000   -0.02887    2.01    2.02    3.37
17-07-2024 14:09:12.13  158.43   0.173  27.540   32.739   85.7   9.95  14.000   -0.01998    2.10    2.55    3.34
17-07-2024 14:09:12.38  158.37   0.172  27.541   32.740   85.7   9.96  14.000   -0.02294    2.11    2.08    2.89
17-07-2024 14:09:12.62  158.32   0.172  27.538   32.737   85.7   9.96  14.000   -0.03923    1.92    2.29    3.23
17-07-2024 14:09:12.87  158.11   0.170  27.536   32.736   85.7   9.96  14.000   -0.02887    2.04    2.06    3.22
17-07-2024 14:09:13.11  157.80   0.169  27.534   32.735   85.7   9.96  14.000   -0.01480    2.04    2.06    3.22
17-07-2024 14:09:13.37  157.86   0.167  27.533   32.735   85.8   9.96  14.000   -0.02294    2.11    2.80    3.03
17-07-2024 14:09:13.61  157.56   0.167  27.532   32.734   85.7   9.96  14.000   -0.02813    2.02    1.98    2.79
17-07-2024 14:09:13.86  157.50   0.167  27.532   32.735   85.8   9.96  14.000   -0.02961    2.13    2.14    3.05
17-07-2024 14:09:14.10  157.40   0.167  27.531   32.734   85.8   9.96  14.000   -0.02591    2.14    2.20    3.01
17-07-2024 14:09:14.35  157.25   0.166  27.530   32.733   85.8   9.97  14.000   -0.02591    1.92    2.21    3.05
17-07-2024 14:09:14.59  157.09   0.165  27.531   32.735   85.8   9.97  14.000   -0.02591    1.86    2.12    3.46
17-07-2024 14:09:14.84  156.87   0.165  27.529   32.733   85.8   9.97  14.000   -0.02813    1.86    2.12    3.46
17-07-2024 14:09:15.08  156.64   0.164  27.527   32.730   85.8   9.97  14.000   -0.04293    1.75    2.64    3.21
17-07-2024 14:09:15.33  156.46   0.163  27.525   32.729   85.8   9.97  14.000   -0.01480    1.98    2.12    3.35
17-07-2024 14:09:15.57  156.44   0.162  27.523   32.729   85.8   9.97  14.000   -0.03479    1.68    2.82    3.28
17-07-2024 14:09:15.82  156.34   0.161  27.522   32.728   85.9   9.97  14.000   -0.03997    1.82    2.51    3.19
17-07-2024 14:09:16.06  156.11   0.160  27.523   32.730   85.9   9.98  14.000   -0.02813    2.24    1.82    3.09
17-07-2024 14:09:16.31  155.83   0.160  27.524   32.732   85.9   9.98  14.000   -0.03035    2.22    2.23    3.03
17-07-2024 14:09:16.55  155.79   0.159  27.523   32.733   85.9   9.98  14.000   -0.03257    2.22    2.23    3.03
17-07-2024 14:09:16.80  155.74   0.158  27.524   32.733   85.9   9.98  14.000   -0.04441    1.91    2.56    3.21
17-07-2024 14:09:17.05  155.56   0.158  27.521   32.730   85.9   9.98  14.000   -0.02146    2.31    1.99    3.10
17-07-2024 14:09:17.30  155.21   0.157  27.519   32.730   85.9   9.98  14.000   -0.02517    2.13    2.65    3.05
17-07-2024 14:09:17.55  155.14   0.156  27.518   32.729   85.9   9.99  14.000   -0.02294    1.88    2.39    3.01
17-07-2024 14:09:17.79  155.11   0.155  27.517   32.729   86.0   9.99  14.000   -0.02368    2.25    2.15    2.98
17-07-2024 14:09:18.04  154.99   0.155  27.517   32.729   86.0   9.99  14.000   -0.01776    1.84    1.82    3.37
17-07-2024 14:09:18.28  154.66   0.154  27.517   32.729   86.0   9.99  14.000   -0.02517    1.84    1.82    3.37
17-07-2024 14:09:18.53  154.50   0.154  27.515   32.728   86.0   9.99  14.000   -0.03109    1.92    2.29    3.02
17-07-2024 14:09:18.77  154.52   0.154  27.514   32.727   86.0  10.00  14.000   -0.03627    1.94    2.26    3.01
17-07-2024 14:09:19.02  154.10   0.154  27.514   32.727   86.0  10.00  14.000   -0.03479    2.37    2.29    3.26
17-07-2024 14:09:19.26  154.19   0.153  27.513   32.726   86.0  10.00  14.000   -0.02443    1.98    2.62    3.46
17-07-2024 14:09:19.51  154.03   0.153  27.513   32.726   86.1  10.00  14.000   -0.03183    2.24    2.48    3.11
17-07-2024 14:09:19.75  153.69   0.151  27.511   32.726   86.1  10.00  14.000   -0.02739    2.24    2.48    3.11
17-07-2024 14:09:20.00  153.69   0.150  27.510   32.726   86.1  10.01  14.000   -0.02665    2.12    2.77    3.05
17-07-2024 14:09:20.24  153.52   0.149  27.510   32.727   86.1  10.01  14.000    0.01480    2.17    2.08    3.13
17-07-2024 14:09:20.49  153.43   0.149  27.511   32.728   86.1  10.01  14.000   -0.02146    2.00    2.48    3.44
17-07-2024 14:09:20.74  153.21   0.149  27.511   32.728   86.1  10.01  14.000   -0.01850    2.08    2.07    3.29
17-07-2024 14:09:20.98  153.10   0.150  27.511   32.727   86.1  10.01  14.000   -0.03183    2.11    2.18    3.07
17-07-2024 14:09:21.24  152.84   0.149  27.510   32.727   86.1  10.01  14.000   -0.03923    1.51    2.57    3.13
17-07-2024 14:09:21.48  152.74   0.149  27.507   32.724   86.1  10.01  14.000   -0.01554    2.46    2.20    2.94
17-07-2024 14:09:21.72  152.62   0.147  27.506   32.724   86.2  10.01  14.000   -0.01776    2.46    2.20    2.94
17-07-2024 14:09:21.97  152.41   0.146  27.505   32.725   86.1  10.01  14.000   -0.01702    2.17    2.64    2.82
17-07-2024 14:09:22.21  152.20   0.145  27.505   32.725   86.2  10.01  14.000   -0.01258    1.90    2.41    3.29
17-07-2024 14:09:22.46  152.22   0.145  27.503   32.723   86.2  10.02  14.000   -0.03109    2.06    2.11    3.14
17-07-2024 14:09:22.70  152.10   0.145  27.503   32.723   86.2  10.02  14.000   -0.02813    2.19    2.28    2.98
17-07-2024 14:09:22.95  151.97   0.143  27.501   32.721   86.2  10.02  14.000   -0.02665    2.42    2.62    3.30
17-07-2024 14:09:23.19  151.73   0.142  27.498   32.720   86.2  10.02  14.000   -0.01258    2.42    2.62    3.30
17-07-2024 14:09:23.44  151.57   0.141  27.498   32.721   86.2  10.02  14.000   -0.03109    2.10    2.46    3.40
17-07-2024 14:09:23.68  151.39   0.141  27.497   32.720   86.2  10.02  14.000   -0.02072    1.99    2.63    3.31
17-07-2024 14:09:23.93  151.16   0.139  27.498   32.724   86.2  10.02  14.000   -0.02813    2.19    2.13    3.21
17-07-2024 14:09:24.18  151.05   0.138  27.498   32.724   86.2  10.02  14.000   -0.04219    1.94    2.00    3.27
17-07-2024 14:09:24.43  151.09   0.137  27.495   32.721   86.2  10.02  14.000   -0.03997    2.39    2.24    3.12
17-07-2024 14:09:24.67  150.89   0.134  27.493   32.722   86.2  10.02  14.000   -0.03849    2.22    2.54    3.40
17-07-2024 14:09:24.92  150.60   0.132  27.490   32.720   86.2  10.02  14.000   -0.02443    2.35    2.03    2.96
17-07-2024 14:09:25.21  150.49   0.131  27.489   32.720   86.2  10.02  14.000   -0.02146    2.11    2.18    2.98
17-07-2024 14:09:25.41  150.27   0.131  27.490   32.721   86.2  10.02  14.000   -0.02220    2.11    2.18    2.98
17-07-2024 14:09:25.66  150.11   0.131  27.486   32.718   86.2  10.02  14.000   -0.02220    1.99    2.21    3.27
17-07-2024 14:09:25.90  149.96   0.130  27.485   32.716   86.2  10.02  14.000   -0.03331    2.07    2.31    3.13
17-07-2024 14:09:26.15  149.80   0.129  27.483   32.716   86.2  10.02  14.000   -0.02961    1.81    2.68    2.99
17-07-2024 14:09:26.39  149.70   0.128  27.482   32.715   86.2  10.02  14.000   -0.03035    2.10    2.77    3.03
17-07-2024 14:09:26.63  149.59   0.127  27.481   32.715   86.2  10.02  14.000   -0.03923    2.10    2.77    3.03
17-07-2024 14:09:26.88  149.47   0.125  27.480   32.716   86.2  10.02  14.000   -0.04219    2.38    2.48    3.12
17-07-2024 14:09:27.13  149.34   0.124  27.481   32.717   86.2  10.03  14.000   -0.01998    2.39    1.93    3.00
17-07-2024 14:09:27.37  149.30   0.124  27.481   32.717   86.2  10.03  14.000   -0.04515    2.02    2.04    3.28
17-07-2024 14:09:27.62  149.16   0.123  27.479   32.717   86.2  10.03  14.000   -0.01998    2.04    2.55    2.60
17-07-2024 14:09:27.86  148.82   0.123  27.478   32.716   86.2  10.03  14.000   -0.02591    1.98    2.11    3.47
17-07-2024 14:09:28.11  148.78   0.120  27.476   32.715   86.3  10.03  14.000   -0.01850    1.95    2.51    2.96
17-07-2024 14:09:28.36  148.49   0.120  27.475   32.715   86.3  10.03  14.000   -0.01554    1.95    2.51    2.96
17-07-2024 14:09:28.61  148.33   0.120  27.475   32.716   86.3  10.04  14.000   -0.03775    2.02    2.36    3.30
17-07-2024 14:09:28.85  148.42   0.119  27.474   32.714   86.3  10.04  14.000   -0.00962    2.46    2.22    3.29
17-07-2024 14:09:29.10  148.12   0.119  27.474   32.715   86.3  10.04  14.000   -0.04145    2.23    2.47    3.04
17-07-2024 14:09:29.34  147.97   0.118  27.473   32.715   86.3  10.04  14.000   -0.03405    1.93    2.65    3.14
17-07-2024 14:09:29.59  147.99   0.117  27.471   32.713   86.3  10.04  14.000   -0.04589    1.90    1.74    3.34
17-07-2024 14:09:29.83  147.57   0.116  27.471   32.714   86.3  10.04  14.000   -0.03479    1.99    2.36    3.27
17-07-2024 14:09:30.08  147.66   0.114  27.468   32.712   86.3  10.04  14.000   -0.03627    1.99    2.36    3.27
17-07-2024 14:09:30.32  147.27   0.114  27.468   32.713   86.3  10.04  14.000   -0.03701    1.88    2.18    3.27
17-07-2024 14:09:30.57  147.36   0.114  27.467   32.711   86.4  10.05  14.000   -0.03035    2.16    2.18    3.38
17-07-2024 14:09:30.82  147.10   0.113  27.465   32.709   86.3  10.05  14.000   -0.02294    1.95    2.12    3.14
17-07-2024 14:09:31.06  146.86   0.113  27.465   32.710   86.3  10.04  14.000   -0.01332    1.81    2.28    3.35
17-07-2024 14:09:31.31  146.89   0.113  27.464   32.709   86.3  10.05  14.000   -0.03109    1.88    2.15    2.84
17-07-2024 14:09:31.55  146.52   0.113  27.462   32.707   86.3  10.05  14.000   -0.02294    2.15    2.35    3.05
17-07-2024 14:09:31.80  146.40   0.112  27.463   32.709   86.4  10.05  14.000   -0.00888    2.15    2.35    3.05
17-07-2024 14:09:32.06  146.38   0.112  27.463   32.709   86.4  10.05  14.000   -0.01924    2.15    2.21    3.10
17-07-2024 14:09:32.30  146.27   0.112  27.462   32.708   86.3  10.05  14.000   -0.02443    1.98    2.85    3.16
17-07-2024 14:09:32.54  145.93   0.111  27.461   32.707   86.4  10.05  14.000   -0.02517    2.10    2.45    3.25
17-07-2024 14:09:32.79  145.85   0.111  27.460   32.706   86.3  10.05  14.000   -0.02739    2.15    2.53    3.16
17-07-2024 14:09:33.03  145.77   0.110  27.461   32.708   86.4  10.05  14.000   -0.03183    2.05    3.06    3.39
17-07-2024 14:09:33.28  145.43   0.109  27.460   32.709   86.3  10.05  14.000   -0.03479    1.92    2.36    2.90
17-07-2024 14:09:33.52  145.48   0.108  27.459   32.708   86.4  10.05  14.000   -0.03257    1.92    2.36    2.90
17-07-2024 14:09:33.77  145.23   0.107  27.457   32.708   86.4  10.05  14.000   -0.03627    2.01    2.19    3.04
17-07-2024 14:09:34.01  145.04   0.105  27.455   32.706   86.4  10.05  14.000   -0.00666    1.79    2.35    3.01
17-07-2024 14:09:34.26  145.06   0.103  27.455   32.709   86.4  10.05  14.000   -0.03479    1.86    1.65    3.21
17-07-2024 14:09:34.50  144.72   0.101  27.457   32.714   86.4  10.05  14.000   -0.02961    2.01    2.27    3.15
17-07-2024 14:09:34.75  144.77   0.101  27.457   32.715   86.4  10.06  14.000   -0.02072    1.74    2.41    3.25
17-07-2024 14:09:34.99  144.44   0.099  27.458   32.717   86.4  10.06  14.000   -0.03183    1.87    2.51    3.49
17-07-2024 14:09:35.24  144.44   0.098  27.456   32.716   86.4  10.06  14.000   -0.02739    1.87    2.51    3.49
17-07-2024 14:09:35.49  144.10   0.096  27.450   32.710   86.5  10.06  14.000   -0.02665    2.18    2.60    3.13
17-07-2024 14:09:35.73  144.09   0.094  27.442   32.702   86.5  10.07  14.000   -0.02813    2.38    2.21    3.12
17-07-2024 14:09:35.98  144.04   0.092  27.440   32.701   86.5  10.07  14.000   -0.01480    2.19    2.80    3.21
17-07-2024 14:09:36.23  143.85   0.091  27.438   32.700   86.5  10.07  14.000   -0.02517    2.11    2.44    3.36
17-07-2024 14:09:36.47  143.50   0.089  27.439   32.702   86.5  10.07  14.000   -0.02813    2.19    2.18    3.22
17-07-2024 14:09:36.72  143.55   0.089  27.438   32.703   86.5  10.07  14.000   -0.02665    2.00    2.60    3.47
17-07-2024 14:09:36.96  143.41   0.087  27.439   32.705   86.5  10.07  14.000   -0.01332    2.00    2.60    3.47
17-07-2024 14:09:37.21  143.11   0.086  27.439   32.706   86.5  10.07  14.000   -0.02072    2.16    2.44    3.08
17-07-2024 14:09:37.45  142.97   0.085  27.433   32.700   86.5  10.08  14.000   -0.02443    2.07    2.48    2.93
17-07-2024 14:09:37.70  142.97   0.083  27.431   32.699   86.5  10.08  14.000   -0.05255    1.64    2.10    2.87
17-07-2024 14:09:37.94  142.84   0.082  27.426   32.695   86.5  10.08  14.000   -0.01554    2.30    2.12    2.98
17-07-2024 14:09:38.19  142.71   0.080  27.426   32.696   86.6  10.08  14.000   -0.04515    2.10    2.45    3.37
17-07-2024 14:09:38.43  142.57   0.077  27.425   32.698   86.5  10.08  14.000   -0.02517    1.72    2.16    3.16
17-07-2024 14:09:38.68  142.39   0.075  27.425   32.701   86.6  10.08  14.000   -0.02887    1.72    2.16    3.16
17-07-2024 14:09:38.92  142.26   0.074  27.424   32.700   86.6  10.08  14.000   -0.04219    1.94    2.22    3.24
17-07-2024 14:09:39.18  141.85   0.072  27.423   32.701   86.6  10.09  14.000   -0.01554    2.07    2.07    3.24
17-07-2024 14:09:39.42  141.68   0.072  27.423   32.702   86.6  10.09  14.000   -0.03405    2.05    2.01    3.25
17-07-2024 14:09:39.67  141.63   0.073  27.424   32.703   86.6  10.09  14.000   -0.03257    1.96    2.04    2.87
17-07-2024 14:09:39.92  141.42   0.071  27.425   32.705   86.6  10.09  14.000   -0.01628    2.18    2.11    2.84
17-07-2024 14:09:40.16  141.39   0.069  27.425   32.707   86.6  10.09  14.000   -0.03553    1.86    2.19    3.15
17-07-2024 14:09:40.41  141.24   0.068  27.425   32.708   86.6  10.09  14.000   -0.03257    1.86    2.19    3.15
17-07-2024 14:09:40.65  141.14   0.067  27.418   32.700   86.7  10.10  14.000   -0.02072    1.96    2.15    3.12
17-07-2024 14:09:40.90  141.02   0.066  27.415   32.698   86.7  10.10  14.000   -0.02665    2.16    1.67    3.34
17-07-2024 14:09:41.14  140.76   0.058  27.415   32.706   86.7  10.10  14.000   -0.01406    2.28    2.14    3.21
17-07-2024 14:09:41.39  140.50   0.051  27.408   32.705   86.7  10.11  14.000   -0.01628    2.14    2.32    2.84
17-07-2024 14:09:41.63  140.32   0.050  27.402   32.698   86.7  10.11  14.000   -0.02813    2.06    2.40    3.21
17-07-2024 14:09:41.88  140.22   0.049  27.399   32.696   86.7  10.11  14.000   -0.02146    1.99    2.42    3.46
17-07-2024 14:09:42.12  140.09   0.048  27.402   32.701   86.7  10.11  14.000   -0.02739    1.99    2.42    3.46
17-07-2024 14:09:42.37  140.00   0.047  27.399   32.698   86.7  10.11  14.000   -0.02072    2.14    2.74    3.27
17-07-2024 14:09:42.61  139.97   0.048  27.396   32.693   86.7  10.11  14.000   -0.02517    2.40    2.13    3.58
17-07-2024 14:09:42.87  139.73   0.048  27.393   32.689   86.7  10.11  14.000   -0.03701    2.16    2.24    3.06
17-07-2024 14:09:43.12  139.68   0.049  27.392   32.686   86.8  10.11  14.000   -0.02887    1.79    2.34    3.23
17-07-2024 14:09:43.36  139.49   0.049  27.388   32.682   86.8  10.11  14.000   -0.02961    2.09    2.01    3.32
17-07-2024 14:09:43.61  139.15   0.047  27.385   32.680   86.8  10.12  14.000   -0.03035    2.12    2.58    3.44
17-07-2024 14:09:43.85  139.25   0.046  27.384   32.680   86.8  10.12  14.000   -0.04145    2.12    2.58    3.44
17-07-2024 14:09:44.10  138.94   0.044  27.381   32.679   86.8  10.12  14.000   -0.04145    2.17    2.58    3.38
17-07-2024 14:09:44.34  138.87   0.041  27.379   32.679   86.8  10.12  14.000   -0.02813    2.07    2.15    2.84
17-07-2024 14:09:44.59  138.62   0.038  27.376   32.678   86.8  10.12  14.000   -0.03701    1.98    2.40    3.06
17-07-2024 14:09:44.83  138.48   0.036  27.376   32.680   86.8  10.12  14.000   -0.02294    1.92    2.67    3.17
17-07-2024 14:09:45.08  138.27   0.035  27.374   32.679   86.9  10.13  14.000   -0.03997    1.88    2.71    3.02
17-07-2024 14:09:45.32  138.36   0.033  27.372   32.679   86.9  10.13  14.000   -0.01998    2.11    2.73    3.16
17-07-2024 14:09:45.57  138.03   0.029  27.368   32.678   86.9  10.14  14.000   -0.02294    2.11    2.73    3.16
17-07-2024 14:09:45.81  137.81   0.027  27.367   32.677   86.9  10.14  14.000   -0.02072    1.83    2.23    3.34
17-07-2024 14:09:46.06  137.90   0.026  27.366   32.678   86.9  10.14  14.000   -0.04441    2.23    2.08    3.02
17-07-2024 14:09:46.30  137.65   0.025  27.364   32.677   86.9  10.14  14.000   -0.03257    1.91    2.55    3.32
17-07-2024 14:09:46.55  137.54   0.023  27.363   32.677   87.0  10.14  14.000   -0.00666    2.17    2.81    3.08
17-07-2024 14:09:46.80  137.40   0.023  27.362   32.676   87.0  10.14  14.000   -0.03405    1.98    2.66    3.21
17-07-2024 14:09:47.05  137.10   0.016  27.356   32.675   87.0  10.15  14.000   -0.02072    2.04    2.19    2.90
17-07-2024 14:09:47.29  137.13   0.014  27.350   32.670   87.0  10.15  14.000   -0.03997    2.04    2.19    2.90
17-07-2024 14:09:47.54  136.73   0.013  27.345   32.664   87.0  10.15  14.000   -0.03997    2.06    2.34    3.41
17-07-2024 14:09:47.78  136.81   0.011  27.345   32.666   87.0  10.16  14.000   -0.02665    1.94    2.47    3.28
17-07-2024 14:09:48.03  136.41   0.010  27.345   32.668   87.1  10.16  14.000   -0.03109    1.91    2.24    3.22
17-07-2024 14:09:48.27  136.52   0.010  27.344   32.668   87.1  10.16  14.000   -0.01036    2.09    2.17    2.94
17-07-2024 14:09:48.52  136.20   0.010  27.345   32.668   87.1  10.16  14.000   -0.02517    1.91    2.38    3.39
17-07-2024 14:09:48.76  136.01   0.009  27.344   32.669   87.1  10.16  14.000   -0.02294    2.06    2.23    3.49
17-07-2024 14:09:49.01  135.87   0.006  27.341   32.667   87.1  10.16  14.000   -0.02517    2.06    2.23    3.49
17-07-2024 14:09:49.25  135.82   0.004  27.339   32.667   87.1  10.17  14.000   -0.03257    1.91    2.38    3.32
17-07-2024 14:09:49.50  135.78   0.003  27.334   32.662   87.1  10.17  14.000   -0.02591    2.23    2.34    3.10
17-07-2024 14:09:49.74  135.36   0.002  27.331   32.659   87.2  10.17  14.000   -0.01850    2.29    2.87    3.16
17-07-2024 14:09:49.99  135.28   0.002  27.330   32.657   87.2  10.17  14.000   -0.01924    2.15    2.62    2.84
17-07-2024 14:09:50.24  135.23  -0.001  27.328   32.659   87.2  10.18  14.000   -0.02517    2.02    2.33    3.10
17-07-2024 14:09:50.49  134.95  -0.006  27.325   32.659   87.2  10.18  14.000   -0.02443    2.15    2.93    3.18
17-07-2024 14:09:50.73  134.83  -0.009  27.320   32.657   87.2  10.19  14.000   -0.02739    2.15    2.93    3.18
17-07-2024 14:09:50.98  134.76  -0.013  27.321   32.662   87.3  10.19  14.000   -0.03479    2.08    2.48    3.04
17-07-2024 14:09:51.23  134.55  -0.016  27.321   32.665   87.3  10.19  14.000   -0.02443    2.13    2.14    2.85
17-07-2024 14:09:51.47  134.38  -0.017  27.318   32.662   87.3  10.20  14.000   -0.02665    2.12    2.35    3.26
17-07-2024 14:09:51.72  134.16  -0.017  27.314   32.658   87.3  10.20  14.000   -0.02146    2.24    1.94    2.88
17-07-2024 14:09:51.96  134.03  -0.017  27.313   32.657   87.3  10.20  14.000   -0.03035    1.95    1.89    3.19
17-07-2024 14:09:52.21  134.01  -0.018  27.311   32.655   87.3  10.20  14.000   -0.03627    1.78    1.50    3.24
17-07-2024 14:09:52.45  133.95  -0.018  27.311   32.655   87.4  10.20  14.000   -0.02813    1.78    1.50    3.24
17-07-2024 14:09:52.70  133.84  -0.020  27.309   32.654   87.4  10.20  14.000   -0.02368    2.29    2.28    3.47
17-07-2024 14:09:52.94  133.61  -0.023  27.308   32.657   87.4  10.21  14.000   -0.01480    2.08    2.55    3.21
17-07-2024 14:09:53.19  133.30  -0.026  27.301   32.651   87.4  10.21  14.000   -0.02961    2.06    2.64    3.18
17-07-2024 14:09:53.43  133.19  -0.029  27.300   32.652   87.4  10.21  14.000   -0.02813    1.89    2.27    3.35
17-07-2024 14:09:53.68  133.05  -0.030  27.299   32.652   87.4  10.21  14.000   -0.01184    1.96    2.61    3.56
17-07-2024 14:09:53.93  133.05  -0.031  27.295   32.648   87.4  10.21  14.000   -0.03257    2.18    2.63    3.22
17-07-2024 14:09:54.18  132.80  -0.033  27.294   32.650   87.4  10.21  14.000   -0.01776    2.18    2.63    3.22
17-07-2024 14:09:54.42  132.71  -0.034  27.295   32.651   87.4  10.21  14.000   -0.01776    1.72    1.91    3.08
17-07-2024 14:09:54.67  132.43  -0.036  27.294   32.652   87.4  10.21  14.000   -0.03405    1.93    2.72    3.43
17-07-2024 14:09:54.91  132.22  -0.039  27.290   32.650   87.4  10.21  14.000   -0.02072    2.17    2.61    2.97
17-07-2024 14:09:55.16  132.11  -0.042  27.288   32.651   87.4  10.21  14.000   -0.02739    2.05    2.73    3.06
17-07-2024 14:09:55.40  132.18  -0.044  27.282   32.646   87.4  10.22  14.000   -0.04441    2.13    2.47    2.86
17-07-2024 14:09:55.65  131.91  -0.046  27.278   32.642   87.4  10.22  14.000   -0.02294    2.15    1.96    3.11
17-07-2024 14:09:55.89  131.62  -0.047  27.274   32.639   87.4  10.22  14.000   -0.02739    2.15    1.96    3.11
17-07-2024 14:09:56.14  131.55  -0.050  27.274   32.641   87.4  10.22  14.000   -0.04145    2.28    2.09    3.11
17-07-2024 14:09:56.38  131.58  -0.051  27.273   32.641   87.4  10.22  14.000   -0.03035    1.68    2.32    3.43
17-07-2024 14:09:56.63  131.36  -0.054  27.273   32.645   87.5  10.22  14.000   -0.03331    2.12    2.47    3.03
17-07-2024 14:09:56.87  131.02  -0.057  27.266   32.639   87.5  10.23  14.000   -0.03627    2.11    1.93    3.13
17-07-2024 14:09:57.12  130.91  -0.058  27.258   32.629   87.5  10.23  14.000   -0.02517    2.01    2.30    2.95
17-07-2024 14:09:57.37  130.98  -0.063  27.257   32.633   87.5  10.23  14.000   -0.03183    2.18    2.65    3.20
17-07-2024 14:09:57.61  130.77  -0.065  27.256   32.634   87.5  10.23  14.000   -0.05551    2.18    2.65    3.20
17-07-2024 14:09:57.86  130.60  -0.065  27.255   32.633   87.5  10.23  14.000   -0.04219    2.19    2.69    3.07
17-07-2024 14:09:58.11  130.32  -0.068  27.255   32.636   87.5  10.24  14.000   -0.04663    2.13    2.44    3.08
17-07-2024 14:09:58.35  130.31  -0.070  27.254   32.637   87.5  10.24  14.000   -0.01924    2.10    2.60    3.34
17-07-2024 14:09:58.60  130.11  -0.080  27.247   32.639   87.6  10.25  14.000   -0.02739    1.74    2.68    3.30
17-07-2024 14:09:58.84  129.99  -0.086  27.240   32.636   87.6  10.25  14.000   -0.02443    2.18    2.43    3.18
17-07-2024 14:09:59.09  129.76  -0.086  27.238   32.633   87.6  10.25  14.000   -0.02739    2.11    2.30    3.03
17-07-2024 14:09:59.33  129.79  -0.086  27.237   32.633   87.6  10.25  14.000   -0.03035    2.11    2.30    3.03
17-07-2024 14:09:59.58  129.54  -0.086  27.239   32.635   87.6  10.25  14.000   -0.03183    1.81    2.41    3.17
17-07-2024 14:09:59.82  129.21  -0.087  27.237   32.634   87.6  10.25  14.000   -0.03035    2.09    2.23    3.49
17-07-2024 14:10:00.07  129.14  -0.089  27.237   32.637   87.7  10.26  14.000   -0.04219    2.07    2.36    2.85
17-07-2024 14:10:00.31  129.15  -0.092  27.231   32.631   87.7  10.26  14.000   -0.03183    2.12    2.14    3.21
17-07-2024 14:10:00.56  128.76  -0.095  27.221   32.622   87.7  10.27  14.000   -0.02887    2.09    2.37    3.09
17-07-2024 14:10:00.80  128.66  -0.098  27.225   32.629   87.7  10.27  14.000   -0.02443    2.09    2.37    3.09
17-07-2024 14:10:01.05  128.71  -0.100  27.222   32.628   87.7  10.27  14.000   -0.03553    2.04    2.06    3.07
17-07-2024 14:10:01.30  128.33  -0.115  27.209   32.626   87.7  10.28  14.000   -0.04293    1.88    2.21    3.53
17-07-2024 14:10:01.55  128.22  -0.118  27.202   32.621   87.8  10.28  14.000   -0.03923    2.17    2.37    3.30
17-07-2024 14:10:01.80  128.27  -0.120  27.200   32.621   87.8  10.29  14.000   -0.04293    2.00    2.48    3.28
17-07-2024 14:10:02.04  127.93  -0.121  27.200   32.622   87.8  10.29  14.000   -0.04071    1.95    2.05    3.19
17-07-2024 14:10:02.29  127.74  -0.125  27.203   32.631   87.8  10.29  14.000   -0.02591    2.05    2.42    3.07
17-07-2024 14:10:02.53  127.64  -0.128  27.197   32.625   87.8  10.29  14.000   -0.02517    1.68    2.46    3.15
17-07-2024 14:10:02.78  127.64  -0.131  27.195   32.625   87.8  10.29  14.000   -0.03627    1.68    2.46    3.15
17-07-2024 14:10:03.02  127.52  -0.133  27.189   32.620   87.8  10.29  14.000   -0.03701    2.15    2.38    2.96
17-07-2024 14:10:03.27  127.18  -0.136  27.188   32.622   87.8  10.29  14.000   -0.03553    2.35    2.50    2.99
17-07-2024 14:10:03.51  126.97  -0.137  27.178   32.611   87.8  10.29  14.000   -0.02294    2.13    2.30    3.22
17-07-2024 14:10:03.76  126.85  -0.141  27.172   32.607   87.8  10.30  14.000   -0.02146    1.76    2.48    3.18
17-07-2024 14:10:04.00  126.74  -0.143  27.171   32.608   87.9  10.30  14.000   -0.00444    1.95    2.25    3.28
17-07-2024 14:10:04.25  126.67  -0.144  27.170   32.608   87.9  10.30  14.000   -0.03775    1.95    2.25    3.28
17-07-2024 14:10:04.49  126.47  -0.145  27.170   32.609   87.9  10.30  14.000   -0.04293    2.01    2.04    3.17
17-07-2024 14:10:04.74  126.46  -0.149  27.163   32.603   87.9  10.30  14.000    0.00000    2.04    2.28    3.18
17-07-2024 14:10:04.99  126.13  -0.154  27.159   32.603   87.9  10.31  14.000   -0.02665    2.10    2.44    3.31
17-07-2024 14:10:05.24  126.03  -0.162  27.159   32.613   87.9  10.31  14.000   -0.01850    2.32    1.94    3.16
17-07-2024 14:10:05.48  125.79  -0.167  27.155   32.612   87.9  10.31  14.000   -0.01998    2.29    2.15    3.14
17-07-2024 14:10:05.73  125.64  -0.167  27.149   32.605   87.9  10.31  14.000   -0.02961    2.24    2.05    3.25
17-07-2024 14:10:05.97  125.59  -0.165  27.151   32.605   87.9  10.31  14.000   -0.03627    2.24    2.05    3.25
17-07-2024 14:10:06.22  125.51  -0.165  27.151   32.605   87.9  10.31  14.000   -0.03109    2.43    2.54    3.17
17-07-2024 14:10:06.46  125.34  -0.166  27.145   32.599   87.9  10.31  14.000   -0.01036    2.48    2.59    3.48
17-07-2024 14:10:06.71  125.23  -0.170  27.142   32.599   87.9  10.31  14.000   -0.03405    2.22    2.08    3.33
17-07-2024 14:10:06.95  125.10  -0.172  27.138   32.597   87.9  10.32  14.000   -0.02294    2.08    2.70    2.76
17-07-2024 14:10:07.20  124.85  -0.174  27.134   32.593   88.0  10.32  14.000   -0.01998    1.97    2.37    3.16
17-07-2024 14:10:07.44  124.64  -0.179  27.133   32.596   88.0  10.32  14.000   -0.03627    2.00    2.43    3.09
17-07-2024 14:10:07.69  124.42  -0.183  27.127   32.593   88.0  10.32  14.000   -0.03035    2.00    2.43    3.09
17-07-2024 14:10:07.93  124.39  -0.187  27.123   32.592   88.0  10.33  14.000   -0.04219    1.87    2.47    3.07
17-07-2024 14:10:08.18  124.35  -0.187  27.122   32.591   88.0  10.33  14.000   -0.03997    2.07    2.20    3.01
17-07-2024 14:10:08.42  124.12  -0.188  27.121   32.592   87.9  10.32  14.000   -0.01924    1.88    1.99    2.90
17-07-2024 14:10:08.68  124.05  -0.190  27.118   32.589   88.0  10.32  14.000   -0.03405    1.93    2.32    2.91
17-07-2024 14:10:08.92  123.79  -0.191  27.115   32.588   87.9  10.32  14.000   -0.03627    2.02    2.16    3.17
17-07-2024 14:10:09.17  123.61  -0.196  27.111   32.587   87.9  10.33  14.000   -0.03405    1.95    2.13    3.02
17-07-2024 14:10:09.41  123.40  -0.201  27.110   32.591   87.9  10.33  14.000   -0.06143    1.95    2.13    3.02
17-07-2024 14:10:09.66  123.44  -0.204  27.107   32.590   87.9  10.33  14.000   -0.02887    2.04    2.49    3.13
17-07-2024 14:10:09.91  123.09  -0.207  27.106   32.592   88.0  10.33  14.000    0.00370    2.11    2.39    3.09
17-07-2024 14:10:10.15  123.11  -0.214  27.101   32.593   88.0  10.33  14.000   -0.03775    1.83    2.33    3.32
17-07-2024 14:10:10.40  122.80  -0.215  27.100   32.593   88.0  10.34  14.000   -0.03701    2.21    2.07    2.75
17-07-2024 14:10:10.64  122.79  -0.215  27.097   32.589   88.0  10.33  14.000   -0.03849    1.96    2.03    2.92
17-07-2024 14:10:10.89  122.47  -0.215  27.098   32.590   88.0  10.33  14.000   -0.04515    2.18    1.90    3.17
17-07-2024 14:10:11.13  122.48  -0.216  27.093   32.585   88.0  10.34  14.000   -0.03257    2.18    1.90    3.17
17-07-2024 14:10:11.38  122.32  -0.217  27.095   32.590   88.0  10.34  14.000   -0.03553    2.02    2.51    2.80
17-07-2024 14:10:11.62  122.15  -0.219  27.094   32.589   88.0  10.34  14.000   -0.05033    2.08    2.26    3.20
17-07-2024 14:10:11.87  122.01  -0.219  27.088   32.582   88.0  10.34  14.000   -0.01110    2.15    2.50    3.23
17-07-2024 14:10:12.11  121.97  -0.221  27.082   32.577   88.1  10.35  14.000   -0.02665    2.28    2.41    3.06
17-07-2024 14:10:12.37  121.71  -0.226  27.080   32.579   88.1  10.35  14.000   -0.03331    2.10    2.37    3.16
17-07-2024 14:10:12.61  121.67  -0.226  27.079   32.578   88.1  10.35  14.000   -0.04441    2.39    2.60    3.16
17-07-2024 14:10:12.86  121.31  -0.230  27.076   32.577   88.1  10.36  14.000   -0.02739    2.39    2.60    3.16
17-07-2024 14:10:13.10  121.18  -0.235  27.070   32.576   88.1  10.36  14.000   -0.02961    2.10    2.56    3.16
17-07-2024 14:10:13.35  121.24  -0.235  27.066   32.570   88.2  10.36  14.000   -0.01406    1.92    2.10    3.13
17-07-2024 14:10:13.59  120.96  -0.236  27.059   32.562   88.2  10.37  14.000   -0.02887    1.75    2.91    3.29
17-07-2024 14:10:13.84  120.70  -0.239  27.056   32.562   88.2  10.36  14.000   -0.04145    2.08    2.51    3.32
17-07-2024 14:10:14.08  120.79  -0.243  27.053   32.562   88.2  10.37  14.000   -0.01924    1.62    2.19    2.99
17-07-2024 14:10:14.33  120.54  -0.246  27.051   32.563   88.2  10.38  14.000   -0.03849    1.91    2.92    3.17
17-07-2024 14:10:14.57  120.31  -0.251  27.049   32.565   88.3  10.38  14.000   -0.03035    1.91    2.92    3.17
17-07-2024 14:10:14.82  120.35  -0.253  27.048   32.565   88.3  10.38  14.000   -0.04589    1.99    2.41    2.76
17-07-2024 14:10:15.06  120.19  -0.255  27.046   32.566   88.3  10.39  14.000   -0.03553    2.19    2.59    3.28
17-07-2024 14:10:15.31  119.87  -0.259  27.045   32.569   88.3  10.39  14.000   -0.04145    2.02    2.15    3.14
17-07-2024 14:10:15.56  119.70  -0.260  27.043   32.568   88.3  10.39  14.000   -0.01554    1.89    2.01    3.48
17-07-2024 14:10:15.80  119.77  -0.262  27.038   32.563   88.3  10.39  14.000   -0.03627    2.10    1.87    3.63
17-07-2024 14:10:16.06  119.34  -0.264  27.037   32.564   88.4  10.40  14.000   -0.01776    2.28    2.25    3.04
17-07-2024 14:10:16.30  119.40  -0.266  27.031   32.558   88.4  10.40  14.000   -0.03331    2.28    2.25    3.04
17-07-2024 14:10:16.55  119.10  -0.267  27.027   32.554   88.4  10.40  14.000   -0.03109    2.08    2.30    3.26
17-07-2024 14:10:16.79  118.94  -0.268  27.026   32.553   88.4  10.40  14.000   -0.01702    2.27    2.42    3.23
17-07-2024 14:10:17.04  118.97  -0.269  27.023   32.550   88.4  10.41  14.000   -0.03109    2.32    2.06    3.23
17-07-2024 14:10:17.28  118.82  -0.271  27.020   32.550   88.5  10.41  14.000   -0.05107    2.00    2.38    3.35
17-07-2024 14:10:17.53  118.66  -0.275  27.019   32.553   88.5  10.41  14.000   -0.01258    1.91    2.09    3.03
17-07-2024 14:10:17.77  118.48  -0.281  27.014   32.552   88.5  10.42  14.000   -0.03553    2.02    2.35    3.06
17-07-2024 14:10:18.02  118.26  -0.281  27.013   32.551   88.5  10.42  14.000   -0.02368    2.02    2.35    3.06
17-07-2024 14:10:18.26  118.15  -0.284  27.010   32.550   88.5  10.42  14.000   -0.02813    1.94    2.08    3.02
17-07-2024 14:10:18.51  117.93  -0.285  27.012   32.554   88.5  10.42  14.000   -0.02443    2.08    2.39    3.05
17-07-2024 14:10:18.75  117.78  -0.303  27.009   32.570   88.6  10.43  14.000   -0.02294    1.97    2.16    3.31
17-07-2024 14:10:19.00  117.75  -0.307  27.015   32.581   88.6  10.44  14.000   -0.03109    2.13    2.05    3.14
17-07-2024 14:10:19.24  117.56  -0.303  27.016   32.579   88.6  10.44  14.000   -0.02443    2.00    1.97    3.18
17-07-2024 14:10:19.49  117.46  -0.302  27.016   32.578   88.6  10.44  14.000   -0.02887    2.04    2.27    3.49
17-07-2024 14:10:19.74  117.21  -0.302  27.006   32.564   88.6  10.44  14.000   -0.03849    2.04    2.27    3.49
17-07-2024 14:10:19.98  117.15  -0.302  26.999   32.556   88.6  10.44  14.000   -0.03775    2.21    2.27    3.32
17-07-2024 14:10:20.23  116.95  -0.305  27.005   32.567   88.7  10.44  14.000   -0.03183    2.27    2.25    3.25
17-07-2024 14:10:20.48  116.87  -0.308  27.007   32.572   88.7  10.45  14.000   -0.03997    2.39    2.68    3.17
17-07-2024 14:10:20.72  116.70  -0.310  27.002   32.568   88.7  10.45  14.000   -0.02368    1.80    2.20    3.33
17-07-2024 14:10:20.97  116.57  -0.312  26.997   32.564   88.8  10.46  14.000   -0.03553    2.02    2.07    3.26
17-07-2024 14:10:21.22  116.38  -0.314  26.984   32.549   88.8  10.46  14.000   -0.04515    2.04    2.48    3.08
17-07-2024 14:10:21.46  116.15  -0.316  26.977   32.542   88.8  10.46  14.000   -0.02739    2.04    2.48    3.08
17-07-2024 14:10:21.71  116.06  -0.318  26.974   32.539   88.8  10.46  14.000   -0.02294    1.90    2.43    3.35
17-07-2024 14:10:21.95  115.95  -0.320  26.971   32.538   88.8  10.46  14.000   -0.01924    2.06    2.15    3.00
17-07-2024 14:10:22.20  115.81  -0.326  26.966   32.537   88.8  10.47  14.000   -0.00814    2.10    2.05    3.23
17-07-2024 14:10:22.44  115.65  -0.334  26.955   32.532   88.9  10.48  14.000   -0.02220    2.11    2.13    2.92
17-07-2024 14:10:22.69  115.41  -0.339  26.949   32.530   88.9  10.48  14.000   -0.01702    1.75    2.31    2.89
17-07-2024 14:10:22.93  115.31  -0.341  26.949   32.531   88.9  10.48  14.000   -0.03701    2.04    1.81    3.23
17-07-2024 14:10:23.17  115.09  -0.341  26.951   32.534   88.9  10.48  14.000   -0.02813    2.04    1.81    3.23
17-07-2024 14:10:23.43  115.02  -0.341  26.950   32.533   88.9  10.48  14.000   -0.01850    2.35    2.23    3.01
17-07-2024 14:10:23.67  114.83  -0.340  26.948   32.530   88.9  10.49  14.000   -0.02072    1.90    2.54    3.08
17-07-2024 14:10:23.92  114.62  -0.344  26.940   32.523   88.9  10.49  14.000   -0.03035    2.09    2.19    2.93
17-07-2024 14:10:24.17  114.32  -0.351  26.935   32.524   89.0  10.49  14.000   -0.02591    1.82    2.06    3.12
17-07-2024 14:10:24.41  114.28  -0.353  26.929   32.519   89.0  10.50  14.000   -0.02294    2.08    1.97    3.18
17-07-2024 14:10:24.66  114.28  -0.357  26.930   32.525   89.0  10.50  14.000   -0.04219    1.92    2.32    3.02
17-07-2024 14:10:24.90  113.96  -0.359  26.936   32.534   89.0  10.50  14.000   -0.03701    1.92    2.32    3.02
17-07-2024 14:10:25.15  113.95  -0.359  26.937   32.536   89.0  10.50  14.000   -0.02517    2.03    2.35    3.55
17-07-2024 14:10:25.39  113.62  -0.361  26.940   32.543   89.1  10.51  14.000   -0.03257    1.78    2.25    3.29
17-07-2024 14:10:25.64  113.66  -0.364  26.931   32.533   89.1  10.51  14.000   -0.04293    1.84    2.18    3.04
17-07-2024 14:10:25.88  113.31  -0.367  26.917   32.518   89.1  10.51  14.000   -0.02739    2.21    2.46    2.89
17-07-2024 14:10:26.13  113.41  -0.369  26.908   32.508   89.1  10.52  14.000   -0.02739    2.22    2.12    3.19
17-07-2024 14:10:26.37  113.07  -0.371  26.910   32.514   89.1  10.52  14.000   -0.03109    2.35    2.66    3.13
17-07-2024 14:10:26.62  112.91  -0.374  26.908   32.513   89.2  10.52  14.000   -0.02368    2.35    2.66    3.13
17-07-2024 14:10:26.87  112.80  -0.374  26.908   32.514   89.2  10.53  14.000   -0.05403    2.39    2.39    3.02
17-07-2024 14:10:27.12  112.57  -0.376  26.907   32.514   89.2  10.53  14.000   -0.03035    2.25    2.14    3.53
17-07-2024 14:10:27.36  112.57  -0.378  26.904   32.513   89.2  10.53  14.000   -0.02294    1.95    1.90    3.27
17-07-2024 14:10:27.61  112.24  -0.380  26.907   32.519   89.2  10.53  14.000   -0.03035    2.25    1.92    3.33
17-07-2024 14:10:27.86  112.14  -0.382  26.906   32.521   89.3  10.54  14.000   -0.01332    2.18    2.45    3.41
17-07-2024 14:10:28.10  112.17  -0.386  26.897   32.513   89.3  10.54  14.000   -0.04663    2.02    2.07    2.95
17-07-2024 14:10:28.35  111.89  -0.395  26.889   32.511   89.4  10.55  14.000   -0.04441    2.02    2.07    2.95
17-07-2024 14:10:28.59  111.65  -0.396  26.886   32.508   89.4  10.55  14.000   -0.02813    1.76    2.74    3.28
17-07-2024 14:10:28.84  111.73  -0.398  26.887   32.513   89.4  10.56  14.000   -0.02591    2.12    2.36    2.89
17-07-2024 14:10:29.08  111.43  -0.399  26.894   32.523   89.4  10.56  14.000   -0.03997    2.19    2.00    3.14
17-07-2024 14:10:29.33  111.22  -0.400  26.895   32.525   89.4  10.56  14.000   -0.03183    2.43    2.63    3.29
17-07-2024 14:10:29.57  111.22  -0.410  26.882   32.518   89.4  10.56  14.000   -0.03257    1.91    2.00    3.26
17-07-2024 14:10:29.82  111.00  -0.411  26.863   32.494   89.5  10.58  14.000   -0.02443    1.95    2.12    3.11
17-07-2024 14:10:30.06  110.76  -0.414  26.855   32.487   89.5  10.58  14.000   -0.03331    1.95    2.12    3.11
17-07-2024 14:10:30.31  110.83  -0.416  26.850   32.483   89.5  10.58  14.000   -0.03997    2.23    2.48    2.85
17-07-2024 14:10:30.55  110.48  -0.419  26.855   32.493   89.5  10.58  14.000   -0.03405    2.21    1.92    3.26
17-07-2024 14:10:30.80  110.41  -0.425  26.846   32.487   89.5  10.59  14.000   -0.02961    2.01    2.27    3.23
17-07-2024 14:10:31.05  110.37  -0.431  26.834   32.477   89.6  10.59  14.000   -0.01702    2.12    2.51    3.44
17-07-2024 14:10:31.30  109.95  -0.433  26.836   32.482   89.6  10.59  14.000   -0.03701    2.23    1.77    2.89
17-07-2024 14:10:31.54  110.00  -0.435  26.835   32.483   89.6  10.60  14.000   -0.02072    1.96    2.46    3.40
17-07-2024 14:10:31.79  109.73  -0.437  26.832   32.482   89.6  10.60  14.000   -0.02517    1.96    2.46    3.40
17-07-2024 14:10:32.03  109.58  -0.446  26.825   32.483   89.7  10.61  14.000   -0.04589    2.06    2.46    3.26
17-07-2024 14:10:32.28  109.62  -0.453  26.827   32.493   89.7  10.61  14.000   -0.03849    2.15    1.51    3.20
17-07-2024 14:10:32.52  109.38  -0.453  26.822   32.486   89.7  10.61  14.000   -0.03849    1.92    2.09    3.29
17-07-2024 14:10:32.77  109.12  -0.452  26.812   32.472   89.7  10.62  14.000   -0.02961    2.20    2.47    3.44
17-07-2024 14:10:33.01  108.93  -0.453  26.812   32.472   89.7  10.62  14.000   -0.01776    1.88    2.28    3.05
17-07-2024 14:10:33.26  108.73  -0.454  26.813   32.475   89.7  10.62  14.000   -0.01628    2.06    2.60    3.01
17-07-2024 14:10:33.50  108.67  -0.452  26.811   32.470   89.8  10.62  14.000   -0.01776    2.06    2.60    3.01
17-07-2024 14:10:33.75  108.48  -0.456  26.804   32.465   89.8  10.62  14.000   -0.04811    1.97    2.37    3.29
17-07-2024 14:10:33.99  108.33  -0.457  26.804   32.467   89.8  10.63  14.000   -0.02665    2.07    2.54    3.11
17-07-2024 14:10:34.24  108.15  -0.461  26.802   32.469   89.8  10.63  14.000   -0.04293    2.13    2.54    3.09
17-07-2024 14:10:34.49  108.11  -0.466  26.796   32.465   89.8  10.63  14.000   -0.02517    2.21    2.40    3.12
17-07-2024 14:10:34.74  107.88  -0.469  26.790   32.461   89.8  10.63  14.000   -0.02220    2.37    2.41    3.44
17-07-2024 14:10:34.99  107.71  -0.474  26.790   32.467   89.8  10.63  14.000   -0.03997    2.43    2.40    3.03
17-07-2024 14:10:35.23  107.62  -0.476  26.788   32.465   89.9  10.64  14.000   -0.02517    2.43    2.40    3.03
17-07-2024 14:10:35.48  107.62  -0.477  26.788   32.467   89.9  10.64  14.000   -0.02665    2.09    2.30    3.13
17-07-2024 14:10:35.72  107.47  -0.479  26.783   32.462   89.9  10.64  14.000   -0.04145    2.05    2.39    3.14
17-07-2024 14:10:35.97  107.11  -0.482  26.780   32.463   89.9  10.65  14.000   -0.03405    2.22    2.34    3.29
17-07-2024 14:10:36.21  107.23  -0.487  26.778   32.465   90.0  10.65  14.000   -0.02368    2.36    2.12    3.43
17-07-2024 14:10:36.46  106.87  -0.492  26.779   32.471   90.0  10.66  14.000   -0.02961    2.20    2.41    3.19
17-07-2024 14:10:36.70  106.67  -0.494  26.772   32.465   90.0  10.66  14.000   -0.01036    2.08    2.65    3.07
17-07-2024 14:10:36.95  106.78  -0.500  26.766   32.463   90.0  10.66  14.000   -0.02443    2.08    2.65    3.07
17-07-2024 14:10:37.19  106.38  -0.503  26.755   32.452   90.0  10.67  14.000   -0.03109    1.82    2.27    3.24
17-07-2024 14:10:37.44  106.27  -0.505  26.752   32.450   90.0  10.67  14.000   -0.04219    2.07    2.79    3.19
17-07-2024 14:10:37.68  106.29  -0.508  26.758   32.461   90.0  10.67  14.000   -0.02443    1.97    2.35    3.37
17-07-2024 14:10:37.93  105.95  -0.509  26.760   32.466   90.1  10.67  14.000   -0.03183    2.16    1.86    3.12
17-07-2024 14:10:38.19  106.00  -0.510  26.761   32.468   90.1  10.67  14.000   -0.02739    2.21    2.36    3.37
17-07-2024 14:10:38.42  105.60  -0.510  26.760   32.466   90.1  10.67  14.000   -0.02294    2.01    2.12    3.26
17-07-2024 14:10:38.67  105.69  -0.509  26.756   32.461   90.1  10.68  14.000   -0.02517    2.01    2.12    3.26
17-07-2024 14:10:38.92  105.33  -0.512  26.749   32.453   90.1  10.68  14.000   -0.03183    1.96    2.39    3.15
17-07-2024 14:10:39.16  105.25  -0.516  26.738   32.443   90.1  10.68  14.000   -0.02739    1.82    2.31    3.37
17-07-2024 14:10:39.41  105.09  -0.520  26.731   32.438   90.2  10.69  14.000   -0.02368    2.09    2.31    3.13
17-07-2024 14:10:39.65  105.02  -0.523  26.729   32.439   90.2  10.69  14.000   -0.00888    2.04    2.22    3.12
17-07-2024 14:10:39.90  104.76  -0.527  26.728   32.442   90.2  10.70  14.000   -0.04441    2.19    2.23    3.16
17-07-2024 14:10:40.14  104.76  -0.527  26.726   32.440   90.2  10.70  14.000   -0.02665    2.17    2.77    3.21
17-07-2024 14:10:40.39  104.46  -0.528  26.722   32.436   90.3  10.70  14.000   -0.03257    2.17    2.77    3.21
17-07-2024 14:10:40.63  104.43  -0.531  26.713   32.426   90.2  10.70  14.000   -0.02443    1.81    2.74    3.41
17-07-2024 14:10:40.88  104.08  -0.534  26.710   32.427   90.3  10.71  14.000   -0.01554    2.08    2.03    3.22
17-07-2024 14:10:41.12  104.19  -0.535  26.706   32.421   90.3  10.71  14.000   -0.01628    2.05    2.24    3.17
17-07-2024 14:10:41.37  103.79  -0.539  26.706   32.426   90.3  10.71  14.000   -0.04071    1.71    2.00    2.92
17-07-2024 14:10:41.62  103.75  -0.543  26.707   32.432   90.3  10.72  14.000   -0.03479    2.32    2.18    3.19
17-07-2024 14:10:41.87  103.61  -0.545  26.706   32.434   90.3  10.72  14.000   -0.02294    1.95    2.60    3.19
17-07-2024 14:10:42.11  103.44  -0.546  26.704   32.431   90.4  10.72  14.000   -0.03997    1.95    2.60    3.19
17-07-2024 14:10:42.36  103.39  -0.547  26.699   32.426   90.4  10.73  14.000   -0.03479    1.98    2.78    3.29
17-07-2024 14:10:42.61  103.14  -0.550  26.698   32.427   90.5  10.73  14.000   -0.02887    1.89    2.08    3.18
17-07-2024 14:10:42.85  103.01  -0.552  26.696   32.427   90.5  10.74  14.000   -0.01406    2.10    2.12    3.13
17-07-2024 14:10:43.10  102.82  -0.553  26.692   32.423   90.5  10.74  14.000   -0.02665    1.97    2.33    2.87
17-07-2024 14:10:43.34  102.67  -0.553  26.687   32.417   90.5  10.74  14.000   -0.01702    2.24    2.52    3.05
17-07-2024 14:10:43.59  102.67  -0.554  26.681   32.410   90.6  10.75  14.000   -0.02665    2.19    2.67    3.19
17-07-2024 14:10:43.83  102.24  -0.556  26.680   32.411   90.6  10.75  14.000   -0.03331    2.19    2.67    3.19
17-07-2024 14:10:44.08  102.33  -0.557  26.677   32.407   90.6  10.76  14.000   -0.01776    2.42    2.37    3.38
17-07-2024 14:10:44.32  102.02  -0.559  26.671   32.402   90.7  10.76  14.000   -0.01554    2.23    2.50    3.09
17-07-2024 14:10:44.57  101.84  -0.561  26.666   32.398   90.7  10.77  14.000   -0.03997    1.91    2.46    3.35
17-07-2024 14:10:44.81  101.91  -0.563  26.663   32.396   90.7  10.77  14.000   -0.03479    1.95    2.14    3.29
17-07-2024 14:10:45.06  101.58  -0.564  26.666   32.401   90.8  10.78  14.000   -0.03627    2.06    2.18    3.36
17-07-2024 14:10:45.30  101.37  -0.565  26.665   32.401   90.8  10.78  14.000   -0.03997    2.06    2.18    3.36
17-07-2024 14:10:45.55  101.27  -0.571  26.663   32.404   90.8  10.79  14.000   -0.03257    1.86    2.43    3.13
17-07-2024 14:10:45.80  101.21  -0.571  26.662   32.402   90.9  10.79  14.000   -0.02887    1.99    2.35    3.40
17-07-2024 14:10:46.05  101.12  -0.570  26.653   32.390   90.9  10.79  14.000   -0.02887    2.19    2.42    3.15
17-07-2024 14:10:46.29  100.94  -0.571  26.649   32.385   90.9  10.79  14.000   -0.04663    2.13    1.91    2.88
17-07-2024 14:10:46.54  100.81  -0.572  26.649   32.387   91.0  10.80  14.000   -0.04441    1.80    2.21    3.13
17-07-2024 14:10:46.78  100.66  -0.572  26.651   32.390   91.0  10.80  14.000   -0.02665    2.25    2.66    3.23
17-07-2024 14:10:47.03  100.38  -0.573  26.653   32.394   91.0  10.81  14.000   -0.03627    2.25    2.66    3.23
17-07-2024 14:10:47.27  100.10  -0.576  26.649   32.392   91.1  10.82  14.000   -0.02887    1.97    2.34    3.24
17-07-2024 14:10:47.52  100.04  -0.576  26.648   32.391   91.1  10.82  14.000   -0.02146    1.87    2.33    3.24
17-07-2024 14:10:47.76   99.94  -0.577  26.645   32.388   91.1  10.82  14.000   -0.03331    2.19    2.15    3.06
17-07-2024 14:10:48.01   99.71  -0.577  26.644   32.387   91.1  10.82  14.000   -0.04885    2.01    2.22    3.06
17-07-2024 14:10:48.25   99.52  -0.577  26.642   32.383   91.1  10.82  14.000   -0.02591    2.14    2.45    3.20
17-07-2024 14:10:48.50   99.35  -0.576  26.642   32.383   91.2  10.83  14.000   -0.01998    2.14    2.53    2.91
17-07-2024 14:10:48.74   99.23  -0.577  26.639   32.380   91.2  10.83  14.000   -0.03997    2.14    2.53    2.91
17-07-2024 14:10:48.99   99.06  -0.577  26.636   32.376   91.2  10.84  14.000   -0.02961    2.16    2.20    2.93
17-07-2024 14:10:49.25   98.98  -0.577  26.634   32.373   91.2  10.84  14.000   -0.03109    1.90    2.59    3.31
17-07-2024 14:10:49.49   98.75  -0.578  26.632   32.373   91.3  10.85  14.000   -0.04293    1.93    1.91    3.08
17-07-2024 14:10:49.74   98.57  -0.579  26.630   32.371   91.3  10.84  14.000   -0.02739    2.30    2.07    3.21
17-07-2024 14:10:49.98   98.56  -0.580  26.630   32.372   91.3  10.85  14.000   -0.03553    1.95    2.20    3.23
17-07-2024 14:10:50.23   98.51  -0.580  26.628   32.370   91.3  10.85  14.000   -0.02517    1.96    2.65    3.20
17-07-2024 14:10:50.47   98.14  -0.580  26.625   32.365   91.3  10.85  14.000   -0.04737    1.96    2.65    3.20
17-07-2024 14:10:50.72   98.03  -0.581  26.623   32.364   91.4  10.85  14.000   -0.01480    2.42    2.17    2.68
17-07-2024 14:10:50.96   97.96  -0.582  26.622   32.364   91.4  10.86  14.000   -0.01998    2.00    2.58    3.36
17-07-2024 14:10:51.21   97.76  -0.582  26.621   32.362   91.4  10.86  14.000   -0.02813    2.09    2.42    3.47
17-07-2024 14:10:51.45   97.67  -0.583  26.621   32.363   91.4  10.86  14.000   -0.03553    2.17    2.63    3.28
17-07-2024 14:10:51.70   97.45  -0.583  26.622   32.365   91.4  10.86  14.000   -0.03109    2.11    1.64    3.19
17-07-2024 14:10:51.94   97.34  -0.583  26.621   32.363   91.4  10.86  14.000   -0.02961    2.05    2.14    3.30
17-07-2024 14:10:52.19   97.16  -0.582  26.621   32.362   91.4  10.87  14.000   -0.03405    2.05    2.14    3.30
17-07-2024 14:10:52.43   97.02  -0.582  26.619   32.360   91.5  10.87  14.000   -0.01628    1.95    2.71    3.04
17-07-2024 14:10:52.68   96.90  -0.581  26.617   32.357   91.5  10.87  14.000   -0.02961    2.15    2.17    3.35
17-07-2024 14:10:52.93   96.83  -0.581  26.615   32.353   91.5  10.87  14.000   -0.04589    2.24    2.47    3.14
17-07-2024 14:10:53.17   96.50  -0.580  26.616   32.353   91.5  10.87  14.000   -0.02813    2.13    2.57    3.06
17-07-2024 14:10:53.42   96.41  -0.579  26.617   32.354   91.5  10.87  14.000   -0.01554    1.71    2.35    3.19
17-07-2024 14:10:53.67   96.38  -0.580  26.617   32.355   91.5  10.87  14.000   -0.03923    1.96    2.02    3.15
17-07-2024 14:10:53.91   96.02  -0.579  26.617   32.354   91.5  10.87  14.000   -0.03257    1.96    2.02    3.15
17-07-2024 14:10:54.16   95.93  -0.578  26.616   32.352   91.6  10.88  14.000   -0.02813    2.28    2.11    2.94
17-07-2024 14:10:54.40   95.70  -0.577  26.615   32.349   91.6  10.88  14.000   -0.01554    2.35    2.21    3.22
17-07-2024 14:10:54.65   95.79  -0.577  26.614   32.349   91.6  10.88  14.000   -0.00740    2.41    1.91    3.18
17-07-2024 14:10:54.89   95.51  -0.576  26.614   32.348   91.6  10.88  14.000   -0.02368    2.02    2.49    2.73
17-07-2024 14:10:55.14   95.23  -0.576  26.614   32.347   91.6  10.89  14.000   -0.04145    2.22    2.18    3.33
17-07-2024 14:10:55.38   95.32  -0.575  26.614   32.347   91.6  10.89  14.000   -0.04515    1.93    2.50    3.10
17-07-2024 14:10:55.63   94.91  -0.573  26.613   32.344   91.7  10.89  14.000   -0.03997    1.93    2.50    3.10
17-07-2024 14:10:55.87   94.99  -0.573  26.613   32.343   91.7  10.89  14.000   -0.04145    2.02    2.59    3.24
17-07-2024 14:10:56.12   94.82  -0.571  26.613   32.341   91.7  10.89  14.000   -0.03109    2.18    2.14    3.04
17-07-2024 14:10:56.37   94.48  -0.570  26.614   32.341   91.7  10.90  14.000   -0.02294    2.36    2.13    3.29
17-07-2024 14:10:56.62   94.57  -0.567  26.613   32.338   91.7  10.90  14.000   -0.03479    2.10    2.08    2.97
17-07-2024 14:10:56.86   94.17  -0.566  26.613   32.336   91.8  10.90  14.000   -0.04071    2.33    2.21    2.82
17-07-2024 14:10:57.11   94.27  -0.565  26.614   32.336   91.8  10.91  14.000   -0.02591    2.04    2.41    3.13
17-07-2024 14:10:57.35   94.01  -0.564  26.614   32.335   91.8  10.91  14.000   -0.02072    2.04    2.41    3.13
17-07-2024 14:10:57.60   93.70  -0.562  26.614   32.333   91.9  10.91  14.000   -0.02146    2.13    2.18    2.82
17-07-2024 14:10:57.85   93.76  -0.561  26.613   32.331   91.9  10.91  14.000   -0.02443    2.20    1.96    3.33
17-07-2024 14:10:58.09   93.53  -0.560  26.614   32.332   91.9  10.92  14.000   -0.02220    1.94    2.15    3.26
17-07-2024 14:10:58.34   93.47  -0.559  26.615   32.332   91.9  10.92  14.000   -0.02443    1.99    2.18    2.94
17-07-2024 14:10:58.58   93.37  -0.554  26.616   32.329   91.9  10.92  14.000   -0.01702    1.99    2.12    3.38
17-07-2024 14:10:58.83   93.24  -0.551  26.618   32.328   92.0  10.92  14.000   -0.03331    2.08    2.13    3.07
17-07-2024 14:10:59.07   93.00  -0.549  26.618   32.326   92.0  10.92  14.000   -0.03183    2.08    2.13    3.07
17-07-2024 14:10:59.32   92.72  -0.543  26.618   32.320   92.0  10.92  14.000   -0.00814    1.95    2.06    3.17
17-07-2024 14:10:59.56   92.50  -0.539  26.620   32.318   92.0  10.92  14.000   -0.01998    2.00    1.67    2.83
17-07-2024 14:10:59.81   92.38  -0.537  26.622   32.318   92.0  10.92  14.000   -0.01776    2.40    2.05    3.24
17-07-2024 14:11:00.06   92.26  -0.533  26.622   32.315   92.0  10.92  14.000   -0.01110    2.13    2.23    2.94
17-07-2024 14:11:00.31   92.28  -0.531  26.625   32.317   92.0  10.92  14.000   -0.02220    1.94    2.08    3.21
17-07-2024 14:11:00.55   92.15  -0.529  26.626   32.316   92.0  10.92  14.000   -0.02220    2.28    2.12    2.98
17-07-2024 14:11:00.80   91.83  -0.524  26.627   32.312   92.0  10.92  14.000   -0.01998    2.28    2.12    2.98
17-07-2024 14:11:01.04   91.65  -0.521  26.627   32.308   92.1  10.92  14.000   -0.03627    1.96    2.45    3.33
17-07-2024 14:11:01.29   91.59  -0.519  26.628   32.307   92.0  10.92  14.000   -0.01924    2.12    2.08    2.79
17-07-2024 14:11:01.53   91.49  -0.518  26.629   32.307   92.1  10.92  14.000   -0.00370    2.17    2.29    3.41
17-07-2024 14:11:01.78   91.08  -0.516  26.629   32.307   92.1  10.92  14.000   -0.03479    1.90    2.22    3.18
17-07-2024 14:11:02.02   91.02  -0.506  26.640   32.310   92.1  10.92  14.000   -0.03257    2.26    2.78    3.10
17-07-2024 14:11:02.27   91.05  -0.498  26.644   32.307   92.1  10.92  14.000   -0.02443    2.39    2.00    3.25
17-07-2024 14:11:02.51   90.86  -0.496  26.645   32.307   92.1  10.92  14.000   -0.04367    2.39    2.00    3.25
17-07-2024 14:11:02.76   90.67  -0.487  26.646   32.298   92.1  10.92  14.000   -0.00740    2.00    2.37    3.40
17-07-2024 14:11:03.00   90.34  -0.483  26.646   32.294   92.1  10.92  14.000   -0.02665    2.08    2.09    3.14
17-07-2024 14:11:03.25   90.33  -0.481  26.645   32.291   92.1  10.92  14.000   -0.01998    2.20    2.37    3.13
17-07-2024 14:11:03.50   90.28  -0.480  26.648   32.293   92.2  10.92  14.000   -0.02072    2.37    2.86    3.42
17-07-2024 14:11:03.74   89.90  -0.477  26.656   32.302   92.2  10.93  14.000   -0.03479    2.09    2.28    2.74
17-07-2024 14:11:03.99   89.91  -0.471  26.661   32.301   92.2  10.93  14.000   -0.02665    2.59    2.40    3.01
17-07-2024 14:11:04.24   89.79  -0.468  26.663   32.300   92.3  10.93  14.000   -0.00666    2.59    2.40    3.01
17-07-2024 14:11:04.49   89.48  -0.457  26.667   32.295   92.3  10.93  14.000   -0.03035    1.94    2.27    3.47
17-07-2024 14:11:04.73   89.32  -0.448  26.669   32.288   92.3  10.93  14.000   -0.04885    1.89    2.50    3.15
17-07-2024 14:11:04.98   89.36  -0.444  26.668   32.283   92.3  10.93  14.000   -0.02961    2.18    1.84    3.50
17-07-2024 14:11:05.22   88.99  -0.442  26.667   32.280   92.3  10.93  14.000   -0.01480    2.21    2.73    2.90
17-07-2024 14:11:05.47   89.09  -0.415  26.672   32.258   92.3  10.93  14.000   -0.01776    2.08    2.48    2.88
17-07-2024 14:11:05.71   88.69  -0.405  26.680   32.258   92.3  10.92  14.000   -0.03331    1.80    1.96    2.95
17-07-2024 14:11:05.96   88.60  -0.405  26.693   32.275   92.4  10.93  14.000   -0.02443    1.80    1.96    2.95
17-07-2024 14:11:06.20   88.63  -0.398  26.702   32.280   92.4  10.93  14.000   -0.01332    2.18    2.14    3.22
17-07-2024 14:11:06.45   88.26  -0.390  26.704   32.274   92.4  10.93  14.000   -0.01850    2.19    2.00    3.34
17-07-2024 14:11:06.69   88.21  -0.382  26.708   32.271   92.4  10.93  14.000   -0.02072    1.73    2.20    3.27
17-07-2024 14:11:06.94   88.08  -0.376  26.710   32.266   92.4  10.93  14.000   -0.01776    2.28    2.47    3.01
17-07-2024 14:11:07.18   87.80  -0.368  26.714   32.264   92.5  10.93  14.000   -0.02294    2.36    2.55    3.30
17-07-2024 14:11:07.43   87.85  -0.363  26.716   32.261   92.5  10.93  14.000   -0.01036    2.27    2.04    3.15
17-07-2024 14:11:07.68   87.57  -0.362  26.719   32.264   92.5  10.94  14.000   -0.00740    2.27    2.04    3.15
17-07-2024 14:11:07.92   87.38  -0.352  26.721   32.257   92.6  10.94  14.000   -0.02813    1.99    1.99    3.06
17-07-2024 14:11:08.17   87.36  -0.345  26.722   32.250   92.6  10.94  14.000   -0.01258    2.03    2.66    3.08
17-07-2024 14:11:08.42   87.00  -0.330  26.723   32.237   92.6  10.94  14.000   -0.01776    2.39    1.90    2.88
17-07-2024 14:11:08.66   87.09  -0.326  26.725   32.234   92.6  10.94  14.000   -0.00222    2.04    2.17    3.39
17-07-2024 14:11:08.91   86.76  -0.321  26.728   32.234   92.6  10.94  14.000   -0.02146    1.92    2.09    3.03
17-07-2024 14:11:09.15   86.76  -0.316  26.732   32.234   92.7  10.94  14.000   -0.00518    1.94    2.18    3.19
17-07-2024 14:11:09.40   86.41  -0.313  26.735   32.234   92.7  10.95  14.000   -0.03331    1.94    2.18    3.19
17-07-2024 14:11:09.64   86.46  -0.307  26.732   32.224   92.7  10.95  14.000   -0.03183    2.18    2.34    3.21
17-07-2024 14:11:09.89   86.21  -0.303  26.736   32.224   92.8  10.95  14.000   -0.03331    2.43    2.51    3.39
17-07-2024 14:11:10.13   86.04  -0.272  26.748   32.209   92.7  10.93  14.000   -0.02665    2.08    2.01    3.55
17-07-2024 14:11:10.38   85.87  -0.262  26.761   32.215   92.7  10.93  14.000   -0.02443    2.31    2.26    3.44
17-07-2024 14:11:10.62   85.74  -0.261  26.760   32.212   92.7  10.93  14.000   -0.01258    1.93    2.11    3.24
17-07-2024 14:11:10.87   85.54  -0.257  26.759   32.208   92.8  10.94  14.000   -0.00296    2.18    2.27    3.01
17-07-2024 14:11:11.12   85.51  -0.261  26.763   32.216   92.8  10.95  14.000   -0.01702    2.18    2.27    3.01
17-07-2024 14:11:11.37   85.23  -0.264  26.766   32.225   92.9  10.95  14.000   -0.01628    1.86    1.98    2.96
17-07-2024 14:11:11.61   85.03  -0.262  26.768   32.225   92.9  10.95  14.000   -0.01776    2.27    2.05    3.41
17-07-2024 14:11:11.86   85.09  -0.255  26.773   32.225   92.9  10.96  14.000   -0.01184    2.07    2.48    3.17
17-07-2024 14:11:12.11   84.85  -0.247  26.773   32.216   93.0  10.96  14.000   -0.01258    2.01    2.49    3.24
17-07-2024 14:11:12.35   84.68  -0.240  26.778   32.216   93.0  10.96  14.000   -0.00666    1.94    1.94    3.39
17-07-2024 14:11:12.60   84.67  -0.233  26.781   32.212   93.0  10.96  14.000   -0.02665    2.44    2.33    3.36
17-07-2024 14:11:12.84   84.45  -0.226  26.788   32.214   93.0  10.96  14.000   -0.01406    2.44    2.33    3.36
17-07-2024 14:11:13.09   84.14  -0.218  26.787   32.205   93.1  10.96  14.000   -0.01480    2.18    2.35    3.29
17-07-2024 14:11:13.33   83.99  -0.214  26.789   32.202   93.1  10.97  14.000   -0.01702    1.94    2.07    3.35
17-07-2024 14:11:13.58   83.93  -0.212  26.789   32.200   93.1  10.97  14.000   -0.00592    2.39    2.20    3.10
17-07-2024 14:11:13.82   83.97  -0.212  26.788   32.200   93.2  10.97  14.000   -0.01184    2.01    1.99    2.91
17-07-2024 14:11:14.07   83.77  -0.210  26.794   32.205   93.3  10.98  14.000   -0.00888    2.03    2.68    3.27
17-07-2024 14:11:14.31   83.55  -0.205  26.799   32.207   93.3  10.98  14.000   -0.00222    2.17    1.98    3.19
17-07-2024 14:11:14.56   83.28  -0.199  26.814   32.221   93.3  10.98  14.000   -0.01776    2.17    1.98    3.19
17-07-2024 14:11:14.81   83.25  -0.186  26.816   32.209   93.3  10.98  14.000   -0.01998    1.90    2.47    2.99
17-07-2024 14:11:15.05   83.15  -0.177  26.815   32.198   93.4  10.99  14.000   -0.00888    2.00    2.05    2.96
17-07-2024 14:11:15.30   83.04  -0.170  26.813   32.188   93.4  10.99  14.000   -0.01332    1.78    2.74    3.03
17-07-2024 14:11:15.55   82.66  -0.162  26.815   32.182   93.4  10.99  14.000   -0.01850    2.19    2.08    2.83
17-07-2024 14:11:15.79   82.56  -0.148  26.827   32.184   93.4  10.99  14.000   -0.01332    2.22    2.56    3.53
17-07-2024 14:11:16.04   82.56  -0.135  26.830   32.175   93.5  10.99  14.000   -0.01406    2.14    1.58    3.09
17-07-2024 14:11:16.28   82.37  -0.129  26.834   32.173   93.5  10.99  14.000   -0.00888    2.14    1.58    3.09
17-07-2024 14:11:16.53   82.07  -0.126  26.838   32.175   93.6  11.00  14.000   -0.01258    2.04    2.23    3.10
17-07-2024 14:11:16.78   81.94  -0.124  26.841   32.177   93.6  11.00  14.000   -0.01406    1.98    2.33    3.31
17-07-2024 14:11:17.02   81.90  -0.121  26.844   32.179   93.7  11.01  14.000   -0.02517    2.19    2.41    3.27
17-07-2024 14:11:17.27   81.90  -0.117  26.843   32.173   93.7  11.01  14.000   -0.01184    2.19    1.78    3.14
17-07-2024 14:11:17.51   81.68  -0.110  26.840   32.162   93.8  11.02  14.000   -0.00370    2.06    2.32    3.15
17-07-2024 14:11:17.76   81.32  -0.106  26.836   32.152   93.8  11.01  14.000   -0.01628    2.26    2.40    3.52
17-07-2024 14:11:18.00   81.18  -0.103  26.848   32.164   93.8  11.02  14.000    0.00074    2.26    2.40    3.52
17-07-2024 14:11:18.25   81.04  -0.092  26.854   32.162   93.8  11.02  14.000    0.00444    2.23    2.16    3.26
17-07-2024 14:11:18.49   80.92  -0.088  26.859   32.164   93.9  11.02  14.000   -0.01258    2.11    2.67    3.08
17-07-2024 14:11:18.74   80.94  -0.084  26.862   32.164   93.9  11.03  14.000   -0.00592    2.00    1.98    3.46
17-07-2024 14:11:18.99   80.76  -0.080  26.861   32.159   94.0  11.03  14.000   -0.03183    2.37    2.38    3.02
17-07-2024 14:11:19.24   80.68  -0.076  26.865   32.159   94.0  11.04  14.000   -0.00888    2.17    2.27    3.08
17-07-2024 14:11:19.48   80.40  -0.071  26.865   32.154   94.1  11.04  14.000    0.00740    1.94    2.61    3.29
17-07-2024 14:11:19.73   80.23  -0.067  26.867   32.154   94.1  11.04  14.000   -0.00148    1.94    2.61    3.29
17-07-2024 14:11:19.97   80.12  -0.061  26.869   32.149   94.2  11.05  14.000   -0.01554    2.05    2.35    3.03
17-07-2024 14:11:20.22   79.92  -0.060  26.868   32.148   94.2  11.05  14.000   -0.00148    2.07    2.36    2.89
17-07-2024 14:11:20.46   79.93  -0.059  26.874   32.155   94.2  11.06  14.000   -0.01628    1.92    2.55    3.41
17-07-2024 14:11:20.71   79.77  -0.054  26.881   32.158   94.3  11.06  14.000   -0.00962    2.06    2.30    3.12
17-07-2024 14:11:20.95   79.46  -0.046  26.882   32.151   94.3  11.06  14.000   -0.00296    2.22    2.29    3.49
17-07-2024 14:11:21.20   79.28  -0.039  26.881   32.143   94.4  11.07  14.000    0.00148    1.98    2.33    3.39
17-07-2024 14:11:21.44   79.28  -0.036  26.880   32.138   94.5  11.08  14.000   -0.00148    1.98    2.33    3.39
17-07-2024 14:11:21.69   79.19  -0.033  26.879   32.134   94.5  11.08  14.000   -0.00444    2.30    2.42    3.40
17-07-2024 14:11:21.93   78.83  -0.025  26.884   32.132   94.5  11.08  14.000    0.00962    2.29    2.75    3.25
17-07-2024 14:11:22.19   78.79  -0.015  26.886   32.123   94.6  11.08  14.000    0.00592    2.16    2.07    3.18
17-07-2024 14:11:22.43   78.67  -0.015  26.888   32.126   94.6  11.09  14.000   -0.00074    2.23    2.54    2.97
17-07-2024 14:11:22.68   78.62  -0.011  26.890   32.125   94.6  11.09  14.000    0.00888    2.02    1.99    3.04
17-07-2024 14:11:22.93   78.43  -0.008  26.890   32.122   94.7  11.09  14.000    0.01998    2.08    2.54    3.39
17-07-2024 14:11:23.17   78.09  -0.007  26.892   32.123   94.7  11.10  14.000    0.00148    2.08    2.54    3.39
17-07-2024 14:11:23.42   78.20  -0.006  26.891   32.122   94.8  11.11  14.000    0.01110    2.06    1.76    3.60
17-07-2024 14:11:23.66   77.89  -0.003  26.892   32.120   94.8  11.11  14.000    0.01110    2.27    2.27    2.88
17-07-2024 14:11:23.91   77.62   0.001  26.892   32.116   94.9  11.11  14.000   -0.00074    2.02    2.24    2.96
17-07-2024 14:11:24.15   77.71   0.002  26.898   32.122   94.9  11.12  14.000   -0.01332    1.91    2.27    3.43
17-07-2024 14:11:24.40   77.40   0.004  26.902   32.126   95.0  11.12  14.000   -0.00148    2.04    2.00    3.35
17-07-2024 14:11:24.64   77.29   0.005  26.905   32.129   95.0  11.13  14.000   -0.00074    2.09    2.04    3.27
17-07-2024 14:11:24.89   77.26   0.006  26.904   32.126   95.0  11.13  14.000    0.00222    2.09    2.04    3.27
17-07-2024 14:11:25.13   76.89   0.008  26.907   32.129   95.1  11.14  14.000    0.00962    2.08    2.48    3.02
17-07-2024 14:11:25.38   77.00   0.009  26.907   32.128   95.2  11.15  14.000    0.01184    2.16    2.40    2.80
17-07-2024 14:11:25.62   76.68   0.011  26.906   32.125   95.2  11.16  14.000   -0.00148    2.17    2.29    3.38
17-07-2024 14:11:25.87   76.43   0.012  26.908   32.126   95.3  11.16  14.000    0.00518    2.10    2.39    3.36
17-07-2024 14:11:26.12   76.55   0.014  26.909   32.125   95.4  11.17  14.000   -0.00444    2.06    2.07    3.45
17-07-2024 14:11:26.36   76.30   0.016  26.910   32.125   95.4  11.18  14.000    0.01554    2.06    2.07    3.45
17-07-2024 14:11:26.61   76.00   0.019  26.911   32.123   95.5  11.18  14.000    0.01258    2.28    2.17    3.34
17-07-2024 14:11:26.86   75.84   0.023  26.914   32.123   95.5  11.18  14.000    0.01480    2.06    2.51    3.05
17-07-2024 14:11:27.10   75.87   0.024  26.914   32.121   95.6  11.19  14.000    0.01332    2.13    2.46    3.53
17-07-2024 14:11:27.35   75.78   0.024  26.916   32.123   95.7  11.21  14.000    0.01998    2.38    1.95    3.36
17-07-2024 14:11:27.59   75.55   0.027  26.916   32.121   95.7  11.21  14.000    0.02813    2.05    2.32    3.19
17-07-2024 14:11:27.84   75.35   0.029  26.915   32.119   95.8  11.22  14.000    0.02294    2.17    2.00    3.48
17-07-2024 14:11:28.08   75.19   0.031  26.916   32.117   95.9  11.22  14.000    0.01258    2.17    2.00    3.48
17-07-2024 14:11:28.33   75.07   0.035  26.917   32.115   95.9  11.23  14.000    0.01480    2.05    2.32    3.30
17-07-2024 14:11:28.57   74.86   0.041  26.923   32.115   96.0  11.23  14.000    0.02961    2.07    2.66    3.29
17-07-2024 14:11:28.82   74.75   0.054  26.926   32.107   96.0  11.24  14.000    0.00888    2.27    2.78    3.16
17-07-2024 14:11:29.06   74.63   0.058  26.924   32.099   96.1  11.24  14.000    0.02665    2.31    2.33    3.07
17-07-2024 14:11:29.31   74.49   0.060  26.923   32.096   96.2  11.25  14.000    0.01850    1.96    2.51    3.17
17-07-2024 14:11:29.55   74.27   0.062  26.928   32.100   96.3  11.26  14.000    0.02072    2.08    1.88    3.12
17-07-2024 14:11:29.81   73.97   0.080  26.942   32.100   96.2  11.25  14.000    0.02961    2.08    1.88    3.12
17-07-2024 14:11:30.05   73.86   0.094  26.950   32.096   96.3  11.25  14.000    0.01332    2.13    2.50    3.33
17-07-2024 14:11:30.30   73.88   0.106  26.960   32.097   96.4  11.26  14.000    0.00666    2.18    2.34    3.24
17-07-2024 14:11:30.55   73.73   0.118  26.966   32.093   96.4  11.27  14.000    0.00370    2.45    2.50    2.88
17-07-2024 14:11:30.79   73.64   0.127  26.965   32.082   96.5  11.27  14.000    0.02887    2.32    2.55    3.11
17-07-2024 14:11:31.04   73.43   0.134  26.965   32.075   96.6  11.28  14.000   -0.00148    2.00    2.12    3.40
17-07-2024 14:11:31.28   73.13   0.139  26.967   32.071   96.6  11.28  14.000    0.03035    2.41    2.47    3.21
17-07-2024 14:11:31.52   72.93   0.143  26.973   32.075   96.7  11.28  14.000    0.02294    2.41    2.47    3.21
17-07-2024 14:11:31.77   72.80   0.148  26.976   32.074   96.7  11.29  14.000    0.02220    1.96    2.39    3.16
17-07-2024 14:11:32.02   72.65   0.153  26.980   32.074   96.8  11.30  14.000    0.03923    1.90    2.33    3.19
17-07-2024 14:11:32.26   72.51   0.157  26.983   32.075   96.8  11.30  14.000    0.01998    1.97    2.16    3.44
17-07-2024 14:11:32.51   72.35   0.163  26.984   32.069   96.9  11.31  14.000    0.01036    2.24    2.39    3.26
17-07-2024 14:11:32.75   72.20   0.168  26.982   32.062   97.0  11.31  14.000    0.03035    1.97    2.22    3.15
17-07-2024 14:11:33.00   72.02   0.173  26.982   32.057   97.0  11.32  14.000    0.04219    2.25    1.94    3.34
17-07-2024 14:11:33.25   71.99   0.179  26.984   32.054   97.1  11.33  14.000    0.01924    2.25    1.94    3.34
17-07-2024 14:11:33.49   71.88   0.184  26.985   32.049   97.1  11.33  14.000    0.03849    2.36    2.28    3.06
17-07-2024 14:11:33.74   71.58   0.187  26.987   32.049   97.2  11.33  14.000    0.04515    2.79    2.90    3.18
17-07-2024 14:11:33.99   71.39   0.189  26.987   32.047   97.3  11.35  14.000    0.02294    2.12    2.25    3.15
17-07-2024 14:11:34.23   71.20   0.192  26.987   32.044   97.4  11.36  14.000    0.02294    2.34    2.55    3.11
17-07-2024 14:11:34.48   71.07   0.194  26.988   32.044   97.4  11.36  14.000    0.03257    2.09    2.12    2.96
17-07-2024 14:11:34.72   70.97   0.196  26.986   32.038   97.5  11.37  14.000    0.03775    2.35    2.19    3.20
17-07-2024 14:11:34.97   70.85   0.200  26.988   32.038   97.6  11.38  14.000    0.03553    2.35    2.19    3.20
17-07-2024 14:11:35.21   70.78   0.202  26.991   32.039   97.6  11.38  14.000    0.02517    2.13    2.19    3.14
17-07-2024 14:11:35.46   70.69   0.209  26.996   32.038   97.7  11.39  14.000    0.05181    1.88    2.25    3.32
17-07-2024 14:11:35.70   70.37   0.214  27.000   32.038   97.8  11.40  14.000    0.02887    2.35    2.11    3.19
17-07-2024 14:11:35.95   70.11   0.218  26.999   32.032   97.8  11.40  14.000    0.04145    2.00    2.40    3.23
17-07-2024 14:11:36.19   70.11   0.225  26.996   32.022   98.0  11.42  14.000    0.02887    2.25    1.68    3.39
17-07-2024 14:11:36.44   70.05   0.230  26.999   32.021   98.1  11.43  14.000    0.04515    2.28    2.56    2.93
17-07-2024 14:11:36.68   69.93   0.234  27.006   32.025   98.1  11.43  14.000    0.04145    2.28    2.56    2.93
17-07-2024 14:11:36.93   69.53   0.243  27.011   32.023   98.2  11.44  14.000    0.04959    1.84    2.37    3.52
17-07-2024 14:11:37.18   69.34   0.249  27.012   32.018   98.3  11.45  14.000    0.03701    2.08    2.49    3.17
17-07-2024 14:11:37.43   69.36   0.251  27.009   32.012   98.4  11.46  14.000    0.04219    2.37    1.84    3.51
17-07-2024 14:11:37.67   69.32   0.263  27.017   32.011   98.5  11.47  14.000    0.06513    2.36    2.41    3.02
17-07-2024 14:11:37.92   69.01   0.275  27.027   32.011   98.5  11.47  14.000    0.03923    2.31    2.01    3.52
17-07-2024 14:11:38.17   68.72   0.281  27.028   32.007   98.6  11.48  14.000    0.05847    2.02    2.23    3.38
17-07-2024 14:11:38.41   68.60   0.283  27.030   32.006   98.7  11.49  14.000    0.03997    2.02    2.23    3.38
17-07-2024 14:11:38.66   68.67   0.286  27.030   32.004   98.8  11.50  14.000    0.04367    2.20    2.42    3.15
17-07-2024 14:11:38.90   68.29   0.291  27.032   32.002   98.9  11.51  14.000    0.05921    2.14    2.00    3.30
17-07-2024 14:11:39.15   68.35   0.292  27.030   31.998   99.1  11.53  14.000    0.04071    2.08    2.50    2.95
17-07-2024 14:11:39.39   67.95   0.294  27.033   31.999   99.1  11.53  14.000    0.05625    2.16    2.15    3.26
17-07-2024 14:11:39.64   68.06   0.296  27.032   31.996   99.2  11.54  14.000    0.05773    2.25    1.78    3.74
17-07-2024 14:11:39.88   67.66   0.299  27.034   31.995   99.3  11.55  14.000    0.05033    1.87    2.25    3.01
17-07-2024 14:11:40.13   67.68   0.300  27.031   31.991   99.4  11.56  14.000    0.06735    1.87    2.25    3.01
17-07-2024 14:11:40.37   67.36   0.298  27.031   31.993   99.5  11.57  14.000    0.06883    2.26    2.47    3.12
17-07-2024 14:11:40.62   67.42   0.299  27.037   32.000   99.6  11.58  14.000    0.06439    2.09    2.08    3.47
17-07-2024 14:11:40.87   67.04   0.299  27.039   32.002   99.7  11.59  14.000    0.06661    2.34    2.25    3.10
17-07-2024 14:11:41.11   67.13   0.302  27.037   31.998   99.7  11.60  14.000    0.06735    2.55    2.53    3.62
17-07-2024 14:11:41.36   66.71   0.303  27.035   31.994   99.8  11.61  14.000    0.06365    2.20    2.56    2.77
17-07-2024 14:11:41.61   66.80   0.304  27.033   31.990   99.9  11.62  14.000    0.07550    2.15    2.33    3.24
17-07-2024 14:11:41.85   66.43   0.303  27.033   31.990   99.9  11.63  14.000    0.07698    2.15    2.33    3.24
17-07-2024 14:11:42.10   66.51   0.303  27.035   31.993  100.0  11.64  14.000    0.07846    1.92    2.13    3.22
17-07-2024 14:11:42.34   66.14   0.306  27.036   31.992  100.1  11.64  14.000    0.07550    2.19    2.62    3.21
17-07-2024 14:11:42.59   65.96   0.309  27.038   31.992  100.2  11.65  14.000    0.06365    2.11    1.92    3.34
17-07-2024 14:11:42.83   65.89   0.312  27.037   31.988  100.2  11.66  14.000    0.07550    2.16    2.06    2.97
17-07-2024 14:11:43.08   65.89   0.317  27.036   31.981  100.3  11.67  14.000    0.08142    2.27    2.40    3.17
17-07-2024 14:11:43.32   65.67   0.320  27.036   31.978  100.4  11.67  14.000    0.06883    2.03    1.89    3.17
17-07-2024 14:11:43.57   65.36   0.321  27.039   31.980  100.5  11.68  14.000    0.08438    2.03    1.89    3.17
17-07-2024 14:11:43.81   65.16   0.326  27.041   31.978  100.6  11.69  14.000    0.08586    2.31    1.99    3.15
17-07-2024 14:11:44.07   65.26   0.341  27.045   31.967  100.6  11.69  14.000    0.09252    2.59    2.32    2.85
17-07-2024 14:11:44.30   64.90   0.345  27.047   31.966  100.7  11.70  14.000    0.08660    2.06    2.33    3.41
17-07-2024 14:11:44.56   64.78   0.348  27.048   31.965  100.8  11.71  14.000    0.07550    2.27    2.41    3.08
17-07-2024 14:11:44.80   64.76   0.350  27.051   31.966  100.8  11.72  14.000    0.10066    2.19    2.70    2.92
17-07-2024 14:11:45.05   64.50   0.352  27.048   31.960  100.9  11.72  14.000    0.09696    1.96    2.31    3.29
17-07-2024 14:11:45.29   64.22   0.353  27.049   31.961  100.9  11.73  14.000    0.09696    1.96    2.31    3.29
17-07-2024 14:11:45.54   64.03   0.354  27.047   31.958  101.0  11.74  14.000    0.11028    1.97    2.51    2.98
17-07-2024 14:11:45.79   64.10   0.352  27.046   31.959  101.1  11.74  14.000    0.09400    2.24    2.06    3.12
17-07-2024 14:11:46.03   63.94   0.350  27.043   31.957  101.1  11.75  14.000    0.09548    2.33    2.10    2.84
17-07-2024 14:11:46.28   63.80   0.351  27.040   31.951  101.2  11.76  14.000    0.10288    2.42    2.25    3.30
17-07-2024 14:11:46.52   63.61   0.350  27.039   31.952  101.3  11.77  14.000    0.09770    2.26    2.15    3.17
17-07-2024 14:11:46.77   63.35   0.350  27.038   31.950  101.4  11.78  14.000    0.11324    2.38    2.45    3.13
17-07-2024 14:11:47.01   63.18   0.350  27.037   31.949  101.4  11.79  14.000    0.11028    2.38    2.45    3.13
17-07-2024 14:11:47.26   63.06   0.350  27.035   31.946  101.5  11.80  14.000    0.11546    1.85    2.62    3.21
17-07-2024 14:11:47.50   62.91   0.351  27.036   31.947  101.6  11.80  14.000    0.11028    2.27    2.11    2.93
17-07-2024 14:11:47.75   62.68   0.352  27.037   31.947  101.6  11.81  14.000    0.12138    2.10    2.07    2.87
17-07-2024 14:11:47.99   62.45   0.354  27.036   31.944  101.7  11.82  14.000    0.11916    2.30    2.31    3.24
17-07-2024 14:11:48.24   62.30   0.356  27.036   31.942  101.8  11.83  14.000    0.11916    2.32    2.22    3.19
17-07-2024 14:11:48.49   62.30   0.357  27.033   31.938  101.8  11.83  14.000    0.12138    2.22    2.01    3.01
17-07-2024 14:11:48.74   62.23   0.358  27.034   31.938  101.9  11.84  14.000    0.13027    2.22    2.01    3.01
17-07-2024 14:11:48.98   61.99   0.358  27.034   31.938  102.0  11.86  14.000    0.11916    2.04    2.55    3.14
17-07-2024 14:11:49.23   61.66   0.357  27.035   31.939  102.1  11.86  14.000    0.12879    2.20    1.90    3.07
17-07-2024 14:11:49.47   61.54   0.357  27.032   31.936  102.2  11.87  14.000    0.14285    2.17    2.99    3.16
17-07-2024 14:11:49.72   61.55   0.356  27.029   31.934  102.2  11.88  14.000    0.14803    1.85    2.09    3.35
17-07-2024 14:11:49.96   61.18   0.356  27.029   31.935  102.3  11.89  14.000    0.14211    2.16    2.17    3.11
17-07-2024 14:11:50.21   61.25   0.363  27.027   31.924  102.4  11.89  14.000    0.13545    2.27    2.22    3.11
17-07-2024 14:11:50.45   60.96   0.363  27.031   31.929  102.5  11.90  14.000    0.14063    2.27    2.22    3.11
17-07-2024 14:11:50.70   60.72   0.364  27.031   31.929  102.5  11.91  14.000    0.15987    2.30    1.78    3.28
17-07-2024 14:11:50.94   60.79   0.368  27.033   31.926  102.6  11.92  14.000    0.15025    2.20    2.90    3.67
17-07-2024 14:11:51.19   60.40   0.372  27.035   31.926  102.7  11.93  14.000    0.14803    1.96    2.14    3.30
17-07-2024 14:11:51.43   60.48   0.378  27.033   31.916  102.8  11.94  14.000    0.14285    2.19    2.14    3.29
17-07-2024 14:11:51.68   60.07   0.383  27.034   31.912  102.8  11.94  14.000    0.15543    2.21    2.69    3.39
17-07-2024 14:11:51.93   60.12   0.397  27.037   31.902  102.9  11.94  14.000    0.16135    2.66    2.03    3.11
17-07-2024 14:11:52.17   59.89   0.418  27.057   31.907  102.9  11.94  14.000    0.16727    2.66    2.03    3.11
17-07-2024 14:11:52.42   59.66   0.439  27.074   31.907  103.0  11.94  14.000    0.15469    2.15    1.93    2.95
17-07-2024 14:11:52.67   59.46   0.446  27.083   31.912  103.1  11.95  14.000    0.17024    2.07    2.42    3.17
17-07-2024 14:11:52.91   59.54   0.455  27.087   31.907  103.2  11.96  14.000    0.15839    2.25    2.29    3.39
17-07-2024 14:11:53.16   59.24   0.466  27.099   31.911  103.3  11.97  14.000    0.17172    2.09    2.39    3.10
17-07-2024 14:11:53.41   59.11   0.476  27.102   31.906  103.3  11.97  14.000    0.17468    2.22    2.08    3.37
17-07-2024 14:11:53.65   58.79   0.482  27.102   31.899  103.4  11.98  14.000    0.17320    2.22    2.11    3.12
17-07-2024 14:11:53.89   58.68   0.485  27.100   31.894  103.5  11.99  14.000    0.16727    2.22    2.11    3.12
17-07-2024 14:11:54.14   58.69   0.485  27.100   31.894  103.6  12.00  14.000    0.18800    2.17    2.51    2.83
17-07-2024 14:11:54.39   58.59   0.490  27.103   31.892  103.6  12.00  14.000    0.17468    2.15    1.84    3.40
17-07-2024 14:11:54.63   58.27   0.497  27.106   31.890  103.6  12.00  14.000    0.19022    2.48    2.66    3.27
17-07-2024 14:11:54.88   58.03   0.503  27.115   31.895  103.7  12.01  14.000    0.20132    2.40    2.65    3.26
17-07-2024 14:11:55.13   58.09   0.523  27.126   31.889  103.8  12.01  14.000    0.21242    2.23    2.37    3.02
17-07-2024 14:11:55.37   57.88   0.538  27.130   31.879  103.9  12.02  14.000    0.20650    2.16    2.72    3.14
17-07-2024 14:11:55.62   57.58   0.540  27.134   31.881  103.9  12.03  14.000    0.20650    2.16    2.72    3.14
17-07-2024 14:11:55.86   57.62   0.549  27.129   31.866  104.1  12.04  14.000    0.20724    2.34    2.02    3.09
17-07-2024 14:11:56.11   57.41   0.557  27.132   31.862  104.1  12.04  14.000    0.20354    1.91    2.52    3.11
17-07-2024 14:11:56.36   57.08   0.563  27.138   31.864  104.2  12.05  14.000    0.21983    2.40    2.41    3.20
17-07-2024 14:11:56.60   57.10   0.572  27.139   31.856  104.3  12.05  14.000    0.20650    2.63    2.17    3.23
17-07-2024 14:11:56.85   57.03   0.574  27.138   31.852  104.3  12.06  14.000    0.21538    2.30    2.16    3.21
17-07-2024 14:11:57.09   56.81   0.589  27.148   31.849  104.3  12.05  14.000    0.21390    2.11    2.56    3.00
17-07-2024 14:11:57.34   56.53   0.599  27.146   31.838  104.4  12.06  14.000    0.23833    2.11    2.56    3.00
17-07-2024 14:11:57.58   56.34   0.621  27.155   31.826  104.3  12.05  14.000    0.22427    1.86    2.62    3.36
17-07-2024 14:11:57.83   56.22   0.638  27.161   31.816  104.4  12.05  14.000    0.23537    2.03    2.27    3.54
17-07-2024 14:11:58.07   56.24   0.640  27.160   31.813  104.5  12.06  14.000    0.23759    2.32    2.49    3.01
17-07-2024 14:11:58.32   56.05   0.638  27.161   31.817  104.6  12.07  14.000    0.24721    2.16    2.33    3.29
17-07-2024 14:11:58.56   55.73   0.636  27.162   31.820  104.7  12.08  14.000    0.24055    2.18    2.12    3.01
17-07-2024 14:11:58.81   55.54   0.635  27.165   31.825  104.8  12.10  14.000    0.26942    2.10    2.17    3.20
17-07-2024 14:11:59.05   55.37   0.636  27.170   31.830  104.8  12.10  14.000    0.26349    2.10    2.17    3.20
17-07-2024 14:11:59.30   55.24   0.640  27.170   31.826  104.9  12.11  14.000    0.25535    2.05    2.37    3.06
17-07-2024 14:11:59.55   55.18   0.643  27.170   31.823  105.0  12.12  14.000    0.25979    2.37    2.53    3.37
17-07-2024 14:11:59.80   55.05   0.645  27.169   31.820  105.1  12.12  14.000    0.25683    2.35    2.51    3.08
17-07-2024 14:12:00.04   54.98   0.648  27.172   31.821  105.1  12.13  14.000    0.26942    1.93    2.16    2.99
17-07-2024 14:12:00.29   54.80   0.652  27.171   31.816  105.2  12.13  14.000    0.28866    2.10    2.12    3.40
17-07-2024 14:12:00.53   54.65   0.655  27.173   31.815  105.2  12.14  14.000    0.29162    2.39    2.74    2.82
17-07-2024 14:12:00.78   54.38   0.657  27.175   31.817  105.3  12.14  14.000    0.27090    2.39    2.74    2.82
17-07-2024 14:12:01.02   54.12   0.663  27.176   31.811  105.3  12.15  14.000    0.26497    2.07    2.19    3.49
17-07-2024 14:12:01.27   53.92   0.670  27.176   31.804  105.4  12.16  14.000    0.29680    2.38    2.81    3.21
17-07-2024 14:12:01.51   53.82   0.658  27.175   31.815  105.5  12.17  14.000    0.30050    2.20    2.69    3.20
17-07-2024 14:12:01.76   53.82   0.642  27.162   31.814  105.6  12.19  14.000    0.30716    1.83    2.39    3.06
17-07-2024 14:12:02.00   53.71   0.643  27.150   31.798  105.7  12.20  14.000    0.31604    2.26    2.38    3.28
17-07-2024 14:12:02.25   53.46   0.653  27.146   31.783  105.6  12.19  14.000    0.33085    2.26    2.38    3.28
17-07-2024 14:12:02.50   53.15   0.657  27.141   31.773  105.7  12.20  14.000    0.32197    2.38    2.43    3.18
17-07-2024 14:12:02.74   53.11   0.652  27.132   31.767  105.7  12.20  14.000    0.33973    2.54    2.53    3.31
17-07-2024 14:12:02.99   53.07   0.641  27.126   31.770  105.8  12.21  14.000    0.34639    2.46    2.57    3.02
17-07-2024 14:12:03.24   52.68   0.636  27.114   31.760  105.8  12.22  14.000    0.35083    2.48    2.71    2.85
17-07-2024 14:12:03.48   52.63   0.626  27.095   31.745  105.9  12.23  14.000    0.34861    2.27    2.27    3.19
17-07-2024 14:12:03.73   52.44   0.612  27.086   31.748  105.9  12.24  14.000    0.37156    2.17    2.45    3.08
17-07-2024 14:12:03.98   52.31   0.606  27.085   31.753  105.9  12.24  14.000    0.36860    2.39    2.67    3.26
17-07-2024 14:12:04.22   52.25   0.603  27.081   31.752  106.0  12.25  14.000    0.37008    2.39    2.67    3.26
17-07-2024 14:12:04.47   51.87   0.599  27.074   31.747  106.0  12.25  14.000    0.38266    2.38    2.26    3.06
17-07-2024 14:12:04.71   51.96   0.591  27.061   31.738  106.0  12.26  14.000    0.38340    2.06    2.37    3.18
17-07-2024 14:12:04.96   51.67   0.587  27.061   31.742  106.0  12.26  14.000    0.37600    2.11    2.14    3.14
17-07-2024 14:12:05.20   51.41   0.583  27.061   31.746  106.0  12.26  14.000    0.40116    2.49    2.53    3.07
17-07-2024 14:12:05.45   51.49   0.577  27.054   31.743  106.1  12.27  14.000    0.41893    2.60    2.29    3.20
17-07-2024 14:12:05.69   51.16   0.575  27.051   31.742  106.1  12.27  14.000    0.40708    2.60    2.29    3.20
17-07-2024 14:12:05.94   50.98   0.572  27.049   31.743  106.1  12.27  14.000    0.41449    2.09    2.92    3.06
17-07-2024 14:12:06.19   50.94   0.571  27.046   31.739  106.1  12.28  14.000    0.43299    2.23    2.05    3.09
17-07-2024 14:12:06.43   50.63   0.570  27.046   31.742  106.1  12.28  14.000    0.42411    2.31    2.14    3.04
17-07-2024 14:12:06.68   50.72   0.563  27.043   31.744  106.1  12.28  14.000    0.42485    2.07    2.55    3.40
17-07-2024 14:12:06.92   50.33   0.559  27.038   31.741  106.2  12.29  14.000    0.45297    2.01    2.72    3.22
17-07-2024 14:12:07.17   50.40   0.560  27.027   31.726  106.2  12.29  14.000    0.45149    2.52    2.57    3.17
17-07-2024 14:12:07.42   50.02   0.560  27.029   31.729  106.2  12.29  14.000    0.46111    2.48    2.78    3.32
17-07-2024 14:12:07.66   49.91   0.561  27.027   31.726  106.2  12.29  14.000    0.46185    2.48    2.78    3.32
17-07-2024 14:12:07.91   49.95   0.562  27.027   31.725  106.2  12.29  14.000    0.47740    2.59    2.55    3.29
17-07-2024 14:12:08.16   49.69   0.565  27.031   31.727  106.2  12.29  14.000    0.48184    2.57    2.04    3.22
17-07-2024 14:12:08.40   49.51   0.572  27.033   31.723  106.2  12.29  14.000    0.47592    2.59    2.32    3.30
17-07-2024 14:12:08.65   49.23   0.576  27.036   31.722  106.2  12.29  14.000    0.49072    2.54    2.28    3.22
17-07-2024 14:12:08.89   49.07   0.578  27.037   31.721  106.2  12.28  14.000    0.50404    2.45    2.37    3.28
17-07-2024 14:12:09.13   49.01   0.580  27.036   31.718  106.2  12.29  14.000    0.51515    2.45    2.37    3.28
17-07-2024 14:12:09.38   49.04   0.583  27.037   31.717  106.3  12.29  14.000    0.51367    2.43    2.50    3.26
17-07-2024 14:12:09.63   48.84   0.592  27.040   31.712  106.3  12.29  14.000    0.54327    2.32    2.25    2.92
17-07-2024 14:12:09.87   48.63   0.596  27.040   31.708  106.3  12.29  14.000    0.53883    1.96    2.32    3.12
17-07-2024 14:12:10.12   48.34   0.598  27.042   31.708  106.3  12.30  14.000    0.54623    2.25    2.49    2.87
17-07-2024 14:12:10.37   48.16   0.600  27.041   31.705  106.3  12.30  14.000    0.55437    2.33    2.27    3.20
17-07-2024 14:12:10.61   48.04   0.601  27.037   31.699  106.4  12.30  14.000    0.56178    2.27    2.29    3.37
17-07-2024 14:12:10.86   47.95   0.602  27.033   31.692  106.4  12.30  14.000    0.57510    2.27    2.29    3.37
17-07-2024 14:12:11.11   47.86   0.603  27.030   31.687  106.4  12.31  14.000    0.58916    2.71    2.32    2.96
17-07-2024 14:12:11.35   47.72   0.604  27.028   31.684  106.4  12.31  14.000    0.60396    2.23    2.47    3.42
17-07-2024 14:12:11.60   47.62   0.602  27.026   31.684  106.4  12.31  14.000    0.60174    2.51    2.39    3.02
17-07-2024 14:12:11.84   47.44   0.600  27.024   31.683  106.4  12.31  14.000    0.60174    2.55    1.97    3.46
17-07-2024 14:12:12.09   47.25   0.583  27.018   31.693  106.5  12.32  14.000    0.63135    2.27    2.40    3.11
17-07-2024 14:12:12.33   47.06   0.565  27.011   31.702  106.6  12.33  14.000    0.63357    2.26    2.16    3.14
17-07-2024 14:12:12.58   46.84   0.561  27.004   31.698  106.6  12.34  14.000    0.63357    2.26    2.16    3.14
17-07-2024 14:12:12.82   46.55   0.551  26.998   31.701  106.6  12.34  14.000    0.65726    2.30    2.10    3.26
17-07-2024 14:12:13.07   46.36   0.541  26.976   31.682  106.6  12.35  14.000    0.67428    2.63    2.81    3.13
17-07-2024 14:12:13.31   46.43   0.539  26.960   31.664  106.6  12.36  14.000    0.67724    2.25    2.27    3.12
17-07-2024 14:12:13.56   46.32   0.525  26.955   31.672  106.7  12.37  14.000    0.68760    2.66    2.19    2.80
17-07-2024 14:12:13.80   46.08   0.514  26.941   31.664  106.7  12.37  14.000    0.70240    2.37    2.15    3.16
17-07-2024 14:12:14.06   45.94   0.510  26.918   31.639  106.7  12.38  14.000    0.70907    2.54    2.37    3.00
17-07-2024 14:12:14.30   45.72   0.499  26.903   31.632  106.8  12.39  14.000    0.71425    2.54    2.37    3.00
17-07-2024 14:12:14.55   45.55   0.489  26.902   31.641  106.8  12.39  14.000    0.73275    2.52    1.91    3.31
17-07-2024 14:12:14.79   45.26   0.485  26.901   31.644  106.8  12.39  14.000    0.74681    2.29    2.16    3.24
17-07-2024 14:12:15.04   45.38   0.475  26.888   31.636  106.8  12.40  14.000    0.75125    2.20    2.56    2.91
17-07-2024 14:12:15.29   45.22   0.457  26.884   31.650  106.8  12.41  14.000    0.75199    2.78    2.28    3.35
17-07-2024 14:12:15.53   44.96   0.450  26.879   31.651  106.8  12.41  14.000    0.76384    4.37    2.49    3.17
17-07-2024 14:12:15.78   44.69   0.455  26.875   31.641  106.8  12.40  14.000    0.78678    2.41    2.48    3.49
17-07-2024 14:12:16.02   44.51   0.452  26.874   31.642  106.8  12.40  14.000    0.80233    2.41    2.48    3.49
17-07-2024 14:12:16.27   44.37   0.447  26.869   31.642  106.8  12.40  14.000    0.81269    2.81    2.37    3.02
17-07-2024 14:12:16.51   44.34   0.441  26.863   31.640  106.8  12.41  14.000    0.83045    2.38    2.42    3.64
17-07-2024 14:12:16.76   44.31   0.435  26.858   31.640  106.8  12.41  14.000    0.83711    2.56    2.28    3.12
17-07-2024 14:12:17.00   43.98   0.429  26.847   31.633  106.8  12.41  14.000    0.85043    2.39    2.34    3.23
17-07-2024 14:12:17.25   43.71   0.419  26.841   31.635  106.8  12.42  14.000    0.85636    2.46    2.35    3.31
17-07-2024 14:12:17.49   43.62   0.415  26.839   31.636  106.8  12.41  14.000    0.88596    2.48    2.49    3.08
17-07-2024 14:12:17.74   43.56   0.408  26.827   31.627  106.8  12.42  14.000    0.89188    2.48    2.49    3.08
17-07-2024 14:12:17.99   43.51   0.405  26.822   31.625  106.8  12.42  14.000    0.90373    3.15    2.16    3.17
17-07-2024 14:12:18.24   43.12   0.400  26.823   31.631  106.8  12.42  14.000    0.93259    2.43    2.07    3.30
17-07-2024 14:12:18.48   43.15   0.399  26.816   31.623  106.8  12.43  14.000    0.92741    2.58    2.58    3.39
17-07-2024 14:12:18.73   42.93   0.399  26.812   31.618  106.8  12.42  14.000    0.94665    2.63    2.30    2.98
17-07-2024 14:12:18.98   42.65   0.397  26.809   31.616  106.8  12.42  14.000    0.95998    2.38    2.45    3.39
17-07-2024 14:12:19.22   42.68   0.405  26.801   31.598  106.8  12.42  14.000    0.99699    2.50    2.76    3.36
17-07-2024 14:12:19.48   42.35   0.405  26.816   31.617  106.8  12.42  14.000    0.98958    2.67    2.26    3.14
17-07-2024 14:12:19.71   42.41   0.409  26.815   31.611  106.8  12.42  14.000    1.02881    2.67    2.26    3.14
17-07-2024 14:12:19.96   42.01   0.416  26.817   31.608  106.8  12.42  14.000    1.03177    2.35    1.96    3.18
17-07-2024 14:12:20.20   41.92   0.423  26.814   31.596  106.7  12.41  14.000    1.05842    2.41    2.10    3.07
17-07-2024 14:12:20.45   41.99   0.425  26.815   31.595  106.7  12.41  14.000    1.07100    2.64    2.66    3.72
17-07-2024 14:12:20.69   41.57   0.437  26.818   31.588  106.7  12.40  14.000    1.09024    2.70    1.94    3.26
17-07-2024 14:12:20.94   41.40   0.443  26.814   31.576  106.7  12.40  14.000    1.10801    2.76    2.02    3.33
17-07-2024 14:12:21.18   41.50   0.443  26.814   31.575  106.7  12.40  14.000    1.12947    2.76    2.02    3.33
17-07-2024 14:12:21.43   41.27   0.441  26.814   31.577  106.7  12.40  14.000    1.13169    2.46    2.17    2.73
17-07-2024 14:12:21.68   40.95   0.439  26.814   31.580  106.7  12.40  14.000    1.15464    2.98    2.57    3.42
17-07-2024 14:12:21.92   41.00   0.439  26.810   31.576  106.7  12.41  14.000    1.17240    2.65    2.47    3.17
17-07-2024 14:12:22.17   40.88   0.439  26.813   31.579  106.7  12.40  14.000    1.19090    2.41    2.57    3.03
17-07-2024 14:12:22.42   40.47   0.439  26.814   31.581  106.8  12.41  14.000    1.20867    2.76    2.08    3.30
17-07-2024 14:12:22.66   40.47   0.441  26.806   31.569  106.8  12.41  14.000    1.22051    2.78    2.43    3.34
17-07-2024 14:12:22.91   40.49   0.442  26.805   31.566  106.8  12.41  14.000    1.23827    2.78    2.43    3.34
17-07-2024 14:12:23.15   40.14   0.441  26.809   31.572  106.8  12.41  14.000    1.25974    2.84    2.38    3.34
17-07-2024 14:12:23.40   40.03   0.440  26.806   31.570  106.8  12.42  14.000    1.27306    2.87    1.72    3.18
17-07-2024 14:12:23.64   39.96   0.440  26.802   31.564  106.8  12.42  14.000    1.27602    2.53    2.60    3.27
17-07-2024 14:12:23.89   40.04   0.441  26.801   31.563  106.8  12.42  14.000    1.29675    2.72    2.63    3.26
17-07-2024 14:12:24.13   39.98   0.440  26.800   31.561  106.9  12.42  14.000    1.32339    2.43    2.46    3.40
17-07-2024 14:12:24.38   39.91   0.438  26.800   31.564  106.9  12.43  14.000    1.31895    2.71    2.29    3.57
17-07-2024 14:12:24.62   39.81   0.437  26.799   31.564  106.9  12.43  14.000    1.33079    2.71    2.29    3.57
17-07-2024 14:12:24.87   39.70   0.433  26.798   31.567  106.9  12.43  14.000    1.34486    4.07    2.68    3.07
17-07-2024 14:12:25.12   39.61   0.424  26.796   31.574  107.0  12.44  14.000    1.36040    2.61    2.58    3.32
17-07-2024 14:12:25.37   39.47   0.421  26.794   31.573  107.0  12.44  14.000    1.36632    3.42    2.30    3.33
17-07-2024 14:12:25.61   39.35   0.413  26.794   31.581  107.0  12.45  14.000    1.41443    3.07    2.75    3.23
17-07-2024 14:12:25.86   39.19   0.402  26.793   31.593  107.1  12.46  14.000    1.40999    3.00    2.46    3.66
17-07-2024 14:12:26.10   39.02   0.400  26.792   31.593  107.2  12.47  14.000    1.42849    2.61    2.35    3.16
17-07-2024 14:12:26.35   39.08   0.403  26.793   31.591  107.2  12.47  14.000    1.44108    2.61    2.35    3.16
17-07-2024 14:12:26.60   39.04   0.407  26.793   31.587  107.2  12.47  14.000    1.45440    2.94    1.82    3.29
17-07-2024 14:12:26.84   38.92   0.412  26.794   31.583  107.1  12.46  14.000    1.47216    2.80    2.24    2.87
17-07-2024 14:12:27.09   38.67   0.421  26.793   31.573  107.1  12.46  14.000    1.47438    2.52    2.40    3.39
17-07-2024 14:12:27.33   38.56   0.426  26.796   31.572  107.1  12.45  14.000    1.50177    2.82    2.70    3.12
17-07-2024 14:12:27.58   38.40   0.428  26.794   31.568  107.1  12.45  14.000    1.51731    2.86    1.65    3.20
17-07-2024 14:12:27.82   38.32   0.424  26.785   31.560  107.1  12.46  14.000    1.52767    2.84    2.60    3.46
17-07-2024 14:12:28.07   38.21   0.421  26.779   31.555  107.2  12.46  14.000    1.53878    2.84    2.60    3.46
17-07-2024 14:12:28.31   38.13   0.420  26.775   31.551  107.2  12.47  14.000    1.56246    2.79    2.25    3.62
17-07-2024 14:12:28.56   38.10   0.418  26.772   31.548  107.2  12.47  14.000    1.57504    2.80    2.64    3.26
17-07-2024 14:12:28.81   38.06   0.416  26.766   31.544  107.2  12.47  14.000    1.60465    3.03    2.15    3.37
17-07-2024 14:12:29.05   38.05   0.415  26.765   31.543  107.2  12.47  14.000    1.62537    2.87    2.60    3.37
17-07-2024 14:12:29.30   37.92   0.414  26.762   31.541  107.2  12.48  14.000    1.62982    2.76    2.54    3.54
17-07-2024 14:12:29.55   37.59   0.413  26.759   31.538  107.2  12.48  14.000    1.65054    2.79    2.42    3.16
17-07-2024 14:12:29.79   37.66   0.413  26.758   31.536  107.2  12.48  14.000    1.67644    2.79    2.42    3.16
17-07-2024 14:12:30.04   37.66   0.414  26.754   31.530  107.3  12.48  14.000    1.69273    2.94    2.34    3.10
17-07-2024 14:12:30.28   37.57   0.416  26.751   31.524  107.2  12.48  14.000    1.71123    2.34    2.56    3.21
17-07-2024 14:12:30.53   37.23   0.420  26.757   31.528  107.2  12.47  14.000    1.71049    2.90    2.50    3.02
17-07-2024 14:12:30.77   37.37   0.420  26.754   31.523  107.2  12.47  14.000    1.74676    2.62    2.54    3.18
17-07-2024 14:12:31.02   37.08   0.424  26.756   31.523  107.2  12.47  14.000    1.77192    2.89    2.73    3.39
17-07-2024 14:12:31.26   37.17   0.429  26.761   31.525  107.2  12.47  14.000    1.78895    3.40    2.47    3.20
17-07-2024 14:12:31.51   36.85   0.438  26.772   31.529  107.2  12.46  14.000    1.79635    3.40    2.47    3.20
17-07-2024 14:12:31.75   37.01   0.444  26.773   31.524  107.2  12.46  14.000    1.83188    2.46    2.62    3.28
17-07-2024 14:12:32.00   36.63   0.453  26.781   31.527  107.2  12.46  14.000    1.85112    2.84    2.71    3.34
17-07-2024 14:12:32.24   36.81   0.461  26.777   31.512  107.1  12.45  14.000    1.85112    2.74    1.97    3.23
17-07-2024 14:12:32.49   36.43   0.473  26.778   31.502  107.1  12.44  14.000    1.88517    2.81    2.89    3.37
17-07-2024 14:12:32.74   36.62   0.478  26.782   31.501  107.1  12.44  14.000    1.90145    3.01    1.99    3.31
17-07-2024 14:12:32.99   36.22   0.477  26.785   31.506  107.1  12.44  14.000    1.92366    2.66    2.07    3.13
17-07-2024 14:12:33.23   36.26   0.478  26.786   31.506  107.1  12.44  14.000    1.94438    2.66    2.07    3.13
17-07-2024 14:12:33.48   36.07   0.479  26.776   31.493  107.1  12.45  14.000    1.96362    3.14    2.17    3.22
17-07-2024 14:12:33.73   36.08   0.498  26.776   31.473  107.1  12.44  14.000    1.99471    3.41    2.41    2.94
17-07-2024 14:12:33.97   35.74   0.557  26.795   31.439  106.9  12.40  14.000    2.02728    3.52    2.59    3.24
17-07-2024 14:12:34.22   35.62   0.575  26.796   31.422  106.9  12.39  14.000    2.07243    2.94    2.73    3.15
17-07-2024 14:12:34.46   35.62   0.573  26.801   31.429  106.9  12.39  14.000    2.09019    2.81    2.53    3.40
17-07-2024 14:12:34.71   35.62   0.578  26.797   31.420  106.9  12.39  14.000    2.11906    3.14    2.68    3.21
17-07-2024 14:12:34.95   35.27   0.582  26.802   31.422  107.0  12.40  14.000    2.15236    3.14    2.68    3.21
17-07-2024 14:12:35.20   35.17   0.617  26.803   31.388  106.9  12.38  14.000    2.17457    3.26    2.30    3.31
17-07-2024 14:12:35.44   35.20   0.622  26.822   31.408  107.0  12.39  14.000    2.21157    2.89    2.56    3.22
17-07-2024 14:12:35.69   34.92   0.618  26.839   31.433  107.1  12.40  14.000    2.26191    3.43    2.23    3.01
17-07-2024 14:12:35.93   34.71   0.627  26.839   31.424  107.1  12.40  14.000    2.28041    2.82    2.21    3.29
17-07-2024 14:12:36.18   34.76   0.644  26.845   31.415  107.1  12.40  14.000    2.32630    2.98    2.40    3.55
17-07-2024 14:12:36.43   34.62   0.654  26.849   31.410  107.1  12.39  14.000    2.35887    3.25    2.38    3.30
17-07-2024 14:12:36.67   34.32   0.662  26.853   31.406  107.1  12.39  14.000    2.38699    3.25    2.38    3.30
17-07-2024 14:12:36.92   34.18   0.669  26.854   31.401  107.1  12.39  14.000    2.40549    2.60    2.50    2.89
17-07-2024 14:12:37.17   34.11   0.673  26.864   31.410  107.1  12.39  14.000    2.46767    2.83    2.63    3.38
17-07-2024 14:12:37.41   33.97   0.683  26.882   31.424  107.2  12.39  14.000    2.49875    3.17    2.29    3.43
17-07-2024 14:12:37.66   33.83   0.696  26.890   31.421  107.2  12.39  14.000    2.53280    2.81    1.86    2.91
17-07-2024 14:12:37.90   33.74   0.707  26.894   31.415  107.2  12.39  14.000    2.56093    3.26    2.31    3.15
17-07-2024 14:12:38.15   33.66   0.724  26.910   31.417  107.2  12.38  14.000    2.60015    3.22    2.39    3.54
17-07-2024 14:12:38.39   33.55   0.741  26.919   31.412  107.3  12.38  14.000    2.64086    3.22    2.39    3.54
17-07-2024 14:12:38.64   33.44   0.753  26.922   31.404  107.3  12.38  14.000    2.68823    3.13    2.49    3.61
17-07-2024 14:12:38.88   33.26   0.760  26.920   31.394  107.3  12.38  14.000    2.73116    3.33    2.13    3.20
17-07-2024 14:12:39.13   33.10   0.766  26.921   31.390  107.4  12.39  14.000    2.77335    3.55    2.32    3.17
17-07-2024 14:12:39.37   33.06   0.774  26.922   31.383  107.4  12.39  14.000    2.80000    2.95    2.10    3.40
17-07-2024 14:12:39.62   32.85   0.789  26.924   31.371  107.4  12.39  14.000    2.83922    3.26    2.53    3.43
17-07-2024 14:12:39.87   32.56   0.790  26.922   31.367  107.4  12.39  14.000    2.88955    3.42    2.56    3.45
17-07-2024 14:12:40.11   32.37   0.788  26.928   31.376  107.5  12.40  14.000    2.93988    3.42    2.56    3.45
17-07-2024 14:12:40.36   32.40   0.791  26.940   31.389  107.6  12.40  14.000    2.97467    3.04    1.88    3.22
17-07-2024 14:12:40.61   32.37   0.797  26.938   31.381  107.6  12.41  14.000    3.01686    2.97    2.52    3.17
17-07-2024 14:12:40.85   32.10   0.805  26.939   31.374  107.7  12.42  14.000    3.04647    3.25    2.37    3.18
17-07-2024 14:12:41.10   31.84   0.815  26.947   31.374  107.7  12.42  14.000    3.09088    2.84    2.63    3.47
17-07-2024 14:12:41.34   31.97   0.826  26.951   31.369  107.7  12.41  14.000    3.13751    3.31    2.29    3.50
17-07-2024 14:12:41.59   31.68   0.835  26.962   31.373  107.7  12.41  14.000    3.19968    3.18    2.05    3.19
17-07-2024 14:12:41.83   31.49   0.839  26.971   31.380  107.7  12.41  14.000    3.23373    3.18    2.05    3.19
17-07-2024 14:12:42.08   31.57   0.843  26.972   31.378  107.8  12.41  14.000    3.27813    3.87    3.09    3.06
17-07-2024 14:12:42.32   31.16   0.850  26.970   31.369  107.8  12.42  14.000    3.31440    3.48    2.21    3.05
17-07-2024 14:12:42.57   31.21   0.864  26.981   31.369  107.8  12.41  14.000    3.37805    2.62    2.20    3.31
17-07-2024 14:12:42.81   31.03   0.879  26.979   31.351  107.8  12.41  14.000    3.41136    2.82    2.22    3.44
17-07-2024 14:12:43.06   30.91   0.888  26.992   31.359  107.8  12.41  14.000    3.46761    3.05    2.58    3.37
17-07-2024 14:12:43.31   30.79   0.891  26.989   31.352  107.9  12.41  14.000    3.50018    3.05    2.39    3.25
17-07-2024 14:12:43.56   30.60   0.894  27.001   31.365  107.9  12.41  14.000    3.54681    3.05    2.39    3.25
17-07-2024 14:12:43.80   30.61   0.899  26.997   31.354  107.9  12.41  14.000    3.59788    3.10    2.33    3.27
17-07-2024 14:12:44.05   30.27   0.902  26.998   31.352  107.9  12.41  14.000    3.63341    3.27    2.48    3.43
17-07-2024 14:12:44.30   30.37   0.904  26.994   31.345  108.0  12.41  14.000    3.66597    3.03    2.34    3.21
17-07-2024 14:12:44.54   30.02   0.908  26.992   31.340  108.0  12.42  14.000    3.72667    2.95    2.37    2.81
17-07-2024 14:12:44.79   30.07   0.911  26.988   31.331  108.0  12.42  14.000    3.76663    3.15    2.00    3.19
17-07-2024 14:12:45.03   29.83   0.915  26.996   31.337  108.0  12.42  14.000    3.83547    2.74    2.13    3.18
17-07-2024 14:12:45.28   29.77   0.926  27.011   31.345  108.0  12.41  14.000    3.87544    2.74    2.13    3.18
17-07-2024 14:12:45.52   29.62   0.998  27.041   31.311  107.9  12.38  14.000    3.92947    2.64    2.52    3.45
17-07-2024 14:12:45.77   29.41   1.026  27.037   31.278  107.9  12.37  14.000    3.98942    3.30    2.36    3.12
17-07-2024 14:12:46.01   29.53   1.037  27.044   31.276  107.9  12.37  14.000    4.01163    2.87    2.66    3.12
17-07-2024 14:12:46.26   29.18   1.050  27.060   31.283  107.9  12.36  14.000    4.07824    2.97    2.78    3.39
17-07-2024 14:12:46.50   29.31   1.064  27.071   31.284  107.9  12.36  14.000    4.11969    3.13    2.14    3.12
17-07-2024 14:12:46.75   29.01   1.065  27.076   31.288  108.0  12.37  14.000    4.17298    3.13    2.14    3.12
17-07-2024 14:12:46.99   28.92   1.056  27.067   31.287  108.0  12.38  14.000    4.22701    3.11    1.89    3.26
17-07-2024 14:12:47.24   28.97   1.043  27.064   31.295  108.1  12.39  14.000    4.28030    3.61    1.97    3.21
17-07-2024 14:12:47.49   28.62   1.027  27.068   31.317  108.2  12.40  14.000    4.31805    3.16    2.37    3.02
17-07-2024 14:12:47.74   28.48   1.021  27.062   31.316  108.2  12.41  14.000    4.37578    2.86    2.26    3.48
17-07-2024 14:12:47.98   28.63   1.023  27.072   31.327  108.2  12.41  14.000    4.41797    3.06    2.40    2.83
17-07-2024 14:12:48.23   28.46   1.028  27.079   31.330  108.3  12.41  14.000    4.47792    3.27    2.24    3.64
17-07-2024 14:12:48.48   28.19   1.035  27.073   31.314  108.2  12.41  14.000    4.54157    3.24    2.08    3.43
17-07-2024 14:12:48.72   28.05   1.041  27.068   31.302  108.2  12.41  14.000    4.58820    3.24    2.08    3.43
17-07-2024 14:12:48.96   28.04   1.043  27.064   31.295  108.2  12.40  14.000    4.62965    3.15    2.62    3.25
17-07-2024 14:12:49.21   28.05   1.044  27.065   31.297  108.2  12.40  14.000    4.68812    3.06    2.29    3.26
17-07-2024 14:12:49.45   27.99   1.043  27.062   31.293  108.2  12.41  14.000    4.74734    3.28    2.51    3.13
17-07-2024 14:12:49.70   27.85   1.045  27.061   31.289  108.3  12.41  14.000    4.81321    3.05    2.25    3.39
17-07-2024 14:12:49.94   27.73   1.050  27.062   31.286  108.3  12.41  14.000    4.84800    2.77    2.17    3.10
17-07-2024 14:12:50.20   27.64   1.060  27.063   31.278  108.3  12.40  14.000    4.91091    3.15    2.29    3.14
17-07-2024 14:12:50.43   27.52   1.065  27.071   31.283  108.2  12.40  14.000    4.97456    3.15    2.29    3.14
17-07-2024 14:12:50.68   27.39   1.083  27.085   31.283  108.2  12.39  14.000    5.04858    2.94    2.61    3.15
17-07-2024 14:12:50.93   27.30   1.101  27.101   31.285  108.2  12.38  14.000    5.10631    3.15    2.79    3.38
17-07-2024 14:12:51.18   27.17   1.123  27.111   31.275  108.2  12.37  14.000    5.14776    2.96    2.05    3.44
17-07-2024 14:12:51.42   27.07   1.132  27.115   31.272  108.2  12.38  14.000    5.21659    2.95    2.53    3.51
17-07-2024 14:12:51.67   26.95   1.138  27.119   31.270  108.2  12.38  14.000    5.27877    2.69    2.36    3.27
17-07-2024 14:12:51.91   26.69   1.147  27.130   31.276  108.2  12.36  14.000    5.33502    2.69    2.36    3.27
17-07-2024 14:12:52.16   26.58   1.166  27.137   31.266  108.2  12.36  14.000    5.40607    3.31    2.42    3.12
17-07-2024 14:12:52.41   26.35   1.189  27.142   31.249  108.2  12.35  14.000    5.44826    3.00    2.59    3.13
17-07-2024 14:12:52.65   26.27   1.203  27.142   31.235  108.2  12.35  14.000    5.52302    3.09    1.95    3.54
17-07-2024 14:12:52.90   26.25   1.212  27.151   31.237  108.2  12.35  14.000    5.58889    2.80    2.25    3.27
17-07-2024 14:12:53.14   26.15   1.224  27.161   31.238  108.1  12.34  14.000    5.66365    3.27    2.64    3.23
17-07-2024 14:12:53.39   26.07   1.234  27.171   31.241  108.1  12.33  14.000    5.74728    3.21    2.35    3.41
17-07-2024 14:12:53.63   26.02   1.246  27.177   31.237  108.0  12.32  14.000    5.81094    3.21    2.35    3.41
17-07-2024 14:12:53.88   25.96   1.264  27.179   31.221  108.0  12.32  14.000    5.86793    2.85    2.39    3.46
17-07-2024 14:12:54.12   25.60   1.280  27.177   31.203  108.1  12.32  14.000    5.94786    2.78    2.90    3.44
17-07-2024 14:12:54.37   25.57   1.286  27.176   31.197  108.1  12.32  14.000    5.99449    3.09    2.81    3.30
17-07-2024 14:12:54.62   25.55   1.284  27.177   31.199  108.1  12.32  14.000    6.07443    3.25    2.35    3.30
17-07-2024 14:12:54.86   25.22   1.288  27.180   31.198  108.1  12.32  14.000    6.11588    3.07    2.36    3.18
17-07-2024 14:12:55.11   25.27   1.292  27.192   31.210  108.1  12.32  14.000    6.19359    3.04    2.33    3.12
17-07-2024 14:12:55.36   25.13   1.297  27.191   31.204  108.2  12.32  14.000    6.26613    3.04    2.33    3.12
17-07-2024 14:12:55.60   24.91   1.307  27.195   31.199  108.2  12.32  14.000    6.32386    2.94    2.08    3.06
17-07-2024 14:12:55.85   25.05   1.315  27.203   31.202  108.2  12.32  14.000    6.40380    2.93    2.27    3.50
17-07-2024 14:12:56.09   24.65   1.325  27.211   31.202  108.2  12.32  14.000    6.44525    3.13    2.56    3.60
17-07-2024 14:12:56.34   24.80   1.335  27.213   31.194  108.3  12.33  14.000    6.53776    2.93    2.52    3.42
17-07-2024 14:12:56.58   24.42   1.349  27.212   31.180  108.3  12.32  14.000    6.60438    3.19    2.18    3.45
17-07-2024 14:12:56.83   24.58   1.359  27.228   31.189  108.2  12.31  14.000    6.66359    3.12    2.19    3.49
17-07-2024 14:12:57.07   24.21   1.370  27.247   31.202  108.1  12.29  14.000    6.72872    3.12    2.19    3.49
17-07-2024 14:12:57.32   24.42   1.384  27.260   31.206  108.1  12.29  14.000    6.80496    3.62    2.28    3.19
17-07-2024 14:12:57.56   24.06   1.400  27.264   31.194  108.1  12.29  14.000    6.86121    2.90    2.52    3.40
17-07-2024 14:12:57.81   24.11   1.418  27.253   31.163  108.2  12.29  14.000    6.94041    2.97    2.46    3.28
17-07-2024 14:12:58.05   23.84   1.430  27.238   31.131  108.2  12.29  14.000    7.01146    2.86    2.14    3.20
17-07-2024 14:12:58.31   23.90   1.437  27.240   31.127  108.2  12.29  14.000    7.08696    3.17    2.05    3.36
17-07-2024 14:12:58.55   23.56   1.441  27.232   31.113  108.3  12.30  14.000    7.14987    2.97    2.19    3.26
17-07-2024 14:12:58.80   23.62   1.506  27.241   31.061  108.1  12.26  14.000    7.22537    2.97    2.19    3.26
17-07-2024 14:12:59.04   23.61   1.549  27.267   31.050  108.0  12.24  14.000    7.31270    3.32    2.53    3.27
17-07-2024 14:12:59.29   23.38   1.551  27.297   31.087  108.0  12.24  14.000    7.38968    3.16    2.14    3.10
17-07-2024 14:12:59.53   23.13   1.550  27.309   31.102  108.1  12.24  14.000    7.45629    3.10    2.40    3.52
17-07-2024 14:12:59.78   23.06   1.551  27.314   31.107  108.1  12.24  14.000    7.53179    3.23    2.38    3.42
17-07-2024 14:13:00.02   23.18   1.545  27.325   31.127  108.2  12.26  14.000    7.61321    2.87    2.32    3.12
17-07-2024 14:13:00.27   23.08   1.543  27.327   31.131  108.3  12.27  14.000    7.66428    2.90    2.80    3.19
17-07-2024 14:13:00.51   22.81   1.539  27.321   31.129  108.4  12.28  14.000    7.74791    2.90    2.80    3.19
17-07-2024 14:13:00.76   22.61   1.539  27.326   31.135  108.4  12.28  14.000    7.82859    2.81    2.47    2.92
17-07-2024 14:13:01.01   22.50   1.543  27.335   31.142  108.4  12.28  14.000    7.91149    3.20    2.20    3.37
17-07-2024 14:13:01.25   22.41   1.550  27.341   31.143  108.4  12.28  14.000    7.99216    2.82    2.52    3.28
17-07-2024 14:13:01.50   22.50   1.552  27.345   31.146  108.5  12.29  14.000    8.09208    2.84    2.49    3.33
17-07-2024 14:13:01.74   22.46   1.559  27.349   31.144  108.6  12.29  14.000    8.16536    3.17    1.86    3.47
17-07-2024 14:13:01.99   22.35   1.569  27.355   31.141  108.7  12.30  14.000    8.25196    3.19    2.43    2.87
17-07-2024 14:13:02.24   22.22   1.576  27.358   31.138  108.7  12.30  14.000    8.34966    3.19    2.43    2.87
17-07-2024 14:13:02.49   22.08   1.583  27.365   31.140  108.8  12.31  14.000    8.41997    2.97    1.97    3.31
17-07-2024 14:13:02.73   21.92   1.600  27.370   31.129  108.8  12.31  14.000    8.48881    2.94    2.67    3.29
17-07-2024 14:13:02.98   21.73   1.624  27.369   31.105  108.8  12.30  14.000    8.57466    3.06    2.31    3.10
17-07-2024 14:13:03.22   21.64   1.645  27.370   31.086  108.8  12.29  14.000    8.68717    3.13    2.84    3.42
17-07-2024 14:13:03.47   21.56   1.660  27.369   31.069  108.7  12.28  14.000    8.76414    3.53    2.14    3.24
17-07-2024 14:13:03.71   21.41   1.673  27.371   31.059  108.7  12.28  14.000    8.86480    3.12    1.96    3.16
17-07-2024 14:13:03.96   21.27   1.683  27.367   31.044  108.7  12.27  14.000    8.97953    3.12    1.96    3.16
17-07-2024 14:13:04.20   21.28   1.679  27.380   31.065  108.7  12.28  14.000    9.07205    3.14    2.28    3.17
17-07-2024 14:13:04.45   21.26   1.674  27.384   31.075  108.8  12.29  14.000    9.16234    2.94    2.56    3.20
17-07-2024 14:13:04.69   21.10   1.676  27.388   31.077  108.8  12.29  14.000    9.25486    2.82    2.34    3.68
17-07-2024 14:13:04.94   20.76   1.680  27.390   31.076  109.0  12.31  14.000    9.37107    2.79    2.28    3.09
17-07-2024 14:13:05.18   20.77   1.685  27.400   31.083  109.0  12.30  14.000    9.44804    2.87    2.13    3.29
17-07-2024 14:13:05.43   20.74   1.688  27.402   31.083  109.0  12.30  14.000    9.54426    3.16    2.44    3.30
17-07-2024 14:13:05.68   20.70   1.697  27.401   31.073  109.0  12.30  14.000    9.62864    3.16    2.44    3.30
17-07-2024 14:13:05.92   20.58   1.746  27.401   31.025  108.8  12.27  14.000    9.73966    3.05    2.14    3.20
17-07-2024 14:13:06.17   20.23   1.781  27.399   30.988  108.7  12.25  14.000    9.82034    3.05    2.73    3.58
17-07-2024 14:13:06.42   20.28   1.813  27.408   30.968  108.6  12.23  14.000    9.95727    3.65    2.11    3.19
17-07-2024 14:13:06.66   20.31   1.797  27.421   31.000  108.8  12.25  14.000   10.06089    2.76    2.23    3.38
17-07-2024 14:13:06.91   19.96   1.791  27.397   30.976  108.9  12.26  14.000   10.14157    3.13    2.56    3.44
17-07-2024 14:13:07.15   19.99   1.788  27.393   30.974  108.9  12.27  14.000   10.25777    3.08    2.64    3.08
17-07-2024 14:13:07.40   19.88   1.783  27.398   30.986  109.0  12.28  14.000   10.35547    3.08    2.64    3.08
17-07-2024 14:13:07.64   19.61   1.823  27.391   30.938  109.0  12.27  14.000   10.43763    3.22    2.40    2.92
17-07-2024 14:13:07.89   19.72   1.901  27.389   30.859  108.8  12.23  14.000   10.55975    3.03    2.13    3.02
17-07-2024 14:13:08.13   19.44   1.937  27.394   30.829  108.8  12.22  14.000   10.64413    2.88    2.26    3.09
17-07-2024 14:13:08.38   19.40   1.955  27.420   30.844  108.7  12.21  14.000   10.74775    2.84    2.48    3.48
17-07-2024 14:13:08.62   19.31   1.962  27.444   30.868  108.7  12.21  14.000   10.84915    3.00    1.95    3.20
17-07-2024 14:13:08.87   19.12   1.958  27.452   30.882  108.9  12.22  14.000   10.96387    3.39    2.28    3.53
17-07-2024 14:13:09.11   19.15   1.953  27.484   30.926  109.0  12.23  14.000   11.04381    3.39    2.28    3.53
17-07-2024 14:13:09.37   18.84   1.957  27.508   30.953  109.0  12.23  14.000   11.16224    2.97    1.85    3.03
17-07-2024 14:13:09.61   18.91   1.969  27.544   30.984  109.0  12.23  14.000   11.27474    3.03    2.26    3.23
17-07-2024 14:13:09.86   18.85   1.998  27.561   30.977  109.1  12.22  14.000   11.38058    2.90    1.92    3.30
17-07-2024 14:13:10.11   18.51   2.018  27.566   30.964  109.2  12.23  14.000   11.49605    3.10    2.13    3.20
17-07-2024 14:13:10.35   18.57   2.035  27.574   30.957  109.2  12.22  14.000   11.58412    2.96    2.79    3.27
17-07-2024 14:13:10.60   18.54   2.061  27.578   30.938  109.1  12.21  14.000   11.69589    3.14    2.49    3.00
17-07-2024 14:13:10.84   18.48   2.088  27.583   30.918  109.1  12.20  14.000   11.79729    3.14    2.49    3.00
17-07-2024 14:13:11.09   18.24   2.101  27.581   30.901  109.0  12.19  14.000   11.91497    3.15    2.25    3.54
17-07-2024 14:13:11.34   18.18   2.105  27.586   30.904  109.1  12.20  14.000   12.01341    2.89    1.90    3.33
17-07-2024 14:13:11.58   17.97   2.118  27.581   30.886  109.2  12.21  14.000   12.11259    2.84    2.24    3.33
17-07-2024 14:13:11.83   17.76   2.126  27.582   30.879  109.3  12.21  14.000   12.25470    2.88    2.62    3.28
17-07-2024 14:13:12.08   17.65   2.129  27.589   30.884  109.3  12.22  14.000   12.34204    2.98    2.40    3.46
17-07-2024 14:13:12.32   17.53   2.137  27.594   30.883  109.3  12.21  14.000   12.47749    3.26    2.34    3.21
17-07-2024 14:13:12.56   17.42   2.146  27.611   30.896  109.3  12.21  14.000   12.60257    3.26    2.34    3.21
17-07-2024 14:13:12.81   17.34   2.172  27.615   30.876  109.3  12.20  14.000   12.72988    3.13    2.20    3.25
17-07-2024 14:13:13.06   17.23   2.181  27.624   30.878  109.3  12.20  14.000   12.86311    3.13    2.23    3.38
17-07-2024 14:13:13.30   17.15   2.180  27.624   30.878  109.4  12.21  14.000   12.99337    3.00    2.54    2.70
17-07-2024 14:13:13.55   16.97   2.182  27.630   30.884  109.4  12.21  14.000   13.12364    3.06    2.34    3.59
17-07-2024 14:13:13.80   16.83   2.184  27.635   30.888  109.4  12.21  14.000   13.23910    3.95    3.17    3.45
17-07-2024 14:13:14.04   16.81   2.192  27.640   30.887  109.3  12.20  14.000   13.37825    3.21    2.32    3.19
17-07-2024 14:13:14.29   16.61   2.200  27.641   30.881  109.3  12.20  14.000   13.49816    3.21    2.32    3.19
17-07-2024 14:13:14.53   16.48   2.213  27.634   30.859  109.4  12.20  14.000   13.63583    3.05    2.28    3.14
17-07-2024 14:13:14.78   16.52   2.220  27.629   30.846  109.4  12.20  14.000   13.77719    2.83    2.20    3.32
17-07-2024 14:13:15.02   16.48   2.242  27.628   30.824  109.3  12.19  14.000   13.94003    3.60    2.19    3.55
17-07-2024 14:13:15.27   16.33   2.270  27.638   30.809  109.2  12.17  14.000   14.08362    3.02    2.51    3.24
17-07-2024 14:13:15.51   16.09   2.262  27.624   30.800  109.2  12.17  14.000   14.20648    3.36    2.67    3.38
17-07-2024 14:13:15.76   15.85   2.262  27.617   30.791  109.3  12.18  14.000   14.36191    3.35    2.68    3.29
17-07-2024 14:13:16.00   15.73   2.266  27.624   30.796  109.3  12.18  14.000   14.50550    3.35    2.68    3.29
17-07-2024 14:13:16.25   15.84   2.273  27.628   30.794  109.3  12.18  14.000   14.63503    3.56    2.63    3.39
17-07-2024 14:13:16.49   15.70   2.278  27.631   30.793  109.5  12.19  14.000   14.79268    3.75    2.44    3.14
17-07-2024 14:13:16.74   15.33   2.284  27.637   30.795  109.5  12.19  14.000   14.97180    3.32    2.51    3.26
17-07-2024 14:13:16.99   15.48   2.287  27.655   30.814  109.5  12.19  14.000   15.11909    3.14    2.19    3.36
17-07-2024 14:13:17.24   15.12   2.291  27.662   30.818  109.5  12.19  14.000   15.29821    2.65    2.68    3.30
17-07-2024 14:13:17.48   15.15   2.298  27.676   30.829  109.6  12.20  14.000   15.45438    3.23    2.27    3.23
17-07-2024 14:13:17.73   14.99   2.307  27.687   30.834  109.6  12.20  14.000   15.61277    3.23    2.27    3.23
17-07-2024 14:13:17.97   14.73   2.318  27.703   30.842  109.7  12.20  14.000   15.76080    3.83    2.05    3.22
17-07-2024 14:13:18.22   14.83   2.336  27.703   30.826  109.7  12.20  14.000   15.94214    3.18    2.81    2.96
17-07-2024 14:13:18.46   14.47   2.346  27.693   30.804  109.7  12.20  14.000   16.09683    3.17    2.31    3.28
17-07-2024 14:13:18.71   14.58   2.384  27.713   30.792  109.7  12.19  14.000   16.27077    2.93    2.39    3.49
17-07-2024 14:13:18.95   14.20   2.433  27.736   30.772  109.6  12.16  14.000   16.44988    2.92    2.50    2.99
17-07-2024 14:13:19.20   14.32   2.458  27.750   30.765  109.6  12.16  14.000   16.63196    3.06    2.01    3.12
17-07-2024 14:13:19.44   13.96   2.470  27.748   30.753  109.6  12.16  14.000   16.80812    3.06    2.01    3.12
17-07-2024 14:13:19.69   14.06   2.469  27.734   30.736  109.6  12.16  14.000   16.97983    3.05    2.31    3.61
17-07-2024 14:13:19.93   13.77   2.482  27.720   30.706  109.8  12.17  14.000   17.16635    3.41    2.41    3.13
17-07-2024 14:13:20.18   13.56   2.507  27.720   30.683  109.8  12.16  14.000   17.34991    2.90    2.18    3.36
17-07-2024 14:13:20.43   13.59   2.543  27.765   30.702  109.7  12.14  14.000   17.50830    2.97    2.49    3.20
17-07-2024 14:13:20.68   13.49   2.579  27.824   30.740  109.7  12.13  14.000   17.74071    3.49    2.20    3.48
17-07-2024 14:13:20.93   13.25   2.607  27.861   30.758  109.7  12.12  14.000   17.93685    2.86    2.61    3.33
17-07-2024 14:13:21.17   13.08   2.645  27.863   30.724  109.7  12.11  14.000   18.14113    2.86    2.61    3.33
17-07-2024 14:13:21.42   13.15   2.666  27.862   30.702  109.8  12.12  14.000   18.34541    3.72    2.98    3.24
17-07-2024 14:13:21.66   13.02   2.683  27.844   30.664  110.0  12.13  14.000   18.56968    3.52    2.96    3.48
17-07-2024 14:13:21.91   12.82   2.711  27.834   30.626  110.0  12.13  14.000   18.82207    3.42    2.65    3.36
17-07-2024 14:13:22.15   12.51   2.727  27.832   30.609  110.0  12.12  14.000   19.07817    3.16    2.06    3.26
17-07-2024 14:13:22.40   12.44   2.758  27.864   30.617  110.0  12.12  14.000   19.34758    3.14    2.76    3.13
17-07-2024 14:13:22.64   12.51   2.780  27.893   30.632  109.9  12.10  14.000   19.62070    3.11    2.33    3.32
17-07-2024 14:13:22.89   12.42   2.786  27.906   30.641  109.9  12.10  14.000   19.87975    3.11    2.33    3.32
17-07-2024 14:13:23.14   12.23   2.804  27.938   30.664  109.9  12.09  14.000   20.12770    3.32    2.37    3.25
17-07-2024 14:13:23.38   12.04   2.846  27.973   30.666  109.9  12.08  14.000   20.34308    3.29    2.74    3.81
17-07-2024 14:13:23.62   11.91   2.902  27.941   30.574  109.8  12.06  14.000   20.56957    3.42    2.20    3.21
17-07-2024 14:13:23.87   11.81   2.943  27.911   30.498  110.0  12.07  14.000   20.81012    3.16    2.62    3.43
17-07-2024 14:13:24.12   11.77   2.967  27.914   30.480  110.1  12.08  14.000   21.04993    3.02    2.19    3.30
17-07-2024 14:13:24.37   11.60   2.969  27.939   30.507  110.2  12.08  14.000   21.27568    3.28    2.61    3.17
17-07-2024 14:13:24.61   11.48   3.011  27.941   30.470  110.2  12.07  14.000   21.53325    3.28    2.61    3.17
17-07-2024 14:13:24.86   11.30   3.046  27.937   30.432  110.2  12.06  14.000   21.79008    3.24    2.49    3.06
17-07-2024 14:13:25.10   11.21   3.074  27.991   30.471  110.1  12.04  14.000   22.00991    3.70    2.34    3.25
17-07-2024 14:13:25.35   11.07   3.131  28.051   30.488  109.9  12.01  14.000   22.25342    3.73    2.14    4.06
17-07-2024 14:13:25.60   10.76   3.199  28.053   30.427  109.8  11.98  14.000   22.48878    4.21    2.42    3.44
17-07-2024 14:13:25.84   10.62   3.224  28.058   30.410  110.0  11.99  14.000   22.72860    3.53    2.12    3.19
17-07-2024 14:13:26.09   10.69   3.261  28.089   30.412  110.3  12.01  14.000   23.00023    3.81    2.55    3.38
17-07-2024 14:13:26.33   10.31   3.287  28.117   30.421  110.4  12.02  14.000   23.23412    3.81    2.55    3.38
17-07-2024 14:13:26.58   10.44   3.376  28.111   30.330  110.2  11.98  14.000   23.42064    4.68    2.22    3.27
17-07-2024 14:13:26.82   10.06   3.439  28.089   30.246  110.2  11.96  14.000   23.59753    3.92    2.60    3.19
17-07-2024 14:13:27.07   10.16   3.494  28.072   30.174  110.3  11.97  14.000   23.78183    6.97    2.89    3.25
17-07-2024 14:13:27.31    9.80   3.582  28.063   30.083  110.3  11.94  14.000   24.01646    3.74    2.20    3.63
17-07-2024 14:13:27.56    9.80   3.802  28.075   29.894  109.7  11.83  14.000   24.19410    3.89    2.31    3.37
17-07-2024 14:13:27.81    9.70   3.856  28.110   29.886  109.8  11.82  14.000   24.37617    3.64    2.78    3.44
17-07-2024 14:13:28.05    9.55   3.864  28.141   29.915  110.0  11.84  14.000   24.53012    3.64    2.78    3.44
17-07-2024 14:13:28.31    9.37   3.863  28.194   29.979  110.0  11.84  14.000   24.69296    4.28    2.12    3.45
17-07-2024 14:13:28.55    9.33   3.906  28.269   30.026  110.0  11.82  14.000   24.88022    3.83    2.09    3.62
17-07-2024 14:13:28.80    9.01   3.941  28.306   30.037  110.2  11.83  14.000   25.06674    4.44    2.31    3.65
17-07-2024 14:13:29.04    9.08   3.948  28.339   30.069  110.3  11.84  14.000   25.23401    4.14    2.44    3.60
17-07-2024 14:13:29.29    8.75   3.973  28.353   30.063  110.3  11.83  14.000   25.43015    4.23    2.84    3.46
17-07-2024 14:13:29.53    8.80   4.110  28.370   29.958  109.9  11.75  14.000   25.68995    4.60    2.65    3.47
17-07-2024 14:13:29.78    8.58   4.395  28.377   29.708  109.1  11.60  14.000   25.91569    4.60    2.65    3.47
17-07-2024 14:13:30.02    8.32   4.519  28.407   29.630  109.1  11.58  14.000   26.20583    6.38    2.07    3.36
17-07-2024 14:13:30.27    8.41   4.628  28.422   29.551  109.2  11.56  14.000   26.51151    4.20    1.97    3.52
17-07-2024 14:13:30.51    8.29   4.629  28.483   29.619  109.6  11.61  14.000   26.83644    4.30    2.90    3.09
17-07-2024 14:13:30.76    8.01   4.612  28.547   29.708  110.0  11.64  14.000   27.19245    4.25    2.64    3.57
17-07-2024 14:13:31.00    7.81   4.605  28.563   29.733  110.5  11.69  14.000   27.51738    3.99    2.55    3.56
17-07-2024 14:13:31.25    7.87   4.642  28.547   29.681  110.5  11.69  14.000   27.82972    3.99    2.55    3.56
17-07-2024 14:13:31.50    7.74   4.693  28.526   29.612  110.6  11.68  14.000   28.15539    4.43    2.53    3.53
17-07-2024 14:13:31.74    7.66   4.742  28.524   29.566  110.7  11.68  14.000   28.53139    4.36    2.37    3.27
17-07-2024 14:13:31.99    7.52   4.791  28.526   29.524  110.8  11.69  14.000   28.87556    4.07    2.30    3.24
17-07-2024 14:13:32.24    7.37   4.844  28.522   29.472  110.7  11.67  14.000   29.22269    4.80    2.72    3.54
17-07-2024 14:13:32.48    7.24   4.866  28.505   29.434  110.7  11.66  14.000   29.65938    3.96    2.53    3.24
17-07-2024 14:13:32.73    7.03   4.888  28.536   29.450  110.7  11.65  14.000   30.15750    4.53    2.52    3.26
17-07-2024 14:13:32.97    6.85   4.973  28.579   29.424  110.5  11.61  14.000   30.64600    4.53    2.52    3.26
17-07-2024 14:13:33.22    6.61   5.126  28.691   29.416  110.5  11.57  14.000   31.19298    4.06    2.22    3.31
17-07-2024 14:13:33.46    6.47   5.149  28.739   29.450  110.9  11.60  14.000   31.76437    3.90    2.59    3.31
17-07-2024 14:13:33.71    6.34   5.260  28.802   29.423  111.2  11.61  14.000   32.34909    4.07    2.33    3.16
17-07-2024 14:13:33.95    6.22   5.605  28.856   29.183  110.6  11.47  14.000   33.03522    4.41    2.12    3.38
17-07-2024 14:13:34.20    6.08   5.784  28.852   29.024  110.3  11.40  14.000   33.82644    4.14    2.70    3.41
17-07-2024 14:13:34.44    5.98   5.858  28.839   28.946  110.5  11.40  14.000   34.64431    4.41    2.78    3.42
17-07-2024 14:13:34.69    6.00   5.886  28.876   28.962  110.6  11.40  14.000   35.59244    4.41    2.78    3.42
17-07-2024 14:13:34.93    5.95   5.862  28.915   29.026  110.9  11.44  14.000   36.56278    4.26    2.58    3.73
17-07-2024 14:13:35.18    5.69   5.833  28.948   29.088  111.4  11.49  14.000   37.47021    4.59    2.66    3.49
17-07-2024 14:13:35.43    5.46   5.875  28.957   29.062  111.4  11.48  14.000   38.30214    4.46    2.24    3.58
17-07-2024 14:13:35.68    5.30   6.004  28.957   28.952  111.2  11.44  14.000   39.20068    4.31    2.03    3.28
17-07-2024 14:13:35.92    5.35   6.075  28.903   28.832  111.4  11.44  14.000   40.19175    4.99    2.66    3.59
17-07-2024 14:13:36.17    5.30   6.224  28.887   28.689  111.2  11.40  14.000   41.11916    4.19    2.35    3.10
17-07-2024 14:13:36.41    4.92   6.912  28.878   28.108  109.6  11.09  14.000   42.05989    4.19    2.35    3.10
17-07-2024 14:13:36.66    4.98   7.157  28.862   27.891  109.6  11.04  14.000   42.95325    4.20    2.14    3.07
17-07-2024 14:13:36.90    4.69   7.283  28.853   27.780  109.6  11.02  14.000   43.75780    5.00    2.85    3.59
17-07-2024 14:13:37.15    4.67   7.190  28.839   27.841  110.7  11.14  14.000   44.47797    5.23    2.01    3.55
17-07-2024 14:13:37.39    4.43   7.042  28.787   27.905  111.8  11.29  14.000   45.19221    4.20    2.38    3.65
17-07-2024 14:13:37.64    4.45   7.027  28.680   27.803  112.2  11.34  14.000   45.88204    3.88    2.47    3.41
17-07-2024 14:13:37.88    4.14   7.139  28.521   27.543  112.2  11.33  14.000   46.68288    4.24    2.54    3.57
17-07-2024 14:13:38.13    4.18   7.344  28.449   27.304  112.7  11.35  14.000   47.58291    4.24    2.54    3.57
17-07-2024 14:13:38.37    4.17   7.568  28.395   27.072  113.2  11.35  14.000   48.49255    3.98    2.59    3.65
17-07-2024 14:13:38.62    3.86   7.716  28.334   26.894  112.8  11.29  14.000   49.45771    4.50    2.62    3.45
17-07-2024 14:13:38.87    3.76   7.851  28.141   26.588  113.1  11.31  14.000   50.68192    4.27    2.21    3.29
17-07-2024 14:13:39.12    3.79   8.270  28.062   26.192  112.5  11.16  14.000   52.04898    3.86    2.33    3.34
17-07-2024 14:13:39.36    3.40   8.430  27.904   25.912  112.6  11.15  14.000   53.75134    3.91    2.11    3.44
17-07-2024 14:13:39.61    3.47   8.726  27.627   25.416  112.2  11.07  14.000   55.50624    3.73    2.78    3.54
17-07-2024 14:13:39.85    3.37   9.024  27.429   25.005  112.5  11.06  14.000   57.25078    3.73    2.78    3.54
17-07-2024 14:13:40.10    3.02   9.121  26.790   24.299  112.3  11.06  14.000   59.04491    3.78    2.40    3.53
17-07-2024 14:13:40.35    3.21   9.229  26.369   23.807  112.3  11.07  14.000   60.87012    3.77    2.84    3.40
17-07-2024 14:13:40.59    2.79   9.378  26.068   23.411  112.3  11.06  14.000   62.90554    4.39    2.42    3.45
17-07-2024 14:13:40.84    2.89   9.482  25.622   22.905  112.1  11.05  14.000   65.38061    3.53    2.44    3.47
17-07-2024 14:13:41.08    2.71   9.701  25.052   22.211  112.6  11.09  14.000   67.81793    3.37    2.11    3.57
17-07-2024 14:13:41.33    2.65   9.727  24.695   21.848  113.8  11.23  14.000   69.81560    3.55    2.44    3.46
17-07-2024 14:13:41.57    2.44   9.715  24.444   21.612  113.9  11.26  14.000   71.32404    3.55    2.44    3.46
17-07-2024 14:13:41.82    2.54   9.729  24.402   21.563  114.0  11.27  14.000   72.50679    3.65    2.27    3.58
17-07-2024 14:13:42.06    2.22   9.795  24.273   21.399  114.5  11.31  14.000   74.52889    3.82    2.42    3.07
17-07-2024 14:13:42.31    2.23   9.865  24.245   21.330  115.0  11.35  14.000   76.95881    3.79    2.58    3.25
17-07-2024 14:13:42.56    2.11   9.855  24.223   21.316  115.1  11.37  14.000   79.21331    3.52    2.68    3.11
17-07-2024 14:13:42.80    2.04   9.847  24.235   21.332  115.0  11.36  14.000   81.08220    3.59    2.50    3.31
17-07-2024 14:13:43.05    1.97   9.826  24.265   21.373  115.0  11.36  14.000   82.97625    3.31    2.33    3.53
17-07-2024 14:13:43.29    2.01   9.844  24.241   21.339  115.1  11.37  14.000   85.04645    3.31    2.33    3.53
17-07-2024 14:13:43.54    1.86   9.832  24.220   21.326  115.2  11.38  14.000   86.99454    3.50    2.67    3.07
17-07-2024 14:13:43.79    1.76   9.839  24.279   21.379  115.1  11.36  14.000   88.83677    3.21    2.53    3.43
17-07-2024 14:13:44.03    1.66   9.896  24.391   21.453  115.1  11.34  14.000   90.48731    3.06    2.13    3.27
17-07-2024 14:13:44.28    1.55  10.792  24.181   20.735  112.8  10.95  14.000   91.52574    3.05    2.73    3.37
17-07-2024 14:13:44.52    1.41  11.252  23.879   20.198  111.2  10.72  14.000   92.88689    3.00    2.07    3.45
17-07-2024 14:13:44.77    1.21  11.372  23.719   19.985  111.7  10.75  14.000   94.14663    2.80    2.59    3.31
17-07-2024 14:13:45.02    1.12  11.305  23.725   20.026  111.8  10.77  14.000   96.57581    2.80    2.59    3.31
17-07-2024 14:13:45.26    1.19  11.026  23.582   20.045  113.2  10.98  14.000  101.24468    2.97    2.02    3.33
17-07-2024 14:13:45.50    1.09  10.934  22.663   19.240  113.6  11.10  14.000  105.12604    3.01    1.85    3.64
17-07-2024 14:13:45.75    0.93  10.954  19.450   16.272  114.0  11.34  14.000  105.58494    2.39    2.37    2.88
17-07-2024 14:13:45.99    0.77  10.975  18.517   15.414  114.0  11.39  14.000  107.48491    2.67    2.38    3.17
17-07-2024 14:13:46.24    0.78  11.017  18.406   15.297  113.6  11.35  14.000  107.41311    2.45    2.19    3.17
17-07-2024 14:13:46.49    0.79  11.041  18.604   15.466  113.3  11.31  14.000  110.44181    2.55    2.39    3.12
17-07-2024 14:13:46.74    0.55  11.406  17.961   14.739  112.6  11.19  14.000  109.93777    2.55    2.39    3.12
17-07-2024 14:13:46.98    0.40  11.734  17.281   14.008  111.5  11.05  14.000  111.29743    2.55    1.99    2.95
17-07-2024 14:13:47.23    0.31  11.868  17.054   13.759  111.2  11.01  14.000  212.61613    2.50    2.60    3.09
17-07-2024 14:13:47.47    0.48  11.862  16.899   13.625  110.9  10.99  14.000  260.65274    2.60    2.39    2.85
17-07-2024 14:13:47.72    0.19  11.842  15.765   12.642  111.0  11.07  14.000  272.32422    2.35    2.13    2.93
17-07-2024 14:13:47.96    0.00  11.872  14.373   11.426  111.1  11.16  14.000  281.88995    2.25    2.00    3.33
17-07-2024 14:13:48.21    0.08  11.894  14.269   11.329  111.3  11.18  14.000  283.83655    2.32    2.67    3.05
17-07-2024 14:13:48.45    0.12  11.894  14.164   11.240  111.1  11.16  14.000  281.47324    2.32    2.67    3.05
17-07-2024 14:13:48.70   -0.22  11.855  13.237   10.456  111.7  11.29  14.000  278.65918    2.90    1.84    2.96
17-07-2024 14:13:48.94    0.11  11.688   1.661    1.149  111.8  12.03  14.000  281.17719    5.14   74.97    2.96
17-07-2024 14:13:49.19   -0.23  11.560   1.320    0.905  109.9  11.87  14.000  287.67496   40.76   74.97    2.96
17-07-2024 14:13:49.44    0.16  11.419   1.371    0.946  108.8  11.79  14.000  288.91028   23.30   51.50   17.68
17-07-2024 14:13:49.68   -0.16  11.360   1.175    0.806  107.7  11.70  14.000  284.14148    8.38   51.50   56.42
17-07-2024 14:13:49.93    0.18  11.321   1.050    0.717  106.7  11.61  14.000  283.48718   38.29   14.65   16.06
17-07-2024 14:13:50.18   -0.20  11.274   0.927    0.631  105.9  11.54  14.000  290.99603   38.29   14.65   16.06
17-07-2024 14:13:50.43    0.16  11.225   0.988    0.675  105.1  11.47  14.000  298.69656   32.43   14.65   16.06
17-07-2024 14:13:50.67   -0.17  11.196   0.952    0.650  104.4  11.40  14.000  299.32645   28.40   63.60   16.06
17-07-2024 14:13:50.92    0.07  11.174   0.842    0.572  103.7  11.33  14.000  295.61755   22.00   63.60   16.06
17-07-2024 14:13:51.16   -0.11  11.130   0.830    0.564  103.1  11.28  14.000  296.34067   22.00   63.60   16.06
17-07-2024 14:13:51.41   -0.10  11.060   0.793    0.539  102.7  11.25  14.000  303.87173   22.00   63.60   16.06
17-07-2024 14:13:51.65    0.18  10.985   0.732    0.497  102.4  11.24  14.000  309.68045   22.00   46.98   17.05
17-07-2024 14:13:51.90   -0.17  10.938   0.679    0.460  102.0  11.21  14.000  310.33548   22.00   46.98   17.05
17-07-2024 14:13:52.14   -0.08  10.896   0.612    0.414  101.6  11.18  14.000  313.66022    5.39   10.12   22.47
17-07-2024 14:13:52.39    0.15  10.837   0.587    0.397  101.3  11.17  14.000  320.85306   33.29   10.12   37.42
17-07-2024 14:13:52.63   -0.20  10.761   0.606    0.411  101.1  11.16  14.000  328.83115    3.79   10.12   37.42
17-07-2024 14:13:52.88   -0.01  10.691   0.619    0.420  100.9  11.16  14.000  334.02182   16.51   17.40   37.42
17-07-2024 14:13:53.12    0.20  10.640   0.553    0.375  100.6  11.15  14.000  334.77975    8.21   17.40   29.90
17-07-2024 14:13:53.37   -0.14  10.576   0.473    0.319  100.3  11.13  14.000  337.09421    8.21    9.02   29.90
17-07-2024 14:13:53.62   -0.23  10.497   0.409    0.275  100.3  11.15  14.000  339.24286    8.21    9.02   29.90
17-07-2024 14:13:53.86   -0.12  10.417   0.342    0.229  100.2  11.16  14.000  340.02814   72.16   25.02   29.90
17-07-2024 14:13:54.11   -0.25  10.337   0.302    0.203   99.4  11.10  14.000  341.43591   72.16 1000.00   29.90
17-07-2024 14:13:54.36   -0.30  10.272   0.277    0.185   99.0  11.08  14.000  343.21005   20.61 1000.00   29.90
17-07-2024 14:13:54.60   -0.22  10.216   0.253    0.170   99.6  11.16  14.000  345.78656    7.75    0.00   29.90
17-07-2024 14:13:54.85    0.07  10.162   0.236    0.158   99.4  11.15  14.000  347.55106   10.18   74.52   29.90
17-07-2024 14:13:55.09    0.24  10.115   0.224    0.150   98.8  11.10  14.000  349.45697   10.18   86.00  508.85
17-07-2024 14:13:55.34    0.09  10.059   0.214    0.143   98.7  11.09  14.000  351.95200   10.18   86.00  508.85
17-07-2024 14:13:55.58   -0.08   9.997   0.206    0.138   98.9  11.13  14.000  355.76453   10.18   41.84    0.00
17-07-2024 14:13:55.83   -0.21   9.940   0.201    0.135   99.1  11.18  14.000  357.83698   10.18   48.24   52.84
17-07-2024 14:13:56.08   -0.30   9.883   0.195    0.131   98.5  11.12  14.000  360.07297   10.18   30.90   52.84
17-07-2024 14:13:56.32    0.16   9.824   0.192    0.129   98.1  11.09  14.000  363.58130   10.18   30.90   52.84
17-07-2024 14:13:56.56    0.15   9.770   0.185    0.125   98.4  11.14  14.000  367.54037   10.54   30.90   52.84
17-07-2024 14:13:56.81   -0.14   9.715   0.181    0.122   98.7  11.19  14.000  370.11978    8.12 1000.00   45.43
17-07-2024 14:13:57.05   -0.14   9.664   0.178    0.120   98.3  11.16  14.000  372.10339    8.12 1000.00   45.43
17-07-2024 14:13:57.31   -0.33   9.617   0.176    0.118   97.9  11.12  14.000  375.65686   52.78   36.40   45.43
17-07-2024 14:13:57.55   -0.22   9.575   0.173    0.117   98.1  11.16  14.000  379.28287    0.51   36.40    0.00
17-07-2024 14:13:57.80    0.22   9.534   0.171    0.116   98.0  11.16  14.000  381.82236    0.51 1000.00    5.60
17-07-2024 14:13:58.05   -0.19   9.499   0.167    0.113   97.8  11.15  14.000  385.05457    0.51   47.35    0.84
17-07-2024 14:13:58.29   -0.12   9.471   0.166    0.113   97.8  11.15  14.000  389.70126    0.51   47.35   32.72
17-07-2024 14:13:58.54    0.17   9.442   0.164    0.111   98.2  11.20  14.000  392.72845    0.51   47.35   32.72
17-07-2024 14:13:58.78   -0.30   9.414   0.164    0.111   98.1  11.20  14.000  394.56110    0.51   47.35   32.72
17-07-2024 14:13:59.03    0.27   9.389   0.162    0.110   97.8  11.17  14.000  396.85483   15.69   47.35   21.67
17-07-2024 14:13:59.27   -0.32   9.366   0.161    0.109   97.8  11.18  14.000  400.21512    0.00    1.31    9.59
17-07-2024 14:13:59.52    0.25   9.329   0.159    0.108   98.1  11.22  14.000  402.36081    0.00    1.31    9.59
17-07-2024 14:13:59.76   -0.27   9.303   0.158    0.107   98.1  11.23  14.000  403.62280    0.00    1.31   26.93
17-07-2024 14:14:00.01    0.28   9.284   0.158    0.107   97.7  11.19  14.000  406.17410   31.94   10.26    0.00
17-07-2024 14:14:00.25   -0.12   9.256   0.157    0.107   97.6  11.19  14.000  409.23904   31.94    0.00    0.00
17-07-2024 14:14:00.50   -0.31   9.222   0.155    0.105   97.6  11.20  14.000  411.17307   31.94    0.00    0.00
17-07-2024 14:14:00.74    0.24   9.183   0.154    0.105   97.9  11.24  14.000  412.70590    2.51    0.00    0.00
17-07-2024 14:14:00.99    0.11   9.148   0.154    0.105   97.8  11.23  14.000  415.22913    2.51    0.00    0.00
17-07-2024 14:14:01.24   -0.31   9.113   0.153    0.104   97.9  11.26  14.000  417.44882    0.00    0.00    7.32
17-07-2024 14:14:01.49   -0.05   9.079   0.150    0.103   98.0  11.28  14.000  418.72928    6.71    0.00    7.32
17-07-2024 14:14:01.73    0.27   9.047   0.151    0.103   98.1  11.30  14.000  420.37393    8.10   30.85    5.86
17-07-2024 14:14:01.98    0.13   9.013   0.151    0.103   98.1  11.31  14.000  421.12366    0.00   30.85   10.57
17-07-2024 14:14:02.22   -0.17   8.988   0.149    0.102   97.8  11.29  14.000  419.11343    0.00   30.85   10.57
17-07-2024 14:14:02.47   -0.28   8.964   0.149    0.102   98.0  11.31  14.000  420.53601 1000.00   30.85    7.12
17-07-2024 14:14:02.71   -0.33   8.941   0.148    0.102   97.9  11.30  14.000  425.42767    0.00    0.00    7.12
17-07-2024 14:14:02.96   -0.17   8.920   0.147    0.100   98.0  11.33  14.000  429.46890    3.62    0.14   10.75
17-07-2024 14:14:03.20   -0.23   8.900   0.146    0.100   97.3  11.24  14.000  429.23871    3.62    0.14   10.75
17-07-2024 14:14:03.45   -0.33   8.877   0.147    0.101   97.4  11.27  14.000  427.66589   23.38    0.25   22.98
17-07-2024 14:14:03.70   -0.32   8.846   0.146    0.100   97.3  11.27  14.000  427.59708   23.38    0.25   22.98
17-07-2024 14:14:03.98   -0.33   8.816   0.145    0.100   97.3  11.27  14.000  427.17886   23.38    0.25   18.73
17-07-2024 14:14:04.18   -0.20   8.789   0.146    0.100   97.9  11.34  14.000  427.09891   23.38    0.25   18.73
17-07-2024 14:14:04.43    0.22   8.772   0.147    0.101   98.7  11.45  14.000  427.98343    3.57   22.89    6.43
17-07-2024 14:14:04.68    0.05   8.740   0.145    0.100   98.2  11.39  14.000  428.07297    3.57    2.01    2.66
17-07-2024 14:14:04.93   -0.03   8.712   0.145    0.100   97.7  11.35  14.000  427.69922    5.72    2.01    2.66
17-07-2024 14:14:05.18   -0.25   8.691   0.146    0.101   98.6  11.45  14.000  427.31876    5.72   46.81    1.21
17-07-2024 14:14:05.42   -0.06   8.672   0.146    0.101   98.7  11.47  14.000  427.03751    5.72   46.81    2.30
17-07-2024 14:14:05.67    0.27   8.653   0.147    0.101   97.9  11.38  14.000  424.74673    5.72   46.81    2.30
17-07-2024 14:14:05.91    0.16   8.631   0.144    0.100   98.0  11.40  14.000  419.33325    1.83   12.07   43.89
17-07-2024 14:14:06.16   -0.04   8.604   0.143    0.099   98.3  11.44  14.000  414.14996   26.71   12.07   43.89
17-07-2024 14:14:06.40   -0.28   8.575   0.144    0.099   98.0  11.42  14.000  410.06433    7.03   15.34   11.15
17-07-2024 14:14:06.65   -0.25   8.552   0.144    0.099   99.5  11.60  14.000  401.18472    7.03   10.29   11.15
17-07-2024 14:14:06.89   -0.21   8.539   0.143    0.099   99.3  11.58  14.000  375.30310    2.46 1000.00   11.15
17-07-2024 14:14:07.15   -0.00   8.529   0.143    0.099   99.4  11.59  14.000  372.48309    2.46   36.78   11.15
17-07-2024 14:14:07.43    0.18   8.505   0.143    0.099   99.6  11.62  14.000  355.98880   20.47   20.49   11.15
17-07-2024 14:14:07.63    0.05   8.489   0.142    0.098   99.5  11.62  14.000  365.30582   20.47   20.49   11.15
17-07-2024 14:14:07.88   -0.22   8.472   0.142    0.098   99.6  11.63  14.000  418.97797 1000.00   25.41    0.00
17-07-2024 14:14:08.12    0.08   8.461   0.141    0.098   99.6  11.64  14.000  433.96457 1000.00    2.25    0.00
17-07-2024 14:14:08.37   -0.22   8.442   0.140    0.097   99.7  11.65  14.000  363.44730    3.33    7.21    0.00
17-07-2024 14:14:08.62    0.02   8.429   0.140    0.097   99.7  11.65  14.000  350.79813    3.33 1000.00    5.38
17-07-2024 14:14:08.87    0.12   8.416   0.139    0.096   99.6  11.65  14.000  314.15393    0.00 1000.00 1000.00
17-07-2024 14:14:09.11   -0.17   8.404   0.138    0.095   99.6  11.65  14.000  278.71616    0.00 1000.00 1000.00
17-07-2024 14:14:09.36   -0.14   8.393   0.137    0.095   99.7  11.66  14.000  262.95834   14.24 1000.00   25.79
17-07-2024 14:14:09.60    0.18   8.383   0.137    0.095   99.6  11.66  14.000  254.27782   14.24   30.43   25.79
17-07-2024 14:14:09.85    0.06   8.373   0.136    0.094   99.7  11.67  14.000  258.41156    2.91   30.43    2.49
17-07-2024 14:14:10.09   -0.24   8.378   0.136    0.094   99.6  11.66  14.000  243.64183    2.91    4.39    3.82
17-07-2024 14:14:10.34    0.16   8.388   0.137    0.095   99.6  11.65  14.000  224.34607    3.49    7.86    2.63
17-07-2024 14:14:10.58   -0.03   8.396   0.135    0.094   99.5  11.64  14.000  212.76270    3.49    7.86    2.63
17-07-2024 14:14:10.83   -0.23   8.404   0.135    0.094   99.4  11.63  14.000  204.30200    1.71    7.86    6.74
17-07-2024 14:14:11.07    0.15   8.416   0.135    0.094   99.4  11.62  14.000  202.53821    1.71    4.78    2.54
17-07-2024 14:14:11.32   -0.18   8.431   0.135    0.093   99.3  11.61  14.000  200.46802    2.60    2.99    4.30
17-07-2024 14:14:11.56    0.12   8.439   0.134    0.093   99.2  11.60  14.000  194.80289    2.60    3.46    1.87
17-07-2024 14:14:11.81   -0.22   8.445   0.134    0.093   99.2  11.60  14.000  191.07622    0.25    0.58    6.33
17-07-2024 14:14:12.06   -0.07   8.460   0.133    0.092   99.2  11.59  14.000  187.49759    0.25    3.45    6.33
17-07-2024 14:14:12.30    0.06   8.482   0.134    0.093   99.1  11.57  14.000  187.57605    0.25    3.45    6.33
17-07-2024 14:14:12.55   -0.22   8.494   0.133    0.092   99.0  11.56  14.000  187.22078    4.17    3.45    6.83
17-07-2024 14:14:12.80    0.22   8.503   0.133    0.092   98.9  11.54  14.000  183.47043    0.74    6.28    8.39
17-07-2024 14:14:13.04   -0.24   8.514   0.133    0.092   98.8  11.53  14.000  175.59668    1.22    1.90    4.63
17-07-2024 14:14:13.29   -0.13   8.538   0.132    0.091   97.9  11.42  14.000  172.14017    1.57    2.73    3.40
17-07-2024 14:14:13.53    0.13   8.568   0.343    0.241   98.6  11.48  14.000  167.93611    1.57    2.73    3.40
17-07-2024 14:14:13.78   -0.25   8.603   0.479    0.341   98.5  11.46  14.000  172.94472    1.57    4.09    4.43
17-07-2024 14:14:14.02    0.07   8.635   0.366    0.258   98.5  11.44  14.000  170.88043    1.57    4.09    4.43
17-07-2024 14:14:14.27    0.18   8.665   0.462    0.328   98.4  11.42  14.000  163.17989    5.11    1.08    2.16
17-07-2024 14:14:14.51   -0.07   8.693   0.407    0.287   98.2  11.39  14.000  162.76245    2.34    3.18    2.01
17-07-2024 14:14:14.76   -0.22   8.717   0.348    0.245   98.2  11.39  14.000  161.00235    2.22    2.03    0.25
17-07-2024 14:14:15.01   -0.14   8.730   0.316    0.221   97.9  11.36  14.000  163.29314    1.51    4.67    2.93
17-07-2024 14:14:15.25   -0.11   8.748   0.491    0.349   97.9  11.34  14.000  166.40622    1.99    1.73    3.05
17-07-2024 14:14:15.50    0.13   8.761   0.488    0.346   97.8  11.33  14.000  163.50481    1.36    3.13    3.54
17-07-2024 14:14:15.75   -0.21   8.772   0.405    0.286   97.7  11.32  14.000  157.60727    1.36    3.13    3.54
17-07-2024 14:14:15.99   -0.03   8.782   0.305    0.213   97.7  11.31  14.000  157.86929    1.71    1.76    3.23
17-07-2024 14:14:16.24   -0.24   8.801   0.254    0.177   97.6  11.30  14.000  129.72945    1.69    3.01    4.41
17-07-2024 14:14:16.49   -0.25   8.814   0.228    0.158   97.5  11.30  14.000  121.85201    1.69    2.09    2.87
17-07-2024 14:14:16.73   -0.02   8.818   0.211    0.146   97.5  11.29  14.000  147.58340    2.35    2.45    2.00
17-07-2024 14:14:16.98    0.21   8.819   0.310    0.216   97.4  11.28  14.000  172.52579    3.50    1.36    3.32
17-07-2024 14:14:17.22    0.03   8.840   0.448    0.317   97.4  11.26  14.000  186.78703    1.46    2.21    2.34
17-07-2024 14:14:17.47   -0.11   8.861   0.394    0.277   97.3  11.24  14.000  186.04172    1.46    2.21    2.34
17-07-2024 14:14:17.71   -0.13   8.877   0.356    0.249   97.2  11.23  14.000  182.77467    1.71    2.85    2.91
17-07-2024 14:14:17.96   -0.22   8.885   0.326    0.228   97.1  11.22  14.000  180.50240    2.36    1.41    2.78
17-07-2024 14:14:18.21   -0.21   8.886   0.297    0.207   97.1  11.22  14.000  179.54761    1.96    2.17    3.71
17-07-2024 14:14:18.45   -0.02   8.891   0.270    0.187   97.1  11.22  14.000  181.04494    1.92    2.45    3.13
17-07-2024 14:14:18.69    0.18   8.897   0.247    0.171   97.0  11.21  14.000  185.95511    1.98    2.35    2.81
17-07-2024 14:14:18.94   -0.01   8.906   0.228    0.157   97.0  11.21  14.000  189.45306    2.17    1.51    3.33
17-07-2024 14:14:19.18   -0.24   8.935   0.212    0.146   96.9  11.20  14.000  192.50916    2.17    1.51    3.33
17-07-2024 14:14:19.43    0.17   8.961   0.202    0.139   96.9  11.18  14.000  193.54980    1.75    2.03    2.77
17-07-2024 14:14:19.68   -0.26   8.987   0.193    0.132   96.7  11.16  14.000  192.25380    2.16    2.56    2.83
17-07-2024 14:14:19.93    0.22   8.999   0.187    0.128   96.7  11.15  14.000  191.95848    2.36    2.54    3.05
17-07-2024 14:14:20.17   -0.16   8.998   0.180    0.124   96.6  11.14  14.000  190.79274    2.31    2.25    3.50
17-07-2024 14:14:20.42   -0.09   9.007   0.176    0.121   96.6  11.14  14.000  190.04224    2.30    2.74    3.39
17-07-2024 14:14:20.67   -0.22   9.009   0.172    0.118   96.6  11.13  14.000  188.49976    2.55    2.59    2.99
17-07-2024 14:14:20.91    0.11   9.008   0.170    0.117   96.6  11.13  14.000  187.36510    2.55    2.59    2.99
17-07-2024 14:14:21.16    0.05   9.018   0.167    0.114   96.5  11.12  14.000  185.21349    2.44    2.66    3.40
17-07-2024 14:14:21.40   -0.17   9.024   0.164    0.112   96.6  11.13  14.000  183.97742    1.69    1.80    3.15
17-07-2024 14:14:21.65    0.21   9.028   0.163    0.112   96.5  11.13  14.000  182.29283    1.83    2.22    2.78
17-07-2024 14:14:21.89   -0.26   9.039   0.160    0.110   96.5  11.12  14.000  179.06133    2.08    2.37    3.09
17-07-2024 14:14:22.14    0.13   9.050   0.160    0.109   96.4  11.11  14.000  177.06366    1.92    2.18    3.22
17-07-2024 14:14:22.38    0.11   9.053   0.159    0.108   96.4  11.10  14.000  173.60567    1.61    2.16    3.03
17-07-2024 14:14:22.63   -0.25   9.046   0.157    0.107   96.4  11.10  14.000  169.18549    1.61    2.16    3.03
17-07-2024 14:14:22.87    0.20   9.037   0.157    0.107   96.4  11.10  14.000  165.60611    1.84    1.95    2.67
17-07-2024 14:14:23.12    0.10   9.026   0.156    0.107   96.4  11.11  14.000  160.28514    2.35    2.69    3.77
17-07-2024 14:14:23.37   -0.26   9.021   0.154    0.105   96.3  11.11  14.000  149.37531    1.87    1.80    3.61
17-07-2024 14:14:23.62   -0.24   9.026   0.152    0.104   96.3  11.10  14.000  143.64134    1.87    2.27    4.20
17-07-2024 14:14:23.86   -0.05   9.033   0.152    0.104   96.3  11.10  14.000  136.74239    0.75    2.95    3.05
17-07-2024 14:14:24.11    0.08   9.049   0.156    0.107   96.3  11.09  14.000  135.16438    2.70    2.67    3.52
17-07-2024 14:14:24.35    0.16   9.053   0.164    0.112   96.2  11.08  14.000  151.73195    2.70    2.67    3.52
17-07-2024 14:14:24.60    0.22   9.044   0.172    0.118   96.2  11.08  14.000  161.56487    2.46    2.83    2.76
17-07-2024 14:14:24.84    0.21   9.035   0.178    0.122   96.2  11.09  14.000  160.39987    1.56    3.05    3.54
17-07-2024 14:14:25.09    0.12   9.033   0.178    0.122   96.2  11.09  14.000  154.51936    1.77    1.40    3.44
17-07-2024 14:14:25.33   -0.07   9.053   0.175    0.120   96.2  11.08  14.000  152.17087    1.73    2.52    3.44
17-07-2024 14:14:25.58   -0.08   9.063   0.174    0.119   96.1  11.07  14.000  151.37889    1.98    2.85    3.21
17-07-2024 14:14:25.82    0.10   9.076   0.174    0.119   96.1  11.06  14.000  158.98100    2.24    2.74    3.50
17-07-2024 14:14:26.07    0.18   9.089   0.175    0.120   96.0  11.05  14.000  163.01039    2.24    2.74    3.50
17-07-2024 14:14:26.31    0.22   9.088   0.176    0.120   96.0  11.04  14.000  163.72018    2.33    2.79    3.46
17-07-2024 14:14:26.56    0.18   9.083   0.177    0.121   96.0  11.04  14.000  164.36635    2.32    2.61    4.07
17-07-2024 14:14:26.81   -0.28   9.079   0.178    0.122   96.0  11.04  14.000  163.98442    2.20    3.17    3.39
17-07-2024 14:14:27.05   -0.03   9.077   0.180    0.123   95.9  11.04  14.000  163.84009    2.51    2.93    3.32
17-07-2024 14:14:27.30    0.01   9.072   0.182    0.125   96.0  11.05  14.000  163.06146    1.98    2.26    3.37
17-07-2024 14:14:27.55   -0.29   9.070   0.184    0.126   96.0  11.05  14.000  161.27991    1.19    1.05    3.03
17-07-2024 14:14:27.79   -0.09   9.073   0.184    0.126   96.0  11.05  14.000  158.85147    1.19    1.05    3.03
17-07-2024 14:14:28.04    0.25   9.071   0.185    0.127   95.9  11.04  14.000  159.73003    1.39    1.71    2.30
17-07-2024 14:14:28.28   -0.20   9.065   0.184    0.126   95.9  11.04  14.000  164.30344    1.60    1.25    2.80
17-07-2024 14:14:28.53    0.17   9.065   0.185    0.126   96.0  11.05  14.000  166.68228    1.53    1.61    3.16
17-07-2024 14:14:28.77   -0.22   9.071   0.183    0.126   95.9  11.05  14.000  166.11089    1.53    2.15    3.19
17-07-2024 14:14:29.03    0.22   9.072   0.184    0.126   95.9  11.04  14.000  164.29456    2.39    1.92    2.88
17-07-2024 14:14:29.26   -0.17   9.073   0.183    0.125   95.9  11.04  14.000  163.36714    1.99    2.24    3.13
17-07-2024 14:14:29.51    0.11   9.070   0.183    0.125   95.9  11.04  14.000  162.16736    1.99    2.24    3.13
17-07-2024 14:14:29.75   -0.14   9.064   0.182    0.125   95.9  11.05  14.000  161.75214    2.51    2.88    3.36
17-07-2024 14:14:30.00   -0.12   9.057   0.182    0.125   96.0  11.05  14.000  164.87335    2.38    3.51    3.38
17-07-2024 14:14:30.24    0.22   9.051   0.183    0.125   96.0  11.05  14.000  166.68449    2.91    3.04    3.44
17-07-2024 14:14:30.50    0.03   9.047   0.182    0.125   96.0  11.05  14.000  165.93695    2.40    3.02    3.95
17-07-2024 14:14:30.74   -0.05   9.046   0.181    0.124   95.9  11.05  14.000  159.98465    2.70    3.30    3.85
17-07-2024 14:14:30.99    0.11   9.041   0.181    0.124   95.9  11.05  14.000  155.39423    3.39    2.78    2.83
17-07-2024 14:14:31.23   -0.24   9.035   0.180    0.123   95.9  11.05  14.000  148.49379    3.39    2.78    2.83
17-07-2024 14:14:31.48    0.12   9.030   0.180    0.123   95.9  11.05  14.000  144.57172    2.16    2.60    2.73
17-07-2024 14:14:31.73    0.17   9.023   0.180    0.123   95.9  11.05  14.000  149.59660    1.53    1.69    2.33
17-07-2024 14:14:31.97   -0.11   9.018   0.179    0.123   95.9  11.05  14.000  158.53395    2.54    1.35    3.18
17-07-2024 14:14:32.22   -0.25   9.017   0.180    0.123   95.9  11.06  14.000  160.84767    1.83    2.83    3.57
17-07-2024 14:14:32.46   -0.10   9.013   0.180    0.123   95.9  11.05  14.000  160.28737    2.07    1.73    3.03
17-07-2024 14:14:32.71    0.14   9.008   0.180    0.123   95.8  11.05  14.000  158.68124    2.19    2.20    3.11
17-07-2024 14:14:32.95    0.17   9.007   0.180    0.123   95.8  11.05  14.000  157.33788    2.19    2.20    3.11
17-07-2024 14:14:33.20   -0.03   9.010   0.179    0.122   95.8  11.05  14.000  156.74796    1.89    2.68    2.99
17-07-2024 14:14:33.44    0.12   9.010   0.178    0.122   95.9  11.06  14.000  156.20172    2.99    2.36    2.81
17-07-2024 14:14:33.69    0.19   9.011   0.179    0.123   96.1  11.08  14.000  156.17285    1.18    2.89    3.28
17-07-2024 14:14:33.93    0.20   9.010   0.178    0.122   96.0  11.07  14.000  155.63403    2.18    2.20    3.55
17-07-2024 14:14:34.18   -0.20   9.010   0.178    0.122   96.0  11.07  14.000  155.78799    2.67    2.52    2.72
17-07-2024 14:14:34.43   -0.26   9.011   0.178    0.122   95.9  11.05  14.000  156.27649    2.24    3.12    3.14
17-07-2024 14:14:34.68    0.09   9.015   0.178    0.122   96.0  11.07  14.000  156.39490    2.24    3.12    3.14
17-07-2024 14:14:34.92    0.20   9.015   0.178    0.122   95.8  11.05  14.000  156.00632    1.40    1.77    2.91
17-07-2024 14:14:35.17   -0.22   9.023   0.178    0.122   96.0  11.06  14.000  156.65100    2.83    3.53    2.62
17-07-2024 14:14:35.42   -0.02   9.030   0.177    0.122   96.0  11.06  14.000  155.93379    1.42    2.49    2.66
17-07-2024 14:14:35.66    0.21   9.048   0.179    0.123   95.9  11.05  14.000  153.83249    2.04    2.74    3.07
17-07-2024 14:14:35.91    0.06   9.057   0.181    0.124   95.8  11.03  14.000  153.09383    2.28    1.80    3.95
17-07-2024 14:14:36.15   -0.27   9.058   0.182    0.124   95.9  11.04  14.000  153.11751    0.73    3.23    2.61
17-07-2024 14:14:36.39   -0.05   9.073   0.182    0.125   95.9  11.04  14.000  154.06047    0.73    3.23    2.61
17-07-2024 14:14:36.64    0.14   9.090   0.182    0.125   95.8  11.02  14.000  154.12486    1.94    1.91    2.88
17-07-2024 14:14:36.88    0.09   9.114   0.181    0.124   95.7  11.01  14.000  154.18481    1.67    2.33    3.09
17-07-2024 14:14:37.13   -0.24   9.135   0.180    0.123   95.9  11.02  14.000  154.71254    1.19    2.60    2.55
17-07-2024 14:14:37.38   -0.16   9.149   0.179    0.122   95.8  11.01  14.000  156.80865    1.55    4.39    2.22
17-07-2024 14:14:37.62    0.22   9.153   0.178    0.122   95.7  10.99  14.000  157.11655    2.06    1.27    4.07
17-07-2024 14:14:37.87   -0.18   9.158   0.177    0.121   95.6  10.99  14.000  158.39775    1.73    3.59    1.63
17-07-2024 14:14:38.12   -0.16   9.167   0.177    0.121   95.6  10.98  14.000  158.63831    1.73    3.59    1.63
17-07-2024 14:14:38.37   -0.04   9.184   0.177    0.120   95.7  10.98  14.000  157.15504    2.22    2.47    3.56
17-07-2024 14:14:38.61   -0.11   9.197   0.176    0.120   95.6  10.98  14.000  154.43796    2.06    2.41    2.58
17-07-2024 14:14:38.86    0.20   9.211   0.176    0.120   95.6  10.96  14.000  147.98752    1.72    2.70    4.13
17-07-2024 14:14:39.10   -0.16   9.225   0.175    0.119   95.4  10.95  14.000  140.03680    2.36    2.03    2.96
17-07-2024 14:14:39.35   -0.13   9.247   0.174    0.119   95.4  10.93  14.000  140.45721    2.12    2.32    3.09
17-07-2024 14:14:39.59    0.15   9.267   0.174    0.119   95.3  10.92  14.000  147.68701    1.37    1.85    3.06
17-07-2024 14:14:39.84   -0.21   9.285   0.173    0.118   95.3  10.92  14.000  166.49947    1.37    1.85    3.06
17-07-2024 14:14:40.09   -0.09   9.302   0.358    0.247   95.4  10.91  14.000  174.13785    1.71    2.43    2.56
17-07-2024 14:14:40.33    0.09   9.312   0.517    0.362   95.4  10.90  14.000  174.84099    1.22    2.09    3.02
17-07-2024 14:14:40.57   -0.20   9.316   0.496    0.347   95.4  10.90  14.000  173.12532    1.86    2.33    3.05
17-07-2024 14:14:40.82    0.21   9.324   0.466    0.325   95.4  10.90  14.000  172.23935    2.00    2.27    2.85
17-07-2024 14:14:41.06   -0.16   9.328   0.411    0.286   95.4  10.90  14.000  165.81113    2.42    2.47    3.57
17-07-2024 14:14:41.31   -0.07   9.330   0.368    0.254   95.4  10.90  14.000  164.98215    2.32    2.35    3.26
17-07-2024 14:14:41.56    0.07   9.333   0.335    0.231   95.4  10.90  14.000  172.17274    2.32    2.35    3.26
17-07-2024 14:14:41.80    0.18   9.333   0.315    0.217   95.3  10.90  14.000  171.68127    1.91    2.84    3.65
17-07-2024 14:14:42.05   -0.09   9.337   0.303    0.209   95.3  10.89  14.000  170.00038    2.03    2.03    2.85
17-07-2024 14:14:42.30   -0.07   9.332   0.291    0.200   95.3  10.89  14.000  165.67346    2.61    2.99    2.61
17-07-2024 14:14:42.54    0.19   9.325   0.276    0.190   95.4  10.91  14.000  163.17101    1.67    2.85    2.94
17-07-2024 14:14:42.79   -0.17   9.320   0.262    0.180   95.2  10.89  14.000  163.94521    1.78    1.96    2.81
17-07-2024 14:14:43.03   -0.23   9.318   0.251    0.172   95.3  10.90  14.000  165.52394    2.13    2.19    2.67
17-07-2024 14:14:43.28    0.05   9.322   0.242    0.166   95.2  10.89  14.000  167.52310    2.13    2.19    2.67
17-07-2024 14:14:43.52    0.20   9.322   0.238    0.162   95.2  10.89  14.000  167.32918    2.48    2.56    3.28
17-07-2024 14:14:43.77    0.19   9.313   0.231    0.158   95.2  10.89  14.000  166.54462    1.72    2.56    3.60
17-07-2024 14:14:44.02    0.05   9.303   0.226    0.154   95.2  10.90  14.000  164.36118    2.02    2.24    3.25
17-07-2024 14:14:44.26    0.05   9.294   0.225    0.154   95.2  10.90  14.000  163.06442    1.52    3.04    4.61
17-07-2024 14:14:44.51    0.16   9.290   0.225    0.154   95.2  10.90  14.000  161.84317    1.35    2.87    2.38
17-07-2024 14:14:44.75    0.19   9.294   0.219    0.150   95.2  10.90  14.000  161.44940    2.29    1.99    3.27
17-07-2024 14:14:44.99    0.19   9.302   0.213    0.145   95.2  10.89  14.000  163.13029    2.29    1.99    3.27
17-07-2024 14:14:45.25   -0.14   9.305   0.209    0.142   95.1  10.89  14.000  162.92970    3.00    3.96    3.29
17-07-2024 14:14:45.49   -0.19   9.302   0.204    0.139   95.1  10.89  14.000  161.99933    2.12    2.77    2.84
17-07-2024 14:14:45.74   -0.23   9.293   0.200    0.136   95.1  10.89  14.000  161.67368    2.43    2.46    2.77
17-07-2024 14:14:45.99    0.06   9.291   0.196    0.133   95.2  10.90  14.000  162.42566    3.08    1.46    4.32
17-07-2024 14:14:46.23    0.15   9.286   0.192    0.131   95.1  10.89  14.000  162.59663    2.24    8.16    3.71
17-07-2024 14:14:46.48    0.18   9.290   0.188    0.128   95.0  10.88  14.000  161.59892    2.35    2.11    3.04
17-07-2024 14:14:46.72    0.07   9.289   0.185    0.126   95.1  10.89  14.000  161.38280    2.35    2.11    3.04
17-07-2024 14:14:46.97   -0.16   9.284   0.182    0.124   95.1  10.90  14.000  160.36508    3.73    1.27    1.40
17-07-2024 14:14:47.21   -0.09   9.275   0.180    0.122   95.1  10.90  14.000  162.08669    3.31    2.07    4.09
17-07-2024 14:14:47.46   -0.14   9.266   0.177    0.121   95.2  10.90  14.000  162.76761    2.43   10.66    2.74
17-07-2024 14:14:47.70   -0.26   9.264   0.176    0.120   95.2  10.90  14.000  163.44041    1.51    1.38    2.80
17-07-2024 14:14:47.95   -0.21   9.263   0.174    0.119   95.2  10.91  14.000  164.31749    2.06    3.07    3.78
17-07-2024 14:14:48.20    0.07   9.259   0.173    0.117   95.2  10.91  14.000  163.16879    2.45    3.63    2.89
17-07-2024 14:14:48.44   -0.16   9.247   0.171    0.116   95.1  10.91  14.000  163.41599    2.45    3.63    2.89
17-07-2024 14:14:48.68   -0.25   9.239   0.169    0.115   95.3  10.92  14.000  162.64253    2.23    3.76    3.26
17-07-2024 14:14:48.93   -0.18   9.232   0.168    0.114   95.2  10.91  14.000  163.60326    2.23    2.62    3.44
17-07-2024 14:14:49.18   -0.22   9.233   0.167    0.114   95.2  10.92  14.000  162.68916    1.71    1.51    2.57
17-07-2024 14:14:49.43   -0.07   9.228   0.166    0.113   95.2  10.92  14.000  163.17101    2.54    0.85    2.44
17-07-2024 14:14:49.67   -0.10   9.226   0.166    0.113   95.2  10.92  14.000  163.05405    2.11    1.58    3.70
17-07-2024 14:14:49.92    0.18   9.220   0.165    0.112   95.3  10.93  14.000  162.43307    1.26    2.11    2.86
17-07-2024 14:14:50.16    0.03   9.220   0.164    0.112   95.3  10.94  14.000  160.46278    1.26    2.11    2.86
17-07-2024 14:14:50.41   -0.16   9.219   0.163    0.111   95.3  10.93  14.000  159.08093    2.01    1.97    2.39
17-07-2024 14:14:50.65    0.21   9.223   0.163    0.111   95.3  10.93  14.000  159.53462    2.22    2.22    3.13
17-07-2024 14:14:50.90   -0.24   9.222   0.161    0.110   95.3  10.93  14.000  159.59976    1.61    2.61    2.79
17-07-2024 14:14:51.15   -0.25   9.214   0.161    0.110   95.2  10.93  14.000  158.79300    2.49    2.89    3.98
17-07-2024 14:14:51.39    0.21   9.210   0.160    0.109   95.3  10.94  14.000  158.00473    1.88    2.38    3.08
17-07-2024 14:14:51.63   -0.07   9.209   0.160    0.109   95.2  10.92  14.000  158.58427    1.88    2.38    3.08
17-07-2024 14:14:51.88    0.16   9.202   0.159    0.108   95.4  10.95  14.000  157.41631    2.05    2.28    4.00
17-07-2024 14:14:52.12    0.10   9.201   0.158    0.108   95.4  10.95  14.000  157.03514    1.84    2.84    2.53
17-07-2024 14:14:52.37   -0.11   9.218   0.158    0.107   95.3  10.94  14.000  155.93304    2.21    2.37    2.98
17-07-2024 14:14:52.62   -0.26   9.231   0.157    0.107   95.3  10.93  14.000  156.03371    1.64    1.94    2.60
17-07-2024 14:14:52.87   -0.25   9.226   0.157    0.107   95.3  10.93  14.000  156.55183    1.31    2.74    3.01
17-07-2024 14:14:53.12    0.07   9.219   0.156    0.106   95.3  10.93  14.000  157.43779    2.37    1.20    3.54
17-07-2024 14:14:53.36    0.02   9.207   0.156    0.106   95.3  10.94  14.000  158.91734    2.40    1.52    3.33
17-07-2024 14:14:53.61   -0.25   9.193   0.155    0.106   95.4  10.95  14.000  158.69307    2.40    1.52    3.33
17-07-2024 14:14:53.85    0.19   9.180   0.155    0.105   95.4  10.95  14.000  158.57170    1.12    3.06    2.91
17-07-2024 14:14:54.10   -0.23   9.170   0.155    0.105   95.4  10.96  14.000  157.03589    1.97    3.06    3.07
17-07-2024 14:14:54.34    0.04   9.165   0.154    0.105   95.4  10.96  14.000  157.98624    2.06    1.52    3.29
17-07-2024 14:14:54.59    0.22   9.172   0.153    0.105   95.4  10.96  14.000  156.99887    1.52    4.21    2.68
17-07-2024 14:14:54.83   -0.28   9.186   0.153    0.104   95.4  10.95  14.000  157.38153    2.11    1.59    2.10
17-07-2024 14:14:55.07    0.15   9.186   0.153    0.104   95.4  10.95  14.000  157.37340    2.11    1.59    2.10
17-07-2024 14:14:55.32   -0.22   9.187   0.152    0.104   95.4  10.95  14.000  157.76123    1.63    2.68    2.94
17-07-2024 14:14:55.57   -0.15   9.202   0.152    0.103   95.3  10.94  14.000  158.53098    1.88    1.80    3.55
17-07-2024 14:14:55.81    0.09   9.218   0.152    0.103   95.3  10.93  14.000  159.37181    1.25    2.10    3.25
17-07-2024 14:14:56.06   -0.26   9.236   0.151    0.103   95.3  10.93  14.000  161.02234    1.52    2.17    4.22
17-07-2024 14:14:56.31    0.19   9.243   0.151    0.102   95.2  10.91  14.000  162.11035    1.37    5.59    2.14
17-07-2024 14:14:56.55    0.00   9.258   0.151    0.102   95.2  10.91  14.000  161.96381    2.51    3.17    2.90
17-07-2024 14:14:56.80   -0.23   9.269   0.150    0.102   95.2  10.90  14.000  166.90877    2.51    3.17    2.90
17-07-2024 14:14:57.04   -0.09   9.275   0.149    0.101   95.2  10.90  14.000  169.75983    1.86    2.35    3.70
17-07-2024 14:14:57.29    0.07   9.274   0.149    0.101   95.1  10.90  14.000  171.22682    1.95    3.56    3.25
17-07-2024 14:14:57.54    0.05   9.267   0.149    0.101   95.1  10.90  14.000  170.04405    2.50    2.01    3.22
17-07-2024 14:14:57.78   -0.21   9.263   0.149    0.101   95.1  10.90  14.000  168.05896    2.21    2.12    2.94
17-07-2024 14:14:58.03   -0.26   9.265   0.148    0.101   95.1  10.90  14.000  167.52902    1.89    1.40    2.72
17-07-2024 14:14:58.27   -0.26   9.282   0.148    0.100   95.1  10.90  14.000  170.22318    1.96    1.82    3.15
17-07-2024 14:14:58.52   -0.24   9.298   0.148    0.100   95.1  10.89  14.000  174.43982    1.96    1.82    3.15
17-07-2024 14:14:58.76   -0.10   9.321   0.147    0.100   95.0  10.87  14.000  176.66251    1.75    1.83    3.06
17-07-2024 14:14:59.01   -0.04   9.352   0.147    0.099   95.0  10.87  14.000  176.55443    2.11    2.03    2.36
17-07-2024 14:14:59.25   -0.23   9.365   0.147    0.100   95.0  10.86  14.000  176.00081    1.37    1.50    2.52
17-07-2024 14:14:59.50   -0.13   9.366   0.147    0.099   94.9  10.85  14.000  175.98082    1.74    1.70    3.38
17-07-2024 14:14:59.74    0.00   9.358   0.146    0.099   94.9  10.86  14.000  179.11758    1.67    2.24    2.72
17-07-2024 14:15:00.00   -0.18   9.344   0.369    0.255   95.0  10.85  14.000  181.16115    2.13    2.93    3.27
17-07-2024 14:15:00.24   -0.20   9.336   0.497    0.348   95.1  10.86  14.000  181.64224    2.13    2.93    3.27
17-07-2024 14:15:00.49    0.18   9.324   0.401    0.278   95.1  10.87  14.000  181.80803    2.49    2.82    3.41
17-07-2024 14:15:00.74   -0.10   9.309   0.351    0.243   95.2  10.88  14.000  181.80730    2.06    2.18    3.17
17-07-2024 14:15:00.98   -0.11   9.294   0.320    0.221   95.2  10.89  14.000  182.18922    2.47    3.11    3.54
17-07-2024 14:15:01.23    0.15   9.277   0.302    0.208   95.2  10.90  14.000  182.77467    2.78    2.55    3.63
17-07-2024 14:15:01.47   -0.24   9.262   0.290    0.200   95.3  10.91  14.000  183.13438    1.98    2.12    3.33
17-07-2024 14:15:01.72    0.16   9.253   0.280    0.193   95.3  10.91  14.000  183.13513    2.29    2.87    2.88
17-07-2024 14:15:01.96   -0.06   9.260   0.270    0.186   95.3  10.91  14.000  182.75912    2.29    2.87    2.88
17-07-2024 14:15:02.21   -0.19   9.264   0.266    0.183   95.3  10.91  14.000  179.10278    2.34    2.62    3.43
17-07-2024 14:15:02.45    0.18   9.260   0.262    0.180   95.3  10.91  14.000  174.37024    2.29    1.79    3.24
17-07-2024 14:15:02.70   -0.13   9.254   0.260    0.179   95.3  10.91  14.000  170.70650    1.14    1.89    2.73
17-07-2024 14:15:02.94    0.00   9.250   0.252    0.173   95.3  10.92  14.000  168.55931    1.78    1.70    2.44
17-07-2024 14:15:03.19   -0.14   9.248   0.244    0.167   95.3  10.92  14.000  167.19447    1.26    1.40    2.63
17-07-2024 14:15:03.43    0.16   9.246   0.235    0.161   95.3  10.92  14.000  166.35809    1.54    1.94    2.79
17-07-2024 14:15:03.68    0.18   9.244   0.228    0.156   95.3  10.92  14.000  166.11681    1.54    1.94    2.79
17-07-2024 14:15:03.93    0.12   9.236   0.223    0.153   95.3  10.93  14.000  166.14493    1.69    1.71    2.83
17-07-2024 14:15:04.18    0.18   9.223   0.225    0.154   95.3  10.93  14.000  166.95836    2.22    1.68    2.85
17-07-2024 14:15:04.42    0.07   9.225   0.221    0.151   95.4  10.94  14.000  167.41577    2.03    2.68    3.14
17-07-2024 14:15:04.67    0.01   9.235   0.215    0.147   95.4  10.94  14.000  167.22260    2.19    1.88    3.16
17-07-2024 14:15:04.92   -0.15   9.234   0.210    0.144   95.4  10.94  14.000  167.55418    2.68    2.49    3.61
17-07-2024 14:15:05.16   -0.24   9.245   0.206    0.141   95.4  10.94  14.000  168.26474    2.17    2.44    3.18
17-07-2024 14:15:05.40    0.05   9.250   0.201    0.137   95.4  10.94  14.000  169.39642    2.17    2.44    3.18
17-07-2024 14:15:05.65    0.18   9.247   0.197    0.134   95.4  10.94  14.000  170.61768    1.65    3.22    3.26
17-07-2024 14:15:05.90    0.18   9.238   0.192    0.131   95.4  10.94  14.000  173.35625    2.66    2.36    3.63
17-07-2024 14:15:06.14    0.16   9.229   0.189    0.129   95.4  10.95  14.000  177.44855    2.16    2.77    2.91
17-07-2024 14:15:06.39    0.11   9.238   0.186    0.127   95.4  10.94  14.000  179.46249    1.95    2.73    3.17
17-07-2024 14:15:06.63    0.11   9.244   0.183    0.125   95.4  10.94  14.000  180.94577    2.60    2.42    3.46
17-07-2024 14:15:06.88    0.18   9.233   0.181    0.123   95.4  10.94  14.000  181.29807    2.30    2.82    3.15
17-07-2024 14:15:07.12    0.18   9.214   0.179    0.122   95.5  10.95  14.000  180.94872    2.30    2.82    3.15
17-07-2024 14:15:07.37   -0.17   9.201   0.176    0.120   95.5  10.96  14.000  179.77631    1.78    2.90    3.27
17-07-2024 14:15:07.62   -0.13   9.199   0.174    0.119   95.5  10.96  14.000  180.46318    2.67    2.65    3.33
17-07-2024 14:15:07.87   -0.03   9.197   0.173    0.118   95.5  10.96  14.000  183.11218    1.74    2.56    3.66
17-07-2024 14:15:08.11    0.19   9.195   0.171    0.117   95.5  10.96  14.000  184.28459    2.26    3.32    2.83
17-07-2024 14:15:08.36   -0.21   9.209   0.169    0.115   95.5  10.95  14.000  182.95009    2.16    2.03    3.90
17-07-2024 14:15:08.60    0.06   9.202   0.169    0.115   95.4  10.95  14.000  178.89256    2.63    1.84    3.62
17-07-2024 14:15:08.85    0.00   9.186   0.167    0.114   95.4  10.96  14.000  170.61026    2.63    1.84    3.62
17-07-2024 14:15:09.09   -0.13   9.174   0.167    0.114   95.4  10.96  14.000  159.44138    2.00    2.72    2.93
17-07-2024 14:15:09.34    0.19   9.168   0.166    0.113   95.4  10.96  14.000  149.83272    1.94    2.20    3.53
17-07-2024 14:15:09.58   -0.16   9.160   0.165    0.112   95.5  10.97  14.000  129.62286    0.64    8.17    1.18
17-07-2024 14:15:09.83   -0.06   9.165   0.164    0.112   95.5  10.97  14.000  159.32813    2.67    2.11    1.69
17-07-2024 14:15:10.07   -0.13   9.166   0.163    0.111   95.5  10.97  14.000  187.03204    4.20    2.11    4.67
17-07-2024 14:15:10.32    0.16   9.163   0.163    0.111   95.5  10.97  14.000  197.32608    2.09    0.51    2.82
17-07-2024 14:15:10.56   -0.16   9.163   0.162    0.110   95.5  10.97  14.000  199.43329    2.09    0.51    2.82
17-07-2024 14:15:10.81   -0.07   9.146   0.161    0.110   95.6  10.98  14.000  200.25041    2.03    2.67    3.15
17-07-2024 14:15:11.06    0.05   9.123   0.160    0.109   95.6  10.99  14.000  202.15407    1.66    2.73    3.04
17-07-2024 14:15:11.31   -0.25   9.105   0.159    0.109   95.7  11.01  14.000  205.15762    2.10    2.00    3.71
17-07-2024 14:15:11.56   -0.23   9.095   0.159    0.108   95.7  11.01  14.000  207.87990    2.44    2.73    3.16
17-07-2024 14:15:11.80    0.08   9.097   0.159    0.108   95.7  11.01  14.000  209.26175    2.49    4.24    3.82
17-07-2024 14:15:12.05    0.02   9.104   0.158    0.108   95.7  11.01  14.000  209.07895    3.11    3.04    3.62
17-07-2024 14:15:12.29   -0.08   9.110   0.157    0.107   95.7  11.01  14.000  207.64601    3.11    3.04    3.62
17-07-2024 14:15:12.54   -0.25   9.115   0.156    0.107   95.7  11.00  14.000  204.63063    1.78    2.23    4.07
17-07-2024 14:15:12.78   -0.25   9.123   0.156    0.106   95.7  11.00  14.000  199.49989    2.29    2.99    3.04
17-07-2024 14:15:13.03   -0.22   9.135   0.155    0.106   95.6  10.99  14.000  193.20268    1.79    1.32    3.48
17-07-2024 14:15:13.27   -0.22   9.150   0.155    0.105   95.6  10.99  14.000  185.72566    1.97    0.58    2.42
17-07-2024 14:15:13.52   -0.19   9.156   0.154    0.105   95.6  10.99  14.000  185.62427    1.11    1.79    2.68
17-07-2024 14:15:13.76   -0.18   9.163   0.154    0.105   95.6  10.98  14.000  185.32079    0.94    2.35    1.28
17-07-2024 14:15:14.01   -0.17   9.181   0.153    0.104   95.6  10.97  14.000  184.33418    0.94    2.35    1.28
17-07-2024 14:15:14.25   -0.08   9.212   0.153    0.104   95.5  10.96  14.000  182.66588    1.32    1.80    2.72
17-07-2024 14:15:14.50    0.16   9.238   0.153    0.104   95.4  10.94  14.000  182.33871    1.26    1.61    2.28
17-07-2024 14:15:14.75   -0.25   9.250   0.152    0.103   95.4  10.94  14.000  182.67476    1.81    2.43    3.92
17-07-2024 14:15:14.99   -0.06   9.265   0.151    0.103   95.4  10.93  14.000  184.29124    3.37    2.97    3.74
17-07-2024 14:15:15.24    0.01   9.271   0.151    0.103   95.3  10.92  14.000  183.91968    2.71    4.70    4.42
17-07-2024 14:15:15.49   -0.25   9.278   0.150    0.102   95.3  10.92  14.000  182.71841    2.21    2.39    2.88
17-07-2024 14:15:15.73    0.05   9.304   0.150    0.102   95.3  10.91  14.000  182.02713    2.21    2.39    2.88
17-07-2024 14:15:15.98    0.14   9.320   0.150    0.102   95.2  10.90  14.000  180.92947    2.47    1.62    3.09
17-07-2024 14:15:16.22   -0.22   9.323   0.149    0.101   95.2  10.89  14.000  179.79779    1.44    1.18    2.80
17-07-2024 14:15:16.47   -0.27   9.324   0.148    0.101   95.2  10.90  14.000  177.48630    1.32    1.95    2.23
17-07-2024 14:15:16.71    0.13   9.338   0.149    0.101   95.2  10.89  14.000  175.85129    1.49    0.18    2.76
17-07-2024 14:15:16.96   -0.09   9.355   0.148    0.100   95.2  10.88  14.000  174.41541    1.36    1.50    2.53
17-07-2024 14:15:17.20    0.18   9.367   0.467    0.325   95.2  10.86  14.000  172.70491    0.82    0.90    2.23
17-07-2024 14:15:17.45   -0.21   9.369   0.493    0.344   95.2  10.86  14.000  168.54674    0.82    0.90    2.23
17-07-2024 14:15:17.69    0.11   9.369   0.449    0.312   95.2  10.87  14.000  165.68159    1.63    1.59    2.33
17-07-2024 14:15:17.94    0.12   9.371   0.430    0.299   95.2  10.87  14.000  167.15451    1.62    1.59    2.79
17-07-2024 14:15:18.18   -0.14   9.384   0.414    0.287   95.2  10.86  14.000  166.63492    1.98    2.95    3.07
17-07-2024 14:15:18.44    0.13   9.397   0.383    0.265   95.1  10.85  14.000  169.18622    2.32    1.68    2.98
17-07-2024 14:15:18.68    0.13   9.402   0.343    0.236   95.1  10.86  14.000  173.11716    2.06    2.86    3.23
17-07-2024 14:15:18.93    0.16   9.401   0.321    0.220   95.1  10.85  14.000  167.26331    1.80    3.59    3.24
17-07-2024 14:15:19.17   -0.14   9.396   0.306    0.210   95.1  10.86  14.000  166.70300    1.80    3.59    3.24
17-07-2024 14:15:19.42   -0.14   9.395   0.294    0.202   95.1  10.85  14.000  170.00482    3.36    4.18    3.84
17-07-2024 14:15:19.67    0.08   9.391   0.281    0.192   95.1  10.86  14.000  164.78157    2.54    2.30    4.27
17-07-2024 14:15:19.91    0.13   9.388   0.270    0.185   95.1  10.86  14.000  165.09171    2.84    4.17    4.27
17-07-2024 14:15:20.16   -0.12   9.390   0.262    0.179   95.1  10.86  14.000  170.60657    2.07    4.17    2.78
17-07-2024 14:15:20.40    0.17   9.388   0.254    0.174   95.1  10.87  14.000  168.47346    2.54    3.90    4.43
17-07-2024 14:15:20.65    0.18   9.392   0.247    0.169   95.1  10.87  14.000  169.03152    2.54    3.90    6.91
17-07-2024 14:15:20.89    0.11   9.396   0.241    0.165   95.2  10.87  14.000  168.09079    2.54    3.90    6.91
17-07-2024 14:15:21.14   -0.08   9.403   0.235    0.160   95.2  10.87  14.000  161.23477    0.71    6.54    3.03
17-07-2024 14:15:21.38   -0.19   9.429   0.228    0.155   95.2  10.87  14.000  154.84947    0.67   20.83    3.03
17-07-2024 14:15:21.63    0.02   9.459   0.222    0.151   95.1  10.85  14.000  156.75906    0.59   20.83    3.61
17-07-2024 14:15:21.87    0.07   9.475   0.216    0.147   95.0  10.83  14.000  169.48450    6.76   10.20    8.24
17-07-2024 14:15:22.12   -0.11   9.484   0.219    0.149   95.0  10.82  14.000  171.77156    6.76   10.20    8.24
17-07-2024 14:15:22.37    0.15   9.487   0.206    0.140   94.9  10.81  14.000  166.75261    6.76   10.20    3.84
17-07-2024 14:15:22.62    0.17   9.484   0.195    0.132   94.8  10.81  14.000  164.00812    6.76   10.20    3.84
17-07-2024 14:15:22.86    0.25   9.674   0.194    0.131   93.4  10.60  14.000  165.90956    2.05   10.20   46.52
17-07-2024 14:15:23.11   -0.19   9.877   0.707    0.494   94.4  10.63  14.000  165.69789   26.73   10.20   23.33
17-07-2024 14:15:23.35   -0.18  10.022   0.344    0.233   98.6  11.08  14.000  165.11241   26.73   10.20   23.33
17-07-2024 14:15:23.60   -0.24  10.179   0.342    0.231   98.4  11.03  14.000  164.42482   26.73   11.73    8.56
17-07-2024 14:15:23.84   -0.22  10.166   0.283    0.190   99.5  11.16  14.000  163.44191   17.98   12.97   93.85
17-07-2024 14:15:24.10   -0.04  10.192   0.206    0.137   98.4  11.03  14.000  162.42566   14.94   12.97 1000.00
17-07-2024 14:15:24.33    0.17  10.175   0.177    0.118   98.0  10.99  14.000  161.98898   14.94   12.97 1000.00
17-07-2024 14:15:24.58   -0.00  10.264   0.160    0.106   97.1  10.86  14.000  162.69212   22.77    0.00 1000.00
17-07-2024 14:15:24.82   -0.19  10.610   0.181    0.119   98.3  10.91  14.000  164.13542   24.21    6.81 1000.00
17-07-2024 14:15:25.07   -0.16  10.594   0.212    0.140  105.1  11.67  14.000  164.48108    8.25    6.81    8.36
17-07-2024 14:15:25.31    0.21  10.548   0.200    0.132  110.3  12.26  14.000  164.66832    5.04    6.81   24.64
17-07-2024 14:15:25.56   -0.31  10.906   0.138    0.090  101.8  11.22  14.000  164.49365    5.04   30.25   24.64
17-07-2024 14:15:25.81   -0.14  11.039   0.225    0.147  100.8  11.08  14.000  164.97919   27.34   30.25    1.35
17-07-2024 14:15:26.05    0.06  11.008   0.155    0.101  102.5  11.28  14.000  165.45586   27.34   30.25    1.35
17-07-2024 14:15:26.30   -0.19  10.992   0.093    0.061  100.6  11.08  14.000  166.18268    9.76   45.62 1000.00
17-07-2024 14:15:26.55   -0.08  11.044   0.083    0.055   99.4  10.93  14.000  166.65268    0.71   10.40   15.25
17-07-2024 14:15:26.80    0.24  11.034   0.076    0.050   99.2  10.91  14.000  167.11380    0.71   10.40    9.18
17-07-2024 14:15:27.04    0.08  11.099   0.070    0.046   99.6  10.93  14.000  167.39061   57.84   18.48   24.46
17-07-2024 14:15:27.29   -0.25  11.105   0.067    0.044  100.6  11.04  14.000  168.01605   57.84   18.48   24.46
17-07-2024 14:15:27.53   -0.18  11.100   0.064    0.043  101.0  11.09  14.000  168.70439    1.39    0.00   24.02
17-07-2024 14:15:27.78    0.19  11.204   0.061    0.041  100.4  11.00  14.000  169.12256    1.39    0.00   24.02
17-07-2024 14:15:28.02   -0.17  11.197   0.057    0.038  100.3  10.99  14.000  166.12347   28.47   12.09   19.43
17-07-2024 14:15:28.27   -0.19  11.141   0.055    0.037   99.7  10.94  14.000  159.95801   28.47   12.09   19.43
17-07-2024 14:15:28.51    0.09  11.098   0.054    0.036   99.3  10.91  14.000  154.40315    4.42   22.66   40.03
17-07-2024 14:15:28.76    0.18  11.065   0.052    0.035   99.0  10.88  14.000  147.31177   15.32   30.37   21.98
17-07-2024 14:15:29.00    0.21  11.039   0.050    0.034   99.5  10.94  14.000  137.65721   15.32   14.70   10.16
17-07-2024 14:15:29.25    0.05  11.020   0.048    0.033   99.7  10.97  14.000  139.47504    9.32   11.32   15.40
17-07-2024 14:15:29.50    0.19  11.010   0.048    0.033   99.4  10.94  14.000  151.40703    9.32   11.32   15.40
17-07-2024 14:15:29.74    0.12  10.983   0.047    0.032   99.3  10.94  14.000  163.14362    9.32    9.13   15.40
17-07-2024 14:15:29.99    0.11  10.956   0.047    0.032   99.2  10.93  14.000  164.81784    5.54    8.29    6.91
17-07-2024 14:15:30.24   -0.16  10.934   0.046    0.031   99.0  10.91  14.000  165.57355    0.88    1.61    3.60
17-07-2024 14:15:30.48   -0.12  10.911   0.045    0.031   98.8  10.90  14.000  167.35951    7.19    1.61    3.92
17-07-2024 14:15:30.73    0.19  10.891   0.045    0.031   98.6  10.88  14.000  169.98485    0.89    1.61    3.92
17-07-2024 14:15:30.97   -0.05  10.863   0.170    0.111   98.5  10.87  14.000  175.86830    1.10    1.61    2.39
17-07-2024 14:15:31.22   -0.22  10.831   0.164    0.108   98.4  10.87  14.000  180.81032    1.10    1.61    2.39
17-07-2024 14:15:31.46    0.15  10.799   0.189    0.124   98.3  10.86  14.000  186.05429    1.44    2.89    1.64
17-07-2024 14:15:31.71   -0.17  10.773   0.201    0.132   98.2  10.86  14.000  189.69583    0.75    2.89    1.64
17-07-2024 14:15:31.95   -0.02  10.756   0.209    0.138   98.2  10.86  14.000  185.80412    3.31    1.38    2.58
17-07-2024 14:15:32.20    0.05  10.738   0.279    0.185   98.0  10.85  14.000  180.82437    2.76    2.60    1.60
17-07-2024 14:15:32.44   -0.15  10.710   0.255    0.169   98.0  10.85  14.000  179.84442    2.53    1.61    1.72
17-07-2024 14:15:32.69    0.08  10.689   0.250    0.165   97.8  10.84  14.000  178.45514    2.53    1.61    1.72
17-07-2024 14:15:32.93   -0.03  10.665   0.255    0.169   97.7  10.83  14.000  172.47397    0.17    1.61    3.67
17-07-2024 14:15:33.19   -0.19  10.647   0.254    0.168   97.6  10.82  14.000  167.24998    3.54    2.62    3.02
17-07-2024 14:15:33.43   -0.07  10.634   0.250    0.165   97.6  10.82  14.000  166.87325    2.32    1.55    3.22
17-07-2024 14:15:33.68    0.05  10.625   0.248    0.164   97.6  10.83  14.000  169.75911    4.71    5.20   13.99
17-07-2024 14:15:33.92    0.11  10.606   0.249    0.165   97.5  10.82  14.000  168.95529   47.17    5.20    6.76
17-07-2024 14:15:34.17   -0.25  10.583   0.245    0.162   97.5  10.82  14.000  169.12627   47.17    0.36    1.28
17-07-2024 14:15:34.42   -0.15  10.560   0.245    0.163   97.4  10.82  14.000  172.92473    1.93    0.32    2.58
17-07-2024 14:15:34.66    0.13  10.539   0.241    0.160   97.4  10.82  14.000  175.97932    1.93    0.32    2.58
17-07-2024 14:15:34.91    0.19  10.520   0.232    0.154   97.3  10.82  14.000  177.36267    0.64    0.32    0.88
17-07-2024 14:15:35.16    0.13  10.504   0.230    0.152   97.2  10.82  14.000  177.80530    1.16    2.12    0.88
17-07-2024 14:15:35.40    0.08  10.494   0.223    0.148   97.3  10.83  14.000  177.68983    1.16    0.89    1.18
17-07-2024 14:15:35.64    0.08  10.485   0.216    0.143   97.3  10.83  14.000  177.73055    1.51    0.85    2.92
17-07-2024 14:15:35.89    0.01  10.468   0.211    0.140   97.3  10.83  14.000  178.01254    1.87    6.42    2.19
17-07-2024 14:15:36.13    0.13  10.450   0.206    0.136   97.3  10.84  14.000  178.81635    1.87    6.42    2.19
17-07-2024 14:15:36.38    0.15  10.441   0.202    0.134   97.2  10.83  14.000  179.69342    2.49    3.64    4.53
17-07-2024 14:15:36.62    0.10  10.431   0.196    0.130   97.2  10.83  14.000  180.25446    2.83    4.13    6.28
17-07-2024 14:15:36.87   -0.16  10.414   0.189    0.125   97.1  10.83  14.000  180.39731    0.59    5.36    4.26
17-07-2024 14:15:37.12   -0.24  10.398   0.186    0.123   97.1  10.83  14.000  180.28407    3.47    2.31    3.43
17-07-2024 14:15:37.37    0.16  10.389   0.181    0.120   97.2  10.84  14.000  180.23595    3.73    5.40    4.05
17-07-2024 14:15:37.61    0.17  10.385   0.177    0.117   97.2  10.84  14.000  179.99097    3.02    1.35    3.58
17-07-2024 14:15:37.86   -0.13  10.378   0.175    0.116   97.1  10.84  14.000  179.78003    3.02    1.35    3.58
17-07-2024 14:15:38.10    0.02  10.363   0.170    0.113   97.1  10.84  14.000  181.76584    2.38    3.57    4.15
17-07-2024 14:15:38.35    0.06  10.349   0.168    0.111   97.0  10.84  14.000  185.97510    2.57    0.68    4.47
17-07-2024 14:15:38.59   -0.25  10.328   0.164    0.109   97.0  10.84  14.000  188.85355    2.56    3.06    2.77
17-07-2024 14:15:38.84    0.26  10.309   0.161    0.107   96.9  10.84  14.000  190.21690    2.03    1.95    2.49
17-07-2024 14:15:39.08   -0.21  10.304   0.158    0.105   97.1  10.85  14.000  190.67284    2.71    1.95    2.90
17-07-2024 14:15:39.33    0.08  10.287   0.153    0.101   97.3  10.88  14.000  190.77350    1.80    1.95    2.25
17-07-2024 14:15:39.57    0.11  10.268   0.147    0.098   97.1  10.87  14.000  190.21173    1.80    1.95    2.25
17-07-2024 14:15:39.82   -0.19  10.258   0.148    0.098   97.1  10.87  14.000  189.13554    1.78    1.50    1.51
17-07-2024 14:15:40.06   -0.22  10.245   0.153    0.102   97.1  10.87  14.000  187.88319    1.21    0.46    1.57
17-07-2024 14:15:40.31    0.00  10.242   0.156    0.103   97.1  10.87  14.000  187.50128    1.59    1.70    2.15
17-07-2024 14:15:40.56   -0.19  10.242   0.151    0.100   97.0  10.86  14.000  188.09785    0.80    1.65    4.80
17-07-2024 14:15:40.80   -0.16  10.236   0.151    0.100   96.9  10.85  14.000  188.81580    2.72    0.79    2.61
17-07-2024 14:15:41.05    0.14  10.221   0.144    0.096   97.0  10.87  14.000  189.11630    2.09    1.47    2.93
17-07-2024 14:15:41.30   -0.15  10.204   0.137    0.091   97.1  10.88  14.000  189.35167    2.09    1.47    2.93
17-07-2024 14:15:41.54   -0.28  10.200   0.131    0.087   97.1  10.88  14.000  189.90309    1.78    3.52    2.93
17-07-2024 14:15:41.79   -0.25  10.195   0.129    0.085   97.0  10.88  14.000  190.66321    2.78    2.41    3.68
17-07-2024 14:15:42.04   -0.21  10.186   0.125    0.083   97.0  10.88  14.000  191.16431    3.64    3.43    3.76
17-07-2024 14:15:42.28   -0.30  10.178   0.121    0.080   97.0  10.88  14.000  191.24275    2.40    6.66    1.41
17-07-2024 14:15:42.53    0.01  10.174   0.118    0.078   97.0  10.88  14.000  190.85123    2.85    2.54    3.02
17-07-2024 14:15:42.77    0.18  10.175   0.116    0.077   97.0  10.88  14.000  189.76614    2.45    1.46    2.92
17-07-2024 14:15:43.01    0.21  10.167   0.116    0.077   96.9  10.88  14.000  188.38354    2.45    1.46    2.92
17-07-2024 14:15:43.26    0.20  10.158   0.115    0.076   96.9  10.88  14.000  186.10611    1.39    2.86    2.29
17-07-2024 14:15:43.51   -0.04  10.155   0.114    0.076   96.9  10.88  14.000  181.79027    1.39    0.70    1.46
17-07-2024 14:15:43.75   -0.26  10.149   0.114    0.076   97.1  10.90  14.000  175.12445    2.28    0.79    2.42
17-07-2024 14:15:44.00    0.01  10.147   0.116    0.077   97.1  10.90  14.000  167.34842    1.96    1.44    2.40
17-07-2024 14:15:44.25   -0.26  10.139   0.119    0.079   97.2  10.91  14.000  163.49519    1.52    2.46    2.69
17-07-2024 14:15:44.49   -0.08  10.137   0.120    0.080   97.2  10.91  14.000  160.80029    2.18    5.74    2.50
17-07-2024 14:15:44.74    0.08  10.124   0.120    0.080   97.2  10.91  14.000  157.47998    2.18    5.74    2.50
17-07-2024 14:15:44.99   -0.28  10.126   0.106    0.071   97.1  10.91  14.000  155.02710    2.55    2.81    3.01
17-07-2024 14:15:45.23    0.20  10.129   0.097    0.065   97.1  10.90  14.000  153.68446    2.71    3.48    3.26
17-07-2024 14:15:45.48   -0.18  10.128   0.089    0.059   97.1  10.90  14.000  152.50394    4.04    3.07    3.75
17-07-2024 14:15:45.72   -0.04  10.119   0.081    0.054   97.0  10.90  14.000  151.05470    2.62    2.54    3.76
17-07-2024 14:15:45.97    0.11  10.121   0.076    0.051   97.0  10.90  14.000  148.35612    2.73    2.87    2.58
17-07-2024 14:15:46.22   -0.28  10.119   0.073    0.049   97.1  10.90  14.000  147.00755    2.42    2.48    3.07
17-07-2024 14:15:46.46   -0.11  10.115   0.071    0.048   97.1  10.91  14.000  147.65445    2.42    2.48    3.07
17-07-2024 14:15:46.70    0.19  10.109   0.071    0.047   97.1  10.91  14.000  145.86328    2.52    2.42    2.37
17-07-2024 14:15:46.95   -0.04  10.105   0.069    0.046   97.1  10.91  14.000  128.88789    2.02    1.36    2.33
17-07-2024 14:15:47.19   -0.22  10.100   0.095    0.063   97.0  10.91  14.000  121.97043    2.44    1.32    2.15
17-07-2024 14:15:47.44    0.14  10.100   0.106    0.071   97.1  10.91  14.000  116.47701    1.32    1.60   13.00
17-07-2024 14:15:47.68   -0.15  10.097   0.119    0.079   97.3  10.93  14.000  113.04641    0.71    8.67   13.00
17-07-2024 14:15:47.94    0.20  10.088   0.112    0.074   97.4  10.94  14.000  120.45460    0.71    3.22    8.19
17-07-2024 14:15:48.18   -0.19  10.076   0.105    0.070   97.3  10.94  14.000  121.87125    0.71    3.22    8.19
17-07-2024 14:15:48.43   -0.06  10.055   0.116    0.077   96.9  10.91  14.000  117.81078    1.24    0.29    3.33
17-07-2024 14:15:48.68    0.09  10.029   0.118    0.078   96.9  10.91  14.000  105.72112    1.72    7.83    3.33
17-07-2024 14:15:48.92    0.19  10.005   0.111    0.074   96.7  10.89  14.000   94.93933    6.09    6.44    3.33
17-07-2024 14:15:49.17    0.22  10.004   0.085    0.057   96.7  10.89  14.000   85.29070    6.09    1.88    3.33
17-07-2024 14:15:49.41    0.20  10.006   0.074    0.050   96.7  10.89  14.000   74.99075   14.92    7.59   12.02
17-07-2024 14:15:49.66    0.23  10.007   0.084    0.056   96.6  10.88  14.000   60.27948    3.04    1.80   12.02
17-07-2024 14:15:49.90    0.25  10.001   0.064    0.044   96.6  10.88  14.000   51.78993    3.04    1.80   12.02
17-07-2024 14:15:50.15    0.25   9.990   0.075    0.050   96.8  10.90  14.000   54.19987    3.93    1.80   12.02
17-07-2024 14:15:50.39    0.16   9.982   0.087    0.058   96.8  10.91  14.000   49.70789    2.13    1.80   23.30
17-07-2024 14:15:50.64    0.08   9.999   0.085    0.057   96.6  10.88  14.000   44.80437    2.13    1.80   23.30
17-07-2024 14:15:50.88   -0.16  10.011   0.067    0.045   96.6  10.88  14.000   40.21321    2.13    1.80    7.02
17-07-2024 14:15:51.13   -0.06  10.017   0.061    0.041   96.6  10.88  14.000   35.17204    2.13    3.52    2.79
17-07-2024 14:15:51.37    0.15  10.012   0.076    0.051   97.2  10.95  14.000   32.12927   11.51   30.93   11.18
17-07-2024 14:15:51.62   -0.21  10.007   0.069    0.046   96.7  10.89  14.000   25.76840   11.51   30.93   11.18
17-07-2024 14:15:51.87    0.20  10.006   0.063    0.043   96.6  10.88  14.000   23.22968    2.75    2.84    6.62
17-07-2024 14:15:52.12    0.11  10.012   0.058    0.040   96.5  10.87  14.000   21.08028    0.03    2.22    3.45
17-07-2024 14:15:52.36   -0.21  10.008   0.054    0.037   96.5  10.87  14.000   14.51883    2.52    1.11    1.27
17-07-2024 14:15:52.61   -0.00  10.011   0.051    0.035   96.5  10.87  14.000   13.78534    2.40    9.47    4.93
17-07-2024 14:15:52.85    0.15  10.014   0.051    0.035   96.5  10.87  14.000   13.77793    2.38    0.14    2.19
17-07-2024 14:15:53.10    0.09  10.014   0.050    0.034   96.5  10.87  14.000   13.34346    1.68    3.01    1.57
17-07-2024 14:15:53.34   -0.09  10.013   0.049    0.034   96.5  10.87  14.000   12.54484    1.68    3.01    1.57
17-07-2024 14:15:53.59   -0.26  10.021   0.049    0.033   96.4  10.86  14.000    5.63774    4.07    3.01    4.08
17-07-2024 14:15:53.83    0.04  10.026   0.048    0.033   96.5  10.86  14.000    8.07802    1.19    2.54    5.03
17-07-2024 14:15:54.08    0.23  10.035   0.047    0.033   96.4  10.85  14.000    8.83150    1.19    5.45    2.44
17-07-2024 14:15:54.32   -0.23  10.031   0.047    0.032   96.7  10.88  14.000   11.40501    2.45    5.81    2.44
17-07-2024 14:15:54.57   -0.26  10.026   0.044    0.030   96.9  10.91  14.000   16.38105    0.81    3.99    3.50
17-07-2024 14:15:54.81   -0.04  10.029   0.044    0.030   96.6  10.88  14.000   15.77560    0.93    3.63    2.36
17-07-2024 14:15:55.06    0.12  10.033   0.044    0.030   96.7  10.89  14.000   15.04656    0.93    3.63    2.36
17-07-2024 14:15:55.31   -0.28  10.040   0.043    0.030   96.6  10.87  14.000   13.68468    2.62    2.51    3.46
17-07-2024 14:15:55.56   -0.28  10.106   0.044    0.031   96.4  10.83  14.000   13.24724    2.10    1.19    3.07
17-07-2024 14:15:55.80    0.21  10.123   0.044    0.031   96.5  10.84  14.000   13.19173    1.68    2.87    3.03
17-07-2024 14:15:56.05    0.21  10.127   0.044    0.030   96.3  10.82  14.000   13.73649    2.35    2.13    2.25
17-07-2024 14:15:56.30    0.07  10.084   0.044    0.030   96.7  10.87  14.000   13.97185    3.12    0.98    4.25
17-07-2024 14:15:56.54   -0.27  10.082   0.044    0.030   96.8  10.88  14.000   16.27373    0.72    1.64    2.67
17-07-2024 14:15:56.79    0.05  10.072   0.044    0.030   96.8  10.89  14.000   16.45358    0.72    1.64    2.67
17-07-2024 14:15:57.04    0.23  10.066   0.044    0.030   96.8  10.89  14.000   16.86881    1.62    2.16    2.70
17-07-2024 14:15:57.28   -0.25  10.070   0.043    0.030   96.6  10.87  14.000   17.39062    2.48    2.05    3.63
17-07-2024 14:15:57.52    0.15  10.076   0.043    0.030   96.5  10.86  14.000   17.83397    1.72    2.68    3.23
17-07-2024 14:15:57.77   -0.20  10.070   0.042    0.029   96.5  10.85  14.000   18.91163    1.92    2.57    2.46
17-07-2024 14:15:58.01   -0.04  10.067   0.041    0.029   96.4  10.85  14.000   19.34980    2.36    2.26    3.60
17-07-2024 14:15:58.26    0.09  10.021   0.041    0.029   96.4  10.86  14.000   19.09815    1.76    2.51    3.38
17-07-2024 14:15:58.50   -0.14  10.014   0.040    0.028   96.4  10.86  14.000   19.96783    1.76    2.51    3.38
17-07-2024 14:15:58.75   -0.08  10.007   0.040    0.028   96.4  10.86  14.000   20.57771    1.38    2.64    2.60
17-07-2024 14:15:59.00   -0.21  10.000   0.040    0.028   96.5  10.87  14.000   20.66579    2.51    1.89    3.35
17-07-2024 14:15:59.24    0.01   9.993   0.040    0.028   96.5  10.87  14.000   20.58512    2.09    2.13    3.23
17-07-2024 14:15:59.49   -0.27   9.987   0.039    0.027   96.5  10.87  14.000   20.43930    1.58    2.38    2.58
17-07-2024 14:15:59.74   -0.13   9.980   0.039    0.027   96.5  10.88  14.000   20.50592    2.67    1.67    3.15
17-07-2024 14:15:59.98   -0.02   9.974   0.040    0.028   96.5  10.88  14.000   20.76571    2.10    1.75    3.18
17-07-2024 14:16:00.23    0.12   9.974   0.040    0.028   96.5  10.88  14.000   20.95001    2.10    1.75    3.18
17-07-2024 14:16:00.48    0.22   9.974   0.040    0.028   96.5  10.88  14.000   20.91744    1.50    2.77    2.82
17-07-2024 14:16:00.72    0.20   9.973   0.041    0.028   96.5  10.88  14.000   20.66505    2.37    2.27    3.01
17-07-2024 14:16:00.97    0.09   9.973   0.041    0.028   96.5  10.88  14.000   20.89450    2.27    1.98    3.51
17-07-2024 14:16:01.21   -0.03   9.971   0.040    0.028   96.5  10.88  14.000   21.09730    1.78    2.87    3.00
17-07-2024 14:16:01.46    0.12   9.973   0.040    0.028   96.5  10.88  14.000   21.07657    2.30    2.46    2.80
17-07-2024 14:16:01.70    0.20   9.978   0.040    0.028   96.5  10.88  14.000   21.03365    2.64    1.45    3.61
17-07-2024 14:16:01.94    0.08   9.975   0.040    0.028   96.5  10.88  14.000   21.42223    2.64    1.45    3.61
17-07-2024 14:16:02.19   -0.24   9.968   0.040    0.028   96.5  10.88  14.000   21.76196    1.83    2.39    3.27
17-07-2024 14:16:02.44    0.16   9.964   0.039    0.027   96.5  10.88  14.000   21.80784    1.66    2.83    3.03
17-07-2024 14:16:02.69   -0.02   9.964   0.039    0.027   96.5  10.88  14.000   22.26230    2.51    1.57    3.59
17-07-2024 14:16:02.93    0.15   9.961   0.039    0.027   96.5  10.89  14.000   22.20457    2.27    2.24    3.53
17-07-2024 14:16:03.18    0.05   9.954   0.038    0.027   96.5  10.89  14.000   22.12907    1.79    2.80    2.32
17-07-2024 14:16:03.43    0.03   9.952   0.039    0.027   96.5  10.89  14.000   21.81895    2.60    1.35    3.29
17-07-2024 14:16:03.67   -0.06   9.949   0.038    0.027   96.5  10.89  14.000   21.86632    2.60    1.35    3.29
17-07-2024 14:16:03.92    0.24   9.940   0.038    0.027   96.5  10.89  14.000   22.18384    1.98    1.32    3.33
17-07-2024 14:16:04.16   -0.14   9.936   0.038    0.026   96.5  10.89  14.000   22.26378    1.74    2.17    3.07
17-07-2024 14:16:04.41    0.13   9.914   0.037    0.026   96.6  10.90  14.000   22.29190    2.07    2.20    3.19
17-07-2024 14:16:04.65   -0.07   9.910   0.037    0.026   96.6  10.90  14.000   22.40145    2.23    1.82    3.32
17-07-2024 14:16:04.90    0.07   9.904   0.036    0.026   96.6  10.91  14.000   22.46658    1.89    2.04    2.99
17-07-2024 14:16:05.14   -0.18   9.897   0.037    0.026   96.6  10.91  14.000   22.59981    1.96    2.56    2.88
17-07-2024 14:16:05.39    0.14   9.891   0.036    0.026   96.6  10.91  14.000   22.50507    1.96    2.56    2.88
17-07-2024 14:16:05.63   -0.24   9.884   0.036    0.026   96.6  10.92  14.000   22.55244    2.35    1.94    3.51
17-07-2024 14:16:05.88    0.18   9.878   0.037    0.026   96.6  10.92  14.000   22.42291    1.88    2.67    3.32
17-07-2024 14:16:06.12    0.10   9.874   0.036    0.025   96.7  10.92  14.000   21.41557    1.76    2.32    2.23
17-07-2024 14:16:06.37   -0.15   9.874   0.036    0.025   96.6  10.92  14.000   21.37486    2.22    1.46    3.44
17-07-2024 14:16:06.62    0.13   9.872   0.036    0.025   96.6  10.92  14.000   21.29418    1.74    2.54    3.10
17-07-2024 14:16:06.87   -0.26   9.868   0.035    0.025   96.6  10.92  14.000   20.86193    1.64    2.70    2.48
17-07-2024 14:16:07.11   -0.02   9.866   0.035    0.025   96.6  10.92  14.000   20.18543    1.64    2.70    2.48
17-07-2024 14:16:07.36    0.23   9.869   0.035    0.025   96.6  10.92  14.000   19.94710    2.33    2.20    3.43
17-07-2024 14:16:07.60   -0.22   9.879   0.035    0.025   96.6  10.91  14.000   19.60219    1.89    2.36    3.27
17-07-2024 14:16:07.85    0.03   9.882   0.035    0.025   96.6  10.91  14.000   18.98787    1.79    2.79    2.82
17-07-2024 14:16:08.10    0.12   9.884   0.034    0.024   96.6  10.91  14.000   18.77544    2.15    1.94    3.26
17-07-2024 14:16:08.34   -0.24   9.889   0.033    0.024   96.5  10.91  14.000   18.52009    2.11    1.83    3.65
17-07-2024 14:16:08.58    0.16   9.889   0.033    0.024   96.5  10.91  14.000   18.57116    1.97    2.60    2.97
17-07-2024 14:16:08.83   -0.24   9.889   0.033    0.024   96.5  10.90  14.000   18.61927    1.97    2.60    2.97
17-07-2024 14:16:09.07    0.17   9.891   0.033    0.024   96.5  10.91  14.000   18.68662    1.98    2.06    2.61
17-07-2024 14:16:09.32   -0.27   9.901   0.033    0.023   96.5  10.90  14.000   18.89165    2.46    1.61    3.27
17-07-2024 14:16:09.57    0.20   9.904   0.033    0.024   96.5  10.89  14.000   18.95604    1.72    2.13    2.69
17-07-2024 14:16:09.81   -0.28   9.905   0.033    0.023   96.2  10.87  14.000   19.47933    1.56    2.79    1.99
17-07-2024 14:16:10.06   -0.21   9.916   0.032    0.023   96.4  10.88  14.000   20.80346    2.25    0.97    3.67
17-07-2024 14:16:10.31   -0.10   9.908   0.033    0.023   96.6  10.90  14.000   20.75609    1.94    2.06    3.50
17-07-2024 14:16:10.55   -0.22   9.900   0.032    0.023   96.6  10.91  14.000   20.74055    1.94    2.06    3.50
17-07-2024 14:16:10.80    0.09   9.895   0.032    0.023   96.8  10.93  14.000   20.89080    0.15    8.99   10.29
17-07-2024 14:16:11.05    0.15   9.895   0.032    0.023   96.7  10.93  14.000   21.03957    2.54    8.99    2.16
17-07-2024 14:16:11.29    0.18   9.896   0.031    0.023   96.5  10.90  14.000   20.83751    0.61    8.99    2.96
17-07-2024 14:16:11.54   -0.26   9.897   0.032    0.023   96.6  10.91  14.000   20.54293    0.61    5.24    2.07
17-07-2024 14:16:11.78   -0.22   9.897   0.047    0.032   96.5  10.90  14.000   20.37861    2.64    2.56    2.01
17-07-2024 14:16:12.03    0.15   9.902   0.054    0.037   96.5  10.89  14.000   19.34832    3.44    0.29    4.63
17-07-2024 14:16:12.27    0.18   9.911   0.063    0.043   96.3  10.87  14.000   20.04924    3.44    0.29    4.63
17-07-2024 14:16:12.52    0.23   9.920   0.056    0.038   96.3  10.87  14.000   18.87610    0.66    3.00    2.94
17-07-2024 14:16:12.76    0.14   9.931   0.052    0.035   96.3  10.87  14.000   15.73860    1.38    3.58    1.65
17-07-2024 14:16:13.01    0.06   9.941   0.048    0.033   96.3  10.86  14.000   16.43360    3.57    0.78    3.93
17-07-2024 14:16:13.25   -0.08   9.950   0.046    0.032   96.3  10.86  14.000   18.46680    1.92    1.63    3.56
17-07-2024 14:16:13.50   -0.21   9.960   0.044    0.030   96.2  10.85  14.000   18.37650    0.75    4.51    1.91
17-07-2024 14:16:13.75   -0.03   9.969   0.042    0.029   96.2  10.85  14.000   16.88583    3.06    1.98    2.76
17-07-2024 14:16:13.99   -0.13   9.977   0.042    0.029   96.2  10.84  14.000   14.23387    3.06    1.98    2.76
17-07-2024 14:16:14.24    0.11   9.981   0.042    0.029   96.2  10.84  14.000   15.62239    2.72    0.14    4.25
17-07-2024 14:16:14.49   -0.08   9.986   0.042    0.029   96.2  10.84  14.000   13.64693    1.53    3.55    2.43
17-07-2024 14:16:14.73   -0.08   9.992   0.044    0.030   96.2  10.84  14.000   13.07701    2.21    3.37    1.74
17-07-2024 14:16:14.98    0.08   9.994   0.043    0.030   96.2  10.84  14.000   12.97339    3.02    0.75    4.27
17-07-2024 14:16:15.22   -0.08   9.994   0.043    0.030   96.2  10.84  14.000   13.07035    1.43    2.55    2.89
17-07-2024 14:16:15.47   -0.22   9.995   0.041    0.029   96.2  10.84  14.000   13.01558    1.36    3.45    0.65
17-07-2024 14:16:15.71   -0.02   9.995   0.040    0.028   96.2  10.84  14.000   13.08515    1.36    3.45    0.65
17-07-2024 14:16:15.96   -0.07  10.000   0.041    0.029   96.2  10.84  14.000   12.99781    3.09    1.03    3.90
17-07-2024 14:16:16.20   -0.15  10.008   0.041    0.029   96.2  10.84  14.000   13.13326    1.91    1.18    3.34
17-07-2024 14:16:16.45   -0.13  10.020   0.040    0.028   96.1  10.82  14.000   12.97857    1.04    4.33    1.91
17-07-2024 14:16:16.69   -0.08  10.027   0.039    0.028   96.1  10.82  14.000   13.11180    3.01    4.62    3.54
17-07-2024 14:16:16.94    0.16  10.029   0.038    0.027   96.0  10.81  14.000   13.05258    2.23    0.82    4.14
17-07-2024 14:16:17.18   -0.26  10.033   0.037    0.026   96.0  10.81  14.000   13.03112    2.23    0.82    4.14
17-07-2024 14:16:17.44   -0.19  10.053   0.036    0.026   95.9  10.80  14.000   13.38121    0.86    3.07    2.26
17-07-2024 14:16:17.68   -0.01  10.078   0.035    0.025   96.0  10.79  14.000   16.16714    2.21    2.65    2.89
17-07-2024 14:16:17.93   -0.02  10.091   0.035    0.025   95.9  10.78  14.000   14.69054    3.10    0.54    3.99
17-07-2024 14:16:18.18    0.20  10.092   0.034    0.024   95.8  10.78  14.000   13.87563    1.09    3.73    2.20
17-07-2024 14:16:18.42    0.09  10.090   0.034    0.024   95.8  10.77  14.000   13.71132    2.20    3.11    2.11
17-07-2024 14:16:18.67   -0.14  10.088   0.033    0.023   95.8  10.77  14.000   14.01848    3.11    0.93    4.64
17-07-2024 14:16:18.91   -0.21  10.086   0.032    0.023   95.8  10.77  14.000   13.91782    3.11    0.93    4.64
17-07-2024 14:16:19.16    0.11  10.087   0.032    0.023   95.8  10.77  14.000   13.12512    1.12    2.98    2.89
17-07-2024 14:16:19.40    0.22  10.089   0.032    0.023   95.7  10.76  14.000   13.15769    1.46    2.63    1.73
17-07-2024 14:16:19.65    0.04  10.091   0.032    0.023   95.7  10.76  14.000   13.14954    3.36    0.89    3.95
17-07-2024 14:16:19.89   -0.04  10.096   0.031    0.022   95.7  10.76  14.000   13.01706    1.44    2.00    3.36
17-07-2024 14:16:20.14    0.10  10.101   0.031    0.022   95.7  10.75  14.000   13.08367    0.93    4.02    1.69
17-07-2024 14:16:20.38    0.21  10.106   0.031    0.022   95.6  10.75  14.000   13.00374    3.17    1.44    3.68
17-07-2024 14:16:20.63    0.10  10.116   0.030    0.022   95.6  10.74  14.000   13.06961    3.17    1.44    3.68
17-07-2024 14:16:20.87   -0.09  10.124   0.030    0.022   95.6  10.74  14.000   13.03778    2.18    0.89    4.13
17-07-2024 14:16:21.13    0.07  10.126   0.030    0.022   95.6  10.74  14.000   13.03926    0.97    4.18    1.73
17-07-2024 14:16:21.37   -0.24  10.140   0.030    0.022   95.5  10.73  14.000   12.99929    2.56    1.95    3.01
17-07-2024 14:16:21.62   -0.25  10.152   0.030    0.022   95.5  10.72  14.000   13.01928    2.90    0.68    4.05
17-07-2024 14:16:21.86    0.12  10.174   0.030    0.022   95.6  10.73  14.000   12.98597    0.88    3.94    2.73
17-07-2024 14:16:22.11    0.05  10.209   0.029    0.021   95.6  10.71  14.000   12.94378    1.73    2.64    2.39
17-07-2024 14:16:22.36   -0.17  10.217   0.029    0.021   95.6  10.71  14.000   13.38787    1.73    2.64    2.39
17-07-2024 14:16:22.60    0.19  10.221   0.029    0.021   95.6  10.71  14.000   15.66236    2.99    0.73    4.28
17-07-2024 14:16:22.85   -0.17  10.229   0.029    0.021   95.5  10.71  14.000   13.77053    1.35    2.82    2.84
17-07-2024 14:16:23.09    0.17  10.247   0.029    0.021   95.5  10.70  14.000   16.00875    1.24    3.73    1.72
17-07-2024 14:16:23.34   -0.22  10.256   0.028    0.021   95.4  10.68   0.000   17.64523    3.31    0.51    4.46
17-07-2024 14:16:23.58    0.12  10.258   0.028    0.021   95.4  10.68   0.000   17.63191    1.52    1.90    3.06
17-07-2024 14:16:23.83   -0.15  10.262   0.028    0.020   95.2  10.66  14.000   17.17153    0.32    5.61    0.82
17-07-2024 14:16:24.07   -0.07  10.273   0.028    0.020   95.2  10.66  14.000   16.84142    0.32    5.61    0.82
17-07-2024 14:16:24.32    0.14  10.286   0.028    0.020   95.4  10.67  14.000   16.90952    3.73    5.61    3.62
17-07-2024 14:16:24.56   -0.12  10.293   0.028    0.020   95.4  10.68  14.000   16.03466    1.43    1.37    3.67
17-07-2024 14:16:24.81    0.17  10.284   0.028    0.020   95.4  10.68  14.000   15.14203    1.14    2.83    2.58
17-07-2024 14:16:25.06    0.12  10.277   0.028    0.021   95.4  10.68  14.000   13.10291    1.93    2.16    3.59
17-07-2024 14:16:25.31    0.16  10.281   0.029    0.021   95.3  10.66  14.000   12.64476    0.31    2.16    1.82
17-07-2024 14:16:25.55    0.20  10.281   0.031    0.022   95.6  10.70  14.000   12.15922    1.96    2.26    3.88
17-07-2024 14:16:25.80    0.15  10.287   0.033    0.023   95.6  10.70  14.000   11.79729    1.96    2.26    3.88
17-07-2024 14:16:26.04    0.20  10.291   0.034    0.024   95.6  10.70  14.000   11.80395    2.47    2.37    1.78
17-07-2024 14:16:26.29    0.19  10.290   0.033    0.024   95.6  10.70  14.000   13.44931    2.03    2.49    3.17
17-07-2024 14:16:26.53   -0.03  10.294   0.033    0.023   95.6  10.70  14.000   15.76672    1.80    2.80    2.90
17-07-2024 14:16:26.78   -0.19  10.294   0.032    0.023   95.6  10.70  14.000   17.20114    1.87    2.61    3.19
17-07-2024 14:16:27.02   -0.19  10.299   0.032    0.023   95.6  10.70  14.000   18.29434    2.13    1.91    3.06
17-07-2024 14:16:27.27   -0.02  10.303   0.032    0.023   95.6  10.69  14.000   18.55858    1.68    2.45    2.87
17-07-2024 14:16:27.51    0.14  10.301   0.032    0.023   95.5  10.69  14.000   18.60595    1.68    2.45    2.87
17-07-2024 14:16:27.76   -0.11  10.300   0.032    0.023   95.5  10.69  14.000   18.61631    1.93    1.82    2.69
17-07-2024 14:16:28.00   -0.15  10.293   0.032    0.023   95.5  10.69  14.000   18.62741    2.27    1.32    3.81
17-07-2024 14:16:28.25    0.17  10.279   0.032    0.023   95.5  10.70  14.000   18.62075    1.49    2.86    3.55
17-07-2024 14:16:28.50   -0.04  10.265   0.031    0.022   95.6  10.70  14.000   18.18332    1.64    1.86    2.82
17-07-2024 14:16:28.74   -0.03  10.249   0.031    0.023   95.6  10.71  14.000   17.59564    2.26    1.88    3.23
17-07-2024 14:16:28.99   -0.14  10.219   0.031    0.022   95.6  10.72  14.000   17.07753    1.79    2.28    2.74
17-07-2024 14:16:29.24    0.05  10.194   0.031    0.022   95.7  10.73  14.000   17.24111    1.79    2.28    2.74
17-07-2024 14:16:29.48    0.16  10.173   0.031    0.022   95.7  10.74  14.000   17.60452    1.70    2.41    2.46
17-07-2024 14:16:29.73    0.06  10.151   0.030    0.022   95.8  10.75  14.000   17.80436    2.68    1.89    4.18
17-07-2024 14:16:29.98   -0.07  10.137   0.031    0.022   95.8  10.76  14.000   17.69630    1.73    2.07    3.75
17-07-2024 14:16:30.23   -0.16  10.125   0.030    0.022   95.8  10.76  14.000   17.51200    1.93    3.02    2.82
17-07-2024 14:16:30.47   -0.14  10.109   0.030    0.022   95.8  10.77  14.000   17.28403    2.43    1.70    3.38
17-07-2024 14:16:30.71   -0.06  10.100   0.030    0.022   95.8  10.77  14.000   17.14711    1.84    1.75    2.92
17-07-2024 14:16:30.95   -0.05  10.088   0.030    0.022   95.8  10.77  14.000   17.22334    1.84    1.75    2.92
17-07-2024 14:16:31.20    0.09  10.078   0.030    0.022   95.8  10.78  14.000   17.28625    1.37    2.68    2.70
17-07-2024 14:16:31.45    0.17  10.066   0.030    0.022   95.8  10.78  14.000   17.83027    1.99    2.03    3.23
17-07-2024 14:16:31.69   -0.07  10.052   0.029    0.021   95.9  10.79  14.000   17.72887    1.82    2.01    3.43
17-07-2024 14:16:31.94   -0.11  10.039   0.030    0.021   95.9  10.79  14.000   17.84729    1.46    3.03    2.68
17-07-2024 14:16:32.19   -0.14  10.028   0.029    0.021   95.9  10.80  14.000   17.97534    2.09    1.44    3.53
17-07-2024 14:16:32.43    0.10  10.014   0.029    0.021   95.9  10.81  14.000   17.91242    1.92    1.94    3.29
17-07-2024 14:16:32.68   -0.21   9.998   0.029    0.021   96.0  10.81  14.000   17.93537    1.92    1.94    3.29
17-07-2024 14:16:32.92    0.17   9.984   0.030    0.021   96.0  10.82  14.000   17.59268    1.59    2.57    2.85
17-07-2024 14:16:33.17   -0.11   9.971   0.030    0.021   96.0  10.83  14.000   17.21964    2.03    2.07    3.05
17-07-2024 14:16:33.42   -0.16   9.955   0.029    0.021   96.1  10.84  14.000   17.30624    2.29    1.88    3.41
17-07-2024 14:16:33.66    0.18   9.937   0.029    0.021   96.1  10.85  14.000   17.43503    1.45    2.28    3.03
17-07-2024 14:16:33.91   -0.19   9.923   0.029    0.021   96.2  10.85  14.000   17.60378    1.90    1.79    2.85
17-07-2024 14:16:34.15    0.00   9.910   0.030    0.021   96.2  10.86  14.000   18.16926    2.41    1.94    3.50
17-07-2024 14:16:34.40   -0.02   9.896   0.029    0.021   96.2  10.87  14.000   19.26468    2.41    1.94    3.50
17-07-2024 14:16:34.64   -0.07   9.880   0.029    0.021   96.3  10.88  14.000   19.38015    1.76    2.71    3.22
17-07-2024 14:16:34.89   -0.17   9.867   0.029    0.021   96.3  10.88  14.000   18.94420    2.20    2.35    2.84
17-07-2024 14:16:35.13    0.06   9.860   0.029    0.021   96.3  10.89  14.000   18.32617    2.29    1.47    3.53
17-07-2024 14:16:35.38    0.04   9.854   0.029    0.021   96.3  10.89  14.000   17.76958    1.90    2.33    3.12
17-07-2024 14:16:35.62   -0.13   9.851   0.029    0.021   96.3  10.89  14.000   18.20182    1.99    1.85    1.56
17-07-2024 14:16:35.87   -0.02   9.844   0.029    0.021   96.3  10.89  14.000   17.02646    1.59    2.95    3.48
17-07-2024 14:16:36.12    0.11   9.839   0.029    0.021   96.3  10.90  14.000   15.84666    1.59    2.95    3.48
17-07-2024 14:16:36.37   -0.07   9.834   0.029    0.021   96.3  10.90  14.000   14.04883    2.39    2.19    2.69
17-07-2024 14:16:36.61    0.15   9.829   0.029    0.021   96.4  10.90  14.000   11.05047    1.76    1.76    2.82
17-07-2024 14:16:36.86    0.13   9.822   0.029    0.021   96.4  10.90  14.000    8.79375    2.10    2.02    3.03
17-07-2024 14:16:37.11    0.06   9.816   0.029    0.021   96.4  10.91  14.000    8.52581    2.24    2.46    3.30
17-07-2024 14:16:37.35   -0.03   9.808   0.029    0.021   96.4  10.91  14.000    7.95368    1.70    2.60    2.88
17-07-2024 14:16:37.60   -0.14   9.796   0.029    0.021   96.4  10.92  14.000    7.64947    2.29    1.79    3.13
17-07-2024 14:16:37.84   -0.23   9.784   0.029    0.021   96.4  10.92  14.000    7.26681    2.29    1.79    3.13
17-07-2024 14:16:38.09   -0.23   9.775   0.028    0.021   96.5  10.93  14.000    7.34009    2.21    1.99    3.01
17-07-2024 14:16:38.33   -0.13   9.765   0.028    0.021   96.5  10.94  14.000    6.85011    1.67    3.10    2.66
17-07-2024 14:16:38.58   -0.09   9.756   0.028    0.021   96.5  10.94  14.000    7.16615    2.11    2.14    3.11
17-07-2024 14:16:38.82    0.08   9.744   0.029    0.021   96.6  10.95  14.000    7.45555    2.52    1.96    3.10
17-07-2024 14:16:39.07   -0.03   9.731   0.029    0.021   96.6  10.95  14.000    7.47850    1.45    2.56    2.80
17-07-2024 14:16:39.31   -0.19   9.718   0.028    0.021   96.6  10.96  14.000    7.55769    2.24    2.41    2.91
17-07-2024 14:16:39.56   -0.17   9.704   0.028    0.021   96.7  10.97  14.000    7.62801    2.24    2.41    2.91
17-07-2024 14:16:39.81    0.13   9.693   0.029    0.021   96.7  10.97  14.000    7.59470    2.26    2.38    3.21
17-07-2024 14:16:40.06    0.14   9.683   0.028    0.021   96.7  10.98  14.000    7.50292    1.81    2.85    3.10
17-07-2024 14:16:40.30   -0.14   9.674   0.029    0.021   96.7  10.98  14.000    7.43409    2.05    2.39    3.12
17-07-2024 14:16:40.55    0.11   9.664   0.029    0.021   96.8  10.99  14.000    7.49996    2.25    1.65    3.55
17-07-2024 14:16:40.79    0.00   9.652   0.028    0.021   96.8  11.00  14.000    7.47110    1.86    2.17    2.93
17-07-2024 14:16:41.04   -0.17   9.643   0.029    0.021   96.8  11.00  14.000    7.53327    2.00    2.47    2.36
17-07-2024 14:16:41.28   -0.00   9.634   0.028    0.021   96.8  11.00  14.000    7.56510    2.00    2.47    2.36
17-07-2024 14:16:41.53    0.13   9.620   0.028    0.021   96.9  11.01  14.000    7.61321    2.28    1.92    3.32
17-07-2024 14:16:41.77    0.11   9.607   0.028    0.021   96.9  11.02  14.000    7.57916    1.93    1.87    3.13
17-07-2024 14:16:42.02   -0.14   9.597   0.028    0.021   96.9  11.02  14.000    7.55399    1.62    2.15    2.69
17-07-2024 14:16:42.26   -0.19   9.586   0.028    0.020   97.0  11.03  14.000    7.73311    2.00    1.54    3.25
17-07-2024 14:16:42.51   -0.15   9.574   0.028    0.021   97.0  11.04  14.000    7.52661    1.66    2.32    3.04
17-07-2024 14:16:42.75   -0.03   9.567   0.028    0.021   97.0  11.04  14.000    7.83599    1.87    2.89    2.60
17-07-2024 14:16:43.00   -0.17   9.561   0.028    0.020   97.0  11.04  14.000    8.55838    1.87    2.89    2.60
17-07-2024 14:16:43.25   -0.04   9.556   0.028    0.020   97.0  11.05  14.000    8.95066    1.52    1.24    3.29
17-07-2024 14:16:43.49   -0.18   9.551   0.028    0.020   97.0  11.05  14.000    8.58133    1.88    2.24    3.31
17-07-2024 14:16:43.74   -0.19   9.545   0.028    0.020   97.1  11.06  14.000   10.67966    2.10    2.07    3.06
17-07-2024 14:16:43.99    0.00   9.540   0.028    0.020   97.1  11.06  14.000   15.00955    2.39    1.83    3.58
17-07-2024 14:16:44.23    0.10   9.536   0.028    0.021   97.1  11.06  14.000   18.73695    1.83    2.40    2.84
17-07-2024 14:16:44.48   -0.11   9.533   0.028    0.020   97.0  11.06  14.000   19.87827    1.88    2.27    3.11
17-07-2024 14:16:44.72    0.13   9.530   0.028    0.020   97.1  11.06  14.000   20.12844    1.88    2.27    3.11
17-07-2024 14:16:44.97   -0.14   9.528   0.028    0.020   97.1  11.06  14.000   18.39056    1.96    1.50    3.28
17-07-2024 14:16:45.22    0.13   9.525   0.028    0.020   97.1  11.06  14.000   16.88879    1.40    2.34    3.08
17-07-2024 14:16:45.46   -0.07   9.521   0.027    0.020   97.1  11.06  14.000   16.46321    2.41    1.83    3.04
17-07-2024 14:16:45.71   -0.17   9.514   0.027    0.020   97.1  11.07  14.000   15.76820    2.05    2.12    3.20
17-07-2024 14:16:45.95    0.14   9.508   0.028    0.020   97.1  11.07  14.000   15.28266    2.13    2.62    2.94
17-07-2024 14:16:46.20   -0.21   9.501   0.028    0.020   97.1  11.07  14.000   15.61943    2.14    2.50    3.03
17-07-2024 14:16:46.44   -0.12   9.493   0.028    0.020   97.2  11.08  14.000   16.54092    2.14    2.50    3.03
17-07-2024 14:16:46.69    0.02   9.485   0.027    0.020   97.2  11.09  14.000   17.40024    2.29    1.36    3.36
17-07-2024 14:16:46.94    0.10   9.482   0.027    0.020   97.2  11.09  14.000   18.05898    1.54    2.86    2.86
17-07-2024 14:16:47.18    0.13   9.480   0.027    0.020   97.2  11.09  14.000   18.83021    1.96    1.97    3.17
17-07-2024 14:16:47.43    0.03   9.482   0.027    0.020   97.3  11.09  14.000   19.38385    2.18    1.76    3.40
17-07-2024 14:16:47.68   -0.18   9.484   0.027    0.020   97.2  11.09  14.000   19.82350    1.27    2.66    2.49
17-07-2024 14:16:47.92   -0.12   9.486   0.027    0.020   97.2  11.09  14.000   20.31348    1.90    2.23    3.01
17-07-2024 14:16:48.17   -0.05   9.485   0.027    0.020   97.2  11.09  14.000   21.06177    1.90    2.23    3.01
17-07-2024 14:16:48.41    0.01   9.484   0.027    0.020   97.2  11.09  14.000   21.88482    2.15    1.57    2.93
17-07-2024 14:16:48.66   -0.01   9.483   0.027    0.020   97.2  11.09  14.000   22.77596    1.69    2.48    3.05
17-07-2024 14:16:48.90   -0.17   9.483   0.027    0.020   97.2  11.08  14.000   23.21043    1.91    1.88    3.10
17-07-2024 14:16:49.15   -0.15   9.482   0.027    0.020   97.2  11.08  14.000   23.19119    2.69    2.05    3.47
17-07-2024 14:16:49.39   -0.16   9.480   0.027    0.020   97.2  11.08  14.000   23.09349    1.93    2.82    2.53
17-07-2024 14:16:49.64   -0.15   9.479   0.027    0.020   97.2  11.08  14.000   23.10681    1.98    2.37    3.31
17-07-2024 14:16:49.88   -0.22   9.479   0.027    0.020   97.1  11.08  14.000   23.12458    1.98    2.37    3.31
17-07-2024 14:16:50.13   -0.15   9.477   0.027    0.020   97.1  11.08  14.000   23.06462    2.10    1.75    3.21
17-07-2024 14:16:50.37    0.02   9.476   0.027    0.020   97.2  11.08  14.000   23.08609    1.48    2.99    2.77
17-07-2024 14:16:50.63   -0.01   9.476   0.027    0.020   97.1  11.08  14.000   23.05648    2.11    2.15    2.84
17-07-2024 14:16:50.87    0.14   9.475   0.027    0.020   97.1  11.08  14.000   23.04094    2.40    1.80    3.36
17-07-2024 14:16:51.12   -0.04   9.475   0.027    0.020   97.1  11.08  14.000   22.98173    1.54    3.14    2.64
17-07-2024 14:16:51.36    0.15   9.474   0.026    0.019   97.1  11.08  14.000   23.03354    2.12    2.16    3.08
17-07-2024 14:16:51.61   -0.17   9.469   0.026    0.019   97.1  11.08  14.000   22.98765    2.12    2.16    3.08
17-07-2024 14:16:51.85    0.16   9.463   0.026    0.020   97.1  11.09  14.000   22.97951    2.21    1.64    3.31
17-07-2024 14:16:52.11   -0.17   9.460   0.026    0.019   97.2  11.09  14.000   22.88181    1.66    2.58    2.53
17-07-2024 14:16:52.34    0.03   9.456   0.026    0.019   97.2  11.09  14.000   22.85368    2.14    2.19    2.95
17-07-2024 14:16:52.59   -0.11   9.452   0.027    0.020   97.2  11.09  14.000   22.74118    2.58    1.41    3.02
17-07-2024 14:16:52.83    0.14   9.448   0.026    0.019   97.2  11.09  14.000   22.74118    1.63    2.88    2.90
17-07-2024 14:16:53.08   -0.21   9.444   0.027    0.020   97.2  11.09  14.000   22.60721    2.00    2.18    3.06
17-07-2024 14:16:53.32    0.16   9.445   0.026    0.019   97.2  11.09  14.000   22.11649    2.00    2.18    3.06
17-07-2024 14:16:53.57   -0.14   9.449   0.026    0.019   97.1  11.09  14.000   21.61319    2.31    1.59    3.28
17-07-2024 14:16:53.82   -0.16   9.453   0.026    0.019   97.1  11.09  14.000   20.51924    1.50    2.48    2.70
17-07-2024 14:16:54.06    0.10   9.456   0.026    0.019   97.1  11.09  14.000   19.40753    1.81    2.03    2.67
17-07-2024 14:16:54.31    0.04   9.457   0.026    0.019   97.1  11.08  14.000   17.92871    2.50    2.00    3.33
17-07-2024 14:16:54.56    0.08   9.457   0.026    0.019   97.1  11.08  14.000   16.81700    1.56    2.71    2.72
17-07-2024 14:16:54.81   -0.21   9.456   0.026    0.019   97.1  11.08  14.000   16.11460    2.19    2.11    3.02
17-07-2024 14:16:55.05   -0.14   9.452   0.026    0.019   97.1  11.08  14.000   16.30185    2.19    2.11    3.02
17-07-2024 14:16:55.30   -0.06   9.442   0.026    0.019   97.1  11.09  14.000   17.26923    2.26    2.23    3.18
17-07-2024 14:16:55.54    0.13   9.435   0.026    0.019   97.2  11.09  14.000   18.63629    1.84    3.09    2.86
17-07-2024 14:16:55.79    0.14   9.432   0.026    0.019   97.1  11.09  14.000   19.80203    2.03    2.49    2.64
17-07-2024 14:16:56.03   -0.06   9.433   0.026    0.019   97.1  11.09  14.000   21.57766    2.21    2.17    3.27
17-07-2024 14:16:56.28   -0.12   9.432   0.026    0.019   97.1  11.09  14.000   21.18908    1.77    2.58    2.91
17-07-2024 14:16:56.53    0.06   9.420   0.026    0.019   97.1  11.10  14.000   20.97961    2.02    2.40    3.08
17-07-2024 14:16:56.77    0.07   9.406   0.026    0.019   97.2  11.10  14.000   21.42667    2.02    2.40    3.08
17-07-2024 14:16:57.01   -0.18   9.396   0.026    0.019   97.2  11.11  14.000   21.24311    2.57    1.85    3.32
17-07-2024 14:16:57.26    0.11   9.388   0.026    0.019   97.2  11.11  14.000   21.76196    1.50    2.46    2.67
17-07-2024 14:16:57.50   -0.11   9.384   0.026    0.019   97.2  11.11  14.000   21.67832    2.11    2.09    2.84
17-07-2024 14:16:57.75    0.06   9.385   0.026    0.019   97.2  11.11  14.000   22.04988    2.22    1.90    3.44
17-07-2024 14:16:58.00   -0.14   9.387   0.026    0.019   97.2  11.12  14.000   21.92479    1.76    2.73    2.84
17-07-2024 14:16:58.24   -0.04   9.396   0.025    0.019   97.2  11.11  14.000   21.79230    1.76    2.73    2.84
17-07-2024 14:16:58.49   -0.13   9.401   0.025    0.019   97.2  11.11  14.000   21.80044    2.01    2.16    2.81
17-07-2024 14:16:58.74    0.15   9.404   0.026    0.019   97.2  11.11  14.000   21.86262    2.28    1.61    3.41
17-07-2024 14:16:58.98   -0.04   9.405   0.026    0.019   97.2  11.11  14.000   21.95366    1.90    2.08    3.09
17-07-2024 14:16:59.23   -0.15   9.406   0.026    0.019   97.2  11.10  14.000   22.00251    1.70    2.13    2.80
17-07-2024 14:16:59.48    0.10   9.407   0.026    0.019   97.2  11.11  14.000   22.00547    2.22    1.99    3.32
17-07-2024 14:16:59.72    0.02   9.405   0.025    0.019   97.2  11.10  14.000   21.93589    1.74    2.09    3.08
17-07-2024 14:16:59.97   -0.08   9.402   0.025    0.019   97.2  11.11  14.000   21.79674    1.74    2.09    3.08
17-07-2024 14:17:00.21    0.11   9.401   0.026    0.019   97.2  11.11  14.000   21.25939    1.85    2.67    2.68
17-07-2024 14:17:00.46   -0.17   9.401   0.025    0.019   97.2  11.11  14.000   21.11136    2.51    1.57    3.23
17-07-2024 14:17:00.70   -0.04   9.402   0.025    0.019   97.2  11.11  14.000   21.22905    1.84    2.48    3.24
17-07-2024 14:17:00.95    0.16   9.401   0.025    0.019   97.2  11.11  14.000   21.21720    1.70    2.49    2.53
17-07-2024 14:17:01.19    0.13   9.396   0.025    0.019   97.2  11.11  14.000   20.71316    2.57    1.30    3.53
17-07-2024 14:17:01.44    0.10   9.390   0.025    0.019   97.2  11.12  14.000   20.29202    1.92    2.16    3.01
17-07-2024 14:17:01.69    0.10   9.387   0.025    0.019   97.2  11.12  14.000   19.67843    1.92    2.16    3.01
17-07-2024 14:17:01.93    0.10   9.381   0.025    0.019   97.3  11.12  14.000   18.68884    1.70    2.72    2.72
17-07-2024 14:17:02.18   -0.11   9.379   0.025    0.019   97.3  11.12  14.000   17.91464    2.10    1.52    3.51
17-07-2024 14:17:02.43    0.15   9.374   0.025    0.019   97.3  11.13  14.000   17.55197    1.84    2.76    3.00
17-07-2024 14:17:02.68    0.06   9.370   0.025    0.019   97.3  11.13  14.000   17.38840    1.49    2.84    2.73
17-07-2024 14:17:02.92   -0.15   9.370   0.025    0.019   97.3  11.13  14.000   16.75631    2.46    1.96    3.39
17-07-2024 14:17:03.17    0.07   9.373   0.025    0.019   97.2  11.12  14.000   16.02726    2.13    1.84    3.50
17-07-2024 14:17:03.41   -0.15   9.376   0.025    0.018   97.2  11.12  14.000   15.54764    2.13    1.84    3.50
17-07-2024 14:17:03.66    0.11   9.378   0.025    0.019   97.2  11.11  14.000   14.60246    1.47    2.52    2.68
17-07-2024 14:17:03.90   -0.10   9.379   0.025    0.019   97.2  11.11  14.000   16.01319    2.49    1.90    3.04
17-07-2024 14:17:04.15   -0.04   9.380   0.025    0.019   97.2  11.11  14.000   17.47129    1.80    2.43    2.86
17-07-2024 14:17:04.39    0.07   9.381   0.025    0.018   97.2  11.11  14.000   18.61335    1.45    2.98    2.57
17-07-2024 14:17:04.64   -0.20   9.379   0.025    0.018   97.2  11.11  14.000   19.26542    2.49    2.06    3.47
17-07-2024 14:17:04.88   -0.13   9.378   0.024    0.018   97.2  11.11  14.000   19.73616    1.86    1.70    3.27
17-07-2024 14:17:05.13    0.15   9.376   0.025    0.018   97.2  11.11  14.000   20.62952    1.86    1.70    3.27
17-07-2024 14:17:05.38   -0.10   9.376   0.025    0.018   97.2  11.11  14.000   21.91887    1.62    2.81    2.61
17-07-2024 14:17:05.62    0.09   9.375   0.025    0.019   97.2  11.11  14.000   23.16529    2.39    1.90    2.87
17-07-2024 14:17:05.87   -0.15   9.375   0.024    0.018   97.1  11.11  14.000   23.00763    2.15    2.12    3.65
17-07-2024 14:17:06.12   -0.01   9.377   0.025    0.018   97.1  11.11  14.000   22.63090    1.42    2.65    2.81
17-07-2024 14:17:06.36   -0.11   9.380   0.025    0.018   97.1  11.11  14.000   22.29709    2.13    2.20    2.52
17-07-2024 14:17:06.61    0.02   9.383   0.025    0.018   97.1  11.10  14.000   22.10613    1.97    1.68    2.90
17-07-2024 14:17:06.85    0.14   9.386   0.025    0.018   97.1  11.10  14.000   22.23861    1.97    1.68    2.90
17-07-2024 14:17:07.10   -0.06   9.390   0.025    0.018   97.1  11.10  14.000   22.67974    2.04    2.67    2.97
17-07-2024 14:17:07.34   -0.18   9.397   0.024    0.018   97.1  11.09  14.000   23.11422    2.20    2.22    2.90
17-07-2024 14:17:07.59   -0.01   9.403   0.024    0.018   97.1  11.09  14.000   23.11866    2.04    1.64    3.31
17-07-2024 14:17:07.83    0.04   9.406   0.024    0.018   97.1  11.09  14.000   23.08757    2.06    2.73    3.08
17-07-2024 14:17:08.08    0.07   9.406   0.024    0.018   97.1  11.10  14.000   22.80705    1.89    2.48    2.81
17-07-2024 14:17:08.32    0.09   9.407   0.024    0.018   97.1  11.10  14.000   22.94546    2.02    1.96    3.42
17-07-2024 14:17:08.57    0.05   9.408   0.024    0.018   97.1  11.10  14.000   23.14456    2.02    1.96    3.42
17-07-2024 14:17:08.81    0.14   9.409   0.024    0.018   97.1  11.10  14.000   23.65601    2.20    1.62    3.02
17-07-2024 14:17:09.06    0.11   9.410   0.024    0.018   97.1  11.09  14.000   23.79515    1.63    2.84    3.02
17-07-2024 14:17:09.31   -0.19   9.412   0.024    0.018   97.1  11.09  14.000   23.74556    2.02    1.63    2.79
17-07-2024 14:17:09.56    0.01   9.413   0.024    0.018   97.1  11.09  14.000   23.73002    1.99    2.09    3.36
17-07-2024 14:17:09.80   -0.14   9.416   0.024    0.018   97.0  11.09  14.000   23.78553    1.58    2.68    2.81
17-07-2024 14:17:10.05    0.12   9.417   0.024    0.018   97.0  11.08  14.000   23.73594    1.72    2.64    2.54
17-07-2024 14:17:10.29   -0.16   9.418   0.024    0.018   97.0  11.08  14.000   23.78627    1.72    2.64    2.54
17-07-2024 14:17:10.54   -0.00   9.420   0.024    0.018   97.0  11.08  14.000   23.73742    2.22    1.70    3.41
17-07-2024 14:17:10.78   -0.09   9.420   0.024    0.018   97.0  11.08  14.000   23.77961    1.84    2.99    3.06
17-07-2024 14:17:11.03    0.08   9.419   0.024    0.018   97.0  11.08  14.000   23.74112    1.61    2.59    2.37
17-07-2024 14:17:11.27    0.03   9.416   0.024    0.018   97.0  11.08  14.000   23.80848    2.29    1.82    3.03
17-07-2024 14:17:11.52   -0.15   9.412   0.024    0.018   97.0  11.09  14.000   23.73150    2.08    1.77    3.16
17-07-2024 14:17:11.76   -0.06   9.411   0.024    0.018   97.0  11.08  14.000   23.81218    1.66    3.22    2.96
17-07-2024 14:17:12.01    0.09   9.410   0.024    0.018   97.0  11.08  14.000   23.76481    1.66    3.22    2.96
17-07-2024 14:17:12.25   -0.02   9.408   0.024    0.018   97.0  11.08  14.000   23.78109    2.16    2.53    3.01
17-07-2024 14:17:12.50    0.02   9.407   0.024    0.018   97.0  11.09  14.000   23.73742    2.46    1.65    3.47
17-07-2024 14:17:12.75    0.04   9.406   0.024    0.018   97.0  11.09  14.000   23.74927    1.77    2.58    2.73
17-07-2024 14:17:13.00    0.03   9.405   0.023    0.018   97.0  11.08  14.000   23.78701    1.72    1.96    2.65
17-07-2024 14:17:13.24   -0.14   9.405   0.024    0.018   97.0  11.09  14.000   23.77517    2.15    1.58    3.60
17-07-2024 14:17:13.49   -0.18   9.405   0.024    0.018   97.0  11.09  14.000   23.72558    1.79    2.39    2.89
17-07-2024 14:17:13.73    0.01   9.405   0.023    0.018   97.0  11.08  14.000   23.78997    1.79    2.39    2.89
17-07-2024 14:17:13.98   -0.02   9.404   0.024    0.018   97.0  11.08  14.000   23.72632    1.60    2.30    2.46
17-07-2024 14:17:14.23    0.08   9.405   0.024    0.018   97.0  11.08  14.000   23.77887    2.64    1.64    3.13
17-07-2024 14:17:14.47    0.10   9.406   0.024    0.018   97.0  11.08  14.000   23.73520    1.85    2.29    2.92
17-07-2024 14:17:14.72    0.04   9.410   0.024    0.018   96.9  11.08  14.000   23.79293    1.82    2.74    2.60
17-07-2024 14:17:14.96   -0.09   9.412   0.024    0.018   96.9  11.08  14.000   23.74112    2.45    2.04    3.23
17-07-2024 14:17:15.21    0.02   9.411   0.023    0.017   96.9  11.08  14.000   23.77887    2.03    1.73    3.23
17-07-2024 14:17:15.45    0.09   9.411   0.024    0.018   96.9  11.08  14.000   23.73890    2.03    1.73    3.23
17-07-2024 14:17:15.70   -0.15   9.411   0.024    0.018   96.9  11.08  14.000   23.78405    1.45    2.71    2.78
17-07-2024 14:17:15.94    0.11   9.412   0.024    0.018   97.0  11.08  14.000   23.75741    2.26    2.27    2.93
17-07-2024 14:17:16.19   -0.14   9.412   0.024    0.018   97.0  11.08  14.000   23.79515    2.07    1.50    3.35
17-07-2024 14:17:16.44   -0.05   9.410   0.024    0.018   97.0  11.08  14.000   23.80478    1.45    2.39    3.28
17-07-2024 14:17:16.68    0.02   9.409   0.023    0.018   96.9  11.08  14.000   23.75667    1.89    2.51    2.69
17-07-2024 14:17:16.93    0.07   9.407   0.023    0.018   96.9  11.08  14.000   23.75593    2.34    1.68    3.22
17-07-2024 14:17:17.18   -0.11   9.405   0.024    0.018   96.9  11.08  14.000   23.80330    2.34    1.68    3.22
17-07-2024 14:17:17.42    0.12   9.403   0.023    0.018   96.9  11.08  14.000   23.75889    1.80    1.85    3.18
17-07-2024 14:17:17.67    0.06   9.401   0.023    0.017   96.9  11.08  14.000   23.79145    1.72    2.83    2.39
17-07-2024 14:17:17.91   -0.06   9.399   0.023    0.018   96.9  11.08  14.000   23.76185    2.28    2.08    3.25
17-07-2024 14:17:18.16   -0.12   9.397   0.023    0.017   96.9  11.08  14.000   23.79367    2.28    1.75    3.03
17-07-2024 14:17:18.40   -0.08   9.396   0.023    0.017   96.9  11.08  14.000   23.77221    1.66    3.15    2.80
17-07-2024 14:17:18.65   -0.17   9.395   0.023    0.018   96.9  11.08  14.000   23.79145    2.30    2.43    3.18
17-07-2024 14:17:18.89   -0.06   9.393   0.023    0.018   96.9  11.08  14.000   23.77147    2.30    2.43    3.18
17-07-2024 14:17:19.14   -0.06   9.390   0.023    0.018   96.9  11.08  14.000   23.79737    1.98    1.40    3.22
17-07-2024 14:17:19.38   -0.16   9.387   0.023    0.018   97.0  11.09  14.000   23.74779    1.54    2.41    2.99
17-07-2024 14:17:19.63   -0.10   9.384   0.023    0.017   97.0  11.09  14.000   23.77221    2.10    2.59    2.65
17-07-2024 14:17:19.88   -0.15   9.381   0.023    0.017   96.9  11.09  14.000   23.73668    2.16    1.25    3.22
17-07-2024 14:17:20.13   -0.18   9.378   0.023    0.017   97.0  11.09  14.000   23.74334    1.61    2.50    2.81
17-07-2024 14:17:20.37   -0.07   9.376   0.023    0.017   96.9  11.08  14.000   23.74927    2.12    2.71    2.79
17-07-2024 14:17:20.62   -0.11   9.374   0.023    0.017   96.9  11.09  14.000   23.76111    2.12    2.71    2.79
17-07-2024 14:17:20.86    0.09   9.371   0.023    0.017   97.0  11.09  14.000   23.70634    2.00    1.64    3.86
17-07-2024 14:17:21.11   -0.11   9.367   0.023    0.018   97.0  11.09  14.000   23.76259    1.55    2.64    3.14
17-07-2024 14:17:21.36    0.01   9.368   0.023    0.017   97.0  11.09  14.000   23.73002    1.95    2.80    2.55
17-07-2024 14:17:21.60   -0.01   9.370   0.023    0.017   97.0  11.09  14.000   23.74556    2.34    1.61    3.53
17-07-2024 14:17:21.85   -0.12   9.366   0.023    0.018   96.9  11.09  14.000   23.69819    1.93    2.89    3.15
17-07-2024 14:17:22.09    0.13   9.359   0.023    0.017   97.0  11.09  14.000   23.76407    1.44    2.82    2.79
17-07-2024 14:17:22.37   -0.15   9.355   0.023    0.017   97.0  11.10  14.000   23.68783    2.24    1.47    3.23
17-07-2024 14:17:22.58    0.09   9.351   0.023    0.017   97.0  11.10  14.000   23.72854    2.24    1.47    3.23
17-07-2024 14:17:22.83    0.06   9.350   0.023    0.017   97.0  11.10  14.000   23.68117    2.25    1.94    3.04
17-07-2024 14:17:23.07   -0.12   9.352   0.023    0.017   97.0  11.10  14.000   23.73890    1.98    2.83    2.69
17-07-2024 14:17:23.32   -0.12   9.354   0.023    0.017   97.0  11.10  14.000   23.69227    2.19    1.56    3.10
17-07-2024 14:17:23.56   -0.15   9.356   0.023    0.017   97.0  11.10  14.000   23.73742    1.96    1.58    3.23
17-07-2024 14:17:23.81   -0.08   9.359   0.023    0.017   97.0  11.09  14.000   23.72706    1.86    2.60    2.38
17-07-2024 14:17:24.06    0.02   9.360   0.023    0.017   96.9  11.09  14.000   23.70264    1.86    2.60    2.38
17-07-2024 14:17:24.31   -0.09   9.362   0.023    0.017   96.9  11.09  14.000   23.69449    2.24    2.14    2.83
17-07-2024 14:17:24.55   -0.15   9.365   0.023    0.017   96.9  11.09  14.000   23.74852    2.25    1.82    3.39
17-07-2024 14:17:24.80   -0.07   9.366   0.023    0.017   96.9  11.09  14.000   23.69597    1.87    2.63    2.93
17-07-2024 14:17:25.05   -0.05   9.367   0.023    0.017   96.9  11.09  14.000   23.73446    1.90    2.07    3.28
17-07-2024 14:17:25.29   -0.07   9.362   0.023    0.017   97.0  11.09  14.000   23.69079    2.27    1.96    3.23
17-07-2024 14:17:25.53   -0.06   9.357   0.023    0.017   96.9  11.09  14.000   23.73816    1.75    2.07    3.01
17-07-2024 14:17:25.78    0.08   9.351   0.023    0.017   97.0  11.10  14.000   23.68931    1.75    2.07    3.01
17-07-2024 14:17:26.02   -0.09   9.349   0.023    0.017   97.0  11.09  14.000   23.71374    1.62    2.94    2.21
17-07-2024 14:17:26.27    0.10   9.345   0.023    0.017   97.0  11.10  14.000   23.71078    2.23    1.73    2.65
17-07-2024 14:17:26.51   -0.09   9.342   0.023    0.017   97.0  11.10  14.000   23.71966    1.67    1.86    3.42
17-07-2024 14:17:26.76    0.08   9.339   0.022    0.017   97.0  11.10  14.000   23.68857    1.86    2.24    3.07
17-07-2024 14:17:27.01    0.05   9.336   0.022    0.017   97.0  11.10  14.000   23.67007    2.10    2.71    2.68
17-07-2024 14:17:27.25   -0.12   9.335   0.023    0.017   97.0  11.10  14.000   23.71226    2.36    1.58    3.30
17-07-2024 14:17:27.50    0.06   9.335   0.022    0.017   97.0  11.10  14.000   23.70042    2.36    1.58    3.30
17-07-2024 14:17:27.75    0.08   9.336   0.023    0.017   97.0  11.10  14.000   23.65453    2.16    2.00    2.72
17-07-2024 14:17:27.99    0.06   9.340   0.023    0.017   97.0  11.10  14.000   23.69597    1.54    2.31    2.71
17-07-2024 14:17:28.24    0.08   9.343   0.023    0.017   97.0  11.10  14.000   23.67303    2.31    1.97    3.26
17-07-2024 14:17:28.48    0.11   9.345   0.022    0.017   96.9  11.09  14.000   23.66415    2.54    1.49    3.24
17-07-2024 14:17:28.73    0.05   9.347   0.022    0.017   96.9  11.09  14.000   23.68783    1.63    2.74    2.85
17-07-2024 14:17:28.98   -0.02   9.349   0.023    0.017   96.9  11.09  14.000   23.65009    2.29    2.43    2.68
17-07-2024 14:17:29.22   -0.11   9.349   0.022    0.017   96.9  11.09  14.000   23.67007    2.29    2.43    2.68
17-07-2024 14:17:29.47   -0.12   9.343   0.023    0.017   96.9  11.09  14.000   23.65009    2.38    2.27    3.36
17-07-2024 14:17:29.71   -0.02   9.337   0.022    0.017   96.9  11.10  14.000   23.70115    1.74    2.61    3.24
17-07-2024 14:17:29.96    0.10   9.334   0.022    0.017   97.0  11.10  14.000   23.65157    1.71    2.29    2.75
17-07-2024 14:17:30.20    0.10   9.330   0.022    0.017   97.0  11.10  14.000   23.69893    2.36    2.13    3.10
17-07-2024 14:17:30.45    0.06   9.326   0.022    0.017   97.0  11.10  14.000   23.65675    1.96    1.55    3.35
17-07-2024 14:17:30.69   -0.10   9.320   0.023    0.017   97.0  11.11  14.000   23.69967    1.93    2.62    2.64
17-07-2024 14:17:30.93    0.00   9.316   0.023    0.017   97.0  11.11  14.000   23.64786    1.93    2.62    2.64
17-07-2024 14:17:31.19    0.07   9.315   0.022    0.017   97.0  11.11  14.000   23.66711    1.65    2.41    2.76
17-07-2024 14:17:31.43   -0.09   9.316   0.022    0.017   97.0  11.11  14.000   23.69745    2.46    2.00    3.36
17-07-2024 14:17:31.68    0.07   9.313   0.022    0.017   97.0  11.11  14.000   23.69375    2.13    1.73    3.09
17-07-2024 14:17:31.93   -0.11   9.309   0.023    0.017   97.0  11.12  14.000   23.65231    1.60    2.92    2.33
17-07-2024 14:17:32.17    0.03   9.312   0.022    0.017   97.0  11.11  14.000   23.70189    2.04    2.19    2.88
17-07-2024 14:17:32.42    0.08   9.313   0.022    0.017   97.0  11.11  14.000   23.70189    2.21    1.79    3.32
17-07-2024 14:17:32.66   -0.11   9.315   0.022    0.017   97.0  11.11  14.000   23.67525    2.21    1.79    3.32
17-07-2024 14:17:32.91    0.01   9.319   0.022    0.017   97.0  11.11  14.000   23.69449    2.13    2.46    3.02
17-07-2024 14:17:33.15    0.04   9.323   0.022    0.017   97.0  11.11  14.000   23.66933    1.84    2.90    2.62
17-07-2024 14:17:33.40   -0.05   9.327   0.022    0.017   97.0  11.10  14.000   23.70560    2.49    2.15    3.11
17-07-2024 14:17:33.64    0.08   9.332   0.022    0.017   97.0  11.10  14.000   23.65009    2.02    1.71    3.65
17-07-2024 14:17:33.89   -0.12   9.336   0.022    0.017   97.0  11.10  14.000   23.68783    1.90    2.38    2.83
17-07-2024 14:17:34.13    0.05   9.338   0.022    0.017   96.9  11.10  14.000   23.65527    1.90    2.38    2.83
17-07-2024 14:17:34.38   -0.00   9.339   0.022    0.017   96.9  11.09  14.000   23.67303    1.90    2.35    2.58
17-07-2024 14:17:34.62   -0.15   9.338   0.022    0.017   96.9  11.09  14.000   23.63380    2.06    1.78    3.33
17-07-2024 14:17:34.88   -0.10   9.339   0.022    0.017   96.9  11.09  14.000   23.64046    2.15    1.82    3.15
17-07-2024 14:17:35.12   -0.08   9.338   0.022    0.017   96.9  11.09  14.000   23.65527    1.61    3.08    2.82
17-07-2024 14:17:35.37   -0.02   9.337   0.022    0.017   96.9  11.09  14.000   23.66563    1.86    2.14    2.64
17-07-2024 14:17:35.61    0.01   9.335   0.022    0.017   96.9  11.10  14.000   23.62122    2.45    1.67    3.52
17-07-2024 14:17:35.86    0.04   9.336   0.022    0.017   96.9  11.09  14.000   23.64194    1.87    2.14    3.22
17-07-2024 14:17:36.11   -0.03   9.337   0.022    0.017   96.9  11.09  14.000   23.61826    1.87    2.14    3.22
17-07-2024 14:17:36.35   -0.07   9.339   0.022    0.017   96.9  11.09  14.000   23.62048    1.63    2.86    2.59
17-07-2024 14:17:36.60    0.03   9.341   0.022    0.017   96.9  11.09  14.000   23.62862    2.18    2.30    3.22
17-07-2024 14:17:36.84    0.10   9.343   0.022    0.017   96.9  11.09  14.000   23.59605    2.29    1.75    3.24
17-07-2024 14:17:37.09    0.04   9.346   0.022    0.017   96.9  11.09  14.000   23.62566    1.91    2.05    3.19
17-07-2024 14:17:37.33   -0.01   9.350   0.022    0.017   96.9  11.09  14.000   23.58495    1.73    2.90    2.55
17-07-2024 14:17:37.58   -0.09   9.351   0.022    0.017   96.9  11.08  14.000   23.66489    1.73    2.90    2.55
17-07-2024 14:17:37.82    0.07   9.350   0.022    0.017   96.9  11.09  14.000   23.60419    2.28    2.00    3.46
17-07-2024 14:17:38.07   -0.08   9.349   0.022    0.017   96.9  11.09   0.000   23.63676    2.16    2.11    2.63
17-07-2024 14:17:38.31    0.08   9.346   0.022    0.017   96.9  11.09   0.000   23.62048    1.61    2.63    2.72
17-07-2024 14:17:38.56   -0.04   9.342   0.022    0.017   96.9  11.09   0.000   23.62048    2.21    2.16    3.19
17-07-2024 14:17:38.81   -0.13   9.340   0.022    0.017   96.9  11.09   0.000   23.66267    2.14    1.87    3.29
17-07-2024 14:17:39.06    0.06   9.340   0.022    0.017   96.9  11.09   0.000   23.64564    1.59    2.91    3.12
17-07-2024 14:17:39.30    0.00   9.338   0.022    0.017   96.9  11.09   0.000   23.48651    1.69    2.44    2.90
17-07-2024 14:17:39.55   -0.02   9.334   0.022    0.017   96.9  11.09   0.000   22.91289    1.69    2.44    2.90
17-07-2024 14:17:39.79   -0.09   9.329   0.022    0.017   96.9  11.10   0.000   22.72045    2.10    2.10    2.94
17-07-2024 14:17:40.04   -0.07   9.324   0.022    0.017   96.9  11.10   0.000   23.27557    2.08    1.95    3.53
17-07-2024 14:17:40.28    0.02   9.321   0.022    0.017   96.9  11.10   0.000   23.50353    1.71    2.70    2.39
17-07-2024 14:17:40.53    0.05   9.319   0.022    0.017   96.9  11.10   0.000   22.89957    1.70    1.69    3.11
17-07-2024 14:17:40.77    0.05   9.321   0.022    0.017   96.9  11.10   0.000   22.44438    2.25    1.69    3.28
17-07-2024 14:17:41.02    0.06   9.327   0.022    0.017   96.9  11.10   0.000   22.25638    2.25    1.69    3.28
17-07-2024 14:17:41.26    0.08   9.330   0.022    0.017   96.9  11.09   0.000   22.50581    1.80    2.55    2.84
17-07-2024 14:17:41.51    0.09   9.331   0.022    0.017   96.9  11.09   0.000   22.97507    2.13    2.80    2.68
17-07-2024 14:17:41.76   -0.08   9.330   0.022    0.016   96.9  11.09   0.000   22.80631    2.41    1.66    3.01
17-07-2024 14:17:42.00   -0.02   9.331   0.021    0.016   96.9  11.09   0.000   21.40964    2.04    1.77    3.20
17-07-2024 14:17:42.25    0.03   9.332   0.022    0.017   96.9  11.09   0.000   20.45929    1.64    2.87    2.41
17-07-2024 14:17:42.49   -0.07   9.336   0.022    0.017   96.9  11.09   0.000   19.24544    2.25    2.09    2.77
17-07-2024 14:17:42.74    0.06   9.333   0.022    0.017   96.9  11.09   0.000   18.26400    2.25    2.09    2.77
17-07-2024 14:17:42.99    0.01   9.330   0.022    0.017   96.9  11.09   0.000   17.24259    2.32    1.83    3.08
17-07-2024 14:17:43.23   -0.01   9.330   0.021    0.016   96.9  11.09   0.000   15.63942    1.36    2.53    2.97
17-07-2024 14:17:43.48    0.00   9.333   0.022    0.017   96.9  11.09   0.000   14.65946    2.21    2.24    2.67
17-07-2024 14:17:43.72   -0.04   9.335   0.021    0.016   96.9  11.09   0.000   14.68240    2.20    2.17    3.57
17-07-2024 14:17:43.97   -0.09   9.337   0.021    0.016   96.9  11.09   0.000   15.38480    1.76    2.29    3.31
17-07-2024 14:17:44.21   -0.11   9.338   0.021    0.016   96.9  11.09   0.000   16.21452    1.70    2.38    2.53
17-07-2024 14:17:44.46    0.03   9.342   0.022    0.017   96.9  11.09   0.000   16.77037    1.70    2.38    2.53
17-07-2024 14:17:44.70    0.05   9.346   0.022    0.017   96.9  11.09   0.000   17.21446    2.14    2.44    3.32
17-07-2024 14:17:44.95   -0.10   9.346   0.021    0.016   96.9  11.08   0.000   17.67928    2.23    1.65    3.16
17-07-2024 14:17:45.19    0.01   9.346   0.022    0.017   96.9  11.08   0.000   18.32247    1.37    2.79    2.51
17-07-2024 14:17:45.44    0.05   9.343   0.022    0.017   96.9  11.09   0.000   18.46236    2.30    2.55    2.87
17-07-2024 14:17:45.68    0.07   9.341   0.021    0.016   96.9  11.09   0.000   18.45940    2.45    1.90    3.55
17-07-2024 14:17:45.94   -0.11   9.339   0.021    0.016   96.9  11.09   0.000   17.51644    1.48    2.11    2.42
17-07-2024 14:17:46.18   -0.01   9.338   0.022    0.017   96.9  11.09   0.000   17.51792    1.48    2.11    2.42
17-07-2024 14:17:46.43    0.07   9.335   0.021    0.016   96.9  11.09   0.000   16.33812    1.91    2.36    2.79
17-07-2024 14:17:46.68    0.09   9.336   0.021    0.016   96.9  11.09   0.000    9.97133    2.53    2.07    3.31
17-07-2024 14:17:46.92    0.03   9.341   0.022    0.017   96.9  11.09   0.000    7.46444    1.83    2.96    2.73
17-07-2024 14:17:47.18   -0.08   9.344   0.021    0.016   96.9  11.09   0.000    6.64731    1.63    2.85    3.01
17-07-2024 14:17:47.41   -0.14   9.347   0.021    0.016   96.9  11.09   0.000    7.41781    2.22    2.24    2.84
17-07-2024 14:17:47.66   -0.00   9.351   0.021    0.016   96.9  11.09   0.000    6.87009    2.55    1.82    3.22
17-07-2024 14:17:47.90    0.05   9.354   0.021    0.016   96.9  11.09   0.000    8.09208    2.55    1.82    3.22
17-07-2024 14:17:48.15    0.04   9.355   0.021    0.016   96.9  11.09   0.000    8.36890    2.12    1.74    3.37
17-07-2024 14:17:48.39   -0.07   9.356   0.022    0.017   96.9  11.09   0.000    8.21199    1.82    2.63    2.97
17-07-2024 14:17:48.64   -0.03   9.357   0.021    0.016   97.0  11.09   0.000    7.88040    1.71    1.50    2.93
17-07-2024 14:17:48.88    0.02   9.356   0.021    0.016   97.0  11.09   0.000    7.80268    1.82    1.70    3.28
17-07-2024 14:17:49.13    0.04   9.356   0.021    0.016   97.0  11.09   0.000    7.90335    1.51    2.24    3.18
17-07-2024 14:17:49.38   -0.10   9.355   0.021    0.016   96.9  11.09   0.000    7.86338    1.94    2.75    2.73
17-07-2024 14:17:49.63    0.09   9.355   0.021    0.016   96.9  11.09   0.000    7.89446    1.94    2.75    2.73
17-07-2024 14:17:49.87   -0.07   9.355   0.021    0.016   96.9  11.09   0.000    7.97736    2.14    2.35    2.77
17-07-2024 14:17:50.12    0.04   9.354   0.021    0.016   96.9  11.09   0.000    7.96922    2.00    1.95    2.87
17-07-2024 14:17:50.37   -0.05   9.352   0.021    0.016   96.9  11.09   0.000    7.89372    1.78    2.37    3.06
17-07-2024 14:17:50.61   -0.11   9.348   0.021    0.016   96.9  11.09   0.000    7.76198    2.27    1.90    2.94
17-07-2024 14:17:50.86   -0.06   9.344   0.021    0.016   96.9  11.09   0.000    7.70424    2.16    1.98    3.34
17-07-2024 14:17:51.10    0.04   9.340   0.021    0.016   97.0  11.10   0.000    7.51847    1.89    2.42    3.33
17-07-2024 14:17:51.35    0.07   9.338   0.021    0.016   96.9  11.09   0.000    7.14691    1.89    2.42    3.33
17-07-2024 14:17:51.59    0.04   9.337   0.021    0.016   96.9  11.10   0.000    7.04033    1.86    2.26    2.90
17-07-2024 14:17:51.84    0.04   9.336   0.021    0.016   97.0  11.10   0.000    6.73613    2.45    2.01    2.98
17-07-2024 14:17:52.08    0.07   9.336   0.021    0.016   97.0  11.10   0.000    6.51556    2.42    1.94    3.27
17-07-2024 14:17:52.33    0.06   9.337   0.021    0.016   96.9  11.10   0.000    6.43414    2.08    2.45    2.87
17-07-2024 14:17:52.57    0.06   9.337   0.021    0.016   96.9  11.10   0.000    6.48151    2.07    1.87    3.09
17-07-2024 14:17:52.82   -0.01   9.338   0.021    0.016   96.9  11.09   0.000    6.50150    2.12    1.93    2.86
17-07-2024 14:17:53.06   -0.02   9.337   0.021    0.016   96.9  11.09   0.000    6.54739    2.12    1.93    2.86
17-07-2024 14:17:53.31    0.09   9.337   0.022    0.016   96.9  11.09   0.000    6.63695    1.93    2.40    2.92
17-07-2024 14:17:53.56   -0.08   9.336   0.021    0.016   96.9  11.10   0.000    6.71244    2.23    2.88    2.98
17-07-2024 14:17:53.81   -0.02   9.336   0.021    0.016   96.9  11.10   0.000    6.96853    2.20    2.16    3.44
17-07-2024 14:17:54.05   -0.07   9.334   0.021    0.016   96.9  11.10   0.000    7.30382    2.05    2.14    3.48
17-07-2024 14:17:54.30   -0.04   9.333   0.021    0.016   96.9  11.10   0.000    7.40448    1.46    2.42    2.64
17-07-2024 14:17:54.54    0.07   9.331   0.021    0.016   96.9  11.10   0.000    7.44445    2.25    2.45    3.10
17-07-2024 14:17:54.79   -0.03   9.328   0.021    0.016   96.9  11.10   0.000    7.67538    2.25    2.45    3.10
17-07-2024 14:17:55.03   -0.08   9.324   0.021    0.016   96.9  11.10   0.000    7.75902    2.58    1.79    3.13
17-07-2024 14:17:55.28   -0.05   9.321   0.021    0.016   96.9  11.10   0.000    7.89964    1.83    2.00    2.92
17-07-2024 14:17:55.52    0.03   9.319   0.021    0.016   96.9  11.10   0.000    7.90187    2.07    2.33    2.70
17-07-2024 14:17:55.77    0.05   9.320   0.021    0.016   97.0  11.10   0.000    7.81527    2.19    1.94    3.12
17-07-2024 14:17:56.01    0.06   9.319   0.021    0.016   97.0  11.10   0.000    7.72127    1.69    2.39    3.01
17-07-2024 14:17:56.26    0.04   9.318   0.021    0.016   96.9  11.10   0.000    7.52365    2.02    2.68    2.67
17-07-2024 14:17:56.50    0.03   9.317   0.021    0.016   97.0  11.10   0.000    7.26829    2.02    2.68    2.67
17-07-2024 14:17:56.75    0.05   9.316   0.021    0.016   97.0  11.10   0.000    7.09732    2.13    2.05    2.99
17-07-2024 14:17:57.00   -0.00   9.317   0.021    0.016   97.0  11.11   0.000    7.03145    2.36    2.38    3.49
17-07-2024 14:17:57.25   -0.07   9.317   0.021    0.016   97.0  11.10   0.000    6.98926    2.02    2.20    3.04
17-07-2024 14:17:57.50   -0.09   9.314   0.021    0.016   97.0  11.11   0.000    7.06845    2.08    2.52    2.36
17-07-2024 14:17:57.74    0.04   9.312   0.021    0.016   97.0  11.11   0.000    7.44297    2.22    1.92    3.26
17-07-2024 14:17:57.99   -0.03   9.308   0.021    0.016   97.0  11.11   0.000    7.47924    2.09    2.26    3.30
17-07-2024 14:17:58.24    0.05   9.307   0.021    0.016   97.0  11.11   0.000    7.25201    2.09    2.26    3.30
17-07-2024 14:17:58.48   -0.02   9.305   0.021    0.016   97.0  11.11   0.000    7.28902    1.99    2.24    2.58
17-07-2024 14:17:58.72   -0.01   9.304   0.021    0.016   97.0  11.11   0.000    7.33713    2.20    2.33    3.43
17-07-2024 14:17:58.97   -0.04   9.303   0.021    0.016   97.0  11.11   0.000    7.32751    2.25    2.34    3.08
17-07-2024 14:17:59.21    0.06   9.303   0.021    0.016   97.0  11.11   0.000    7.46221    1.67    2.40    2.82
17-07-2024 14:17:59.46   -0.08   9.302   0.021    0.016   97.0  11.11   0.000    7.46962    2.16    2.21    3.37
17-07-2024 14:17:59.70   -0.02   9.301   0.021    0.016   97.0  11.11   0.000    7.61987    2.16    2.11    3.29
17-07-2024 14:17:59.95    0.05   9.300   0.021    0.016   97.0  11.11   0.000    7.65243    2.16    2.11    3.29
17-07-2024 14:18:00.20    0.04   9.300   0.021    0.016   97.0  11.11   0.000    7.71757    1.63    2.27    3.28
17-07-2024 14:18:00.44   -0.00   9.300   0.021    0.016   97.0  11.11   0.000    7.51551    2.02    2.18    2.85
17-07-2024 14:18:00.69   -0.05   9.300   0.021    0.016   97.0  11.11   0.000    7.18170    2.13    2.14    3.04
17-07-2024 14:18:00.94   -0.05   9.299   0.021    0.016   97.0  11.11   0.000    6.82938    2.03    2.03    2.81
17-07-2024 14:18:01.18   -0.03   9.298   0.021    0.016   97.0  11.11   0.000    6.26465    1.99    2.27    2.92
17-07-2024 14:18:01.43   -0.05   9.297   0.021    0.016   97.0  11.11   0.000    5.90419    2.01    2.06    3.02
17-07-2024 14:18:01.67    0.00   9.296   0.021    0.016   97.0  11.11   0.000    5.73322    2.01    2.06    3.02
17-07-2024 14:18:01.92    0.04   9.291   0.021    0.016   97.0  11.12   0.000    5.66809    1.78    1.73    3.01
17-07-2024 14:18:02.17    0.04   9.286   0.021    0.016   97.0  11.12   0.000    5.71916    2.06    2.61    2.99
17-07-2024 14:18:02.41   -0.01   9.283   0.020    0.016   97.0  11.12   0.000    5.73914    2.04    2.19    2.82
17-07-2024 14:18:02.66   -0.06   9.282   0.020    0.016   97.1  11.12   0.000    5.85534    1.99    2.15    3.35
17-07-2024 14:18:02.90    0.02   9.282   0.021    0.016   97.1  11.12   0.000    5.97303    1.93    2.44    3.07
17-07-2024 14:18:03.14    0.01   9.282   0.021    0.016   97.0  11.12   0.000    6.14770    2.12    2.61    2.88
17-07-2024 14:18:03.39   -0.06   9.280   0.020    0.016   97.0  11.12   0.000    6.30758    2.12    2.61    2.88
17-07-2024 14:18:03.63   -0.04   9.278   0.021    0.016   97.1  11.12   0.000    6.42748    2.06    2.15    3.09
17-07-2024 14:18:03.88   -0.00   9.278   0.021    0.016   97.1  11.12   0.000    6.15585    1.97    1.99    3.39
17-07-2024 14:18:04.13   -0.01   9.278   0.021    0.016   97.0  11.12   0.000    5.99597    1.89    2.49    2.95
17-07-2024 14:18:04.38   -0.03   9.279   0.020    0.016   97.0  11.12   0.000    5.84646    1.79    2.13    2.77
17-07-2024 14:18:04.62    0.05   9.274   0.020    0.016   97.1  11.13   0.000    5.87977    2.53    1.92    2.97
17-07-2024 14:18:04.87   -0.02   9.269   0.021    0.016   97.0  11.13   0.000    5.93824    2.06    2.43    3.01
17-07-2024 14:18:05.12    0.01   9.267   0.021    0.016   97.0  11.13   0.000    5.96489    2.06    2.43    3.01
17-07-2024 14:18:05.36   -0.07   9.267   0.021    0.016   97.0  11.13   0.000    5.90864    2.09    2.46    2.87
17-07-2024 14:18:05.61   -0.02   9.263   0.021    0.016   97.1  11.13   0.000    5.48601    1.82    2.06    3.11
17-07-2024 14:18:05.85    0.02   9.260   0.021    0.016   97.1  11.13   0.000    5.10853    1.82    2.09    3.56
17-07-2024 14:18:06.10    0.03   9.257   0.021    0.016   97.1  11.14   0.000    5.21289    1.40    2.07    2.18
17-07-2024 14:18:06.34    0.03   9.255   0.020    0.016   97.1  11.14   0.000    5.09447    2.12    2.27    2.97
17-07-2024 14:18:06.59    0.02   9.256   0.020    0.016   97.1  11.14   0.000    4.98641    1.83    1.81    3.02
17-07-2024 14:18:06.83   -0.05   9.258   0.021    0.016   97.1  11.14   0.000    4.96272    1.83    1.81    3.02
17-07-2024 14:18:07.08    0.02   9.259   0.021    0.016   97.1  11.13   0.000    4.97308    1.82    1.95    2.57
17-07-2024 14:18:07.32   -0.07   9.258   0.020    0.016   97.1  11.14   0.000    4.86502    2.34    2.28    3.24
17-07-2024 14:18:07.57    0.02   9.254   0.020    0.016   97.1  11.13   0.000    4.91239    2.29    1.94    3.00
17-07-2024 14:18:07.81   -0.00   9.251   0.020    0.016   97.0  11.13   0.000    5.30837    1.83    2.16    2.98
17-07-2024 14:18:08.06   -0.00   9.250   0.021    0.016   97.1  11.13   0.000    5.42014    2.01    2.52    2.59
17-07-2024 14:18:08.31   -0.02   9.246   0.021    0.016   97.1  11.13   0.000    5.77393    1.77    1.94    2.93
17-07-2024 14:18:08.56   -0.00   9.241   0.021    0.016   97.0  11.13   0.000    6.01226    1.77    1.94    2.93
17-07-2024 14:18:08.80   -0.06   9.236   0.021    0.016   97.0  11.13   0.000    6.06333    2.10    2.05    2.74
17-07-2024 14:18:09.06    0.01   9.227   0.021    0.016   97.2  11.16   0.000    6.21654    1.79    2.22    2.79
17-07-2024 14:18:09.29    0.02   9.220   0.020    0.016   97.3  11.17   0.000    6.15511    1.77    2.07    2.86
17-07-2024 14:18:09.54   -0.07   9.217   0.020    0.016   97.2  11.16   0.000    6.06259    2.07    2.13    3.05
17-07-2024 14:18:09.78   -0.05   9.215   0.020    0.016   97.2  11.16   0.000    6.13068    1.80    2.20    3.17
17-07-2024 14:18:10.03    0.03   9.213   0.021    0.016   97.2  11.16   0.000    6.11884    2.03    1.98    2.77
17-07-2024 14:18:10.27    0.03   9.212   0.020    0.016   97.2  11.16   0.000    6.13364    2.03    1.98    2.77
17-07-2024 14:18:10.52   -0.10   9.213   0.020    0.016   97.2  11.16   0.000    6.09367    1.80    1.94    3.20
17-07-2024 14:18:10.76   -0.06   9.214   0.020    0.016   97.3  11.17   0.000    6.19952    2.33    2.37    3.20
17-07-2024 14:18:11.01    0.00   9.215   0.020    0.016   97.3  11.17   0.000    6.10033    1.77    2.05    3.07
17-07-2024 14:18:11.25   -0.03   9.215   0.021    0.016   97.4  11.18   0.000    6.14696    2.08    1.97    2.95
17-07-2024 14:18:11.50   -0.02   9.215   0.020    0.016   97.4  11.18   0.000    6.09663    2.12    2.38    3.06
17-07-2024 14:18:11.75   -0.03   9.218   0.020    0.016   97.3  11.17   0.000    6.03594    2.14    2.14    2.86
17-07-2024 14:18:11.99   -0.03   9.224   0.020    0.016   97.2  11.16   0.000    6.03816    2.14    2.14    2.86
17-07-2024 14:18:12.25   -0.01   9.227   0.020    0.016   97.2  11.15   0.000    6.06185    2.00    2.41    3.07
17-07-2024 14:18:12.49   -0.03   9.228   0.021    0.016   97.2  11.16   0.000    6.03890    2.27    2.02    2.68
17-07-2024 14:18:12.74   -0.07   9.227   0.020    0.016   97.2  11.16   0.000    5.92418    1.95    1.64    3.20
17-07-2024 14:18:12.98   -0.03   9.226   0.020    0.016   97.2  11.16   0.000    6.00486    1.87    1.94    3.23
17-07-2024 14:18:13.23   -0.05   9.222   0.020    0.016   97.2  11.16   0.000    5.96859    1.82    2.23    2.84
17-07-2024 14:18:13.47   -0.03   9.221   0.020    0.015   97.2  11.15   0.000    5.98487    1.98    2.44    3.06
17-07-2024 14:18:13.72    0.01   9.219   0.020    0.016   97.2  11.16   0.000    5.91974    1.98    2.44    3.06
17-07-2024 14:18:13.96   -0.03   9.215   0.020    0.016   97.2  11.16   0.000    5.89531    1.98    1.41    3.27
17-07-2024 14:18:14.21    0.02   9.213   0.020    0.016   97.3  11.17   0.000    5.88643    1.74    2.32    2.66
17-07-2024 14:18:14.45    0.00   9.212   0.020    0.016   97.2  11.16   0.000    5.89383    1.88    1.97    3.13
17-07-2024 14:18:14.70   -0.05   9.210   0.020    0.016   97.3  11.17   0.000    5.83980    1.94    1.90    3.06
17-07-2024 14:18:14.94   -0.04   9.211   0.020    0.016   97.2  11.16   0.000    5.88125    1.69    2.11    2.89
17-07-2024 14:18:15.19   -0.02   9.211   0.020    0.016   97.2  11.16   0.000    5.87089    1.87    2.31    3.01
17-07-2024 14:18:15.44    0.04   9.206   0.020    0.016   97.3  11.18   0.000    5.83832    1.87    2.31    3.01
17-07-2024 14:18:15.68   -0.02   9.200   0.020    0.016   97.4  11.18   0.000    5.91086    2.11    1.85    2.77
17-07-2024 14:18:15.93   -0.05   9.196   0.020    0.016   97.3  11.18   0.000    5.91974    1.92    2.15    3.20
17-07-2024 14:18:16.18   -0.06   9.190   0.020    0.015   97.4  11.18   0.000    5.85016    2.15    2.50    3.05
17-07-2024 14:18:16.42   -0.05   9.186   0.020    0.016   97.3  11.17   0.000    5.89383    2.09    2.07    3.31
17-07-2024 14:18:16.67    0.04   9.183   0.020    0.016   97.4  11.19   0.000    5.92196    1.97    2.03    2.70
17-07-2024 14:18:16.92    0.02   9.178   0.020    0.016   97.3  11.18   0.000    5.98783    2.06    2.34    2.89
17-07-2024 14:18:17.16   -0.00   9.171   0.020    0.015   97.4  11.19   0.000    4.97456    2.06    2.34    2.89
17-07-2024 14:18:17.41   -0.01   9.169   0.020    0.016   97.4  11.19   0.000    4.34099    1.97    2.17    3.02
17-07-2024 14:18:17.65   -0.01   9.174   0.020    0.016   97.4  11.19   0.000    3.85693    2.00    2.20    2.89
17-07-2024 14:18:17.90   -0.05   9.182   0.020    0.016   97.3  11.18   0.000    3.53793    1.93    2.05    3.26
17-07-2024 14:18:18.14   -0.04   9.192   0.021    0.016   97.2  11.17   0.000    3.30700    1.83    1.89    3.14
17-07-2024 14:18:18.39   -0.04   9.201   0.020    0.016   97.2  11.16   0.000    3.31070    1.84    2.32    2.86
17-07-2024 14:18:18.63    0.01   9.208   0.020    0.016   97.2  11.16   0.000    3.40174    1.84    2.32    2.86
17-07-2024 14:18:18.88   -0.02   9.212   0.020    0.016   97.3  11.17   0.000    3.29812    1.57    2.59    2.68
17-07-2024 14:18:19.13   -0.03   9.216   0.020    0.016   97.0  11.14   0.000    3.22484    1.78    2.43    2.88
17-07-2024 14:18:19.37    0.01   9.220   0.020    0.016   97.3  11.17   0.000    2.72968    2.21    2.44    2.53
17-07-2024 14:18:19.62   -0.03   9.224   0.020    0.015   97.2  11.16   0.000    2.79111    1.88    2.19    3.49
17-07-2024 14:18:19.87   -0.02   9.229   0.020    0.016   97.4  11.17   0.000    2.91102    1.82    1.80    3.09
17-07-2024 14:18:20.12    0.01   9.232   0.020    0.015   97.3  11.17   0.000    2.24562    1.94    2.22    3.08
17-07-2024 14:18:20.36    0.02   9.237   0.020    0.015   97.2  11.15   0.000    2.07909    1.69    2.33    3.01
17-07-2024 14:18:20.60   -0.03   9.239   0.020    0.015   97.3  11.16   0.000    1.90737    1.69    2.33    3.01
17-07-2024 14:18:20.85   -0.02   9.247   0.020    0.016   97.4  11.17  14.000    1.79265    1.94    2.71    2.72
17-07-2024 14:18:21.09   -0.03   9.256   0.020    0.016   97.4  11.17   0.000    2.00137    1.63    2.62    2.77
17-07-2024 14:18:21.34    0.02   9.261   0.020    0.015   97.4  11.17   0.000    2.16791    1.96    1.72    2.89
17-07-2024 14:18:21.58   -0.03   9.268   0.020    0.016   97.4  11.17   0.000    2.15828    1.99    2.73    2.98
