Date	Time	Press	Temp	Cond	Sal	O2%	O2ppm	pH	PAR	Trx-Chl-a	Pethr	Pchan
[D-M-Y]	[h:m:s]	[dbar]	[°C]	[mS/cm]	[PSU]	[%]	[mg/l]	[pH]	[-]	[ug/l]	[ug/l]	[ug/l]
17-07-2024 07:47:42.89    0.30   7.068   0.005    0.005  107.8  13.04  14.000  228.85803    3.02    3.99    2.20
17-07-2024 07:47:43.07    0.27   7.062   0.004    0.005  107.8  13.05  14.000  228.93130    3.02    3.99    2.20
17-07-2024 07:47:43.32    0.27   7.061   0.004    0.005  107.8  13.05  14.000  228.84546    3.54    2.37    3.41
17-07-2024 07:47:43.57    0.30   7.078   0.004    0.005  107.8  13.03  14.000  228.85284    3.54    1.19    3.86
17-07-2024 07:47:43.81    0.27   7.096   0.005    0.005  107.7  13.02  14.000  228.76552    1.86    2.46    2.48
17-07-2024 07:47:44.06    0.30   7.097   0.004    0.005  107.7  13.02  14.000  228.71223    2.99    2.46    1.98
17-07-2024 07:47:44.30    0.33   7.097   0.004    0.005  107.6  13.01  14.000  228.55458    2.99    2.46    1.98
17-07-2024 07:47:44.55    0.33   7.094   0.004    0.005  107.6  13.01  14.000  228.38432    1.98    1.33    3.86
17-07-2024 07:47:44.79    0.28   7.090   0.004    0.005  107.6  13.01  14.000  228.62044    1.98    2.39    2.76
17-07-2024 07:47:45.04    0.27   7.084   0.005    0.005  107.6  13.01  14.000  228.81065    1.74    3.04    2.43
17-07-2024 07:47:45.28    0.33   7.086   0.004    0.005  107.6  13.01  14.000  228.76552    3.05    1.55    6.80
17-07-2024 07:47:45.53    0.30   7.108   0.004    0.005  107.5  13.00  14.000  228.91650    2.03    3.62   10.92
17-07-2024 07:47:45.77    0.31   7.123   0.004    0.005  107.5  12.98  14.000  228.83804    3.74    0.87    3.53
17-07-2024 07:47:46.02    0.30   7.135   0.005    0.005  107.4  12.97  14.000  228.65598    3.74    0.87    3.53
17-07-2024 07:47:46.26    0.32   7.148   0.005    0.006  107.4  12.96  14.000  228.63303    2.35    0.80    3.48
17-07-2024 07:47:46.51    0.29   7.157   0.004    0.005  107.4  12.96  14.000  228.73444    3.27    5.03    4.04
17-07-2024 07:47:46.76    0.33   7.155   0.004    0.005  107.3  12.95  14.000  228.71739    1.46    3.08    7.23
17-07-2024 07:47:47.01    0.28   7.157   0.004    0.005  107.3  12.95  14.000  229.07860    2.16    1.04    4.96
17-07-2024 07:47:47.26    0.31   7.154   0.005    0.005  107.3  12.96  14.000  229.14891    2.29    1.08    1.92
17-07-2024 07:47:47.50    0.29   7.156   0.004    0.005  107.3  12.95  14.000  229.04158    1.11    3.21    3.57
17-07-2024 07:47:47.74    0.28   7.162   0.004    0.005  107.3  12.95  14.000  228.92168    1.11    3.21    3.57
17-07-2024 07:47:47.99    0.32   7.165   0.004    0.005  107.2  12.94  14.000  228.69373    6.54    3.21    1.34
17-07-2024 07:47:48.24    0.29   7.152   0.004    0.005  107.3  12.95  14.000  228.33400    1.05    4.46    1.27
17-07-2024 07:47:48.48    0.31   7.132   0.004    0.005  107.3  12.96  14.000  227.98615    2.59    1.00    3.18
17-07-2024 07:47:48.73    0.28   7.113   0.004    0.005  107.3  12.97  14.000  227.78925    1.69    1.90    3.31
17-07-2024 07:47:48.97    0.30   7.113   0.004    0.005  107.3  12.97  14.000  227.64789    4.49    3.18    4.68
17-07-2024 07:47:49.22    0.31   7.133   0.004    0.005  107.3  12.95  14.000  227.84106    2.65    3.18    2.72
17-07-2024 07:47:49.46    0.29   7.123   0.005    0.005  107.3  12.96  14.000  227.91434    2.65    3.18    2.72
17-07-2024 07:47:49.71    0.28   7.120   0.004    0.005  107.3  12.96  14.000  227.90102    2.44    2.58    3.43
17-07-2024 07:47:49.95    0.28   7.098   0.004    0.005  107.3  12.97  14.000  227.75668    4.82    2.92    5.86
17-07-2024 07:47:50.20    0.27   7.072   0.004    0.005  107.4  12.99  14.000  227.77815    2.13    2.97    0.70
17-07-2024 07:47:50.45    0.36   7.050   0.004    0.005  107.4  13.00  14.000  227.83588    4.49    0.17    5.22
17-07-2024 07:47:50.69    0.30   7.029   0.005    0.006  107.4  13.01  14.000  228.04831    3.32    0.24    2.79
17-07-2024 07:47:50.94    0.32   7.001   0.004    0.005  107.5  13.02  14.000  228.60046    0.55    4.82    4.58
17-07-2024 07:47:51.19    0.28   6.977   0.004    0.005  107.5  13.04  14.000  228.60565    0.55    4.82    4.58
17-07-2024 07:47:51.43    0.27   6.961   0.004    0.005  107.5  13.04  14.000  228.62488    1.48    3.29    4.26
17-07-2024 07:47:51.68    0.31   6.945   0.005    0.005  107.6  13.05  14.000  228.27405    3.33    2.75    3.16
17-07-2024 07:47:51.92    0.29   6.935   0.004    0.005  107.6  13.06  14.000  226.83519    3.33    2.75    7.64
17-07-2024 07:47:52.17    0.33   6.942   0.004    0.005  107.5  13.05  14.000  225.53253   10.30    2.75 1000.00
17-07-2024 07:47:52.41    0.28   6.944   0.004    0.005  107.5  13.05  14.000  221.13010   10.30   25.16 1000.00
17-07-2024 07:47:52.66    0.27   6.947   0.005    0.005  107.5  13.04  14.000  215.25404    0.00   25.16    3.93
17-07-2024 07:47:52.90    0.30   6.961   0.005    0.005  107.4  13.03  14.000  212.45552    0.00   25.16    3.93
17-07-2024 07:47:53.15    0.32   6.974   0.005    0.005  107.4  13.02  14.000  216.55301    3.98    5.30    0.82
17-07-2024 07:47:53.39    0.29   6.978   0.005    0.006  107.4  13.02  14.000  214.98831    3.98    7.53    5.80
17-07-2024 07:47:53.64    0.31   6.971   0.004    0.005  107.4  13.02  14.000  214.57161    8.56    7.53    2.64
17-07-2024 07:47:53.88    0.27   6.950   0.005    0.005  107.4  13.03  14.000  214.39101    1.65    4.39    3.49
17-07-2024 07:47:54.14    0.29   6.940   0.005    0.005  107.5  13.04  14.000  212.06842    1.36    0.50    2.84
17-07-2024 07:47:54.38    0.35   6.917   0.005    0.005  107.5  13.05  14.000  215.85281    2.82    3.41    2.84
17-07-2024 07:47:54.63    0.30   6.898   0.005    0.005  107.5  13.06  14.000  217.42787    2.82    3.41    2.84
17-07-2024 07:47:54.88    0.33   6.881   0.005    0.005  107.6  13.07  14.000  217.19472    4.11    3.59    4.62
17-07-2024 07:47:55.12    0.32   6.865   0.005    0.005  107.6  13.08  14.000  217.37086    2.14    3.59    4.32
17-07-2024 07:47:55.37    0.29   6.851   0.005    0.005  107.6  13.09  14.000  216.53671    3.87    3.10    4.32
17-07-2024 07:47:55.61    0.31   6.840   0.005    0.005  107.6  13.09  14.000  215.92683    2.57    1.06    4.58
17-07-2024 07:47:55.86    0.29   6.829   0.005    0.006  107.6  13.10  14.000  215.61301    2.57    1.06    4.58
17-07-2024 07:47:56.10    0.29   6.825   0.005    0.005  107.6  13.10  14.000  217.18878    1.11    1.06   18.74
17-07-2024 07:47:56.35    0.26   6.833   0.005    0.005  107.6  13.09  14.000  214.55977    1.11    1.06   18.74
17-07-2024 07:47:56.59    0.29   6.827   0.005    0.005  107.6  13.09  14.000  212.29268    0.00    1.06    2.19
17-07-2024 07:47:56.84    0.32   6.818   0.005    0.005  107.6  13.10  14.000  211.15508    1.35    1.06 1000.00
17-07-2024 07:47:57.08    0.29   6.809   0.005    0.006  107.7  13.11  14.000  218.27608 1000.00   24.83 1000.00
17-07-2024 07:47:57.33    0.30   6.802   0.005    0.006  107.6  13.11  14.000  215.27031   13.13    7.01    0.49
17-07-2024 07:47:57.57    0.34   6.803   0.005    0.006  107.6  13.11  14.000  220.89178   13.13    7.01    2.81
17-07-2024 07:47:57.82    0.31   6.810   0.005    0.006  107.5  13.09  14.000  219.40480    0.78    7.01    5.52
17-07-2024 07:47:58.10    0.34   6.808   0.005    0.006  107.6  13.10  14.000  216.19551    0.78    7.01    2.41
17-07-2024 07:47:58.32    0.29   6.801   0.005    0.006  107.6  13.10  14.000  214.89877    0.78    7.01    2.41
17-07-2024 07:47:58.56    0.27   6.795   0.005    0.006  107.6  13.10  14.000  209.48010    0.16    9.08    2.77
17-07-2024 07:47:58.81    0.35   6.790   0.006    0.006  107.6  13.10  14.000  209.62296    3.83    9.08    7.79
17-07-2024 07:47:59.05    0.32   6.800   0.005    0.006  107.5  13.09  14.000  207.46985    3.83    4.67    2.78
17-07-2024 07:47:59.30    0.31   6.812   0.005    0.006  107.4  13.08  14.000  208.03459    2.18    4.80    4.96
17-07-2024 07:47:59.54    0.28   6.814   0.006    0.006  107.4  13.07  14.000  210.20694    2.63    4.64    4.19
17-07-2024 07:47:59.79    0.33   6.817   0.005    0.006  107.4  13.07  14.000  209.25140    2.63    4.64    4.19
17-07-2024 07:48:00.03    0.29   6.825   0.005    0.006  107.3  13.06  14.000  210.04189    1.13    3.08    2.65
17-07-2024 07:48:00.28    0.27   6.827   0.006    0.006  107.3  13.06  14.000  210.04707    1.19    2.27    0.42
17-07-2024 07:48:00.52    0.30   6.839   0.006    0.006  107.2  13.05  14.000  207.68007    7.01    3.08    1.56
17-07-2024 07:48:00.77    0.32   6.848   0.006    0.006  107.3  13.05  14.000  204.44855    2.42    6.91    1.62
17-07-2024 07:48:01.01    0.28   6.859   0.005    0.006  107.2  13.04  14.000  190.25761    1.25    0.78    3.54
17-07-2024 07:48:01.26    0.27   6.867   0.006    0.006  107.1  13.03  14.000  180.96056    2.73    1.11    3.56
17-07-2024 07:48:01.51    0.28   6.856   0.006    0.006  107.1  13.03  14.000  176.02818    2.73    1.11    3.56
17-07-2024 07:48:01.76    0.27   6.852   0.006    0.006  107.2  13.04  14.000  172.55022    2.43    1.11    7.31
17-07-2024 07:48:02.01    0.29   6.855   0.006    0.006  107.2  13.04  14.000  173.02391    2.43 1000.00   18.03
17-07-2024 07:48:02.25    0.28   6.845   0.006    0.006  107.3  13.05  14.000  170.07367    2.43 1000.00 1000.00
17-07-2024 07:48:02.50    0.28   6.839   0.006    0.006  107.3  13.05  14.000  169.92711   24.77 1000.00    7.37
17-07-2024 07:48:02.74    0.27   6.832   0.005    0.006  107.4  13.06  14.000  169.45712   15.72 1000.00   19.36
17-07-2024 07:48:02.99    0.29   6.828   0.006    0.006  107.3  13.06  14.000  170.51701   15.72   10.39    3.81
17-07-2024 07:48:03.23    0.30   6.834   0.006    0.006  107.3  13.05  14.000  176.54332   15.72   10.39    3.81
17-07-2024 07:48:03.48    0.27   6.836   0.006    0.006  107.2  13.05  14.000  189.30429 1000.00   10.39    3.81
17-07-2024 07:48:03.72    0.28   6.838   0.006    0.006  107.2  13.04  14.000  194.67485    2.98   17.09    0.00
17-07-2024 07:48:03.97    0.31   6.847   0.006    0.006  107.2  13.04  14.000  200.25929    0.00   17.09    0.04
17-07-2024 07:48:04.21    0.29   6.851   0.006    0.006  107.1  13.03  14.000  209.84573    7.98   11.91    0.00
17-07-2024 07:48:04.46    0.30   6.842   0.006    0.006  107.2  13.04  14.000  211.98923    7.98 1000.00   12.17
17-07-2024 07:48:04.71    0.31   6.837   0.006    0.006  107.1  13.03  14.000  214.61749    7.98 1000.00   12.17
17-07-2024 07:48:04.95    0.35   6.843   0.006    0.006  107.1  13.03  14.000  217.23024    7.98 1000.00   12.17
17-07-2024 07:48:05.20    0.33   6.837   0.006    0.006  107.1  13.03  14.000  225.20242 1000.00   18.18    8.88
17-07-2024 07:48:05.44    0.33   6.831   0.006    0.006  107.1  13.04  14.000  227.46136 1000.00    5.59    2.57
17-07-2024 07:48:05.69    0.28   6.826   0.006    0.006  107.1  13.04  14.000  230.20882 1000.00   18.30    2.57
17-07-2024 07:48:05.94    0.31   6.822   0.006    0.006  107.2  13.04  14.000  237.90565    0.09    6.32    1.02
17-07-2024 07:48:06.18    0.34   6.825   0.006    0.006  107.2  13.05  14.000  245.86821   11.96    6.32    1.64
17-07-2024 07:48:06.43    0.29   6.832   0.006    0.006  107.2  13.04  14.000  251.67619   13.37    5.84    0.00
17-07-2024 07:48:06.67    0.31   6.842   0.006    0.006  107.2  13.04  14.000  253.78563   13.37    5.84    0.00
17-07-2024 07:48:06.92    0.33   6.848   0.006    0.006  107.2  13.04  14.000  255.61084    1.94    5.84    0.47
17-07-2024 07:48:07.16    0.33   6.854   0.006    0.006  107.2  13.04  14.000  256.33472    8.70    5.84    0.47
17-07-2024 07:48:07.41    0.29   6.865   0.005    0.006  107.2  13.03  14.000  256.29102 1000.00    9.11   10.03
17-07-2024 07:48:07.65    0.33   6.877   0.006    0.006  107.1  13.02  14.000  256.05270    5.03    9.11   10.03
17-07-2024 07:48:07.90    0.28   6.888   0.005    0.006  107.1  13.01  14.000  255.86620    6.57    9.11    2.84
17-07-2024 07:48:08.15    0.32   6.907   0.005    0.006  107.0  13.00  14.000  255.81290    6.57    9.11 1000.00
17-07-2024 07:48:08.39    0.32   6.905   0.005    0.006  107.0  13.00  14.000  254.40660    6.57    9.11 1000.00
17-07-2024 07:48:08.63    0.28   6.896   0.005    0.006  107.1  13.01  14.000  252.76866   12.94    1.50    2.13
17-07-2024 07:48:08.89    0.29   6.893   0.006    0.006  107.2  13.02  14.000  250.52672    0.75    3.92   11.24
17-07-2024 07:48:09.14    0.27   6.889   0.005    0.006  107.2  13.02  14.000  249.04051    0.00    3.92   11.24
17-07-2024 07:48:09.38    0.34   6.886   0.005    0.006  107.2  13.03  14.000  247.64014   11.79    3.92    9.73
17-07-2024 07:48:09.63    0.28   6.880   0.005    0.006  107.2  13.03  14.000  245.35306    1.72    3.92   13.27
17-07-2024 07:48:09.87    0.28   6.875   0.005    0.006  107.2  13.04  14.000  244.71062    0.42   11.14    3.83
17-07-2024 07:48:10.12    0.32   6.875   0.006    0.006  107.2  13.04  14.000  243.70920    0.42   11.14    3.83
17-07-2024 07:48:10.36    0.28   6.872   0.005    0.006  107.3  13.04  14.000  241.74631    0.42    8.05    4.25
17-07-2024 07:48:10.61    0.31   6.872   0.005    0.006  107.3  13.04  14.000  239.56952    0.42    5.49    4.25
17-07-2024 07:48:10.85    0.30   6.877   0.005    0.006  107.3  13.04  14.000  237.49858    1.77   19.56    4.25
17-07-2024 07:48:11.10    0.29   6.884   0.005    0.006  107.2  13.03  14.000  234.67563    7.40   19.56    1.42
17-07-2024 07:48:11.34    0.29   6.888   0.006    0.006  107.2  13.03  14.000  229.18814    5.29    0.24    4.64
17-07-2024 07:48:11.59    0.32   6.897   0.005    0.006  107.2  13.02  14.000  221.92725    5.29    0.24    4.64
17-07-2024 07:48:11.83    0.29   6.902   0.005    0.006  107.2  13.02  14.000  216.07117    5.29    5.42    3.77
17-07-2024 07:48:12.08    0.32   6.896   0.006    0.006  107.2  13.02  14.000  213.70564    3.80    3.72    1.60
17-07-2024 07:48:12.32    0.29   6.896   0.005    0.006  107.2  13.03  14.000  212.99731    0.07    4.81    2.95
17-07-2024 07:48:12.57    0.30   6.901   0.006    0.006  107.2  13.02  14.000  212.71753    0.46    3.31    2.95
17-07-2024 07:48:12.82    0.30   6.909   0.006    0.006  107.1  13.01  14.000  213.31927    3.23    8.40    2.95
17-07-2024 07:48:13.07    0.31   6.904   0.005    0.006  107.2  13.02  14.000  213.13202    3.82    2.12    6.03
17-07-2024 07:48:13.31    0.27   6.911   0.006    0.006  107.1  13.01  14.000  211.52737    3.82    2.12    6.03
17-07-2024 07:48:13.56    0.32   6.936   0.005    0.006  107.0  12.99  14.000  208.02496    8.26    9.55    6.03
17-07-2024 07:48:13.80    0.29   6.952   0.006    0.006  107.0  12.98  14.000  203.36200    2.08    0.41    3.53
17-07-2024 07:48:14.05    0.30   6.967   0.006    0.006  106.9  12.97  14.000  200.08313    2.52    5.45    3.92
17-07-2024 07:48:14.29    0.28   6.979   0.005    0.006  106.9  12.96  14.000  197.06554    5.22    0.03    1.77
17-07-2024 07:48:14.54    0.29   6.973   0.006    0.006  106.9  12.96  14.000  194.04202    3.37    4.93    1.42
17-07-2024 07:48:14.78    0.32   6.978   0.005    0.006  106.9  12.96  14.000  190.78386    4.26    2.37    1.42
17-07-2024 07:48:15.03    0.30   6.984   0.005    0.006  106.9  12.96  14.000  186.65085    4.26    2.37    1.42
17-07-2024 07:48:15.27    0.31   6.989   0.005    0.006  106.9  12.96  14.000  183.78201    2.60    3.43    4.58
17-07-2024 07:48:15.52    0.30   7.004   0.006    0.006  106.9  12.95  14.000  182.36685    1.05    3.76    0.70
17-07-2024 07:48:15.77    0.29   7.002   0.005    0.006  106.9  12.95  14.000  179.62015    2.87    0.47    1.94
17-07-2024 07:48:16.01    0.31   7.015   0.005    0.006  106.8  12.94  14.000  176.93932    7.39    2.87    3.58
17-07-2024 07:48:16.26    0.31   8.369  11.288    9.688  105.2  11.58  14.000  174.65891    4.03    4.57    3.58
17-07-2024 07:48:16.51    0.35   9.832  11.280    9.293  102.3  10.91  14.000  173.13715   14.67    4.57   11.96
17-07-2024 07:48:16.75    0.34  10.146  11.312    9.240  102.0  10.81  14.000  173.71817   14.67    4.57   11.96
17-07-2024 07:48:17.00    0.33  10.362  11.334    9.205  102.0  10.75  14.000  174.58488   15.99    3.25    2.89
17-07-2024 07:48:17.24    0.31  10.472  11.333    9.176  102.2  10.74  14.000  175.32652    3.03    2.39    3.71
17-07-2024 07:48:17.49    0.30  10.510  11.331    9.165  102.5  10.77  14.000  178.09395    5.19    2.39    3.71
17-07-2024 07:48:17.73    0.39  10.523  11.280    9.118  102.8  10.80  14.000  181.40984    5.19   30.16    3.73
17-07-2024 07:48:17.98    0.53  10.510  11.154    9.011  103.1  10.84  14.000  183.65694    3.27    2.06    3.21
17-07-2024 07:48:18.22    0.65  10.491  11.155    9.016  103.3  10.87  14.000  182.50674    2.92    1.84    2.98
17-07-2024 07:48:18.47    0.71  10.502  11.131    8.992  103.5  10.88  14.000  176.25688    2.92    1.84    2.98
17-07-2024 07:48:18.71    0.75  10.493  11.138    9.001  103.5  10.89  14.000  104.93361    2.65    1.95    2.68
17-07-2024 07:48:18.96    0.76  10.550  11.128    8.978  103.4  10.87  14.000   90.37703    2.37    1.65    3.19
17-07-2024 07:48:19.20    0.73  10.555  11.169    9.013  103.5  10.87  14.000  118.86031    2.61    2.41    3.30
17-07-2024 07:48:19.45    0.69  10.515  11.158    9.013  103.5  10.89  14.000  172.49471    2.49    2.67    3.20
17-07-2024 07:48:19.70    0.67  10.511  11.158    9.014  103.5  10.89  14.000  176.54778    2.54    2.40    2.68
17-07-2024 07:48:19.95    0.68  10.526  11.238    9.080  103.5  10.88  14.000  176.72023    2.98    2.83    3.14
17-07-2024 07:48:20.20    0.67  10.532  11.329    9.158  103.5  10.87  14.000  174.55602    2.98    2.83    3.14
17-07-2024 07:48:20.44    0.74  10.556  11.379    9.195  103.5  10.86  14.000  167.06863    2.76    2.42    3.01
17-07-2024 07:48:20.69    0.78  10.599  11.372    9.179  103.4  10.84  14.000   95.24649    2.71    2.62    3.09
17-07-2024 07:48:20.93    0.77  10.627  11.385    9.183  103.3  10.83  14.000   82.96663    2.66    2.18    3.13
17-07-2024 07:48:21.18    0.76  10.639  11.461    9.246  103.3  10.82  14.000   79.26216    2.84    2.38    2.97
17-07-2024 07:48:21.42    0.76  10.627  11.530    9.310  103.3  10.81  14.000  112.41654    2.67    2.10    2.69
17-07-2024 07:48:21.67    0.72  10.608  11.492    9.281  103.2  10.81  14.000  161.06380    3.07    2.81    3.09
17-07-2024 07:48:21.91    0.72  10.598  11.476    9.270  103.1  10.81  14.000  167.44539    3.07    2.81    3.09
17-07-2024 07:48:22.16    0.73  10.627  11.484    9.269  103.0  10.79  14.000  155.00046    2.81    2.11    3.00
17-07-2024 07:48:22.40    0.73  10.623  11.477    9.264  103.1  10.79  14.000  105.75591    2.55    2.64    2.82
17-07-2024 07:48:22.65    0.69  10.602  11.441    9.238  103.1  10.80  14.000  155.13368    2.53    2.23    2.75
17-07-2024 07:48:22.89    0.71  10.582  11.382    9.192  103.1  10.81  14.000  170.15285    2.76    2.26    3.20
17-07-2024 07:48:23.14    0.72  10.560  11.372    9.189  103.1  10.81  14.000  166.93541    2.99    2.35    3.29
17-07-2024 07:48:23.39    0.77  10.564  11.393    9.205  103.0  10.81  14.000  130.29344    2.56    2.64    2.72
17-07-2024 07:48:23.64    0.87  10.584  11.360    9.172  102.9  10.79  14.000   76.94253    2.56    2.64    2.72
17-07-2024 07:48:23.88    0.98  10.573  11.583    9.369  102.8  10.78  14.000   71.77257    2.49    2.24    3.44
17-07-2024 07:48:24.13    1.04  10.650  11.817    9.554  102.7  10.73  14.000   78.17488    2.96    2.01    3.01
17-07-2024 07:48:24.38    1.08  10.677  11.803    9.534  102.6  10.71  14.000   80.42865    3.22    1.68    3.26
17-07-2024 07:48:24.62    1.03  10.673  11.708    9.453  102.6  10.72  14.000   75.40893    2.59    2.11    3.33
17-07-2024 07:48:24.86    1.00  10.612  11.392    9.193  102.7  10.77  14.000   74.11811    2.64    2.24    3.19
17-07-2024 07:48:25.11    0.98  10.571  11.414    9.222  102.8  10.78  14.000   82.35081    2.49    2.29    3.04
17-07-2024 07:48:25.38    0.99  10.542  11.399    9.216  102.7  10.78  14.000   76.28157    2.48    2.29    2.83
17-07-2024 07:48:25.60    1.03  10.530  11.420    9.238  102.7  10.78  14.000   74.00190    2.48    2.29    2.83
17-07-2024 07:48:25.84    1.07  10.537  11.375    9.197  102.6  10.77  14.000   78.59380    2.65    2.36    2.69
17-07-2024 07:48:26.09    1.04  10.541  11.301    9.131  102.5  10.77  14.000   79.80173    2.75    2.67    3.02
17-07-2024 07:48:26.34    1.04  10.529  11.249    9.089  102.5  10.77  14.000   74.87602    2.04    2.97    3.23
17-07-2024 07:48:26.58    1.02  10.530  11.248    9.087  102.5  10.77  14.000   73.68956    2.86    2.50    3.07
17-07-2024 07:48:26.83    1.02  10.540  11.255    9.091  102.4  10.76  14.000   75.40523    2.94    2.18    2.96
17-07-2024 07:48:27.07    1.02  10.570  11.254    9.083  102.3  10.74  14.000   76.93512    2.94    2.18    2.96
17-07-2024 07:48:27.32    1.01  10.659  11.503    9.277  102.1  10.68  14.000   72.77917    2.49    1.72    2.74
17-07-2024 07:48:27.57    1.07  10.641  11.597    9.365  102.2  10.69  14.000   72.82284    2.82    2.08    3.10
17-07-2024 07:48:27.82    1.08  10.628  11.570    9.344  102.3  10.70  14.000   78.37324    2.70    2.01    3.25
17-07-2024 07:48:28.06    1.02  10.613  11.465    9.256  102.3  10.72  14.000   78.45613    2.85    1.78    3.01
17-07-2024 07:48:28.31    1.00  10.603  11.452    9.248  102.2  10.71  14.000   73.37425    2.52    2.66    3.10
17-07-2024 07:48:28.55    1.00  10.575  11.462    9.263  102.3  10.72  14.000   72.70959    2.47    2.51    3.27
17-07-2024 07:48:28.80    1.01  10.573  11.418    9.226  102.2  10.72  14.000   78.95204    2.47    2.51    3.27
17-07-2024 07:48:29.04    1.01  10.561  11.346    9.165  102.2  10.73  14.000   74.57330    3.02    1.46    3.08
17-07-2024 07:48:29.29    1.07  10.574  11.378    9.190  102.2  10.72  14.000   73.61554    2.59    2.12    2.98
17-07-2024 07:48:29.53    1.07  10.567  11.349    9.166  102.1  10.72  14.000   73.80354    2.45    2.30    3.06
17-07-2024 07:48:29.78    1.10  10.552  11.304    9.131  102.2  10.73  14.000   71.11975    2.37    2.20    2.76
17-07-2024 07:48:30.02    1.05  10.552  11.323    9.148  102.1  10.72  14.000   80.39090    3.01    2.27    2.94
17-07-2024 07:48:30.27    0.99  10.550  11.327    9.152  102.1  10.72  14.000   84.63789    2.69    1.88    3.29
17-07-2024 07:48:30.51    0.94  10.546  11.324    9.150  102.1  10.72  14.000   79.54491    2.69    1.88    3.29
17-07-2024 07:48:30.76    0.96  10.539  11.299    9.130  102.1  10.72  14.000   77.75447    2.94    1.92    2.75
17-07-2024 07:48:31.02    1.03  10.588  11.578    9.361  102.0  10.69  14.000   73.11076    2.65    2.45    2.74
17-07-2024 07:48:31.26    1.09  10.600  11.377    9.183  101.9  10.69  14.000   70.32853    2.93    2.29    2.90
17-07-2024 07:48:31.51    1.11  10.552  11.350    9.171  102.0  10.70  14.000   72.14930    2.80    1.85    2.69
17-07-2024 07:48:31.75    1.07  10.536  11.239    9.078  101.9  10.71  14.000   73.52377    2.97    1.72    2.61
17-07-2024 07:48:32.00    1.02  10.538  11.206    9.049  101.9  10.71  14.000   77.10240    2.92    2.01    3.05
17-07-2024 07:48:32.24    0.96  10.561  11.214    9.050  101.8  10.70  14.000   75.71387    2.92    2.01    3.05
17-07-2024 07:48:32.49    0.90  10.554  11.270    9.101  101.9  10.70  14.000   82.57286    2.77    2.50    3.01
17-07-2024 07:48:32.73    0.98  10.545  11.303    9.132  101.9  10.70  14.000   74.18398    3.22    2.15    3.01
17-07-2024 07:48:32.98    1.07  10.534  11.281    9.116  102.0  10.71  14.000   76.40221    2.19    1.64    2.68
17-07-2024 07:48:33.22    1.08  10.519  11.195    9.045  102.0  10.72  14.000   78.76478    3.18    1.83    2.89
17-07-2024 07:48:33.47    1.09  10.518  11.200    9.049  102.0  10.72  14.000   80.58852    2.77    2.04    3.24
17-07-2024 07:48:33.71    1.07  10.526  11.237    9.079  102.0  10.72  14.000   79.36800    2.75    1.99    3.52
17-07-2024 07:48:33.96    1.04  10.529  11.245    9.085  101.9  10.71  14.000   78.73888    2.75    1.99    3.52
17-07-2024 07:48:34.20    0.97  10.530  11.241    9.081  102.0  10.71  14.000   81.40639    3.19    2.58    2.72
17-07-2024 07:48:34.45    0.98  10.517  11.259    9.101  102.0  10.72  14.000   77.06391    2.80    1.75    3.11
17-07-2024 07:48:34.70    1.01  10.508  11.243    9.089  102.0  10.73  14.000   74.91747    2.80    2.35    3.06
17-07-2024 07:48:34.95    1.07  10.510  11.205    9.055  102.0  10.73  14.000   81.75056    2.95    2.04    3.17
17-07-2024 07:48:35.19    1.09  10.512  11.174    9.028  102.0  10.73  14.000   84.10497    2.87    2.23    2.88
17-07-2024 07:48:35.44    1.09  10.508  11.177    9.031  102.0  10.72  14.000   80.79354    3.09    2.35    2.90
17-07-2024 07:48:35.68    1.06  10.505  11.163    9.020  102.0  10.73  14.000   81.55589    3.09    2.35    2.90
17-07-2024 07:48:35.93    1.00  10.499  11.158    9.017  102.0  10.73  14.000   81.62769    2.71    2.42    2.86
17-07-2024 07:48:36.17    0.99  10.498  11.160    9.019  102.0  10.73  14.000   78.13861    2.59    2.10    3.18
17-07-2024 07:48:36.42    0.98  10.483  11.169    9.030  102.0  10.74  14.000   80.03192    2.57    1.68    2.90
17-07-2024 07:48:36.66    1.02  10.482  11.165    9.027  102.0  10.74  14.000   86.53564    2.97    1.95    2.89
17-07-2024 07:48:36.91    1.06  10.481  11.152    9.016  102.0  10.73  14.000   83.09171    3.08    2.48    2.80
17-07-2024 07:48:37.15    1.07  10.476  11.148    9.014  102.0  10.73  14.000   77.69378    3.14    1.83    2.76
17-07-2024 07:48:37.40    1.07  10.474  11.131    9.000  102.0  10.73  14.000   79.01791    3.14    1.83    2.76
17-07-2024 07:48:37.64    1.07  10.476  11.142    9.009  101.9  10.73  14.000   85.52163    2.77    2.26    3.28
17-07-2024 07:48:37.89    1.02  10.483  11.135    9.001  101.9  10.73  14.000   89.34007    3.11    2.02    2.82
17-07-2024 07:48:38.14    0.97  10.480  11.136    9.002  101.9  10.73  14.000   87.81684    2.96    2.41    3.28
17-07-2024 07:48:38.39    0.96  10.476  11.122    8.991  101.9  10.73  14.000   83.57355    3.09    2.15    2.74
17-07-2024 07:48:38.63    0.96  10.466  11.023    8.907  101.9  10.74  14.000   77.17715    2.72    1.87    2.71
17-07-2024 07:48:38.88    1.06  10.439  10.930    8.833  101.9  10.75  14.000   68.44410    2.75    2.39    2.94
17-07-2024 07:48:39.13    1.09  10.442  10.985    8.880  101.9  10.74  14.000   77.67528    2.75    2.39    2.94
17-07-2024 07:48:39.37    1.16  10.429  10.966    8.866  101.9  10.75  14.000   80.85201    2.98    2.53    3.01
17-07-2024 07:48:39.62    1.10  10.430  10.960    8.861  101.9  10.74  14.000   80.01860    2.84    1.94    2.94
17-07-2024 07:48:39.86    1.03  10.434  10.999    8.894  101.8  10.74  14.000   77.00173    2.99    2.08    3.08
17-07-2024 07:48:40.11    0.96  10.443  11.012    8.904  101.8  10.73  14.000   71.36992    2.37    1.79    2.81
17-07-2024 07:48:40.35    0.92  10.451  11.025    8.913  101.8  10.73  14.000   70.51653    2.93    2.31    3.15
17-07-2024 07:48:40.60    0.96  10.459  11.044    8.928  101.8  10.73  14.000   70.42844    2.67    2.01    3.09
17-07-2024 07:48:40.84    1.01  10.452  11.026    8.913  101.8  10.73  14.000   70.95026    2.67    2.01    3.09
17-07-2024 07:48:41.09    1.07  10.436  11.027    8.918  101.9  10.74  14.000   73.51711    2.64    2.60    2.97
17-07-2024 07:48:41.33    1.08  10.419  10.996    8.895  101.9  10.75  14.000   70.61422    3.02    2.02    2.89
17-07-2024 07:48:41.58    1.10  10.420  10.972    8.873  101.9  10.75  14.000   67.32721    3.16    2.38    2.91
17-07-2024 07:48:41.82    1.07  10.435  11.009    8.902  101.9  10.75  14.000   65.89057    2.77    2.31    2.59
17-07-2024 07:48:42.08    1.07  10.443  11.021    8.911  101.9  10.74  14.000   66.07561    2.59    1.64    2.86
17-07-2024 07:48:42.32    1.04  10.439  11.021    8.912  101.9  10.75  14.000   66.88534    2.68    2.07    2.62
17-07-2024 07:48:42.57    1.05  10.447  11.016    8.906  102.0  10.75  14.000   68.26424    2.68    2.07    2.62
17-07-2024 07:48:42.82    1.00  10.430  11.013    8.907  102.0  10.76  14.000   70.83997    2.87    2.39    3.07
17-07-2024 07:48:43.06    0.97  10.421  11.010    8.907  102.1  10.76  14.000   72.30251    3.15    2.46    3.11
17-07-2024 07:48:43.31    0.96  10.419  10.987    8.887  102.1  10.77  14.000   69.52472    3.12    2.08    3.02
17-07-2024 07:48:43.55    0.98  10.406  10.835    8.758  102.1  10.78  14.000   64.82179    2.79    2.06    2.76
17-07-2024 07:48:43.79    1.05  10.380  10.766    8.704  102.1  10.79  14.000   62.27641    2.52    1.99    3.31
17-07-2024 07:48:44.04    1.10  10.351  10.740    8.688  102.2  10.81  14.000   64.88322    3.02    2.44    3.26
17-07-2024 07:48:44.28    1.08  10.333  10.731    8.685  102.2  10.81  14.000   67.82681    3.02    2.44    3.26
17-07-2024 07:48:44.53    1.11  10.334  10.751    8.702  102.1  10.80  14.000   69.03474    3.20    2.62    3.03
17-07-2024 07:48:44.77    1.04  10.339  10.723    8.676  102.1  10.80  14.000   67.59145    2.89    2.52    2.77
17-07-2024 07:48:45.02    0.96  10.352  10.732    8.680  102.0  10.79  14.000   67.84013    2.67    2.04    2.62
17-07-2024 07:48:45.27    0.93  10.365  10.720    8.667  102.0  10.79  14.000   61.41636    2.93    2.23    3.12
17-07-2024 07:48:45.51    0.98  10.370  10.754    8.696  102.0  10.78  14.000   60.92119    2.92    1.92    3.10
17-07-2024 07:48:45.76    1.03  10.375  10.769    8.708  102.0  10.78  14.000   61.82048    2.47    2.40    2.98
17-07-2024 07:48:46.01    1.07  10.364  10.764    8.705  102.0  10.78  14.000   68.66837    2.47    2.40    2.98
17-07-2024 07:48:46.26    1.07  10.345  10.768    8.714  102.0  10.79  14.000   67.84161    3.02    1.65    3.20
17-07-2024 07:48:46.50    1.07  10.348  10.768    8.713  102.0  10.79  14.000   63.38516    2.76    1.71    3.04
17-07-2024 07:48:46.75    1.01  10.355  10.765    8.709  102.0  10.79  14.000   62.26383    2.98    1.73    3.00
17-07-2024 07:48:46.99    0.96  10.359  10.755    8.699  102.0  10.78  14.000   64.37326    2.92    2.00    2.64
17-07-2024 07:48:47.24    1.00  10.361  10.740    8.685  102.0  10.78  14.000   61.67688    2.46    2.47    2.74
17-07-2024 07:48:47.48    1.04  10.361  10.726    8.673  102.0  10.79  14.000   62.94995    2.56    2.73    3.12
17-07-2024 07:48:47.73    1.06  10.349  10.724    8.674  102.0  10.79  14.000   58.17893    2.56    2.73    3.12
17-07-2024 07:48:47.97    1.06  10.341  10.725    8.677  102.0  10.80  14.000   63.38590    2.68    2.22    2.87
17-07-2024 07:48:48.22    1.04  10.334  10.719    8.674  102.0  10.80  14.000   62.04992    2.82    2.40    3.15
17-07-2024 07:48:48.46    1.00  10.334  10.706    8.662  102.1  10.80  14.000   61.03592    2.68    2.49    3.16
17-07-2024 07:48:48.71    1.00  10.336  10.701    8.657  102.0  10.80  14.000   62.57543    2.97    2.89    2.56
17-07-2024 07:48:48.95    0.98  10.345  10.712    8.665  102.0  10.79  14.000   62.15650    2.58    1.60    2.77
17-07-2024 07:48:49.20    1.02  10.349  10.746    8.694  102.0  10.79  14.000   62.76269    2.58    1.60    2.77
17-07-2024 07:48:49.45    1.04  10.357  10.775    8.717  102.1  10.79  14.000   62.43850    2.85    1.91    3.18
17-07-2024 07:48:49.70    1.07  10.360  10.782    8.722  102.1  10.79  14.000   60.93081    3.13    2.38    3.28
17-07-2024 07:48:49.95    1.07  10.365  10.764    8.705  102.0  10.79  14.000   62.95883    2.91    2.28    2.95
17-07-2024 07:48:50.19    1.06  10.366  10.774    8.715  102.0  10.79  14.000   63.61090    2.49    2.14    3.17
17-07-2024 07:48:50.43    1.04  10.363  10.774    8.715  102.0  10.79  14.000   63.83813    2.75    2.06    2.62
17-07-2024 07:48:50.68    1.02  10.364  10.777    8.717  102.0  10.79  14.000   62.34080    2.81    2.40    3.35
17-07-2024 07:48:50.92    0.98  10.359  10.766    8.709  102.0  10.79  14.000   66.31246    2.81    2.40    3.35
17-07-2024 07:48:51.17    0.97  10.341  10.746    8.695  102.1  10.80  14.000   70.53355    2.46    1.29    3.80
17-07-2024 07:48:51.41    0.99  10.322  10.726    8.682  102.1  10.81  14.000   70.87920    2.74    2.94    2.87
17-07-2024 07:48:51.66    1.01  10.308  10.647    8.617  102.1  10.82  14.000   68.74534    2.26    3.25    2.92
17-07-2024 07:48:51.90    1.04  10.305  10.620    8.594  102.2  10.82  14.000   68.19244    2.79    1.96    2.64
17-07-2024 07:48:52.15    1.10  10.307  10.610    8.585  102.1  10.82  14.000   67.66176    2.78    2.37    3.37
17-07-2024 07:48:52.39    1.10  10.304  10.614    8.589  102.1  10.82  14.000   67.84605    2.82    1.37    3.32
17-07-2024 07:48:52.64    1.07  10.303  10.626    8.600  102.1  10.82  14.000   68.60915    2.82    1.37    3.32
17-07-2024 07:48:52.89    1.02  10.311  10.636    8.607  102.1  10.81  14.000   71.51573    2.60    1.27    3.26
17-07-2024 07:48:53.15    0.98  10.330  10.643    8.608  102.0  10.80  14.000   68.73276    2.70    2.23    2.95
17-07-2024 07:48:53.38    0.95  10.338  10.647    8.610  102.0  10.80  14.000   70.48174    2.36    2.04    3.76
17-07-2024 07:48:53.63    0.98  10.330  10.655    8.619  102.1  10.81  14.000   68.82453    2.67    3.68    2.73
17-07-2024 07:48:53.88    1.04  10.313  10.569    8.548  102.1  10.82  14.000   72.29955    2.50    1.62    2.56
17-07-2024 07:48:54.12    1.04  10.290  10.533    8.522  102.2  10.83  14.000   74.16251    2.84    2.85    2.79
17-07-2024 07:48:54.37    1.06  10.284  10.534    8.524  102.2  10.83  14.000   74.40455    2.84    2.85    2.79
17-07-2024 07:48:54.61    1.04  10.297  10.574    8.556  102.1  10.83  14.000   72.85392    2.01    2.00    2.90
17-07-2024 07:48:54.86    1.02  10.320  10.610    8.582  102.1  10.82  14.000   70.70082    2.69    2.56    3.09
17-07-2024 07:48:55.10    1.01  10.331  10.602    8.572  102.1  10.81  14.000   64.06165    2.75    1.94    3.26
17-07-2024 07:48:55.35    1.04  10.332  10.632    8.599  102.1  10.81  14.000   68.88301    3.19    0.89    3.38
17-07-2024 07:48:55.59    1.05  10.314  10.625    8.596  102.2  10.83  14.000   72.20259    2.43    2.40    3.09
17-07-2024 07:48:55.84    1.05  10.299  10.608    8.585  102.3  10.84  14.000   70.94582    3.22    2.02    3.62
17-07-2024 07:48:56.08    1.04  10.290  10.570    8.554  102.3  10.85  14.000   72.61115    3.22    2.02    3.62
17-07-2024 07:48:56.33    1.01  10.285  10.577    8.562  102.3  10.85  14.000   72.90796    3.05    2.41    3.14
17-07-2024 07:48:56.57    1.01  10.301  10.615    8.591  102.3  10.84  14.000   74.44674    2.82    2.36    2.96
17-07-2024 07:48:56.83    1.01  10.301  10.615    8.591  102.3  10.84  14.000   68.97552    2.77    2.33    3.26
17-07-2024 07:48:57.07    1.09  10.292  10.564    8.548  102.3  10.85  14.000   69.75861    2.55    2.32    2.72
17-07-2024 07:48:57.32    1.07  10.282  10.525    8.516  102.4  10.86  14.000   75.48147    2.72    2.38    3.09
17-07-2024 07:48:57.57    1.06  10.275  10.533    8.526  102.4  10.86  14.000   78.27258    2.77    3.02    2.85
17-07-2024 07:48:57.81    1.04  10.272  10.514    8.510  102.4  10.86  14.000   73.45123    2.77    3.02    2.85
17-07-2024 07:48:58.06    0.99  10.285  10.568    8.554  102.4  10.86  14.000   72.63928    2.58    2.51    3.15
17-07-2024 07:48:58.30    0.95  10.301  10.555    8.538  102.4  10.85  14.000   71.46836    2.83    2.48    3.05
17-07-2024 07:48:58.55    0.96  10.313  10.578    8.555  102.3  10.84  14.000   72.92350    2.60    2.36    2.97
17-07-2024 07:48:58.79    1.06  10.281  10.513    8.507  102.4  10.87  14.000   77.21268    2.86    1.74    2.36
17-07-2024 07:48:59.04    1.10  10.260  10.475    8.479  102.5  10.88  14.000   73.98636    2.69    1.89    2.98
17-07-2024 07:48:59.28    1.10  10.250  10.453    8.462  102.5  10.88  14.000   73.60222    2.62    2.28    3.01
17-07-2024 07:48:59.53    1.08  10.244  10.448    8.458  102.5  10.88  14.000   78.49981    2.62    2.28    3.01
17-07-2024 07:48:59.77    1.06  10.241  10.417    8.431  102.5  10.88  14.000   79.61226    3.05    2.10    2.83
17-07-2024 07:49:00.02    0.99  10.255  10.448    8.456  102.4  10.88  14.000   75.22981    2.50    2.35    3.10
17-07-2024 07:49:00.26    0.93  10.268  10.468    8.470  102.4  10.87  14.000   78.95648    2.85    1.84    2.96
17-07-2024 07:49:00.52    0.95  10.281  10.522    8.514  102.4  10.86  14.000   77.23637    2.91    1.96    2.87
17-07-2024 07:49:00.76    1.01  10.257  10.514    8.513  102.5  10.88  14.000   73.99672    2.83    2.33    3.56
17-07-2024 07:49:01.01    1.07  10.254  10.448    8.456  102.5  10.88  14.000   76.16093    1.60    2.04    3.31
17-07-2024 07:49:01.25    1.07  10.230  10.380    8.402  102.6  10.90  14.000   72.99381    1.60    2.04    3.31
17-07-2024 07:49:01.50    1.10  10.229  10.388    8.409  102.6  10.90  14.000   70.46027    2.88    1.96    2.77
17-07-2024 07:49:01.74    1.08  10.230  10.382    8.404  102.6  10.90  14.000   74.74353    2.69    2.44    1.89
17-07-2024 07:49:01.99    1.04  10.234  10.411    8.428  102.6  10.90  14.000   74.99593    3.26    1.69    2.75
17-07-2024 07:49:02.23    1.00  10.243  10.426    8.439  102.5  10.89  14.000   77.11572    2.97    2.46    2.64
17-07-2024 07:49:02.48    0.95  10.251  10.423    8.435  102.6  10.89  14.000   79.39021    2.69    1.95    3.12
17-07-2024 07:49:02.72    0.97  10.248  10.438    8.449  102.6  10.90  14.000   74.79682    2.97    2.99    2.66
17-07-2024 07:49:02.97    0.99  10.243  10.438    8.450  102.6  10.90  14.000   76.27935    2.97    2.99    2.66
17-07-2024 07:49:03.21    1.05  10.239  10.413    8.428  102.7  10.90  14.000   74.34682    2.70    1.19    3.69
17-07-2024 07:49:03.46    1.09  10.240  10.443    8.455  102.7  10.90  14.000   73.49638    2.71    1.82    2.83
17-07-2024 07:49:03.71    1.08  10.245  10.443    8.453  102.6  10.90  14.000   70.30262    3.03    2.03    2.71
17-07-2024 07:49:03.95    1.11  10.248  10.444    8.454  102.7  10.90  14.000   72.42020    2.86    2.16    3.00
17-07-2024 07:49:04.21    1.03  10.247  10.440    8.451  102.7  10.91  14.000   73.48083    2.92    1.92    3.18
17-07-2024 07:49:04.45    0.98  10.242  10.432    8.445  102.7  10.91  14.000   69.75047    2.87    2.47    2.80
17-07-2024 07:49:04.69    0.98  10.229  10.429    8.445  102.8  10.92  14.000   72.58525    2.87    2.47    2.80
17-07-2024 07:49:04.94    1.00  10.213  10.385    8.411  102.8  10.93  14.000   70.65197    3.12    1.38    3.05
17-07-2024 07:49:05.19    1.05  10.208  10.333    8.366  102.8  10.93  14.000   70.95914    3.00    1.76    2.78
17-07-2024 07:49:05.43    1.05  10.210  10.326    8.359  102.8  10.93  14.000   73.72804    2.53    2.50    2.41
17-07-2024 07:49:05.68    1.06  10.208  10.327    8.361  102.8  10.93  14.000   74.82939    2.01    3.27    2.90
17-07-2024 07:49:05.92    1.06  10.209  10.325    8.359  102.8  10.93  14.000   69.34116    2.72    2.26    2.81
17-07-2024 07:49:06.17    1.02  10.206  10.317    8.353  102.8  10.93  14.000   72.02718    2.86    2.63    3.06
17-07-2024 07:49:06.41    1.00  10.205  10.317    8.353  102.8  10.93  14.000   70.21010    2.86    2.63    3.06
17-07-2024 07:49:06.66    1.00  10.205  10.318    8.354  102.8  10.93  14.000   67.12663    2.62    1.29    3.11
17-07-2024 07:49:06.90    0.99  10.203  10.310    8.347  102.8  10.94  14.000   65.02756    3.19    1.63    2.71
17-07-2024 07:49:07.15    1.05  10.201  10.307    8.345  102.8  10.94  14.000   65.43094    2.78    1.45    3.26
17-07-2024 07:49:07.39    1.05  10.199  10.302    8.341  102.8  10.94  14.000   64.99351    3.03    2.45    3.08
17-07-2024 07:49:07.64    1.04  10.199  10.301    8.340  102.8  10.94  14.000   66.99858    3.04    2.40    3.04
17-07-2024 07:49:07.89    1.04  10.197  10.302    8.341  102.8  10.94  14.000   69.78896    3.14    2.26    3.44
17-07-2024 07:49:08.13    1.03  10.200  10.301    8.340  102.8  10.94  14.000   67.32795    3.14    2.26    3.44
17-07-2024 07:49:08.38    1.00  10.200  10.304    8.342  102.8  10.93  14.000   64.55238    1.32    2.35    2.81
17-07-2024 07:49:08.63    1.01  10.200  10.304    8.342  102.7  10.93  14.000   64.05499    2.50    2.04    2.83
17-07-2024 07:49:08.87    1.03  10.203  10.322    8.357  102.7  10.92  14.000   65.97939    2.84    2.49    3.30
17-07-2024 07:49:09.12    1.06  10.215  10.350    8.379  102.7  10.92  14.000   61.75608    2.56    2.38    3.19
17-07-2024 07:49:09.36    1.09  10.227  10.464    8.477  102.6  10.90  14.000   65.35027    2.77    2.38    2.69
17-07-2024 07:49:09.61    1.07  10.242  10.465    8.474  102.6  10.90  14.000   66.91865    3.01    1.97    2.99
17-07-2024 07:49:09.85    1.06  10.251  10.347    8.369  102.6  10.90  14.000   67.01560    3.01    1.97    2.99
17-07-2024 07:49:10.10    1.00  10.233  10.329    8.357  102.7  10.91  14.000   64.88766    2.81    1.99    2.92
17-07-2024 07:49:10.34    0.97  10.241  10.357    8.379  102.6  10.90  14.000   68.58472    2.69    2.02    3.48
17-07-2024 07:49:10.59    0.97  10.251  10.361    8.381  102.6  10.90  14.000   73.60963    1.38    2.58    2.74
17-07-2024 07:49:10.83    1.02  10.238  10.427    8.441  102.6  10.89  14.000   66.29248    2.73    2.12    2.67
17-07-2024 07:49:11.08    1.04  10.223  10.335    8.364  102.6  10.91  14.000   67.18140    2.78    2.66    2.84
17-07-2024 07:49:11.32    1.08  10.201  10.289    8.329  102.6  10.91  14.000   69.37965    2.74    1.96    3.10
17-07-2024 07:49:11.57    1.09  10.190  10.283    8.327  102.6  10.92  14.000   67.42861    2.74    1.96    3.10
17-07-2024 07:49:11.82    1.04  10.190  10.282    8.325  102.6  10.91  14.000   62.41112    3.00    1.85    3.00
17-07-2024 07:49:12.07    1.02  10.207  10.311    8.347  102.5  10.90  14.000   63.96469    1.85    3.98    3.13
17-07-2024 07:49:12.31    1.01  10.216  10.309    8.343  102.5  10.90  14.000   71.13307    2.78    1.95    2.67
17-07-2024 07:49:12.56    0.97  10.217  10.314    8.347  102.5  10.90  14.000   71.44911    2.89    2.42    3.46
17-07-2024 07:49:12.80    0.96  10.215  10.318    8.352  102.5  10.90  14.000   68.13915    1.01    2.93    2.59
17-07-2024 07:49:13.05    0.99  10.193  10.274    8.318  102.5  10.91  14.000   69.67941    2.80    1.67    3.30
17-07-2024 07:49:13.29    0.98  10.182  10.237    8.289  102.6  10.92  14.000   68.37971    2.80    1.67    3.30
17-07-2024 07:49:13.54    1.05  10.177  10.234    8.286  102.6  10.92  14.000   65.58119    2.78    2.14    3.25
17-07-2024 07:49:13.78    1.10  10.179  10.245    8.296  102.6  10.92  14.000   63.64569    2.90    1.85    2.91
17-07-2024 07:49:14.03    1.10  10.181  10.246    8.297  102.6  10.93  14.000   62.55101    2.71    2.24    3.52
17-07-2024 07:49:14.28    1.07  10.182  10.241    8.292  102.7  10.93  14.000   60.53483    1.35    2.69    2.79
17-07-2024 07:49:14.52    1.05  10.183  10.242    8.293  102.7  10.93  14.000   60.96116    2.81    2.03    3.12
17-07-2024 07:49:14.76    1.01  10.182  10.242    8.293  102.7  10.93  14.000   67.37013    2.70    2.49    3.11
17-07-2024 07:49:15.02    0.96  10.181  10.242    8.293  102.7  10.94  14.000   71.35068    2.70    2.49    3.11
17-07-2024 07:49:15.26    0.92  10.175  10.239    8.292  102.8  10.94  14.000   68.35750    2.90    2.09    2.72
17-07-2024 07:49:15.51    0.98  10.170  10.220    8.276  102.8  10.95  14.000   66.47160    2.66    1.78    2.96
17-07-2024 07:49:15.76    0.98  10.167  10.211    8.269  102.8  10.95  14.000   66.98230    2.83    2.39    3.17
17-07-2024 07:49:16.00    1.06  10.170  10.228    8.283  102.8  10.95  14.000   65.39467    2.43    1.81    2.97
17-07-2024 07:49:16.25    1.13  10.173  10.220    8.276  102.8  10.95  14.000   58.96275    2.99    2.31    2.78
17-07-2024 07:49:16.49    1.15  10.182  10.235    8.287  102.8  10.94  14.000   59.40758    2.31    1.80    3.61
17-07-2024 07:49:16.74    1.11  10.181  10.245    8.295  102.8  10.95  14.000   63.90696    2.31    1.80    3.61
17-07-2024 07:49:16.98    1.07  10.178  10.240    8.292  102.9  10.95  14.000   68.43522    2.91    1.96    2.79
17-07-2024 07:49:17.23    0.98  10.174  10.230    8.284  102.9  10.95  14.000   70.66900    2.90    2.36    3.02
17-07-2024 07:49:17.47    0.95  10.174  10.231    8.285  102.9  10.96  14.000   70.55724    2.93    2.36    3.08
17-07-2024 07:49:17.72    0.94  10.171  10.226    8.282  102.9  10.96  14.000   68.13841    3.17    1.79    3.28
17-07-2024 07:49:17.96    0.97  10.192  10.346    8.381  102.8  10.94  14.000   68.26646    2.59    2.41    3.20
17-07-2024 07:49:18.21    1.06  10.207  10.358    8.388  102.8  10.94  14.000   71.45282    3.00    2.76    3.00
17-07-2024 07:49:18.45    1.09  10.198  10.344    8.378  102.9  10.94  14.000   68.02295    3.00    2.76    3.00
17-07-2024 07:49:18.70    1.12  10.218  10.345    8.375  102.9  10.94  14.000   70.38329    2.80    2.09    2.89
17-07-2024 07:49:18.95    1.08  10.217  10.276    8.315  102.9  10.94  14.000   67.55518    2.70    2.46    2.87
17-07-2024 07:49:19.19    1.05  10.191  10.251    8.299  103.0  10.96  14.000   68.59435    3.05    1.78    3.06
17-07-2024 07:49:19.44    1.02  10.181  10.254    8.303  103.0  10.97  14.000   69.29083    2.75    2.60    2.83
17-07-2024 07:49:19.69    0.97  10.179  10.255    8.305  103.0  10.97  14.000   75.22907    2.70    2.26    3.51
17-07-2024 07:49:19.93    1.00  10.185  10.267    8.314  103.0  10.97  14.000   77.09130    2.99    2.26    3.51
17-07-2024 07:49:20.18    0.99  10.189  10.277    8.321  103.0  10.96  14.000   70.76892    2.99    2.26    3.51
17-07-2024 07:49:20.42    1.02  10.186  10.269    8.315  103.0  10.97  14.000   67.15623    2.63    2.05    3.10
17-07-2024 07:49:20.67    1.01  10.181  10.262    8.311  103.1  10.97  14.000   66.68328    2.50    2.38    3.03
17-07-2024 07:49:20.91    1.05  10.176  10.260    8.310  103.1  10.97  14.000   66.74249    2.76    1.44    2.82
17-07-2024 07:49:21.16    1.04  10.175  10.255    8.305  103.1  10.98  14.000   67.51891    2.95    0.45    3.74
17-07-2024 07:49:21.40    1.05  10.176  10.251    8.302  103.1  10.98  14.000   66.05563    2.91    1.90    2.84
17-07-2024 07:49:21.65    1.05  10.176  10.244    8.296  103.2  10.98  14.000   65.75142    2.67    2.03    2.97
17-07-2024 07:49:21.89    1.02  10.175  10.234    8.287  103.2  10.99  14.000   66.80910    2.67    2.03    2.97
17-07-2024 07:49:22.14    0.97  10.177  10.232    8.285  103.2  10.99  14.000   68.32271    2.89    1.60    2.86
17-07-2024 07:49:22.38    0.99  10.188  10.242    8.291  103.2  10.98  14.000   67.43231    2.83    1.82    2.67
17-07-2024 07:49:22.64    0.98  10.198  10.260    8.305  103.2  10.98  14.000   68.45150    2.69    1.79    2.75
17-07-2024 07:49:22.88    1.00  10.210  10.312    8.347  103.2  10.98  14.000   68.41893    2.89    2.63    2.77
17-07-2024 07:49:23.13    1.02  10.226  10.376    8.400  103.2  10.96  14.000   66.66551    3.26    2.25    3.12
17-07-2024 07:49:23.38    1.06  10.236  10.394    8.413  103.1  10.96  14.000   64.50648    2.36    2.40    3.06
17-07-2024 07:49:23.62    1.08  10.240  10.393    8.411  103.1  10.96  14.000   63.83369    2.36    2.40    3.06
17-07-2024 07:49:23.87    1.04  10.247  10.433    8.444  103.1  10.95  14.000   67.48930    3.14    2.18    2.84
17-07-2024 07:49:24.11    1.02  10.252  10.459    8.466  103.1  10.95  14.000   68.13323    2.52    2.35    3.01
17-07-2024 07:49:24.36    1.02  10.253  10.459    8.466  103.1  10.95  14.000   67.67952    3.18    2.71    2.80
17-07-2024 07:49:24.60    0.98  10.251  10.459    8.466  103.1  10.95  14.000   73.02416    2.74    2.14    2.85
17-07-2024 07:49:24.85    0.96  10.249  10.453    8.462  103.1  10.95  14.000   72.84948    2.69    2.24    2.92
17-07-2024 07:49:25.09    1.00  10.246  10.467    8.474  103.1  10.95  14.000   63.70120    2.74    2.12    3.27
17-07-2024 07:49:25.34    1.07  10.258  10.531    8.527  103.1  10.94  14.000   69.30341    2.74    2.12    3.27
17-07-2024 07:49:25.58    1.08  10.270  10.549    8.541  103.0  10.93  14.000   66.05341    2.40    2.42    2.85
17-07-2024 07:49:25.83    1.09  10.276  10.549    8.539  103.0  10.93  14.000   63.85664    2.73    2.51    3.16
17-07-2024 07:49:26.08    1.08  10.279  10.561    8.549  103.0  10.92  14.000   68.12139    2.60    2.49    2.49
17-07-2024 07:49:26.33    1.01  10.261  10.517    8.514  103.0  10.93  14.000   72.36320    2.46    1.48    3.33
17-07-2024 07:49:26.57    0.97  10.250  10.520    8.520  103.0  10.93  14.000   73.17442    2.83    2.71    3.11
17-07-2024 07:49:26.82    0.95  10.245  10.520    8.521  103.0  10.93  14.000   70.64975    3.09    2.26    3.48
17-07-2024 07:49:27.07    0.96  10.238  10.454    8.465  103.0  10.94  14.000   71.04573    3.09    2.26    3.48
17-07-2024 07:49:27.31    0.96  10.249  10.503    8.505  102.9  10.93  14.000   74.85455    1.25    2.96    2.77
17-07-2024 07:49:27.56    1.05  10.254  10.488    8.491  102.9  10.93  14.000   70.54465    2.32    2.13    2.62
17-07-2024 07:49:27.80    1.10  10.247  10.480    8.486  102.9  10.93  14.000   67.47746    2.86    2.07    2.61
17-07-2024 07:49:28.05    1.09  10.244  10.473    8.480  102.9  10.93  14.000   68.28349    2.81    1.84    2.84
17-07-2024 07:49:28.29    1.04  10.246  10.469    8.476  102.9  10.92  14.000   70.88068    2.67    2.59    2.96
17-07-2024 07:49:28.54    1.03  10.249  10.478    8.484  102.9  10.92  14.000   70.40772    2.72    1.91    2.73
17-07-2024 07:49:28.78    0.96  10.248  10.478    8.484  102.9  10.92  14.000   70.58684    2.72    1.91    2.73
17-07-2024 07:49:29.03    0.95  10.244  10.461    8.469  102.9  10.92  14.000   66.76839    2.72    1.91    2.14
17-07-2024 07:49:29.27    0.98  10.229  10.402    8.422  102.9  10.93  14.000   73.27951    3.44    1.95    2.98
17-07-2024 07:49:29.52    1.02  10.212  10.354    8.383  102.9  10.94  14.000   71.82067    3.02    2.34    2.90
17-07-2024 07:49:29.76    1.08  10.206  10.350    8.382  102.9  10.94  14.000   70.43288    2.91    1.66    2.84
17-07-2024 07:49:30.01    1.07  10.204  10.344    8.377  102.9  10.94  14.000   71.31737    3.11    2.18    3.00
17-07-2024 07:49:30.26    1.06  10.200  10.332    8.367  102.9  10.94  14.000   71.09754    2.74    2.22    2.82
17-07-2024 07:49:30.55    1.03  10.201  10.318    8.355  102.9  10.94  14.000   69.65054    2.76    2.31    3.15
17-07-2024 07:49:30.75    1.00  10.199  10.306    8.345  102.9  10.95  14.000   69.79488    2.76    2.31    3.15
17-07-2024 07:49:31.00    0.96  10.192  10.319    8.358  102.9  10.95  14.000   71.96722    2.55    2.14    2.92
17-07-2024 07:49:31.24    0.99  10.185  10.299    8.342  103.0  10.96  14.000   78.14675    2.72    2.26    2.74
17-07-2024 07:49:31.49    1.01  10.183  10.272    8.318  103.0  10.96  14.000   68.59509    2.56    2.64    2.76
17-07-2024 07:49:31.73    1.05  10.180  10.249    8.300  103.0  10.96  14.000   67.18066    2.84    2.33    2.85
17-07-2024 07:49:31.98    1.07  10.175  10.253    8.304  103.0  10.96  14.000   68.47000    2.84    2.33    2.85
17-07-2024 07:49:32.22    1.06  10.174  10.242    8.294  103.0  10.97  14.000   69.91256    2.70    1.89    3.42
17-07-2024 07:49:32.47    1.03  10.171  10.229    8.283  103.0  10.97  14.000   69.46255    3.03    1.75    2.85
17-07-2024 07:49:32.71    0.98  10.170  10.222    8.277  103.0  10.97  14.000   70.81480    2.52    2.20    2.63
17-07-2024 07:49:32.96    0.94  10.173  10.223    8.278  103.0  10.97  14.000   68.25684    2.96    1.99    3.01
17-07-2024 07:49:33.21    0.96  10.170  10.230    8.285  103.0  10.97  14.000   71.46762    2.55    2.33    2.85
17-07-2024 07:49:33.45    1.00  10.165  10.207    8.266  103.0  10.97  14.000   68.44854    3.03    2.01    2.70
17-07-2024 07:49:33.71    1.14  10.157  10.284    8.336  103.1  10.98  14.000   63.42365    2.84    2.63    3.47
17-07-2024 07:49:33.95    1.18  10.252  10.904    8.855  102.9  10.90  14.000   61.81826    2.84    2.63    3.47
17-07-2024 07:49:34.20    1.23  10.309  10.679    8.645  102.8  10.89  14.000   59.73991    3.46    2.41    3.04
17-07-2024 07:49:34.44    1.25  10.294  10.691    8.659  102.8  10.89  14.000   57.56238    2.50    2.16    2.72
17-07-2024 07:49:34.69    1.23  10.275  10.613    8.595  102.9  10.91  14.000   56.61351    2.69    2.24    2.84
17-07-2024 07:49:34.93    1.20  10.245  10.450    8.460  103.0  10.94  14.000   58.03312    2.54    2.33    3.00
17-07-2024 07:49:35.18    1.20  10.197  10.446    8.468  103.2  10.97  14.000   55.51068    2.45    2.11    2.41
17-07-2024 07:49:35.42    1.21  10.192  10.556    8.565  103.2  10.96  14.000   55.28123    2.45    2.11    2.41
17-07-2024 07:49:35.67    1.29  10.240  10.618    8.608  103.1  10.94  14.000   54.05628    2.54    1.87    3.13
17-07-2024 07:49:35.91    1.37  10.256  10.695    8.671  103.1  10.93  14.000   52.43461    2.66    2.38    3.13
17-07-2024 07:49:36.16    1.46  10.263  10.588    8.576  103.0  10.93  14.000   50.23709    2.84    2.16    2.68
17-07-2024 07:49:36.40    1.50  10.262  10.731    8.701  103.1  10.92  14.000   47.17212    2.90    2.54    3.17
17-07-2024 07:49:36.65    1.48  10.317  10.720    8.679  103.0  10.90  14.000   44.56309    2.90    2.34    3.01
17-07-2024 07:49:36.89    1.49  10.316  10.642    8.611  103.0  10.91  14.000   43.33961    2.92    2.06    3.36
17-07-2024 07:49:37.15    1.50  10.279  10.608    8.590  103.1  10.93  14.000   43.97393    2.92    2.06    3.36
17-07-2024 07:49:37.39    1.50  10.259  10.663    8.643  103.2  10.94  14.000   44.55272    2.51    2.12    3.38
17-07-2024 07:49:37.63    1.54  10.290  10.926    8.866  103.0  10.90  14.000   43.85846    2.78    2.03    2.92
17-07-2024 07:49:37.88    1.55  10.326  10.960    8.886  103.0  10.89  14.000   43.79333    2.94    2.17    2.52
17-07-2024 07:49:38.13    1.63  10.318  10.966    8.894  103.0  10.89  14.000   41.97995    2.94    2.87    2.86
17-07-2024 07:49:38.37    1.69  10.311  11.023    8.945  103.0  10.89  14.000   38.93053    2.65    2.25    3.01
17-07-2024 07:49:38.62    1.74  10.324  11.012    8.932  103.0  10.88  14.000   35.64499    2.69    2.15    2.73
17-07-2024 07:49:38.86    1.78  10.339  11.040    8.953  103.0  10.88  14.000   33.83532    2.69    2.15    2.73
17-07-2024 07:49:39.11    1.82  10.340  11.012    8.928  103.0  10.88  14.000   32.54079    3.16    2.07    3.18
17-07-2024 07:49:39.35    1.86  10.328  10.975    8.899  103.0  10.89  14.000   31.67777    2.92    2.42    2.90
17-07-2024 07:49:39.60    1.91  10.324  10.984    8.908  103.0  10.89  14.000   31.18409    2.68    2.18    2.95
17-07-2024 07:49:39.84    1.97  10.325  10.981    8.904  103.0  10.89  14.000   30.68005    2.85    2.16    3.36
17-07-2024 07:49:40.09    2.00  10.313  10.956    8.886  103.0  10.89  14.000   29.75708    2.87    1.96    3.30
17-07-2024 07:49:40.34    2.07  10.309  11.044    8.964  103.0  10.89  14.000   28.41223    2.96    2.29    2.99
17-07-2024 07:49:40.58    2.11  10.401  11.520    9.358  102.9  10.83  14.000   26.88677    2.96    2.29    2.99
17-07-2024 07:49:40.83    2.18  10.444  11.849    9.635  102.9  10.79  14.000   25.55228    2.66    2.25    3.14
17-07-2024 07:49:41.08    2.22  10.464  12.017    9.778  102.9  10.78  14.000   24.39172    3.07    2.74    3.29
17-07-2024 07:49:41.32    2.26  10.489  12.296   10.017  102.9  10.76  14.000   23.41842    2.79    2.12    3.23
17-07-2024 07:49:41.57    2.30  10.537  12.641   10.308  103.0  10.74  14.000   22.62423    2.83    2.70    3.08
17-07-2024 07:49:41.82    2.39  10.697  13.209   10.763  102.8  10.65  14.000   21.93293    3.06    2.27    2.94
17-07-2024 07:49:42.06    2.40  10.791  13.715   11.181  102.8  10.59  14.000   20.99590    3.16    2.01    3.02
17-07-2024 07:49:42.31    2.49  10.869  14.235   11.616  102.8  10.55  14.000   19.94266    3.16    2.01    3.02
17-07-2024 07:49:42.55    2.54  10.929  15.004   12.279  102.8  10.49  14.000   18.99157    2.72    2.00    2.85
17-07-2024 07:49:42.80    2.60  10.948  15.344   12.574  102.9  10.48  14.000   18.21145    3.01    2.16    3.08
17-07-2024 07:49:43.04    2.64  10.951  15.552   12.758  103.0  10.47  14.000   17.58232    2.94    1.95    2.72
17-07-2024 07:49:43.29    2.68  10.946  15.644   12.842  103.1  10.48  14.000   17.07013    3.23    2.28    3.41
17-07-2024 07:49:43.53    2.74  10.870  15.868   13.068  103.3  10.50  14.000   16.49503    2.97    2.49    2.83
17-07-2024 07:49:43.78    2.81  10.782  16.149   13.352  103.5  10.52  14.000   15.77857    3.20    2.06    3.36
17-07-2024 07:49:44.02    2.82  10.715  16.288   13.502  103.6  10.54  14.000   15.16350    3.20    2.06    3.36
17-07-2024 07:49:44.27    2.87  10.686  16.591   13.785  103.5  10.52  14.000   14.76160    3.46    2.69    3.37
17-07-2024 07:49:44.51    2.94  10.646  17.066   14.231  103.6  10.51  14.000   14.51068    3.32    2.42    3.06
17-07-2024 07:49:44.76    3.01  10.585  17.771   14.896  103.7  10.49  14.000   14.22943    3.38    2.55    2.65
17-07-2024 07:49:45.01    3.04  10.562  18.096   15.202  103.6  10.47  14.000   14.03551    3.42    2.29    2.86
17-07-2024 07:49:45.26    3.12  10.511  18.685   15.764  103.6  10.44  14.000   13.80754    3.89    1.71    3.48
17-07-2024 07:49:45.50    3.16  10.452  19.259   16.319  103.7  10.43  14.000   13.55811    3.40    2.31    3.00
17-07-2024 07:49:45.75    3.20  10.437  19.537   16.583  103.6  10.40  14.000   13.30054    3.40    2.31    3.00
17-07-2024 07:49:45.99    3.26  10.413  19.870   16.902  103.6  10.38  14.000   13.06073    4.60    1.98    3.13
17-07-2024 07:49:46.24    3.31  10.363  20.806   17.798  103.5  10.33  14.000   12.88383    3.94    2.42    3.03
17-07-2024 07:49:46.48    3.34  10.343  20.413   17.440  103.5  10.36  14.000   12.76096    3.92    2.16    3.35
17-07-2024 07:49:46.73    3.42  10.333  20.535   17.559  103.5  10.35  14.000   12.63144    4.13    2.37    3.09
17-07-2024 07:49:46.97    3.46  10.312  20.835   17.850  103.5  10.34  14.000   12.55890    4.01    2.14    2.92
17-07-2024 07:49:47.22    3.50  10.209  22.642   19.603  103.7  10.27  14.000   12.39977    3.81    2.22    3.11
17-07-2024 07:49:47.46    3.56  10.106  22.773   19.784  103.9  10.30  14.000   12.18217    3.81    2.22    3.11
17-07-2024 07:49:47.71    3.66  10.081  22.789   19.812  103.8  10.30  14.000   11.95716    4.49    1.63    2.90
17-07-2024 07:49:47.95    3.70  10.076  22.848   19.872  103.8  10.29  14.000   11.76324    4.14    2.29    3.13
17-07-2024 07:49:48.21    3.75  10.075  22.797   19.823  103.7  10.29  14.000   11.57006    4.58    2.77    3.26
17-07-2024 07:49:48.45    3.81  10.065  23.062   20.082  103.8  10.28  14.000   11.30879    4.21    2.05    3.27
17-07-2024 07:49:48.70    3.86   9.955  24.065   21.104  104.0  10.26  14.000   11.02087    4.24    2.17    3.17
17-07-2024 07:49:48.95    3.95   9.914  24.179   21.238  104.0  10.26  14.000   10.77218    4.66    2.29    3.07
17-07-2024 07:49:49.19    3.95   9.890  24.285   21.354  104.0  10.26  14.000   10.53681    4.66    2.29    3.07
17-07-2024 07:49:49.44    4.06   9.877  24.353   21.427  104.0  10.26  14.000   10.33475    3.86    2.11    3.29
17-07-2024 07:49:49.68    4.10   9.869  24.419   21.495  104.0  10.26  14.000   10.17561    4.31    1.97    3.19
17-07-2024 07:49:49.93    4.19   9.861  24.493   21.572  104.0  10.25  14.000   10.04979    4.11    2.22    2.82
17-07-2024 07:49:50.17    4.22   9.852  24.528   21.611  104.0  10.25  14.000    9.90102    3.96    2.18    2.73
17-07-2024 07:49:50.42    4.28   9.846  24.548   21.634  104.1  10.26  14.000    9.72560    3.76    2.16    3.06
17-07-2024 07:49:50.66    4.31   9.838  24.565   21.655  104.1  10.26  14.000    9.49911    4.18    2.42    3.38
17-07-2024 07:49:50.91    4.38   9.830  24.590   21.684  104.1  10.26  14.000    9.32296    4.18    2.42    3.38
17-07-2024 07:49:51.15    4.44   9.823  24.601   21.699  104.2  10.27  14.000    9.19491    3.99    2.52    2.84
17-07-2024 07:49:51.40    4.45   9.816  24.608   21.710  104.2  10.27  14.000    9.14754    4.13    2.09    3.37
17-07-2024 07:49:51.64    4.52   9.810  24.623   21.728  104.2  10.27  14.000    9.13422    3.77    2.69    3.20
17-07-2024 07:49:51.89    4.61   9.802  24.644   21.753  104.3  10.28  14.000    9.07057    5.80    2.27    3.42
17-07-2024 07:49:52.14    4.68   9.790  24.658   21.774  104.3  10.28  14.000    8.99877    4.00    2.28    3.24
17-07-2024 07:49:52.38    4.72   9.784  24.663   21.782  104.3  10.29  14.000    8.89811    4.04    2.39    3.32
17-07-2024 07:49:52.63    4.75   9.777  24.667   21.790  104.3  10.29  14.000    8.82409    4.04    2.39    3.32
17-07-2024 07:49:52.88    4.82   9.761  24.695   21.827  104.4  10.29  14.000    8.76710    3.66    2.37    2.88
17-07-2024 07:49:53.12    4.85   9.745  24.709   21.851  104.4  10.30  14.000    8.74120    3.85    2.41    3.18
17-07-2024 07:49:53.37    4.95   9.739  24.715   21.860  104.4  10.30  14.000    8.73972    3.36    2.25    2.88
17-07-2024 07:49:53.61    5.00   9.736  24.719   21.865  104.4  10.30  14.000    8.72343    3.58    1.99    2.99
17-07-2024 07:49:53.86    5.04   9.735  24.723   21.870  104.5  10.31  14.000    8.69309    3.76    2.15    2.69
17-07-2024 07:49:54.10    5.07   9.730  24.757   21.906  104.5  10.31  14.000    8.62425    3.71    2.30    3.36
17-07-2024 07:49:54.35    5.15   9.719  24.779   21.934  104.6  10.32  14.000    8.54062    3.71    2.30    3.36
17-07-2024 07:49:54.59    5.21   9.704  24.820   21.983  104.7  10.33  14.000    8.43329    3.66    2.24    2.86
17-07-2024 07:49:54.84    5.27   9.680  24.910   22.085  104.7  10.33  14.000    8.32449    3.31    2.68    3.02
17-07-2024 07:49:55.08    5.37   9.654  24.996   22.185  104.8  10.34  14.000    8.20237    3.29    2.02    3.03
17-07-2024 07:49:55.33    5.39   9.633  25.044   22.245  104.8  10.34  14.000    8.13205    3.62    1.70    3.32
17-07-2024 07:49:55.57    5.47   9.622  25.104   22.309  104.9  10.34  14.000    8.02991    3.59    2.42    2.98
17-07-2024 07:49:55.83    5.52   9.612  25.191   22.401  104.9  10.34  14.000    7.96626    3.59    2.16    3.12
17-07-2024 07:49:56.07    5.58   9.604  25.226   22.440  104.9  10.34  14.000    7.84561    3.59    2.16    3.12
17-07-2024 07:49:56.32    5.61   9.598  25.240   22.457  104.9  10.35  14.000    7.72127    3.41    2.21    2.84
17-07-2024 07:49:56.57    5.70   9.596  25.244   22.462  105.0  10.35  14.000    7.57028    3.68    2.30    3.18
17-07-2024 07:49:56.81    5.73   9.595  25.251   22.470  105.0  10.35  14.000    7.44223    3.55    2.39    3.18
17-07-2024 07:49:57.06    5.80   9.594  25.254   22.474  105.1  10.36  14.000    7.34749    4.02    2.80    2.92
17-07-2024 07:49:57.30    5.90   9.593  25.260   22.479  105.1  10.36  14.000    7.23869    3.80    2.79    3.31
17-07-2024 07:49:57.55    5.94   9.592  25.265   22.486  105.2  10.37  14.000    7.14913    3.78    2.24    2.87
17-07-2024 07:49:57.79    5.97   9.591  25.271   22.491  105.2  10.38  14.000    7.08030    3.78    2.24    2.87
17-07-2024 07:49:58.04    6.05   9.589  25.293   22.514  105.3  10.39  14.000    6.98038    3.61    1.94    3.24
17-07-2024 07:49:58.28    6.06   9.584  25.319   22.543  105.4  10.39  14.000    6.88120    4.04    2.35    3.04
17-07-2024 07:49:58.53    6.13   9.571  25.329   22.561  105.6  10.41  14.000    6.76499    3.20    2.07    3.08
17-07-2024 07:49:58.77    6.20   9.552  25.411   22.653  105.7  10.42  14.000    6.64731    3.70    2.22    2.85
17-07-2024 07:49:59.02    6.26   9.500  25.511   22.784  105.9  10.44  14.000    6.55331    3.64    2.06    2.97
17-07-2024 07:49:59.26    6.35   9.417  25.692   23.015  106.1  10.47  14.000    6.47263    3.48    2.35    2.74
17-07-2024 07:49:59.51    6.36   9.295  25.888   23.286  106.4  10.51  14.000    6.39862    3.48    2.35    2.74
17-07-2024 07:49:59.76    6.44   9.158  26.096   23.582  106.6  10.54  14.000    6.35273    3.14    1.94    2.88
17-07-2024 07:50:00.01    6.45   9.011  26.798   24.380  106.8  10.54  14.000    6.29351    3.30    2.05    2.58
17-07-2024 07:50:00.25    6.54   8.827  27.720   25.436  107.1  10.55  14.000    6.23874    3.25    2.33    2.89
17-07-2024 07:50:00.50    6.57   8.637  28.129   25.988  107.4  10.58  14.000    6.15881    3.93    2.38    3.34
17-07-2024 07:50:00.74    6.66   8.515  28.258   26.210  107.5  10.60  14.000    6.08257    4.00    2.47    3.16
17-07-2024 07:50:00.99    6.72   8.419  28.476   26.505  107.5  10.61  14.000    5.98487    4.39    2.29    3.12
17-07-2024 07:50:01.23    6.73   8.317  28.707   26.819  107.6  10.62  14.000    5.91530    4.39    2.29    3.12
17-07-2024 07:50:01.48    6.82   8.249  28.837   27.005  107.6  10.63  14.000    5.83906    4.66    2.41    3.42
17-07-2024 07:50:01.72    6.90   8.184  29.021   27.245  107.7  10.64  14.000    5.77467    4.49    1.96    3.17
17-07-2024 07:50:01.97    6.92   8.071  29.226   27.546  107.9  10.67  14.000    5.71694    4.49    2.19    2.97
17-07-2024 07:50:02.21    6.98   7.954  29.254   27.667  108.2  10.71  14.000    5.66365    4.07    2.31    3.10
17-07-2024 07:50:02.46    7.08   7.901  29.288   27.745  108.3  10.74  14.000    5.59629    4.41    2.38    3.25
17-07-2024 07:50:02.71    7.10   7.851  29.315   27.812  108.6  10.77  14.000    5.52894    4.78    2.70    2.87
17-07-2024 07:50:02.95    7.17   7.824  29.322   27.842  108.8  10.80  14.000    5.43864    4.78    2.70    2.87
17-07-2024 07:50:03.20    7.22   7.813  29.340   27.869  109.2  10.84  14.000    5.36166    5.02    2.46    3.10
17-07-2024 07:50:03.45    7.32   7.793  29.331   27.876  109.7  10.89  14.000    5.28617    4.85    2.44    3.21
17-07-2024 07:50:03.70    7.31   7.729  29.259   27.851  110.3  10.96  14.000    5.22622    4.39    2.44    3.65
17-07-2024 07:50:03.94    7.39   7.584  29.207   27.912  111.0  11.07  14.000    5.16774    5.09    2.42    3.30
17-07-2024 07:50:04.19    7.43   7.460  29.218   28.025  111.7  11.16  14.000    5.13148    5.74    2.55    3.52
17-07-2024 07:50:04.43    7.51   7.356  29.226   28.117  112.4  11.25  14.000    5.07892    4.81    2.03    3.06
17-07-2024 07:50:04.68    7.55   7.247  29.216   28.195  113.0  11.34  14.000    5.03155    4.81    2.03    3.06
17-07-2024 07:50:04.92    7.60   7.173  29.231   28.271  113.6  11.41  14.000    4.99751    4.19    2.47    3.42
17-07-2024 07:50:05.17    7.64   7.125  29.233   28.312  114.2  11.48  14.000    4.93608    5.32    2.13    3.35
17-07-2024 07:50:05.41    7.75   7.093  29.235   28.340  114.8  11.54  14.000    4.88056    4.93    2.73    3.57
17-07-2024 07:50:05.66    7.80   7.074  29.212   28.332  115.3  11.60  14.000    4.82357    5.14    2.41    3.03
17-07-2024 07:50:05.90    7.85   7.031  29.230   28.386  115.8  11.66  14.000    4.76214    4.95    2.47    3.28
17-07-2024 07:50:06.15    7.90   6.950  29.198   28.418  116.4  11.75  14.000    4.71329    4.95    1.89    3.24
17-07-2024 07:50:06.39    7.97   6.874  29.176   28.457  117.0  11.82  14.000    4.66814    4.95    1.89    3.24
17-07-2024 07:50:06.64    7.97   6.821  29.145   28.468  117.5  11.89  14.000    4.62299    5.07    2.17    3.11
17-07-2024 07:50:06.89    8.07   6.749  29.128   28.510  118.0  11.96  14.000    4.59339    4.92    2.19    3.13
17-07-2024 07:50:07.13    8.12   6.655  29.132   28.592  118.5  12.02  14.000    4.54379    4.92    2.65    3.00
17-07-2024 07:50:07.38    8.18   6.572  29.146   28.677  118.9  12.08  14.000    4.49050    5.15    2.16    3.23
17-07-2024 07:50:07.63    8.24   6.512  29.134   28.715  119.2  12.13  14.000    4.43573    5.51    2.13    3.45
17-07-2024 07:50:07.87    8.28   6.429  29.108   28.756  119.6  12.19  14.000    4.38762    4.94    1.90    3.44
17-07-2024 07:50:08.12    8.39   6.370  29.115   28.813  119.9  12.23  14.000    4.31139    4.94    1.90    3.44
17-07-2024 07:50:08.36    8.43   6.304  29.104   28.857  120.2  12.28  14.000    4.25069    4.96    2.41    3.19
17-07-2024 07:50:08.61    8.45   6.221  29.070   28.890  120.5  12.33  14.000    4.20777    5.17    2.17    3.28
17-07-2024 07:50:08.85    8.51   6.122  29.029   28.929  120.8  12.39  14.000    4.16928    5.36    2.51    3.01
17-07-2024 07:50:09.10    8.56   5.994  28.978   28.981  121.1  12.45  14.000    4.13449    4.84    2.23    3.17
17-07-2024 07:50:09.34    8.64   5.895  28.952   29.038  121.3  12.50  14.000    4.07306    5.16    2.50    3.12
17-07-2024 07:50:09.59    8.73   5.825  28.941   29.086  121.4  12.53  14.000    4.02643    5.16    2.50    3.12
17-07-2024 07:50:09.83    8.79   5.772  28.915   29.103  121.5  12.55  14.000    3.97980    4.74    1.88    3.04
17-07-2024 07:50:10.08    8.81   5.713  28.893   29.130  121.6  12.58  14.000    3.92725    5.38    2.48    3.24
17-07-2024 07:50:10.32    8.88   5.642  28.861   29.154  121.8  12.61  14.000    3.87248    4.70    2.50    3.04
17-07-2024 07:50:10.58    8.94   5.543  28.825   29.201  122.0  12.66  14.000    3.81400    4.66    2.31    3.05
17-07-2024 07:50:10.82    9.01   5.446  28.796   29.253  122.1  12.70  14.000    3.80290    4.73    2.51    3.12
17-07-2024 07:50:11.07    9.07   5.375  28.788   29.306  122.2  12.72  14.000    3.76441    4.53    2.07    3.04
17-07-2024 07:50:11.32    9.10   5.345  28.785   29.328  122.1  12.73  14.000    3.75035    4.87    2.24    3.19
17-07-2024 07:50:11.56    9.21   5.329  28.775   29.331  122.1  12.73  14.000    3.69928    4.87    2.24    3.19
17-07-2024 07:50:11.81    9.25   5.309  28.765   29.338  122.1  12.73  14.000    3.64525    4.60    2.43    3.46
17-07-2024 07:50:12.05    9.28   5.272  28.753   29.356  122.1  12.75  14.000    3.60898    4.58    2.25    3.09
17-07-2024 07:50:12.30    9.34   5.230  28.738   29.376  122.2  12.76  14.000    3.57123    4.56    2.48    3.18
17-07-2024 07:50:12.54    9.43   5.194  28.724   29.393  122.2  12.78  14.000    3.54459    4.25    2.13    3.23
17-07-2024 07:50:12.79    9.47   5.147  28.712   29.420  122.2  12.79  14.000    3.49944    5.18    2.42    3.18
17-07-2024 07:50:13.03    9.51   5.106  28.702   29.445  122.2  12.80  14.000    3.46169    5.18    2.42    3.18
17-07-2024 07:50:13.28    9.57   5.072  28.696   29.468  122.1  12.80  14.000    3.45651    4.71    2.05    3.09
17-07-2024 07:50:13.52    9.65   5.042  28.689   29.486  122.1  12.80  14.000    3.41358    4.63    2.50    3.34
17-07-2024 07:50:13.77    9.72   5.014  28.677   29.497  122.0  12.80  14.000    3.39212    4.80    2.27    3.05
17-07-2024 07:50:14.01    9.77   4.983  28.670   29.517  122.0  12.81  14.000    3.36769    4.45    1.83    3.36
17-07-2024 07:50:14.26    9.78   4.953  28.669   29.543  121.9  12.81  14.000    3.32772    4.51    1.90    3.26
17-07-2024 07:50:14.51    9.86   4.932  28.655   29.546  121.8  12.80  14.000    3.28332    5.30    2.20    2.95
17-07-2024 07:50:14.76    9.91   4.904  28.644   29.557  121.8  12.81  14.000    3.25297    4.84    2.70    2.93
17-07-2024 07:50:15.00    9.96   4.877  28.630   29.566  121.7  12.81  14.000    3.23447    4.84    2.70    2.93
17-07-2024 07:50:15.25   10.04   4.847  28.617   29.577  121.6  12.81  14.000    3.19154    5.03    2.09    2.90
17-07-2024 07:50:15.50   10.09   4.822  28.607   29.589  121.6  12.81  14.000    3.17229    4.47    2.22    3.01
17-07-2024 07:50:15.74   10.15   4.795  28.591   29.595  121.5  12.81  14.000    3.15453    4.22    2.15    3.16
17-07-2024 07:50:15.99   10.20   4.764  28.591   29.622  121.5  12.81  14.000    3.14195    3.73    2.37    2.94
17-07-2024 07:50:16.23   10.25   4.743  28.595   29.645  121.4  12.81  14.000    3.10494    4.66    2.23    3.26
17-07-2024 07:50:16.47   10.29   4.727  28.598   29.663  121.3  12.80  14.000    3.07533    4.66    2.23    3.26
17-07-2024 07:50:16.72   10.40   4.702  28.594   29.680  121.2  12.80  14.000    3.03092    4.23    2.32    2.81
17-07-2024 07:50:16.97   10.43   4.674  28.584   29.694  121.2  12.80  14.000    3.02722    4.20    2.77    3.14
17-07-2024 07:50:17.21   10.51   4.645  28.576   29.710  121.1  12.81  14.000    2.98059    4.37    2.27    3.29
17-07-2024 07:50:17.46   10.55   4.607  28.554   29.720  121.1  12.81  14.000    2.95321    4.12    2.57    2.95
17-07-2024 07:50:17.70   10.59   4.557  28.521   29.727  121.1  12.83  14.000    2.93840    4.45    1.96    3.09
17-07-2024 07:50:17.95   10.68   4.503  28.500   29.751  121.0  12.84  14.000    2.91546    4.14    2.33    2.66
17-07-2024 07:50:18.20   10.72   4.471  28.492   29.771  120.9  12.83  14.000    2.91398    4.14    2.33    2.66
17-07-2024 07:50:18.45   10.78   4.451  28.488   29.784  120.8  12.83  14.000    2.87105    4.08    1.84    2.97
17-07-2024 07:50:18.69   10.84   4.440  28.483   29.788  120.7  12.82  14.000    2.84737    4.30    2.49    2.95
17-07-2024 07:50:18.94   10.91   4.431  28.482   29.795  120.6  12.81  14.000    2.82220    4.64    2.01    2.99
17-07-2024 07:50:19.18   10.95   4.422  28.486   29.808  120.5  12.80  14.000    2.78371    4.05    2.19    2.93
17-07-2024 07:50:19.43   11.00   4.413  28.486   29.816  120.4  12.79  14.000    2.78149    4.69    2.64    3.00
17-07-2024 07:50:19.67   11.08   4.402  28.485   29.825  120.2  12.78  14.000    2.74004    4.17    2.46    2.97
17-07-2024 07:50:19.92   11.12   4.394  28.484   29.830  120.1  12.77  14.000    2.71858    4.17    2.46    2.97
17-07-2024 07:50:20.16   11.18   4.384  28.487   29.843  120.0  12.76  14.000    2.70452    3.94    2.44    3.11
17-07-2024 07:50:20.41   11.23   4.368  28.481   29.851  119.9  12.76  14.000    2.69119    4.13    2.31    2.81
17-07-2024 07:50:20.65   11.29   4.337  28.468   29.864  119.9  12.76  14.000    2.67195    3.66    2.24    3.30
17-07-2024 07:50:20.90   11.36   4.298  28.463   29.893  119.8  12.76  14.000    2.63272    3.98    2.39    2.71
17-07-2024 07:50:21.15   11.38   4.252  28.455   29.926  119.7  12.76  14.000    2.62902    3.72    2.16    3.38
17-07-2024 07:50:21.39   11.44   4.211  28.448   29.956  119.6  12.77  14.000    2.58387    4.06    2.39    3.11
17-07-2024 07:50:21.64   11.52   4.169  28.432   29.975  119.5  12.77  14.000    2.58535    4.06    2.39    3.11
17-07-2024 07:50:21.89   11.56   4.127  28.419   29.999  119.5  12.77  14.000    2.56463    3.80    1.91    3.21
17-07-2024 07:50:22.14   11.63   4.092  28.406   30.015  119.4  12.77  14.000    2.54982    4.47    2.11    3.21
17-07-2024 07:50:22.38   11.66   4.060  28.398   30.035  119.3  12.77  14.000    2.51356    3.91    2.24    3.17
17-07-2024 07:50:22.63   11.71   4.041  28.393   30.047  119.1  12.76  14.000    2.50838    4.13    2.18    2.92
17-07-2024 07:50:22.87   11.77   4.022  28.383   30.053  119.0  12.75  14.000    2.48469    4.14    2.43    3.09
17-07-2024 07:50:23.12   11.84   3.992  28.378   30.073  118.9  12.75  14.000    2.46027    4.07    2.45    2.88
17-07-2024 07:50:23.36   11.86   3.944  28.364   30.101  118.9  12.76  14.000    2.43066    4.07    2.45    2.88
17-07-2024 07:50:23.61   11.95   3.894  28.343   30.123  118.9  12.77  14.000    2.42548    4.32    2.49    3.14
17-07-2024 07:50:23.85   11.99   3.846  28.326   30.146  118.8  12.78  14.000    2.42696    4.26    1.91    3.23
17-07-2024 07:50:24.10   12.05   3.789  28.301   30.170  118.8  12.79  14.000    2.39069    3.88    2.10    3.17
17-07-2024 07:50:24.34   12.11   3.742  28.296   30.208  118.7  12.79  14.000    2.36479    4.04    2.04    3.20
17-07-2024 07:50:24.59   12.18   3.709  28.284   30.224  118.6  12.79  14.000    2.33518    4.17    2.05    3.08
17-07-2024 07:50:24.83   12.24   3.676  28.271   30.240  118.6  12.80  14.000    2.30927    4.06    2.03    3.08
17-07-2024 07:50:25.08   12.30   3.642  28.268   30.268  118.5  12.80  14.000    2.30039    4.06    2.03    3.08
17-07-2024 07:50:25.33   12.35   3.608  28.262   30.292  118.5  12.80  14.000    2.29299    4.49    2.39    3.12
17-07-2024 07:50:25.57   12.40   3.580  28.253   30.308  118.4  12.80  14.000    2.26783    4.48    2.09    2.98
17-07-2024 07:50:25.82   12.44   3.552  28.241   30.319  118.3  12.80  14.000    2.24266    4.00    2.76    3.48
17-07-2024 07:50:26.07   12.52   3.523  28.230   30.334  118.3  12.81  14.000    2.22416    4.14    2.93    3.01
17-07-2024 07:50:26.31   12.59   3.492  28.221   30.352  118.3  12.81  14.000    2.20121    3.89    2.56    3.29
17-07-2024 07:50:26.56   12.66   3.462  28.207   30.364  118.2  12.82  14.000    2.19085    4.70    2.24    3.26
17-07-2024 07:50:26.80   12.73   3.434  28.194   30.374  118.2  12.82  14.000    2.17087    4.70    2.24    3.26
17-07-2024 07:50:27.05   12.78   3.414  28.184   30.381  118.1  12.82  14.000    2.14200    4.35    1.93    3.08
17-07-2024 07:50:27.29   12.84   3.388  28.187   30.409  118.1  12.82  14.000    2.14422    4.39    2.08    3.07
17-07-2024 07:50:27.54   12.90   3.352  28.187   30.442  118.0  12.83  14.000    2.13534    3.83    2.00    2.84
17-07-2024 07:50:27.78   12.94   3.323  28.169   30.448  118.0  12.83  14.000    2.10869    4.20    2.43    2.93
17-07-2024 07:50:28.03   13.02   3.297  28.154   30.455  118.0  12.83  14.000    2.07687    4.09    2.28    2.58
17-07-2024 07:50:28.27   13.04   3.271  28.145   30.469  117.9  12.84  14.000    2.07317    4.18    2.26    2.91
17-07-2024 07:50:28.52   13.13   3.245  28.135   30.481  117.9  12.84  14.000    2.06651    4.18    2.26    2.91
17-07-2024 07:50:28.76   13.20   3.220  28.130   30.498  117.8  12.84  14.000    2.03394    3.79    1.96    2.82
17-07-2024 07:50:29.02   13.23   3.202  28.128   30.513  117.8  12.84  14.000    2.02358    3.52    1.88    3.02
17-07-2024 07:50:29.26   13.30   3.194  28.127   30.519  117.7  12.84  14.000    2.00729    3.67    2.10    3.13
17-07-2024 07:50:29.51   13.33   3.192  28.129   30.524  117.6  12.83  14.000    2.00433    3.89    2.30    3.00
17-07-2024 07:50:29.76   13.40   3.189  28.126   30.523  117.6  12.82  14.000    1.97769    3.34    2.19    3.26
17-07-2024 07:50:30.00   13.45   3.184  28.122   30.523  117.6  12.82  14.000    1.96436    3.83    2.12    3.03
17-07-2024 07:50:30.25   13.50   3.176  28.119   30.527  117.6  12.82  14.000    1.96510    3.83    2.12    3.03
17-07-2024 07:50:30.49   13.57   3.167  28.113   30.528  117.5  12.82  14.000    1.94512    3.96    2.42    3.08
17-07-2024 07:50:30.74   13.68   3.156  28.105   30.529  117.5  12.82  14.000    1.92958    3.46    2.24    3.04
17-07-2024 07:50:30.98   13.73   3.146  28.103   30.536  117.5  12.83  14.000    1.92366    3.39    2.64    2.89
17-07-2024 07:50:31.23   13.75   3.141  28.101   30.538  117.5  12.82  14.000    1.91551    3.46    2.15    2.72
17-07-2024 07:50:31.47   13.83   3.136  28.100   30.542  117.4  12.82  14.000    1.90441    3.34    1.51    2.99
17-07-2024 07:50:31.72   13.90   3.130  28.101   30.548  117.4  12.82  14.000    1.88369    3.58    2.06    2.82
17-07-2024 07:50:31.96   13.96   3.125  28.097   30.548  117.4  12.82  14.000    1.88295    3.58    2.06    2.82
17-07-2024 07:50:32.21   13.97   3.121  28.097   30.552  117.4  12.82  14.000    1.87185    3.37    1.96    2.82
17-07-2024 07:50:32.45   14.04   3.118  28.095   30.553  117.4  12.82  14.000    1.84002    3.21    2.80    3.23
17-07-2024 07:50:32.70   14.12   3.114  28.094   30.555  117.4  12.82  14.000    1.83632    3.55    2.25    3.05
17-07-2024 07:50:32.95   14.20   3.111  28.091   30.554  117.4  12.82  14.000    1.85112    3.09    1.95    3.06
17-07-2024 07:50:33.20   14.23   3.106  28.085   30.552  117.4  12.82  14.000    1.82818    3.22    2.38    3.07
17-07-2024 07:50:33.44   14.31   3.099  28.079   30.551  117.4  12.83  14.000    1.80671    3.48    2.48    2.72
17-07-2024 07:50:33.69   14.37   3.092  28.077   30.554  117.4  12.83  14.000    1.80375    3.48    2.48    2.72
17-07-2024 07:50:33.93   14.42   3.084  28.073   30.558  117.4  12.83  14.000    1.80079    3.42    2.13    3.02
17-07-2024 07:50:34.18   14.46   3.076  28.071   30.564  117.4  12.83  14.000    1.77192    3.58    2.37    3.12
17-07-2024 07:50:34.42   14.54   3.068  28.072   30.572  117.4  12.83  14.000    1.76230    3.88    2.26    3.09
17-07-2024 07:50:34.67   14.59   3.060  28.068   30.576  117.4  12.84  14.000    1.76526    3.35    2.77    3.35
17-07-2024 07:50:34.91   14.65   3.052  28.064   30.578  117.4  12.84  14.000    1.75046    3.16    2.37    2.78
17-07-2024 07:50:35.16   14.69   3.044  28.056   30.575  117.4  12.84  14.000    1.73270    3.33    2.52    3.05
17-07-2024 07:50:35.40   14.76   3.034  28.051   30.579  117.4  12.84  14.000    1.73788    3.33    2.52    3.05
17-07-2024 07:50:35.65   14.80   3.027  28.048   30.581  117.4  12.84  14.000    1.70087    3.49    2.32    2.78
17-07-2024 07:50:35.89   14.86   3.022  28.049   30.588  117.4  12.85  14.000    1.69791    3.33    2.34    2.97
17-07-2024 07:50:36.14   14.92   3.019  28.044   30.585  117.3  12.84  14.000    1.68755    3.40    2.18    3.19
17-07-2024 07:50:36.39   14.99   3.016  28.045   30.589  117.3  12.84  14.000    1.69421    3.45    2.05    3.10
17-07-2024 07:50:36.64   15.03   3.013  28.043   30.589  117.3  12.84  14.000    1.67422    3.78    2.14    2.89
17-07-2024 07:50:36.89   15.07   3.011  28.044   30.592  117.3  12.84  14.000    1.66238    3.35    2.26    2.71
17-07-2024 07:50:37.13   15.13   3.010  28.043   30.592  117.3  12.84  14.000    1.66090    3.35    2.26    2.71
17-07-2024 07:50:37.38   15.22   3.010  28.043   30.592  117.3  12.84  14.000    1.65720    3.23    2.21    3.09
17-07-2024 07:50:37.62   15.28   3.008  28.041   30.591  117.3  12.84  14.000    1.63130    3.29    1.94    2.83
17-07-2024 07:50:37.87   15.33   3.006  28.040   30.592  117.3  12.84  14.000    1.62093    3.28    2.42    3.07
17-07-2024 07:50:38.11   15.38   3.004  28.041   30.595  117.3  12.84  14.000    1.61871    3.44    2.23    3.15
17-07-2024 07:50:38.36   15.47   3.002  28.039   30.594  117.3  12.84  14.000    1.60613    3.04    2.63    3.10
17-07-2024 07:50:38.60   15.53   3.000  28.038   30.595  117.2  12.84  14.000    1.58541    3.46    2.30    3.09
17-07-2024 07:50:38.85   15.57   3.000  28.036   30.593  117.2  12.84  14.000    1.58615    3.46    2.30    3.09
17-07-2024 07:50:39.09   15.63   2.999  28.035   30.592  117.3  12.84  14.000    1.56764    3.50    2.44    2.77
17-07-2024 07:50:39.34   15.65   2.998  28.035   30.594  117.3  12.84  14.000    1.55432    3.42    2.32    3.01
17-07-2024 07:50:39.58   15.75   2.994  28.032   30.594  117.2  12.84  14.000    1.55432    3.50    2.76    3.19
17-07-2024 07:50:39.83   15.78   2.991  28.028   30.592  117.2  12.84  14.000    1.54692    3.49    2.14    3.12
17-07-2024 07:50:40.08   15.85   2.987  28.026   30.593  117.2  12.84  14.000    1.54692    3.06    1.91    3.22
17-07-2024 07:50:40.32   15.91   2.983  28.027   30.597  117.2  12.84  14.000    1.53878    3.32    2.50    2.85
17-07-2024 07:50:40.57   15.96   2.980  28.026   30.600  117.2  12.85  14.000    1.53730    3.32    2.50    2.85
17-07-2024 07:50:40.82   16.00   2.976  28.024   30.601  117.2  12.85  14.000    1.51879    3.25    2.03    3.10
17-07-2024 07:50:41.06   16.09   2.972  28.024   30.604  117.2  12.85  14.000    1.51287    3.23    2.37    2.71
17-07-2024 07:50:41.31   16.13   2.970  28.021   30.603  117.3  12.85  14.000    1.50399    3.83    2.11    3.01
17-07-2024 07:50:41.55   16.17   2.965  28.016   30.602  117.2  12.85  14.000    1.48771    3.41    2.44    2.77
17-07-2024 07:50:41.80   16.27   2.957  28.009   30.601  117.3  12.85  14.000    1.47734    3.49    2.21    3.02
17-07-2024 07:50:42.04   16.30   2.944  28.000   30.603  117.2  12.86  14.000    1.46624    3.44    2.54    3.00
17-07-2024 07:50:42.29   16.37   2.932  27.995   30.607  117.2  12.86  14.000    1.45810    3.44    2.54    3.00
17-07-2024 07:50:42.53   16.44   2.918  27.989   30.614  117.3  12.87  14.000    1.46180    3.28    2.57    2.89
17-07-2024 07:50:42.78   16.45   2.904  27.985   30.622  117.2  12.87  14.000    1.43664    3.28    2.29    3.13
17-07-2024 07:50:43.03   16.47   2.894  27.982   30.628  117.2  12.87  14.000    1.44848    3.29    2.08    2.83
17-07-2024 07:50:43.27   16.55   2.889  27.979   30.630  117.2  12.87  14.000    1.44330    3.43    2.25    2.95
17-07-2024 07:50:43.51   16.60   2.883  27.976   30.631  117.2  12.87  14.000    1.42997    3.38    2.49    3.12
17-07-2024 07:50:43.77   16.67   2.874  27.972   30.635  117.2  12.87  14.000    1.43071    3.25    2.03    3.11
17-07-2024 07:50:44.01   16.73   2.866  27.970   30.640  117.2  12.88  14.000    1.41295    3.25    2.03    3.11
17-07-2024 07:50:44.26   16.81   2.856  27.965   30.644  117.2  12.88  14.000    1.39445    3.44    2.38    2.92
17-07-2024 07:50:44.51   16.85   2.845  27.957   30.645  117.2  12.88  14.000    1.38779    3.48    2.69    2.88
17-07-2024 07:50:44.75   16.91   2.832  27.948   30.645  117.2  12.88  14.000    1.38260    3.38    1.92    2.82
17-07-2024 07:50:45.00   17.00   2.822  27.943   30.649  117.2  12.88  14.000    1.37224    2.59    2.55    2.80
17-07-2024 07:50:45.24   17.00   2.809  27.939   30.657  117.2  12.89  14.000    1.36780    3.24    2.30    3.00
17-07-2024 07:50:45.49   17.04   2.796  27.934   30.664  117.2  12.89  14.000    1.35818    3.43    1.69    3.07
17-07-2024 07:50:45.73   17.11   2.786  27.928   30.666  117.2  12.89  14.000    1.34412    3.43    1.69    3.07
17-07-2024 07:50:45.98   17.22   2.776  27.925   30.672  117.1  12.90  14.000    1.35966    3.68    2.58    2.78
17-07-2024 07:50:46.22   17.26   2.763  27.921   30.678  117.1  12.90  14.000    1.33597    3.32    2.51    3.49
17-07-2024 07:50:46.47   17.32   2.748  27.913   30.684  117.1  12.90  14.000    1.32783    0.00    2.55    3.47
17-07-2024 07:50:46.71   17.38   2.735  27.905   30.686  117.1  12.90  14.000    1.31969    3.16    2.09    2.86
17-07-2024 07:50:46.96   17.40   2.721  27.899   30.692  117.1  12.91  14.000    1.31969    3.23    2.19    2.96
17-07-2024 07:50:47.20   17.46   2.707  27.890   30.695  117.1  12.91  14.000    1.30119    3.01    2.02    2.67
17-07-2024 07:50:47.45   17.50   2.695  27.883   30.698  117.1  12.91  14.000    1.29601    3.01    2.02    2.67
17-07-2024 07:50:47.70   17.60   2.680  27.873   30.700  117.1  12.92  14.000    1.29527    3.25    1.92    3.26
17-07-2024 07:50:47.95   17.66   2.667  27.864   30.702  117.0  12.92  14.000    1.28194    3.02    2.24    2.85
17-07-2024 07:50:48.19   17.74   2.654  27.856   30.704  117.0  12.92  14.000    1.27158    2.74    2.45    2.63
17-07-2024 07:50:48.44   17.74   2.641  27.851   30.710  117.0  12.92  14.000    1.28638    3.18    2.27    3.07
17-07-2024 07:50:48.68   17.83   2.630  27.846   30.716  117.0  12.92  14.000    1.26196    3.28    2.14    2.60
17-07-2024 07:50:48.93   17.88   2.620  27.844   30.723  117.0  12.92  14.000    1.27898    3.46    2.52    2.93
17-07-2024 07:50:49.17   17.92   2.614  27.844   30.728  117.0  12.92  14.000    1.25604    3.46    2.52    2.93
17-07-2024 07:50:49.42   18.01   2.610  27.841   30.728  116.9  12.92  14.000    1.25086    3.31    2.17    2.93
17-07-2024 07:50:49.66   18.04   2.606  27.839   30.729  116.9  12.92  14.000    1.23901    3.19    2.33    3.08
17-07-2024 07:50:49.91   18.09   2.603  27.842   30.737  116.9  12.92  14.000    1.23753    3.54    1.90    3.04
17-07-2024 07:50:50.15   18.15   2.598  27.839   30.737  116.9  12.92  14.000    1.22791    3.69    2.07    2.84
17-07-2024 07:50:50.40   18.17   2.592  27.835   30.738  116.9  12.92  14.000    1.20867    3.70    2.07    3.19
17-07-2024 07:50:50.64   18.26   2.584  27.831   30.740  116.9  12.92  14.000    1.20053    3.70    2.07    3.19
17-07-2024 07:50:50.89   18.32   2.575  27.826   30.744  116.9  12.92  14.000    1.21607    2.98    2.03    2.96
17-07-2024 07:50:51.14   18.37   2.563  27.818   30.745  116.8  12.93  14.000    1.20349    3.23    2.48    3.13
17-07-2024 07:50:51.39   18.40   2.552  27.812   30.749  116.8  12.93  14.000    1.19609    3.10    2.14    3.68
17-07-2024 07:50:51.64   18.48   2.542  27.810   30.756  116.8  12.93  14.000    1.18054    3.45    2.16    3.06
17-07-2024 07:50:51.88   18.49   2.535  27.809   30.761  116.8  12.93  14.000    1.18942    4.06    1.98    2.73
17-07-2024 07:50:52.13   18.62   2.530  27.803   30.759  116.8  12.93  14.000    1.17906    3.02    2.46    3.27
17-07-2024 07:50:52.37   18.64   2.523  27.802   30.763  116.8  12.93  14.000    1.17018    3.36    2.65    2.88
17-07-2024 07:50:52.61   18.68   2.516  27.799   30.767  116.8  12.93  14.000    1.17018    3.36    2.65    2.88
17-07-2024 07:50:52.86   18.74   2.510  27.794   30.766  116.8  12.93  14.000    1.16130    2.91    2.28    2.84
17-07-2024 07:50:53.11   18.81   2.503  27.787   30.765  116.8  12.93  14.000    1.13539    3.03    1.60    3.17
17-07-2024 07:50:53.35   18.86   2.493  27.783   30.770  116.8  12.94  14.000    1.13465    3.61    2.31    3.05
17-07-2024 07:50:53.60   18.91   2.482  27.779   30.776  116.8  12.94  14.000    1.14872    3.27    2.13    2.87
17-07-2024 07:50:53.84   18.98   2.472  27.778   30.783  116.8  12.94  14.000    1.11985    3.29    1.95    3.13
17-07-2024 07:50:54.09   19.06   2.463  27.773   30.785  116.7  12.94  14.000    1.11985    3.33    2.34    3.06
17-07-2024 07:50:54.33   19.09   2.454  27.770   30.790  116.7  12.95  14.000    1.13243    3.33    2.34    3.06
17-07-2024 07:50:54.58   19.18   2.444  27.761   30.790  116.7  12.95  14.000    1.12207    2.96    2.36    2.84
17-07-2024 07:50:54.83   19.18   2.425  27.750   30.794  116.7  12.95  14.000    1.10505    2.99    2.40    2.89
17-07-2024 07:50:55.07   19.25   2.407  27.734   30.792  116.7  12.96  14.000    1.08506    2.98    2.18    3.08
17-07-2024 07:50:55.32   19.30   2.388  27.719   30.793  116.7  12.96  14.000    1.07914    3.09    2.30    2.59
17-07-2024 07:50:55.57   19.39   2.366  27.708   30.800  116.7  12.97  14.000    1.07100    3.10    2.13    2.92
17-07-2024 07:50:55.81   19.42   2.350  27.695   30.800  116.7  12.97  14.000    1.07544    3.04    2.09    3.14
17-07-2024 07:50:56.06   19.47   2.335  27.687   30.805  116.7  12.98  14.000    1.06286    3.04    2.09    3.14
17-07-2024 07:50:56.30   19.55   2.324  27.680   30.807  116.7  12.98  14.000    1.06730    3.11    2.26    3.11
17-07-2024 07:50:56.55   19.61   2.310  27.677   30.817  116.6  12.98  14.000    1.06582    2.71    1.88    2.76
17-07-2024 07:50:56.79   19.63   2.301  27.674   30.822  116.6  12.98  14.000    1.03991    3.27    1.66    2.86
17-07-2024 07:50:57.04   19.72   2.291  27.675   30.832  116.6  12.98  14.000    1.05102    3.54    2.30    2.79
17-07-2024 07:50:57.28   19.75   2.283  27.670   30.834  116.6  12.98  14.000    1.02955    3.47    2.14    2.86
17-07-2024 07:50:57.53   19.83   2.278  27.671   30.840  116.6  12.98  14.000    1.03843    3.47    2.14    2.86
17-07-2024 07:50:57.77   19.88   2.274  27.670   30.843  116.6  12.98  14.000    1.03029    3.05    2.07    2.97
17-07-2024 07:50:58.02   19.94   2.268  27.669   30.847  116.6  12.98  14.000    1.03473    3.11    2.46    2.84
17-07-2024 07:50:58.26   19.97   2.263  27.669   30.853  116.5  12.98  14.000    1.02363    3.20    2.26    2.72
17-07-2024 07:50:58.52   20.04   2.257  27.667   30.855  116.5  12.98  14.000    1.00661    2.80    2.27    3.05
17-07-2024 07:50:58.76   20.04   2.253  27.670   30.863  116.5  12.98  14.000    0.99180    3.28    1.98    2.88
17-07-2024 07:50:59.01   20.13   2.248  27.663   30.859  116.5  12.98  14.000    1.00809    2.93    2.23    2.71
17-07-2024 07:50:59.26   20.16   2.241  27.658   30.860  116.5  12.98  14.000    0.99624    2.93    2.23    2.71
17-07-2024 07:50:59.50   20.21   2.235  27.655   30.862  116.5  12.98  14.000    1.00069    3.00    2.49    3.10
17-07-2024 07:50:59.75   20.30   2.227  27.651   30.864  116.4  12.98  14.000    1.01031    3.47    2.31    3.10
17-07-2024 07:50:59.99   20.35   2.222  27.649   30.868  116.4  12.98  14.000    0.98736    3.08    2.31    3.16
17-07-2024 07:51:00.24   20.42   2.215  27.646   30.870  116.4  12.98  14.000    0.97108    2.85    1.91    2.89
17-07-2024 07:51:00.48   20.46   2.211  27.644   30.872  116.4  12.98  14.000    0.95850    4.16    1.50    2.81
17-07-2024 07:51:00.73   20.51   2.208  27.646   30.876  116.4  12.98  14.000    0.98292    3.32    2.59    2.94
17-07-2024 07:51:00.97   20.55   2.204  27.647   30.881  116.4  12.98  14.000    0.96812    3.32    2.59    2.94
17-07-2024 07:51:01.22   20.62   2.202  27.645   30.881  116.4  12.98  14.000    0.96294    3.28    2.24    2.93
17-07-2024 07:51:01.46   20.70   2.200  27.642   30.879  116.4  12.98  14.000    0.95184    2.88    2.16    2.90
17-07-2024 07:51:01.71   20.72   2.198  27.643   30.882  116.3  12.98  14.000    0.95258    3.03    2.43    3.20
17-07-2024 07:51:01.95   20.80   2.197  27.645   30.886  116.3  12.98  14.000    0.92593    3.28    2.53    2.95
17-07-2024 07:51:02.20   20.85   2.197  27.647   30.889  116.3  12.98  14.000    0.93999    3.32    1.90    3.03
17-07-2024 07:51:02.45   20.92   2.198  27.650   30.891  116.3  12.97  14.000    0.94369    3.20    2.36    2.91
17-07-2024 07:51:02.70   20.96   2.199  27.655   30.895  116.3  12.97  14.000    0.92297    3.20    2.36    2.91
17-07-2024 07:51:02.94   21.02   2.202  27.659   30.898  116.3  12.97  14.000    0.92963    3.39    2.31    3.19
17-07-2024 07:51:03.19   21.06   2.204  27.664   30.903  116.3  12.97  14.000    0.91039    3.06    2.42    3.00
17-07-2024 07:51:03.43   21.14   2.207  27.667   30.903  116.3  12.97  14.000    0.90965    3.60    2.17    2.61
17-07-2024 07:51:03.68   21.16   2.210  27.670   30.905  116.3  12.97  14.000    0.89928    2.82    1.80    2.86
17-07-2024 07:51:03.92   21.23   2.213  27.676   30.909  116.3  12.96  14.000    0.90003    2.90    1.93    2.70
17-07-2024 07:51:04.17   21.28   2.215  27.678   30.909  116.3  12.96  14.000    0.89854    2.71    1.64    2.82
17-07-2024 07:51:04.41   21.35   2.217  27.679   30.908  116.3  12.96  14.000    0.90003    2.71    1.64    2.82
17-07-2024 07:51:04.66   21.40   2.220  27.678   30.905  116.3  12.96  14.000    0.87560    2.95    2.70    2.66
17-07-2024 07:51:04.90   21.44   2.214  27.674   30.905  116.3  12.97  14.000    0.87930    2.71    2.20    2.97
17-07-2024 07:51:05.16   21.50   2.203  27.664   30.903  116.3  12.98  14.000    0.89336    3.00    2.15    3.04
17-07-2024 07:51:05.39   21.55   2.191  27.661   30.912  116.3  12.98  14.000    0.88448    2.38    1.95    3.08
17-07-2024 07:51:05.64   21.62   2.187  27.668   30.924  116.3  12.98  14.000    0.87930    2.78    2.13    3.00
17-07-2024 07:51:05.89   21.68   2.185  27.673   30.932  116.3  12.98  14.000    0.86376    2.63    2.67    3.25
17-07-2024 07:51:06.13   21.71   2.183  27.671   30.931  116.3  12.98  14.000    0.87116    2.63    2.67    3.25
17-07-2024 07:51:06.39   21.77   2.178  27.669   30.934  116.3  12.98  14.000    0.84969    2.85    1.89    3.38
17-07-2024 07:51:06.63   21.85   2.169  27.663   30.935  116.3  12.98  14.000    0.85932    2.79    2.79    2.84
17-07-2024 07:51:06.88   21.91   2.161  27.661   30.941  116.3  12.99  14.000    0.85043    2.51    2.04    3.15
17-07-2024 07:51:07.12   21.93   2.156  27.662   30.946  116.3  12.99  14.000    0.84599    2.72    2.21    2.79
17-07-2024 07:51:07.37   21.99   2.150  27.662   30.952  116.3  12.99  14.000    0.84673    3.19    2.19    3.26
17-07-2024 07:51:07.61   22.05   2.137  27.647   30.946  116.3  12.99  14.000    0.84451    2.71    2.61    3.27
17-07-2024 07:51:07.85   22.12   2.124  27.629   30.937  116.3  13.00  14.000    0.82601    2.71    2.61    3.27
17-07-2024 07:51:08.10   22.17   2.100  27.610   30.936  116.4  13.01  14.000    0.82157    2.56    2.16    3.32
17-07-2024 07:51:08.35   22.22   2.076  27.598   30.945  116.4  13.02  14.000    0.81195    3.02    2.42    2.97
17-07-2024 07:51:08.59   22.28   2.061  27.590   30.951  116.4  13.02  14.000    0.80677    2.91    2.22    2.68
17-07-2024 07:51:08.84   22.33   2.051  27.581   30.949  116.3  13.02  14.000    0.82083    3.30    2.51    3.22
17-07-2024 07:51:09.08   22.40   2.037  27.575   30.956  116.3  13.02  14.000    0.78012    3.26    2.31    2.85
17-07-2024 07:51:09.33   22.43   2.028  27.571   30.959  116.3  13.02  14.000    0.79862    3.11    2.01    3.03
17-07-2024 07:51:09.58   22.51   2.021  27.561   30.954  116.3  13.02  14.000    0.80010    3.11    2.01    3.03
17-07-2024 07:51:09.82   22.56   2.013  27.567   30.969  116.3  13.02  14.000    0.79048    3.31    2.16    3.09
17-07-2024 07:51:10.07   22.62   2.006  27.565   30.973  116.2  13.02  14.000    0.80751    3.43    2.41    3.04
17-07-2024 07:51:10.32   22.64   2.000  27.561   30.974  116.3  13.03  14.000    0.78382    3.93    2.10    3.31
17-07-2024 07:51:10.56   22.72   1.997  27.564   30.980  116.2  13.02  14.000    0.77568    3.33    2.45    3.15
17-07-2024 07:51:10.81   22.82   2.000  27.570   30.985  116.2  13.02  14.000    0.77198    3.43    2.03    3.28
17-07-2024 07:51:11.05   22.87   2.001  27.571   30.985  116.2  13.02  14.000    0.76310    3.42    2.46    2.91
17-07-2024 07:51:11.30   22.90   2.001  27.574   30.989  116.2  13.01  14.000    0.75792    3.42    2.46    2.91
17-07-2024 07:51:11.54   22.96   2.001  27.574   30.989  116.1  13.01  14.000    0.76754    3.02    2.28    3.35
17-07-2024 07:51:11.79   22.98   2.000  27.576   30.991  116.1  13.01  14.000    0.75792    3.24    1.85    3.32
17-07-2024 07:51:12.03   23.04   2.000  27.576   30.992  116.1  13.01  14.000    0.75718    3.83    2.08    2.86
17-07-2024 07:51:12.28   23.09   1.999  27.577   30.995  116.1  13.01  14.000    0.76532    3.47    2.59    3.10
17-07-2024 07:51:12.52   23.18   1.997  27.575   30.994  116.1  13.01  14.000    0.72683    3.43    1.87    3.09
17-07-2024 07:51:12.77   23.24   1.995  27.572   30.991  116.1  13.01  14.000    0.73793    3.24    2.53    2.87
17-07-2024 07:51:13.01   23.28   1.986  27.568   30.995  116.1  13.01  14.000    0.75422    3.24    2.53    2.87
17-07-2024 07:51:13.27   23.31   1.978  27.564   30.998  116.1  13.02  14.000    0.70833    3.32    1.52    2.51
17-07-2024 07:51:13.51   23.39   1.969  27.558   30.999  116.1  13.02  14.000    0.73497    2.98    2.23    3.18
17-07-2024 07:51:13.76   23.45   1.960  27.555   31.005  116.2  13.03  14.000    0.71351    2.85    2.28    3.22
17-07-2024 07:51:14.01   23.53   1.952  27.550   31.006  116.2  13.03  14.000    0.70981    3.48    2.50    3.21
17-07-2024 07:51:14.25   23.56   1.942  27.545   31.010  116.2  13.03  14.000    0.72239    3.10    2.88    3.06
17-07-2024 07:51:14.50   23.59   1.931  27.537   31.010  116.2  13.04  14.000    0.71869    2.92    1.90    3.07
17-07-2024 07:51:14.74   23.64   1.921  27.533   31.016  116.2  13.04  14.000    0.71277    2.92    1.90    3.07
17-07-2024 07:51:14.99   23.69   1.913  27.528   31.017  116.2  13.04  14.000    0.70388    3.42    2.17    3.25
17-07-2024 07:51:15.23   23.77   1.905  27.525   31.022  116.2  13.04  14.000    0.69722    3.57    2.56    2.93
17-07-2024 07:51:15.48   23.85   1.891  27.519   31.027  116.2  13.05  14.000    0.70240    3.71    2.23    3.12
17-07-2024 07:51:15.72   23.85   1.876  27.507   31.028  116.2  13.06  14.000    0.70240    3.16    2.13    2.90
17-07-2024 07:51:15.97   23.94   1.862  27.499   31.032  116.2  13.06  14.000    0.67946    3.42    2.44    2.65
17-07-2024 07:51:16.22   24.02   1.851  27.497   31.040  116.2  13.06  14.000    0.68242    3.35    1.88    3.18
17-07-2024 07:51:16.46   24.01   1.842  27.494   31.045  116.2  13.06  14.000    0.69796    3.35    1.88    3.18
17-07-2024 07:51:16.70   24.07   1.836  27.489   31.044  116.1  13.06  14.000    0.67502    3.50    2.47    3.33
17-07-2024 07:51:16.95   24.18   1.829  27.490   31.052  116.1  13.06  14.000    0.66540    3.42    2.02    3.18
17-07-2024 07:51:17.20   24.21   1.827  27.494   31.059  116.1  13.06  14.000    0.66170    3.81    2.21    2.82
17-07-2024 07:51:17.45   24.22   1.829  27.497   31.061  116.1  13.06  14.000    0.68982    3.23    2.01    2.89
17-07-2024 07:51:17.69   24.33   1.829  27.500   31.064  116.1  13.06  14.000    0.66614    3.24    2.19    2.84
17-07-2024 07:51:17.94   24.40   1.829  27.501   31.065  116.1  13.06  14.000    0.66688    3.40    2.56    3.33
17-07-2024 07:51:18.18   24.42   1.829  27.502   31.067  116.1  13.06  14.000    0.66984    3.40    2.56    3.33
17-07-2024 07:51:18.43   24.46   1.828  27.503   31.069  116.1  13.06  14.000    0.65429    3.74    2.18    3.38
17-07-2024 07:51:18.67   24.54   1.829  27.509   31.076  116.1  13.05  14.000    0.65948    3.42    2.32    3.05
17-07-2024 07:51:18.92   24.67   1.830  27.514   31.081  116.1  13.05  14.000    0.63505    3.24    2.38    2.76
17-07-2024 07:51:19.16   24.62   1.833  27.521   31.086  116.0  13.05  14.000    0.64615    3.44    2.36    2.95
17-07-2024 07:51:19.41   24.68   1.837  27.527   31.090  116.0  13.05  14.000    0.63283    3.38    2.42    3.11
17-07-2024 07:51:19.65   24.74   1.839  27.533   31.096  116.0  13.04  14.000    0.62247    3.22    2.46    3.40
17-07-2024 07:51:19.90   24.86   1.840  27.537   31.099  116.0  13.05  14.000    0.62765    3.22    2.46    3.40
17-07-2024 07:51:20.14   24.83   1.839  27.540   31.104  116.1  13.05  14.000    0.62691    3.27    2.51    3.07
17-07-2024 07:51:20.39   24.94   1.839  27.540   31.105  116.0  13.05  14.000    0.62987    3.51    2.22    3.02
17-07-2024 07:51:20.64   24.95   1.838  27.540   31.105  116.1  13.05  14.000    0.62247    3.52    2.84    3.13
17-07-2024 07:51:20.89   25.04   1.837  27.539   31.105  116.0  13.05  14.000    0.63061    3.36    1.88    2.98
17-07-2024 07:51:21.14   25.05   1.836  27.542   31.109  116.0  13.05  14.000    0.60915    3.30    2.59    3.10
17-07-2024 07:51:21.38   25.09   1.834  27.542   31.112  116.0  13.04  14.000    0.61359    3.07    2.36    3.00
17-07-2024 07:51:21.63   25.18   1.833  27.544   31.115  116.0  13.05  14.000    0.61063    3.07    2.36    3.00
17-07-2024 07:51:21.87   25.29   1.831  27.544   31.117  116.0  13.05  14.000    0.60544    3.29    2.39    3.27
17-07-2024 07:51:22.12   25.32   1.826  27.543   31.121  116.1  13.05  14.000    0.61063    3.27    2.52    3.20
17-07-2024 07:51:22.36   25.32   1.822  27.543   31.125  116.1  13.05  14.000    0.60322    3.43    2.01    3.17
17-07-2024 07:51:22.61   25.40   1.818  27.542   31.126  116.0  13.05  14.000    0.60026    2.90    2.16    3.00
17-07-2024 07:51:22.85   25.48   1.812  27.539   31.129  116.1  13.05  14.000    0.59434    3.11    2.08    2.78
17-07-2024 07:51:23.10   25.52   1.806  27.533   31.128  116.0  13.05  14.000    0.59804    2.95    2.22    3.04
17-07-2024 07:51:23.34   25.59   1.795  27.527   31.131  116.3  13.09  14.000    0.58990    2.95    2.22    3.04
17-07-2024 07:51:23.59   25.64   1.783  27.516   31.129  116.3  13.09  14.000    0.58472    2.97    2.50    2.93
17-07-2024 07:51:23.83   25.68   1.763  27.500   31.129  116.0  13.07  14.000    0.57806    3.11    2.35    3.04
17-07-2024 07:51:24.08   25.77   1.736  27.481   31.131  116.3  13.11  14.000    0.57584    2.98    2.18    3.04
17-07-2024 07:51:24.33   25.84   1.703  27.453   31.129  116.3  13.12  14.000    0.57806    3.19    2.03    3.17
17-07-2024 07:51:24.58   25.86   1.665  27.424   31.131  116.4  13.14  14.000    0.56622    2.95    2.23    3.03
17-07-2024 07:51:24.83   25.94   1.636  27.409   31.141  116.4  13.15  14.000    0.57732    3.38    1.94    3.29
17-07-2024 07:51:25.07   26.00   1.614  27.396   31.146  116.4  13.15  14.000    0.56844    3.38    1.94    3.29
17-07-2024 07:51:25.32   26.04   1.593  27.380   31.147  116.3  13.16  14.000    0.57362    3.30    2.23    3.00
17-07-2024 07:51:25.56   26.10   1.570  27.355   31.138  116.3  13.17  14.000    0.55141    3.40    2.36    2.88
17-07-2024 07:51:25.81   26.14   1.544  27.342   31.147  116.3  13.17  14.000    0.55511    3.55    2.16    2.94
17-07-2024 07:51:26.05   26.15   1.525  27.331   31.153  116.0  13.14  14.000    0.54179    3.40    1.88    3.21
17-07-2024 07:51:26.30   26.21   1.515  27.332   31.165  116.0  13.15  14.000    0.53883    3.74    2.48    2.83
17-07-2024 07:51:26.54   26.38   1.511  27.333   31.169  116.0  13.14  14.000    0.54623    3.57    2.18    3.21
17-07-2024 07:51:26.78   26.30   1.508  27.334   31.174  115.9  13.14  14.000    0.52403    3.57    2.18    3.21
17-07-2024 07:51:27.04   26.36   1.502  27.332   31.177  115.9  13.13  14.000    0.56030    3.29    2.51    3.39
17-07-2024 07:51:27.28   26.44   1.496  27.327   31.177  115.9  13.14  14.000    0.53957    3.43    2.33    3.15
17-07-2024 07:51:27.52   26.48   1.489  27.325   31.182  115.8  13.13  14.000    0.52551    3.39    2.17    2.92
17-07-2024 07:51:27.77   26.66   1.486  27.325   31.184  115.8  13.13  14.000    0.52033    3.45    2.09    3.11
17-07-2024 07:51:28.02   26.66   1.484  27.331   31.193  115.8  13.13  14.000    0.51145    3.80    1.89    3.13
17-07-2024 07:51:28.26   26.74   1.489  27.339   31.198  115.7  13.12  14.000    0.52477    3.15    2.28    3.09
17-07-2024 07:51:28.51   26.72   1.499  27.350   31.203  115.7  13.11  14.000    0.50256    3.15    2.28    3.09
17-07-2024 07:51:28.76   26.74   1.507  27.352   31.197  115.7  13.11  14.000    0.50478    3.30    2.00    3.31
17-07-2024 07:51:29.00   26.85   1.510  27.356   31.198  115.6  13.10  14.000    0.51811    3.03    2.29    2.95
17-07-2024 07:51:29.25   26.92   1.516  27.363   31.202  115.6  13.09  14.000    0.49738    2.98    2.45    3.03
17-07-2024 07:51:29.49   26.91   1.534  27.388   31.215  115.6  13.08  14.000    0.50922    2.83    2.75    3.04
17-07-2024 07:51:29.74   27.10   1.547  27.392   31.208  115.5  13.08  14.000    0.50330    2.91    2.37    3.12
17-07-2024 07:51:29.98   27.05   1.562  27.406   31.209  115.5  13.07  14.000    0.51663    3.04    2.37    3.10
17-07-2024 07:51:30.23   27.14   1.571  27.405   31.199  115.5  13.07  14.000    0.50034    3.04    2.37    3.10
17-07-2024 07:51:30.47   27.22   1.575  27.410   31.201  115.5  13.06  14.000    0.49220    3.35    2.31    3.00
17-07-2024 07:51:30.72   27.21   1.579  27.411   31.198  115.5  13.06  14.000    0.49960    3.44    2.53    2.85
17-07-2024 07:51:30.96   27.24   1.581  27.415   31.201  115.5  13.06  14.000    0.48628    2.85    2.24    3.06
17-07-2024 07:51:31.21   27.28   1.587  27.419   31.202  115.5  13.06  14.000    0.47444    2.66    2.54    3.42
17-07-2024 07:51:31.45   27.48   1.594  27.426   31.203  115.5  13.06  14.000    0.48258    2.81    2.01    2.98
17-07-2024 07:51:31.71   27.53   1.598  27.429   31.203  115.5  13.05  14.000    0.48554    2.59    2.59    3.28
17-07-2024 07:51:31.95   27.57   1.599  27.428   31.201  115.5  13.06  14.000    0.48554    2.59    2.59    3.28
17-07-2024 07:51:32.20   27.48   1.600  27.430   31.202  115.5  13.05  14.000    0.49146    2.68    2.13    2.78
17-07-2024 07:51:32.44   27.70   1.600  27.431   31.202  115.5  13.05  14.000    0.46482    2.49    2.28    2.68
17-07-2024 07:51:32.69   27.72   1.601  27.432   31.204  115.5  13.06  14.000    0.47148    2.71    2.29    2.84
17-07-2024 07:51:32.93   27.75   1.601  27.430   31.200  115.5  13.06  14.000    0.47000    3.00    2.32    3.19
17-07-2024 07:51:33.18   27.86   1.601  27.432   31.203  115.5  13.06  14.000    0.46778    2.45    2.05    2.65
17-07-2024 07:51:33.42   27.78   1.597  27.435   31.211  115.5  13.06  14.000    0.47370    2.55    2.39    2.93
17-07-2024 07:51:33.67   27.83   1.593  27.434   31.214  115.5  13.06  14.000    0.45963    2.55    2.39    2.93
17-07-2024 07:51:33.91   27.95   1.591  27.433   31.215  115.5  13.06  14.000    0.46185    2.27    2.09    2.76
17-07-2024 07:51:34.16   27.96   1.590  27.435   31.218  115.5  13.06  14.000    0.44779    2.43    2.62    2.94
17-07-2024 07:51:34.40   28.03   1.589  27.434   31.218  115.5  13.06  14.000    0.45445    2.50    2.26    2.87
17-07-2024 07:51:34.65   28.06   1.587  27.433   31.218  115.5  13.06  14.000    0.44779    2.73    1.78    3.11
17-07-2024 07:51:34.89   28.22   1.587  27.433   31.218  115.5  13.05  14.000    0.43373    2.89    2.60    2.88
17-07-2024 07:51:35.14   28.18   1.586  27.432   31.218  115.5  13.06  14.000    0.45815    2.89    2.60    2.88
17-07-2024 07:51:35.39   28.36   1.584  27.430   31.218  115.5  13.06  14.000    0.43447    2.61    2.31    3.07
17-07-2024 07:51:35.64   28.45   1.581  27.429   31.219  115.4  13.05  14.000    0.43669    2.13    2.26    3.28
17-07-2024 07:51:35.89   28.31   1.575  27.425   31.220  115.4  13.06  14.000    0.43669    2.83    1.64    3.05
17-07-2024 07:51:36.13   28.36   1.570  27.421   31.220  115.5  13.06  14.000    0.43669    2.21    2.35    3.03
17-07-2024 07:51:36.38   28.61   1.561  27.418   31.226  115.5  13.06  14.000    0.41745    2.51    2.46    3.16
17-07-2024 07:51:36.62   28.47   1.556  27.418   31.230  115.5  13.06  14.000    0.42485    2.39    2.05    2.98
17-07-2024 07:51:36.87   28.50   1.554  27.417   31.230  115.4  13.06  14.000    0.43595    2.34    2.48    2.90
17-07-2024 07:51:37.11   28.67   1.550  27.413   31.230  115.4  13.06  14.000    0.41671    2.34    2.48    2.90
17-07-2024 07:51:37.36   28.69   1.543  27.410   31.233  115.4  13.06  14.000    0.42263    2.38    2.19    2.99
17-07-2024 07:51:37.60   28.91   1.538  27.408   31.235  115.4  13.06  14.000    0.42263    2.63    2.04    3.19
17-07-2024 07:51:37.85   28.83   1.534  27.406   31.236  115.4  13.06  14.000    0.43003    2.65    2.08    2.97
17-07-2024 07:51:38.10   28.93   1.529  27.403   31.237  115.4  13.06  14.000    0.40930    3.20    2.13    2.87
17-07-2024 07:51:38.34   29.03   1.525  27.401   31.239  115.3  13.06  14.000    0.40930    2.74    2.28    2.63
17-07-2024 07:51:38.58   29.15   1.523  27.400   31.239  115.3  13.06  14.000    0.41375    2.74    2.28    2.63
17-07-2024 07:51:38.83   29.20   1.523  27.400   31.240  115.3  13.06  14.000    0.41523    2.61    2.01    2.90
17-07-2024 07:51:39.08   29.15   1.521  27.399   31.241  115.3  13.06  14.000    0.40560    2.95    2.17    3.09
17-07-2024 07:51:39.32   29.38   1.520  27.399   31.241  115.3  13.05  14.000    0.39302    2.62    2.39    3.20
17-07-2024 07:51:39.57   29.30   1.519  27.398   31.242  115.2  13.05  14.000    0.38932    2.44    2.38    2.78
17-07-2024 07:51:39.82   29.50   1.520  27.398   31.241  115.2  13.05  14.000    0.38932    2.67    2.36    2.84
17-07-2024 07:51:40.06   29.50   1.520  27.398   31.241  115.2  13.05  14.000    0.40190    2.56    1.89    3.22
17-07-2024 07:51:40.31   29.51   1.518  27.395   31.239  115.2  13.04  14.000    0.37600    2.56    1.89    3.22
17-07-2024 07:51:40.55   29.63   1.518  27.397   31.241  115.2  13.04  14.000    0.38192    2.33    2.55    3.28
17-07-2024 07:51:40.80   29.80   1.517  27.397   31.242  115.2  13.04  14.000    0.38414    2.17    2.18    3.24
17-07-2024 07:51:41.04   29.94   1.516  27.396   31.242  115.1  13.04  14.000    0.38414    2.39    2.44    2.84
17-07-2024 07:51:41.29   29.86   1.514  27.394   31.241  115.1  13.04  14.000    0.37526    2.46    2.35    3.07
17-07-2024 07:51:41.53   29.98   1.512  27.394   31.243  115.1  13.04  14.000    0.37230    2.38    1.97    2.66
17-07-2024 07:51:41.78   30.04   1.510  27.393   31.243  115.1  13.04  14.000    0.36341    2.57    2.24    3.09
17-07-2024 07:51:42.02   30.19   1.509  27.392   31.244  115.1  13.04  14.000    0.36712    2.57    2.24    3.09
17-07-2024 07:51:42.27   30.19   1.509  27.393   31.245  115.1  13.04  14.000    0.37378    2.56    2.20    2.62
17-07-2024 07:51:42.52   30.39   1.507  27.393   31.246  115.1  13.04  14.000    0.37008    2.58    2.28    3.45
17-07-2024 07:51:42.77   30.24   1.504  27.391   31.247  115.1  13.04  14.000    0.35749    2.63    2.31    3.08
17-07-2024 07:51:43.01   30.47   1.500  27.389   31.249  115.1  13.04  14.000    0.33011    2.64    1.99    3.08
17-07-2024 07:51:43.26   30.63   1.496  27.387   31.250  115.1  13.04  14.000    0.35823    2.28    1.91    2.97
17-07-2024 07:51:43.51   30.56   1.491  27.383   31.250  115.1  13.04  14.000    0.34491    2.37    2.76    2.96
17-07-2024 07:51:43.75   30.59   1.484  27.379   31.252  115.0  13.04  14.000    0.34861    2.37    2.76    2.96
17-07-2024 07:51:44.00   30.74   1.476  27.374   31.253  115.1  13.04  14.000    0.34047    2.56    2.14    3.09
17-07-2024 07:51:44.24   30.86   1.465  27.367   31.256  115.1  13.05  14.000    0.38488    2.31    2.29    2.84
17-07-2024 07:51:44.49   30.97   1.454  27.362   31.261  115.1  13.05  14.000    0.33751    2.36    2.86    2.87
17-07-2024 07:51:44.73   30.97   1.436  27.354   31.268  115.1  13.06  14.000    0.32789    2.47    2.14    2.64
17-07-2024 07:51:44.98   31.07   1.418  27.344   31.273  115.1  13.07  14.000    0.33233    2.56    2.04    2.83
17-07-2024 07:51:45.22   31.28   1.404  27.338   31.279  115.1  13.07  14.000    0.34269    2.52    2.17    3.01
17-07-2024 07:51:45.47   31.11   1.389  27.327   31.281  115.1  13.07  14.000    0.31530    2.52    2.17    3.01
17-07-2024 07:51:45.71   31.26   1.366  27.311   31.283  115.1  13.08  14.000    0.31679    2.43    2.45    2.91
17-07-2024 07:51:45.96   31.27   1.329  27.279   31.280  115.1  13.10  14.000    0.32123    2.31    2.74    3.07
17-07-2024 07:51:46.20   31.54   1.274  27.236   31.281  115.2  13.13  14.000    0.32567    2.66    1.55    2.94
17-07-2024 07:51:46.45   31.58   1.222  27.205   31.293  115.2  13.14  14.000    0.32715    2.54    2.14    3.33
17-07-2024 07:51:46.70   31.67   1.192  27.192   31.307  115.2  13.15  14.000    0.30716    2.53    2.44    3.13
17-07-2024 07:51:46.95   31.59   1.167  27.178   31.314  115.1  13.15  14.000    0.31604    2.76    2.21    2.93
17-07-2024 07:51:47.19   31.86   1.146  27.159   31.311  115.1  13.16  14.000    0.30346    2.76    2.21    2.93
17-07-2024 07:51:47.44   31.75   1.122  27.142   31.314  115.1  13.16  14.000    0.30864    2.52    2.34    3.03
17-07-2024 07:51:47.68   31.87   1.103  27.130   31.316  115.0  13.16  14.000    0.32271    2.50    2.17    3.08
17-07-2024 07:51:47.93   31.99   1.089  27.140   31.343  115.0  13.16  14.000    0.31456    3.02    1.76    2.95
17-07-2024 07:51:48.17   32.05   1.115  27.165   31.350  114.9  13.14  14.000    0.29976    2.69    2.84    3.02
17-07-2024 07:51:48.42   32.26   1.098  27.113   31.301  114.9  13.15  14.000    0.31308    2.57    2.11    3.22
17-07-2024 07:51:48.66   32.38   1.064  27.104   31.323  114.9  13.16  14.000    0.31086    2.61    2.32    3.02
17-07-2024 07:51:48.91   32.33   1.047  27.092   31.325  114.9  13.16  14.000    0.30272    2.61    2.32    3.02
17-07-2024 07:51:49.16   32.53   1.018  27.064   31.318  114.9  13.17  14.000    0.29828    3.09    1.66    2.94
17-07-2024 07:51:49.40   32.39   0.982  27.042   31.326  114.9  13.19  14.000    0.29014    2.98    2.55    3.23
17-07-2024 07:51:49.65   32.49   0.952  27.027   31.337  114.9  13.19  14.000    0.28570    2.72    2.35    3.09
17-07-2024 07:51:49.89   32.58   0.928  27.009   31.338  114.9  13.20  14.000    0.31679    2.79    1.91    3.05
17-07-2024 07:51:50.14   32.91   0.911  27.007   31.354  114.8  13.20  14.000    0.29236    2.56    2.36    3.21
17-07-2024 07:51:50.39   32.72   0.920  27.028   31.370  114.7  13.18  14.000    0.27978    3.17    1.48    3.20
17-07-2024 07:51:50.64   32.83   0.934  27.033   31.364  114.6  13.17  14.000    0.27756    3.17    1.48    3.20
17-07-2024 07:51:50.88   32.89   0.935  27.029   31.358  114.6  13.17  14.000    0.27312    3.29    2.29    3.09
17-07-2024 07:51:51.13   33.21   0.931  27.027   31.359  114.6  13.17  14.000    0.28570    3.02    2.33    3.04
17-07-2024 07:51:51.37   33.13   0.928  27.025   31.358  114.6  13.17  14.000    0.28052    2.81    2.44    3.26
17-07-2024 07:51:51.62   33.37   0.931  27.034   31.367  114.6  13.16  14.000    0.27238    3.62    2.24    2.97
17-07-2024 07:51:51.86   33.39   0.937  27.040   31.369  114.5  13.16  14.000    0.27312    3.01    2.26    3.02
17-07-2024 07:51:52.11   33.29   0.952  27.071   31.393  114.5  13.14  14.000    0.26571    2.72    2.45    3.18
17-07-2024 07:51:52.35   33.57   0.996  27.103   31.390  114.4  13.12  14.000    0.26645    2.72    2.45    3.18
17-07-2024 07:51:52.60   33.47   1.013  27.104   31.374  114.4  13.11  14.000    0.25831    3.05    2.23    3.19
17-07-2024 07:51:52.84   33.53   1.017  27.104   31.370  114.4  13.11  14.000    0.25905    2.92    2.24    3.11
17-07-2024 07:51:53.09   33.76   1.012  27.100   31.370  114.4  13.12  14.000    0.24795    2.92    2.24    3.04
17-07-2024 07:51:53.33   33.72   1.010  27.100   31.372  114.4  13.12  14.000    0.25757    3.01    2.29    3.33
17-07-2024 07:51:53.58   33.92   1.009  27.103   31.377  114.4  13.12  14.000    0.24869    2.73    1.85    3.08
17-07-2024 07:51:53.83   34.02   1.009  27.104   31.379  114.5  13.12  14.000    0.26201    3.10    2.17    2.98
17-07-2024 07:51:54.07   33.91   1.008  27.100   31.373  114.5  13.12  14.000    0.23389    3.10    2.17    2.98
17-07-2024 07:51:54.32   34.19   1.007  27.099   31.374  114.5  13.13  14.000    0.24203    2.73    2.24    3.15
17-07-2024 07:51:54.57   34.08   1.005  27.095   31.370  114.5  13.13  14.000    0.25017    2.57    1.87    2.61
17-07-2024 07:51:54.81   34.23   0.998  27.090   31.372  114.5  13.13  14.000    0.24573    2.38    2.33    2.99
17-07-2024 07:51:55.06   34.29   0.992  27.089   31.376  114.5  13.14  14.000    0.24721    2.91    1.79    2.65
17-07-2024 07:51:55.30   34.50   0.987  27.083   31.372  114.5  13.14  14.000    0.24499    2.57    2.07    2.86
17-07-2024 07:51:55.55   34.40   0.981  27.078   31.373  114.5  13.14  14.000    0.25017    2.72    2.36    2.84
17-07-2024 07:51:55.79   34.55   0.976  27.081   31.381  114.5  13.14  14.000    0.23315    2.72    2.36    2.84
17-07-2024 07:51:56.04   34.61   0.970  27.071   31.374  114.5  13.15  14.000    0.21760    2.49    1.90    2.86
17-07-2024 07:51:56.28   34.93   0.964  27.067   31.376  114.5  13.15  14.000    0.23981    2.81    1.83    3.22
17-07-2024 07:51:56.53   34.82   0.961  27.067   31.379  114.5  13.15  14.000    0.22723    2.46    2.49    2.96
17-07-2024 07:51:56.77   34.85   0.959  27.070   31.385  114.5  13.15  14.000    0.22205    2.68    2.14    3.20
17-07-2024 07:51:57.02   34.92   0.956  27.057   31.370  114.5  13.15  14.000    0.22205    2.97    2.64    2.99
17-07-2024 07:51:57.27   35.08   0.929  27.011   31.339  114.6  13.17  14.000    0.22501    2.75    2.11    3.05
17-07-2024 07:51:57.51   35.21   0.875  26.966   31.335  114.6  13.19  14.000    0.23759    2.75    2.11    3.05
17-07-2024 07:51:57.76   35.39   0.802  26.907   31.334  114.7  13.23  14.000    0.21834    3.02    2.21    3.10
17-07-2024 07:51:58.01   35.26   0.727  26.858   31.348  114.8  13.26  14.000    0.20428    2.70    2.48    3.16
17-07-2024 07:51:58.25   35.52   0.673  26.825   31.359  114.8  13.28  14.000    0.22575    2.73    2.36    2.74
17-07-2024 07:51:58.50   35.49   0.643  26.816   31.378  114.7  13.28  14.000    0.21390    2.56    2.40    3.18
17-07-2024 07:51:58.75   35.60   0.627  26.805   31.380  114.7  13.28  14.000    0.21242    3.15    2.49    3.32
17-07-2024 07:51:58.99   35.78   0.619  26.801   31.383  114.6  13.28  14.000    0.22205    2.58    2.09    3.05
17-07-2024 07:51:59.23   35.75   0.616  26.803   31.389  114.5  13.27  14.000    0.21020    2.58    2.09    3.05
17-07-2024 07:51:59.48   35.94   0.617  26.806   31.391  114.5  13.26  14.000    0.21612    2.94    1.94    2.93
17-07-2024 07:51:59.73   35.82   0.620  26.810   31.394  114.4  13.25  14.000    0.21464    2.88    2.56    3.25
17-07-2024 07:51:59.97   35.95   0.624  26.812   31.392  114.4  13.25  14.000    0.21316    3.00    2.63    3.15
17-07-2024 07:52:00.22   36.23   0.629  26.818   31.394  114.4  13.24  14.000    0.20872    3.20    2.29    3.10
17-07-2024 07:52:00.46   36.06   0.638  26.828   31.398  114.3  13.23  14.000    0.20058    3.08    2.35    3.07
17-07-2024 07:52:00.71   36.12   0.648  26.832   31.394  114.3  13.23  14.000    0.20502    2.84    2.47    2.96
17-07-2024 07:52:00.95   36.21   0.649  26.828   31.388  114.2  13.22  14.000    0.19614    2.84    2.47    2.96
17-07-2024 07:52:01.20   36.37   0.642  26.822   31.386  114.2  13.22  14.000    0.19762    3.16    2.37    3.11
17-07-2024 07:52:01.45   36.64   0.635  26.818   31.387  114.2  13.23  14.000    0.19392    2.56    2.26    3.07
17-07-2024 07:52:01.70   36.50   0.628  26.809   31.384  114.2  13.23  14.000    0.17468    2.82    2.36    3.10
17-07-2024 07:52:01.94   36.56   0.615  26.801   31.387  114.2  13.23  14.000    0.20576    2.98    2.12    3.11
17-07-2024 07:52:02.19   36.62   0.608  26.800   31.392  114.2  13.23  14.000    0.19392    2.98    2.50    3.16
17-07-2024 07:52:02.43   36.78   0.608  26.806   31.400  114.2  13.23  14.000    0.18208    2.67    2.43    3.28
17-07-2024 07:52:02.68   36.77   0.614  26.809   31.398  114.2  13.22  14.000    0.20502    2.67    2.43    3.28
17-07-2024 07:52:02.92   36.99   0.611  26.803   31.393  114.2  13.23  14.000    0.18800    3.11    2.01    3.35
17-07-2024 07:52:03.17   36.99   0.602  26.793   31.389  114.2  13.23  14.000    0.18282    2.64    1.75    3.31
17-07-2024 07:52:03.41   37.08   0.588  26.782   31.389  114.2  13.24  14.000    0.20132    3.33    2.28    3.45
17-07-2024 07:52:03.66   37.36   0.575  26.772   31.389  114.2  13.24  14.000    0.19022    3.10    2.04    2.81
17-07-2024 07:52:03.90   37.19   0.563  26.765   31.393  114.2  13.24  14.000    0.18430    2.95    2.59    3.18
17-07-2024 07:52:04.15   37.34   0.557  26.763   31.397  114.1  13.24  14.000    0.18208    3.17    2.52    3.09
17-07-2024 07:52:04.40   37.33   0.551  26.760   31.399  114.1  13.24  14.000    0.18282    3.17    2.52    3.09
17-07-2024 07:52:04.64   37.67   0.547  26.757   31.398  114.1  13.24  14.000    0.18134    3.38    2.21    2.86
17-07-2024 07:52:04.89   37.58   0.544  26.758   31.403  114.1  13.24  14.000    0.19466    3.16    1.56    2.88
17-07-2024 07:52:05.14   37.75   0.548  26.765   31.407  114.1  13.24  14.000    0.16949    3.35    2.14    2.83
17-07-2024 07:52:05.39   37.86   0.555  26.776   31.414  114.0  13.23  14.000    0.16949    2.59    2.73    2.66
17-07-2024 07:52:05.63   37.87   0.565  26.788   31.419  114.0  13.22  14.000    0.18800    3.46    2.27    2.94
17-07-2024 07:52:05.88   37.80   0.578  26.797   31.418  114.0  13.21  14.000    0.17394    3.05    2.46    3.05
17-07-2024 07:52:06.12   38.01   0.588  26.805   31.419  114.0  13.21  14.000    0.16061    3.05    2.46    3.05
17-07-2024 07:52:06.37   38.21   0.596  26.812   31.419  113.9  13.20  14.000    0.17320    2.73    2.45    3.14
17-07-2024 07:52:06.61   38.29   0.602  26.816   31.418  113.9  13.20  14.000    0.16579    3.28    2.18    3.10
17-07-2024 07:52:06.86   38.22   0.605  26.817   31.417  113.9  13.20  14.000    0.14803    3.13    2.15    3.09
17-07-2024 07:52:07.10   38.47   0.605  26.818   31.417  113.9  13.20  14.000    0.17024    3.11    2.65    2.35
17-07-2024 07:52:07.35   38.53   0.604  26.818   31.419  113.9  13.20  14.000    0.17394    3.08    2.19    3.25
17-07-2024 07:52:07.59   38.62   0.602  26.815   31.416  113.9  13.20  14.000    0.17468    3.69    2.25    3.37
17-07-2024 07:52:07.84   38.45   0.592  26.806   31.416  113.9  13.20  14.000    0.16579    3.69    2.25    3.37
17-07-2024 07:52:08.09   38.68   0.584  26.807   31.425  113.9  13.21  14.000    0.17098    3.05    2.23    2.94
17-07-2024 07:52:08.33   38.79   0.585  26.820   31.440  113.9  13.20  14.000    0.15395    3.18    2.16    3.28
17-07-2024 07:52:08.58   38.82   0.600  26.836   31.446  113.9  13.19  14.000    0.17320    3.15    2.35    3.00
17-07-2024 07:52:08.83   39.00   0.610  26.839   31.440  113.8  13.19  14.000    0.16949    3.53    2.54    2.84
17-07-2024 07:52:09.08   39.11   0.603  26.831   31.436  113.9  13.20  14.000    0.15395    3.05    2.44    3.21
17-07-2024 07:52:09.32   39.17   0.598  26.835   31.447  113.9  13.20  14.000    0.16505    3.05    2.29    3.12
17-07-2024 07:52:09.56   39.26   0.602  26.848   31.458  113.9  13.19  14.000    0.15395    3.05    2.29    3.12
17-07-2024 07:52:09.81   39.35   0.612  26.857   31.460  113.9  13.18  14.000    0.16209    2.99    2.68    3.12
17-07-2024 07:52:10.05   39.22   0.617  26.859   31.459  113.9  13.18  14.000    0.14507    2.99    2.69    3.15
17-07-2024 07:52:10.30   39.51   0.615  26.856   31.455  113.8  13.18  14.000    0.15691    2.78    2.18    3.17
17-07-2024 07:52:10.54   39.63   0.610  26.853   31.457  113.9  13.19  14.000    0.15469    3.63    2.60    2.79
17-07-2024 07:52:10.79   39.70   0.605  26.851   31.460  113.9  13.19  14.000    0.15173    3.02    2.23    3.22
17-07-2024 07:52:11.04   39.63   0.600  26.850   31.464  113.9  13.19  14.000    0.15173    3.02    2.18    2.82
17-07-2024 07:52:11.28   39.83   0.597  26.848   31.464  113.9  13.19  14.000    0.16949    3.02    2.18    2.82
17-07-2024 07:52:11.52   39.73   0.594  26.848   31.467  113.9  13.19  14.000    0.15839    2.72    2.44    3.15
17-07-2024 07:52:11.77   39.78   0.591  26.848   31.469  113.9  13.19  14.000    0.15099    2.94    2.00    2.95
17-07-2024 07:52:12.02   39.96   0.590  26.850   31.473  113.9  13.19  14.000    0.14951    2.83    1.77    3.17
17-07-2024 07:52:12.27   40.02   0.588  26.849   31.473  113.9  13.19  14.000    0.14729    3.00    2.15    3.41
17-07-2024 07:52:12.51   40.06   0.586  26.849   31.476  113.9  13.19  14.000    0.13323    2.80    2.15    3.16
17-07-2024 07:52:12.76   40.24   0.583  26.847   31.476  113.8  13.19  14.000    0.14433    3.26    2.00    3.20
17-07-2024 07:52:13.01   40.45   0.581  26.846   31.477  113.9  13.20  14.000    0.14951    3.26    2.00    3.20
17-07-2024 07:52:13.25   40.31   0.576  26.843   31.479  113.8  13.19  14.000    0.14507    2.87    2.30    3.18
17-07-2024 07:52:13.50   40.56   0.570  26.840   31.480  113.9  13.20  14.000    0.14729    2.74    2.55    3.19
17-07-2024 07:52:13.74   40.47   0.565  26.837   31.481  113.8  13.20  14.000    0.15247    2.84    2.72    2.98
17-07-2024 07:52:13.99   40.62   0.560  26.835   31.484  113.8  13.20  14.000    0.14433    2.60    2.09    2.86
17-07-2024 07:52:14.23   40.82   0.556  26.834   31.486  113.8  13.20  14.000    0.14655    2.91    2.30    2.74
17-07-2024 07:52:14.48   40.72   0.552  26.832   31.489  113.8  13.20  14.000    0.15173    2.46    1.96    3.05
17-07-2024 07:52:14.72   40.88   0.549  26.831   31.490  113.8  13.20  14.000    0.14877    2.46    1.96    3.05
17-07-2024 07:52:14.97   41.05   0.545  26.830   31.493  113.8  13.20  14.000    0.14137    2.84    2.47    3.07
17-07-2024 07:52:15.21   41.06   0.543  26.830   31.495  113.8  13.20  14.000    0.14729    2.70    1.87    2.98
17-07-2024 07:52:15.46   41.27   0.541  26.830   31.496  113.8  13.20  14.000    0.13471    2.67    2.25    2.95
17-07-2024 07:52:15.71   41.23   0.539  26.830   31.498  113.8  13.20  14.000    0.14803    2.53    2.42    2.93
17-07-2024 07:52:15.96   41.38   0.536  26.829   31.500  113.8  13.20  14.000    0.12213    2.90    2.45    2.79
17-07-2024 07:52:16.20   41.30   0.535  26.832   31.505  113.8  13.20  14.000    0.14729    3.00    2.47    2.95
17-07-2024 07:52:16.45   41.59   0.540  26.840   31.510  113.8  13.19  14.000    0.14063    3.00    2.47    2.95
17-07-2024 07:52:16.70   41.47   0.547  26.846   31.511  113.7  13.19  14.000    0.14137    2.71    2.35    2.92
17-07-2024 07:52:16.94   41.75   0.548  26.839   31.501  113.7  13.19  14.000    0.13915    3.15    2.32    2.87
17-07-2024 07:52:17.19   41.85   0.524  26.812   31.489  113.8  13.20  14.000    0.12879    3.30    1.94    3.15
17-07-2024 07:52:17.43   41.93   0.481  26.766   31.474  113.8  13.23  14.000    0.14359    2.54    2.76    3.24
17-07-2024 07:52:17.68   41.78   0.434  26.738   31.487  113.9  13.24  14.000    0.12287    2.82    2.00    3.16
17-07-2024 07:52:17.92   42.08   0.404  26.719   31.493  113.8  13.25  14.000    0.13323    2.82    2.00    3.16
17-07-2024 07:52:18.17   42.15   0.381  26.707   31.501  113.8  13.26  14.000    0.12953    2.65    2.32    2.92
17-07-2024 07:52:18.41   42.17   0.368  26.705   31.511  113.8  13.26  14.000    0.12879    2.83    2.75    3.22
17-07-2024 07:52:18.66   42.11   0.365  26.711   31.522  113.7  13.25  14.000    0.11916    2.92    2.00    3.36
17-07-2024 07:52:18.90   42.38   0.373  26.725   31.531  113.7  13.24  14.000    0.12435    2.83    2.19    3.01
17-07-2024 07:52:19.15   42.45   0.393  26.749   31.542  113.6  13.22  14.000    0.12509    2.79    1.99    3.58
17-07-2024 07:52:19.39   42.55   0.413  26.763   31.539  113.5  13.21  14.000    0.11546    2.73    2.64    2.82
17-07-2024 07:52:19.65   42.61   0.427  26.771   31.536  113.5  13.20  14.000    0.12509    2.82    2.23    3.25
17-07-2024 07:52:19.89   42.61   0.431  26.773   31.534  113.5  13.20  14.000    0.12435    2.82    2.23    3.25
17-07-2024 07:52:20.14   42.81   0.431  26.776   31.537  113.5  13.20  14.000    0.13249    2.93    2.05    2.95
17-07-2024 07:52:20.38   42.86   0.431  26.775   31.537  113.5  13.20  14.000    0.12731    2.84    2.49    2.70
17-07-2024 07:52:20.63   42.89   0.429  26.773   31.537  113.5  13.20  14.000    0.12805    2.62    2.43    2.86
17-07-2024 07:52:20.87   42.92   0.424  26.772   31.540  113.5  13.20  14.000    0.13027    2.67    2.45    3.04
17-07-2024 07:52:21.12   42.93   0.421  26.771   31.541  113.4  13.20  14.000    0.10806    2.83    2.15    3.40
17-07-2024 07:52:21.36   43.12   0.418  26.770   31.544  113.4  13.19  14.000    0.12064    2.83    2.15    3.40
17-07-2024 07:52:21.61   43.13   0.415  26.770   31.546  113.4  13.19  14.000    0.13101    2.57    2.01    3.41
17-07-2024 07:52:21.85   43.24   0.413  26.768   31.546  113.4  13.19  14.000    0.11472    3.05    2.21    3.04
17-07-2024 07:52:22.11   43.47   0.411  26.769   31.549  113.3  13.19  14.000    0.13175    2.83    2.32    3.01
17-07-2024 07:52:22.34   43.34   0.408  26.766   31.549  113.3  13.19  14.000    0.11398    3.04    2.47    2.98
17-07-2024 07:52:22.59   43.55   0.405  26.764   31.549  113.3  13.19  14.000    0.10510    2.63    2.33    3.21
17-07-2024 07:52:22.84   43.57   0.403  26.763   31.550  113.3  13.18  14.000    0.10732    2.54    2.50    3.12
17-07-2024 07:52:23.08   43.62   0.399  26.760   31.550  113.3  13.18  14.000    0.12805    2.54    2.50    3.12
17-07-2024 07:52:23.33   43.71   0.396  26.758   31.550  113.3  13.18  14.000    0.12138    3.19    2.15    3.43
17-07-2024 07:52:23.58   43.84   0.394  26.758   31.552  113.3  13.18  14.000    0.11472    2.67    2.23    3.07
17-07-2024 07:52:23.83   43.93   0.393  26.759   31.555  113.2  13.18  14.000    0.09400    2.51    2.56    3.47
17-07-2024 07:52:24.07   44.11   0.394  26.761   31.556  113.2  13.18  14.000    0.11028    2.38    2.28    3.31
17-07-2024 07:52:24.32   44.07   0.396  26.764   31.558  113.2  13.17  14.000    0.12064    3.20    2.16    3.23
17-07-2024 07:52:24.56   44.28   0.396  26.764   31.558  113.2  13.17  14.000    0.11324    2.74    2.17    3.16
17-07-2024 07:52:24.81   44.36   0.396  26.765   31.558  113.1  13.17  14.000    0.11398    2.74    2.19    3.23
17-07-2024 07:52:25.05   44.40   0.394  26.761   31.557  113.1  13.17  14.000    0.11546    2.74    2.19    3.23
17-07-2024 07:52:25.30   44.39   0.388  26.758   31.558  113.1  13.17  14.000    0.13027    3.02    2.27    3.30
17-07-2024 07:52:25.54   44.61   0.383  26.754   31.558  113.1  13.17  14.000    0.11028    2.39    2.72    3.03
17-07-2024 07:52:25.79   44.70   0.379  26.754   31.562  113.1  13.17  14.000    0.12138    2.33    2.38    3.18
17-07-2024 07:52:26.03   44.64   0.377  26.755   31.564  113.1  13.17  14.000    0.11768    2.74    2.06    2.92
17-07-2024 07:52:26.28   44.77   0.377  26.755   31.565  113.1  13.17  14.000    0.10362    2.73    2.56    2.88
17-07-2024 07:52:26.52   44.91   0.377  26.756   31.566  113.0  13.16  14.000    0.10288    2.73    2.56    2.88
17-07-2024 07:52:26.77   45.07   0.377  26.756   31.567  113.0  13.16  14.000    0.11324    2.80    2.27    3.20
17-07-2024 07:52:27.02   44.99   0.377  26.758   31.569  113.0  13.16  14.000    0.10732    2.30    2.70    3.23
17-07-2024 07:52:27.26   45.07   0.378  26.759   31.569  113.0  13.16  14.000    0.10362    2.38    2.41    2.91
17-07-2024 07:52:27.51   45.20   0.378  26.760   31.570  113.0  13.16  14.000    0.11028    2.70    2.62    2.82
17-07-2024 07:52:27.76   45.38   0.377  26.761   31.572  113.0  13.16  14.000    0.09918    2.87    2.08    2.91
17-07-2024 07:52:28.00   45.45   0.377  26.763   31.575  113.0  13.15  14.000    0.10214    2.76    2.06    3.17
17-07-2024 07:52:28.25   45.46   0.379  26.765   31.576  112.9  13.15  14.000    0.08364    2.76    2.06    3.17
17-07-2024 07:52:28.49   45.63   0.380  26.768   31.578  112.9  13.15  14.000    0.11250    2.89    2.40    3.09
17-07-2024 07:52:28.74   45.70   0.383  26.773   31.582  112.9  13.15  14.000    0.11028    2.62    2.49    3.22
17-07-2024 07:52:28.98   45.70   0.387  26.777   31.583  112.9  13.14  14.000    0.11028    2.63    1.82    3.03
17-07-2024 07:52:29.23   45.86   0.391  26.783   31.587  112.9  13.14  14.000    0.11768    2.53    2.53    3.45
17-07-2024 07:52:29.47   45.90   0.393  26.782   31.584  112.9  13.14  14.000    0.09548    3.36    2.31    2.94
17-07-2024 07:52:29.72   46.02   0.384  26.771   31.578  112.9  13.14  14.000    0.11768    2.52    2.21    3.10
17-07-2024 07:52:29.96   46.14   0.376  26.765   31.579  112.9  13.14  14.000    0.09548    2.52    2.21    3.10
17-07-2024 07:52:30.21   46.22   0.365  26.758   31.581  112.9  13.15  14.000    0.09918    2.69    2.12    2.89
17-07-2024 07:52:30.45   46.19   0.357  26.755   31.585  112.9  13.15  14.000    0.10436    3.05    2.30    3.48
17-07-2024 07:52:30.71   46.35   0.350  26.751   31.587  112.9  13.15  14.000    0.10214    2.49    2.19    2.82
17-07-2024 07:52:30.95   46.40   0.344  26.748   31.589  112.8  13.15  14.000    0.10288    2.50    2.30    2.59
17-07-2024 07:52:31.20   46.48   0.340  26.747   31.592  112.9  13.15  14.000    0.08512    3.69    2.32    2.87
17-07-2024 07:52:31.45   46.67   0.339  26.750   31.597  112.8  13.15  14.000    0.10214    2.63    2.37    3.07
17-07-2024 07:52:31.69   46.67   0.344  26.760   31.604  112.8  13.14  14.000    0.09844    2.63    2.37    3.07
17-07-2024 07:52:31.94   46.76   0.357  26.778   31.614  112.7  13.13  14.000    0.07846    2.79    2.28    2.68
17-07-2024 07:52:32.18   46.94   0.373  26.787   31.609  112.7  13.12  14.000    0.10066    2.71    2.20    2.85
17-07-2024 07:52:32.43   46.90   0.381  26.790   31.606  112.7  13.12  14.000    0.09622    2.51    2.47    2.77
17-07-2024 07:52:32.67   47.09   0.387  26.800   31.612  112.7  13.12  14.000    0.09992    2.31    2.11    3.02
17-07-2024 07:52:32.92   47.10   0.397  26.808   31.612  112.7  13.11  14.000    0.10140    2.67    2.08    3.05
17-07-2024 07:52:33.17   47.17   0.404  26.812   31.610  112.7  13.11  14.000    0.07402    2.89    1.99    3.23
17-07-2024 07:52:33.40   47.36   0.406  26.810   31.605  112.7  13.11  14.000    0.09400    2.89    1.99    3.23
17-07-2024 07:52:33.65   47.34   0.404  26.809   31.606  112.7  13.11  14.000    0.09178    2.66    2.53    3.29
17-07-2024 07:52:33.90   47.43   0.402  26.814   31.614  112.7  13.11  14.000    0.09326    2.56    2.58    3.08
17-07-2024 07:52:34.14   47.56   0.420  26.851   31.644  112.6  13.09  14.000    0.09474    2.59    2.44    2.90
17-07-2024 07:52:34.39   47.63   0.462  26.896   31.659  112.6  13.07  14.000    0.10066    2.58    2.13    3.50
17-07-2024 07:52:34.64   47.70   0.525  26.948   31.662  112.5  13.04  14.000    0.09474    2.81    1.92    3.02
17-07-2024 07:52:34.89   47.75   0.564  26.972   31.653  112.5  13.02  14.000    0.10066    2.57    1.96    3.08
17-07-2024 07:52:35.13   47.93   0.592  26.986   31.642  112.5  13.02  14.000    0.08364    2.57    1.96    3.08
17-07-2024 07:52:35.38   48.01   0.604  26.991   31.636  112.5  13.02  14.000    0.10510    2.68    1.94    3.36
17-07-2024 07:52:35.62   48.06   0.608  26.994   31.636  112.6  13.02  14.000    0.08216    2.39    2.18    3.07
17-07-2024 07:52:35.87   48.14   0.609  26.996   31.638  112.6  13.03  14.000    0.08660    2.52    1.95    3.13
17-07-2024 07:52:36.11   48.27   0.609  26.997   31.638  112.6  13.03  14.000    0.08290    2.60    2.23    3.46
17-07-2024 07:52:36.36   48.38   0.611  27.000   31.640  112.6  13.03  14.000    0.08438    2.55    2.22    3.12
17-07-2024 07:52:36.60   48.48   0.611  27.000   31.641  112.7  13.03  14.000    0.07772    2.71    2.49    3.16
17-07-2024 07:52:36.85   48.53   0.613  27.003   31.643  112.7  13.03  14.000    0.08882    2.71    2.49    3.16
17-07-2024 07:52:37.09   48.60   0.615  27.006   31.644  112.7  13.03  14.000    0.08808    2.50    2.25    3.12
17-07-2024 07:52:37.34   48.70   0.617  27.011   31.648  112.7  13.03  14.000    0.09400    4.52    2.64    3.27
17-07-2024 07:52:37.58   48.73   0.619  27.012   31.648  112.7  13.03  14.000    0.07253    4.58    2.88    3.17
17-07-2024 07:52:37.83   48.85   0.621  27.016   31.650  112.7  13.03  14.000    0.09696    2.53    2.32    3.06
17-07-2024 07:52:38.08   48.98   0.623  27.017   31.650  112.7  13.03  14.000    0.08142    2.70    2.29    2.94
17-07-2024 07:52:38.33   49.06   0.624  27.019   31.652  112.7  13.04  14.000    0.07402    2.77    2.43    3.00
17-07-2024 07:52:38.57   49.07   0.627  27.024   31.655  112.8  13.04  14.000    0.07402    2.77    2.43    3.00
17-07-2024 07:52:38.82   49.27   0.631  27.032   31.660  112.8  13.03  14.000    0.08216    2.48    2.16    3.04
17-07-2024 07:52:39.07   49.36   0.644  27.049   31.670  112.7  13.03  14.000    0.07698    2.33    2.05    2.97
17-07-2024 07:52:39.31   49.40   0.660  27.064   31.673  112.8  13.02  14.000    0.08586    2.59    2.14    3.34
17-07-2024 07:52:39.56   49.50   0.671  27.074   31.673  112.8  13.02  14.000    0.09326    2.58    2.33    3.35
17-07-2024 07:52:39.80   49.60   0.683  27.081   31.670  112.8  13.02  14.000    0.08290    2.37    2.32    2.90
17-07-2024 07:52:40.05   49.71   0.691  27.089   31.673  112.8  13.01  14.000    0.08438    2.55    2.37    3.04
17-07-2024 07:52:40.29   49.77   0.699  27.097   31.674  112.8  13.02  14.000    0.07698    2.55    2.37    3.04
17-07-2024 07:52:40.54   49.85   0.714  27.116   31.684  112.8  13.01  14.000    0.07179    4.06    2.26    3.24
17-07-2024 07:52:40.78   49.95   0.727  27.125   31.681  112.8  13.01  14.000    0.07920    2.17    2.65    3.00
17-07-2024 07:52:41.03   50.09   0.733  27.126   31.677  112.9  13.01  14.000    0.07402    2.95    2.53    2.86
17-07-2024 07:52:41.27   50.17   0.734  27.125   31.675  112.9  13.01  14.000    0.08290    2.26    2.08    2.89
17-07-2024 07:52:41.52   50.18   0.733  27.125   31.676  112.9  13.02  14.000    0.08364    2.11    2.08    2.90
17-07-2024 07:52:41.77   50.32   0.731  27.124   31.676  112.9  13.02  14.000    0.07846    2.36    2.28    3.38
17-07-2024 07:52:42.01   50.38   0.727  27.121   31.677  113.0  13.02  14.000    0.08808    2.36    2.28    3.38
17-07-2024 07:52:42.26   50.46   0.723  27.122   31.682  113.0  13.02  14.000    0.07698    2.32    1.81    3.37
17-07-2024 07:52:42.51   50.51   0.726  27.128   31.687  113.0  13.03  14.000    0.06957    2.11    2.09    3.28
17-07-2024 07:52:42.75   50.68   0.736  27.145   31.698  113.0  13.02  14.000    0.08586    2.12    2.24    2.80
17-07-2024 07:52:43.00   50.69   0.751  27.159   31.701  113.0  13.01  14.000    0.05625    2.39    2.12    3.22
17-07-2024 07:52:43.24   50.84   0.764  27.172   31.704  113.0  13.01  14.000    0.07179    2.40    2.20    3.05
17-07-2024 07:52:43.49   50.94   0.775  27.177   31.700  113.0  13.01  14.000    0.08586    2.41    2.36    2.88
17-07-2024 07:52:43.73   50.95   0.782  27.183   31.700  113.0  13.01  14.000    0.09178    2.41    2.36    2.88
17-07-2024 07:52:43.98   51.05   0.789  27.192   31.705  113.0  13.01  14.000    0.08142    2.33    2.32    3.02
17-07-2024 07:52:44.23   51.15   0.798  27.200   31.706  113.0  13.00  14.000    0.08586    2.26    2.07    3.09
17-07-2024 07:52:44.47   51.23   0.804  27.205   31.705  113.1  13.00  14.000    0.08734    2.32    1.85    2.91
17-07-2024 07:52:44.71   51.31   0.807  27.206   31.703  113.1  13.00  14.000    0.07253    2.24    2.49    3.06
17-07-2024 07:52:44.96   51.39   0.809  27.210   31.706  113.1  13.00  14.000    0.07179    2.26    1.94    2.96
17-07-2024 07:52:45.20   51.50   0.812  27.213   31.708  113.1  13.01  14.000    0.07328    2.29    2.01    3.02
17-07-2024 07:52:45.46   51.56   0.814  27.215   31.708  113.1  13.00  14.000    0.08438    2.29    2.01    3.02
17-07-2024 07:52:45.70   51.68   0.816  27.217   31.709  113.1  13.01  14.000    0.07550    2.35    2.47    3.16
17-07-2024 07:52:45.95   51.77   0.816  27.219   31.710  113.1  13.01  14.000    0.06587    2.13    2.38    3.00
17-07-2024 07:52:46.19   51.85   0.818  27.221   31.711  113.1  13.01  14.000    0.06365    2.09    2.24    3.01
17-07-2024 07:52:46.44   51.93   0.820  27.225   31.714  113.2  13.01  14.000    0.06735    2.26    2.19    3.17
17-07-2024 07:52:46.69   52.03   0.822  27.228   31.716  113.1  13.01  14.000    0.06587    2.42    2.13    2.82
17-07-2024 07:52:46.93   52.07   0.824  27.231   31.718  113.1  13.01  14.000    0.07105    2.03    2.48    3.23
17-07-2024 07:52:47.17   52.17   0.824  27.230   31.717  113.2  13.01  14.000    0.07031    2.03    2.48    3.23
17-07-2024 07:52:47.42   52.31   0.823  27.234   31.722  113.2  13.01  14.000    0.07031    2.05    2.45    3.00
17-07-2024 07:52:47.67   52.38   0.825  27.235   31.723  113.2  13.01  14.000    0.07698    1.91    2.11    2.92
17-07-2024 07:52:47.91   52.45   0.825  27.236   31.723  113.2  13.01  14.000    0.06809    2.16    2.07    3.09
17-07-2024 07:52:48.16   52.54   0.824  27.235   31.722  113.2  13.01  14.000    0.06069    2.35    2.23    2.99
17-07-2024 07:52:48.40   52.65   0.819  27.231   31.723  113.2  13.01  14.000    0.06439    2.27    2.10    3.01
17-07-2024 07:52:48.65   52.72   0.811  27.225   31.724  113.2  13.02  14.000    0.07550    2.20    2.34    2.98
17-07-2024 07:52:48.89   52.83   0.805  27.222   31.726  113.2  13.02  14.000    0.06587    2.20    2.34    2.98
17-07-2024 07:52:49.14   52.91   0.800  27.223   31.731  113.2  13.02  14.000    0.07105    2.15    2.07    3.06
17-07-2024 07:52:49.39   53.04   0.796  27.222   31.734  113.2  13.02  14.000    0.06661    1.92    2.11    2.92
17-07-2024 07:52:49.64   53.11   0.790  27.219   31.736  113.2  13.03  14.000    0.06883    2.17    2.35    3.11
17-07-2024 07:52:49.88   53.17   0.787  27.218   31.738  113.2  13.03  14.000    0.06883    2.45    2.29    2.84
17-07-2024 07:52:50.13   53.30   0.783  27.215   31.739  113.2  13.03  14.000    0.06513    2.07    1.74    2.88
17-07-2024 07:52:50.37   53.37   0.778  27.212   31.740  113.2  13.03  14.000    0.07328    1.76    2.01    2.87
17-07-2024 07:52:50.62   53.48   0.776  27.217   31.748  113.2  13.03  14.000    0.06735    1.76    2.01    2.87
17-07-2024 07:52:50.86   53.54   0.778  27.219   31.748  113.2  13.03  14.000    0.05255    2.38    1.93    3.14
17-07-2024 07:52:51.11   53.66   0.780  27.221   31.749  113.2  13.02  14.000    0.05995    2.24    2.24    2.89
17-07-2024 07:52:51.35   53.71   0.782  27.224   31.751  113.2  13.02  14.000    0.07105    2.00    2.55    3.04
17-07-2024 07:52:51.60   53.85   0.783  27.225   31.751  113.2  13.02  14.000    0.05625    2.37    2.55    3.00
17-07-2024 07:52:51.84   53.92   0.783  27.225   31.751  113.2  13.02  14.000    0.07402    2.28    2.14    3.14
17-07-2024 07:52:52.09   54.02   0.782  27.223   31.750  113.2  13.02  14.000    0.06661    2.30    2.59    3.05
17-07-2024 07:52:52.33   54.13   0.778  27.220   31.750  113.2  13.02  14.000    0.06957    2.30    2.59    3.05
17-07-2024 07:52:52.58   54.22   0.775  27.221   31.754  113.2  13.02  14.000    0.06957    2.66    2.46    3.30
17-07-2024 07:52:52.83   54.32   0.774  27.223   31.757  113.2  13.02  14.000    0.05995    2.15    1.88    2.80
17-07-2024 07:52:53.08   54.40   0.774  27.223   31.757  113.2  13.02  14.000    0.07402    2.43    1.80    2.74
17-07-2024 07:52:53.33   54.48   0.773  27.222   31.758  113.2  13.02  14.000    0.06439    2.13    1.88    3.20
17-07-2024 07:52:53.57   54.59   0.772  27.223   31.759  113.2  13.02  14.000    0.05995    2.09    2.14    3.08
17-07-2024 07:52:53.82   54.67   0.771  27.223   31.761  113.2  13.02  14.000    0.07476    2.34    2.29    2.81
17-07-2024 07:52:54.06   54.73   0.771  27.224   31.762  113.2  13.02  14.000    0.07105    2.34    2.29    2.81
17-07-2024 07:52:54.31   54.87   0.769  27.224   31.763  113.1  13.02  14.000    0.06587    2.26    1.94    3.14
17-07-2024 07:52:54.55   54.93   0.767  27.224   31.766  113.2  13.02  14.000    0.06735    2.01    2.03    3.26
17-07-2024 07:52:54.80   55.05   0.764  27.223   31.767  113.2  13.02  14.000    0.07624    2.31    2.52    3.14
17-07-2024 07:52:55.05   55.12   0.760  27.221   31.768  113.2  13.02  14.000    0.04515    2.11    1.72    3.13
17-07-2024 07:52:55.29   55.21   0.755  27.218   31.770  113.2  13.03  14.000    0.06143    2.03    2.03    2.90
17-07-2024 07:52:55.53   55.30   0.751  27.217   31.772  113.2  13.03  14.000    0.05847    2.35    2.21    2.89
17-07-2024 07:52:55.77   55.40   0.749  27.217   31.774  113.1  13.03  14.000    0.07698    2.35    2.21    2.89
17-07-2024 07:52:56.02   55.47   0.746  27.217   31.778  113.1  13.03  14.000    0.06365    2.21    2.29    2.68
17-07-2024 07:52:56.27   55.59   0.744  27.216   31.778  113.1  13.03  14.000    0.06143    2.38    2.33    3.19
17-07-2024 07:52:56.52   55.65   0.740  27.214   31.779  113.1  13.03  14.000    0.04441    1.93    2.35    2.81
17-07-2024 07:52:56.76   55.73   0.736  27.212   31.782  113.1  13.03  14.000    0.05847    2.05    2.62    2.95
17-07-2024 07:52:57.01   55.84   0.731  27.207   31.780  113.1  13.03  14.000    0.05551    2.20    2.62    3.00
17-07-2024 07:52:57.26   55.93   0.726  27.206   31.784  113.1  13.03  14.000    0.09030    1.86    2.42    3.17
17-07-2024 07:52:57.50   56.01   0.724  27.209   31.790  113.1  13.03  14.000    0.04959    1.86    2.42    3.17
17-07-2024 07:52:57.75   56.11   0.725  27.211   31.792  113.1  13.03  14.000    0.04811    2.20    1.85    2.89
17-07-2024 07:52:57.99   56.20   0.723  27.210   31.792  113.1  13.03  14.000    0.05477    2.19    2.06    3.10
17-07-2024 07:52:58.24   56.30   0.718  27.205   31.792  113.1  13.03  14.000    0.06217    2.29    2.10    3.15
17-07-2024 07:52:58.48   56.38   0.710  27.201   31.793  113.1  13.04  14.000    0.04885    2.12    2.03    2.81
17-07-2024 07:52:58.73   56.48   0.702  27.196   31.796  113.1  13.04  14.000    0.05181    2.27    2.00    2.97
17-07-2024 07:52:58.97   56.57   0.694  27.190   31.796  113.1  13.04  14.000    0.05181    2.27    2.00    2.97
17-07-2024 07:52:59.22   56.66   0.687  27.188   31.800  113.1  13.04  14.000    0.05477    2.20    2.58    3.15
17-07-2024 07:52:59.46   56.71   0.682  27.185   31.801  113.1  13.05  14.000    0.06513    2.38    2.13    2.78
17-07-2024 07:52:59.71   56.83   0.679  27.183   31.803  113.1  13.04  14.000    0.06809    2.21    1.97    3.18
17-07-2024 07:52:59.96   56.91   0.677  27.183   31.804  113.1  13.04  14.000    0.08734    2.15    1.93    2.87
17-07-2024 07:53:00.21   57.02   0.677  27.184   31.806  113.1  13.04  14.000    0.06883    2.14    2.07    3.41
17-07-2024 07:53:00.45   57.11   0.676  27.184   31.806  113.1  13.04  14.000    0.05551    2.56    2.32    3.04
17-07-2024 07:53:00.70   57.18   0.676  27.185   31.808  113.0  13.04  14.000    0.08290    2.69    2.19    2.82
17-07-2024 07:53:00.95   57.30   0.677  27.186   31.809  113.0  13.04  14.000    0.04885    2.69    2.19    2.82
17-07-2024 07:53:01.19   57.41   0.677  27.188   31.810  113.0  13.04  14.000    0.06587    2.11    2.11    2.82
17-07-2024 07:53:01.44   57.47   0.678  27.190   31.812  113.0  13.03  14.000    0.04515    2.14    1.98    2.97
17-07-2024 07:53:01.68   57.54   0.676  27.189   31.812  113.0  13.03  14.000    0.05699    2.30    2.22    3.01
17-07-2024 07:53:01.93   57.62   0.673  27.187   31.812  113.0  13.03  14.000    0.06809    2.04    2.30    3.00
17-07-2024 07:53:02.17   57.73   0.670  27.187   31.816  113.0  13.03  14.000    0.07698    2.17    2.11    3.12
17-07-2024 07:53:02.42   57.83   0.669  27.189   31.820  113.0  13.03  14.000    0.05625    2.17    2.11    3.12
17-07-2024 07:53:02.66   57.88   0.668  27.193   31.826  113.0  13.03  14.000    0.05033    1.89    1.79    2.93
17-07-2024 07:53:02.91   58.01   0.670  27.197   31.829  113.0  13.03  14.000    0.08216    2.00    2.25    2.68
17-07-2024 07:53:03.15   58.08   0.671  27.202   31.833  113.0  13.03  14.000    0.05255    1.93    2.52    3.02
17-07-2024 07:53:03.40   58.21   0.672  27.202   31.834  113.0  13.03  14.000    0.05773    2.04    1.82    2.78
17-07-2024 07:53:03.64   58.27   0.669  27.201   31.834  112.9  13.03  14.000    0.06143    2.08    2.36    3.35
17-07-2024 07:53:03.89   58.35   0.666  27.200   31.836  113.0  13.03  14.000    0.04589    2.15    2.46    3.31
17-07-2024 07:53:04.14   58.44   0.663  27.200   31.840  113.0  13.03  14.000    0.06513    2.15    2.46    3.31
17-07-2024 07:53:04.39   58.51   0.659  27.197   31.839  113.0  13.03  14.000    0.06439    2.22    2.84    3.37
17-07-2024 07:53:04.63   58.63   0.653  27.195   31.843  113.0  13.03  14.000    0.05773    2.49    2.15    2.90
17-07-2024 07:53:04.88   58.71   0.648  27.193   31.846  113.0  13.03  14.000    0.05921    2.12    1.90    2.82
17-07-2024 07:53:05.12   58.83   0.644  27.190   31.847  113.0  13.03  14.000    0.06143    2.00    2.13    2.86
17-07-2024 07:53:05.37   58.87   0.640  27.188   31.848  112.9  13.03  14.000    0.05403    1.89    2.45    3.19
17-07-2024 07:53:05.61   59.04   0.639  27.190   31.851  112.9  13.03  14.000    0.06587    2.13    2.02    3.12
17-07-2024 07:53:05.86   59.10   0.637  27.184   31.845  112.9  13.03  14.000    0.06957    2.13    2.02    3.12
17-07-2024 07:53:06.11   59.18   0.632  27.184   31.850  112.9  13.04  14.000    0.06883    2.17    2.08    3.51
17-07-2024 07:53:06.35   59.29   0.630  27.182   31.850  112.9  13.03  14.000    0.06217    2.59    2.35    3.05
17-07-2024 07:53:06.59   59.33   0.633  27.188   31.854  112.9  13.03  14.000    0.06809    2.15    1.85    3.02
17-07-2024 07:53:06.84   59.47   0.639  27.189   31.850  112.9  13.02  14.000    0.06291    2.11    2.21    3.29
17-07-2024 07:53:07.09   59.50   0.633  27.181   31.845  112.9  13.03  14.000    0.05181    2.30    2.37    3.07
17-07-2024 07:53:07.33   59.60   0.623  27.178   31.852  112.9  13.03  14.000    0.04589    2.00    2.15    2.98
17-07-2024 07:53:07.58   59.74   0.626  27.185   31.858  112.9  13.03  14.000    0.05477    2.00    2.15    2.98
17-07-2024 07:53:07.83   59.78   0.628  27.181   31.850  112.8  13.03  14.000    0.06291    2.36    1.88    2.87
17-07-2024 07:53:08.08   59.90   0.620  27.171   31.845  112.9  13.03  14.000    0.06365    2.09    2.09    3.11
17-07-2024 07:53:08.32   59.98   0.606  27.165   31.852  112.9  13.04  14.000    0.05181    2.28    1.99    3.07
17-07-2024 07:53:08.57   60.10   0.596  27.163   31.859  112.9  13.04  14.000    0.04071    2.20    2.19    3.22
17-07-2024 07:53:08.81   60.16   0.595  27.165   31.863  112.8  13.04  14.000    0.05403    2.06    2.33    3.35
17-07-2024 07:53:09.06   60.22   0.599  27.168   31.863  112.8  13.03  14.000    0.05403    2.13    1.92    3.07
17-07-2024 07:53:09.30   60.36   0.601  27.168   31.860  112.8  13.03  14.000    0.05773    2.13    1.92    3.07
17-07-2024 07:53:09.55   60.45   0.593  27.150   31.846  112.8  13.03  14.000    0.05329    2.16    2.39    2.91
17-07-2024 07:53:09.79   60.52   0.577  27.151   31.864  112.8  13.04  14.000    0.06735    2.11    2.26    2.96
17-07-2024 07:53:10.04   60.62   0.580  27.155   31.866  112.8  13.04  14.000    0.06513    2.11    1.50    2.72
17-07-2024 07:53:10.28   60.73   0.582  27.155   31.864  112.8  13.03  14.000    0.04441    2.17    2.39    2.87
17-07-2024 07:53:10.53   60.79   0.582  27.157   31.866  112.8  13.03  14.000    0.06587    2.19    2.15    2.62
17-07-2024 07:53:10.77   60.87   0.578  27.155   31.868  112.8  13.03  14.000    0.05181    2.04    2.44    2.91
17-07-2024 07:53:11.02   60.97   0.578  27.159   31.873  112.8  13.03  14.000    0.04885    2.04    2.44    2.91
17-07-2024 07:53:11.27   61.06   0.580  27.160   31.872  112.7  13.03  14.000    0.06143    2.43    2.12    3.00
17-07-2024 07:53:11.52   61.09   0.581  27.159   31.871  112.7  13.03  14.000    0.06513    2.22    2.04    2.86
17-07-2024 07:53:11.76   61.25   0.581  27.160   31.870  112.7  13.02  14.000    0.05107    2.40    2.37    3.12
17-07-2024 07:53:12.01   61.30   0.582  27.162   31.872  112.7  13.02  14.000    0.05625    2.40    2.27    2.88
17-07-2024 07:53:12.25   61.39   0.584  27.166   31.875  112.7  13.02  14.000    0.06661    2.02    2.21    3.12
17-07-2024 07:53:12.50   61.47   0.586  27.164   31.871  112.6  13.01  14.000    0.05551    2.48    2.21    2.69
17-07-2024 07:53:12.74   61.58   0.583  27.165   31.876  112.6  13.01  14.000    0.05625    2.48    2.21    2.69
17-07-2024 07:53:12.99   61.66   0.581  27.165   31.878  112.6  13.01  14.000    0.04367    2.20    2.38    2.88
17-07-2024 07:53:13.23   61.79   0.582  27.165   31.877  112.6  13.01  14.000    0.05477    2.18    1.72    2.75
17-07-2024 07:53:13.48   61.82   0.582  27.166   31.877  112.5  13.00  14.000    0.06143    1.77    1.84    3.21
17-07-2024 07:53:13.72   61.92   0.582  27.165   31.876  112.5  13.00  14.000    0.05551    1.98    2.12    2.91
17-07-2024 07:53:13.97   62.01   0.580  27.164   31.877  112.5  13.00  14.000    0.04293    2.11    2.19    3.20
17-07-2024 07:53:14.21   62.13   0.577  27.162   31.877  112.5  13.00  14.000    0.06291    2.38    2.12    3.07
17-07-2024 07:53:14.46   62.19   0.576  27.163   31.879  112.5  13.00  14.000    0.04663    2.38    2.12    3.07
17-07-2024 07:53:14.70   62.33   0.566  27.151   31.875  112.5  13.00  14.000    0.05107    1.80    2.16    3.24
17-07-2024 07:53:14.96   62.36   0.553  27.149   31.884  112.5  13.01  14.000    0.05403    2.49    2.17    3.06
17-07-2024 07:53:15.20   62.47   0.552  27.151   31.889  112.4  13.00  14.000    0.05181    2.22    2.35    3.10
17-07-2024 07:53:15.45   62.57   0.554  27.156   31.893  112.4  13.00  14.000    0.05403    1.81    2.15    2.96
17-07-2024 07:53:15.70   62.63   0.555  27.153   31.888  112.4  12.99  14.000    0.05625    2.05    2.36    2.77
17-07-2024 07:53:15.94   62.76   0.552  27.149   31.886  112.4  12.99  14.000    0.05551    2.40    2.35    2.81
17-07-2024 07:53:16.19   62.89   0.534  27.125   31.873  112.4  13.00  14.000    0.03849    2.40    2.35    2.81
17-07-2024 07:53:16.43   62.95   0.518  27.127   31.892  112.3  13.00  14.000    0.05921    2.24    2.22    3.21
17-07-2024 07:53:16.68   63.06   0.518  27.125   31.890  112.3  12.99  14.000    0.05699    2.39    2.12    2.91
17-07-2024 07:53:16.92   63.12   0.516  27.128   31.896  112.3  12.99  14.000    0.05181    2.08    2.32    2.88
17-07-2024 07:53:17.18   63.23   0.506  27.114   31.888  112.2  13.00  14.000    0.06883    2.30    2.25    3.07
17-07-2024 07:53:17.41   63.25   0.494  27.098   31.879  112.2  13.00  14.000    0.04737    2.37    1.95    3.05
17-07-2024 07:53:17.66   63.39   0.478  27.090   31.885  112.2  13.00  14.000    0.05699    2.27    2.46    3.12
17-07-2024 07:53:17.90   63.47   0.470  27.095   31.900  112.2  13.00  14.000    0.05255    2.27    2.46    3.12
17-07-2024 07:53:18.15   63.56   0.467  27.100   31.909  112.1  13.00  14.000    0.05625    2.11    2.61    2.81
17-07-2024 07:53:18.39   63.69   0.472  27.109   31.916  112.1  12.99  14.000    0.04071    2.26    2.03    2.96
17-07-2024 07:53:18.65   63.72   0.476  27.110   31.914  112.1  12.99  14.000    0.04885    1.98    2.43    3.06
17-07-2024 07:53:18.89   63.82   0.480  27.112   31.912  112.1  12.98  14.000    0.05699    2.19    2.22    2.99
17-07-2024 07:53:19.14   63.96   0.485  27.124   31.922  112.1  12.98  14.000    0.04071    2.14    2.22    3.16
17-07-2024 07:53:19.39   64.05   0.493  27.140   31.934  112.0  12.97  14.000    0.03923    2.01    2.25    3.07
17-07-2024 07:53:19.63   64.11   0.504  27.141   31.924  112.0  12.96  14.000    0.04663    2.01    2.25    3.07
17-07-2024 07:53:19.88   64.20   0.506  27.142   31.924  112.0  12.96  14.000    0.05551    2.07    2.41    3.24
17-07-2024 07:53:20.12   64.32   0.508  27.139   31.918  111.9  12.96  14.000    0.05403    1.79    2.58    3.18
17-07-2024 07:53:20.37   64.40   0.507  27.141   31.921  111.9  12.96  14.000    0.05847    2.23    1.86    3.05
17-07-2024 07:53:20.61   64.47   0.506  27.140   31.921  111.9  12.95  14.000    0.06439    2.14    2.11    3.00
17-07-2024 07:53:20.86   64.59   0.502  27.139   31.923  111.9  12.95  14.000    0.05551    2.50    2.43    3.05
17-07-2024 07:53:21.10   64.62   0.498  27.127   31.913  111.9  12.95  14.000    0.04367    2.33    1.80    3.08
17-07-2024 07:53:21.35   64.72   0.493  27.132   31.923  111.8  12.95  14.000    0.04367    2.33    1.80    3.08
17-07-2024 07:53:21.59   64.84   0.491  27.122   31.913  111.8  12.95  14.000    0.05329    2.26    1.80    3.08
17-07-2024 07:53:21.84   64.93   0.480  27.107   31.904  111.8  12.95  14.000    0.04441    1.83    2.16    2.87
17-07-2024 07:53:22.08   65.05   0.446  27.091   31.919  111.8  12.97  14.000    0.05107    2.04    2.63    3.07
17-07-2024 07:53:22.33   65.13   0.431  27.073   31.910  111.8  12.97  14.000    0.06513    2.09    2.56    3.11
17-07-2024 07:53:22.58   65.16   0.409  27.054   31.909  111.8  12.98  14.000    0.04219    2.01    2.07    2.88
17-07-2024 07:53:22.83   65.31   0.391  27.047   31.918  111.8  12.98  14.000    0.04959    2.25    2.31    3.02
17-07-2024 07:53:23.07   65.37   0.388  27.060   31.938  111.8  12.98  14.000    0.05329    2.25    2.31    3.02
17-07-2024 07:53:23.32   65.48   0.394  27.058   31.930  111.7  12.97  14.000    0.03775    2.09    2.62    3.08
17-07-2024 07:53:23.56   65.57   0.380  27.037   31.916  111.7  12.98  14.000    0.05107    2.12    2.34    3.00
17-07-2024 07:53:23.81   65.63   0.365  27.034   31.929  111.7  12.98  14.000    0.04441    1.87    2.59    3.16
17-07-2024 07:53:24.05   65.76   0.358  27.034   31.935  111.7  12.98  14.000    0.05107    2.41    2.00    3.41
17-07-2024 07:53:24.30   65.80   0.360  27.033   31.931  111.6  12.97  14.000    0.04367    2.21    2.25    3.12
17-07-2024 07:53:24.54   65.90   0.355  27.034   31.938  111.6  12.97  14.000    0.06365    2.33    2.56    3.11
17-07-2024 07:53:24.79   65.95   0.353  27.037   31.944  111.6  12.97  14.000    0.04071    2.33    2.56    3.11
17-07-2024 07:53:25.03   66.10   0.354  27.040   31.947  111.6  12.96  14.000    0.05773    2.34    2.12    3.33
17-07-2024 07:53:25.28   66.15   0.356  27.043   31.948  111.5  12.96  14.000    0.04219    1.85    2.72    2.92
17-07-2024 07:53:25.52   66.27   0.360  27.043   31.945  111.5  12.95  14.000    0.04515    2.09    1.97    2.97
17-07-2024 07:53:25.77   66.34   0.361  27.043   31.944  111.5  12.95  14.000    0.03849    2.19    2.82    2.89
17-07-2024 07:53:26.02   66.44   0.358  27.041   31.944  111.5  12.95  14.000    0.04293    2.03    1.78    2.94
17-07-2024 07:53:26.27   66.52   0.356  27.042   31.948  111.4  12.95  14.000    0.05551    1.84    2.32    2.85
17-07-2024 07:53:26.51   66.56   0.355  27.044   31.951  111.4  12.95  14.000    0.05921    1.84    2.32    2.85
17-07-2024 07:53:26.76   66.71   0.357  27.048   31.954  111.4  12.94  14.000    0.05255    1.98    2.34    2.93
17-07-2024 07:53:27.00   66.76   0.359  27.048   31.953  111.4  12.94  14.000    0.05477    2.19    2.03    3.18
17-07-2024 07:53:27.25   66.89   0.360  27.051   31.955  111.4  12.94  14.000    0.05107    2.33    2.13    3.12
17-07-2024 07:53:27.50   66.95   0.362  27.052   31.954  111.4  12.94  14.000    0.04367    2.09    1.92    3.08
17-07-2024 07:53:27.74   67.01   0.365  27.054   31.954  111.3  12.93  14.000    0.04663    2.12    2.25    3.34
17-07-2024 07:53:27.99   67.15   0.367  27.055   31.953  111.3  12.93  14.000    0.04589    1.95    2.21    3.14
17-07-2024 07:53:28.24   67.26   0.369  27.064   31.962  111.3  12.92  14.000    0.05699    1.95    2.21    3.14
17-07-2024 07:53:28.48   67.29   0.372  27.066   31.961  111.3  12.92  14.000    0.04663    2.12    2.34    3.22
17-07-2024 07:53:28.72   67.37   0.372  27.067   31.963  111.3  12.92  14.000    0.06365    2.59    2.20    2.76
17-07-2024 07:53:28.97   67.48   0.373  27.066   31.961  111.2  12.92  14.000    0.03627    2.12    2.43    3.09
17-07-2024 07:53:29.21   67.57   0.374  27.067   31.961  111.2  12.92  14.000    0.04811    2.18    2.11    3.32
17-07-2024 07:53:29.46   67.65   0.374  27.068   31.963  111.2  12.91  14.000    0.05773    2.24    2.22    2.91
17-07-2024 07:53:29.71   67.71   0.374  27.070   31.965  111.2  12.91  14.000    0.05403    2.13    2.31    2.99
17-07-2024 07:53:29.95   67.84   0.374  27.070   31.964  111.2  12.91  14.000    0.05329    2.13    2.31    2.99
17-07-2024 07:53:30.20   67.94   0.374  27.071   31.965  111.2  12.91  14.000    0.04515    1.82    2.05    3.02
17-07-2024 07:53:30.45   68.03   0.373  27.072   31.968  111.1  12.91  14.000    0.04959    2.32    2.52    3.21
17-07-2024 07:53:30.69   68.09   0.371  27.071   31.969  111.1  12.91  14.000    0.04367    2.27    2.27    3.12
17-07-2024 07:53:30.94   68.19   0.371  27.072   31.970  111.1  12.90  14.000    0.03775    1.96    2.29    3.10
17-07-2024 07:53:31.18   68.23   0.373  27.072   31.969  111.1  12.90  14.000    0.03997    2.13    2.06    2.90
17-07-2024 07:53:31.43   68.35   0.370  27.070   31.969  111.1  12.90  14.000    0.05921    2.22    2.34    3.05
17-07-2024 07:53:31.67   68.44   0.366  27.070   31.972  111.1  12.90  14.000    0.04367    2.22    2.34    3.05
17-07-2024 07:53:31.92   68.53   0.363  27.069   31.974  111.0  12.90  14.000    0.04367    2.24    2.28    2.98
17-07-2024 07:53:32.16   68.60   0.361  27.069   31.976  111.0  12.90  14.000    0.04737    2.06    2.07    3.18
17-07-2024 07:53:32.41   68.71   0.363  27.071   31.976  111.0  12.89  14.000    0.03701    2.04    2.25    3.25
17-07-2024 07:53:32.65   68.75   0.365  27.071   31.974  111.0  12.89  14.000    0.04737    2.23    1.96    3.34
17-07-2024 07:53:32.90   68.85   0.364  27.068   31.972  111.0  12.89  14.000    0.06069    1.73    2.19    3.37
17-07-2024 07:53:33.14   68.94   0.359  27.067   31.976  111.0  12.89  14.000    0.04663    2.12    2.28    2.94
17-07-2024 07:53:33.39   69.08   0.360  27.070   31.978  110.9  12.89  14.000    0.04811    2.12    2.28    2.94
17-07-2024 07:53:33.64   69.15   0.363  27.070   31.976  110.9  12.88  14.000    0.05551    1.99    2.47    3.08
17-07-2024 07:53:33.89   69.23   0.361  27.068   31.974  110.9  12.89  14.000    0.04663    2.03    2.30    3.31
17-07-2024 07:53:34.13   69.35   0.358  27.069   31.979  110.9  12.89  14.000    0.04885    2.31    2.38    3.19
17-07-2024 07:53:34.38   69.43   0.359  27.068   31.977  110.9  12.88  14.000    0.04441    2.00    2.33    2.94
17-07-2024 07:53:34.62   69.53   0.357  27.069   31.980  110.9  12.88  14.000    0.05403    2.17    2.06    3.31
17-07-2024 07:53:34.87   69.62   0.357  27.070   31.981  110.9  12.88  14.000    0.07476    2.08    2.34    2.91
17-07-2024 07:53:35.11   69.67   0.364  27.095   32.007  110.9  12.87  14.000    0.03627    2.08    2.34    2.91
17-07-2024 07:53:35.36   69.75   0.378  27.105   32.004  110.8  12.87  14.000    0.04737    1.88    2.10    3.33
17-07-2024 07:53:35.60   69.87   0.390  27.110   31.999  110.8  12.86  14.000    0.04293    1.85    2.35    2.91
17-07-2024 07:53:35.85   69.96   0.393  27.109   31.995  110.8  12.86  14.000    0.05181    2.14    2.28    3.15
17-07-2024 07:53:36.09   70.06   0.392  27.104   31.990  110.8  12.86  14.000    0.04293    1.99    2.51    3.08
17-07-2024 07:53:36.34   70.13   0.387  27.096   31.984  110.8  12.86  14.000    0.03701    2.14    2.27    3.05
17-07-2024 07:53:36.59   70.22   0.387  27.109   32.001  110.8  12.86  14.000    0.05699    2.10    1.93    2.93
17-07-2024 07:53:36.83   70.30   0.393  27.114   32.001  110.8  12.86  14.000    0.04589    2.10    1.93    2.93
17-07-2024 07:53:37.08   70.37   0.394  27.112   31.998  110.8  12.85  14.000    0.03257    1.94    2.40    3.02
17-07-2024 07:53:37.33   70.46   0.393  27.110   31.996  110.8  12.86  14.000    0.04515    1.94    2.07    3.05
17-07-2024 07:53:37.58   70.52   0.393  27.111   31.997  110.8  12.86  14.000    0.04885    2.11    2.32    3.34
17-07-2024 07:53:37.82   70.66   0.386  27.101   31.991  110.8  12.86  14.000    0.04145    2.02    2.79    3.09
17-07-2024 07:53:38.07   70.73   0.382  27.102   31.996  110.7  12.86  14.000    0.03627    2.04    2.44    2.97
17-07-2024 07:53:38.31   70.83   0.381  27.104   32.000  110.7  12.86  14.000    0.05477    2.12    1.92    3.22
17-07-2024 07:53:38.56   70.94   0.364  27.074   31.978  110.8  12.87  14.000    0.05477    2.12    1.92    3.22
17-07-2024 07:53:38.80   71.00   0.345  27.062   31.983  110.7  12.87  14.000    0.04293    2.15    2.34    3.02
17-07-2024 07:53:39.06   71.07   0.327  27.064   32.004  110.7  12.87  14.000    0.03257    2.02    1.79    2.99
17-07-2024 07:53:39.29   71.16   0.339  27.074   32.005  110.7  12.86  14.000    0.03479    2.09    2.07    3.24
17-07-2024 07:53:39.54   71.26   0.342  27.078   32.006  110.6  12.86  14.000    0.02517    2.14    2.38    3.16
17-07-2024 07:53:39.78   71.33   0.339  27.072   32.002  110.6  12.85  14.000    0.04959    2.07    2.49    2.86
17-07-2024 07:53:40.03   71.39   0.322  27.056   31.998  110.6  12.86  14.000    0.06587    2.07    2.49    2.86
17-07-2024 07:53:40.27   71.49   0.313  27.060   32.013  110.6  12.86  14.000    0.04071    1.96    2.05    3.19
17-07-2024 07:53:40.52   71.59   0.317  27.060   32.009  110.6  12.85  14.000    0.05181    2.05    2.28    2.94
17-07-2024 07:53:40.77   71.67   0.320  27.059   32.005  110.5  12.85  14.000    0.04959    2.11    1.92    3.24
17-07-2024 07:53:41.02   71.76   0.317  27.058   32.006  110.4  12.84  14.000    0.04367    2.21    2.27    3.02
17-07-2024 07:53:41.26   71.85   0.314  27.055   32.006  110.4  12.84  14.000    0.05181    2.30    2.15    3.09
17-07-2024 07:53:41.51   71.94   0.303  27.042   32.000  110.4  12.84  14.000    0.04441    2.51    1.81    3.38
17-07-2024 07:53:41.76   72.03   0.293  27.041   32.010  110.4  12.84  14.000    0.04367    2.08    1.77    2.86
17-07-2024 07:53:42.00   72.09   0.285  27.037   32.012  110.4  12.84  14.000    0.04959    2.08    1.77    2.86
17-07-2024 07:53:42.24   72.20   0.289  27.039   32.011  110.3  12.83  14.000    0.05329    2.30    1.88    3.30
17-07-2024 07:53:42.49   72.32   0.291  27.041   32.011  110.3  12.83  14.000    0.04589    2.12    2.27    2.71
17-07-2024 07:53:42.73   72.38   0.292  27.043   32.012  110.3  12.83  14.000    0.02665    1.87    2.06    2.85
17-07-2024 07:53:42.98   72.48   0.291  27.042   32.011  110.2  12.82  14.000    0.03553    2.24    2.20    3.13
17-07-2024 07:53:43.22   72.52   0.290  27.041   32.012  110.2  12.82  14.000    0.04885    1.95    2.11    3.08
17-07-2024 07:53:43.47   72.60   0.281  27.032   32.009  110.2  12.82  14.000    0.04811    1.95    2.11    3.08
17-07-2024 07:53:43.71   72.74   0.270  27.031   32.020  110.2  12.82  14.000    0.02813    2.09    1.99    3.05
17-07-2024 07:53:43.96   72.81   0.266  27.033   32.027  110.1  12.82  14.000    0.04219    2.02    2.42    3.01
17-07-2024 07:53:44.21   72.91   0.269  27.037   32.028  110.1  12.81  14.000    0.04367    1.86    2.59    3.21
17-07-2024 07:53:44.46   73.01   0.272  27.038   32.026  110.0  12.81  14.000    0.05181    2.01    2.52    3.13
17-07-2024 07:53:44.70   73.05   0.273  27.040   32.028  110.0  12.80  14.000    0.04145    2.03    2.27    3.14
17-07-2024 07:53:44.95   73.16   0.277  27.044   32.028  110.0  12.80  14.000    0.04219    2.22    2.79    2.95
17-07-2024 07:53:45.20   73.24   0.279  27.045   32.028  109.9  12.79  14.000    0.04515    2.22    2.79    2.95
17-07-2024 07:53:45.44   73.32   0.279  27.050   32.035  109.9  12.79  14.000    0.06291    2.12    1.93    2.86
17-07-2024 07:53:45.69   73.40   0.287  27.063   32.043  109.9  12.78  14.000    0.03997    2.03    1.97    3.37
17-07-2024 07:53:45.93   73.48   0.294  27.071   32.046  109.8  12.77  14.000    0.03923    1.91    1.98    2.89
17-07-2024 07:53:46.18   73.57   0.295  27.062   32.033  109.8  12.77  14.000    0.04515    1.95    1.80    2.92
17-07-2024 07:53:46.42   73.63   0.294  27.060   32.032  109.8  12.77  14.000    0.05847    2.07    2.16    2.58
17-07-2024 07:53:46.67   73.73   0.299  27.078   32.049  109.8  12.76  14.000    0.04885    2.07    1.91    3.16
17-07-2024 07:53:46.91   73.81   0.316  27.106   32.068  109.7  12.75  14.000    0.03849    2.07    1.91    3.16
17-07-2024 07:53:47.16   73.91   0.330  27.111   32.060  109.7  12.74  14.000    0.04885    1.93    2.04    2.79
17-07-2024 07:53:47.40   74.03   0.328  27.099   32.046  109.7  12.74  14.000    0.05995    1.97    2.64    3.16
17-07-2024 07:53:47.65   74.09   0.326  27.100   32.049  109.6  12.74  14.000    0.05255    2.04    1.90    3.34
17-07-2024 07:53:47.89   74.17   0.308  27.094   32.060  109.6  12.75  14.000    0.03479    2.19    1.82    3.01
17-07-2024 07:53:48.15   74.25   0.312  27.100   32.065  109.6  12.74  14.000    0.05403    1.87    2.31    3.05
17-07-2024 07:53:48.39   74.33   0.315  27.099   32.060  109.6  12.74  14.000    0.05551    2.28    2.20    3.23
17-07-2024 07:53:48.64   74.42   0.306  27.090   32.058  109.6  12.74  14.000    0.04959    2.28    2.20    3.23
17-07-2024 07:53:48.88   74.49   0.301  27.086   32.058  109.5  12.74  14.000    0.05033    2.13    2.48    3.11
17-07-2024 07:53:49.13   74.61   0.282  27.074   32.061  109.6  12.75  14.000    0.05181    1.98    2.18    3.07
17-07-2024 07:53:49.37   74.69   0.267  27.062   32.062  109.5  12.75  14.000    0.04219    2.19    2.15    2.93
17-07-2024 07:53:49.62   74.77   0.252  27.052   32.065  109.5  12.75  14.000    0.02887    2.28    2.30    3.37
17-07-2024 07:53:49.86   74.84   0.250  27.059   32.076  109.4  12.74  14.000    0.03775    2.08    1.86    3.18
17-07-2024 07:53:50.12   74.92   0.266  27.074   32.078  109.4  12.73  14.000    0.04441    2.06    1.85    2.84
17-07-2024 07:53:50.35   75.03   0.257  27.054   32.061  109.4  12.73  14.000    0.03775    2.06    1.85    2.84
17-07-2024 07:53:50.60   75.11   0.236  27.048   32.075  109.4  12.74  14.000    0.04071    2.04    1.84    3.00
17-07-2024 07:53:50.85   75.21   0.228  27.033   32.064  109.3  12.73  14.000    0.04663    2.38    2.36    2.85
17-07-2024 07:53:51.09   75.30   0.204  27.016   32.067  109.3  12.74  14.000    0.04441    2.39    2.39    2.93
17-07-2024 07:53:51.34   75.36   0.204  27.032   32.088  109.2  12.73  14.000    0.05107    2.12    2.02    2.67
17-07-2024 07:53:51.58   75.43   0.211  27.029   32.077  109.1  12.71  14.000    0.03849    1.95    2.57    3.27
17-07-2024 07:53:51.83   75.54   0.186  27.009   32.076  109.1  12.72  14.000    0.03775    1.95    1.75    3.07
17-07-2024 07:53:52.08   75.61   0.172  27.000   32.080  109.0  12.72  14.000    0.05181    1.95    1.75    3.07
17-07-2024 07:53:52.33   75.73   0.172  27.004   32.085  108.9  12.71  14.000    0.05477    2.33    2.23    3.11
17-07-2024 07:53:52.57   75.79   0.171  27.006   32.088  108.9  12.70  14.000    0.06217    2.61    2.20    3.13
17-07-2024 07:53:52.82   75.89   0.175  27.008   32.087  108.8  12.69  14.000    0.03923    2.31    2.28    3.14
17-07-2024 07:53:53.06   75.97   0.151  26.984   32.080  108.8  12.70  14.000    0.03479    2.11    2.09    2.93
17-07-2024 07:53:53.31   76.07   0.129  26.982   32.101  108.7  12.70  14.000    0.03553    2.17    1.98    3.18
17-07-2024 07:53:53.55   76.13   0.135  26.992   32.108  108.6  12.68  14.000    0.03553    2.45    2.06    3.30
17-07-2024 07:53:53.80   76.23   0.138  26.991   32.103  108.6  12.68  14.000    0.04219    2.45    2.06    3.30
17-07-2024 07:53:54.04   76.32   0.119  26.968   32.092  108.5  12.68  14.000    0.03923    2.33    2.12    3.34
17-07-2024 07:53:54.29   76.40   0.099  26.962   32.106  108.5  12.68  14.000    0.04367    2.03    2.32    3.42
17-07-2024 07:53:54.53   76.49   0.090  26.965   32.119  108.4  12.67  14.000    0.02146    1.67    2.02    3.10
17-07-2024 07:53:54.78   76.58   0.086  26.959   32.115  108.4  12.67  14.000    0.04515    1.97    2.47    2.95
17-07-2024 07:53:55.02   76.63   0.081  26.954   32.114  108.3  12.66  14.000    0.05255    2.29    2.19    2.94
17-07-2024 07:53:55.27   76.73   0.077  26.952   32.115  108.2  12.66  14.000    0.04293    2.07    2.21    2.89
17-07-2024 07:53:55.52   76.81   0.071  26.947   32.115  108.2  12.65  14.000    0.03997    2.07    2.21    2.89
17-07-2024 07:53:55.76   76.93   0.067  26.947   32.119  108.1  12.64  14.000    0.04811    2.10    2.26    3.16
17-07-2024 07:53:56.01   76.98   0.077  26.956   32.120  108.0  12.63  14.000    0.04663    2.34    2.14    3.10
17-07-2024 07:53:56.26   77.08   0.082  26.955   32.113  107.9  12.62  14.000    0.05181    2.21    2.45    3.16
17-07-2024 07:53:56.50   77.16   0.084  26.954   32.110  107.8  12.61  14.000    0.05699    2.26    1.73    2.95
17-07-2024 07:53:56.75   77.25   0.068  26.942   32.111  107.8  12.61  14.000    0.04589    2.07    2.11    3.21
17-07-2024 07:53:56.99   77.35   0.066  26.943   32.114  107.7  12.60  14.000    0.03775    2.16    2.11    3.08
17-07-2024 07:53:57.24   77.42   0.058  26.938   32.116  107.7  12.60  14.000    0.05477    2.16    2.11    3.08
17-07-2024 07:53:57.48   77.47   0.053  26.936   32.120  107.6  12.59  14.000    0.02368    2.13    2.09    3.03
17-07-2024 07:53:57.73   77.58   0.052  26.938   32.123  107.6  12.58  14.000    0.04071    1.90    2.57    3.16
17-07-2024 07:53:57.97   77.66   0.055  26.943   32.126  107.5  12.57  14.000    0.04959    2.30    2.08    3.15
17-07-2024 07:53:58.22   77.79   0.052  26.938   32.122  107.4  12.57  14.000    0.06217    2.52    2.53    3.07
17-07-2024 07:53:58.46   77.84   0.049  26.936   32.123  107.4  12.56  14.000    0.03775    1.91    2.53    3.47
17-07-2024 07:53:58.71   77.94   0.047  26.935   32.125  107.3  12.55  14.000    0.03701    2.17    2.09    2.95
17-07-2024 07:53:58.95   77.98   0.047  26.937   32.127  107.2  12.54  14.000    0.04515    2.17    2.09    2.95
17-07-2024 07:53:59.21   78.08   0.050  26.940   32.128  107.1  12.53  14.000    0.02887    2.41    2.30    3.17
17-07-2024 07:53:59.45   78.19   0.053  26.939   32.122  107.0  12.52  14.000    0.03627    2.20    2.34    3.38
17-07-2024 07:53:59.70   78.24   0.053  26.939   32.123  107.0  12.52  14.000    0.05699    2.12    2.60    2.69
17-07-2024 07:53:59.95   78.33   0.046  26.934   32.124  107.0  12.52  14.000    0.05625    2.38    2.44    2.82
17-07-2024 07:54:00.19   78.43   0.037  26.930   32.127  106.9  12.51  14.000    0.04737    2.04    1.93    3.01
17-07-2024 07:54:00.44   78.51   0.036  26.932   32.131  106.8  12.50  14.000    0.05181    1.94    2.33    3.05
17-07-2024 07:54:00.68   78.58   0.036  26.932   32.131  106.8  12.50  14.000    0.03997    1.94    2.33    3.05
17-07-2024 07:54:00.93   78.67   0.035  26.932   32.132  106.7  12.49  14.000    0.04367    2.17    1.98    2.88
17-07-2024 07:54:01.18   78.77   0.034  26.932   32.133  106.7  12.48  14.000    0.05403    2.34    1.90    2.84
17-07-2024 07:54:01.42   78.84   0.034  26.930   32.131  106.6  12.47  14.000    0.05551    1.98    2.76    3.28
17-07-2024 07:54:01.66   78.90   0.033  26.929   32.130  106.5  12.47  14.000    0.06291    2.03    2.04    3.01
17-07-2024 07:54:01.91   78.99   0.031  26.929   32.132  106.5  12.46  14.000    0.03701    2.02    2.35    3.33
17-07-2024 07:54:02.15   79.08   0.034  26.929   32.129  106.4  12.45  14.000    0.05477    2.17    2.02    3.09
17-07-2024 07:54:02.40   79.16   0.034  26.931   32.131  106.3  12.45  14.000    0.04737    2.17    2.02    3.09
17-07-2024 07:54:02.64   79.27   0.034  26.928   32.127  106.3  12.44  14.000    0.03923    2.26    1.99    3.03
17-07-2024 07:54:02.90   79.33   0.030  26.926   32.129  106.2  12.44  14.000    0.03775    1.83    2.06    2.79
17-07-2024 07:54:03.14   79.43   0.026  26.924   32.131  106.2  12.43  14.000    0.04589    2.38    2.20    2.89
17-07-2024 07:54:03.39   79.53   0.021  26.921   32.132  106.1  12.43  14.000    0.06439    2.18    1.87    2.98
17-07-2024 07:54:03.64   79.56   0.017  26.921   32.135  106.1  12.42  14.000    0.04663    2.28    2.05    2.91
17-07-2024 07:54:03.88   79.65   0.015  26.920   32.137  106.0  12.42  14.000    0.04293    1.96    2.10    2.93
17-07-2024 07:54:04.13   79.72   0.011  26.919   32.139  106.0  12.41  14.000    0.03479    1.96    2.10    2.93
17-07-2024 07:54:04.37   79.83   0.007  26.917   32.141  105.9  12.40  14.000    0.04441    2.31    2.19    2.97
17-07-2024 07:54:04.62   79.92   0.004  26.916   32.142  105.9  12.40  14.000    0.04959    2.20    2.12    3.12
17-07-2024 07:54:04.86   80.00   0.002  26.914   32.143  105.8  12.40  14.000    0.04959    2.35    2.34    2.99
17-07-2024 07:54:05.11   80.07  -0.002  26.912   32.144  105.8  12.39  14.000    0.03701    2.29    2.11    3.26
17-07-2024 07:54:05.35   80.16  -0.004  26.910   32.144  105.7  12.39  14.000    0.05107    2.26    2.10    3.12
17-07-2024 07:54:05.60   80.25  -0.007  26.910   32.146  105.7  12.38  14.000    0.05477    2.15    2.06    2.86
17-07-2024 07:54:05.84   80.35  -0.009  26.907   32.145  105.6  12.37  14.000    0.05033    2.15    2.06    2.86
17-07-2024 07:54:06.09   80.41  -0.010  26.910   32.149  105.6  12.37  14.000    0.03923    2.24    2.56    2.91
17-07-2024 07:54:06.33   80.50  -0.012  26.904   32.143  105.5  12.37  14.000    0.03701    2.21    2.32    3.19
17-07-2024 07:54:06.59   80.58  -0.013  26.906   32.147  105.5  12.36  14.000    0.04219    2.14    2.25    2.79
17-07-2024 07:54:06.83   80.67  -0.016  26.906   32.149  105.4  12.35  14.000    0.05551    2.39    2.10    2.92
17-07-2024 07:54:07.08   80.75  -0.012  26.912   32.153  105.4  12.35  14.000    0.03035    2.37    2.17    3.15
17-07-2024 07:54:07.32   80.81  -0.008  26.910   32.147  105.3  12.34  14.000    0.04441    2.04    2.16    3.15
17-07-2024 07:54:07.57   80.90  -0.015  26.902   32.144  105.3  12.34  14.000    0.04441    2.04    2.16    3.15
17-07-2024 07:54:07.81   80.99  -0.028  26.898   32.152  105.3  12.34  14.000    0.03183    2.11    2.26    2.96
17-07-2024 07:54:08.06   81.05  -0.036  26.896   32.158  105.2  12.34  14.000    0.05699    1.92    2.59    2.99
17-07-2024 07:54:08.30   81.13  -0.039  26.895   32.160  105.2  12.33  14.000    0.03553    2.02    1.97    3.24
17-07-2024 07:54:08.55   81.22  -0.041  26.895   32.162  105.1  12.33  14.000    0.04589    2.18    2.04    2.90
17-07-2024 07:54:08.79   81.29  -0.043  26.893   32.161  105.1  12.32  14.000    0.04219    2.51    2.19    3.15
17-07-2024 07:54:09.04   81.38  -0.045  26.892   32.162  105.0  12.32  14.000    0.03997    2.27    2.04    2.96
17-07-2024 07:54:09.28   81.46  -0.048  26.892   32.166  105.0  12.31  14.000    0.03479    2.27    2.04    2.96
17-07-2024 07:54:09.53   81.53  -0.051  26.889   32.164  104.9  12.31  14.000    0.03331    2.08    2.60    3.36
17-07-2024 07:54:09.77   81.62  -0.056  26.886   32.166  104.9  12.30  14.000    0.04367    1.94    2.37    3.16
17-07-2024 07:54:10.02   81.69  -0.062  26.882   32.166  104.8  12.30  14.000    0.04515    2.01    2.17    2.95
17-07-2024 07:54:10.27   81.78  -0.064  26.891   32.180  104.8  12.29  14.000    0.04145    2.18    2.50    2.97
17-07-2024 07:54:10.52   81.88  -0.054  26.892   32.171  104.7  12.28  14.000    0.04663    2.03    2.58    2.89
17-07-2024 07:54:10.77   81.96  -0.062  26.878   32.162  104.6  12.28  14.000    0.05329    2.14    1.91    2.98
17-07-2024 07:54:11.01   82.05  -0.073  26.875   32.169  104.6  12.28  14.000    0.05255    2.14    1.91    2.98
17-07-2024 07:54:11.26   82.11  -0.079  26.873   32.172  104.6  12.27  14.000    0.05255    2.17    2.16    3.05
17-07-2024 07:54:11.50   82.17  -0.084  26.870   32.173  104.5  12.27  14.000    0.03553    1.92    2.62    3.10
17-07-2024 07:54:11.75   82.27  -0.089  26.868   32.176  104.5  12.26  14.000    0.05625    2.24    2.85    3.08
17-07-2024 07:54:11.99   82.37  -0.094  26.863   32.176  104.4  12.26  14.000    0.04959    2.02    2.13    2.93
17-07-2024 07:54:12.24   82.46  -0.099  26.861   32.177  104.4  12.25  14.000    0.04811    2.32    2.28    2.70
17-07-2024 07:54:12.48   82.53  -0.097  26.874   32.192  104.3  12.25  14.000    0.06143    2.20    2.32    2.97
17-07-2024 07:54:12.73   82.62  -0.088  26.875   32.184  104.2  12.23  14.000    0.04663    2.20    2.32    2.97
17-07-2024 07:54:12.97   82.69  -0.096  26.858   32.169  104.2  12.23  14.000    0.05477    1.91    1.98    2.82
17-07-2024 07:54:13.22   82.78  -0.114  26.850   32.179  104.2  12.24  14.000    0.05107    2.04    1.81    3.11
17-07-2024 07:54:13.46   82.87  -0.125  26.848   32.187  104.1  12.23  14.000    0.04367    2.04    2.47    2.97
17-07-2024 07:54:13.71   82.95  -0.131  26.846   32.190  104.1  12.23  14.000    0.04737    2.08    1.88    2.93
17-07-2024 07:54:13.96   83.05  -0.135  26.844   32.192  104.0  12.22  14.000    0.05625    2.04    2.15    3.33
17-07-2024 07:54:14.20   83.11  -0.139  26.843   32.195  103.9  12.22  14.000    0.05329    2.21    2.34    2.74
17-07-2024 07:54:14.45   83.18  -0.141  26.842   32.196  103.9  12.21  14.000    0.06143    2.21    2.34    2.74
17-07-2024 07:54:14.70   83.28  -0.143  26.841   32.197  103.8  12.20  14.000    0.04589    2.25    2.28    3.08
17-07-2024 07:54:14.94   83.37  -0.146  26.839   32.197  103.7  12.20  14.000    0.04589    1.97    2.72    3.04
17-07-2024 07:54:15.19   83.45  -0.150  26.835   32.197  103.7  12.19  14.000    0.04071    2.11    2.13    3.20
17-07-2024 07:54:15.43   83.52  -0.155  26.833   32.199  103.6  12.19  14.000    0.03923    2.12    2.68    3.01
17-07-2024 07:54:15.68   83.57  -0.158  26.832   32.201  103.6  12.18  14.000    0.04589    1.81    2.18    3.22
17-07-2024 07:54:15.92   83.70  -0.159  26.832   32.203  103.5  12.17  14.000    0.05107    2.03    2.08    3.03
17-07-2024 07:54:16.17   83.78  -0.160  26.832   32.203  103.4  12.17  14.000    0.05551    2.03    2.08    3.03
17-07-2024 07:54:16.41   83.83  -0.160  26.833   32.203  103.4  12.16  14.000    0.03923    1.95    2.15    2.85
17-07-2024 07:54:16.66   83.92  -0.161  26.830   32.201  103.3  12.15  14.000    0.03849    1.93    2.60    3.37
17-07-2024 07:54:16.90   84.01  -0.170  26.822   32.200  103.3  12.15  14.000    0.04737    1.91    2.13    3.09
17-07-2024 07:54:17.15   84.11  -0.179  26.819   32.205  103.2  12.15  14.000    0.03627    2.13    2.35    3.10
17-07-2024 07:54:17.39   84.16  -0.185  26.817   32.208  103.2  12.14  14.000    0.03775    2.06    1.93    2.75
17-07-2024 07:54:17.65   84.27  -0.188  26.813   32.207  103.1  12.13  14.000    0.04885    2.06    2.59    3.03
17-07-2024 07:54:17.89   84.33  -0.192  26.812   32.210  103.0  12.13  14.000    0.04515    2.06    2.59    3.03
17-07-2024 07:54:18.14   84.45  -0.194  26.811   32.210  103.0  12.12  14.000    0.04589    2.34    2.45    3.33
17-07-2024 07:54:18.39   84.52  -0.197  26.810   32.212  102.9  12.11  14.000    0.03035    2.46    2.11    3.05
17-07-2024 07:54:18.63   84.60  -0.199  26.808   32.211  102.8  12.11  14.000    0.03109    1.79    2.40    2.78
17-07-2024 07:54:18.88   84.67  -0.202  26.806   32.212  102.8  12.10  14.000    0.04515    1.96    1.97    3.22
17-07-2024 07:54:19.12   84.76  -0.204  26.806   32.214  102.7  12.09  14.000    0.03479    1.48    2.13    3.46
17-07-2024 07:54:19.37   84.83  -0.206  26.805   32.215  102.7  12.09  14.000    0.05921    2.21    2.39    3.38
17-07-2024 07:54:19.61   84.91  -0.207  26.804   32.215  102.6  12.08  14.000    0.03627    2.21    2.39    3.38
17-07-2024 07:54:19.86   84.98  -0.209  26.803   32.216  102.5  12.07  14.000    0.04367    1.71    1.70    2.88
17-07-2024 07:54:20.10   85.09  -0.211  26.802   32.216  102.5  12.07  14.000    0.03849    2.11    2.50    3.06
17-07-2024 07:54:20.35   85.17  -0.213  26.800   32.215  102.4  12.06  14.000    0.04589    2.10    2.22    2.97
17-07-2024 07:54:20.59   85.25  -0.215  26.799   32.216  102.3  12.05  14.000    0.04515    2.31    2.24    3.08
17-07-2024 07:54:20.84   85.30  -0.218  26.798   32.218  102.3  12.05  14.000    0.03701    1.71    2.33    3.27
17-07-2024 07:54:21.08   85.40  -0.221  26.796   32.218  102.2  12.04  14.000    0.03553    1.71    2.33    3.27
17-07-2024 07:54:21.33   85.50  -0.225  26.793   32.219  102.2  12.03  14.000    0.05847    1.91    2.46    3.39
17-07-2024 07:54:21.58   85.59  -0.229  26.792   32.221  102.1  12.03  14.000    0.04145    2.03    2.07    2.85
17-07-2024 07:54:21.83   85.65  -0.232  26.791   32.223  102.0  12.02  14.000    0.04293    2.47    2.72    3.08
17-07-2024 07:54:22.07   85.73  -0.235  26.789   32.223  102.0  12.02  14.000    0.05107    2.11    2.58    2.95
17-07-2024 07:54:22.32   85.83  -0.236  26.788   32.223  101.9  12.01  14.000    0.03775    2.16    1.96    3.22
17-07-2024 07:54:22.56   85.92  -0.239  26.786   32.224  101.9  12.01  14.000    0.04663    1.99    2.30    3.29
17-07-2024 07:54:22.81   85.97  -0.241  26.784   32.224  101.8  12.00  14.000    0.04441    2.03    2.41    2.89
17-07-2024 07:54:23.06   86.04  -0.244  26.782   32.225  101.7  11.99  14.000    0.04071    2.03    2.41    2.89
17-07-2024 07:54:23.30   86.15  -0.247  26.781   32.226  101.7  11.99  14.000    0.03775    2.05    2.33    3.18
17-07-2024 07:54:23.54   86.22  -0.250  26.780   32.227  101.6  11.98  14.000    0.05329    2.06    1.94    2.97
17-07-2024 07:54:23.79   86.29  -0.252  26.778   32.227  101.6  11.97  14.000    0.03183    2.06    1.83    3.17
17-07-2024 07:54:24.03   86.38  -0.255  26.778   32.230  101.5  11.97  14.000    0.04219    2.17    2.18    3.03
17-07-2024 07:54:24.28   86.47  -0.256  26.777   32.230  101.5  11.96  14.000    0.04367    1.94    2.33    3.10
17-07-2024 07:54:24.52   86.54  -0.259  26.775   32.229  101.4  11.96  14.000    0.04293    1.94    2.33    3.10
17-07-2024 07:54:24.77   86.62  -0.261  26.774   32.231  101.3  11.95  14.000    0.03849    2.14    2.11    3.29
17-07-2024 07:54:25.02   86.71  -0.265  26.771   32.231  101.3  11.94  14.000    0.03405    2.17    2.64    2.86
17-07-2024 07:54:25.27   86.80  -0.268  26.769   32.232  101.2  11.94  14.000    0.04293    2.06    2.00    2.95
17-07-2024 07:54:25.52   86.88  -0.271  26.769   32.234  101.2  11.93  14.000    0.05477    2.04    2.40    3.34
17-07-2024 07:54:25.76   86.99  -0.273  26.768   32.236  101.1  11.93  14.000    0.05033    1.94    2.15    3.04
17-07-2024 07:54:26.01   87.04  -0.277  26.769   32.240  101.1  11.92  14.000    0.04589    2.26    2.13    3.15
17-07-2024 07:54:26.25   87.13  -0.279  26.765   32.237  101.0  11.92  14.000    0.03849    2.26    2.13    3.15
17-07-2024 07:54:26.50   87.22  -0.283  26.763   32.238  101.0  11.91  14.000    0.03331    2.15    2.29    3.07
17-07-2024 07:54:26.74   87.31  -0.287  26.761   32.240  100.9  11.90  14.000    0.04441    1.71    2.21    3.00
17-07-2024 07:54:26.99   87.39  -0.293  26.757   32.242  100.9  11.90  14.000    0.04367    1.78    2.24    3.19
17-07-2024 07:54:27.23   87.47  -0.298  26.755   32.244  100.8  11.90  14.000    0.04145    2.21    2.07    3.11
17-07-2024 07:54:27.48   87.55  -0.303  26.751   32.245  100.8  11.89  14.000    0.02887    2.35    2.68    3.30
17-07-2024 07:54:27.72   87.62  -0.310  26.749   32.249  100.7  11.89  14.000    0.05033    1.93    2.28    2.88
17-07-2024 07:54:27.96   87.72  -0.316  26.744   32.248  100.7  11.88  14.000    0.04367    1.93    2.28    2.88
17-07-2024 07:54:28.21   87.79  -0.322  26.741   32.251  100.6  11.88  14.000    0.03849    2.04    2.44    3.13
17-07-2024 07:54:28.46   87.86  -0.327  26.739   32.253  100.5  11.87  14.000    0.05847    2.16    2.27    3.15
17-07-2024 07:54:28.71   87.97  -0.333  26.736   32.256  100.5  11.87  14.000    0.03479    2.17    1.86    3.14
17-07-2024 07:54:28.95   88.05  -0.338  26.733   32.256  100.4  11.86  14.000    0.04959    2.17    2.39    3.02
17-07-2024 07:54:29.20   88.13  -0.343  26.729   32.257  100.4  11.86  14.000    0.02813    2.34    2.53    3.13
17-07-2024 07:54:29.45   88.23  -0.348  26.726   32.259  100.3  11.85  14.000    0.03627    1.94    2.10    2.93
17-07-2024 07:54:29.69   88.32  -0.354  26.722   32.260  100.3  11.85  14.000    0.04293    1.94    2.10    2.93
17-07-2024 07:54:29.94   88.40  -0.358  26.720   32.262  100.2  11.84  14.000    0.03849    2.24    1.96    3.35
17-07-2024 07:54:30.18   88.52  -0.362  26.719   32.264  100.2  11.84  14.000    0.04663    2.28    2.74    2.89
17-07-2024 07:54:30.43   88.58  -0.365  26.717   32.265  100.1  11.83  14.000    0.03627    2.04    2.10    3.17
17-07-2024 07:54:30.67   88.66  -0.368  26.714   32.264  100.0  11.83  14.000    0.05033    2.16    2.02    3.15
17-07-2024 07:54:30.92   88.72  -0.369  26.714   32.264  100.0  11.82  14.000    0.04589    1.97    2.42    3.12
17-07-2024 07:54:31.16   88.78  -0.372  26.713   32.265   99.9  11.82  14.000    0.04145    1.93    2.22    3.18
17-07-2024 07:54:31.41   88.87  -0.373  26.712   32.266   99.9  11.81  14.000    0.05255    1.93    2.22    3.18
17-07-2024 07:54:31.65   88.98  -0.375  26.710   32.266   99.8  11.80  14.000    0.03553    2.01    1.99    2.95
17-07-2024 07:54:31.90   89.06  -0.378  26.710   32.268   99.8  11.80  14.000    0.04959    1.73    2.24    3.25
17-07-2024 07:54:32.14   89.15  -0.380  26.707   32.266   99.7  11.79  14.000    0.04071    2.20    2.63    3.21
17-07-2024 07:54:32.40   89.19  -0.385  26.704   32.268   99.7  11.79  14.000    0.03923    2.08    2.07    3.17
17-07-2024 07:54:32.64   89.33  -0.389  26.701   32.268   99.6  11.78  14.000    0.03405    2.23    2.34    3.07
17-07-2024 07:54:32.89   89.41  -0.392  26.700   32.270   99.6  11.78  14.000    0.04589    1.93    2.45    3.12
17-07-2024 07:54:33.14   89.47  -0.395  26.699   32.271   99.5  11.77  14.000    0.03553    1.93    2.45    3.12
17-07-2024 07:54:33.38   89.56  -0.397  26.698   32.273   99.5  11.77  14.000    0.04367    2.19    2.28    3.11
17-07-2024 07:54:33.63   89.69  -0.399  26.696   32.272   99.4  11.76  14.000    0.02961    2.20    2.25    3.06
17-07-2024 07:54:33.87   89.74  -0.401  26.696   32.274   99.3  11.75  14.000    0.04737    2.43    2.65    3.16
17-07-2024 07:54:34.12   89.84  -0.403  26.693   32.273   99.3  11.75  14.000    0.05255    2.08    2.58    3.38
17-07-2024 07:54:34.36   89.89  -0.405  26.692   32.273   99.2  11.74  14.000    0.04367    2.02    2.21    3.12
17-07-2024 07:54:34.61   89.97  -0.409  26.690   32.275   99.2  11.74  14.000    0.03257    1.77    2.45    3.19
17-07-2024 07:54:34.85   90.09  -0.411  26.689   32.275   99.1  11.73  14.000    0.04367    1.77    2.45    3.19
17-07-2024 07:54:35.10   90.13  -0.414  26.687   32.275   99.1  11.73  14.000    0.01554    2.09    2.36    3.12
17-07-2024 07:54:35.34   90.23  -0.417  26.686   32.277   99.0  11.72  14.000    0.03775    2.11    2.47    2.88
17-07-2024 07:54:35.59   90.27  -0.420  26.684   32.278   99.0  11.72  14.000    0.04441    1.86    2.66    2.81
17-07-2024 07:54:35.83   90.36  -0.422  26.682   32.277   99.0  11.71  14.000    0.05477    1.90    2.38    3.15
17-07-2024 07:54:36.08   90.47  -0.425  26.682   32.280   98.9  11.71  14.000    0.03923    2.12    2.29    2.85
17-07-2024 07:54:36.33   90.56  -0.427  26.681   32.280   98.9  11.70  14.000    0.04589    2.26    1.97    3.21
17-07-2024 07:54:36.58   90.64  -0.429  26.678   32.280   98.8  11.70  14.000    0.04663    2.26    1.97    3.21
17-07-2024 07:54:36.82   90.75  -0.431  26.676   32.279   98.8  11.69  14.000    0.03257    2.08    2.15    3.06
17-07-2024 07:54:37.07   90.81  -0.432  26.676   32.280   98.7  11.69  14.000    0.03701    2.40    2.28    3.17
17-07-2024 07:54:37.31   90.87  -0.434  26.674   32.280   98.7  11.68  14.000    0.02961    2.23    2.56    3.25
17-07-2024 07:54:37.56   90.93  -0.437  26.674   32.282   98.6  11.68  14.000    0.04589    2.10    2.15    2.90
17-07-2024 07:54:37.80   91.04  -0.439  26.673   32.283   98.6  11.68  14.000    0.04145    2.35    2.45    2.75
17-07-2024 07:54:38.05   91.15  -0.440  26.672   32.283   98.5  11.67  14.000    0.04367    1.77    2.56    2.73
17-07-2024 07:54:38.29   91.21  -0.443  26.669   32.281   98.5  11.67  14.000    0.02961    1.77    2.56    2.73
17-07-2024 07:54:38.54   91.29  -0.446  26.668   32.283   98.5  11.66  14.000    0.05699    2.14    1.95    3.13
17-07-2024 07:54:38.78   91.42  -0.448  26.667   32.284   98.4  11.66  14.000    0.03997    2.17    2.28    3.28
17-07-2024 07:54:39.03   91.48  -0.451  26.666   32.286   98.4  11.65  14.000    0.05181    2.14    2.23    2.99
17-07-2024 07:54:39.27   91.56  -0.453  26.665   32.287   98.3  11.65  14.000    0.05329    1.93    2.26    2.89
17-07-2024 07:54:39.52   91.67  -0.454  26.663   32.286   98.3  11.65  14.000    0.02591    2.06    2.19    2.98
17-07-2024 07:54:39.77   91.75  -0.457  26.662   32.287   98.3  11.64  14.000    0.04663    1.83    2.19    2.94
17-07-2024 07:54:40.02   91.84  -0.460  26.661   32.288   98.2  11.64  14.000    0.03405    1.83    2.19    2.94
17-07-2024 07:54:40.27   91.94  -0.463  26.658   32.288   98.2  11.64  14.000    0.04589    2.01    2.75    3.02
17-07-2024 07:54:40.51   92.03  -0.468  26.656   32.290   98.2  11.63  14.000    0.03627    2.13    2.45    3.25
17-07-2024 07:54:40.76   92.12  -0.471  26.653   32.290   98.1  11.63  14.000    0.03479    1.95    2.32    3.19
17-07-2024 07:54:41.00   92.15  -0.473  26.653   32.292   98.1  11.63  14.000    0.04145    2.20    1.89    3.04
17-07-2024 07:54:41.25   92.28  -0.477  26.652   32.294   98.1  11.62  14.000    0.04811    2.00    2.14    3.19
17-07-2024 07:54:41.49   92.35  -0.479  26.650   32.294   98.0  11.62  14.000    0.03479    1.90    2.25    3.64
17-07-2024 07:54:41.73   92.44  -0.481  26.649   32.295   98.0  11.62  14.000    0.04219    1.90    2.25    3.64
17-07-2024 07:54:41.98   92.50  -0.482  26.649   32.296   97.9  11.61  14.000    0.04441    2.12    2.28    2.93
17-07-2024 07:54:42.23   92.59  -0.484  26.647   32.296   97.9  11.61  14.000    0.02665    1.88    2.07    2.95
17-07-2024 07:54:42.47   92.65  -0.488  26.645   32.297   97.9  11.61  14.000    0.04145    1.94    2.03    3.35
17-07-2024 07:54:42.72   92.78  -0.490  26.644   32.298   97.9  11.60  14.000    0.04515    2.26    2.33    3.00
17-07-2024 07:54:42.96   92.84  -0.493  26.642   32.297   97.8  11.60  14.000    0.03997    2.21    2.35    3.28
17-07-2024 07:54:43.21   92.94  -0.496  26.640   32.298   97.8  11.60  14.000    0.04811    2.11    2.13    2.98
17-07-2024 07:54:43.46   93.02  -0.498  26.639   32.300   97.8  11.60  14.000    0.03553    2.11    2.13    2.98
17-07-2024 07:54:43.70   93.14  -0.500  26.637   32.300   97.8  11.60  14.000    0.03553    2.43    1.99    2.74
17-07-2024 07:54:43.95   93.20  -0.503  26.637   32.302   97.7  11.59  14.000    0.03775    2.18    2.16    2.86
17-07-2024 07:54:44.20   93.29  -0.506  26.634   32.301   97.7  11.59  14.000    0.03627    1.98    2.40    3.27
17-07-2024 07:54:44.44   93.36  -0.510  26.632   32.302   97.7  11.59  14.000    0.04885    2.28    2.10    3.09
17-07-2024 07:54:44.69   93.44  -0.511  26.630   32.302   97.7  11.58  14.000    0.03257    1.82    2.02    2.83
17-07-2024 07:54:44.93   93.51  -0.514  26.630   32.304   97.6  11.58  14.000    0.04885    1.77    2.75    3.40
17-07-2024 07:54:45.18   93.62  -0.516  26.629   32.305   97.6  11.58  14.000    0.02887    1.77    2.75    3.40
17-07-2024 07:54:45.42   93.69  -0.518  26.628   32.306   97.6  11.58  14.000    0.02961    2.34    2.34    2.60
17-07-2024 07:54:45.67   93.78  -0.520  26.627   32.307   97.5  11.57  14.000    0.03035    1.85    2.24    3.10
17-07-2024 07:54:45.91   93.89  -0.522  26.626   32.308   97.5  11.57  14.000    0.02813    2.34    2.05    3.30
17-07-2024 07:54:46.16   93.96  -0.524  26.625   32.308   97.5  11.57  14.000    0.03775    2.21    2.33    3.12
17-07-2024 07:54:46.40   94.04  -0.526  26.623   32.307   97.5  11.57  14.000    0.04515    2.20    2.20    2.88
17-07-2024 07:54:46.65   94.13  -0.528  26.623   32.309   97.4  11.56  14.000    0.05403    1.91    2.65    3.18
17-07-2024 07:54:46.89   94.22  -0.529  26.622   32.309   97.4  11.56  14.000    0.04071    1.91    2.65    3.18
17-07-2024 07:54:47.15   94.31  -0.530  26.623   32.311   97.4  11.56  14.000    0.05551    1.62    2.06    3.01
17-07-2024 07:54:47.39   94.36  -0.531  26.621   32.310   97.4  11.56  14.000    0.05107    1.78    1.56    3.60
17-07-2024 07:54:47.64   94.45  -0.533  26.621   32.311   97.4  11.56  14.000    0.04589    2.32    2.32    3.18
17-07-2024 07:54:47.89   94.57  -0.534  26.621   32.312   97.4  11.56  14.000    0.06661    1.94    2.44    3.30
17-07-2024 07:54:48.13   94.67  -0.535  26.620   32.312   97.3  11.55  14.000    0.04071    2.01    2.41    3.07
17-07-2024 07:54:48.38   94.73  -0.537  26.619   32.313   97.3  11.55  14.000    0.04441    2.20    2.28    3.35
17-07-2024 07:54:48.62   94.83  -0.538  26.620   32.315   97.3  11.55  14.000    0.05847    2.20    2.28    3.35
17-07-2024 07:54:48.87   94.87  -0.540  26.618   32.315   97.3  11.55  14.000    0.03997    2.21    2.33    3.12
17-07-2024 07:54:49.11   94.96  -0.542  26.618   32.316   97.3  11.55  14.000    0.03775    2.21    2.06    3.12
17-07-2024 07:54:49.36   95.04  -0.543  26.617   32.317   97.3  11.55  14.000    0.05181    1.82    2.64    3.14
17-07-2024 07:54:49.60   95.09  -0.544  26.616   32.317   97.2  11.54  14.000    0.04071    2.17    2.27    3.38
17-07-2024 07:54:49.85   95.25  -0.546  26.616   32.319   97.2  11.54  14.000    0.04145    2.77    2.46    2.92
17-07-2024 07:54:50.09   95.29  -0.548  26.616   32.320   97.2  11.54  14.000    0.03627    1.81    2.15    2.97
17-07-2024 07:54:50.34   95.37  -0.548  26.616   32.321   97.2  11.54  14.000    0.02368    1.81    2.15    2.97
17-07-2024 07:54:50.58   95.45  -0.550  26.615   32.321   97.2  11.54  14.000    0.04441    2.08    2.67    3.49
17-07-2024 07:54:50.84   95.56  -0.551  26.615   32.322   97.1  11.53  14.000    0.02443    2.17    2.05    2.91
17-07-2024 07:54:51.08   95.64  -0.551  26.615   32.322   97.1  11.53  14.000    0.04515    2.48    2.16    2.86
17-07-2024 07:54:51.33   95.72  -0.552  26.615   32.323   97.1  11.53  14.000    0.04959    2.32    2.37    2.95
17-07-2024 07:54:51.58   95.81  -0.552  26.615   32.324   97.1  11.53  14.000    0.02961    1.94    2.28    3.26
17-07-2024 07:54:51.82   95.89  -0.553  26.614   32.324   97.1  11.53  14.000    0.03331    2.07    2.04    3.13
17-07-2024 07:54:52.07   95.95  -0.553  26.615   32.324   97.1  11.53  14.000    0.03553    2.07    2.04    3.13
17-07-2024 07:54:52.31   96.04  -0.555  26.615   32.326   97.1  11.53  14.000    0.04145    2.00    2.51    3.31
17-07-2024 07:54:52.56   96.15  -0.556  26.614   32.325   97.1  11.53  14.000    0.04145    2.30    1.98    3.09
17-07-2024 07:54:52.80   96.24  -0.558  26.613   32.327   97.0  11.52  14.000    0.05107    1.90    1.89    2.58
17-07-2024 07:54:53.05   96.28  -0.560  26.613   32.328   97.0  11.52  14.000    0.04441    2.17    2.17    2.92
17-07-2024 07:54:53.29   96.35  -0.561  26.612   32.329   97.0  11.52  14.000    0.03997    2.19    2.17    2.97
17-07-2024 07:54:53.54   96.47  -0.562  26.613   32.331   97.0  11.52  14.000    0.02739    1.79    2.34    3.01
17-07-2024 07:54:53.78   96.57  -0.563  26.613   32.331   97.0  11.52  14.000    0.04737    1.79    2.34    3.01
17-07-2024 07:54:54.03   96.67  -0.563  26.612   32.331   97.0  11.52  14.000    0.02220    2.06    2.45    3.53
17-07-2024 07:54:54.27   96.74  -0.564  26.613   32.332   96.9  11.52  14.000    0.02443    2.21    1.96    3.13
17-07-2024 07:54:54.52   96.86  -0.564  26.612   32.331   96.9  11.52  14.000    0.03479    2.11    2.21    2.87
17-07-2024 07:54:54.77   96.91  -0.563  26.612   32.331   96.9  11.51  14.000    0.05181    2.07    2.09    3.45
17-07-2024 07:54:55.02   97.01  -0.564  26.612   32.331   96.9  11.51  14.000    0.03035    2.02    2.29    3.10
17-07-2024 07:54:55.26   97.10  -0.565  26.612   32.331   96.9  11.51  14.000    0.04663    2.23    2.21    3.41
17-07-2024 07:54:55.51   97.16  -0.565  26.611   32.331   96.9  11.51  14.000    0.03109    2.23    2.21    3.41
17-07-2024 07:54:55.75   97.26  -0.565  26.611   32.331   96.9  11.51  14.000    0.04293    2.21    2.31    2.92
17-07-2024 07:54:56.00   97.37  -0.566  26.612   32.333   96.9  11.51  14.000    0.04589    2.10    2.28    3.30
17-07-2024 07:54:56.25   97.41  -0.565  26.611   32.331   96.9  11.50  14.000    0.03257    2.32    1.80    3.39
17-07-2024 07:54:56.49   97.52  -0.565  26.612   32.332   96.9  11.51  14.000    0.04367    2.17    2.25    3.32
17-07-2024 07:54:56.73   97.61  -0.565  26.611   32.331   96.8  11.50  14.000    0.04589    1.87    2.78    2.98
17-07-2024 07:54:56.98   97.70  -0.567  26.611   32.333   96.8  11.50  14.000    0.04663    2.17    2.17    3.01
17-07-2024 07:54:57.26   97.79  -0.569  26.610   32.333   96.8  11.50  14.000    0.04145    2.16    2.58    3.16
17-07-2024 07:54:57.47   97.87  -0.569  26.611   32.334   96.8  11.50  14.000    0.03257    2.16    2.58    3.16
17-07-2024 07:54:57.72   97.98  -0.570  26.611   32.335   96.8  11.50  14.000    0.04885    2.17    2.42    3.12
17-07-2024 07:54:57.96   98.06  -0.570  26.610   32.334   96.8  11.50  14.000    0.03923    2.19    2.40    3.20
17-07-2024 07:54:58.21   98.14  -0.570  26.611   32.335   96.8  11.50  14.000    0.03183    1.97    2.25    2.66
17-07-2024 07:54:58.45   98.19  -0.571  26.610   32.335   96.8  11.50  14.000    0.03775    2.08    2.30    3.23
17-07-2024 07:54:58.70   98.30  -0.571  26.610   32.335   96.8  11.50  14.000    0.04959    2.17    2.05    3.39
17-07-2024 07:54:58.95   98.37  -0.572  26.609   32.336   96.8  11.50  14.000    0.03183    2.17    2.05    3.39
17-07-2024 07:54:59.19   98.48  -0.572  26.610   32.336   96.7  11.49  14.000    0.04663    2.04    2.61    3.19
17-07-2024 07:54:59.44   98.56  -0.573  26.610   32.336   96.7  11.49  14.000    0.04811    2.07    2.82    2.95
17-07-2024 07:54:59.68   98.67  -0.573  26.610   32.337   96.7  11.49  14.000    0.02961    2.18    1.86    3.28
17-07-2024 07:54:59.93   98.77  -0.574  26.609   32.337   96.7  11.49  14.000    0.04885    1.90    2.52    3.21
17-07-2024 07:55:00.17   98.86  -0.573  26.610   32.337   96.7  11.49  14.000    0.05551    2.14    2.35    2.89
17-07-2024 07:55:00.42   98.93  -0.574  26.610   32.337   96.7  11.49  14.000    0.02887    2.17    2.37    2.97
17-07-2024 07:55:00.66   98.99  -0.574  26.609   32.337   96.7  11.49  14.000    0.04367    2.17    2.37    2.97
17-07-2024 07:55:00.91   99.06  -0.574  26.609   32.338   96.7  11.49  14.000    0.02887    1.88    2.29    3.11
17-07-2024 07:55:01.15   99.18  -0.574  26.610   32.338   96.7  11.49  14.000    0.03109    2.09    1.89    3.20
17-07-2024 07:55:01.40   99.25  -0.575  26.610   32.338   96.7  11.48  14.000    0.04145    1.94    2.11    2.78
17-07-2024 07:55:01.64   99.38  -0.575  26.611   32.339   96.7  11.48  14.000    0.04219    1.64    2.20    3.30
17-07-2024 07:55:01.90   99.39  -0.575  26.610   32.339   96.6  11.48  14.000    0.04441    2.22    2.21    3.13
17-07-2024 07:55:02.14   99.50  -0.577  26.609   32.340   96.7  11.48  14.000    0.04811    2.05    2.35    2.97
17-07-2024 07:55:02.39   99.61  -0.582  26.606   32.342   96.6  11.48  14.000    0.04293    2.05    2.35    2.97
17-07-2024 07:55:02.64   99.68  -0.586  26.608   32.347   96.6  11.48  14.000    0.03553    2.04    2.23    3.13
17-07-2024 07:55:02.88   99.78  -0.587  26.607   32.347   96.6  11.48  14.000    0.05403    2.04    1.66    2.90
17-07-2024 07:55:03.13   99.85  -0.587  26.609   32.349   96.6  11.48  14.000    0.03479    1.99    2.14    2.92
17-07-2024 07:55:03.37   99.94  -0.586  26.609   32.349   96.6  11.48  14.000    0.05847    1.92    2.41    3.03
17-07-2024 07:55:03.62  100.03  -0.586  26.610   32.350   96.6  11.48  14.000    0.04441    2.13    1.70    2.90
17-07-2024 07:55:03.86  100.15  -0.585  26.611   32.351   96.6  11.48  14.000    0.04145    2.13    1.70    2.90
17-07-2024 07:55:04.11  100.22  -0.584  26.612   32.351   96.6  11.48  14.000    0.04885    2.21    2.02    2.86
17-07-2024 07:55:04.35  100.30  -0.584  26.613   32.351   96.6  11.48  14.000    0.04367    2.13    1.97    2.94
17-07-2024 07:55:04.60  100.38  -0.583  26.613   32.351   96.6  11.48  14.000    0.04885    2.21    2.15    2.80
17-07-2024 07:55:04.84  100.49  -0.582  26.614   32.351   96.6  11.47  14.000    0.03997    1.92    2.23    3.36
17-07-2024 07:55:05.09  100.54  -0.582  26.616   32.354   96.6  11.47  14.000    0.04293    2.01    2.16    2.93
17-07-2024 07:55:05.33  100.66  -0.580  26.618   32.354   96.5  11.47  14.000    0.04071    1.89    2.05    3.21
17-07-2024 07:55:05.59  100.73  -0.579  26.619   32.355   96.5  11.47  14.000    0.04367    2.00    2.14    3.13
17-07-2024 07:55:05.83  100.85  -0.579  26.620   32.356   96.6  11.47  14.000    0.03997    2.00    2.14    3.13
17-07-2024 07:55:06.08  100.93  -0.579  26.620   32.356   96.5  11.47  14.000    0.03035    2.09    2.15    2.98
17-07-2024 07:55:06.33  101.03  -0.579  26.620   32.355   96.5  11.47  14.000    0.03183    2.22    2.66    3.25
17-07-2024 07:55:06.57  101.09  -0.578  26.623   32.358   96.5  11.47  14.000    0.04663    1.94    2.48    2.98
17-07-2024 07:55:06.82  101.18  -0.575  26.626   32.359   96.5  11.47  14.000    0.04071    2.11    2.26    3.26
17-07-2024 07:55:07.07  101.29  -0.572  26.630   32.361   96.5  11.46  14.000    0.04441    2.07    1.70    2.98
17-07-2024 07:55:07.31  101.34  -0.569  26.631   32.359   96.5  11.46  14.000    0.03553    2.07    1.70    2.98
17-07-2024 07:55:07.55  101.46  -0.568  26.633   32.361   96.5  11.46  14.000    0.05477    2.10    2.41    3.03
17-07-2024 07:55:07.80  101.53  -0.569  26.634   32.363   96.5  11.46  14.000    0.03183    2.13    2.03    2.88
17-07-2024 07:55:08.04  101.62  -0.571  26.633   32.364   96.5  11.46  14.000    0.01776    2.17    2.04    3.22
17-07-2024 07:55:08.29  101.72  -0.573  26.632   32.365   96.5  11.46  14.000    0.03997    1.98    2.06    3.18
17-07-2024 07:55:08.53  101.77  -0.576  26.630   32.366   96.5  11.46  14.000    0.04737    2.25    2.34    3.18
17-07-2024 07:55:08.78  101.91  -0.579  26.629   32.366   96.5  11.46  14.000    0.03849    1.98    2.43    3.15
17-07-2024 07:55:09.02  101.97  -0.579  26.629   32.368   96.5  11.46  14.000    0.03997    1.98    2.43    3.15
17-07-2024 07:55:09.27  102.06  -0.580  26.632   32.371   96.5  11.46  14.000    0.04589    2.06    2.40    3.50
17-07-2024 07:55:09.52  102.13  -0.579  26.632   32.371   96.5  11.46  14.000    0.04219    2.19    2.61    3.08
17-07-2024 07:55:09.77  102.25  -0.579  26.632   32.372   96.5  11.46  14.000    0.04145    2.05    1.48    3.13
17-07-2024 07:55:10.01  102.33  -0.581  26.633   32.374   96.4  11.46  14.000    0.03257    2.29    2.38    2.88
17-07-2024 07:55:10.26  102.43  -0.581  26.632   32.374   96.4  11.46  14.000    0.05033    2.12    2.17    2.79
17-07-2024 07:55:10.50  102.50  -0.582  26.631   32.373   96.4  11.46  14.000    0.02887    2.12    2.55    2.95
17-07-2024 07:55:10.75  102.59  -0.583  26.632   32.375   96.4  11.46  14.000    0.02368    2.12    2.55    2.95
17-07-2024 07:55:10.99  102.71  -0.583  26.632   32.376   96.4  11.45  14.000    0.04441    2.02    2.04    2.97
17-07-2024 07:55:11.24  102.78  -0.583  26.634   32.377   96.4  11.45  14.000    0.04737    2.00    1.66    3.05
17-07-2024 07:55:11.48  102.83  -0.582  26.635   32.378   96.4  11.45  14.000    0.03479    2.15    2.20    3.14
17-07-2024 07:55:11.73  102.88  -0.582  26.636   32.379   96.4  11.45  14.000    0.04219    1.88    2.23    2.76
17-07-2024 07:55:11.97  102.99  -0.582  26.637   32.381   96.4  11.45  14.000    0.05329    2.30    2.75    3.19
17-07-2024 07:55:12.22  103.10  -0.581  26.637   32.380   96.4  11.45  14.000    0.04589    2.41    2.39    3.22
17-07-2024 07:55:12.46  103.15  -0.582  26.639   32.382   96.3  11.45  14.000    0.02591    2.41    2.39    3.22
17-07-2024 07:55:12.71  103.29  -0.581  26.639   32.382   96.3  11.44  14.000    0.02961    2.05    2.04    3.02
17-07-2024 07:55:12.96  103.38  -0.580  26.641   32.383   96.3  11.44  14.000    0.05181    2.10    2.61    3.37
17-07-2024 07:55:13.21  103.42  -0.580  26.642   32.384   96.3  11.44  14.000    0.04071    2.09    1.84    3.24
17-07-2024 07:55:13.45  103.54  -0.579  26.643   32.385   96.3  11.44  14.000    0.05033    2.08    2.29    2.93
17-07-2024 07:55:13.70  103.63  -0.578  26.644   32.385   96.3  11.44  14.000    0.03553    2.13    1.90    3.24
17-07-2024 07:55:13.94  103.70  -0.577  26.646   32.386   96.3  11.44  14.000    0.03257    2.20    2.13    3.10
17-07-2024 07:55:14.19  103.75  -0.575  26.648   32.387   96.3  11.44  14.000    0.04219    2.20    2.13    3.10
17-07-2024 07:55:14.43  103.89  -0.573  26.650   32.388   96.3  11.43  14.000    0.03775    1.97    2.89    3.29
17-07-2024 07:55:14.68  103.96  -0.570  26.654   32.390   96.3  11.43  14.000    0.04071    2.20    2.07    3.06
17-07-2024 07:55:14.92  104.04  -0.566  26.657   32.390   96.2  11.43  14.000    0.03701    1.91    2.07    2.99
17-07-2024 07:55:15.17  104.12  -0.564  26.660   32.391   96.2  11.42  14.000    0.04663    2.02    2.18    3.02
17-07-2024 07:55:15.41  104.19  -0.562  26.661   32.390   96.2  11.42  14.000    0.05551    2.30    2.23    3.06
17-07-2024 07:55:15.66  104.31  -0.560  26.664   32.392   96.2  11.42  14.000    0.04145    2.00    2.38    2.85
17-07-2024 07:55:15.90  104.38  -0.559  26.664   32.392   96.2  11.42  14.000    0.03109    2.00    2.38    2.85
17-07-2024 07:55:16.15  104.45  -0.559  26.665   32.392   96.2  11.42  14.000    0.04145    2.24    2.59    3.17
17-07-2024 07:55:16.40  104.55  -0.559  26.666   32.394   96.2  11.42  14.000    0.04293    1.92    2.00    2.97
17-07-2024 07:55:16.65  104.65  -0.559  26.667   32.395   96.2  11.42  14.000    0.02665    2.00    2.66    2.83
17-07-2024 07:55:16.89  104.71  -0.558  26.669   32.397   96.2  11.42  14.000    0.03997    2.05    2.12    2.82
17-07-2024 07:55:17.14  104.82  -0.558  26.670   32.397   96.2  11.41  14.000    0.02591    1.89    2.31    3.19
17-07-2024 07:55:17.39  104.92  -0.558  26.671   32.398   96.2  11.42  14.000    0.03109    2.00    2.64    3.22
17-07-2024 07:55:17.63  105.02  -0.557  26.671   32.397   96.1  11.41  14.000    0.05255    2.00    2.64    3.22
17-07-2024 07:55:17.88  105.10  -0.557  26.672   32.399   96.1  11.41  14.000    0.01924    2.22    2.46    3.15
17-07-2024 07:55:18.13  105.17  -0.557  26.670   32.397   96.2  11.41  14.000    0.03257    1.89    2.35    3.11
17-07-2024 07:55:18.37  105.23  -0.557  26.671   32.397   96.1  11.41  14.000    0.04293    1.81    2.20    2.91
17-07-2024 07:55:18.61  105.32  -0.557  26.672   32.399   96.1  11.41  14.000    0.04663    2.14    2.43    2.83
17-07-2024 07:55:18.86  105.41  -0.558  26.672   32.400   96.1  11.41  14.000    0.04441    2.13    2.42    3.23
17-07-2024 07:55:19.10  105.49  -0.558  26.672   32.401   96.1  11.41  14.000    0.03553    2.14    1.93    3.17
17-07-2024 07:55:19.35  105.59  -0.558  26.673   32.401   96.1  11.41  14.000    0.03035    2.14    1.93    3.17
17-07-2024 07:55:19.59  105.69  -0.558  26.674   32.403   96.1  11.40  14.000    0.03331    2.13    2.65    2.99
17-07-2024 07:55:19.84  105.78  -0.558  26.674   32.402   96.1  11.41  14.000    0.03405    2.20    2.50    3.08
17-07-2024 07:55:20.08  105.86  -0.557  26.676   32.404   96.1  11.40  14.000    0.04145    2.70    2.10    3.07
17-07-2024 07:55:20.34  105.94  -0.558  26.677   32.405   96.1  11.40  14.000    0.03701    2.12    2.18    3.02
17-07-2024 07:55:20.58  106.03  -0.556  26.678   32.406   96.0  11.40  14.000    0.03109    2.05    3.06    3.29
17-07-2024 07:55:20.83  106.11  -0.556  26.679   32.407   96.0  11.40  14.000    0.03257    2.29    2.22    3.35
17-07-2024 07:55:21.07  106.19  -0.556  26.679   32.407   96.0  11.40  14.000    0.04441    2.29    2.22    3.35
17-07-2024 07:55:21.32  106.28  -0.556  26.679   32.407   96.0  11.40  14.000    0.02665    1.86    2.35    3.26
17-07-2024 07:55:21.57  106.39  -0.556  26.680   32.408   96.0  11.39  14.000    0.02443    1.91    2.01    3.02
17-07-2024 07:55:21.81  106.43  -0.554  26.680   32.407   96.0  11.39  14.000    0.04293    2.35    2.39    2.92
17-07-2024 07:55:22.05  106.54  -0.554  26.682   32.409   96.0  11.39  14.000    0.04959    1.85    2.96    3.17
17-07-2024 07:55:22.30  106.62  -0.553  26.684   32.410   96.0  11.39  14.000    0.03553    2.15    2.09    3.39
17-07-2024 07:55:22.54  106.69  -0.553  26.684   32.410   96.0  11.39  14.000    0.02887    2.17    2.04    3.21
17-07-2024 07:55:22.79  106.82  -0.552  26.686   32.412   95.9  11.38  14.000    0.02591    2.17    2.04    3.21
17-07-2024 07:55:23.03  106.87  -0.551  26.688   32.413   95.9  11.38  14.000    0.01998    2.15    2.31    3.03
17-07-2024 07:55:23.28  106.97  -0.550  26.689   32.413   95.9  11.38  14.000    0.02146    2.31    2.24    3.03
17-07-2024 07:55:23.53  107.05  -0.549  26.690   32.413   95.9  11.38  14.000    0.04145    1.81    2.16    3.32
17-07-2024 07:55:23.77  107.15  -0.549  26.690   32.414   95.9  11.38  14.000    0.03775    2.18    2.20    2.97
17-07-2024 07:55:24.02  107.26  -0.548  26.691   32.414   95.9  11.38  14.000    0.03627    1.90    2.22    2.72
17-07-2024 07:55:24.27  107.32  -0.548  26.691   32.414   95.9  11.38  14.000    0.04219    2.32    1.92    3.08
17-07-2024 07:55:24.52  107.39  -0.547  26.692   32.414   95.9  11.38  14.000    0.02591    2.32    1.92    3.08
17-07-2024 07:55:24.76  107.49  -0.547  26.693   32.414   95.8  11.37  14.000    0.03331    1.95    2.15    3.17
17-07-2024 07:55:25.01  107.58  -0.547  26.693   32.415   95.8  11.37  14.000    0.03257    1.79    2.52    3.21
17-07-2024 07:55:25.25  107.63  -0.546  26.694   32.415   95.8  11.37  14.000    0.05033    2.22    1.81    2.84
17-07-2024 07:55:25.50  107.69  -0.546  26.694   32.416   95.8  11.37  14.000    0.04663    2.13    2.29    2.97
17-07-2024 07:55:25.74  107.85  -0.546  26.695   32.416   95.8  11.37  14.000    0.04071    2.29    2.36    3.13
17-07-2024 07:55:25.99  107.90  -0.545  26.697   32.418   95.8  11.36  14.000    0.03701    2.32    2.22    3.07
17-07-2024 07:55:26.23  108.01  -0.543  26.697   32.417   95.8  11.36  14.000    0.04959    2.32    2.22    3.07
17-07-2024 07:55:26.48  108.08  -0.543  26.698   32.418   95.8  11.36  14.000    0.03701    2.14    1.78    2.95
17-07-2024 07:55:26.72  108.18  -0.542  26.700   32.419   95.8  11.36  14.000    0.02813    2.11    2.43    2.93
17-07-2024 07:55:26.97  108.28  -0.541  26.700   32.418   95.8  11.36  14.000    0.04071    2.09    2.10    3.08
17-07-2024 07:55:27.21  108.31  -0.541  26.702   32.421   95.8  11.36  14.000    0.04811    2.06    2.77    3.11
17-07-2024 07:55:27.46  108.41  -0.541  26.703   32.421   95.8  11.36  14.000    0.02961    2.21    2.40    3.13
17-07-2024 07:55:27.71  108.50  -0.540  26.704   32.422   95.7  11.36  14.000    0.04071    2.02    2.07    2.96
17-07-2024 07:55:27.95  108.58  -0.539  26.704   32.421   95.7  11.36  14.000    0.04811    2.02    2.07    2.96
17-07-2024 07:55:28.21  108.65  -0.538  26.707   32.423   95.7  11.35  14.000    0.04441    2.26    1.89    3.20
17-07-2024 07:55:28.45  108.75  -0.538  26.706   32.422   95.7  11.35  14.000    0.05551    1.98    2.05    3.13
17-07-2024 07:55:28.69  108.87  -0.536  26.707   32.422   95.7  11.35  14.000    0.02961    1.94    2.27    3.03
17-07-2024 07:55:28.94  108.93  -0.536  26.708   32.423   95.7  11.35  14.000    0.03849    1.94    2.68    2.95
17-07-2024 07:55:29.19  109.02  -0.536  26.709   32.424   95.7  11.35  14.000    0.03183    2.27    2.05    2.98
17-07-2024 07:55:29.43  109.11  -0.535  26.711   32.425   95.6  11.34  14.000    0.03997    2.04    1.97    3.09
17-07-2024 07:55:29.67  109.18  -0.533  26.714   32.427   95.6  11.34  14.000    0.04367    2.04    1.97    3.09
17-07-2024 07:55:29.92  109.27  -0.532  26.715   32.427   95.7  11.34  14.000    0.04663    2.00    2.29    3.03
17-07-2024 07:55:30.16  109.35  -0.531  26.716   32.427   95.6  11.34  14.000    0.02961    2.31    2.68    3.19
17-07-2024 07:55:30.41  109.42  -0.530  26.717   32.428   95.6  11.34  14.000    0.02443    2.10    2.67    2.91
17-07-2024 07:55:30.65  109.53  -0.529  26.718   32.428   95.6  11.34  14.000    0.02961    1.85    2.01    2.62
17-07-2024 07:55:30.90  109.61  -0.528  26.719   32.428   95.6  11.34  14.000    0.03405    1.80    2.21    2.76
17-07-2024 07:55:31.15  109.68  -0.527  26.720   32.428   95.6  11.34  14.000    0.04367    1.99    2.36    3.36
17-07-2024 07:55:31.40  109.76  -0.527  26.720   32.429   95.6  11.34  14.000    0.02739    1.99    2.36    3.36
17-07-2024 07:55:31.64  109.88  -0.526  26.720   32.429   95.6  11.34  14.000    0.03775    2.28    1.94    3.09
17-07-2024 07:55:31.89  109.98  -0.526  26.722   32.429   95.6  11.33  14.000    0.04811    2.46    2.34    2.83
17-07-2024 07:55:32.14  110.05  -0.525  26.722   32.429   95.6  11.33  14.000    0.03109    1.94    2.25    2.90
17-07-2024 07:55:32.38  110.18  -0.524  26.723   32.429   95.6  11.33  14.000    0.04811    2.14    2.46    3.08
17-07-2024 07:55:32.63  110.19  -0.523  26.724   32.429   95.6  11.33  14.000    0.01480    2.15    2.39    3.17
17-07-2024 07:55:32.87  110.27  -0.523  26.725   32.431   95.5  11.33  14.000    0.02220    2.12    2.26    2.95
17-07-2024 07:55:33.12  110.40  -0.522  26.726   32.431   95.5  11.33  14.000    0.02813    2.12    2.26    2.95
17-07-2024 07:55:33.36  110.47  -0.520  26.731   32.435   95.5  11.32  14.000    0.04811    2.23    2.33    3.03
17-07-2024 07:55:33.61  110.55  -0.516  26.733   32.434   95.5  11.32  14.000    0.03997    2.05    2.18    2.84
17-07-2024 07:55:33.85  110.65  -0.515  26.735   32.436   95.5  11.32  14.000    0.01702    1.94    2.11    3.23
17-07-2024 07:55:34.10  110.73  -0.512  26.739   32.437   95.5  11.32  14.000    0.02961    2.03    2.61    3.22
17-07-2024 07:55:34.34  110.83  -0.508  26.742   32.437   95.5  11.32  14.000    0.01702    2.06    2.24    2.94
17-07-2024 07:55:34.59  110.89  -0.507  26.742   32.436   95.5  11.32  14.000    0.04811    2.13    2.56    3.32
17-07-2024 07:55:34.83  111.02  -0.505  26.745   32.437   95.5  11.31  14.000    0.03109    2.13    2.56    3.32
17-07-2024 07:55:35.09  111.09  -0.504  26.747   32.438   95.5  11.31  14.000    0.02887    2.15    1.85    3.36
17-07-2024 07:55:35.33  111.15  -0.500  26.750   32.439   95.4  11.31  14.000    0.04367    1.95    2.27    2.96
17-07-2024 07:55:35.58  111.25  -0.497  26.755   32.442   95.4  11.31  14.000    0.03109    2.23    2.27    3.18
17-07-2024 07:55:35.83  111.32  -0.494  26.759   32.444   95.4  11.31  14.000    0.03331    2.07    2.17    3.13
17-07-2024 07:55:36.07  111.41  -0.491  26.763   32.446   95.4  11.30  14.000    0.01258    1.86    2.13    3.00
17-07-2024 07:55:36.32  111.50  -0.490  26.763   32.445   95.4  11.30  14.000    0.01850    2.28    2.47    3.23
17-07-2024 07:55:36.56  111.59  -0.488  26.765   32.446   95.4  11.30  14.000    0.04293    2.28    2.47    3.23
17-07-2024 07:55:36.81  111.68  -0.486  26.768   32.448   95.4  11.30  14.000    0.02665    1.91    2.52    2.96
17-07-2024 07:55:37.05  111.76  -0.485  26.768   32.447   95.4  11.30  14.000    0.02813    1.73    2.15    2.97
17-07-2024 07:55:37.30  111.88  -0.483  26.773   32.450   95.4  11.29  14.000    0.03109    2.08    2.23    2.95
17-07-2024 07:55:37.54  111.95  -0.481  26.774   32.449   95.4  11.29  14.000    0.02294    2.02    2.10    3.27
17-07-2024 07:55:37.79  112.01  -0.480  26.776   32.452   95.4  11.29  14.000    0.02443    1.91    2.61    3.13
17-07-2024 07:55:38.03  112.09  -0.478  26.778   32.452   95.4  11.29  14.000    0.02961    2.18    2.01    3.28
17-07-2024 07:55:38.28  112.22  -0.476  26.781   32.454   95.4  11.29  14.000    0.03109    2.18    2.01    3.28
17-07-2024 07:55:38.52  112.26  -0.475  26.781   32.453   95.3  11.29  14.000    0.02591    2.10    2.38    3.43
17-07-2024 07:55:38.77  112.34  -0.473  26.784   32.455   95.3  11.29  14.000    0.05033    2.02    2.27    2.79
17-07-2024 07:55:39.02  112.42  -0.471  26.788   32.458   95.3  11.28  14.000    0.04071    1.72    2.00    3.38
17-07-2024 07:55:39.27  112.53  -0.468  26.791   32.458   95.3  11.28  14.000    0.04145    1.94    1.99    3.47
17-07-2024 07:55:39.51  112.62  -0.467  26.792   32.458   95.3  11.28  14.000    0.05477    2.18    2.45    2.95
17-07-2024 07:55:39.76  112.68  -0.466  26.792   32.457   95.3  11.28  14.000    0.03331    2.10    2.47    3.13
17-07-2024 07:55:40.01  112.78  -0.465  26.792   32.457   95.3  11.28  14.000    0.03257    2.10    2.47    3.13
17-07-2024 07:55:40.25  112.87  -0.465  26.793   32.458   95.3  11.28  14.000    0.05403    2.20    2.96    2.89
17-07-2024 07:55:40.49  112.96  -0.464  26.795   32.459   95.3  11.28  14.000    0.04145    2.09    2.15    2.93
17-07-2024 07:55:40.74  113.02  -0.463  26.796   32.459   95.2  11.27  14.000    0.05255    2.06    2.30    3.32
17-07-2024 07:55:40.98  113.12  -0.462  26.799   32.463   95.2  11.27  14.000    0.03701    2.12    2.23    3.12
17-07-2024 07:55:41.23  113.20  -0.460  26.800   32.462   95.2  11.27  14.000    0.04071    2.16    2.32    3.31
17-07-2024 07:55:41.47  113.31  -0.459  26.802   32.463   95.2  11.27  14.000    0.03257    2.08    2.20    3.15
17-07-2024 07:55:41.72  113.37  -0.458  26.804   32.464   95.2  11.26  14.000    0.03331    2.08    2.20    3.15
17-07-2024 07:55:41.96  113.46  -0.456  26.805   32.465   95.2  11.26  14.000    0.02294    1.99    2.16    3.16
17-07-2024 07:55:42.21  113.56  -0.455  26.807   32.466   95.2  11.26  14.000    0.03257    2.15    2.16    3.22
17-07-2024 07:55:42.46  113.62  -0.453  26.810   32.467   95.2  11.26  14.000    0.04367    2.17    2.18    3.16
17-07-2024 07:55:42.71  113.73  -0.451  26.812   32.468   95.1  11.26  14.000    0.03109    2.15    2.37    3.14
17-07-2024 07:55:42.96  113.78  -0.449  26.814   32.469   95.1  11.25  14.000    0.05107    2.05    2.64    3.11
17-07-2024 07:55:43.20  113.87  -0.448  26.818   32.472   95.1  11.25  14.000    0.04071    2.41    2.36    2.86
17-07-2024 07:55:43.45  113.98  -0.446  26.819   32.471   95.1  11.25  14.000    0.04367    2.41    2.36    2.86
17-07-2024 07:55:43.69  114.05  -0.444  26.822   32.473   95.1  11.25  14.000    0.04071    1.95    2.30    3.05
17-07-2024 07:55:43.94  114.12  -0.440  26.827   32.475   95.1  11.24  14.000    0.04145    2.06    2.40    3.17
17-07-2024 07:55:44.18  114.20  -0.437  26.830   32.476   95.1  11.24  14.000    0.04515    1.89    2.59    3.24
17-07-2024 07:55:44.43  114.31  -0.434  26.831   32.475   95.0  11.24  14.000    0.04959    1.80    2.46    3.09
17-07-2024 07:55:44.67  114.37  -0.432  26.834   32.477   95.0  11.24  14.000    0.03109    2.22    2.23    3.27
17-07-2024 07:55:44.92  114.44  -0.431  26.837   32.479   95.0  11.23  14.000    0.03923    2.22    2.23    3.27
17-07-2024 07:55:45.16  114.54  -0.428  26.840   32.480   95.0  11.23  14.000    0.03035    2.13    2.48    3.35
17-07-2024 07:55:45.41  114.64  -0.426  26.842   32.480   95.0  11.23  14.000    0.03923    1.94    2.08    3.09
17-07-2024 07:55:45.66  114.69  -0.424  26.844   32.481   95.0  11.23  14.000    0.03997    2.11    2.27    3.17
17-07-2024 07:55:45.90  114.79  -0.423  26.845   32.481   95.0  11.23  14.000    0.03257    2.19    2.25    3.16
17-07-2024 07:55:46.15  114.85  -0.421  26.847   32.482   95.0  11.23  14.000    0.03849    1.99    2.26    3.26
17-07-2024 07:55:46.39  114.96  -0.420  26.849   32.483   95.0  11.22  14.000    0.02665    2.26    2.10    3.29
17-07-2024 07:55:46.64  115.02  -0.418  26.850   32.483   94.9  11.22  14.000    0.03479    2.17    1.82    3.12
17-07-2024 07:55:46.89  115.08  -0.417  26.852   32.484   94.9  11.22  14.000    0.04293    2.17    1.82    3.12
17-07-2024 07:55:47.13  115.20  -0.416  26.853   32.484   94.9  11.22  14.000    0.03035    2.09    2.23    2.99
17-07-2024 07:55:47.38  115.27  -0.415  26.853   32.484   94.9  11.21  14.000    0.03997    1.79    2.44    2.78
17-07-2024 07:55:47.62  115.36  -0.414  26.854   32.484   94.9  11.21  14.000    0.03257    2.28    2.62    3.14
17-07-2024 07:55:47.87  115.45  -0.414  26.855   32.485   94.9  11.21  14.000    0.02443    1.86    2.43    3.06
17-07-2024 07:55:48.11  115.54  -0.414  26.855   32.484   94.9  11.21  14.000    0.03923    2.10    2.27    3.17
17-07-2024 07:55:48.36  115.60  -0.413  26.857   32.486   94.8  11.21  14.000    0.03553    2.10    2.27    3.17
17-07-2024 07:55:48.60  115.68  -0.413  26.856   32.486   94.8  11.21  14.000    0.03479    1.83    2.49    2.98
17-07-2024 07:55:48.85  115.77  -0.412  26.858   32.486   94.8  11.20  14.000    0.03997    1.88    2.17    2.96
17-07-2024 07:55:49.09  115.83  -0.411  26.861   32.488   94.8  11.20  14.000    0.03923    2.06    2.73    2.96
17-07-2024 07:55:49.34  115.90  -0.409  26.863   32.489   94.8  11.20  14.000    0.05033    2.38    2.37    3.22
17-07-2024 07:55:49.58  115.98  -0.407  26.866   32.491   94.8  11.20  14.000    0.03035    2.23    1.92    2.74
17-07-2024 07:55:49.84  116.07  -0.404  26.868   32.491   94.7  11.19  14.000    0.02887    1.83    2.26    3.07
17-07-2024 07:55:50.08  116.17  -0.402  26.871   32.492   94.7  11.19  14.000    0.03849    1.83    2.26    3.07
17-07-2024 07:55:50.33  116.27  -0.399  26.874   32.494   94.7  11.19  14.000    0.04515    2.12    2.21    2.85
17-07-2024 07:55:50.58  116.33  -0.395  26.880   32.497   94.7  11.18  14.000    0.01924    2.26    2.42    2.88
17-07-2024 07:55:50.82  116.45  -0.392  26.881   32.494   94.7  11.18  14.000    0.03775    2.21    2.74    3.12
17-07-2024 07:55:51.07  116.51  -0.391  26.881   32.494   94.7  11.18  14.000    0.03331    2.36    1.79    3.17
17-07-2024 07:55:51.31  116.59  -0.389  26.883   32.494   94.7  11.18  14.000    0.02294    2.11    2.34    3.12
17-07-2024 07:55:51.56  116.68  -0.389  26.884   32.496   94.6  11.18  14.000    0.04515    1.70    1.95    3.22
17-07-2024 07:55:51.80  116.74  -0.389  26.883   32.495   94.6  11.18  14.000    0.04219    1.70    1.95    3.22
17-07-2024 07:55:52.05  116.84  -0.389  26.884   32.496   94.6  11.17  14.000    0.03405    2.21    2.39    3.10
17-07-2024 07:55:52.29  116.92  -0.389  26.885   32.496   94.6  11.17  14.000    0.03627    1.64    2.28    3.35
17-07-2024 07:55:52.54  117.01  -0.389  26.885   32.496   94.6  11.17  14.000    0.02887    2.23    2.24    2.79
17-07-2024 07:55:52.78  117.10  -0.388  26.885   32.496   94.6  11.17  14.000    0.03627    1.73    2.28    2.88
17-07-2024 07:55:53.03  117.19  -0.386  26.888   32.498   94.6  11.17  14.000    0.01924    2.36    2.29    3.17
17-07-2024 07:55:53.27  117.24  -0.384  26.892   32.500   94.6  11.17  14.000    0.02591    2.09    2.43    3.18
17-07-2024 07:55:53.52  117.35  -0.380  26.896   32.502   94.5  11.16  14.000    0.03035    2.09    2.43    3.18
17-07-2024 07:55:53.77  117.45  -0.378  26.898   32.502   94.5  11.16  14.000    0.02739    1.79    2.14    3.33
17-07-2024 07:55:54.02  117.52  -0.377  26.900   32.504   94.5  11.16  14.000    0.01258    2.09    2.42    2.97
17-07-2024 07:55:54.27  117.57  -0.374  26.903   32.505   94.5  11.16  14.000    0.04367    2.01    2.21    3.07
17-07-2024 07:55:54.51  117.67  -0.372  26.905   32.505   94.5  11.15  14.000    0.03331    2.25    2.53    3.04
17-07-2024 07:55:54.76  117.74  -0.371  26.905   32.504   94.5  11.15  14.000    0.02443    1.91    2.49    3.19
17-07-2024 07:55:55.00  117.85  -0.371  26.906   32.504   94.5  11.15  14.000    0.03183    1.87    1.69    3.04
17-07-2024 07:55:55.25  117.90  -0.370  26.907   32.505   94.4  11.15  14.000    0.03627    1.87    1.69    3.04
17-07-2024 07:55:55.49  118.02  -0.369  26.909   32.507   94.4  11.15  14.000    0.03553    2.01    2.23    3.32
17-07-2024 07:55:55.74  118.08  -0.367  26.911   32.507   94.4  11.14  14.000    0.04441    1.84    2.64    2.77
17-07-2024 07:55:55.98  118.15  -0.366  26.914   32.509   94.4  11.14  14.000    0.04293    1.97    2.27    3.06
17-07-2024 07:55:56.23  118.24  -0.364  26.915   32.509   94.4  11.14  14.000    0.03405    2.09    2.26    2.97
17-07-2024 07:55:56.47  118.30  -0.362  26.916   32.509   94.4  11.13  14.000    0.03109    1.95    1.99    2.94
17-07-2024 07:55:56.72  118.44  -0.361  26.919   32.510   94.4  11.13  14.000    0.01702    1.98    2.56    3.04
17-07-2024 07:55:56.96  118.51  -0.359  26.920   32.510   94.3  11.13  14.000    0.03035    1.98    2.56    3.04
17-07-2024 07:55:57.21  118.60  -0.357  26.923   32.512   94.3  11.13  14.000    0.04071    1.73    2.21    3.13
17-07-2024 07:55:57.46  118.65  -0.356  26.925   32.514   94.3  11.13  14.000    0.03553    2.00    2.05    3.23
17-07-2024 07:55:57.71  118.76  -0.353  26.928   32.514   94.3  11.12  14.000    0.03775    2.10    2.21    3.20
17-07-2024 07:55:57.95  118.85  -0.352  26.929   32.514   94.3  11.12  14.000    0.02961    1.79    2.43    3.08
17-07-2024 07:55:58.20  118.94  -0.350  26.930   32.514   94.3  11.12  14.000    0.03479    2.05    2.46    3.13
17-07-2024 07:55:58.44  119.01  -0.349  26.933   32.516   94.2  11.12  14.000    0.03257    1.97    2.40    2.94
17-07-2024 07:55:58.68  119.11  -0.347  26.934   32.516   94.3  11.12  14.000    0.03775    1.97    2.40    2.94
17-07-2024 07:55:58.93  119.18  -0.345  26.937   32.518   94.2  11.11  14.000    0.05033    2.36    2.33    2.92
17-07-2024 07:55:59.18  119.26  -0.344  26.939   32.519   94.2  11.11  14.000    0.04367    2.06    2.09    3.28
17-07-2024 07:55:59.42  119.37  -0.342  26.940   32.518   94.2  11.11  14.000    0.03849    1.91    2.90    3.02
17-07-2024 07:55:59.67  119.41  -0.341  26.942   32.519   94.2  11.11  14.000    0.03183    2.02    2.75    3.13
17-07-2024 07:55:59.91  119.51  -0.340  26.944   32.521   94.2  11.10  14.000    0.05181    2.15    1.95    3.01
17-07-2024 07:56:00.16  119.61  -0.339  26.944   32.520   94.2  11.10  14.000    0.03257    2.05    2.12    3.20
17-07-2024 07:56:00.40  119.68  -0.338  26.946   32.522   94.1  11.10  14.000    0.02517    2.05    2.12    3.20
17-07-2024 07:56:00.65  119.74  -0.336  26.947   32.521   94.1  11.10  14.000    0.02739    2.07    2.31    3.24
17-07-2024 07:56:00.90  119.85  -0.334  26.951   32.524   94.1  11.10  14.000    0.03035    1.95    2.38    2.91
17-07-2024 07:56:01.15  119.94  -0.332  26.953   32.524   94.1  11.09  14.000    0.03553    2.37    2.39    3.13
17-07-2024 07:56:01.40  120.03  -0.329  26.955   32.524   94.1  11.09  14.000    0.03183    2.36    2.17    3.04
17-07-2024 07:56:01.64  120.14  -0.328  26.957   32.525   94.1  11.09  14.000    0.03627    2.04    2.10    3.39
17-07-2024 07:56:01.89  120.20  -0.326  26.958   32.525   94.1  11.09  14.000    0.03627    2.02    1.87    2.94
17-07-2024 07:56:02.14  120.26  -0.326  26.958   32.525   94.0  11.08  14.000    0.03701    2.02    1.87    2.94
17-07-2024 07:56:02.38  120.37  -0.325  26.959   32.525   94.1  11.09  14.000    0.03627    2.18    2.67    3.39
17-07-2024 07:56:02.62  120.43  -0.324  26.960   32.525   94.1  11.08  14.000    0.04145    1.59    2.18    2.91
17-07-2024 07:56:02.87  120.53  -0.323  26.961   32.526   94.0  11.08  14.000    0.03553    2.38    1.76    3.02
17-07-2024 07:56:03.11  120.59  -0.321  26.963   32.527   94.0  11.08  14.000    0.04515    2.05    1.97    2.98
17-07-2024 07:56:03.36  120.69  -0.320  26.966   32.528   94.0  11.08  14.000    0.03035    2.04    1.85    3.10
17-07-2024 07:56:03.60  120.76  -0.318  26.968   32.529   94.0  11.07  14.000    0.03405    1.90    2.17    3.13
17-07-2024 07:56:03.84  120.85  -0.315  26.971   32.530   94.0  11.07  14.000    0.04441    1.90    2.17    3.13
17-07-2024 07:56:04.09  120.93  -0.313  26.974   32.532   94.0  11.07  14.000    0.03183    2.11    2.43    3.08
17-07-2024 07:56:04.34  121.03  -0.311  26.975   32.530   93.9  11.07  14.000    0.04441    2.38    2.64    3.35
17-07-2024 07:56:04.59  121.10  -0.310  26.976   32.530   93.9  11.07  14.000    0.04959    1.82    2.38    2.85
17-07-2024 07:56:04.83  121.19  -0.309  26.976   32.530   93.9  11.07  14.000    0.04663    2.11    2.43    3.06
17-07-2024 07:56:05.08  121.26  -0.309  26.976   32.531   93.9  11.07  14.000    0.03479    1.93    2.37    3.01
17-07-2024 07:56:05.33  121.35  -0.309  26.976   32.530   93.9  11.06  14.000    0.04219    2.31    2.19    2.98
17-07-2024 07:56:05.57  121.45  -0.308  26.979   32.532   93.9  11.06  14.000    0.03775    2.31    2.19    2.98
17-07-2024 07:56:05.82  121.53  -0.307  26.979   32.532   93.9  11.06  14.000    0.03923    1.87    2.58    2.91
17-07-2024 07:56:06.06  121.61  -0.305  26.983   32.534   93.9  11.06  14.000    0.03479    2.02    2.26    2.61
17-07-2024 07:56:06.31  121.69  -0.302  26.987   32.537   93.8  11.05  14.000    0.03479    2.31    2.21    2.82
17-07-2024 07:56:06.55  121.78  -0.299  26.990   32.537   93.8  11.05  14.000    0.04219    1.93    1.94    2.82
17-07-2024 07:56:06.80  121.85  -0.297  26.991   32.537   93.8  11.05  14.000    0.04145    2.49    2.58    2.88
17-07-2024 07:56:07.04  121.94  -0.295  26.994   32.539   93.8  11.04  14.000    0.02961    2.08    2.32    3.06
17-07-2024 07:56:07.28  122.00  -0.292  26.999   32.541   93.8  11.04  14.000    0.02739    2.08    2.32    3.06
17-07-2024 07:56:07.53  122.11  -0.288  27.002   32.542   93.8  11.04  14.000    0.02961    1.86    2.24    3.33
17-07-2024 07:56:07.78  122.16  -0.285  27.007   32.545   93.7  11.04  14.000    0.03997    2.03    2.25    3.08
17-07-2024 07:56:08.02  122.26  -0.282  27.007   32.542   93.7  11.03  14.000    0.02443    2.23    2.17    2.97
17-07-2024 07:56:08.27  122.35  -0.280  27.011   32.545   93.7  11.03  14.000    0.05551    1.80    2.14    2.76
17-07-2024 07:56:08.52  122.44  -0.277  27.015   32.548   93.7  11.03  14.000    0.02813    2.02    2.39    3.02
17-07-2024 07:56:08.77  122.48  -0.273  27.020   32.548   93.7  11.03  14.000    0.04145    1.87    2.57    3.08
17-07-2024 07:56:09.01  122.63  -0.269  27.024   32.550   93.7  11.02  14.000    0.03479    1.87    2.57    3.08
17-07-2024 07:56:09.26  122.71  -0.266  27.027   32.550   93.7  11.02  14.000    0.05107    1.97    2.47    3.32
17-07-2024 07:56:09.50  122.79  -0.263  27.032   32.553   93.6  11.02  14.000    0.03701    1.78    2.16    2.90
17-07-2024 07:56:09.75  122.86  -0.261  27.029   32.548   93.6  11.02  14.000    0.03775    2.17    2.15    2.86
17-07-2024 07:56:09.99  122.93  -0.259  27.035   32.554   93.6  11.01  14.000    0.04589    2.54    2.19    3.33
17-07-2024 07:56:10.24  123.00  -0.258  27.037   32.555   93.6  11.01  14.000    0.03775    2.24    2.16    3.37
17-07-2024 07:56:10.48  123.08  -0.255  27.040   32.555   93.6  11.01  14.000    0.02665    1.94    1.80    3.25
17-07-2024 07:56:10.73  123.15  -0.251  27.044   32.557   93.6  11.01  14.000    0.03553    1.94    1.80    3.25
17-07-2024 07:56:10.97  123.24  -0.249  27.046   32.558   93.6  11.00  14.000    0.02517    2.14    2.18    2.75
17-07-2024 07:56:11.22  123.33  -0.247  27.048   32.557   93.6  11.00  14.000    0.02665    1.92    2.81    3.30
17-07-2024 07:56:11.46  123.41  -0.245  27.051   32.560   93.6  11.00  14.000    0.03849    1.94    1.93    3.57
17-07-2024 07:56:11.71  123.53  -0.243  27.054   32.561   93.5  11.00  14.000    0.02591    1.99    2.28    3.41
17-07-2024 07:56:11.96  123.62  -0.239  27.058   32.563   93.5  10.99  14.000    0.03849    1.88    2.26    3.22
17-07-2024 07:56:12.21  123.67  -0.235  27.064   32.566   93.5  10.99  14.000    0.03997    2.27    2.94    2.91
17-07-2024 07:56:12.46  123.75  -0.232  27.066   32.565   93.5  10.99  14.000    0.03257    2.27    2.94    2.91
17-07-2024 07:56:12.70  123.85  -0.229  27.069   32.565   93.5  10.98  14.000    0.03109    2.21    2.49    2.87
17-07-2024 07:56:12.95  123.93  -0.227  27.070   32.565   93.4  10.98  14.000    0.03109    2.04    2.36    3.11
17-07-2024 07:56:13.20  124.01  -0.225  27.073   32.567   93.4  10.98  14.000    0.02739    1.93    1.87    3.26
17-07-2024 07:56:13.44  124.10  -0.223  27.075   32.568   93.4  10.98  14.000    0.03775    2.15    2.33    3.15
17-07-2024 07:56:13.68  124.19  -0.222  27.078   32.570   93.4  10.97  14.000    0.02665    2.04    2.67    2.88
17-07-2024 07:56:13.93  124.29  -0.220  27.079   32.570   93.4  10.97  14.000    0.02443    2.19    2.34    3.27
17-07-2024 07:56:14.17  124.36  -0.217  27.082   32.570   93.4  10.97  14.000    0.04293    2.19    2.34    3.27
17-07-2024 07:56:14.42  124.44  -0.216  27.083   32.571   93.4  10.97  14.000    0.04071    2.00    2.25    3.16
17-07-2024 07:56:14.66  124.54  -0.214  27.086   32.572   93.3  10.97  14.000    0.03257    2.01    2.27    3.30
17-07-2024 07:56:14.91  124.61  -0.212  27.089   32.574   93.3  10.96  14.000    0.01554    2.03    2.52    3.09
17-07-2024 07:56:15.15  124.67  -0.209  27.093   32.576   93.3  10.96  14.000    0.03479    1.83    2.33    3.14
17-07-2024 07:56:15.40  124.77  -0.205  27.098   32.578   93.3  10.96  14.000    0.02887    1.95    1.97    2.79
17-07-2024 07:56:15.65  124.84  -0.200  27.101   32.577   93.3  10.95  14.000    0.02591    1.85    2.26    3.25
17-07-2024 07:56:15.89  124.92  -0.195  27.107   32.580   93.3  10.95  14.000    0.02146    1.85    2.26    3.25
17-07-2024 07:56:16.14  125.00  -0.192  27.109   32.579   93.3  10.95  14.000    0.03775    2.42    2.27    3.10
17-07-2024 07:56:16.39  125.09  -0.188  27.114   32.581   93.2  10.95  14.000    0.03997    2.06    2.35    3.24
17-07-2024 07:56:16.63  125.19  -0.187  27.115   32.582   93.2  10.94  14.000    0.03775    2.04    2.42    3.04
17-07-2024 07:56:16.88  125.27  -0.186  27.116   32.582   93.2  10.94  14.000    0.02146    1.90    2.12    3.22
17-07-2024 07:56:17.12  125.37  -0.184  27.118   32.582   93.2  10.94  14.000    0.02739    1.92    2.53    3.14
17-07-2024 07:56:17.37  125.40  -0.182  27.121   32.584   93.2  10.94  14.000    0.04293    2.17    1.88    2.97
17-07-2024 07:56:17.61  125.49  -0.181  27.123   32.585   93.2  10.93  14.000    0.03701    2.17    1.88    2.97
17-07-2024 07:56:17.86  125.56  -0.180  27.124   32.585   93.2  10.93  14.000    0.03627    2.10    2.08    3.33
17-07-2024 07:56:18.10  125.67  -0.178  27.125   32.585   93.1  10.93  14.000    0.03923    2.40    2.50    3.52
17-07-2024 07:56:18.35  125.72  -0.177  27.128   32.587   93.1  10.93  14.000    0.03331    2.13    2.22    3.35
17-07-2024 07:56:18.59  125.87  -0.175  27.128   32.586   93.1  10.92  14.000    0.02739    2.18    2.69    2.92
17-07-2024 07:56:18.84  125.93  -0.174  27.130   32.587   93.1  10.92  14.000    0.03331    2.06    2.01    3.11
17-07-2024 07:56:19.08  126.02  -0.172  27.134   32.590   93.1  10.92  14.000    0.03775    2.04    2.30    2.99
17-07-2024 07:56:19.34  126.08  -0.170  27.135   32.589   93.1  10.92  14.000    0.04145    2.04    2.30    2.99
17-07-2024 07:56:19.58  126.16  -0.169  27.136   32.589   93.0  10.92  14.000    0.03775    2.10    2.23    3.30
17-07-2024 07:56:19.83  126.26  -0.167  27.137   32.589   93.0  10.91  14.000    0.03627    2.36    2.97    3.09
17-07-2024 07:56:20.08  126.35  -0.167  27.139   32.591   93.0  10.91  14.000    0.04219    2.07    2.02    3.12
17-07-2024 07:56:20.32  126.41  -0.166  27.139   32.590   93.0  10.91  14.000    0.03553    1.91    2.15    3.19
17-07-2024 07:56:20.57  126.51  -0.165  27.141   32.591   93.0  10.91  14.000    0.02220    1.90    2.61    3.12
17-07-2024 07:56:20.81  126.60  -0.163  27.144   32.594   93.0  10.90  14.000    0.03923    1.97    2.62    3.03
17-07-2024 07:56:21.06  126.67  -0.161  27.146   32.594   92.9  10.90  14.000    0.03405    1.97    2.62    3.03
17-07-2024 07:56:21.30  126.75  -0.157  27.151   32.596   92.9  10.89  14.000    0.04515    1.73    2.19    2.95
17-07-2024 07:56:21.55  126.82  -0.155  27.152   32.595   92.9  10.89  14.000    0.02146    2.06    2.35    3.49
17-07-2024 07:56:21.79  126.93  -0.153  27.154   32.596   92.9  10.89  14.000    0.04367    2.06    2.04    3.60
17-07-2024 07:56:22.04  126.98  -0.153  27.154   32.596   92.8  10.89  14.000    0.03627    2.12    2.23    3.04
17-07-2024 07:56:22.28  127.06  -0.153  27.154   32.595   92.8  10.88  14.000    0.03849    1.88    2.11    2.66
17-07-2024 07:56:22.53  127.15  -0.153  27.154   32.595   92.8  10.88  14.000    0.04441    2.15    2.46    3.27
17-07-2024 07:56:22.77  127.22  -0.152  27.154   32.596   92.8  10.88  14.000    0.03035    2.15    2.46    3.27
17-07-2024 07:56:23.03  127.33  -0.153  27.154   32.595   92.8  10.88  14.000    0.03405    1.98    2.27    3.08
17-07-2024 07:56:23.27  127.41  -0.153  27.156   32.598   92.8  10.88  14.000    0.03257    1.90    1.90    2.90
17-07-2024 07:56:23.52  127.49  -0.153  27.155   32.596   92.8  10.88  14.000    0.03701    2.09    2.13    3.25
17-07-2024 07:56:23.76  127.56  -0.153  27.155   32.596   92.7  10.87  14.000    0.04441    1.96    2.05    3.17
17-07-2024 07:56:24.02  127.62  -0.152  27.157   32.598   92.7  10.87  14.000    0.04885    2.57    2.36    3.29
17-07-2024 07:56:24.25  127.70  -0.149  27.162   32.602   92.7  10.87  14.000    0.05255    1.73    2.24    3.34
17-07-2024 07:56:24.50  127.77  -0.144  27.168   32.604   92.7  10.86  14.000    0.03849    1.73    2.24    3.34
17-07-2024 07:56:24.74  127.85  -0.139  27.172   32.604   92.6  10.86  14.000    0.03701    2.06    2.36    3.40
17-07-2024 07:56:24.99  127.95  -0.135  27.178   32.607   92.6  10.85  14.000    0.03479    2.37    2.45    3.35
17-07-2024 07:56:25.23  128.02  -0.129  27.185   32.610   92.6  10.85  14.000    0.03627    2.19    2.48    2.92
17-07-2024 07:56:25.48  128.11  -0.122  27.190   32.610   92.6  10.85  14.000    0.05107    2.12    2.54    2.98
17-07-2024 07:56:25.72  128.20  -0.118  27.193   32.609   92.6  10.84  14.000    0.02591    2.15    1.92    2.99
17-07-2024 07:56:25.97  128.28  -0.116  27.195   32.609   92.5  10.84  14.000    0.03257    2.15    1.92    2.99
17-07-2024 07:56:26.21  128.37  -0.115  27.196   32.609   92.5  10.84  14.000    0.03923    2.25    2.18    3.16
17-07-2024 07:56:26.46  128.45  -0.115  27.196   32.610   92.5  10.84  14.000    0.04145    2.23    2.23    3.24
17-07-2024 07:56:26.71  128.55  -0.114  27.196   32.609   92.5  10.84  14.000    0.04293    2.45    2.15    3.37
17-07-2024 07:56:26.96  128.61  -0.114  27.197   32.610   92.5  10.84  14.000    0.01702    2.06    1.95    3.23
17-07-2024 07:56:27.21  128.71  -0.113  27.198   32.611   92.5  10.83  14.000    0.03553    1.78    2.08    3.05
17-07-2024 07:56:27.45  128.80  -0.113  27.199   32.612   92.5  10.83  14.000    0.03183    2.07    2.27    2.94
17-07-2024 07:56:27.70  128.90  -0.111  27.201   32.612   92.4  10.83  14.000    0.05329    1.99    2.27    3.18
17-07-2024 07:56:27.94  128.97  -0.112  27.202   32.613   92.4  10.83  14.000    0.05773    1.99    2.27    3.18
17-07-2024 07:56:28.19  129.05  -0.111  27.201   32.612   92.4  10.82  14.000    0.04515    2.10    2.29    3.15
17-07-2024 07:56:28.43  129.10  -0.112  27.200   32.612   92.4  10.82  14.000    0.03405    1.87    2.42    3.12
17-07-2024 07:56:28.68  129.19  -0.111  27.204   32.615   92.4  10.82  14.000    0.03997    1.99    1.95    3.18
17-07-2024 07:56:28.92  129.29  -0.109  27.205   32.614   92.4  10.82  14.000    0.04071    1.81    1.97    3.08
17-07-2024 07:56:29.17  129.35  -0.107  27.207   32.615   92.3  10.81  14.000    0.05477    1.95    2.48    3.19
17-07-2024 07:56:29.41  129.44  -0.105  27.211   32.618   92.3  10.81  14.000    0.03553    1.95    2.48    3.19
17-07-2024 07:56:29.66  129.52  -0.100  27.215   32.619   92.3  10.81  14.000    0.04515    2.11    2.02    3.31
17-07-2024 07:56:29.90  129.63  -0.097  27.220   32.621   92.3  10.80  14.000    0.06365    2.06    2.28    2.85
17-07-2024 07:56:30.15  129.72  -0.094  27.222   32.620   92.3  10.80  14.000    0.03035    2.26    2.34    3.12
17-07-2024 07:56:30.40  129.78  -0.092  27.223   32.620   92.3  10.80  14.000    0.03331    1.79    2.57    3.00
17-07-2024 07:56:30.64  129.87  -0.091  27.226   32.623   92.3  10.80  14.000    0.03701    2.05    2.26    3.02
17-07-2024 07:56:30.89  129.97  -0.089  27.228   32.622   92.2  10.80  14.000    0.04145    2.17    2.53    2.83
17-07-2024 07:56:31.14  130.03  -0.086  27.230   32.622   92.2  10.79  14.000    0.04441    2.17    2.53    2.83
17-07-2024 07:56:31.38  130.13  -0.084  27.233   32.625   92.2  10.79  14.000    0.03849    2.12    2.38    3.23
17-07-2024 07:56:31.63  130.18  -0.082  27.234   32.624   92.2  10.79  14.000    0.03553    1.79    2.11    3.32
17-07-2024 07:56:31.87  130.29  -0.080  27.238   32.627   92.2  10.79  14.000    0.02961    2.17    2.39    3.20
17-07-2024 07:56:32.12  130.35  -0.078  27.237   32.624   92.2  10.78  14.000    0.02961    1.89    2.35    2.89
17-07-2024 07:56:32.36  130.44  -0.077  27.240   32.626   92.2  10.78  14.000    0.01776    2.43    2.25    3.16
17-07-2024 07:56:32.61  130.55  -0.076  27.241   32.627   92.1  10.78  14.000    0.02961    2.19    2.26    3.09
17-07-2024 07:56:32.85  130.62  -0.075  27.242   32.627   92.1  10.78  14.000    0.04885    2.19    2.26    3.09
17-07-2024 07:56:33.10  130.70  -0.075  27.242   32.627   92.1  10.78  14.000    0.01036    2.11    2.32    3.23
17-07-2024 07:56:33.34  130.81  -0.074  27.243   32.628   92.1  10.78  14.000    0.02443    2.23    2.19    3.34
17-07-2024 07:56:33.59  130.86  -0.073  27.244   32.627   92.1  10.77  14.000    0.02813    2.00    2.30    3.17
17-07-2024 07:56:33.83  130.97  -0.071  27.248   32.630   92.0  10.77  14.000    0.04441    2.04    2.13    2.98
17-07-2024 07:56:34.09  131.04  -0.070  27.249   32.629   92.1  10.77  14.000    0.02665    2.19    2.51    2.91
17-07-2024 07:56:34.33  131.12  -0.069  27.250   32.630   92.0  10.76  14.000    0.04145    1.81    2.47    2.88
17-07-2024 07:56:34.58  131.20  -0.069  27.249   32.630   92.0  10.76  14.000    0.02517    1.81    2.47    2.88
17-07-2024 07:56:34.83  131.32  -0.069  27.249   32.629   92.0  10.76  14.000    0.02072    1.99    1.94    3.13
17-07-2024 07:56:35.08  131.35  -0.069  27.250   32.630   92.0  10.76  14.000    0.03405    2.10    2.52    3.07
17-07-2024 07:56:35.32  131.50  -0.069  27.250   32.629   92.0  10.76  14.000    0.00962    1.90    2.05    2.78
17-07-2024 07:56:35.56  131.54  -0.069  27.251   32.631   91.9  10.75  14.000    0.03479    2.16    2.24    3.42
17-07-2024 07:56:35.81  131.63  -0.068  27.252   32.631   91.9  10.75  14.000    0.03183    2.00    2.56    3.15
17-07-2024 07:56:36.05  131.74  -0.066  27.253   32.631   91.9  10.75  14.000    0.04811    1.97    2.17    3.29
17-07-2024 07:56:36.30  131.80  -0.066  27.254   32.632   91.9  10.75  14.000    0.04515    1.97    2.17    3.29
17-07-2024 07:56:36.54  131.88  -0.065  27.255   32.632   91.9  10.75  14.000    0.03331    2.05    2.24    3.14
17-07-2024 07:56:36.79  131.96  -0.065  27.253   32.631   91.9  10.74  14.000    0.03109    2.09    1.93    3.20
17-07-2024 07:56:37.03  132.03  -0.065  27.255   32.632   91.9  10.74  14.000    0.03331    2.12    2.28    3.15
17-07-2024 07:56:37.28  132.11  -0.064  27.255   32.631   91.8  10.74  14.000    0.03627    2.37    2.28    3.27
17-07-2024 07:56:37.52  132.20  -0.064  27.255   32.631   91.8  10.74  14.000    0.04071    1.82    2.13    3.19
17-07-2024 07:56:37.77  132.30  -0.064  27.255   32.632   91.8  10.74  14.000    0.02961    2.30    2.13    3.32
17-07-2024 07:56:38.02  132.36  -0.064  27.255   32.631   91.8  10.74  14.000    0.03553    2.30    2.13    3.32
17-07-2024 07:56:38.27  132.46  -0.064  27.257   32.633   91.8  10.73  14.000    0.03405    2.16    2.60    3.35
17-07-2024 07:56:38.51  132.52  -0.063  27.257   32.633   91.8  10.73  14.000    0.04293    2.39    1.96    2.97
17-07-2024 07:56:38.76  132.61  -0.062  27.258   32.633   91.7  10.73  14.000    0.03923    1.95    2.19    3.41
17-07-2024 07:56:39.00  132.69  -0.062  27.258   32.633   91.7  10.72  14.000    0.06069    2.02    2.24    3.21
17-07-2024 07:56:39.25  132.76  -0.062  27.259   32.633   91.7  10.73  14.000    0.03405    2.11    2.43    2.88
17-07-2024 07:56:39.49  132.85  -0.061  27.260   32.634   91.7  10.72  14.000    0.03701    2.13    2.52    3.35
17-07-2024 07:56:39.74  132.92  -0.061  27.259   32.633   91.7  10.72  14.000    0.02887    2.13    2.52    3.35
17-07-2024 07:56:39.98  133.03  -0.061  27.259   32.632   91.7  10.72  14.000    0.03405    1.92    2.25    2.99
17-07-2024 07:56:40.23  133.11  -0.061  27.259   32.633   91.7  10.72  14.000    0.03849    1.84    2.39    3.26
17-07-2024 07:56:40.47  133.20  -0.061  27.260   32.634   91.7  10.72  14.000    0.04811    2.28    2.21    3.06
17-07-2024 07:56:40.72  133.25  -0.061  27.259   32.632   91.6  10.72  14.000    0.06365    2.31    2.33    2.77
17-07-2024 07:56:40.97  133.34  -0.061  27.260   32.634   91.6  10.71  14.000    0.04737    2.01    2.20    3.08
17-07-2024 07:56:41.21  133.41  -0.060  27.261   32.634   91.6  10.71  14.000    0.03035    1.53    2.30    3.25
17-07-2024 07:56:41.46  133.51  -0.060  27.261   32.634   91.6  10.71  14.000    0.02665    1.53    2.30    3.25
17-07-2024 07:56:41.71  133.58  -0.060  27.260   32.633   91.6  10.71  14.000    0.03923    2.36    2.47    3.09
17-07-2024 07:56:41.96  133.67  -0.060  27.262   32.635   91.6  10.71  14.000    0.03849    1.84    2.85    3.07
17-07-2024 07:56:42.20  133.78  -0.059  27.262   32.635   91.6  10.71  14.000    0.04811    2.40    2.39    3.23
17-07-2024 07:56:42.45  133.86  -0.059  27.263   32.635   91.5  10.70  14.000    0.02517    2.02    2.26    2.78
17-07-2024 07:56:42.69  133.89  -0.058  27.263   32.635   91.5  10.70  14.000    0.04071    2.32    2.24    2.88
17-07-2024 07:56:42.94  134.00  -0.058  27.264   32.635   91.5  10.70  14.000    0.04737    2.22    2.13    2.90
17-07-2024 07:56:43.18  134.07  -0.057  27.265   32.636   91.5  10.70  14.000    0.03849    2.22    2.13    2.90
17-07-2024 07:56:43.43  134.15  -0.057  27.264   32.634   91.5  10.70  14.000    0.03997    1.93    2.06    3.15
17-07-2024 07:56:43.67  134.24  -0.056  27.266   32.636   91.5  10.70  14.000    0.03405    2.62    2.47    3.05
17-07-2024 07:56:43.92  134.28  -0.055  27.267   32.636   91.5  10.69  14.000    0.04589    1.96    2.23    3.33
17-07-2024 07:56:44.16  134.39  -0.055  27.268   32.637   91.5  10.69  14.000    0.05403    2.08    2.55    3.19
17-07-2024 07:56:44.41  134.49  -0.054  27.269   32.638   91.5  10.69  14.000    0.04293    2.08    2.08    3.10
17-07-2024 07:56:44.65  134.56  -0.053  27.271   32.639   91.4  10.69  14.000    0.02887    2.08    2.46    3.35
17-07-2024 07:56:44.90  134.65  -0.052  27.271   32.638   91.4  10.69  14.000    0.04367    2.08    2.46    3.35
17-07-2024 07:56:45.15  134.74  -0.051  27.272   32.638   91.4  10.69  14.000    0.03331    1.93    2.29    2.85
17-07-2024 07:56:45.39  134.82  -0.050  27.273   32.639   91.4  10.69  14.000    0.03553    1.97    2.08    3.11
17-07-2024 07:56:45.64  134.89  -0.049  27.274   32.638   91.4  10.68  14.000    0.04811    2.32    2.38    3.13
17-07-2024 07:56:45.89  134.96  -0.048  27.275   32.639   91.4  10.68  14.000    0.03775    2.28    2.24    3.33
17-07-2024 07:56:46.14  135.03  -0.047  27.276   32.639   91.4  10.68  14.000    0.01924    2.15    2.75    3.26
17-07-2024 07:56:46.38  135.12  -0.047  27.277   32.640   91.4  10.68  14.000    0.04367    2.16    2.12    3.16
17-07-2024 07:56:46.63  135.20  -0.045  27.279   32.641   91.4  10.68  14.000    0.04293    2.16    2.12    3.16
17-07-2024 07:56:46.87  135.29  -0.043  27.283   32.643   91.4  10.68  14.000    0.02739    1.87    2.05    2.96
17-07-2024 07:56:47.12  135.39  -0.039  27.286   32.644   91.3  10.67  14.000    0.04145    1.90    1.98    3.23
17-07-2024 07:56:47.36  135.46  -0.038  27.287   32.643   91.3  10.67  14.000    0.05995    2.06    2.35    3.22
17-07-2024 07:56:47.61  135.55  -0.038  27.287   32.643   91.3  10.67  14.000    0.03331    2.37    2.72    3.23
17-07-2024 07:56:47.85  135.64  -0.037  27.287   32.643   91.3  10.67  14.000    0.02294    2.06    2.07    3.13
17-07-2024 07:56:48.10  135.71  -0.036  27.288   32.643   91.3  10.67  14.000    0.03405    1.91    2.62    3.11
17-07-2024 07:56:48.34  135.77  -0.035  27.291   32.646   91.3  10.67  14.000    0.03183    1.91    2.62    3.11
17-07-2024 07:56:48.59  135.88  -0.032  27.294   32.647   91.3  10.67  14.000    0.05773    2.18    2.32    3.32
17-07-2024 07:56:48.84  135.95  -0.028  27.299   32.649   91.3  10.66  14.000    0.03553    2.11    1.96    3.20
17-07-2024 07:56:49.08  136.03  -0.024  27.304   32.651   91.3  10.66  14.000    0.03553    2.20    2.84    3.07
17-07-2024 07:56:49.33  136.12  -0.021  27.307   32.652   91.2  10.66  14.000    0.03997    1.96    2.68    3.35
17-07-2024 07:56:49.58  136.21  -0.018  27.311   32.653   91.2  10.66  14.000    0.04663    2.20    2.35    2.73
17-07-2024 07:56:49.82  136.29  -0.015  27.313   32.652   91.2  10.66  14.000    0.02591    2.37    2.04    3.27
17-07-2024 07:56:50.07  136.39  -0.014  27.314   32.652   91.2  10.65  14.000    0.01850    2.37    2.04    3.27
17-07-2024 07:56:50.31  136.49  -0.012  27.315   32.653   91.2  10.65  14.000    0.03257    1.95    2.13    3.35
17-07-2024 07:56:50.56  136.58  -0.011  27.317   32.654   91.2  10.65  14.000    0.04219    2.16    1.82    2.98
17-07-2024 07:56:50.80  136.65  -0.011  27.316   32.652   91.2  10.65  14.000    0.04589    2.18    2.67    3.25
17-07-2024 07:56:51.05  136.73  -0.011  27.317   32.653   91.2  10.65  14.000    0.04293    1.99    2.67    3.14
17-07-2024 07:56:51.29  136.80  -0.011  27.318   32.655   91.2  10.65  14.000    0.04663    1.81    2.18    2.65
17-07-2024 07:56:51.54  136.89  -0.009  27.318   32.654   91.2  10.65  14.000    0.02220    1.89    2.38    3.28
17-07-2024 07:56:51.78  136.97  -0.009  27.319   32.654   91.2  10.65  14.000    0.03775    1.89    2.38    3.28
17-07-2024 07:56:52.03  137.07  -0.008  27.321   32.655   91.2  10.65  14.000    0.03849    1.87    2.05    3.00
17-07-2024 07:56:52.27  137.15  -0.008  27.322   32.656   91.2  10.64  14.000    0.03183    2.01    2.56    3.20
17-07-2024 07:56:52.52  137.21  -0.007  27.323   32.656   91.2  10.64  14.000    0.03257    2.34    2.87    2.86
17-07-2024 07:56:52.77  137.33  -0.006  27.322   32.655   91.2  10.64  14.000    0.04515    2.05    2.36    2.92
17-07-2024 07:56:53.02  137.40  -0.006  27.323   32.656   91.1  10.64  14.000    0.02961    1.99    2.38    3.14
17-07-2024 07:56:53.26  137.47  -0.006  27.324   32.656   91.1  10.64  14.000    0.03553    2.36    2.40    3.04
17-07-2024 07:56:53.51  137.56  -0.005  27.325   32.657   91.1  10.64  14.000    0.02961    2.36    2.40    3.04
17-07-2024 07:56:53.76  137.67  -0.005  27.326   32.658   91.1  10.64  14.000    0.04959    2.44    2.64    3.26
17-07-2024 07:56:54.00  137.74  -0.004  27.325   32.656   91.1  10.63  14.000    0.03183    2.11    2.11    3.13
17-07-2024 07:56:54.25  137.80  -0.004  27.327   32.658   91.1  10.63  14.000    0.03627    2.09    2.55    3.14
17-07-2024 07:56:54.49  137.89  -0.003  27.327   32.658   91.1  10.63  14.000    0.03923    2.03    2.64    3.07
17-07-2024 07:56:54.74  137.96  -0.002  27.328   32.658   91.1  10.63  14.000    0.02368    2.14    2.18    3.06
17-07-2024 07:56:54.98  138.04  -0.002  27.329   32.659   91.0  10.63  14.000    0.04811    1.98    2.36    3.45
17-07-2024 07:56:55.22  138.12  -0.000  27.330   32.658   91.0  10.63  14.000    0.01850    1.98    2.36    3.45
17-07-2024 07:56:55.47  138.20   0.001  27.331   32.659   91.0  10.63  14.000    0.03775    2.13    1.96    3.34
17-07-2024 07:56:55.72  138.29   0.001  27.332   32.659   91.0  10.62  14.000    0.03849    2.13    2.91    3.27
17-07-2024 07:56:55.96  138.39   0.002  27.333   32.659   91.0  10.62  14.000    0.03331    1.92    2.13    3.06
17-07-2024 07:56:56.21  138.47   0.003  27.334   32.660   91.0  10.62  14.000    0.03257    1.99    2.69    2.80
17-07-2024 07:56:56.46  138.55   0.003  27.335   32.661   91.0  10.62  14.000    0.03923    2.04    2.57    3.08
17-07-2024 07:56:56.71  138.65   0.004  27.335   32.661   91.0  10.62  14.000    0.03849    2.06    2.48    3.08
17-07-2024 07:56:56.95  138.72   0.005  27.337   32.662   91.0  10.62  14.000    0.03775    2.06    2.48    3.08
17-07-2024 07:56:57.21  138.82   0.006  27.338   32.662   90.9  10.61  14.000    0.03997    2.13    2.13    3.19
17-07-2024 07:56:57.44  138.89   0.008  27.339   32.662   90.9  10.61  14.000    0.03331    2.11    2.02    3.11
17-07-2024 07:56:57.69  138.96   0.008  27.340   32.661   90.9  10.61  14.000    0.03183    1.99    2.67    3.01
17-07-2024 07:56:57.93  139.03   0.009  27.340   32.661   90.9  10.61  14.000    0.01998    2.03    1.97    3.16
17-07-2024 07:56:58.18  139.11   0.009  27.341   32.662   90.9  10.61  14.000    0.04589    2.15    2.26    3.15
17-07-2024 07:56:58.42  139.20   0.010  27.342   32.662   90.9  10.61  14.000    0.02072    2.06    2.11    3.12
17-07-2024 07:56:58.67  139.28   0.012  27.345   32.664   90.9  10.60  14.000    0.02739    2.06    2.11    3.12
17-07-2024 07:56:58.91  139.36   0.013  27.345   32.664   90.9  10.60  14.000    0.03257    1.93    2.53    2.69
17-07-2024 07:56:59.16  139.42   0.013  27.346   32.664   90.9  10.60  14.000    0.03775    2.33    2.59    3.39
17-07-2024 07:56:59.40  139.52   0.014  27.347   32.665   90.9  10.60  14.000    0.03331    2.08    2.56    2.83
17-07-2024 07:56:59.65  139.60   0.015  27.348   32.665   90.9  10.60  14.000    0.04515    1.97    2.44    3.08
17-07-2024 07:56:59.90  139.68   0.016  27.349   32.665   90.8  10.60  14.000    0.02591    1.72    2.65    3.25
17-07-2024 07:57:00.15  139.75   0.016  27.349   32.665   90.8  10.60  14.000    0.03035    1.85    2.16    3.25
17-07-2024 07:57:00.39  139.83   0.017  27.351   32.666   90.8  10.60  14.000    0.02739    1.85    2.16    3.25
17-07-2024 07:57:00.64  139.93   0.018  27.352   32.666   90.8  10.59  14.000    0.01702    1.97    2.55    3.18
17-07-2024 07:57:00.88  140.01   0.018  27.353   32.667   90.8  10.59  14.000    0.03553    2.14    2.42    3.28
17-07-2024 07:57:01.13  140.06   0.020  27.352   32.666   90.8  10.59  14.000    0.02368    1.98    2.29    3.16
17-07-2024 07:57:01.37  140.19   0.020  27.354   32.666   90.8  10.59  14.000    0.02517    2.20    2.13    3.26
17-07-2024 07:57:01.62  140.26   0.021  27.354   32.667   90.8  10.59  14.000    0.03849    1.93    1.94    2.92
17-07-2024 07:57:01.86  140.35   0.021  27.355   32.668   90.8  10.59  14.000    0.03257    2.16    1.80    3.20
17-07-2024 07:57:02.11  140.44   0.021  27.355   32.667   90.7  10.59  14.000    0.03405    2.16    1.80    3.20
17-07-2024 07:57:02.35  140.50   0.022  27.357   32.668   90.7  10.58  14.000    0.04367    1.97    2.06    3.55
17-07-2024 07:57:02.60  140.61   0.023  27.357   32.668   90.7  10.58  14.000    0.04293    2.26    2.15    3.27
17-07-2024 07:57:02.84  140.67   0.024  27.358   32.668   90.7  10.58  14.000    0.01998    2.66    1.93    3.15
17-07-2024 07:57:03.09  140.76   0.025  27.360   32.670   90.7  10.58  14.000    0.02517    1.81    2.28    3.13
17-07-2024 07:57:03.34  140.85   0.028  27.364   32.671   90.7  10.58  14.000    0.03701    2.21    2.25    3.43
17-07-2024 07:57:03.59  140.94   0.030  27.365   32.671   90.7  10.58  14.000    0.04885    1.87    1.97    2.85
17-07-2024 07:57:03.83  141.00   0.031  27.367   32.672   90.7  10.57  14.000    0.02961    1.87    1.97    2.85
17-07-2024 07:57:04.08  141.10   0.033  27.367   32.671   90.7  10.57  14.000    0.02072    2.28    2.30    3.26
17-07-2024 07:57:04.33  141.19   0.033  27.367   32.670   90.6  10.57  14.000    0.03553    1.93    2.35    3.25
17-07-2024 07:57:04.57  141.27   0.034  27.370   32.672   90.6  10.57  14.000    0.01554    2.30    2.15    3.13
17-07-2024 07:57:04.82  141.39   0.034  27.370   32.672   90.6  10.57  14.000    0.03775    2.06    2.10    3.25
17-07-2024 07:57:05.06  141.45   0.035  27.371   32.673   90.6  10.57  14.000    0.02591    2.14    2.51    3.23
17-07-2024 07:57:05.31  141.51   0.037  27.373   32.673   90.6  10.57  14.000    0.03923    1.98    2.58    2.93
17-07-2024 07:57:05.55  141.60   0.037  27.373   32.673   90.6  10.57  14.000    0.03183    1.98    2.58    2.93
17-07-2024 07:57:05.80  141.69   0.038  27.374   32.673   90.6  10.56  14.000    0.03109    2.06    2.50    3.05
17-07-2024 07:57:06.04  141.77   0.039  27.376   32.675   90.6  10.56  14.000    0.02739    2.35    2.39    3.40
17-07-2024 07:57:06.29  141.85   0.040  27.377   32.675   90.6  10.56  14.000    0.03997    2.09    2.51    3.37
17-07-2024 07:57:06.53  141.93   0.041  27.377   32.674   90.6  10.56  14.000    0.02294    2.22    2.53    3.24
17-07-2024 07:57:06.78  142.00   0.041  27.378   32.675   90.6  10.56  14.000    0.03257    1.95    2.37    2.74
17-07-2024 07:57:07.02  142.11   0.042  27.378   32.675   90.6  10.56  14.000    0.03405    1.95    2.37    2.74
17-07-2024 07:57:07.28  142.20   0.043  27.381   32.676   90.5  10.56  14.000    0.03035    1.88    2.44    3.28
17-07-2024 07:57:07.52  142.28   0.045  27.382   32.677   90.5  10.55  14.000    0.03183    2.13    2.76    3.02
17-07-2024 07:57:07.77  142.39   0.047  27.384   32.678   90.5  10.55  14.000    0.04959    2.07    2.06    3.40
17-07-2024 07:57:08.02  142.45   0.047  27.385   32.678   90.5  10.55  14.000    0.05107    2.09    2.05    3.23
17-07-2024 07:57:08.26  142.53   0.048  27.385   32.677   90.5  10.55  14.000    0.05033    2.07    2.10    3.36
17-07-2024 07:57:08.50  142.62   0.048  27.388   32.680   90.5  10.55  14.000    0.03553    1.87    2.08    2.81
17-07-2024 07:57:08.75  142.70   0.051  27.389   32.679   90.5  10.55  14.000    0.02294    2.03    2.64    3.12
17-07-2024 07:57:08.99  142.78   0.051  27.389   32.679   90.5  10.55  14.000    0.03775    2.03    2.64    3.12
17-07-2024 07:57:09.24  142.89   0.052  27.390   32.679   90.5  10.55  14.000    0.02072    2.36    2.58    3.05
17-07-2024 07:57:09.48  142.96   0.053  27.391   32.679   90.5  10.54  14.000    0.05773    1.92    2.64    3.16
17-07-2024 07:57:09.73  143.01   0.054  27.392   32.680   90.5  10.54  14.000    0.03627    1.90    2.49    3.10
17-07-2024 07:57:09.98  143.13   0.055  27.393   32.680   90.5  10.54  14.000    0.03997    2.16    2.01    2.83
17-07-2024 07:57:10.22  143.18   0.056  27.393   32.679   90.4  10.54  14.000    0.02220    1.86    2.61    3.04
17-07-2024 07:57:10.46  143.30   0.056  27.396   32.683   90.4  10.54  14.000    0.03257    1.86    2.61    3.04
17-07-2024 07:57:10.71  143.35   0.058  27.399   32.684   90.4  10.54  14.000    0.05033    1.95    2.38    3.20
17-07-2024 07:57:10.96  143.46   0.061  27.401   32.684   90.4  10.54  14.000    0.03553    2.10    2.33    3.11
17-07-2024 07:57:11.21  143.50   0.062  27.402   32.684   90.4  10.54  14.000    0.03775    1.54    2.30    3.47
17-07-2024 07:57:11.46  143.61   0.063  27.403   32.683   90.4  10.53  14.000    0.04071    1.96    2.39    3.21
17-07-2024 07:57:11.70  143.71   0.064  27.403   32.682   90.4  10.53  14.000    0.02591    2.26    2.51    3.25
17-07-2024 07:57:11.95  143.79   0.063  27.404   32.684   90.4  10.53  14.000    0.02591    1.76    2.13    2.79
17-07-2024 07:57:12.19  143.87   0.064  27.404   32.683   90.4  10.53  14.000    0.03479    1.76    2.13    2.79
17-07-2024 07:57:12.44  143.95   0.064  27.404   32.684   90.4  10.53  14.000    0.03775    2.09    2.42    3.13
17-07-2024 07:57:12.68  144.02   0.064  27.404   32.684   90.4  10.53  14.000    0.04145    1.78    2.08    3.35
17-07-2024 07:57:12.93  144.10   0.064  27.405   32.685   90.4  10.53  14.000    0.03479    2.07    2.24    2.96
17-07-2024 07:57:13.17  144.18   0.064  27.404   32.683   90.3  10.53  14.000    0.02146    2.30    2.17    3.39
17-07-2024 07:57:13.42  144.28   0.065  27.405   32.683   90.3  10.53  14.000    0.03035    2.18    2.54    3.02
17-07-2024 07:57:13.66  144.36   0.065  27.405   32.685   90.3  10.53  14.000    0.04589    2.04    1.97    3.02
17-07-2024 07:57:13.91  144.43   0.065  27.406   32.685   90.3  10.52  14.000    0.04219    2.04    1.97    3.02
17-07-2024 07:57:14.15  144.52   0.065  27.406   32.685   90.3  10.52  14.000    0.01776    2.00    2.47    3.28
17-07-2024 07:57:14.40  144.63   0.065  27.406   32.685   90.3  10.52  14.000    0.04589    2.12    2.40    3.22
17-07-2024 07:57:14.65  144.69   0.065  27.406   32.685   90.3  10.52  14.000    0.02072    2.21    2.05    2.99
17-07-2024 07:57:14.90  144.77   0.066  27.408   32.686   90.3  10.52  14.000    0.01554    2.07    2.61    2.89
17-07-2024 07:57:15.15  144.87   0.067  27.408   32.686   90.3  10.52  14.000    0.02665    2.18    1.76    2.88
17-07-2024 07:57:15.39  144.96   0.067  27.409   32.686   90.3  10.51  14.000    0.03997    2.00    2.59    3.34
17-07-2024 07:57:15.63  145.03   0.068  27.409   32.685   90.2  10.51  14.000    0.02220    2.00    2.59    3.34
17-07-2024 07:57:15.88  145.08   0.069  27.410   32.686   90.2  10.51  14.000    0.02739    2.03    2.50    3.06
17-07-2024 07:57:16.12  145.18   0.069  27.411   32.686   90.2  10.51  14.000    0.02072    2.33    1.98    3.12
17-07-2024 07:57:16.37  145.27   0.070  27.412   32.687   90.2  10.51  14.000    0.02961    2.06    2.22    2.91
17-07-2024 07:57:16.61  145.37   0.071  27.413   32.687   90.2  10.51  14.000    0.03627    2.24    2.31    3.30
17-07-2024 07:57:16.86  145.44   0.071  27.413   32.687   90.2  10.51  14.000    0.02517    1.97    2.05    3.17
17-07-2024 07:57:17.10  145.53   0.071  27.414   32.689   90.2  10.51  14.000    0.03479    2.28    1.66    3.40
17-07-2024 07:57:17.35  145.62   0.072  27.414   32.688   90.2  10.51  14.000    0.03849    2.28    1.66    3.40
17-07-2024 07:57:17.59  145.70   0.073  27.417   32.690   90.2  10.50  14.000    0.03405    2.18    2.26    2.97
17-07-2024 07:57:17.84  145.75   0.075  27.418   32.690   90.2  10.50  14.000    0.02294    2.06    2.42    2.78
17-07-2024 07:57:18.09  145.87   0.076  27.419   32.690   90.2  10.50  14.000    0.02517    2.33    2.30    3.06
17-07-2024 07:57:18.34  145.93   0.077  27.420   32.690   90.1  10.50  14.000    0.01850    2.31    2.50    3.16
17-07-2024 07:57:18.58  146.03   0.077  27.420   32.689   90.1  10.50  14.000    0.02443    2.04    2.16    3.03
17-07-2024 07:57:18.83  146.08   0.078  27.420   32.690   90.1  10.50  14.000    0.03997    2.02    2.49    3.13
17-07-2024 07:57:19.08  146.18   0.078  27.420   32.689   90.1  10.49  14.000    0.02591    2.02    2.49    3.13
17-07-2024 07:57:19.32  146.28   0.078  27.422   32.690   90.1  10.49  14.000    0.03035    2.16    2.56    3.14
17-07-2024 07:57:19.57  146.34   0.079  27.422   32.690   90.1  10.49  14.000    0.02665    2.49    2.61    3.25
17-07-2024 07:57:19.81  146.43   0.080  27.423   32.690   90.1  10.49  14.000    0.03775    2.12    2.21    3.12
17-07-2024 07:57:20.06  146.49   0.080  27.422   32.689   90.1  10.49  14.000    0.03035    2.01    2.34    3.41
17-07-2024 07:57:20.30  146.59   0.080  27.423   32.690   90.1  10.49  14.000    0.02591    1.75    2.39    3.26
17-07-2024 07:57:20.55  146.68   0.080  27.423   32.690   90.1  10.49  14.000    0.03109    2.25    2.27    3.44
17-07-2024 07:57:20.79  146.75   0.080  27.424   32.692   90.1  10.49  14.000    0.03331    2.25    2.27    3.44
17-07-2024 07:57:21.04  146.80   0.081  27.425   32.692   90.0  10.49  14.000    0.03923    2.09    2.35    3.08
17-07-2024 07:57:21.28  146.90   0.081  27.424   32.691   90.0  10.49  14.000    0.02368    1.87    1.65    3.03
17-07-2024 07:57:21.53  146.99   0.081  27.426   32.692   90.0  10.48  14.000    0.01776    1.63    2.36    3.23
17-07-2024 07:57:21.77  147.08   0.083  27.426   32.691   90.0  10.48  14.000    0.02739    2.27    2.43    3.23
17-07-2024 07:57:22.03  147.19   0.083  27.425   32.690   90.0  10.48  14.000    0.03479    2.27    2.30    3.30
17-07-2024 07:57:22.27  147.22   0.083  27.427   32.692   90.0  10.48  14.000    0.04071    2.05    2.41    3.26
17-07-2024 07:57:22.52  147.31   0.083  27.428   32.692   90.0  10.48  14.000    0.01332    2.05    2.41    3.26
17-07-2024 07:57:22.77  147.41   0.083  27.428   32.692   90.0  10.48  14.000    0.02591    1.94    2.15    3.00
17-07-2024 07:57:23.01  147.50   0.085  27.429   32.692   90.0  10.48  14.000    0.03035    1.84    1.83    2.95
17-07-2024 07:57:23.26  147.58   0.085  27.430   32.693   90.0  10.47  14.000    0.02146    2.17    2.15    3.13
17-07-2024 07:57:23.50  147.70   0.086  27.431   32.694   89.9  10.47  14.000    0.02220    1.88    2.37    3.32
17-07-2024 07:57:23.75  147.77   0.087  27.433   32.694   89.9  10.47  14.000    0.02591    2.10    2.10    3.13
17-07-2024 07:57:23.99  147.82   0.088  27.432   32.693   89.9  10.47  14.000    0.01554    2.19    2.37    3.11
17-07-2024 07:57:24.24  147.91   0.089  27.435   32.696   89.9  10.47  14.000    0.01776    2.19    2.37    3.11
17-07-2024 07:57:24.48  148.01   0.090  27.435   32.694   89.9  10.47  14.000    0.02443    2.14    2.25    3.25
17-07-2024 07:57:24.73  148.09   0.091  27.435   32.694   89.9  10.46  14.000    0.03997    2.23    2.12    3.13
17-07-2024 07:57:24.97  148.16   0.091  27.438   32.696   89.9  10.46  14.000    0.00740    2.31    2.30    3.14
17-07-2024 07:57:25.22  148.24   0.092  27.438   32.696   89.9  10.46  14.000    0.02591    2.29    2.66    3.06
17-07-2024 07:57:25.46  148.34   0.093  27.438   32.696   89.9  10.46  14.000    0.01776    2.27    2.57    3.03
17-07-2024 07:57:25.71  148.41   0.094  27.440   32.697   89.9  10.46  14.000    0.04219    2.16    2.56    2.88
17-07-2024 07:57:25.96  148.50   0.093  27.439   32.696   89.8  10.46  14.000    0.02220    2.16    2.56    2.88
17-07-2024 07:57:26.21  148.59   0.093  27.440   32.697   89.8  10.46  14.000    0.03257    2.09    2.04    2.93
17-07-2024 07:57:26.45  148.65   0.094  27.440   32.696   89.8  10.46  14.000    0.03109    2.26    2.22    3.10
17-07-2024 07:57:26.70  148.77   0.094  27.440   32.696   89.8  10.46  14.000    0.03183    2.16    1.99    3.22
17-07-2024 07:57:26.94  148.80   0.095  27.442   32.699   89.8  10.46  14.000    0.03035    2.23    2.04    3.24
17-07-2024 07:57:27.19  148.92   0.096  27.443   32.699   89.8  10.45  14.000    0.03775    2.10    2.31    3.27
17-07-2024 07:57:27.43  148.98   0.097  27.444   32.699   89.8  10.46  14.000    0.03331    2.14    2.30    3.14
17-07-2024 07:57:27.68  149.08   0.097  27.443   32.697   89.8  10.45  14.000    0.03627    2.14    2.30    3.14
17-07-2024 07:57:27.92  149.14   0.096  27.444   32.698   89.8  10.45  14.000    0.01480    2.05    2.30    3.12
17-07-2024 07:57:28.17  149.23   0.097  27.444   32.698   89.8  10.45  14.000    0.02887    2.19    2.55    3.29
17-07-2024 07:57:28.41  149.32   0.097  27.445   32.699   89.8  10.45  14.000    0.04293    1.93    1.96    3.40
17-07-2024 07:57:28.66  149.38   0.098  27.445   32.699   89.8  10.45  14.000    0.03775    2.09    2.34    3.26
17-07-2024 07:57:28.90  149.48   0.098  27.445   32.698   89.8  10.45  14.000    0.02591    1.84    2.26    3.09
17-07-2024 07:57:29.15  149.56   0.099  27.446   32.699   89.7  10.44  14.000    0.02146    2.02    1.97    3.03
17-07-2024 07:57:29.40  149.65   0.099  27.446   32.698   89.8  10.45  14.000    0.01480    2.02    1.97    3.03
17-07-2024 07:57:29.64  149.72   0.099  27.446   32.699   89.7  10.45  14.000    0.02665    2.01    2.23    3.23
17-07-2024 07:57:29.89  149.79   0.099  27.446   32.698   89.7  10.45  14.000    0.02961    1.96    2.39    2.71
17-07-2024 07:57:30.14  149.89   0.098  27.446   32.699   89.7  10.44  14.000    0.02368    2.14    2.28    3.28
17-07-2024 07:57:30.38  149.97   0.099  27.447   32.699   89.7  10.45  14.000    0.03183    1.93    2.26    3.10
17-07-2024 07:57:30.63  150.04   0.101  27.452   32.704   89.7  10.44  14.000    0.02739    2.05    2.54    3.31
17-07-2024 07:57:30.87  150.10   0.104  27.453   32.702   89.7  10.44  14.000    0.05033    2.00    2.26    3.10
17-07-2024 07:57:31.12  150.22   0.105  27.454   32.703   89.7  10.44  14.000    0.02665    2.00    2.26    3.10
17-07-2024 07:57:31.36  150.30   0.106  27.456   32.704   89.7  10.44  14.000    0.01850    1.96    2.39    3.13
17-07-2024 07:57:31.61  150.35   0.108  27.457   32.703   89.7  10.44  14.000    0.03923    2.26    2.18    2.96
17-07-2024 07:57:31.85  150.44   0.109  27.458   32.703   89.7  10.44  14.000    0.02665    2.55    2.03    3.22
17-07-2024 07:57:32.10  150.53   0.111  27.462   32.705   89.7  10.44  14.000    0.02591    2.30    2.28    2.97
17-07-2024 07:57:32.34  150.61   0.112  27.461   32.704   89.7  10.44  14.000    0.03405    2.35    2.56    3.16
17-07-2024 07:57:32.59  150.69   0.113  27.465   32.708   89.7  10.43  14.000    0.03997    1.83    2.16    3.21
17-07-2024 07:57:32.83  150.76   0.114  27.464   32.705   89.7  10.43  14.000    0.04071    1.83    2.16    3.21
17-07-2024 07:57:33.09  150.89   0.115  27.463   32.703   89.7  10.43  14.000    0.02739    2.06    2.52    3.16
17-07-2024 07:57:33.33  150.92   0.113  27.463   32.704   89.7  10.43  14.000    0.01258    2.04    2.57    3.25
17-07-2024 07:57:33.58  151.01   0.114  27.467   32.709   89.6  10.43  14.000    0.04441    2.23    2.32    2.92
17-07-2024 07:57:33.83  151.09   0.117  27.469   32.709   89.6  10.43  14.000    0.04145    2.20    2.03    3.12
17-07-2024 07:57:34.07  151.19   0.118  27.469   32.707   89.6  10.43  14.000    0.02072    2.27    2.37    3.27
17-07-2024 07:57:34.32  151.28   0.119  27.471   32.710   89.6  10.43  14.000    0.03183    2.13    2.59    3.18
17-07-2024 07:57:34.56  151.35   0.120  27.472   32.709   89.6  10.43  14.000    0.03849    2.13    2.59    3.18
17-07-2024 07:57:34.81  151.46   0.121  27.472   32.708   89.6  10.43  14.000    0.04071    1.77    2.78    3.21
17-07-2024 07:57:35.05  151.51   0.121  27.473   32.709   89.6  10.43  14.000    0.02665    1.98    2.56    3.02
17-07-2024 07:57:35.30  151.62   0.121  27.472   32.709   89.6  10.42  14.000    0.03849    2.04    2.25    2.96
17-07-2024 07:57:35.54  151.69   0.121  27.472   32.708   89.6  10.42  14.000    0.02961    2.12    2.71    3.10
17-07-2024 07:57:35.79  151.78   0.121  27.473   32.709   89.6  10.42  14.000    0.01850    1.85    2.58    3.16
17-07-2024 07:57:36.03  151.87   0.121  27.473   32.709   89.6  10.42  14.000    0.02961    1.81    2.08    3.14
17-07-2024 07:57:36.28  151.97   0.122  27.473   32.708   89.6  10.42  14.000    0.04219    1.81    2.08    3.14
17-07-2024 07:57:36.52  152.05   0.121  27.473   32.709   89.6  10.42  14.000    0.03775    1.81    2.53    3.17
17-07-2024 07:57:36.78  152.13   0.121  27.473   32.708   89.6  10.42  14.000    0.02591    1.98    2.02    3.39
17-07-2024 07:57:37.02  152.23   0.121  27.473   32.709   89.6  10.42  14.000    0.04515    1.98    2.71    3.01
17-07-2024 07:57:37.27  152.31   0.121  27.473   32.709   89.6  10.42  14.000    0.03775    1.94    2.92    3.58
17-07-2024 07:57:37.52  152.39   0.121  27.474   32.709   89.6  10.42  14.000    0.03553    2.10    2.84    3.05
17-07-2024 07:57:37.76  152.50   0.122  27.474   32.710   89.5  10.41  14.000    0.03257    2.10    1.96    2.95
17-07-2024 07:57:38.00  152.56   0.122  27.474   32.708   89.5  10.41  14.000    0.03405    2.10    1.96    2.95
17-07-2024 07:57:38.25  152.65   0.122  27.474   32.709   89.5  10.41  14.000    0.02665    1.85    2.63    3.11
17-07-2024 07:57:38.50  152.73   0.122  27.474   32.710   89.5  10.41  14.000    0.04811    1.93    2.36    2.87
17-07-2024 07:57:38.74  152.83   0.122  27.475   32.710   89.5  10.41  14.000    0.04219    1.95    2.00    3.15
17-07-2024 07:57:38.99  152.91   0.123  27.476   32.710   89.5  10.41  14.000    0.03183    1.70    2.08    2.98
17-07-2024 07:57:39.23  152.97   0.124  27.477   32.710   89.5  10.41  14.000    0.04589    1.98    2.37    3.25
17-07-2024 07:57:39.48  153.07   0.124  27.477   32.711   89.5  10.41  14.000    0.04885    1.90    2.66    2.98
17-07-2024 07:57:39.72  153.16   0.125  27.478   32.711   89.5  10.41  14.000    0.03627    1.90    2.66    2.98
17-07-2024 07:57:39.97  153.24   0.125  27.478   32.711   89.5  10.41  14.000    0.03405    2.12    2.12    3.44
17-07-2024 07:57:40.21  153.33   0.125  27.478   32.711   89.4  10.40  14.000    0.02665    1.93    2.38    3.24
17-07-2024 07:57:40.46  153.41   0.125  27.479   32.712   89.4  10.40  14.000    0.03627    2.21    2.53    3.25
17-07-2024 07:57:40.71  153.51   0.127  27.482   32.713   89.5  10.40  14.000    0.04219    1.60    2.05    2.96
17-07-2024 07:57:40.96  153.57   0.129  27.482   32.712   89.4  10.40  14.000    0.04441    2.23    2.62    3.26
17-07-2024 07:57:41.21  153.65   0.129  27.483   32.712   89.4  10.40  14.000    0.05107    1.93    1.96    3.30
17-07-2024 07:57:41.45  153.76   0.130  27.484   32.713   89.4  10.40  14.000    0.03035    1.93    1.96    3.30
17-07-2024 07:57:41.69  153.84   0.130  27.485   32.713   89.4  10.40  14.000    0.03775    1.92    2.10    2.81
17-07-2024 07:57:41.94  153.91   0.132  27.487   32.715   89.4  10.40  14.000    0.04589    2.16    2.41    3.12
17-07-2024 07:57:42.18  154.02   0.134  27.489   32.714   89.4  10.40  14.000    0.02887    2.26    2.82    2.93
17-07-2024 07:57:42.43  154.10   0.135  27.491   32.716   89.4  10.39  14.000    0.04071    1.97    1.89    3.22
17-07-2024 07:57:42.67  154.16   0.137  27.493   32.717   89.4  10.39  14.000    0.03923    1.95    2.14    2.89
17-07-2024 07:57:42.92  154.25   0.139  27.494   32.717   89.4  10.39  14.000    0.03627    1.85    1.72    2.89
17-07-2024 07:57:43.16  154.31   0.139  27.496   32.718   89.4  10.39  14.000    0.03775    1.85    1.72    2.89
17-07-2024 07:57:43.41  154.43   0.140  27.497   32.719   89.4  10.39  14.000    0.03405    2.23    2.08    2.77
17-07-2024 07:57:43.65  154.50   0.142  27.498   32.718   89.4  10.39  14.000    0.03923    1.86    2.38    3.17
17-07-2024 07:57:43.90  154.60   0.143  27.499   32.718   89.4  10.39  14.000    0.04071    1.93    2.03    2.80
17-07-2024 07:57:44.15  154.68   0.144  27.499   32.718   89.4  10.39  14.000    0.01776    1.81    2.32    2.88
17-07-2024 07:57:44.40  154.75   0.144  27.500   32.719   89.4  10.39  14.000    0.02887    2.33    2.44    3.35
17-07-2024 07:57:44.65  154.85   0.145  27.502   32.721   89.4  10.39  14.000    0.04811    1.90    2.32    3.15
17-07-2024 07:57:44.89  154.92   0.146  27.503   32.720   89.4  10.39  14.000    0.02739    1.90    2.32    3.15
17-07-2024 07:57:45.14  155.03   0.147  27.504   32.720   89.4  10.39  14.000    0.03035    2.11    2.28    3.21
17-07-2024 07:57:45.38  155.13   0.147  27.505   32.721   89.3  10.38  14.000    0.03997    1.96    2.02    3.25
17-07-2024 07:57:45.63  155.18   0.148  27.504   32.720   89.3  10.38  14.000    0.02146    2.00    2.21    3.35
17-07-2024 07:57:45.87  155.27   0.148  27.505   32.720   89.3  10.38  14.000    0.03405    2.03    2.18    2.98
17-07-2024 07:57:46.12  155.37   0.149  27.507   32.722   89.3  10.38  14.000    0.01628    1.87    2.07    3.07
17-07-2024 07:57:46.36  155.41   0.151  27.509   32.723   89.3  10.38  14.000    0.04219    1.94    2.30    3.38
17-07-2024 07:57:46.61  155.51   0.152  27.511   32.723   89.3  10.38  14.000    0.03109    1.94    2.30    3.38
17-07-2024 07:57:46.85  155.58   0.153  27.512   32.724   89.3  10.38  14.000    0.03257    1.96    2.33    3.07
17-07-2024 07:57:47.10  155.68   0.154  27.514   32.726   89.3  10.38  14.000    0.02813    1.88    2.33    3.11
17-07-2024 07:57:47.34  155.78   0.156  27.515   32.725   89.3  10.37  14.000    0.03701    2.21    1.90    2.79
17-07-2024 07:57:47.59  155.86   0.157  27.515   32.723   89.3  10.37  14.000    0.02146    2.04    2.27    3.10
17-07-2024 07:57:47.84  155.94   0.157  27.516   32.725   89.3  10.37  14.000    0.03553    2.24    2.47    3.12
17-07-2024 07:57:48.08  156.02   0.157  27.516   32.725   89.3  10.37  14.000    0.03627    2.04    2.27    3.32
17-07-2024 07:57:48.33  156.08   0.157  27.516   32.725   89.3  10.37  14.000    0.02517    2.04    2.27    3.32
17-07-2024 07:57:48.58  156.20   0.158  27.515   32.723   89.3  10.37  14.000    0.02887    1.90    2.63    2.97
17-07-2024 07:57:48.82  156.27   0.158  27.516   32.724   89.3  10.37  14.000    0.02443    2.22    2.14    2.94
17-07-2024 07:57:49.07  156.36   0.157  27.516   32.725   89.2  10.37  14.000    0.04737    2.16    2.35    3.10
17-07-2024 07:57:49.31  156.42   0.157  27.515   32.724   89.2  10.37  14.000    0.01776    2.23    2.47    3.04
17-07-2024 07:57:49.56  156.52   0.157  27.517   32.725   89.2  10.37  14.000    0.03923    2.08    2.27    3.37
17-07-2024 07:57:49.80  156.56   0.157  27.517   32.726   89.2  10.37  14.000    0.03109    2.08    2.27    3.37
17-07-2024 07:57:50.05  156.67   0.157  27.516   32.724   89.2  10.37  14.000    0.02813    1.86    2.55    3.01
17-07-2024 07:57:50.29  156.75   0.157  27.516   32.725   89.2  10.37  14.000    0.04219    1.96    2.58    2.93
17-07-2024 07:57:50.54  156.82   0.158  27.517   32.726   89.2  10.37  14.000    0.01998    1.92    2.31    3.33
17-07-2024 07:57:50.78  156.93   0.157  27.517   32.725   89.2  10.36  14.000    0.05477    2.21    2.20    3.12
17-07-2024 07:57:51.03  157.01   0.158  27.519   32.726   89.2  10.36  14.000    0.03627    2.21    2.50    3.02
17-07-2024 07:57:51.27  157.09   0.159  27.519   32.726   89.2  10.36  14.000    0.03183    2.07    2.51    2.94
17-07-2024 07:57:51.53  157.19   0.160  27.521   32.727   89.1  10.36  14.000    0.02443    1.92    2.19    3.44
17-07-2024 07:57:51.77  157.29   0.161  27.522   32.728   89.2  10.36  14.000    0.03775    1.92    2.19    3.44
17-07-2024 07:57:52.03  157.35   0.162  27.522   32.727   89.1  10.36  14.000    0.03035    1.92    2.05    3.31
17-07-2024 07:57:52.27  157.44   0.163  27.525   32.729   89.1  10.35  14.000    0.03183    1.73    2.35    3.21
17-07-2024 07:57:52.51  157.54   0.165  27.526   32.729   89.1  10.36  14.000    0.03479    1.85    2.37    2.90
17-07-2024 07:57:52.76  157.58   0.166  27.530   32.732   89.1  10.35  14.000    0.02887    1.99    2.33    2.87
17-07-2024 07:57:53.00  157.67   0.169  27.530   32.730   89.1  10.35  14.000    0.03331    2.18    2.64    2.96
17-07-2024 07:57:53.24  157.77   0.169  27.531   32.730   89.1  10.35  14.000    0.03257    2.18    2.64    2.96
17-07-2024 07:57:53.49  157.85   0.170  27.531   32.730   89.1  10.35  14.000    0.02961    1.91    2.64    3.14
17-07-2024 07:57:53.74  157.92   0.170  27.533   32.732   89.1  10.35  14.000    0.03627    2.15    2.44    3.36
17-07-2024 07:57:53.98  158.01   0.171  27.534   32.733   89.1  10.35  14.000    0.04219    2.01    2.21    3.21
17-07-2024 07:57:54.23  158.09   0.172  27.535   32.732   89.1  10.34  14.000    0.03331    2.11    2.84    3.19
17-07-2024 07:57:54.47  158.19   0.172  27.534   32.731   89.1  10.35  14.000    0.03701    2.53    2.71    3.16
17-07-2024 07:57:54.72  158.26   0.172  27.535   32.732   89.1  10.35  14.000    0.03183    2.09    2.72    3.16
17-07-2024 07:57:54.96  158.35   0.174  27.536   32.732   89.1  10.34  14.000    0.02887    2.09    2.72    3.16
17-07-2024 07:57:55.21  158.40   0.175  27.538   32.733   89.0  10.34  14.000    0.02294    1.94    2.39    3.19
17-07-2024 07:57:55.46  158.52   0.176  27.539   32.734   89.0  10.34  14.000    0.02591    2.28    2.63    3.06
17-07-2024 07:57:55.71  158.60   0.177  27.542   32.735   89.0  10.34  14.000    0.02887    2.13    2.22    3.37
17-07-2024 07:57:55.95  158.70   0.178  27.542   32.735   89.0  10.34  14.000    0.02887    2.22    2.34    3.39
17-07-2024 07:57:56.20  158.77   0.179  27.543   32.735   89.0  10.34  14.000    0.02887    2.20    2.40    3.00
17-07-2024 07:57:56.44  158.83   0.180  27.542   32.733   89.0  10.34  14.000    0.02591    2.12    2.17    3.06
17-07-2024 07:57:56.69  158.92   0.180  27.544   32.736   89.0  10.33  14.000    0.03553    2.12    2.17    3.06
17-07-2024 07:57:56.93  159.01   0.181  27.544   32.735   89.0  10.33  14.000    0.02961    1.85    2.48    2.89
17-07-2024 07:57:57.18  159.11   0.182  27.545   32.735   89.0  10.33  14.000    0.03257    1.88    1.98    3.18
17-07-2024 07:57:57.42  159.17   0.182  27.547   32.736   89.0  10.33  14.000    0.04071    2.30    1.80    3.28
17-07-2024 07:57:57.67  159.25   0.183  27.548   32.736   88.9  10.33  14.000    0.02887    1.90    1.75    3.23
17-07-2024 07:57:57.91  159.32   0.183  27.548   32.737   88.9  10.33  14.000    0.02887    2.12    2.28    3.31
17-07-2024 07:57:58.16  159.40   0.184  27.549   32.737   89.0  10.33  14.000    0.02517    2.15    2.16    3.04
17-07-2024 07:57:58.40  159.53   0.184  27.549   32.737   88.9  10.32  14.000    0.02591    2.15    2.16    3.04
17-07-2024 07:57:58.65  159.64   0.184  27.550   32.738   88.9  10.32  14.000    0.03479    1.83    2.78    3.34
17-07-2024 07:57:58.90  159.69   0.186  27.549   32.736   88.9  10.32  14.000    0.04219    2.03    2.40    2.90
17-07-2024 07:57:59.15  159.77   0.185  27.550   32.737   88.9  10.33  14.000    0.02665    1.97    2.07    2.84
17-07-2024 07:57:59.40  159.89   0.186  27.551   32.738   88.9  10.32  14.000    0.03257    2.31    2.28    2.96
17-07-2024 07:57:59.64  159.94   0.186  27.551   32.738   88.9  10.32  14.000    0.02146    2.12    2.33    3.26
17-07-2024 07:57:59.89  160.02   0.187  27.552   32.738   88.9  10.32  14.000    0.02368    1.86    2.25    3.18
17-07-2024 07:58:00.13  160.10   0.187  27.553   32.738   88.9  10.32  14.000    0.02368    1.86    2.25    3.18
17-07-2024 07:58:00.38  160.20   0.188  27.553   32.738   88.9  10.32  14.000    0.03331    2.06    2.04    3.22
17-07-2024 07:58:00.62  160.27   0.189  27.554   32.738   88.9  10.32  14.000    0.05699    1.91    2.25    2.81
17-07-2024 07:58:00.87  160.37   0.189  27.556   32.740   88.9  10.32  14.000    0.02739    2.01    2.40    3.31
17-07-2024 07:58:01.11  160.43   0.190  27.556   32.739   88.8  10.31  14.000    0.02517    2.09    2.31    3.52
17-07-2024 07:58:01.36  160.53   0.192  27.557   32.739   88.8  10.31  14.000    0.03109    2.15    2.62    3.06
17-07-2024 07:58:01.60  160.63   0.192  27.558   32.739   88.8  10.31  14.000    0.02591    1.79    2.78    3.12
17-07-2024 07:58:01.85  160.68   0.193  27.560   32.741   88.8  10.31  14.000    0.03257    1.79    2.78    3.12
17-07-2024 07:58:02.09  160.80   0.194  27.560   32.741   88.8  10.31  14.000    0.02517    2.05    1.97    3.18
17-07-2024 07:58:02.34  160.88   0.196  27.561   32.740   88.8  10.31  14.000    0.01850    1.97    2.23    2.86
17-07-2024 07:58:02.59  160.96   0.196  27.563   32.742   88.8  10.31  14.000    0.03701    2.14    2.24    3.12
17-07-2024 07:58:02.84  161.04   0.197  27.564   32.742   88.8  10.31  14.000    0.03035    1.80    2.35    3.28
17-07-2024 07:58:03.09  161.14   0.198  27.565   32.742   88.8  10.30  14.000    0.02443    1.97    2.08    2.94
17-07-2024 07:58:03.33  161.21   0.198  27.564   32.741   88.8  10.30  14.000    0.03627    2.08    2.45    3.19
17-07-2024 07:58:03.57  161.31   0.198  27.566   32.743   88.8  10.30  14.000    0.02443    2.08    2.45    3.19
17-07-2024 07:58:03.82  161.38   0.199  27.567   32.744   88.8  10.30  14.000    0.04145    2.20    1.79    3.10
17-07-2024 07:58:04.07  161.45   0.199  27.566   32.742   88.8  10.30  14.000    0.04367    2.43    2.11    3.11
17-07-2024 07:58:04.31  161.57   0.199  27.566   32.742   88.8  10.30  14.000    0.03183    2.00    2.19    3.07
17-07-2024 07:58:04.56  161.62   0.200  27.567   32.743   88.7  10.30  14.000    0.02739    1.88    2.46    3.17
17-07-2024 07:58:04.80  161.71   0.201  27.568   32.743   88.7  10.30  14.000    0.02368    2.09    2.17    3.31
17-07-2024 07:58:05.05  161.78   0.201  27.570   32.744   88.7  10.30  14.000    0.03331    2.33    2.35    3.28
17-07-2024 07:58:05.29  161.87   0.202  27.571   32.745   88.7  10.30  14.000    0.03331    2.33    2.35    3.28
17-07-2024 07:58:05.54  161.96   0.202  27.569   32.743   88.7  10.30  14.000    0.02591    2.18    1.82    3.14
17-07-2024 07:58:05.78  162.06   0.202  27.571   32.745   88.7  10.30  14.000    0.03627    2.13    2.32    3.07
17-07-2024 07:58:06.03  162.14   0.202  27.569   32.743   88.7  10.29  14.000    0.03109    2.09    2.60    3.00
17-07-2024 07:58:06.28  162.25   0.203  27.570   32.743   88.7  10.29  14.000    0.02665    1.67    2.75    3.18
17-07-2024 07:58:06.52  162.33   0.203  27.571   32.744   88.7  10.29  14.000    0.03183    1.89    1.90    3.16
17-07-2024 07:58:06.77  162.39   0.204  27.572   32.745   88.7  10.29  14.000    0.01924    2.18    2.01    3.23
17-07-2024 07:58:07.02  162.49   0.204  27.573   32.746   88.7  10.29  14.000    0.02294    2.18    2.01    3.23
17-07-2024 07:58:07.26  162.57   0.204  27.573   32.745   88.7  10.29  14.000    0.03775    2.04    2.42    3.00
17-07-2024 07:58:07.51  162.64   0.205  27.574   32.745   88.7  10.29  14.000    0.03553    2.09    2.50    3.11
17-07-2024 07:58:07.75  162.76   0.206  27.575   32.746   88.7  10.29  14.000    0.04293    2.22    2.08    3.23
17-07-2024 07:58:08.00  162.81   0.207  27.575   32.745   88.7  10.29  14.000    0.03331    1.84    2.15    2.92
17-07-2024 07:58:08.24  162.92   0.207  27.576   32.746   88.7  10.29  14.000    0.01776    1.92    2.47    3.22
17-07-2024 07:58:08.49  163.01   0.208  27.576   32.745   88.7  10.29  14.000    0.04071    2.00    1.75    2.73
17-07-2024 07:58:08.73  163.05   0.209  27.578   32.747   88.6  10.28  14.000    0.02739    2.00    1.75    2.73
17-07-2024 07:58:08.98  163.13   0.209  27.580   32.748   88.7  10.29  14.000    0.02294    1.97    2.19    3.19
17-07-2024 07:58:09.22  163.23   0.211  27.580   32.747   88.6  10.28  14.000    0.03627    2.10    2.67    3.13
17-07-2024 07:58:09.47  163.31   0.212  27.581   32.748   88.6  10.28  14.000    0.04145    2.21    2.42    3.33
17-07-2024 07:58:09.71  163.43   0.213  27.583   32.748   88.6  10.28  14.000    0.04441    1.88    2.51    3.19
17-07-2024 07:58:09.96  163.50   0.214  27.584   32.748   88.6  10.28  14.000    0.02887    2.18    2.35    3.15
17-07-2024 07:58:10.21  163.61   0.216  27.585   32.748   88.6  10.28  14.000    0.03627    2.39    2.24    2.79
17-07-2024 07:58:10.46  163.70   0.216  27.586   32.749   88.6  10.28  14.000    0.02961    2.39    2.24    2.79
17-07-2024 07:58:10.70  163.77   0.217  27.586   32.748   88.6  10.28  14.000    0.03405    2.09    2.36    3.33
17-07-2024 07:58:10.95  163.86   0.217  27.586   32.748   88.6  10.28  14.000    0.02739    2.00    2.32    3.38
17-07-2024 07:58:11.19  163.92   0.218  27.587   32.749   88.6  10.28  14.000    0.03405    2.33    2.22    2.94
17-07-2024 07:58:11.44  164.01   0.218  27.588   32.749   88.6  10.28  14.000    0.05033    2.14    2.23    3.12
17-07-2024 07:58:11.68  164.09   0.219  27.589   32.750   88.6  10.27  14.000    0.01998    2.10    2.63    3.15
17-07-2024 07:58:11.93  164.15   0.220  27.590   32.749   88.6  10.27  14.000    0.02220    2.04    2.12    3.03
17-07-2024 07:58:12.17  164.26   0.220  27.591   32.750   88.6  10.27  14.000    0.02665    2.04    2.12    3.03
17-07-2024 07:58:12.42  164.36   0.221  27.592   32.751   88.6  10.28  14.000    0.01184    2.10    2.15    3.05
17-07-2024 07:58:12.66  164.46   0.222  27.593   32.752   88.6  10.27  14.000    0.02294    1.97    1.93    3.21
17-07-2024 07:58:12.91  164.53   0.222  27.593   32.751   88.6  10.27  14.000    0.01332    2.28    2.40    3.21
17-07-2024 07:58:13.16  164.61   0.223  27.594   32.752   88.6  10.27  14.000    0.01850    1.70    2.18    3.02
17-07-2024 07:58:13.40  164.70   0.223  27.594   32.752   88.6  10.27  14.000    0.03923    1.66    2.05    3.10
17-07-2024 07:58:13.65  164.80   0.224  27.596   32.753   88.6  10.27  14.000    0.03627    2.17    2.21    3.01
17-07-2024 07:58:13.90  164.89   0.225  27.595   32.751   88.6  10.27  14.000    0.00888    2.17    2.21    3.01
17-07-2024 07:58:14.15  164.96   0.225  27.596   32.752   88.6  10.27  14.000    0.03405    1.97    2.54    3.07
17-07-2024 07:58:14.39  165.07   0.225  27.597   32.752   88.6  10.27  14.000    0.02072    2.53    2.47    3.04
17-07-2024 07:58:14.64  165.16   0.225  27.598   32.754   88.5  10.27  14.000    0.01480    2.10    2.52    2.68
17-07-2024 07:58:14.88  165.25   0.226  27.599   32.754   88.5  10.27  14.000    0.03479    2.07    1.76    3.34
17-07-2024 07:58:15.13  165.32   0.226  27.599   32.755   88.5  10.27  14.000    0.03331    2.13    3.10    3.30
17-07-2024 07:58:15.37  165.42   0.227  27.600   32.754   88.5  10.26  14.000    0.02887    2.18    2.16    2.91
17-07-2024 07:58:15.62  165.52   0.227  27.601   32.756   88.5  10.27  14.000    0.02517    2.18    2.16    2.91
17-07-2024 07:58:15.86  165.59   0.229  27.603   32.757   88.5  10.27  14.000    0.02739    1.72    1.93    3.10
17-07-2024 07:58:16.11  165.67   0.230  27.604   32.757   88.5  10.27  14.000    0.05033    1.75    2.49    3.31
17-07-2024 07:58:16.35  165.78   0.231  27.605   32.757   88.5  10.27  14.000    0.03257    2.02    2.22    3.01
17-07-2024 07:58:16.60  165.86   0.232  27.606   32.756   88.5  10.26  14.000    0.02961    2.05    2.53    2.91
17-07-2024 07:58:16.84  165.93   0.233  27.608   32.758   88.5  10.26  14.000    0.02739    1.98    2.03    2.88
17-07-2024 07:58:17.09  166.04   0.234  27.609   32.758   88.5  10.26  14.000    0.03331    2.21    2.79    3.22
17-07-2024 07:58:17.34  166.11   0.235  27.610   32.759   88.5  10.26  14.000    0.03109    2.21    2.79    3.22
17-07-2024 07:58:17.58  166.20   0.235  27.611   32.760   88.5  10.26  14.000    0.03257    1.86    2.13    3.18
17-07-2024 07:58:17.83  166.28   0.237  27.612   32.760   88.5  10.26  14.000    0.04145    2.11    2.43    2.94
17-07-2024 07:58:18.08  166.35   0.237  27.612   32.759   88.5  10.26  14.000    0.03035    1.99    2.83    3.27
17-07-2024 07:58:18.32  166.45   0.237  27.613   32.760   88.5  10.26  14.000    0.03923    2.01    1.72    3.13
17-07-2024 07:58:18.57  166.51   0.238  27.613   32.760   88.5  10.26  14.000    0.04145    1.96    2.32    3.15
17-07-2024 07:58:18.81  166.63   0.238  27.614   32.761   88.5  10.26  14.000    0.03331    2.22    2.30    3.05
17-07-2024 07:58:19.06  166.72   0.240  27.616   32.761   88.5  10.26  14.000    0.02517    2.22    2.30    3.05
17-07-2024 07:58:19.30  166.80   0.240  27.618   32.763   88.5  10.26  14.000    0.04145    2.14    2.00    3.25
17-07-2024 07:58:19.55  166.89   0.241  27.617   32.761   88.5  10.26  14.000    0.03775    2.15    1.95    2.93
17-07-2024 07:58:19.79  166.98   0.241  27.617   32.761   88.5  10.26  14.000    0.02294    2.06    2.51    3.19
17-07-2024 07:58:20.04  167.08   0.242  27.620   32.764   88.5  10.25  14.000    0.05403    1.95    2.40    2.98
17-07-2024 07:58:20.28  167.15   0.243  27.620   32.763   88.5  10.25  14.000    0.01332    2.16    2.41    3.04
17-07-2024 07:58:20.53  167.24   0.243  27.620   32.764   88.5  10.25  14.000    0.05773    2.14    2.08    3.14
17-07-2024 07:58:20.77  167.32   0.244  27.621   32.763   88.5  10.25  14.000    0.02220    2.14    2.08    3.14
17-07-2024 07:58:21.03  167.41   0.244  27.622   32.764   88.5  10.25  14.000    0.03553    2.07    2.53    2.94
17-07-2024 07:58:21.27  167.51   0.244  27.622   32.764   88.4  10.25  14.000    0.02072    2.01    2.30    2.98
17-07-2024 07:58:21.52  167.57   0.244  27.622   32.765   88.5  10.25  14.000    0.02739    1.97    1.97    2.91
17-07-2024 07:58:21.77  167.68   0.245  27.622   32.763   88.4  10.25  14.000    0.03997    2.27    2.12    3.34
17-07-2024 07:58:22.01  167.78   0.245  27.622   32.764   88.4  10.25  14.000    0.03553    2.40    2.30    3.14
17-07-2024 07:58:22.26  167.86   0.245  27.623   32.765   88.4  10.25  14.000    0.02368    1.92    1.89    2.97
17-07-2024 07:58:22.50  167.94   0.245  27.623   32.764   88.4  10.25  14.000    0.02665    1.92    1.89    2.97
17-07-2024 07:58:22.75  168.04   0.245  27.623   32.764   88.4  10.25  14.000    0.03553    1.99    2.59    3.22
17-07-2024 07:58:22.99  168.14   0.245  27.623   32.764   88.4  10.25  14.000    0.02220    2.02    2.06    3.10
17-07-2024 07:58:23.24  168.22   0.245  27.623   32.764   88.4  10.25  14.000    0.03479    2.07    2.20    2.76
17-07-2024 07:58:23.48  168.29   0.245  27.624   32.765   88.4  10.25  14.000    0.04145    1.99    2.05    3.34
17-07-2024 07:58:23.73  168.40   0.245  27.624   32.765   88.4  10.24  14.000    0.02294    2.04    2.00    2.86
17-07-2024 07:58:23.97  168.49   0.246  27.625   32.765   88.4  10.24  14.000    0.02665    1.75    2.25    3.28
17-07-2024 07:58:24.22  168.54   0.246  27.626   32.766   88.4  10.24  14.000    0.03257    1.75    2.25    3.28
17-07-2024 07:58:24.46  168.65   0.246  27.626   32.766   88.4  10.24  14.000    0.01924    2.42    2.57    3.06
17-07-2024 07:58:24.71  168.72   0.247  27.627   32.767   88.4  10.24  14.000    0.01554    1.96    2.13    3.14
17-07-2024 07:58:24.96  168.82   0.249  27.629   32.767   88.4  10.24  14.000    0.01776    1.89    2.70    3.12
17-07-2024 07:58:25.22  168.91   0.250  27.630   32.768   88.4  10.24  14.000    0.03109    1.98    2.50    3.17
17-07-2024 07:58:25.45  169.00   0.250  27.630   32.767   88.3  10.23  14.000    0.01628    2.02    2.37    2.81
17-07-2024 07:58:25.70  169.07   0.251  27.631   32.768   88.3  10.24  14.000    0.02739    1.94    2.06    3.03
17-07-2024 07:58:25.94  169.16   0.252  27.632   32.768   88.3  10.23  14.000    0.02517    1.94    2.06    3.03
17-07-2024 07:58:26.19  169.25   0.252  27.632   32.768   88.3  10.23  14.000    0.03627    1.67    1.91    2.96
17-07-2024 07:58:26.43  169.35   0.252  27.632   32.767   88.3  10.23  14.000    0.03997    2.05    1.95    3.15
17-07-2024 07:58:26.68  169.41   0.253  27.632   32.767   88.3  10.23  14.000    0.02072    2.03    2.25    3.33
17-07-2024 07:58:26.92  169.48   0.253  27.633   32.768   88.3  10.23  14.000    0.01998    2.04    2.15    2.74
17-07-2024 07:58:27.17  169.58   0.253  27.634   32.768   88.3  10.23  14.000    0.02517    1.84    1.94    2.93
17-07-2024 07:58:27.42  169.67   0.253  27.635   32.769   88.3  10.23  14.000    0.02146    2.11    2.21    2.89
17-07-2024 07:58:27.66  169.79   0.254  27.635   32.769   88.3  10.23  14.000    0.03405    2.11    2.21    2.89
17-07-2024 07:58:27.91  169.87   0.254  27.635   32.769   88.3  10.23  14.000    0.02072    1.85    2.11    3.43
17-07-2024 07:58:28.15  169.93   0.255  27.635   32.768   88.2  10.22  14.000    0.01480    2.05    2.20    3.35
17-07-2024 07:58:28.40  170.01   0.254  27.635   32.769   88.2  10.22  14.000    0.02887    2.37    2.06    3.27
17-07-2024 07:58:28.65  170.12   0.255  27.636   32.769   88.3  10.23  14.000    0.03257    2.01    2.07    3.26
17-07-2024 07:58:28.90  170.20   0.256  27.635   32.768   88.2  10.22  14.000    0.03701    1.96    2.22    3.24
17-07-2024 07:58:29.14  170.28   0.256  27.637   32.770   88.2  10.22  14.000    0.03479    1.83    2.83    3.30
17-07-2024 07:58:29.39  170.36   0.256  27.637   32.769   88.2  10.22  14.000    0.02665    1.83    2.83    3.30
17-07-2024 07:58:29.63  170.42   0.256  27.637   32.770   88.2  10.22  14.000    0.03109    1.90    2.30    2.97
17-07-2024 07:58:29.88  170.52   0.255  27.636   32.769   88.2  10.22  14.000    0.02443    2.03    2.48    3.14
17-07-2024 07:58:30.12  170.62   0.256  27.637   32.768   88.2  10.22  14.000    0.03257    2.12    2.48    3.34
17-07-2024 07:58:30.37  170.71   0.256  27.637   32.769   88.2  10.22  14.000    0.02591    2.07    2.17    3.11
17-07-2024 07:58:30.61  170.81   0.256  27.637   32.770   88.2  10.22  14.000    0.01776    2.09    2.42    3.10
17-07-2024 07:58:30.86  170.88   0.257  27.638   32.770   88.2  10.22  14.000    0.02517    2.09    2.42    3.10
17-07-2024 07:58:31.10  170.95   0.257  27.638   32.770   88.2  10.22  14.000    0.01258    2.08    2.68    3.02
17-07-2024 07:58:31.35  171.06   0.257  27.638   32.769   88.2  10.21  14.000    0.04293    1.98    2.83    3.13
17-07-2024 07:58:31.59  171.13   0.257  27.639   32.771   88.2  10.22  14.000    0.04219    1.95    2.58    3.34
17-07-2024 07:58:31.84  171.21   0.258  27.639   32.770   88.2  10.21  14.000    0.02887    1.83    2.18    3.17
17-07-2024 07:58:32.09  171.29   0.257  27.639   32.770   88.2  10.22  14.000    0.03627    2.22    2.34    3.13
17-07-2024 07:58:32.33  171.35   0.258  27.639   32.770   88.1  10.21  14.000    0.02739    1.84    1.80    2.90
17-07-2024 07:58:32.58  171.47   0.258  27.639   32.769   88.1  10.21  14.000    0.04219    2.07    2.10    3.16
17-07-2024 07:58:32.83  171.53   0.257  27.640   32.771   88.1  10.21  14.000    0.02294    2.07    2.10    3.16
17-07-2024 07:58:33.07  171.63   0.258  27.640   32.770   88.1  10.21  14.000    0.03775    1.97    2.18    2.80
17-07-2024 07:58:33.32  171.69   0.258  27.639   32.770   88.1  10.21  14.000    0.03035    2.16    2.33    3.24
17-07-2024 07:58:33.56  171.81   0.258  27.640   32.770   88.1  10.21  14.000    0.01998    2.07    2.32    3.12
17-07-2024 07:58:33.81  171.87   0.258  27.640   32.770   88.1  10.21  14.000    0.02294    2.16    1.90    3.37
17-07-2024 07:58:34.05  171.97   0.258  27.641   32.771   88.1  10.21  14.000    0.01702    2.05    2.47    2.91
17-07-2024 07:58:34.30  172.05   0.258  27.639   32.769   88.1  10.20  14.000    0.02739    2.05    2.47    2.91
17-07-2024 07:58:34.54  172.15   0.258  27.640   32.770   88.1  10.20  14.000    0.02146    1.66    2.42    3.41
17-07-2024 07:58:34.79  172.22   0.258  27.641   32.771   88.1  10.20  14.000    0.03997    2.07    2.63    2.87
17-07-2024 07:58:35.03  172.30   0.258  27.640   32.770   88.1  10.20  14.000    0.02294    2.14    2.23    3.20
17-07-2024 07:58:35.28  172.40   0.259  27.641   32.770   88.1  10.20  14.000    0.01702    2.26    2.41    3.14
17-07-2024 07:58:35.53  172.47   0.259  27.642   32.771   88.1  10.20  14.000    0.04737    2.06    2.79    2.93
17-07-2024 07:58:35.78  172.59   0.259  27.642   32.771   88.1  10.20  14.000    0.03479    2.14    1.67    3.03
17-07-2024 07:58:36.03  172.67   0.260  27.642   32.770   88.1  10.20  14.000    0.02220    2.17    2.37    2.87
17-07-2024 07:58:36.27  172.74   0.260  27.643   32.771   88.0  10.20  14.000    0.01184    2.17    2.37    2.87
17-07-2024 07:58:36.52  172.88   0.261  27.642   32.770   88.0  10.20  14.000    0.03035    2.23    2.58    3.35
17-07-2024 07:58:36.76  172.92   0.260  27.643   32.771   88.0  10.20  14.000    0.03775    1.79    1.73    3.30
17-07-2024 07:58:37.01  173.03   0.260  27.644   32.772   88.0  10.20  14.000    0.02591    2.35    1.99    3.22
17-07-2024 07:58:37.25  173.12   0.260  27.644   32.772   88.0  10.20  14.000    0.01702    1.75    2.59    3.05
17-07-2024 07:58:37.50  173.23   0.261  27.644   32.772   88.0  10.20  14.000    0.02443    2.03    2.27    3.04
17-07-2024 07:58:37.74  173.30   0.261  27.645   32.773   88.0  10.19  14.000    0.03405    2.03    2.27    3.04
17-07-2024 07:58:37.99  173.38   0.262  27.645   32.772   88.0  10.19  14.000    0.01184    1.99    2.21    3.31
17-07-2024 07:58:38.23  173.44   0.262  27.646   32.773   88.0  10.20  14.000    0.03701    2.03    2.70    3.06
17-07-2024 07:58:38.48  173.55   0.263  27.646   32.772   88.0  10.19  14.000    0.02072    1.67    2.43    3.12
17-07-2024 07:58:38.72  173.64   0.263  27.647   32.772   88.0  10.19  14.000    0.03035    2.07    2.62    3.29
17-07-2024 07:58:38.97  173.69   0.263  27.647   32.773   88.0  10.19  14.000    0.02294    1.84    2.31    3.09
17-07-2024 07:58:39.21  173.79   0.265  27.648   32.772   88.0  10.19  14.000    0.01776    2.13    1.84    2.92
17-07-2024 07:58:39.46  173.88   0.264  27.648   32.774   88.0  10.19  14.000    0.03035    2.13    1.84    2.92
17-07-2024 07:58:39.71  173.97   0.264  27.649   32.774   88.0  10.19  14.000    0.04737    1.96    2.45    2.99
17-07-2024 07:58:39.96  174.08   0.264  27.649   32.775   88.0  10.19  14.000    0.03701    1.92    2.27    2.94
17-07-2024 07:58:40.21  174.17   0.265  27.650   32.774   88.0  10.19  14.000    0.02220    2.17    1.96    3.03
17-07-2024 07:58:40.45  174.22   0.266  27.651   32.775   88.0  10.19  14.000    0.03257    2.42    2.08    2.88
17-07-2024 07:58:40.70  174.33   0.266  27.651   32.774   88.0  10.19  14.000    0.03553    1.93    2.86    2.98
17-07-2024 07:58:40.94  174.41   0.267  27.652   32.775   88.0  10.19  14.000    0.01554    2.03    1.78    3.09
17-07-2024 07:58:41.19  174.51   0.267  27.651   32.774   88.0  10.19  14.000    0.02517    2.03    1.78    3.09
17-07-2024 07:58:41.43  174.58   0.267  27.652   32.775   88.0  10.19  14.000    0.02072    2.29    2.08    3.23
17-07-2024 07:58:41.68  174.65   0.267  27.652   32.775   87.9  10.19  14.000    0.02517    2.09    1.90    3.14
17-07-2024 07:58:41.92  174.74   0.268  27.653   32.775   87.9  10.18  14.000    0.03479    2.25    2.20    3.26
17-07-2024 07:58:42.17  174.83   0.267  27.653   32.775   87.9  10.18  14.000    0.03109    1.99    2.09    2.97
17-07-2024 07:58:42.41  174.90   0.268  27.653   32.775   87.9  10.19  14.000    0.03035    2.14    2.44    2.91
17-07-2024 07:58:42.66  175.02   0.268  27.653   32.775   87.9  10.19  14.000    0.03701    2.07    2.23    2.91
17-07-2024 07:58:42.90  175.09   0.268  27.653   32.775   87.9  10.18  14.000    0.03701    2.07    2.23    2.91
17-07-2024 07:58:43.15  175.17   0.269  27.655   32.777   87.9  10.18  14.000    0.03479    2.11    2.71    3.13
17-07-2024 07:58:43.40  175.24   0.269  27.655   32.777   87.9  10.18  14.000    0.04293    1.95    2.12    3.29
17-07-2024 07:58:43.65  175.32   0.270  27.656   32.777   87.9  10.18  14.000    0.01998    1.97    2.39    3.08
17-07-2024 07:58:43.89  175.42   0.270  27.657   32.778   87.9  10.18  14.000    0.02961    2.26    2.36    3.19
17-07-2024 07:58:44.14  175.51   0.270  27.657   32.777   87.9  10.18  14.000    0.02665    1.80    2.39    2.70
17-07-2024 07:58:44.38  175.60   0.271  27.657   32.777   87.9  10.18  14.000    0.03331    2.13    2.32    3.03
17-07-2024 07:58:44.63  175.67   0.271  27.658   32.777   87.9  10.18  14.000    0.01850    2.13    2.32    3.03
17-07-2024 07:58:44.87  175.76   0.273  27.662   32.781   87.9  10.18  14.000    0.02072    2.00    2.09    3.50
17-07-2024 07:58:45.12  175.86   0.276  27.664   32.781   87.9  10.18  14.000    0.04071    2.14    2.30    3.14
17-07-2024 07:58:45.36  175.94   0.277  27.666   32.781   87.9  10.17  14.000    0.01036    1.85    2.23    2.86
17-07-2024 07:58:45.61  176.05   0.279  27.666   32.780   87.9  10.18  14.000    0.01998    2.12    2.71    2.93
17-07-2024 07:58:45.86  176.12   0.279  27.668   32.782   87.9  10.17  14.000    0.03331    1.98    1.89    2.95
17-07-2024 07:58:46.10  176.23   0.280  27.669   32.782   87.9  10.17  14.000    0.01554    1.98    2.38    2.99
17-07-2024 07:58:46.34  176.26   0.281  27.670   32.782   87.8  10.17  14.000    0.02294    1.98    2.38    2.99
17-07-2024 07:58:46.59  176.38   0.282  27.670   32.782   87.9  10.17  14.000    0.02146    1.99    2.54    2.99
17-07-2024 07:58:46.84  176.46   0.283  27.672   32.783   87.9  10.17  14.000    0.02220    2.09    1.96    3.27
17-07-2024 07:58:47.09  176.54   0.284  27.673   32.783   87.9  10.17  14.000    0.03627    2.05    2.16    3.20
17-07-2024 07:58:47.34  176.64   0.285  27.672   32.781   87.8  10.17  14.000    0.02294    2.20    2.45    3.22
17-07-2024 07:58:47.58  176.73   0.285  27.674   32.783   87.9  10.17  14.000    0.03331    1.78    2.08    3.20
17-07-2024 07:58:47.83  176.81   0.286  27.675   32.783   87.9  10.17  14.000    0.03775    2.11    2.24    3.04
17-07-2024 07:58:48.07  176.87   0.285  27.675   32.784   87.8  10.17  14.000    0.02368    2.11    2.24    3.04
17-07-2024 07:58:48.32  176.98   0.286  27.676   32.785   87.8  10.17  14.000    0.03997    1.94    2.49    2.94
17-07-2024 07:58:48.56  177.09   0.287  27.677   32.785   87.8  10.17  14.000    0.02591    2.32    2.32    3.50
17-07-2024 07:58:48.81  177.15   0.288  27.679   32.786   87.8  10.17  14.000    0.01998    2.05    2.09    3.26
17-07-2024 07:58:49.05  177.24   0.288  27.679   32.786   87.8  10.16  14.000    0.02072    1.81    2.01    2.93
17-07-2024 07:58:49.30  177.29   0.289  27.680   32.786   87.8  10.16  14.000    0.02368    1.76    2.39    3.10
17-07-2024 07:58:49.54  177.42   0.290  27.682   32.787   87.8  10.16  14.000    0.03109    2.13    2.60    3.19
17-07-2024 07:58:49.79  177.51   0.291  27.682   32.786   87.8  10.16  14.000    0.03109    2.13    2.60    3.19
17-07-2024 07:58:50.03  177.58   0.291  27.683   32.789   87.8  10.16  14.000    0.02368    2.21    2.39    3.50
17-07-2024 07:58:50.28  177.66   0.291  27.683   32.788   87.8  10.16  14.000    0.02072    2.43    2.07    2.87
17-07-2024 07:58:50.53  177.76   0.292  27.684   32.788   87.8  10.16  14.000    0.02813    2.07    1.48    3.05
17-07-2024 07:58:50.77  177.86   0.292  27.684   32.788   87.8  10.16  14.000    0.04071    2.15    2.02    3.45
17-07-2024 07:58:51.02  177.92   0.292  27.685   32.789   87.8  10.16  14.000    0.02368    2.15    2.45    3.45
17-07-2024 07:58:51.27  178.04   0.293  27.685   32.788   87.8  10.16  14.000    0.02813    2.04    2.32    3.02
17-07-2024 07:58:51.51  178.12   0.294  27.685   32.787   87.8  10.16  14.000    0.03479    2.04    2.32    3.02
17-07-2024 07:58:51.76  178.18   0.294  27.687   32.789   87.8  10.16  14.000    0.02887    1.92    1.82    3.11
17-07-2024 07:58:52.00  178.27   0.295  27.688   32.790   87.7  10.15  14.000    0.03331    1.89    2.19    3.35
17-07-2024 07:58:52.25  178.36   0.295  27.687   32.789   87.8  10.16  14.000    0.03553    1.85    2.18    3.37
17-07-2024 07:58:52.49  178.45   0.294  27.687   32.789   87.7  10.15  14.000    0.03035    2.38    2.68    3.11
17-07-2024 07:58:52.74  178.56   0.295  27.687   32.789   87.7  10.15  14.000    0.03331    1.89    2.61    3.02
17-07-2024 07:58:52.98  178.62   0.295  27.687   32.789   87.7  10.15  14.000    0.03405    2.19    2.75    3.06
17-07-2024 07:58:53.23  178.71   0.295  27.687   32.788   87.7  10.15  14.000    0.02220    2.19    2.75    3.06
17-07-2024 07:58:53.47  178.80   0.295  27.686   32.787   87.7  10.15  14.000    0.02813    2.12    2.44    3.31
17-07-2024 07:58:53.72  178.86   0.295  27.688   32.789   87.7  10.15  14.000    0.02739    2.14    2.17    3.44
17-07-2024 07:58:53.96  178.99   0.295  27.688   32.789   87.7  10.15  14.000    0.03183    1.90    2.34    3.20
17-07-2024 07:58:54.22  179.05   0.294  27.687   32.789   87.7  10.15  14.000    0.03627    2.09    2.47    2.97
17-07-2024 07:58:54.46  179.14   0.295  27.688   32.789   87.7  10.14  14.000    0.02294    2.01    1.99    2.71
17-07-2024 07:58:54.71  179.22   0.295  27.687   32.788   87.7  10.14  14.000    0.03109    2.28    2.25    2.89
17-07-2024 07:58:54.95  179.31   0.295  27.687   32.788   87.7  10.15  14.000    0.03627    2.28    2.25    2.89
17-07-2024 07:58:55.20  179.39   0.295  27.688   32.789   87.6  10.14  14.000    0.03035    2.42    2.38    3.06
17-07-2024 07:58:55.44  179.48   0.295  27.688   32.790   87.7  10.14  14.000    0.02443    1.92    2.61    3.17
17-07-2024 07:58:55.69  179.59   0.295  27.688   32.789   87.6  10.14  14.000    0.03553    2.12    2.47    2.92
17-07-2024 07:58:55.94  179.65   0.295  27.688   32.789   87.6  10.14  14.000    0.02591    1.97    2.16    3.02
17-07-2024 07:58:56.18  179.73   0.295  27.688   32.789   87.6  10.14  14.000    0.02591    2.15    2.51    3.00
17-07-2024 07:58:56.42  179.80   0.295  27.688   32.789   87.6  10.14  14.000    0.01702    2.09    2.13    3.13
17-07-2024 07:58:56.67  179.91   0.295  27.688   32.789   87.6  10.14  14.000    0.00814    2.09    2.13    3.13
17-07-2024 07:58:56.91  179.95   0.295  27.688   32.789   87.6  10.14  14.000    0.02220    2.05    2.07    3.09
17-07-2024 07:58:57.16  180.04   0.296  27.688   32.789   87.6  10.14  14.000    0.01850    1.90    2.01    3.05
17-07-2024 07:58:57.41  180.13   0.295  27.689   32.790   87.6  10.14  14.000    0.03257    2.10    2.40    3.13
17-07-2024 07:58:57.65  180.20   0.296  27.690   32.790   87.6  10.13  14.000    0.04441    1.90    2.34    3.44
17-07-2024 07:58:57.90  180.31   0.296  27.689   32.789   87.6  10.13  14.000    0.01998    2.33    1.90    3.10
17-07-2024 07:58:58.16  180.38   0.296  27.691   32.792   87.6  10.13  14.000    0.02739    2.34    2.35    3.35
17-07-2024 07:58:58.40  180.47   0.297  27.691   32.791   87.6  10.13  14.000    0.01110    2.34    2.35    3.35
17-07-2024 07:58:58.64  180.56   0.297  27.691   32.791   87.6  10.13  14.000    0.02368    1.86    1.91    3.34
17-07-2024 07:58:58.89  180.66   0.298  27.693   32.792   87.5  10.13  14.000    0.02072    2.06    2.15    2.90
17-07-2024 07:58:59.13  180.71   0.298  27.694   32.793   87.5  10.13  14.000    0.00592    1.79    2.22    2.94
17-07-2024 07:58:59.38  180.80   0.299  27.693   32.791   87.5  10.13  14.000    0.02368    2.23    2.08    3.45
17-07-2024 07:58:59.62  180.88   0.299  27.695   32.793   87.5  10.13  14.000    0.02220    2.26    2.22    3.16
17-07-2024 07:58:59.87  180.96   0.300  27.694   32.791   87.5  10.13  14.000    0.01628    2.25    2.50    3.05
17-07-2024 07:59:00.11  181.06   0.300  27.694   32.791   87.5  10.13  14.000    0.00074    2.25    2.50    3.05
17-07-2024 07:59:00.36  181.13   0.300  27.696   32.793   87.5  10.12  14.000    0.02887    1.88    2.60    3.01
17-07-2024 07:59:00.60  181.23   0.301  27.696   32.792   87.5  10.12  14.000    0.01998    2.00    1.99    3.05
17-07-2024 07:59:00.85  181.32   0.301  27.696   32.793   87.5  10.12  14.000    0.02517    2.01    2.11    3.05
17-07-2024 07:59:01.09  181.41   0.302  27.697   32.792   87.5  10.12  14.000    0.03331    1.99    2.29    3.06
17-07-2024 07:59:01.34  181.48   0.302  27.696   32.791   87.5  10.12  14.000    0.01036    2.09    2.16    2.95
17-07-2024 07:59:01.59  181.56   0.302  27.698   32.794   87.5  10.12  14.000    0.03627    2.52    2.05    3.20
17-07-2024 07:59:01.84  181.63   0.302  27.697   32.792   87.5  10.12  14.000    0.02220    2.52    2.05    3.20
17-07-2024 07:59:02.09  181.72   0.302  27.697   32.792   87.5  10.12  14.000    0.02368    1.80    2.23    2.99
17-07-2024 07:59:02.33  181.82   0.302  27.697   32.793   87.5  10.12  14.000    0.01628    2.17    2.29    2.99
17-07-2024 07:59:02.58  181.89   0.302  27.697   32.793   87.5  10.12  14.000    0.01258    2.07    2.14    3.42
17-07-2024 07:59:02.82  181.96   0.302  27.698   32.793   87.5  10.12  14.000    0.02887    1.85    2.25    3.35
17-07-2024 07:59:03.07  182.03   0.301  27.696   32.791   87.5  10.12  14.000    0.01258    2.16    2.14    3.09
17-07-2024 07:59:03.31  182.13   0.301  27.697   32.793   87.4  10.11  14.000    0.02887    2.32    2.26    2.85
17-07-2024 07:59:03.55  182.21   0.301  27.696   32.792   87.4  10.12  14.000    0.01258    2.32    2.26    2.85
17-07-2024 07:59:03.80  182.29   0.301  27.697   32.793   87.4  10.12  14.000    0.01110    2.08    2.37    3.35
17-07-2024 07:59:04.05  182.36   0.302  27.697   32.793   87.4  10.11  14.000    0.01850    2.14    2.29    2.78
17-07-2024 07:59:04.29  182.45   0.301  27.697   32.793   87.4  10.12  14.000    0.02813    2.21    2.51    3.37
17-07-2024 07:59:04.53  182.56   0.302  27.696   32.791   87.4  10.11  14.000    0.03405    2.42    2.46    3.03
17-07-2024 07:59:04.78  182.62   0.301  27.697   32.793   87.4  10.12  14.000    0.02146    2.32    1.95    3.10
17-07-2024 07:59:05.03  182.70   0.301  27.697   32.793   87.4  10.11  14.000    0.01184    2.04    2.22    3.07
17-07-2024 07:59:05.28  182.77   0.301  27.697   32.793   87.4  10.11  14.000    0.03183    2.04    2.22    3.07
17-07-2024 07:59:05.52  182.88   0.302  27.698   32.793   87.4  10.11  14.000    0.02739    1.91    2.31    3.09
17-07-2024 07:59:05.77  182.95   0.302  27.697   32.792   87.4  10.11  14.000    0.00814    2.25    2.45    3.28
17-07-2024 07:59:06.02  183.05   0.302  27.697   32.792   87.4  10.11  14.000    0.03997    2.29    2.01    2.83
17-07-2024 07:59:06.26  183.16   0.302  27.698   32.793   87.4  10.11  14.000    0.03109    2.10    2.47    2.98
17-07-2024 07:59:06.51  183.19   0.302  27.699   32.794   87.4  10.11  14.000    0.01924    1.99    1.82    2.63
17-07-2024 07:59:06.75  183.30   0.302  27.699   32.793   87.4  10.11  14.000    0.04959    2.16    2.20    3.02
17-07-2024 07:59:07.00  183.40   0.303  27.699   32.793   87.4  10.11  14.000    0.02813    2.16    2.20    3.02
17-07-2024 07:59:07.24  183.46   0.303  27.699   32.792   87.4  10.11  14.000    0.02591    1.95    2.22    3.07
17-07-2024 07:59:07.49  183.57   0.303  27.700   32.794   87.4  10.11  14.000    0.01554    2.21    1.95    3.23
17-07-2024 07:59:07.73  183.63   0.304  27.700   32.794   87.3  10.11  14.000    0.02443    2.22    1.92    2.99
17-07-2024 07:59:07.98  183.72   0.304  27.700   32.794   87.4  10.11  14.000    0.02591    1.91    2.16    3.10
17-07-2024 07:59:08.22  183.82   0.304  27.701   32.793   87.4  10.11  14.000    0.02739    2.26    2.42    3.24
17-07-2024 07:59:08.47  183.89   0.305  27.702   32.795   87.3  10.10  14.000    0.01776    2.26    2.42    3.24
17-07-2024 07:59:08.71  183.98   0.305  27.702   32.794   87.3  10.10  14.000    0.02220    2.17    1.96    2.93
17-07-2024 07:59:08.97  184.06   0.306  27.703   32.794   87.3  10.10  14.000    0.01406    1.93    2.42    3.40
17-07-2024 07:59:09.22  184.13   0.307  27.704   32.795   87.3  10.10  14.000    0.01850    2.06    2.06    3.20
17-07-2024 07:59:09.46  184.22   0.307  27.705   32.796   87.3  10.10  14.000    0.02739    2.08    2.55    3.09
17-07-2024 07:59:09.71  184.31   0.308  27.705   32.794   87.3  10.10  14.000    0.01258    2.10    2.06    3.14
17-07-2024 07:59:09.95  184.41   0.308  27.705   32.795   87.3  10.10  14.000    0.02813    2.29    2.90    3.26
17-07-2024 07:59:10.20  184.48   0.308  27.705   32.795   87.3  10.10  14.000    0.01924    1.98    2.46    3.34
17-07-2024 07:59:10.44  184.55   0.308  27.706   32.797   87.3  10.10  14.000    0.00666    1.98    2.46    3.34
17-07-2024 07:59:10.69  184.65   0.308  27.706   32.796   87.3  10.10  14.000    0.02220    2.18    2.41    3.05
17-07-2024 07:59:10.93  184.74   0.308  27.706   32.795   87.3  10.10  14.000    0.01332    2.02    2.50    3.08
17-07-2024 07:59:11.18  184.81   0.308  27.705   32.795   87.3  10.10  14.000    0.03257    2.30    2.21    3.30
17-07-2024 07:59:11.42  184.90   0.308  27.705   32.795   87.3  10.10  14.000    0.01702    2.33    2.44    3.17
17-07-2024 07:59:11.67  184.97   0.308  27.706   32.795   87.3  10.10  14.000    0.01480    1.94    2.42    2.73
17-07-2024 07:59:11.91  185.04   0.308  27.705   32.795   87.3  10.10  14.000    0.02517    1.94    2.42    2.73
17-07-2024 07:59:12.16  185.17   0.308  27.707   32.796   87.3  10.09  14.000    0.02665    2.39    1.85    3.16
17-07-2024 07:59:12.40  185.25   0.308  27.706   32.796   87.3  10.10  14.000    0.02368    2.09    2.31    3.20
17-07-2024 07:59:12.65  185.31   0.309  27.707   32.796   87.3  10.09  14.000    0.02443    2.07    2.23    3.37
17-07-2024 07:59:12.90  185.41   0.309  27.706   32.794   87.3  10.09  14.000    0.03331    2.04    2.18    3.10
17-07-2024 07:59:13.15  185.48   0.308  27.707   32.796   87.3  10.09  14.000    0.00740    1.84    2.12    3.47
17-07-2024 07:59:13.39  185.56   0.309  27.707   32.796   87.3  10.09  14.000    0.01998    2.18    2.36    3.08
17-07-2024 07:59:13.64  185.65   0.309  27.707   32.796   87.3  10.09  14.000    0.02887    1.96    2.22    3.15
17-07-2024 07:59:13.88  185.74   0.309  27.707   32.796   87.3  10.09  14.000    0.03257    1.96    2.22    3.15
17-07-2024 07:59:14.13  185.83   0.309  27.707   32.796   87.2  10.09  14.000    0.02887    1.89    2.62    3.45
17-07-2024 07:59:14.37  185.92   0.309  27.708   32.796   87.2  10.09  14.000    0.02517    1.71    2.40    3.44
17-07-2024 07:59:14.62  185.99   0.308  27.707   32.796   87.2  10.09  14.000    0.03479    2.22    2.46    3.00
17-07-2024 07:59:14.86  186.07   0.309  27.707   32.796   87.2  10.09  14.000    0.01702    2.04    1.66    2.89
17-07-2024 07:59:15.11  186.18   0.309  27.708   32.796   87.2  10.09  14.000    0.02665    1.99    2.16    3.04
17-07-2024 07:59:15.35  186.23   0.309  27.707   32.795   87.2  10.09  14.000    0.03035    1.99    2.16    3.04
17-07-2024 07:59:15.60  186.34   0.309  27.708   32.795   87.2  10.09  14.000    0.02294    1.91    2.37    3.22
17-07-2024 07:59:15.84  186.45   0.309  27.708   32.797   87.2  10.09  14.000    0.02443    2.05    2.30    2.90
17-07-2024 07:59:16.09  186.52   0.309  27.707   32.795   87.2  10.09  14.000    0.02739    2.45    1.98    3.13
17-07-2024 07:59:16.34  186.58   0.309  27.707   32.796   87.2  10.09  14.000    0.02739    1.94    2.04    2.89
17-07-2024 07:59:16.59  186.70   0.308  27.708   32.796   87.2  10.09  14.000    0.02517    2.20    1.88    3.40
17-07-2024 07:59:16.84  186.77   0.309  27.708   32.796   87.2  10.09  14.000    0.01924    1.97    2.25    3.04
17-07-2024 07:59:17.08  186.86   0.309  27.708   32.797   87.2  10.09  14.000    0.03405    1.97    2.25    3.04
17-07-2024 07:59:17.33  186.95   0.309  27.707   32.795   87.2  10.09  14.000    0.01628    1.74    2.43    3.11
17-07-2024 07:59:17.57  187.02   0.308  27.707   32.796   87.2  10.09  14.000    0.04071    2.14    2.12    3.35
17-07-2024 07:59:17.82  187.09   0.309  27.708   32.796   87.2  10.09  14.000    0.03923    1.79    2.27    3.42
17-07-2024 07:59:18.06  187.17   0.309  27.708   32.796   87.2  10.09  14.000    0.03109    2.00    2.31    3.30
17-07-2024 07:59:18.31  187.28   0.309  27.708   32.796   87.2  10.09  14.000    0.01184    2.18    2.30    3.21
17-07-2024 07:59:18.55  187.34   0.309  27.707   32.795   87.2  10.08  14.000    0.01702    1.96    2.56    3.20
17-07-2024 07:59:18.79  187.42   0.309  27.708   32.796   87.2  10.09  14.000    0.01332    1.96    2.56    3.20
17-07-2024 07:59:19.04  187.52   0.310  27.712   32.799   87.2  10.08  14.000    0.01998    2.08    2.32    3.01
17-07-2024 07:59:19.29  187.60   0.312  27.713   32.799   87.2  10.08  14.000    0.02146    2.23    2.60    2.97
17-07-2024 07:59:19.53  187.68   0.314  27.714   32.799   87.2  10.08  14.000    0.00518    2.05    2.40    3.01
17-07-2024 07:59:19.78  187.78   0.314  27.715   32.800   87.2  10.08  14.000    0.02368    2.04    2.37    2.89
17-07-2024 07:59:20.03  187.86   0.315  27.716   32.800   87.2  10.08  14.000    0.01850    1.99    2.16    3.62
17-07-2024 07:59:20.27  187.94   0.316  27.717   32.800   87.2  10.08  14.000    0.01406    2.53    2.20    3.10
17-07-2024 07:59:20.52  188.04   0.317  27.717   32.799   87.2  10.08  14.000    0.03405    2.53    2.20    3.10
17-07-2024 07:59:20.77  188.10   0.316  27.718   32.801   87.2  10.08  14.000    0.01776    2.08    2.79    2.85
17-07-2024 07:59:21.01  188.18   0.317  27.717   32.800   87.2  10.08  14.000    0.03035    2.07    2.26    3.43
17-07-2024 07:59:21.26  188.26   0.317  27.718   32.800   87.2  10.08  14.000    0.01110    2.13    2.46    2.90
17-07-2024 07:59:21.50  188.36   0.317  27.717   32.799   87.2  10.08  14.000    0.01332    2.17    2.43    3.00
17-07-2024 07:59:21.75  188.43   0.317  27.719   32.800   87.2  10.08  14.000    0.01554    1.79    2.25    3.07
17-07-2024 07:59:21.99  188.52   0.317  27.718   32.799   87.2  10.08  14.000    0.00962    1.94    2.58    3.31
17-07-2024 07:59:22.23  188.63   0.317  27.719   32.801   87.2  10.08  14.000    0.02665    1.94    2.58    3.31
17-07-2024 07:59:22.48  188.69   0.317  27.719   32.800   87.2  10.08  14.000    0.02294    2.12    2.50    3.23
17-07-2024 07:59:22.73  188.79   0.318  27.719   32.800   87.2  10.08  14.000    0.02517    2.10    2.62    3.23
17-07-2024 07:59:22.97  188.88   0.317  27.720   32.802   87.2  10.08  14.000    0.02517    2.03    2.15    3.40
17-07-2024 07:59:23.22  188.95   0.317  27.720   32.802   87.2  10.08  14.000    0.02443    2.16    2.06    3.04
17-07-2024 07:59:23.46  189.04   0.318  27.720   32.801   87.2  10.08  14.000    0.02443    2.24    1.71    3.23
17-07-2024 07:59:23.72  189.14   0.318  27.720   32.801   87.2  10.08  14.000    0.00888    1.91    2.33    3.06
17-07-2024 07:59:23.96  189.22   0.319  27.721   32.802   87.1  10.08  14.000    0.01554    1.91    2.33    3.06
17-07-2024 07:59:24.21  189.30   0.318  27.721   32.801   87.1  10.08  14.000    0.02294    1.87    2.21    2.92
17-07-2024 07:59:24.46  189.39   0.319  27.722   32.802   87.1  10.08  14.000    0.03405    2.14    2.20    3.10
17-07-2024 07:59:24.70  189.47   0.319  27.722   32.802   87.1  10.08  14.000    0.01036    2.10    2.23    3.00
17-07-2024 07:59:24.95  189.54   0.319  27.722   32.802   87.1  10.07  14.000    0.01924    1.92    2.80    3.09
17-07-2024 07:59:25.19  189.63   0.320  27.722   32.801   87.1  10.08  14.000    0.02665    2.23    2.70    2.76
17-07-2024 07:59:25.44  189.72   0.320  27.723   32.803   87.1  10.08  14.000    0.01406    1.98    2.94    3.12
17-07-2024 07:59:25.68  189.81   0.320  27.723   32.802   87.1  10.08  14.000    0.01628    1.98    2.94    3.12
17-07-2024 07:59:25.93  189.88   0.320  27.723   32.802   87.1  10.08  14.000    0.01628    2.11    2.44    3.32
17-07-2024 07:59:26.17  189.94   0.321  27.725   32.803   87.1  10.07  14.000    0.00740    1.94    2.36    2.92
17-07-2024 07:59:26.42  190.05   0.321  27.724   32.803   87.1  10.07  14.000    0.03923    2.18    2.46    3.48
17-07-2024 07:59:26.66  190.14   0.321  27.725   32.804   87.1  10.07  14.000    0.02072    2.03    2.68    3.24
17-07-2024 07:59:26.91  190.21   0.322  27.726   32.804   87.1  10.07  14.000    0.01702    1.81    2.51    3.01
17-07-2024 07:59:27.15  190.29   0.322  27.726   32.803   87.1  10.07  14.000    0.01702    2.27    2.47    3.24
17-07-2024 07:59:27.40  190.38   0.322  27.726   32.804   87.1  10.07  14.000    0.01998    2.27    2.47    3.24
17-07-2024 07:59:27.65  190.47   0.323  27.726   32.803   87.1  10.07  14.000    0.01850    2.14    2.14    3.51
17-07-2024 07:59:27.90  190.58   0.323  27.728   32.805   87.1  10.07  14.000    0.02591    2.38    2.00    3.33
17-07-2024 07:59:28.14  190.64   0.324  27.728   32.805   87.1  10.07  14.000    0.01110    1.92    2.29    3.40
17-07-2024 07:59:28.39  190.72   0.324  27.729   32.805   87.1  10.07  14.000    0.01406    2.13    2.22    3.12
17-07-2024 07:59:28.63  190.81   0.324  27.729   32.805   87.1  10.07  14.000    0.00592    2.12    2.80    2.99
17-07-2024 07:59:28.88  190.89   0.325  27.729   32.804   87.1  10.07  14.000    0.02146    2.10    2.17    3.33
17-07-2024 07:59:29.12  190.97   0.325  27.729   32.804   87.1  10.07  14.000    0.00814    2.10    2.17    3.33
17-07-2024 07:59:29.37  191.08   0.325  27.729   32.804   87.1  10.07  14.000    0.01332    1.95    2.13    3.14
17-07-2024 07:59:29.61  191.16   0.325  27.730   32.805   87.1  10.07  14.000    0.03035    1.99    1.89    3.18
17-07-2024 07:59:29.86  191.24   0.325  27.730   32.805   87.1  10.07  14.000    0.02072    2.09    2.24    2.91
17-07-2024 07:59:30.10  191.30   0.326  27.731   32.806   87.1  10.07  14.000    0.02887    2.03    2.42    3.23
17-07-2024 07:59:30.35  191.41   0.326  27.731   32.805   87.1  10.07  14.000    0.04071    1.76    2.27    3.30
17-07-2024 07:59:30.59  191.47   0.326  27.731   32.805   87.0  10.06  14.000    0.02517    1.80    2.36    3.12
17-07-2024 07:59:30.84  191.57   0.327  27.731   32.804   87.1  10.06  14.000    0.01406    1.80    2.36    3.12
17-07-2024 07:59:31.10  191.62   0.326  27.732   32.806   87.0  10.06  14.000    0.01776    1.87    1.91    3.37
17-07-2024 07:59:31.34  191.72   0.327  27.731   32.804   87.0  10.06  14.000    0.02146    1.93    2.83    3.05
17-07-2024 07:59:31.59  191.79   0.327  27.732   32.806   87.1  10.06  14.000    0.02146    2.21    2.07    3.16
17-07-2024 07:59:31.83  191.91   0.327  27.733   32.807   87.0  10.06  14.000    0.01924    2.15    2.14    3.05
17-07-2024 07:59:32.08  191.97   0.327  27.734   32.808   87.0  10.06  14.000    0.02443    1.96    2.17    3.13
17-07-2024 07:59:32.32  192.06   0.328  27.734   32.806   87.0  10.06  14.000    0.02813    2.15    2.36    2.86
17-07-2024 07:59:32.57  192.13   0.329  27.736   32.808   87.0  10.06  14.000    0.00296    2.15    2.36    2.86
17-07-2024 07:59:32.81  192.18   0.329  27.736   32.808   87.0  10.06  14.000    0.03331    2.53    2.30    3.33
17-07-2024 07:59:33.06  192.27   0.330  27.735   32.807   87.0  10.06  14.000    0.02072    1.93    2.48    3.03
17-07-2024 07:59:33.30  192.36   0.330  27.736   32.807   87.0  10.06  14.000    0.02887    2.30    2.18    3.53
17-07-2024 07:59:33.55  192.43   0.330  27.736   32.807   87.0  10.06  14.000    0.02961    1.80    2.73    3.10
17-07-2024 07:59:33.79  192.51   0.330  27.736   32.807   87.0  10.06  14.000    0.01998    2.33    1.67    3.18
17-07-2024 07:59:34.04  192.61   0.331  27.737   32.808   87.0  10.06  14.000    0.00222    2.18    2.17    2.60
17-07-2024 07:59:34.28  192.68   0.331  27.738   32.808   87.0  10.05  14.000    0.02591    2.18    2.17    2.60
17-07-2024 07:59:34.53  192.76   0.331  27.739   32.809   87.0  10.06  14.000    0.00962    1.91    2.19    3.13
17-07-2024 07:59:34.78  192.85   0.331  27.738   32.808   87.0  10.05  14.000    0.02368    2.16    2.14    3.00
17-07-2024 07:59:35.03  192.95   0.332  27.738   32.808   86.9  10.05  14.000    0.02887    2.14    2.17    3.43
17-07-2024 07:59:35.28  193.02   0.332  27.740   32.809   87.0  10.05  14.000    0.00148    2.14    1.87    2.72
17-07-2024 07:59:35.52  193.11   0.332  27.739   32.808   87.0  10.05  14.000    0.02739    2.34    2.57    2.79
17-07-2024 07:59:35.77  193.19   0.332  27.738   32.807   87.0  10.05  14.000    0.01998    2.28    1.69    3.46
17-07-2024 07:59:36.01  193.29   0.332  27.740   32.809   86.9  10.05  14.000    0.02294    2.28    1.69    3.46
17-07-2024 07:59:36.26  193.35   0.333  27.739   32.808   86.9  10.05  14.000    0.02294    2.30    2.21    3.04
17-07-2024 07:59:36.50  193.45   0.333  27.739   32.808   86.9  10.05  14.000    0.01998    2.24    2.24    3.26
17-07-2024 07:59:36.75  193.54   0.333  27.740   32.809   86.9  10.05  14.000    0.02220    1.60    2.37    3.20
17-07-2024 07:59:36.99  193.63   0.333  27.740   32.809   86.9  10.05  14.000    0.01480    1.93    2.43    3.13
17-07-2024 07:59:37.24  193.69   0.333  27.740   32.809   86.9  10.05  14.000    0.01702    2.10    2.53    3.19
17-07-2024 07:59:37.48  193.78   0.333  27.741   32.810   86.9  10.05  14.000    0.02072    2.15    2.06    2.98
17-07-2024 07:59:37.72  193.88   0.333  27.741   32.810   86.9  10.05  14.000    0.02591    2.15    2.06    2.98
17-07-2024 07:59:37.97  193.96   0.334  27.742   32.810   86.9  10.05  14.000    0.02368    1.99    2.69    3.16
17-07-2024 07:59:38.22  194.02   0.334  27.742   32.809   86.9  10.04  14.000    0.00222    1.78    2.20    3.49
17-07-2024 07:59:38.47  194.10   0.335  27.743   32.810   86.9  10.04  14.000    0.01702    2.26    2.29    3.22
17-07-2024 07:59:38.71  194.19   0.335  27.742   32.808   86.9  10.04  14.000    0.02220    2.23    2.50    3.18
17-07-2024 07:59:38.96  194.29   0.335  27.743   32.810   86.9  10.04  14.000    0.03035    2.11    2.58    3.00
17-07-2024 07:59:39.21  194.37   0.335  27.743   32.810   86.9  10.04  14.000    0.03553    2.20    2.41    3.33
17-07-2024 07:59:39.45  194.46   0.335  27.743   32.810   86.9  10.04  14.000    0.03035    2.20    2.41    3.33
17-07-2024 07:59:39.70  194.54   0.335  27.744   32.810   86.9  10.04  14.000    0.01924    2.07    2.77    3.22
17-07-2024 07:59:39.94  194.63   0.336  27.745   32.811   86.9  10.04  14.000    0.02813    1.74    2.11    3.09
17-07-2024 07:59:40.19  194.71   0.335  27.745   32.811   86.9  10.04  14.000    0.01184    2.10    1.76    3.43
17-07-2024 07:59:40.43  194.78   0.336  27.744   32.810   86.8  10.04  14.000    0.03109    2.26    2.33    3.17
17-07-2024 07:59:40.68  194.86   0.336  27.745   32.810   86.9  10.04  14.000    0.01554    2.22    2.39    3.19
17-07-2024 07:59:40.92  194.92   0.336  27.745   32.811   86.8  10.04  14.000    0.02739    2.05    2.37    3.19
17-07-2024 07:59:41.16  195.01   0.337  27.747   32.812   86.8  10.04  14.000    0.04071    2.05    2.37    3.19
17-07-2024 07:59:41.41  195.10   0.337  27.746   32.811   86.8  10.04  14.000    0.01480    2.17    2.30    2.97
17-07-2024 07:59:41.66  195.19   0.338  27.747   32.812   86.8  10.04  14.000    0.01850    2.47    2.47    2.95
17-07-2024 07:59:41.90  195.28   0.338  27.747   32.812   86.8  10.03  14.000    0.00740    2.12    2.25    3.58
17-07-2024 07:59:42.16  195.35   0.338  27.747   32.811   86.8  10.04  14.000    0.01850    2.11    2.17    3.16
17-07-2024 07:59:42.40  195.44   0.338  27.748   32.812   86.8  10.04  14.000    0.02220    2.34    2.17    3.16
17-07-2024 07:59:42.65  195.54   0.338  27.748   32.812   86.8  10.03  14.000    0.01332    1.80    2.23    3.26
17-07-2024 07:59:42.89  195.60   0.339  27.747   32.811   86.8  10.03  14.000    0.02887    1.80    2.23    3.26
17-07-2024 07:59:43.14  195.68   0.339  27.748   32.811   86.8  10.03  14.000    0.01702    2.21    2.11    3.05
17-07-2024 07:59:43.39  195.79   0.339  27.749   32.812   86.8  10.03  14.000    0.01554    2.30    2.59    3.07
17-07-2024 07:59:43.63  195.85   0.339  27.749   32.813   86.8  10.03  14.000    0.02220    2.39    2.40    3.02
17-07-2024 07:59:43.88  195.93   0.340  27.749   32.811   86.8  10.03  14.000    0.01628    2.08    2.27    3.09
17-07-2024 07:59:44.12  196.02   0.340  27.750   32.813   86.8  10.03  14.000    0.01924    1.95    2.20    3.11
17-07-2024 07:59:44.37  196.11   0.341  27.750   32.812   86.8  10.03  14.000    0.03405    1.96    2.50    3.10
17-07-2024 07:59:44.61  196.20   0.341  27.751   32.812   86.8  10.03  14.000    0.02665    1.96    2.50    3.10
17-07-2024 07:59:44.86  196.27   0.341  27.751   32.813   86.8  10.03  14.000    0.02072    1.87    2.24    3.17
17-07-2024 07:59:45.10  196.35   0.341  27.751   32.813   86.8  10.03  14.000    0.02146    2.32    2.71    3.40
17-07-2024 07:59:45.35  196.43   0.341  27.752   32.813   86.8  10.03  14.000    0.02072    1.65    2.61    3.37
17-07-2024 07:59:45.59  196.52   0.342  27.751   32.812   86.8  10.03  14.000    0.03035    2.11    2.65    3.20
17-07-2024 07:59:45.84  196.60   0.342  27.753   32.814   86.8  10.03  14.000    0.01554    2.06    2.31    2.86
17-07-2024 07:59:46.09  196.68   0.342  27.753   32.814   86.8  10.03  14.000    0.02591    2.05    2.47    3.57
17-07-2024 07:59:46.34  196.78   0.342  27.753   32.814   86.8  10.03  14.000    0.01480    2.05    2.47    3.57
17-07-2024 07:59:46.58  196.87   0.343  27.753   32.813   86.7  10.02  14.000    0.00592    1.99    2.19    2.92
17-07-2024 07:59:46.83  196.94   0.343  27.754   32.814   86.7  10.02  14.000    0.03183    2.04    2.59    3.09
17-07-2024 07:59:47.07  197.00   0.344  27.755   32.814   86.7  10.02  14.000    0.02517    1.76    2.35    3.27
17-07-2024 07:59:47.32  197.07   0.344  27.755   32.814   86.7  10.02  14.000    0.01554    2.02    2.17    3.00
17-07-2024 07:59:47.56  197.16   0.344  27.755   32.814   86.7  10.02  14.000    0.01628    2.03    2.29    3.05
17-07-2024 07:59:47.81  197.25   0.344  27.755   32.815   86.7  10.02  14.000    0.03331    2.08    2.14    3.07
17-07-2024 07:59:48.05  197.32   0.345  27.757   32.816   86.7  10.02  14.000    0.02517    2.08    2.14    3.07
17-07-2024 07:59:48.30  197.41   0.345  27.756   32.814   86.7  10.02  14.000    0.01998    2.29    2.47    3.50
17-07-2024 07:59:48.54  197.50   0.346  27.758   32.816   86.7  10.02  14.000    0.00666    1.99    2.17    3.06
17-07-2024 07:59:48.79  197.57   0.346  27.758   32.816   86.7  10.02  14.000    0.02665    2.16    2.34    3.01
17-07-2024 07:59:49.03  197.63   0.347  27.758   32.815   86.7  10.02  14.000    0.01850    2.17    2.54    3.07
17-07-2024 07:59:49.28  197.74   0.347  27.759   32.816   86.7  10.02  14.000    0.01850    2.22    2.38    3.07
17-07-2024 07:59:49.53  197.82   0.347  27.760   32.817   86.7  10.01  14.000    0.01480    2.09    2.44    3.11
17-07-2024 07:59:49.77  197.88   0.347  27.759   32.816   86.6  10.01  14.000    0.00148    2.09    2.44    3.11
17-07-2024 07:59:50.02  197.98   0.348  27.759   32.815   86.7  10.01  14.000    0.00148    1.96    2.36    3.24
17-07-2024 07:59:50.27  198.10   0.347  27.759   32.816   86.6  10.01  14.000    0.00962    1.76    1.81    3.34
17-07-2024 07:59:50.51  198.15   0.347  27.759   32.816   86.7  10.01  14.000    0.00296    2.02    2.43    2.91
17-07-2024 07:59:50.76  198.24   0.348  27.760   32.816   86.7  10.01  14.000    0.01850    2.03    2.06    3.06
17-07-2024 07:59:51.00  198.34   0.348  27.761   32.817   86.7  10.01  14.000    0.02739    2.06    2.52    2.96
17-07-2024 07:59:51.25  198.40   0.348  27.761   32.816   86.7  10.01  14.000    0.02368    2.14    1.96    2.90
17-07-2024 07:59:51.49  198.50   0.349  27.761   32.817   86.7  10.01  14.000    0.01628    2.14    1.96    2.90
17-07-2024 07:59:51.74  198.55   0.348  27.761   32.817   86.7  10.01  14.000    0.02294    1.97    2.05    2.96
17-07-2024 07:59:51.98  198.65   0.348  27.761   32.817   86.6  10.01  14.000    0.02739    1.90    2.66    3.03
17-07-2024 07:59:52.23  198.74   0.349  27.763   32.818   86.7  10.01  14.000    0.03183    2.45    2.82    3.33
17-07-2024 07:59:52.47  198.83   0.350  27.763   32.817   86.6  10.01  14.000    0.01850    2.06    2.36    3.12
17-07-2024 07:59:52.72  198.88   0.350  27.764   32.818   86.6  10.01  14.000    0.01480    1.83    2.55    3.17
17-07-2024 07:59:52.96  198.99   0.351  27.764   32.817   86.6  10.01  14.000    0.00592    1.83    2.55    3.17
17-07-2024 07:59:53.22  199.07   0.351  27.764   32.818   86.6  10.01  14.000    0.02591    2.24    2.73    2.99
17-07-2024 07:59:53.46  199.15   0.352  27.764   32.817   86.6  10.00  14.000    0.01924    2.31    2.09    2.98
17-07-2024 07:59:53.71  199.22   0.351  27.764   32.817   86.6  10.01  14.000    0.01850    2.07    2.18    2.85
17-07-2024 07:59:53.96  199.29   0.352  27.765   32.817   86.6  10.01  14.000    0.01702    2.39    2.54    3.25
17-07-2024 07:59:54.20  199.38   0.351  27.766   32.819   86.6  10.01  14.000    0.00962    2.19    2.39    3.44
17-07-2024 07:59:54.45  199.47   0.352  27.765   32.818   86.6  10.01  14.000    0.03479    1.92    2.36    3.21
17-07-2024 07:59:54.69  199.56   0.352  27.765   32.818   86.6  10.01  14.000    0.00666    1.92    2.36    3.21
17-07-2024 07:59:54.94  199.64   0.353  27.766   32.818   86.6  10.00  14.000    0.00444    2.10    2.27    3.13
17-07-2024 07:59:55.18  199.72   0.353  27.766   32.818   86.6  10.00  14.000    0.01924    2.09    2.62    3.17
17-07-2024 07:59:55.43  199.80   0.354  27.768   32.819   86.6  10.00  14.000    0.01628    2.19    2.19    3.51
17-07-2024 07:59:55.67  199.88   0.354  27.768   32.820   86.6  10.01  14.000   -0.00222    2.09    2.60    3.45
17-07-2024 07:59:55.92  199.97   0.355  27.769   32.820   86.6  10.00  14.000    0.01702    2.34    2.35    3.03
17-07-2024 07:59:56.16  200.04   0.355  27.770   32.820   86.6  10.00  14.000    0.02665    2.01    2.52    3.33
17-07-2024 07:59:56.41  200.13   0.356  27.771   32.821   86.6  10.00  14.000    0.01776    2.01    2.52    3.33
17-07-2024 07:59:56.65  200.22   0.357  27.772   32.821   86.6  10.00  14.000    0.01480    2.15    2.32    3.14
17-07-2024 07:59:56.91  200.28   0.357  27.772   32.821   86.6  10.00  14.000    0.02665    2.34    2.44    3.21
17-07-2024 07:59:57.15  200.37   0.358  27.773   32.822   86.6  10.00  14.000    0.01628    1.99    2.18    3.32
17-07-2024 07:59:57.40  200.44   0.358  27.773   32.821   86.6  10.00  14.000   -0.00074    1.91    2.03    3.19
17-07-2024 07:59:57.65  200.54   0.358  27.774   32.821   86.6  10.00  14.000    0.03331    2.12    2.70    3.16
17-07-2024 07:59:57.89  200.62   0.359  27.774   32.821   86.6  10.00  14.000   -0.00592    2.01    2.17    2.85
17-07-2024 07:59:58.14  200.73   0.359  27.775   32.822   86.5  10.00  14.000    0.00074    2.01    2.17    2.85
17-07-2024 07:59:58.38  200.78   0.360  27.775   32.822   86.5  10.00  14.000    0.00962    2.07    2.58    3.14
17-07-2024 07:59:58.63  200.86   0.360  27.777   32.824   86.6  10.00  14.000    0.02591    2.16    2.41    3.15
17-07-2024 07:59:58.87  200.95   0.361  27.776   32.821   86.5   9.99  14.000    0.01406    2.12    1.55    3.12
17-07-2024 07:59:59.12  201.06   0.361  27.778   32.824   86.5   9.99  14.000    0.02443    1.92    2.45    3.07
17-07-2024 07:59:59.36  201.09   0.362  27.778   32.823   86.5   9.99  14.000    0.01924    2.07    1.98    3.20
17-07-2024 07:59:59.61  201.15   0.362  27.778   32.823   86.5  10.00  14.000    0.03627    2.26    1.83    3.10
17-07-2024 07:59:59.85  201.24   0.362  27.778   32.823   86.5   9.99  14.000    0.01998    2.26    1.83    3.10
17-07-2024 08:00:00.10  201.30   0.362  27.779   32.824   86.5   9.99  14.000    0.00666    2.50    2.20    2.82
17-07-2024 08:00:00.34  201.42   0.362  27.778   32.822   86.5   9.99  14.000    0.03775    2.17    1.80    3.31
17-07-2024 08:00:00.59  201.48   0.362  27.778   32.823   86.5   9.99  14.000    0.02146    1.96    2.56    3.01
17-07-2024 08:00:00.84  201.60   0.363  27.780   32.825   86.5   9.99  14.000   -0.00296    2.13    1.90    2.91
17-07-2024 08:00:01.09  201.67   0.363  27.781   32.825   86.5   9.99  14.000    0.02072    2.29    2.16    3.26
17-07-2024 08:00:01.33  201.76   0.363  27.781   32.825   86.5   9.99  14.000    0.03035    2.23    2.28    3.12
17-07-2024 08:00:01.58  201.82   0.364  27.780   32.823   86.5   9.99  14.000    0.01332    2.23    2.28    3.12
17-07-2024 08:00:01.82  201.89   0.363  27.780   32.824   86.5   9.99  14.000    0.01036    2.09    1.93    3.11
17-07-2024 08:00:02.07  202.00   0.363  27.780   32.824   86.5   9.99  14.000    0.03035    1.94    2.39    3.27
17-07-2024 08:00:02.31  202.06   0.364  27.781   32.825   86.5   9.99  14.000    0.01258    1.84    1.92    2.90
17-07-2024 08:00:02.56  202.16   0.364  27.781   32.824   86.5   9.99  14.000    0.01480    2.24    2.61    3.17
17-07-2024 08:00:02.80  202.24   0.364  27.781   32.825   86.5   9.99  14.000    0.01110    1.95    2.07    3.33
17-07-2024 08:00:03.05  202.30   0.364  27.781   32.823   86.4   9.98  14.000    0.02220    1.98    1.99    2.79
17-07-2024 08:00:03.29  202.39   0.364  27.782   32.825   86.5   9.98  14.000    0.01554    1.98    1.99    2.79
17-07-2024 08:00:03.54  202.45   0.365  27.782   32.824   86.4   9.98  14.000    0.02368    2.01    2.47    3.21
17-07-2024 08:00:03.78  202.54   0.365  27.782   32.824   86.4   9.98  14.000    0.02294    2.04    2.22    3.09
17-07-2024 08:00:04.03  202.58   0.364  27.783   32.826   86.4   9.98  14.000    0.03331    2.05    2.51    3.23
17-07-2024 08:00:04.28  202.72   0.365  27.782   32.824   86.4   9.98  14.000    0.02517    1.90    2.38    3.07
17-07-2024 08:00:04.52  202.77   0.364  27.782   32.825   86.4   9.98  14.000    0.01924    2.14    2.61    3.21
17-07-2024 08:00:04.77  202.87   0.365  27.783   32.825   86.4   9.98  14.000    0.02146    1.74    2.30    2.70
17-07-2024 08:00:05.02  202.96   0.365  27.784   32.827   86.4   9.98  14.000    0.02072    1.74    2.30    2.70
17-07-2024 08:00:05.26  203.01   0.366  27.784   32.826   86.4   9.98  14.000    0.01850    2.15    2.23    2.96
17-07-2024 08:00:05.51  203.08   0.366  27.784   32.825   86.4   9.98  14.000    0.04515    2.08    2.16    3.34
17-07-2024 08:00:05.76  203.19   0.366  27.785   32.826   86.4   9.98  14.000    0.02591    2.32    2.51    3.06
17-07-2024 08:00:06.00  203.26   0.367  27.786   32.826   86.4   9.98  14.000    0.02072    2.17    2.35    3.08
17-07-2024 08:00:06.24  203.35   0.367  27.786   32.827   86.4   9.98  14.000    0.02739    2.28    2.76    2.99
17-07-2024 08:00:06.49  203.43   0.368  27.787   32.827   86.4   9.98  14.000    0.02146    1.84    2.31    3.25
17-07-2024 08:00:06.73  203.51   0.368  27.788   32.828   86.4   9.98  14.000    0.00962    1.84    2.31    3.25
17-07-2024 08:00:06.98  203.61   0.369  27.788   32.827   86.4   9.97  14.000    0.01332    1.98    2.39    3.24
17-07-2024 08:00:07.23  203.63   0.369  27.789   32.827   86.4   9.97  14.000    0.03701    1.71    2.56    3.43
17-07-2024 08:00:07.47  203.73   0.369  27.790   32.829   86.4   9.97  14.000    0.03479    1.95    2.62    3.24
17-07-2024 08:00:07.71  203.82   0.371  27.791   32.828   86.3   9.97  14.000    0.00962    1.93    2.28    3.45
17-07-2024 08:00:07.97  203.90   0.371  27.792   32.830   86.4   9.97  14.000    0.01702    1.81    2.39    3.51
17-07-2024 08:00:08.21  204.00   0.373  27.793   32.829   86.3   9.97  14.000    0.02517    2.18    2.07    3.03
17-07-2024 08:00:08.46  204.06   0.373  27.793   32.829   86.3   9.97  14.000    0.02368    2.18    2.07    3.03
17-07-2024 08:00:08.71  204.14   0.375  27.795   32.830   86.4   9.97  14.000    0.01702    2.11    1.85    3.21
17-07-2024 08:00:08.95  204.24   0.375  27.796   32.831   86.3   9.97  14.000    0.01850    2.35    2.05    3.16
17-07-2024 08:00:09.20  204.31   0.376  27.799   32.833   86.3   9.97  14.000    0.00888    2.03    2.57    2.96
17-07-2024 08:00:09.44  204.37   0.378  27.800   32.833   86.3   9.96  14.000    0.01776    2.18    2.22    2.84
17-07-2024 08:00:09.69  204.46   0.380  27.802   32.833   86.3   9.96  14.000    0.03183    2.22    2.19    3.13
17-07-2024 08:00:09.93  204.53   0.381  27.803   32.833   86.3   9.96  14.000    0.00814    1.97    2.04    2.89
17-07-2024 08:00:10.18  204.62   0.382  27.803   32.832   86.3   9.96  14.000    0.02368    1.97    2.04    2.89
17-07-2024 08:00:10.42  204.66   0.382  27.804   32.833   86.3   9.96  14.000    0.01184    2.04    2.70    3.05
17-07-2024 08:00:10.67  204.76   0.383  27.805   32.834   86.3   9.96  14.000    0.02072    2.26    1.84    2.97
17-07-2024 08:00:10.91  204.87   0.382  27.804   32.833   86.3   9.96  14.000    0.02443    2.03    2.06    3.03
17-07-2024 08:00:11.16  204.93   0.382  27.805   32.834   86.3   9.96  14.000    0.03553    2.15    2.30    3.18
17-07-2024 08:00:11.40  205.01   0.383  27.805   32.833   86.3   9.96  14.000    0.02739    1.86    1.83    3.39
17-07-2024 08:00:11.66  205.09   0.383  27.805   32.834   86.3   9.96  14.000    0.02517    1.95    2.25    3.07
17-07-2024 08:00:11.90  205.19   0.384  27.807   32.835   86.3   9.96  14.000    0.02220    1.95    2.25    3.07
17-07-2024 08:00:12.15  205.27   0.385  27.808   32.834   86.3   9.96  14.000    0.02591    2.02    2.42    3.13
17-07-2024 08:00:12.40  205.35   0.385  27.808   32.835   86.3   9.96  14.000    0.02294    2.28    2.30    3.19
17-07-2024 08:00:12.64  205.41   0.386  27.808   32.834   86.3   9.96  14.000    0.03109    2.21    2.52    3.23
17-07-2024 08:00:12.89  205.51   0.386  27.807   32.833   86.3   9.95  14.000    0.00888    2.05    2.66    3.07
17-07-2024 08:00:13.13  205.58   0.386  27.809   32.835   86.3   9.96  14.000    0.02887    1.96    2.40    3.12
17-07-2024 08:00:13.38  205.67   0.387  27.811   32.836   86.2   9.95  14.000    0.02591    2.05    2.37    3.00
17-07-2024 08:00:13.62  205.75   0.387  27.810   32.835   86.3   9.95  14.000    0.01406    2.05    2.37    3.00
17-07-2024 08:00:13.87  205.84   0.387  27.810   32.835   86.2   9.95  14.000    0.01480    1.86    2.48    3.11
17-07-2024 08:00:14.11  205.89   0.388  27.814   32.839   86.3   9.95  14.000    0.02220    1.82    2.74    3.45
17-07-2024 08:00:14.36  205.96   0.390  27.816   32.840   86.2   9.95  14.000    0.01998    2.21    1.85    3.17
17-07-2024 08:00:14.60  206.07   0.392  27.817   32.839   86.2   9.95  14.000    0.04589    1.86    2.20    3.00
17-07-2024 08:00:14.85  206.16   0.393  27.817   32.838   86.2   9.95  14.000    0.02665    2.37    2.71    3.01
17-07-2024 08:00:15.10  206.24   0.394  27.819   32.839   86.2   9.95  14.000    0.01036    2.14    2.53    3.23
17-07-2024 08:00:15.34  206.29   0.393  27.819   32.839   86.2   9.94  14.000    0.03109    2.14    2.53    3.23
17-07-2024 08:00:15.59  206.38   0.394  27.819   32.839   86.2   9.94  14.000    0.00444    2.25    2.22    3.13
17-07-2024 08:00:15.84  206.49   0.394  27.819   32.839   86.2   9.95  14.000    0.00222    1.59    2.66    3.36
17-07-2024 08:00:16.08  206.54   0.394  27.820   32.840   86.2   9.95  14.000    0.02146    2.32    2.48    3.38
17-07-2024 08:00:16.33  206.62   0.395  27.820   32.840   86.2   9.94  14.000    0.02072    2.29    2.44    3.07
17-07-2024 08:00:16.57  206.70   0.395  27.821   32.840   86.2   9.94  14.000    0.00296    1.88    2.01    2.97
17-07-2024 08:00:16.82  206.78   0.395  27.821   32.840   86.2   9.94  14.000    0.01258    2.14    2.29    3.25
17-07-2024 08:00:17.06  206.87   0.395  27.821   32.841   86.2   9.94  14.000    0.00592    2.14    2.29    3.25
17-07-2024 08:00:17.31  206.94   0.396  27.821   32.840   86.2   9.94  14.000    0.01850    2.01    2.17    3.40
17-07-2024 08:00:17.55  207.02   0.396  27.822   32.840   86.2   9.94  14.000    0.01036    1.83    2.29    3.43
17-07-2024 08:00:17.80  207.10   0.396  27.821   32.840   86.2   9.94  14.000    0.01628    2.05    2.64    3.08
17-07-2024 08:00:18.04  207.15   0.396  27.822   32.840   86.2   9.94  14.000    0.02813    2.05    2.11    3.41
17-07-2024 08:00:18.29  207.25   0.396  27.823   32.841   86.2   9.94  14.000    0.01702    2.11    2.21    2.99
17-07-2024 08:00:18.53  207.30   0.396  27.823   32.841   86.1   9.94  14.000    0.02961    2.25    2.41    3.54
17-07-2024 08:00:18.78  207.43   0.397  27.823   32.841   86.1   9.94  14.000    0.02294    2.25    2.41    3.54
17-07-2024 08:00:19.03  207.50   0.397  27.822   32.840   86.1   9.94  14.000    0.03331    2.12    2.73    3.16
17-07-2024 08:00:19.28  207.59   0.396  27.823   32.841   86.1   9.94  14.000    0.01924    2.29    2.06    3.16
17-07-2024 08:00:19.52  207.68   0.397  27.823   32.841   86.1   9.94  14.000    0.02072    1.99    2.71    3.48
17-07-2024 08:00:19.77  207.77   0.397  27.823   32.841   86.1   9.94  14.000    0.04367    2.32    2.77    3.28
17-07-2024 08:00:20.01  207.83   0.397  27.823   32.841   86.1   9.93  14.000    0.02294    2.07    2.37    2.96
17-07-2024 08:00:20.26  207.89   0.398  27.823   32.840   86.1   9.93  14.000    0.02739    1.98    2.16    3.08
17-07-2024 08:00:20.50  207.99   0.397  27.824   32.841   86.1   9.93  14.000    0.02072    1.98    2.16    3.08
17-07-2024 08:00:20.75  208.08   0.398  27.824   32.841   86.1   9.93  14.000    0.02368    2.05    1.89    3.07
17-07-2024 08:00:20.99  208.18   0.397  27.825   32.842   86.1   9.93  14.000    0.02072    1.90    2.06    3.01
17-07-2024 08:00:21.24  208.29   0.398  27.826   32.843   86.1   9.93  14.000    0.01924    2.08    2.42    3.07
17-07-2024 08:00:21.48  208.37   0.399  27.826   32.842   86.1   9.93  14.000    0.02739    2.13    2.58    3.20
17-07-2024 08:00:21.73  208.43   0.399  27.827   32.843   86.1   9.93  14.000    0.03257    1.95    2.57    3.22
17-07-2024 08:00:21.97  208.52   0.399  27.827   32.842   86.1   9.93  14.000    0.03627    1.98    2.16    3.02
17-07-2024 08:00:22.22  208.62   0.400  27.827   32.843   86.1   9.93  14.000    0.01332    1.98    2.16    3.02
17-07-2024 08:00:22.47  208.70   0.400  27.828   32.843   86.1   9.93  14.000    0.02517    1.86    2.63    2.94
17-07-2024 08:00:22.72  208.79   0.400  27.828   32.843   86.1   9.93  14.000    0.00444    1.94    1.84    3.05
17-07-2024 08:00:22.97  208.83   0.400  27.828   32.843   86.0   9.93  14.000    0.01184    2.15    2.21    2.85
17-07-2024 08:00:23.22  208.91   0.401  27.830   32.845   86.0   9.93  14.000    0.04663    1.83    1.86    2.98
17-07-2024 08:00:23.46  208.99   0.401  27.829   32.843   86.1   9.93  14.000    0.03775    2.02    2.11    2.95
17-07-2024 08:00:23.70  209.10   0.402  27.830   32.844   86.0   9.92  14.000    0.01998    2.24    2.22    3.17
17-07-2024 08:00:23.98  209.18   0.403  27.832   32.845   86.0   9.92  14.000    0.02146    2.14    1.87    3.41
17-07-2024 08:00:24.19  209.28   0.403  27.831   32.844   86.0   9.92  14.000    0.00370    2.14    1.87    3.41
17-07-2024 08:00:24.44  209.35   0.403  27.832   32.845   86.0   9.92  14.000    0.01110    1.89    2.42    3.09
17-07-2024 08:00:24.68  209.45   0.404  27.833   32.846   86.0   9.92  14.000    0.01184    2.10    2.41    3.18
17-07-2024 08:00:24.93  209.49   0.404  27.833   32.845   86.0   9.92  14.000    0.01554    2.23    2.54    2.84
17-07-2024 08:00:25.17  209.59   0.404  27.833   32.845   86.0   9.92  14.000    0.02294    2.23    2.23    2.98
17-07-2024 08:00:25.42  209.67   0.404  27.834   32.846   86.0   9.92  14.000    0.02591    2.08    2.45    3.23
17-07-2024 08:00:25.66  209.70   0.405  27.834   32.845   86.0   9.92  14.000    0.01258    2.08    2.45    3.23
17-07-2024 08:00:25.91  209.80   0.405  27.834   32.845   86.0   9.92  14.000    0.02591    1.90    2.12    3.10
17-07-2024 08:00:26.16  209.93   0.405  27.834   32.845   86.0   9.92  14.000    0.01628    2.13    2.46    2.98
17-07-2024 08:00:26.41  210.03   0.405  27.833   32.844   86.0   9.92  14.000    0.01776    2.03    2.55    3.40
17-07-2024 08:00:26.65  210.12   0.406  27.834   32.845   86.0   9.92  14.000    0.01998    1.73    2.19    2.98
17-07-2024 08:00:26.90  210.19   0.406  27.834   32.844   86.0   9.92  14.000    0.01406    2.17    2.52    3.33
17-07-2024 08:00:27.14  210.26   0.406  27.834   32.844   86.0   9.91  14.000    0.01998    2.09    2.65    3.26
17-07-2024 08:00:27.39  210.33   0.406  27.834   32.844   86.0   9.92  14.000    0.02665    2.09    2.65    3.26
17-07-2024 08:00:27.64  210.41   0.406  27.835   32.845   86.0   9.91  14.000    0.01258    2.25    1.98    3.30
17-07-2024 08:00:27.88  210.48   0.407  27.836   32.845   86.0   9.91  14.000    0.00962    2.16    2.58    3.17
17-07-2024 08:00:28.13  210.59   0.407  27.836   32.845   85.9   9.91  14.000    0.02146    1.99    2.26    3.31
17-07-2024 08:00:28.37  210.65   0.407  27.837   32.846   85.9   9.91  14.000    0.01924    2.05    2.43    3.31
17-07-2024 08:00:28.62  210.76   0.408  27.838   32.847   85.9   9.91  14.000    0.02517    2.08    2.06    3.18
17-07-2024 08:00:28.86  210.84   0.409  27.838   32.846   85.9   9.91  14.000    0.02072    2.21    2.40    3.05
17-07-2024 08:00:29.10  210.94   0.409  27.840   32.848   85.9   9.91  14.000    0.01776    2.21    2.40    3.05
17-07-2024 08:00:29.35  211.03   0.411  27.839   32.845   85.9   9.91  14.000    0.01110    2.15    2.71    3.30
17-07-2024 08:00:29.60  211.11   0.410  27.841   32.848   85.9   9.91  14.000    0.03627    2.12    1.96    2.90
17-07-2024 08:00:29.84  211.15   0.411  27.841   32.847   85.9   9.91  14.000    0.02220    1.96    2.53    3.39
17-07-2024 08:00:30.09  211.27   0.410  27.841   32.847   85.9   9.91  14.000    0.00222    2.01    2.45    3.15
17-07-2024 08:00:30.34  211.33   0.411  27.840   32.846   85.9   9.91  14.000    0.03479    2.50    1.82    3.28
17-07-2024 08:00:30.59  211.40   0.411  27.841   32.848   85.9   9.91  14.000    0.02443    2.09    1.89    3.58
17-07-2024 08:00:30.83  211.50   0.411  27.841   32.847   85.9   9.91  14.000    0.00962    2.09    1.89    3.58
17-07-2024 08:00:31.08  211.58   0.411  27.841   32.847   85.9   9.90  14.000    0.02072    1.89    2.50    3.13
17-07-2024 08:00:31.32  211.66   0.411  27.841   32.846   85.9   9.91  14.000    0.02517    2.10    2.67    3.17
17-07-2024 08:00:31.57  211.75   0.412  27.842   32.847   85.9   9.91  14.000   -0.00370    2.13    2.25    3.65
17-07-2024 08:00:31.81  211.84   0.412  27.843   32.849   85.9   9.90  14.000    0.03109    1.99    2.31    3.30
17-07-2024 08:00:32.06  211.91   0.412  27.844   32.849   85.9   9.91  14.000    0.01184    2.02    2.18    3.27
17-07-2024 08:00:32.30  211.97   0.414  27.846   32.850   85.9   9.91  14.000    0.02517    2.04    2.28    3.01
17-07-2024 08:00:32.55  212.05   0.415  27.847   32.850   85.9   9.90  14.000    0.02294    2.04    2.28    3.01
17-07-2024 08:00:32.79  212.10   0.416  27.849   32.852   85.9   9.90  14.000    0.00740    2.18    2.39    3.07
17-07-2024 08:00:33.04  212.23   0.417  27.851   32.852   85.9   9.90  14.000    0.01332    2.06    2.05    3.30
17-07-2024 08:00:33.29  212.28   0.419  27.851   32.851   85.9   9.90  14.000    0.03405    1.85    2.40    3.16
17-07-2024 08:00:33.53  212.39   0.419  27.852   32.852   85.9   9.90  14.000    0.02887    2.22    2.02    2.97
17-07-2024 08:00:33.78  212.50   0.419  27.852   32.852   85.9   9.90  14.000    0.02443    2.12    2.18    3.19
17-07-2024 08:00:34.03  212.59   0.419  27.851   32.851   85.9   9.90  14.000    0.01998    2.11    2.80    3.16
17-07-2024 08:00:34.27  212.64   0.420  27.852   32.852   85.9   9.90  14.000    0.01036    2.11    2.80    3.16
17-07-2024 08:00:34.52  212.76   0.420  27.853   32.852   85.8   9.90  14.000    0.01554    2.19    1.87    3.25
17-07-2024 08:00:34.77  212.82   0.420  27.852   32.851   85.8   9.90  14.000    0.01110    2.21    2.55    3.07
17-07-2024 08:00:35.01  212.88   0.420  27.854   32.853   85.8   9.89  14.000    0.01702    2.15    2.49    3.27
17-07-2024 08:00:35.26  212.98   0.420  27.853   32.852   85.8   9.89  14.000    0.01480    1.77    2.52    3.10
17-07-2024 08:00:35.50  213.04   0.420  27.853   32.852   85.8   9.89  14.000    0.01184    2.06    2.54    3.44
17-07-2024 08:00:35.74  213.13   0.420  27.853   32.852   85.8   9.89  14.000    0.00740    2.06    2.54    3.44
17-07-2024 08:00:35.99  213.22   0.421  27.855   32.853   85.8   9.89  14.000    0.01110    2.27    2.77    3.24
17-07-2024 08:00:36.24  213.32   0.420  27.854   32.852   85.8   9.89  14.000    0.01406    2.05    2.26    3.09
17-07-2024 08:00:36.48  213.37   0.421  27.854   32.852   85.8   9.89  14.000    0.00814    2.18    2.30    3.38
17-07-2024 08:00:36.73  213.48   0.421  27.855   32.853   85.8   9.89  14.000    0.02294    1.90    1.97    3.18
17-07-2024 08:00:36.97  213.55   0.421  27.855   32.853   85.8   9.89  14.000    0.01554    2.17    2.07    3.07
17-07-2024 08:00:37.22  213.63   0.421  27.855   32.853   85.8   9.89  14.000    0.01776    1.94    2.31    3.28
17-07-2024 08:00:37.47  213.72   0.422  27.856   32.854   85.8   9.89  14.000    0.01776    1.94    2.31    3.28
17-07-2024 08:00:37.71  213.78   0.422  27.857   32.855   85.8   9.89  14.000    0.00740    2.07    2.06    3.27
17-07-2024 08:00:37.96  213.86   0.422  27.855   32.852   85.8   9.89  14.000    0.01554    2.32    2.31    3.06
17-07-2024 08:00:38.21  213.97   0.423  27.857   32.854   85.8   9.89  14.000    0.01924    1.98    2.14    3.15
17-07-2024 08:00:38.45  214.05   0.423  27.857   32.853   85.8   9.89  14.000    0.02072    2.12    2.61    3.01
17-07-2024 08:00:38.70  214.12   0.423  27.858   32.854   85.7   9.89  14.000    0.02443    2.31    2.13    3.29
17-07-2024 08:00:38.94  214.21   0.424  27.857   32.853   85.7   9.88  14.000    0.01480    2.08    2.36    3.09
17-07-2024 08:00:39.19  214.29   0.423  27.859   32.856   85.7   9.88  14.000    0.02220    2.08    2.36    3.09
17-07-2024 08:00:39.43  214.35   0.423  27.857   32.853   85.7   9.88  14.000    0.03627    2.11    1.96    3.38
17-07-2024 08:00:39.68  214.44   0.424  27.858   32.853   85.7   9.88  14.000    0.01702    1.99    2.90    3.31
17-07-2024 08:00:39.92  214.50   0.424  27.858   32.854   85.7   9.88  14.000    0.01110    1.77    2.32    3.28
17-07-2024 08:00:40.17  214.60   0.424  27.859   32.854   85.7   9.88  14.000    0.01998    2.17    2.56    2.76
17-07-2024 08:00:40.41  214.68   0.425  27.861   32.856   85.7   9.88  14.000    0.00962    2.34    2.26    2.87
17-07-2024 08:00:40.66  214.76   0.425  27.860   32.855   85.7   9.88  14.000    0.00518    2.49    2.56    3.04
17-07-2024 08:00:40.90  214.86   0.426  27.862   32.857   85.7   9.88  14.000    0.00074    2.49    2.56    3.04
17-07-2024 08:00:41.16  214.96   0.426  27.861   32.855   85.7   9.88  14.000    0.02368    2.08    2.03    3.35
17-07-2024 08:00:41.40  214.96   0.426  27.863   32.857   85.7   9.87  14.000    0.01406    1.98    2.68    3.22
17-07-2024 08:00:41.65  215.10   0.427  27.863   32.856   85.7   9.88  14.000    0.01776    2.09    2.17    3.21
17-07-2024 08:00:41.90  215.15   0.427  27.863   32.856   85.7   9.87  14.000    0.01110    2.48    2.17    3.34
17-07-2024 08:00:42.14  215.27   0.427  27.863   32.856   85.7   9.87  14.000    0.02072    1.93    2.01    3.21
17-07-2024 08:00:42.39  215.35   0.427  27.863   32.856   85.7   9.87  14.000    0.01850    1.95    2.58    3.20
17-07-2024 08:00:42.63  215.45   0.427  27.863   32.856   85.6   9.87  14.000    0.03627    1.95    2.58    3.20
17-07-2024 08:00:42.88  215.51   0.427  27.863   32.856   85.6   9.87  14.000    0.01702    2.16    2.22    3.22
17-07-2024 08:00:43.12  215.57   0.428  27.864   32.857   85.6   9.87  14.000    0.04737    2.41    2.34    3.11
17-07-2024 08:00:43.37  215.67   0.428  27.864   32.856   85.6   9.87  14.000    0.01480    1.79    1.76    3.15
17-07-2024 08:00:43.61  215.76   0.428  27.865   32.857   85.6   9.87  14.000    0.01406    1.95    2.19    3.10
17-07-2024 08:00:43.85  215.85   0.428  27.863   32.855   85.6   9.87  14.000    0.01184    2.23    2.02    3.21
17-07-2024 08:00:44.10  215.90   0.427  27.864   32.857   85.6   9.87  14.000    0.03849    2.20    1.98    3.01
17-07-2024 08:00:44.34  215.99   0.427  27.863   32.856   85.6   9.87  14.000    0.01184    2.20    1.98    3.01
17-07-2024 08:00:44.59  216.10   0.428  27.864   32.855   85.6   9.87  14.000    0.02665    1.99    2.00    3.35
17-07-2024 08:00:44.84  216.16   0.427  27.864   32.857   85.6   9.87  14.000    0.03331    2.06    2.14    3.33
17-07-2024 08:00:45.09  216.26   0.428  27.864   32.856   85.6   9.87  14.000    0.03553    2.12    2.19    3.07
17-07-2024 08:00:45.34  216.31   0.428  27.863   32.855   85.6   9.86  14.000    0.03405    2.00    1.84    3.34
17-07-2024 08:00:45.58  216.38   0.428  27.865   32.857   85.6   9.86  14.000    0.02220    2.17    2.29    3.42
17-07-2024 08:00:45.83  216.48   0.428  27.864   32.856   85.6   9.86  14.000    0.02665    1.95    2.04    3.01
17-07-2024 08:00:46.07  216.59   0.428  27.864   32.856   85.5   9.86  14.000    0.01554    1.95    2.04    3.01
17-07-2024 08:00:46.32  216.66   0.428  27.865   32.857   85.5   9.86  14.000    0.00222    2.28    2.50    3.10
17-07-2024 08:00:46.56  216.75   0.428  27.864   32.856   85.6   9.86  14.000    0.02517    1.84    2.51    3.00
17-07-2024 08:00:46.81  216.85   0.428  27.865   32.857   85.5   9.86  14.000    0.01480    1.95    2.72    2.93
17-07-2024 08:00:47.05  216.91   0.428  27.865   32.857   85.5   9.86  14.000    0.02591    2.17    2.16    2.97
17-07-2024 08:00:47.30  217.02   0.428  27.865   32.857   85.5   9.86  14.000    0.01924    1.77    2.06    3.00
17-07-2024 08:00:47.54  217.06   0.429  27.866   32.858   85.5   9.86  14.000    0.01258    2.06    2.49    3.14
17-07-2024 08:00:47.79  217.14   0.429  27.865   32.856   85.5   9.86  14.000    0.00074    2.06    2.49    3.14
17-07-2024 08:00:48.04  217.23   0.429  27.866   32.858   85.5   9.86  14.000    0.02368    1.93    1.93    3.46
17-07-2024 08:00:48.28  217.31   0.429  27.866   32.858   85.5   9.85  14.000    0.00148    2.27    2.76    3.07
17-07-2024 08:00:48.53  217.41   0.429  27.868   32.859   85.5   9.85  14.000    0.00296    1.91    1.76    3.30
17-07-2024 08:00:48.78  217.46   0.430  27.868   32.858   85.5   9.85  14.000    0.01554    1.90    2.23    3.26
17-07-2024 08:00:49.03  217.60   0.431  27.868   32.857   85.5   9.85  14.000    0.01850    2.11    1.91    3.12
17-07-2024 08:00:49.27  217.67   0.431  27.869   32.858   85.5   9.85  14.000    0.02072    2.14    2.57    3.55
17-07-2024 08:00:49.51  217.78   0.431  27.869   32.859   85.5   9.85  14.000    0.01554    2.14    2.57    3.55
17-07-2024 08:00:49.76  217.84   0.433  27.872   32.860   85.5   9.85  14.000    0.02368    2.25    2.46    2.75
17-07-2024 08:00:50.01  217.95   0.433  27.871   32.859   85.5   9.85  14.000    0.01628    2.26    2.49    2.96
17-07-2024 08:00:50.25  218.03   0.434  27.872   32.859   85.5   9.85  14.000    0.01406    2.14    2.43    3.07
17-07-2024 08:00:50.49  218.09   0.434  27.872   32.859   85.4   9.85  14.000    0.01554    2.03    2.27    3.13
17-07-2024 08:00:50.74  218.20   0.435  27.873   32.859   85.5   9.85  14.000    0.02443    2.13    2.09    3.14
17-07-2024 08:00:50.98  218.32   0.435  27.874   32.859   85.4   9.84  14.000    0.00814    1.96    2.61    3.02
17-07-2024 08:00:51.23  218.34   0.435  27.873   32.859   85.4   9.85  14.000    0.01406    1.96    2.61    3.02
17-07-2024 08:00:51.47  218.42   0.435  27.874   32.860   85.4   9.84  14.000    0.03183    2.03    1.90    3.30
17-07-2024 08:00:51.72  218.52   0.435  27.874   32.860   85.4   9.84  14.000    0.00888    1.88    2.35    3.33
17-07-2024 08:00:51.97  218.63   0.435  27.874   32.860   85.4   9.84  14.000    0.02517    2.21    2.59    3.00
17-07-2024 08:00:52.22  218.70   0.435  27.874   32.860   85.4   9.84  14.000    0.02813    1.98    2.15    3.42
17-07-2024 08:00:52.46  218.80   0.435  27.874   32.860   85.4   9.84  14.000    0.01998    1.70    2.02    2.89
17-07-2024 08:00:52.71  218.91   0.436  27.874   32.860   85.4   9.84  14.000    0.02517    1.91    2.43    3.30
17-07-2024 08:00:52.96  218.99   0.435  27.874   32.860   85.4   9.84  14.000    0.01628    1.91    2.43    3.30
17-07-2024 08:00:53.20  219.06   0.436  27.875   32.860   85.4   9.84  14.000    0.02072    1.81    2.41    3.41
17-07-2024 08:00:53.45  219.13   0.436  27.875   32.860   85.4   9.84  14.000    0.00888    2.27    2.54    3.00
17-07-2024 08:00:53.69  219.22   0.436  27.875   32.860   85.4   9.84  14.000    0.00888    2.03    2.33    3.14
17-07-2024 08:00:53.94  219.27   0.436  27.875   32.860   85.4   9.84  14.000    0.01110    2.29    2.67    3.36
17-07-2024 08:00:54.18  219.38   0.437  27.876   32.861   85.4   9.84  14.000    0.02072    2.11    2.65    3.17
17-07-2024 08:00:54.43  219.48   0.437  27.877   32.861   85.4   9.84  14.000    0.01554    2.21    2.03    3.26
17-07-2024 08:00:54.67  219.52   0.437  27.876   32.861   85.4   9.84  14.000    0.01628    2.21    2.03    3.26
17-07-2024 08:00:54.92  219.63   0.437  27.876   32.860   85.4   9.84  14.000    0.01702    1.97    2.26    3.10
17-07-2024 08:00:55.16  219.74   0.437  27.877   32.861   85.4   9.84  14.000    0.01924    2.31    2.62    2.76
17-07-2024 08:00:55.41  219.78   0.437  27.878   32.863   85.4   9.84  14.000    0.02072    1.77    2.37    3.04
17-07-2024 08:00:55.65  219.86   0.438  27.876   32.859   85.4   9.84  14.000    0.01924    1.95    2.30    3.30
17-07-2024 08:00:55.91  219.94   0.438  27.879   32.862   85.3   9.83  14.000    0.01776    1.96    2.60    3.41
17-07-2024 08:00:56.15  220.10   0.439  27.880   32.863   85.3   9.83  14.000    0.01628    2.03    2.72    3.13
17-07-2024 08:00:56.40  220.18   0.439  27.880   32.862   85.3   9.83  14.000    0.01554    2.03    2.72    3.13
17-07-2024 08:00:56.65  220.26   0.439  27.879   32.862   85.3   9.83  14.000    0.00074    2.11    2.38    3.34
17-07-2024 08:00:56.89  220.35   0.439  27.880   32.862   85.3   9.83  14.000    0.01554    2.03    2.29    3.05
17-07-2024 08:00:57.14  220.39   0.439  27.879   32.861   85.3   9.83  14.000    0.03627    2.20    2.56    3.14
17-07-2024 08:00:57.38  220.49   0.439  27.880   32.862   85.3   9.83  14.000    0.02517    1.92    2.51    3.11
17-07-2024 08:00:57.63  220.57   0.440  27.880   32.862   85.3   9.83  14.000    0.01776    1.97    2.41    3.10
17-07-2024 08:00:57.87  220.63   0.440  27.881   32.863   85.3   9.83  14.000    0.01406    2.16    2.59    3.02
17-07-2024 08:00:58.12  220.75   0.440  27.881   32.863   85.3   9.83  14.000    0.02739    2.16    2.59    3.02
17-07-2024 08:00:58.36  220.84   0.440  27.881   32.863   85.3   9.83  14.000    0.01110    1.77    2.44    3.10
17-07-2024 08:00:58.61  220.93   0.440  27.881   32.863   85.3   9.83  14.000    0.00518    2.16    2.34    3.17
17-07-2024 08:00:58.85  221.00   0.440  27.881   32.863   85.3   9.83  14.000    0.02146    2.43    2.15    2.96
17-07-2024 08:00:59.10  221.05   0.440  27.881   32.862   85.3   9.83  14.000    0.02591    1.92    2.26    3.43
17-07-2024 08:00:59.34  221.17   0.440  27.881   32.863   85.3   9.83  14.000    0.01110    2.12    1.99    3.06
17-07-2024 08:00:59.60  221.25   0.440  27.882   32.864   85.3   9.83  14.000    0.01110    2.01    1.99    3.23
17-07-2024 08:00:59.84  221.38   0.441  27.881   32.862   85.3   9.82  14.000    0.02220    2.01    1.99    3.23
17-07-2024 08:01:00.09  221.41   0.440  27.882   32.863   85.3   9.83  14.000    0.02517    1.98    1.97    3.13
17-07-2024 08:01:00.34  221.54   0.441  27.883   32.864   85.3   9.83  14.000    0.00444    2.09    2.13    3.29
17-07-2024 08:01:00.58  221.58   0.441  27.883   32.864   85.3   9.82  14.000    0.00518    2.00    2.00    3.25
17-07-2024 08:01:00.83  221.63   0.441  27.882   32.862   85.3   9.82  14.000    0.04071    1.89    1.99    3.42
17-07-2024 08:01:01.07  221.78   0.441  27.882   32.863   85.3   9.82  14.000    0.02591    2.39    2.29    3.05
17-07-2024 08:01:01.32  221.86   0.441  27.883   32.864   85.2   9.82  14.000    0.01184    1.96    2.20    2.91
17-07-2024 08:01:01.56  221.91   0.441  27.883   32.864   85.3   9.82  14.000    0.02517    1.96    2.20    2.91
17-07-2024 08:01:01.80  222.00   0.441  27.882   32.863   85.3   9.82  14.000    0.03109    2.12    2.28    3.27
17-07-2024 08:01:02.05  222.06   0.441  27.883   32.863   85.3   9.82  14.000    0.02072    1.94    2.32    3.12
17-07-2024 08:01:02.30  222.18   0.441  27.883   32.863   85.3   9.82  14.000    0.00666    2.10    2.16    2.82
17-07-2024 08:01:02.54  222.24   0.441  27.883   32.863   85.2   9.82  14.000    0.01110    2.27    2.48    3.41
17-07-2024 08:01:02.79  222.34   0.441  27.883   32.863   85.3   9.82  14.000    0.00518    2.19    2.75    3.39
17-07-2024 08:01:03.03  222.39   0.441  27.883   32.863   85.2   9.82  14.000    0.02072    2.07    2.15    3.13
17-07-2024 08:01:03.28  222.50   0.441  27.883   32.863   85.2   9.82  14.000    0.01406    2.07    2.15    3.13
17-07-2024 08:01:03.53  222.57   0.441  27.883   32.863   85.2   9.82  14.000    0.00962    2.17    2.48    3.05
17-07-2024 08:01:03.77  222.66   0.442  27.884   32.864   85.2   9.82  14.000    0.00370    2.32    2.05    3.02
17-07-2024 08:01:04.02  222.73   0.441  27.883   32.863   85.2   9.82  14.000    0.03035    1.88    2.36    3.21
17-07-2024 08:01:04.27  222.81   0.442  27.884   32.864   85.2   9.82  14.000    0.01702    1.95    1.88    3.09
17-07-2024 08:01:04.51  222.93   0.442  27.884   32.864   85.2   9.82  14.000    0.01554    2.11    2.31    3.17
17-07-2024 08:01:04.76  223.02   0.442  27.883   32.863   85.2   9.82  14.000   -0.00148    2.07    2.14    3.19
17-07-2024 08:01:05.00  223.07   0.442  27.884   32.864   85.2   9.82  14.000    0.02220    2.07    2.14    3.19
17-07-2024 08:01:05.25  223.18   0.442  27.884   32.863   85.2   9.82  14.000    0.00666    2.18    1.98    3.07
17-07-2024 08:01:05.49  223.25   0.441  27.884   32.864   85.2   9.82  14.000    0.01628    2.20    2.10    2.93
17-07-2024 08:01:05.74  223.35   0.442  27.884   32.863   85.2   9.82  14.000    0.00222    2.07    2.38    3.00
17-07-2024 08:01:05.98  223.42   0.442  27.884   32.864   85.2   9.82  14.000    0.02146    2.00    2.38    3.22
17-07-2024 08:01:06.23  223.48   0.442  27.884   32.863   85.2   9.82  14.000    0.02517    1.82    2.42    3.20
17-07-2024 08:01:06.47  223.58   0.442  27.885   32.864   85.2   9.81  14.000    0.01998    1.99    2.10    3.61
17-07-2024 08:01:06.72  223.65   0.442  27.883   32.862   85.2   9.81  14.000    0.00074    1.99    2.10    3.61
17-07-2024 08:01:06.97  223.73   0.442  27.885   32.863   85.2   9.81  14.000   -0.00296    1.95    2.09    3.41
17-07-2024 08:01:07.21  223.82   0.442  27.884   32.863   85.2   9.81  14.000    0.01628    2.14    1.89    2.98
17-07-2024 08:01:07.46  223.88   0.442  27.885   32.864   85.2   9.81  14.000    0.01480    2.10    2.16    3.23
17-07-2024 08:01:07.71  223.98   0.442  27.885   32.864   85.2   9.81  14.000    0.00370    2.10    1.91    3.44
17-07-2024 08:01:07.95  224.10   0.442  27.885   32.863   85.2   9.81  14.000    0.00592    2.09    2.66    3.13
17-07-2024 08:01:08.20  224.18   0.442  27.885   32.864   85.2   9.81  14.000    0.00888    2.12    1.88    2.93
17-07-2024 08:01:08.44  224.22   0.444  27.887   32.865   85.1   9.81  14.000   -0.00148    2.12    1.88    2.93
17-07-2024 08:01:08.69  224.34   0.444  27.889   32.867   85.2   9.81  14.000    0.00518    2.03    2.40    3.05
17-07-2024 08:01:08.93  224.39   0.445  27.888   32.865   85.2   9.81  14.000    0.00518    2.56    1.93    2.93
17-07-2024 08:01:09.18  224.51   0.444  27.888   32.866   85.1   9.81  14.000    0.00592    2.33    2.43    3.01
17-07-2024 08:01:09.42  224.57   0.444  27.888   32.865   85.1   9.81  14.000    0.01850    2.26    2.13    2.91
17-07-2024 08:01:09.67  224.65   0.445  27.889   32.865   85.1   9.81  14.000    0.00518    2.26    2.11    3.29
17-07-2024 08:01:09.91  224.74   0.445  27.888   32.865   85.1   9.81  14.000    0.01258    1.98    2.78    2.82
17-07-2024 08:01:10.17  224.87   0.445  27.889   32.865   85.1   9.81  14.000    0.01628    1.98    2.78    2.82
17-07-2024 08:01:10.40  224.90   0.446  27.890   32.866   85.1   9.81  14.000   -0.00148    2.10    2.18    3.21
17-07-2024 08:01:10.65  224.98   0.446  27.890   32.866   85.1   9.81  14.000    0.01332    2.30    1.94    2.95
17-07-2024 08:01:10.90  225.14   0.446  27.890   32.866   85.1   9.81  14.000    0.01850    1.95    2.23    3.14
17-07-2024 08:01:11.15  225.19   0.446  27.890   32.865   85.1   9.81  14.000    0.01628    2.03    2.36    3.48
17-07-2024 08:01:11.39  225.26   0.446  27.891   32.866   85.1   9.81  14.000    0.00740    1.65    2.68    3.34
17-07-2024 08:01:11.64  225.36   0.446  27.891   32.867   85.1   9.80  14.000    0.01628    2.12    2.52    3.15
17-07-2024 08:01:11.88  225.45   0.447  27.892   32.867   85.1   9.81  14.000    0.01480    2.12    2.52    3.15
17-07-2024 08:01:12.13  225.52   0.447  27.892   32.866   85.1   9.80  14.000    0.00148    2.19    2.56    3.21
17-07-2024 08:01:12.37  225.60   0.447  27.892   32.866   85.1   9.81  14.000    0.01332    2.07    2.33    3.42
17-07-2024 08:01:12.62  225.68   0.447  27.892   32.866   85.1   9.81  14.000    0.01850    2.28    2.07    3.34
17-07-2024 08:01:12.86  225.80   0.447  27.893   32.867   85.1   9.80  14.000    0.01258    1.96    2.62    3.04
17-07-2024 08:01:13.11  225.85   0.448  27.893   32.867   85.1   9.81  14.000    0.00222    2.31    2.56    3.34
17-07-2024 08:01:13.35  225.97   0.448  27.892   32.865   85.1   9.80  14.000    0.02294    2.31    2.56    3.34
17-07-2024 08:01:13.60  226.02   0.448  27.892   32.866   85.1   9.80  14.000    0.01628    2.03    2.34    3.07
17-07-2024 08:01:13.84  226.13   0.448  27.893   32.866   85.1   9.80  14.000    0.02146    2.29    2.37    3.14
17-07-2024 08:01:14.09  226.18   0.448  27.894   32.867   85.1   9.80  14.000    0.01554    2.00    2.62    3.32
17-07-2024 08:01:14.34  226.31   0.448  27.894   32.868   85.1   9.80  14.000    0.00444    2.13    2.85    2.90
17-07-2024 08:01:14.59  226.38   0.449  27.893   32.866   85.1   9.80  14.000    0.00518    2.21    1.83    3.25
17-07-2024 08:01:14.84  226.45   0.448  27.894   32.868   85.1   9.80  14.000   -0.00666    2.30    2.36    3.06
17-07-2024 08:01:15.08  226.54   0.449  27.894   32.867   85.1   9.80  14.000    0.04145    2.21    2.27    3.11
17-07-2024 08:01:15.33  226.66   0.449  27.893   32.866   85.1   9.80  14.000   -0.00592    2.21    2.27    3.11
17-07-2024 08:01:15.57  226.71   0.449  27.894   32.867   85.1   9.80  14.000    0.00592    1.98    2.26    3.23
17-07-2024 08:01:15.82  226.81   0.449  27.895   32.868   85.1   9.80  14.000   -0.01036    2.12    2.29    3.26
17-07-2024 08:01:16.06  226.91   0.449  27.895   32.868   85.1   9.80  14.000    0.01628    2.23    2.26    2.87
17-07-2024 08:01:16.31  226.99   0.449  27.895   32.867   85.1   9.80  14.000    0.01554    2.00    2.47    3.06
17-07-2024 08:01:16.55  227.06   0.449  27.894   32.866   85.1   9.80  14.000    0.01184    2.13    2.11    3.16
17-07-2024 08:01:16.80  227.16   0.450  27.895   32.867   85.1   9.80  14.000    0.00666    2.13    2.11    3.16
17-07-2024 08:01:17.04  227.23   0.450  27.896   32.867   85.1   9.80  14.000    0.01776    2.10    2.59    2.93
17-07-2024 08:01:17.29  227.30   0.450  27.895   32.867   85.1   9.80  14.000    0.03109    2.12    2.10    3.19
17-07-2024 08:01:17.54  227.40   0.449  27.896   32.868   85.1   9.80  14.000    0.01332    2.15    2.32    3.29
17-07-2024 08:01:17.78  227.44   0.450  27.896   32.869   85.1   9.80  14.000    0.03109    2.05    2.28    3.04
17-07-2024 08:01:18.03  227.56   0.449  27.896   32.868   85.1   9.80  14.000    0.01628    2.22    2.68    3.08
17-07-2024 08:01:18.28  227.64   0.450  27.896   32.868   85.1   9.80  14.000    0.01184    2.02    2.39    3.04
17-07-2024 08:01:18.53  227.72   0.450  27.896   32.868   85.1   9.80  14.000    0.03109    1.93    2.50    2.87
17-07-2024 08:01:18.77  227.81   0.450  27.896   32.868   85.1   9.80  14.000    0.01850    1.93    2.50    2.87
17-07-2024 08:01:19.02  227.92   0.450  27.897   32.869   85.1   9.80  14.000    0.00666    2.08    2.63    3.31
17-07-2024 08:01:19.26  227.99   0.451  27.897   32.868   85.1   9.80  14.000    0.01406    2.01    2.29    3.04
17-07-2024 08:01:19.51  228.07   0.451  27.897   32.868   85.1   9.80  14.000    0.01184    2.12    1.98    3.13
17-07-2024 08:01:19.75  228.13   0.451  27.898   32.869   85.1   9.80  14.000    0.02220    2.22    2.12    3.11
17-07-2024 08:01:20.00  228.26   0.451  27.898   32.869   85.1   9.80  14.000    0.00740    2.21    1.84    2.98
17-07-2024 08:01:20.24  228.35   0.451  27.899   32.869   85.0   9.80  14.000    0.01184    2.21    1.84    2.98
17-07-2024 08:01:20.49  228.40   0.452  27.899   32.869   85.0   9.80  14.000    0.00592    2.04    2.49    3.09
17-07-2024 08:01:20.73  228.46   0.452  27.899   32.869   85.0   9.80  14.000    0.02591    2.19    2.59    3.21
17-07-2024 08:01:20.98  228.58   0.453  27.901   32.870   85.0   9.80  14.000    0.02368    2.14    2.31    3.27
17-07-2024 08:01:21.23  228.68   0.454  27.902   32.871   85.0   9.79  14.000    0.02591    1.95    2.39    3.25
17-07-2024 08:01:21.47  228.73   0.454  27.901   32.869   85.0   9.79  14.000    0.01332    1.93    2.61    3.10
17-07-2024 08:01:21.72  228.79   0.455  27.903   32.872   85.0   9.80  14.000    0.02220    2.03    2.21    2.86
17-07-2024 08:01:21.96  228.92   0.455  27.903   32.871   85.0   9.79  14.000   -0.00074    2.03    2.21    2.86
17-07-2024 08:01:22.21  228.96   0.455  27.904   32.871   85.0   9.79  14.000    0.01184    1.87    1.85    3.34
17-07-2024 08:01:22.46  229.09   0.457  27.905   32.872   85.0   9.79  14.000    0.00074    2.09    2.62    2.70
17-07-2024 08:01:22.70  229.17   0.457  27.906   32.873   85.0   9.79  14.000    0.00370    2.22    2.30    3.22
17-07-2024 08:01:22.95  229.23   0.459  27.907   32.872   85.0   9.79  14.000    0.01998    2.22    2.25    3.10
17-07-2024 08:01:23.19  229.33   0.460  27.909   32.873   85.0   9.79  14.000    0.00962    1.85    2.43    3.07
17-07-2024 08:01:23.44  229.46   0.461  27.909   32.872   85.0   9.79  14.000    0.01776    2.29    2.78    3.13
17-07-2024 08:01:23.68  229.52   0.461  27.911   32.874   85.0   9.79  14.000    0.00222    2.29    2.78    3.13
17-07-2024 08:01:23.93  229.60   0.461  27.911   32.875   85.0   9.79  14.000    0.02146    1.65    2.23    3.55
17-07-2024 08:01:24.17  229.65   0.461  27.911   32.874   85.0   9.79  14.000    0.01554    2.30    2.94    2.75
17-07-2024 08:01:24.42  229.73   0.461  27.911   32.874   85.0   9.79  14.000    0.00222    2.13    2.75    2.99
17-07-2024 08:01:24.66  229.81   0.461  27.911   32.874   85.0   9.79  14.000    0.00518    1.85    2.46    3.08
17-07-2024 08:01:24.91  229.89   0.462  27.911   32.873   85.0   9.79  14.000    0.01480    2.11    2.53    2.94
17-07-2024 08:01:25.15  229.99   0.461  27.911   32.874   85.0   9.79  14.000    0.00740    2.21    2.50    2.97
17-07-2024 08:01:25.41  230.05   0.461  27.911   32.874   85.0   9.79  14.000    0.00888    2.21    2.50    2.97
17-07-2024 08:01:25.65  230.17   0.462  27.912   32.874   85.0   9.79  14.000   -0.01036    2.31    2.11    3.12
17-07-2024 08:01:25.90  230.26   0.461  27.911   32.874   85.0   9.79  14.000    0.00592    1.90    2.59    2.93
17-07-2024 08:01:26.15  230.35   0.462  27.911   32.873   85.0   9.79  14.000    0.00370    2.06    2.36    2.99
17-07-2024 08:01:26.39  230.40   0.462  27.912   32.874   85.0   9.79  14.000    0.00814    1.82    2.24    3.02
17-07-2024 08:01:26.64  230.51   0.462  27.912   32.874   85.0   9.79  14.000    0.00814    2.06    1.95    2.89
17-07-2024 08:01:26.88  230.55   0.462  27.912   32.874   85.0   9.79  14.000    0.01776    2.06    2.49    3.15
17-07-2024 08:01:27.13  230.61   0.461  27.912   32.875   85.0   9.79  14.000    0.01924    2.06    2.49    3.15
17-07-2024 08:01:27.37  230.72   0.461  27.911   32.873   85.0   9.79  14.000   -0.01036    1.92    2.23    3.12
17-07-2024 08:01:27.62  230.83   0.462  27.912   32.874   85.0   9.79  14.000    0.01776    2.41    2.35    3.26
17-07-2024 08:01:27.86  230.89   0.462  27.912   32.873   85.0   9.79  14.000    0.00888    2.12    2.66    3.18
17-07-2024 08:01:28.11  230.99   0.463  27.914   32.876   85.0   9.79  14.000    0.00740    2.07    2.36    3.22
17-07-2024 08:01:28.35  231.07   0.464  27.915   32.875   85.0   9.79  14.000    0.02072    1.82    2.79    2.92
17-07-2024 08:01:28.60  231.14   0.464  27.915   32.876   85.0   9.79  14.000    0.01776    2.04    2.24    3.19
17-07-2024 08:01:28.84  231.23   0.464  27.916   32.876   85.0   9.79  14.000    0.01406    2.04    2.24    3.19
17-07-2024 08:01:29.09  231.32   0.465  27.915   32.875   85.0   9.79  14.000    0.01036    2.01    2.23    3.00
17-07-2024 08:01:29.34  231.40   0.465  27.915   32.875   85.0   9.79  14.000    0.00592    2.09    2.53    3.61
17-07-2024 08:01:29.59  231.47   0.465  27.915   32.875   85.0   9.79  14.000   -0.00518    2.06    2.24    2.81
17-07-2024 08:01:29.83  231.58   0.465  27.916   32.875   85.0   9.78  14.000    0.01776    2.27    2.06    2.89
17-07-2024 08:01:30.08  231.67   0.465  27.916   32.875   85.0   9.79  14.000    0.02813    2.03    1.95    2.94
17-07-2024 08:01:30.32  231.73   0.465  27.916   32.875   85.0   9.79  14.000   -0.00740    1.86    2.14    3.19
17-07-2024 08:01:30.57  231.86   0.465  27.916   32.875   85.0   9.79  14.000    0.00666    1.86    2.14    3.19
17-07-2024 08:01:30.81  231.89   0.466  27.918   32.877   85.0   9.79  14.000    0.00740    2.46    1.66    3.26
17-07-2024 08:01:31.06  231.98   0.466  27.918   32.877   85.0   9.79  14.000   -0.01480    2.06    2.64    3.07
17-07-2024 08:01:31.30  232.05   0.466  27.918   32.877   85.0   9.79  14.000   -0.00444    2.12    2.78    3.37
17-07-2024 08:01:31.55  232.17   0.467  27.919   32.877   85.0   9.78  14.000    0.02220    1.95    2.79    3.06
17-07-2024 08:01:31.79  232.25   0.468  27.920   32.877   85.0   9.78  14.000   -0.00074    2.36    2.70    3.28
17-07-2024 08:01:32.05  232.34   0.468  27.921   32.878   85.0   9.78  14.000    0.01184    1.90    2.82    3.36
17-07-2024 08:01:32.28  232.39   0.468  27.921   32.878   85.0   9.78  14.000    0.00740    1.90    2.82    3.36
17-07-2024 08:01:32.53  232.47   0.468  27.920   32.876   85.0   9.78  14.000    0.00888    2.03    2.37    3.15
17-07-2024 08:01:32.79  232.59   0.468  27.920   32.878   85.0   9.78  14.000    0.00296    2.06    2.55    3.17
17-07-2024 08:01:33.03  232.67   0.468  27.921   32.878   85.0   9.78  14.000    0.00222    2.00    2.24    3.26
17-07-2024 08:01:33.28  232.77   0.469  27.922   32.878   85.0   9.78  14.000    0.01110    1.77    1.93    3.26
17-07-2024 08:01:33.53  232.85   0.468  27.921   32.878   85.0   9.78  14.000    0.01036    2.23    2.08    2.96
17-07-2024 08:01:33.77  232.89   0.468  27.921   32.878   85.0   9.78  14.000    0.02294    2.03    2.40    3.11
17-07-2024 08:01:34.01  233.00   0.469  27.921   32.877   85.0   9.78  14.000    0.02368    2.03    2.40    3.11
17-07-2024 08:01:34.26  233.06   0.469  27.921   32.878   85.0   9.78  14.000   -0.00444    2.24    2.42    2.96
17-07-2024 08:01:34.51  233.15   0.469  27.922   32.878   85.0   9.78  14.000    0.01480    2.07    2.19    3.24
17-07-2024 08:01:34.75  233.24   0.468  27.922   32.878   85.0   9.78  14.000    0.00074    2.16    2.11    2.95
17-07-2024 08:01:35.00  233.34   0.468  27.922   32.878   85.0   9.78  14.000    0.00666    2.12    2.16    2.89
17-07-2024 08:01:35.24  233.41   0.469  27.921   32.877   85.0   9.78  14.000    0.00296    1.90    1.85    3.05
17-07-2024 08:01:35.49  233.52   0.469  27.922   32.878   85.0   9.78  14.000    0.00962    2.15    1.90    3.36
17-07-2024 08:01:35.73  233.58   0.469  27.922   32.878   85.0   9.78  14.000    0.00296    2.15    1.90    3.36
17-07-2024 08:01:35.98  233.67   0.469  27.922   32.878   85.0   9.78  14.000    0.00222    2.33    2.41    3.06
17-07-2024 08:01:36.22  233.76   0.469  27.923   32.878   85.0   9.78  14.000    0.00592    1.87    2.34    3.33
17-07-2024 08:01:36.47  233.83   0.469  27.921   32.877   85.0   9.78  14.000    0.00518    1.86    2.28    3.13
17-07-2024 08:01:36.71  233.92   0.470  27.922   32.877   85.0   9.78  14.000    0.01332    2.18    2.49    3.31
17-07-2024 08:01:36.96  234.01   0.469  27.923   32.879   85.0   9.78  14.000    0.00518    2.09    1.91    2.99
17-07-2024 08:01:37.21  234.05   0.469  27.923   32.878   85.0   9.78  14.000    0.02146    1.91    2.43    3.11
17-07-2024 08:01:37.45  234.14   0.469  27.923   32.878   85.0   9.78  14.000    0.00592    1.91    2.43    3.11
17-07-2024 08:01:37.70  234.25   0.470  27.922   32.877   85.0   9.78  14.000   -0.00518    1.90    2.43    3.10
17-07-2024 08:01:37.94  234.31   0.470  27.923   32.878   84.9   9.78  14.000    0.01776    2.34    2.29    3.54
17-07-2024 08:01:38.19  234.43   0.469  27.923   32.879   85.0   9.78  14.000    0.02294    2.07    2.01    3.19
17-07-2024 08:01:38.43  234.48   0.469  27.923   32.878   85.0   9.78  14.000    0.01406    1.82    2.28    2.95
17-07-2024 08:01:38.68  234.59   0.469  27.922   32.877   85.0   9.78  14.000    0.01036    2.04    2.11    3.31
17-07-2024 08:01:38.92  234.63   0.469  27.923   32.878   84.9   9.78  14.000    0.01184    1.89    1.81    3.23
17-07-2024 08:01:39.17  234.72   0.469  27.924   32.879   85.0   9.78  14.000   -0.00222    1.89    1.81    3.23
17-07-2024 08:01:39.41  234.82   0.470  27.924   32.878   84.9   9.78  14.000    0.01850    2.11    2.57    3.10
17-07-2024 08:01:39.66  234.88   0.470  27.923   32.878   85.0   9.78  14.000    0.00296    2.09    2.45    3.32
17-07-2024 08:01:39.91  234.99   0.469  27.923   32.878   85.0   9.78  14.000    0.00888    2.20    2.12    3.29
17-07-2024 08:01:40.16  235.03   0.469  27.924   32.879   85.0   9.78  14.000    0.01702    2.07    1.96    3.17
17-07-2024 08:01:40.40  235.13   0.469  27.924   32.879   85.0   9.78  14.000    0.00444    1.89    2.39    3.02
17-07-2024 08:01:40.65  235.25   0.469  27.923   32.878   85.0   9.78  14.000    0.01998    2.43    2.07    3.09
17-07-2024 08:01:40.90  235.33   0.469  27.924   32.879   85.0   9.78  14.000   -0.01110    2.43    2.07    3.09
17-07-2024 08:01:41.14  235.41   0.469  27.923   32.878   85.0   9.78  14.000    0.00000    2.38    2.39    3.61
17-07-2024 08:01:41.39  235.46   0.469  27.923   32.878   85.0   9.78  14.000    0.01998    1.81    2.23    3.17
17-07-2024 08:01:41.63  235.60   0.470  27.924   32.878   85.0   9.78  14.000    0.00518    1.98    2.27    3.15
17-07-2024 08:01:41.88  235.66   0.470  27.923   32.877   85.0   9.78  14.000    0.01776    1.88    1.95    3.06
17-07-2024 08:01:42.12  235.75   0.470  27.924   32.879   85.0   9.78  14.000   -0.00370    2.03    2.28    3.24
17-07-2024 08:01:42.37  235.82   0.470  27.925   32.879   84.9   9.78  14.000    0.01332    2.03    2.18    3.21
17-07-2024 08:01:42.61  235.91   0.470  27.924   32.879   85.0   9.78  14.000   -0.00296    2.03    2.18    3.21
17-07-2024 08:01:42.86  235.95   0.470  27.925   32.879   85.0   9.78  14.000    0.00666    1.99    2.11    3.10
17-07-2024 08:01:43.11  236.05   0.470  27.925   32.879   84.9   9.78  14.000   -0.00370    2.15    1.96    2.97
17-07-2024 08:01:43.35  236.14   0.470  27.925   32.879   85.0   9.78  14.000    0.00518    2.14    2.17    2.95
17-07-2024 08:01:43.59  236.23   0.470  27.925   32.880   84.9   9.78  14.000    0.00814    2.23    2.54    3.08
17-07-2024 08:01:43.85  236.34   0.470  27.924   32.878   85.0   9.78  14.000   -0.00370    2.24    2.69    3.01
17-07-2024 08:01:44.09  236.44   0.470  27.925   32.879   84.9   9.78  14.000    0.00444    2.13    2.32    3.34
17-07-2024 08:01:44.34  236.51   0.471  27.926   32.879   84.9   9.78  14.000    0.00814    2.13    2.32    3.34
17-07-2024 08:01:44.59  236.59   0.470  27.925   32.879   84.9   9.78  14.000   -0.00370    2.08    2.39    3.23
17-07-2024 08:01:44.83  236.67   0.470  27.926   32.879   84.9   9.78  14.000   -0.01702    1.86    2.24    3.29
17-07-2024 08:01:45.08  236.72   0.471  27.926   32.879   85.0   9.78  14.000    0.00444    2.00    2.40    3.04
17-07-2024 08:01:45.32  236.81   0.471  27.925   32.878   84.9   9.78  14.000   -0.02294    1.58    1.95    3.13
17-07-2024 08:01:45.57  236.93   0.471  27.926   32.879   84.9   9.78  14.000   -0.00074    1.95    2.60    3.20
17-07-2024 08:01:45.81  236.99   0.471  27.926   32.879   84.9   9.78  14.000    0.00740    2.14    2.89    3.31
17-07-2024 08:01:46.06  237.11   0.470  27.925   32.879   84.9   9.78  14.000    0.01406    2.14    2.89    3.31
17-07-2024 08:01:46.30  237.22   0.471  27.926   32.878   84.9   9.78  14.000    0.00666    2.11    2.16    3.15
17-07-2024 08:01:46.55  237.29   0.471  27.926   32.878   85.0   9.78  14.000    0.00592    2.18    1.99    3.03
17-07-2024 08:01:46.79  237.38   0.471  27.926   32.879   84.9   9.78  14.000   -0.00740    2.13    2.22    3.26
17-07-2024 08:01:47.04  237.44   0.471  27.926   32.878   84.9   9.78  14.000   -0.00666    2.40    2.29    2.94
17-07-2024 08:01:47.28  237.53   0.471  27.926   32.879   84.9   9.78  14.000    0.00592    2.17    2.30    2.93
17-07-2024 08:01:47.53  237.58   0.471  27.927   32.879   85.0   9.78  14.000   -0.00148    2.20    2.19    3.10
17-07-2024 08:01:47.78  237.66   0.471  27.926   32.879   85.0   9.78  14.000   -0.01480    2.20    2.19    3.10
17-07-2024 08:01:48.03  237.73   0.471  27.927   32.879   85.0   9.78  14.000    0.00740    2.37    2.38    3.04
17-07-2024 08:01:48.27  237.85   0.471  27.926   32.879   85.0   9.78  14.000    0.00444    2.18    2.24    3.08
17-07-2024 08:01:48.52  237.95   0.471  27.926   32.879   85.0   9.78  14.000    0.01480    2.31    2.27    2.85
17-07-2024 08:01:48.76  238.01   0.471  27.927   32.879   84.9   9.78  14.000    0.01998    2.17    2.13    3.06
17-07-2024 08:01:49.01  238.10   0.471  27.927   32.880   85.0   9.78  14.000   -0.00296    2.02    1.95    3.04
17-07-2024 08:01:49.25  238.18   0.471  27.926   32.879   85.0   9.78  14.000    0.02665    2.16    2.13    3.13
17-07-2024 08:01:49.50  238.28   0.471  27.927   32.879   84.9   9.78  14.000    0.00148    2.16    2.13    3.13
17-07-2024 08:01:49.74  238.37   0.471  27.926   32.878   85.0   9.78  14.000    0.01110    2.12    2.31    3.50
17-07-2024 08:01:49.99  238.40   0.471  27.926   32.878   85.0   9.78  14.000   -0.00074    1.85    2.04    3.13
17-07-2024 08:01:50.23  238.51   0.471  27.926   32.878   84.9   9.78  14.000    0.00518    1.85    2.24    3.22
17-07-2024 08:01:50.48  238.63   0.471  27.927   32.879   84.9   9.78  14.000    0.00074    2.08    2.24    3.07
17-07-2024 08:01:50.72  238.63   0.471  27.928   32.880   84.9   9.78  14.000   -0.00074    1.99    2.15    3.42
17-07-2024 08:01:50.97  238.74   0.471  27.927   32.879   84.9   9.78  14.000   -0.00222    2.04    2.19    3.03
17-07-2024 08:01:51.22  238.84   0.471  27.928   32.880   84.9   9.78  14.000   -0.00296    2.04    2.19    3.03
17-07-2024 08:01:51.47  238.97   0.471  27.928   32.880   84.9   9.78  14.000    0.00000    1.81    2.81    3.23
17-07-2024 08:01:51.71  239.04   0.471  27.928   32.880   84.9   9.78  14.000    0.01332    2.27    2.05    3.11
17-07-2024 08:01:51.96  239.11   0.471  27.928   32.880   84.9   9.78  14.000    0.00444    2.14    2.59    3.20
17-07-2024 08:01:52.20  239.23   0.471  27.929   32.881   84.9   9.78  14.000    0.01036    2.02    2.37    3.05
17-07-2024 08:01:52.45  239.30   0.472  27.928   32.880   85.0   9.78  14.000   -0.01184    1.98    2.54    2.96
17-07-2024 08:01:52.69  239.39   0.471  27.929   32.881   84.9   9.78  14.000    0.01628    2.02    2.45    3.26
17-07-2024 08:01:52.94  239.44   0.471  27.928   32.879   84.9   9.78  14.000    0.01184    2.02    2.45    3.26
17-07-2024 08:01:53.18  239.51   0.471  27.927   32.879   84.9   9.78  14.000   -0.00962    2.23    2.06    2.97
17-07-2024 08:01:53.43  239.63   0.472  27.928   32.879   84.9   9.78  14.000    0.00888    2.21    2.27    3.05
17-07-2024 08:01:53.67  239.69   0.472  27.928   32.878   85.0   9.78  14.000    0.01406    1.95    1.87    3.29
17-07-2024 08:01:53.92  239.78   0.472  27.930   32.881   84.9   9.78  14.000    0.00740    2.15    1.96    3.26
17-07-2024 08:01:54.17  239.85   0.473  27.929   32.880   85.0   9.78  14.000   -0.00296    1.92    2.18    3.16
17-07-2024 08:01:54.41  239.94   0.473  27.929   32.880   84.9   9.78  14.000   -0.00592    1.92    2.18    3.16
17-07-2024 08:01:54.65  240.07   0.473  27.929   32.879   84.9   9.78  14.000    0.00518    2.27    2.11    3.34
17-07-2024 08:01:54.91  240.08   0.473  27.930   32.880   84.9   9.78  14.000   -0.01258    1.87    1.99    3.10
17-07-2024 08:01:55.15  240.21   0.473  27.930   32.880   85.0   9.78  14.000   -0.00888    2.14    1.99    3.01
17-07-2024 08:01:55.40  240.26   0.473  27.929   32.879   84.9   9.78  14.000   -0.00592    1.84    2.22    3.14
17-07-2024 08:01:55.65  240.38   0.473  27.930   32.880   84.9   9.78  14.000   -0.00962    2.15    2.52    3.44
17-07-2024 08:01:55.89  240.45   0.473  27.930   32.880   84.9   9.78  14.000    0.01406    2.09    2.06    3.51
17-07-2024 08:01:56.14  240.53   0.474  27.930   32.880   84.9   9.78  14.000    0.03257    2.17    2.63    3.10
17-07-2024 08:01:56.38  240.62   0.473  27.930   32.880   84.9   9.78  14.000    0.01184    2.17    2.63    3.10
17-07-2024 08:01:56.63  240.72   0.474  27.931   32.880   84.9   9.78  14.000    0.01850    1.79    2.21    3.19
17-07-2024 08:01:56.87  240.77   0.474  27.931   32.880   85.0   9.78  14.000   -0.00148    1.66    2.59    2.88
17-07-2024 08:01:57.12  240.89   0.474  27.931   32.880   84.9   9.78  14.000    0.00592    1.84    1.78    2.98
17-07-2024 08:01:57.36  240.95   0.474  27.931   32.880   85.0   9.78  14.000    0.00148    2.31    2.71    3.06
17-07-2024 08:01:57.61  241.03   0.474  27.931   32.880   85.0   9.78  14.000    0.00814    2.06    2.11    3.32
17-07-2024 08:01:57.85  241.15   0.474  27.931   32.880   85.0   9.78  14.000    0.02220    2.06    2.11    3.32
17-07-2024 08:01:58.10  241.20   0.475  27.932   32.880   85.0   9.78  14.000   -0.00888    2.32    2.74    3.14
17-07-2024 08:01:58.34  241.32   0.474  27.932   32.881   85.0   9.78  14.000    0.00370    2.17    2.27    3.39
17-07-2024 08:01:58.60  241.40   0.475  27.932   32.880   85.0   9.78  14.000    0.00888    2.37    2.27    3.07
17-07-2024 08:01:58.84  241.48   0.475  27.933   32.881   85.0   9.78  14.000   -0.00518    1.89    1.84    3.31
17-07-2024 08:01:59.09  241.57   0.475  27.933   32.880   85.0   9.78  14.000    0.01702    2.28    2.04    3.09
17-07-2024 08:01:59.33  241.66   0.476  27.933   32.880   85.0   9.78  14.000    0.02368    2.31    2.07    3.28
17-07-2024 08:01:59.58  241.75   0.476  27.934   32.881   85.0   9.78  14.000   -0.00518    2.05    1.84    3.32
17-07-2024 08:01:59.82  241.83   0.476  27.934   32.881   85.0   9.78  14.000   -0.00370    2.05    1.84    3.32
17-07-2024 08:02:00.07  241.90   0.476  27.934   32.882   85.0   9.78  14.000   -0.00814    2.10    2.22    3.18
17-07-2024 08:02:00.31  242.02   0.477  27.934   32.880   84.9   9.78  14.000    0.01036    2.23    2.15    3.22
17-07-2024 08:02:00.56  242.08   0.477  27.934   32.881   85.0   9.78  14.000    0.01480    1.94    2.04    3.29
17-07-2024 08:02:00.80  242.18   0.477  27.935   32.882   85.0   9.78  14.000    0.00296    2.43    2.11    3.33
17-07-2024 08:02:01.05  242.24   0.477  27.935   32.882   85.0   9.78  14.000   -0.00148    2.29    2.36    3.23
17-07-2024 08:02:01.29  242.34   0.477  27.936   32.882   85.0   9.78  14.000   -0.00296    2.29    2.36    3.23
17-07-2024 08:02:01.54  242.43   0.478  27.935   32.881   84.9   9.78  14.000   -0.00296    2.22    2.08    2.97
17-07-2024 08:02:01.79  242.49   0.478  27.936   32.882   85.0   9.78  14.000    0.02072    2.29    2.24    2.93
17-07-2024 08:02:02.03  242.59   0.478  27.935   32.880   85.0   9.78  14.000    0.00814    2.14    2.20    3.09
17-07-2024 08:02:02.28  242.70   0.478  27.936   32.881   85.0   9.78  14.000   -0.00148    2.19    2.36    2.91
17-07-2024 08:02:02.53  242.78   0.478  27.936   32.882   84.9   9.78  14.000    0.01406    1.50    2.18    3.21
17-07-2024 08:02:02.78  242.84   0.478  27.937   32.882   85.0   9.78  14.000    0.01702    2.13    2.05    3.49
17-07-2024 08:02:03.02  242.94   0.479  27.938   32.882   85.0   9.78  14.000    0.01110    2.13    2.05    3.49
17-07-2024 08:02:03.27  243.01   0.479  27.939   32.883   85.0   9.78  14.000    0.00592    2.09    2.18    3.15
17-07-2024 08:02:03.51  243.10   0.479  27.937   32.882   84.9   9.78  14.000    0.01480    2.20    1.94    3.26
17-07-2024 08:02:03.76  243.18   0.479  27.938   32.882   84.9   9.78  14.000    0.01776    2.03    2.64    3.07
17-07-2024 08:02:04.00  243.28   0.480  27.939   32.883   84.9   9.78  14.000    0.00296    1.93    2.58    2.84
17-07-2024 08:02:04.25  243.35   0.480  27.939   32.882   85.0   9.78  14.000    0.00962    1.68    2.16    3.07
17-07-2024 08:02:04.49  243.45   0.480  27.939   32.882   85.0   9.78  14.000    0.01924    2.09    1.89    3.11
17-07-2024 08:02:04.74  243.51   0.480  27.939   32.882   85.0   9.78  14.000    0.00962    2.09    1.89    3.11
17-07-2024 08:02:04.98  243.61   0.480  27.940   32.884   84.9   9.78  14.000   -0.00222    2.34    2.57    3.32
17-07-2024 08:02:05.23  243.72   0.480  27.939   32.882   85.0   9.78  14.000    0.01406    2.38    2.23    2.99
17-07-2024 08:02:05.47  243.76   0.481  27.939   32.882   85.0   9.78  14.000    0.00518    2.04    2.79    3.60
17-07-2024 08:02:05.72  243.84   0.481  27.940   32.883   84.9   9.77  14.000    0.00888    2.13    1.70    3.30
17-07-2024 08:02:05.97  243.92   0.480  27.940   32.883   85.0   9.78  14.000   -0.00888    1.85    2.05    3.18
17-07-2024 08:02:06.21  244.00   0.480  27.940   32.883   85.0   9.78  14.000    0.00888    2.27    2.21    3.04
17-07-2024 08:02:06.46  244.12   0.480  27.939   32.882   84.9   9.78  14.000    0.00148    2.27    2.21    3.04
17-07-2024 08:02:06.71  244.18   0.480  27.941   32.884   84.9   9.78  14.000   -0.01850    2.00    2.13    3.16
17-07-2024 08:02:06.95  244.27   0.480  27.939   32.882   85.0   9.78  14.000    0.01258    2.23    2.32    3.27
17-07-2024 08:02:07.20  244.35   0.480  27.940   32.882   84.9   9.78  14.000    0.00370    1.97    2.25    3.06
17-07-2024 08:02:07.44  244.43   0.480  27.940   32.882   84.9   9.77  14.000    0.00074    2.17    2.12    3.08
17-07-2024 08:02:07.69  244.52   0.480  27.941   32.884   84.9   9.78  14.000    0.00148    2.29    2.02    3.31
17-07-2024 08:02:07.93  244.60   0.480  27.940   32.883   85.0   9.78  14.000    0.00000    2.18    2.13    3.12
17-07-2024 08:02:08.18  244.68   0.480  27.940   32.883   85.0   9.78  14.000    0.00148    2.18    2.13    3.12
17-07-2024 08:02:08.42  244.77   0.480  27.940   32.883   85.0   9.78  14.000   -0.00370    2.09    2.14    2.99
17-07-2024 08:02:08.67  244.86   0.481  27.941   32.884   85.0   9.78  14.000   -0.01850    1.86    2.25    3.24
17-07-2024 08:02:08.91  244.92   0.481  27.941   32.883   84.9   9.77  14.000    0.01110    2.14    2.12    3.29
17-07-2024 08:02:09.16  244.99   0.480  27.940   32.882   84.9   9.77  14.000    0.00814    2.12    2.41    3.36
17-07-2024 08:02:09.40  245.06   0.480  27.941   32.883   84.9   9.78  14.000   -0.00518    2.16    2.21    2.95
17-07-2024 08:02:09.66  245.16   0.480  27.940   32.882   85.0   9.78  14.000    0.00148    1.96    2.00    3.55
17-07-2024 08:02:09.90  245.27   0.480  27.941   32.883   84.9   9.78  14.000    0.01036    1.96    2.00    3.55
17-07-2024 08:02:10.15  245.33   0.480  27.940   32.882   85.0   9.78  14.000   -0.00222    2.16    2.35    3.48
17-07-2024 08:02:10.40  245.43   0.480  27.940   32.883   84.9   9.77  14.000    0.01628    1.89    2.25    3.02
17-07-2024 08:02:10.64  245.53   0.480  27.940   32.882   84.9   9.78  14.000    0.01406    2.36    2.43    3.29
17-07-2024 08:02:10.89  245.59   0.481  27.941   32.883   84.9   9.77  14.000    0.00296    2.18    2.10    3.25
17-07-2024 08:02:11.13  245.67   0.481  27.941   32.883   84.9   9.77  14.000    0.00666    1.98    2.42    3.05
17-07-2024 08:02:11.38  245.74   0.480  27.941   32.884   84.9   9.77  14.000   -0.01184    1.76    2.49    3.25
17-07-2024 08:02:11.62  245.81   0.481  27.941   32.883   84.9   9.77  14.000   -0.00222    1.76    2.49    3.25
17-07-2024 08:02:11.87  245.90   0.481  27.940   32.882   84.9   9.77  14.000   -0.00740    2.01    2.12    3.33
17-07-2024 08:02:12.11  245.99   0.481  27.940   32.882   84.9   9.77  14.000    0.01628    2.20    2.64    3.38
17-07-2024 08:02:12.36  246.06   0.481  27.942   32.884   84.9   9.77  14.000   -0.00888    2.11    2.34    3.12
17-07-2024 08:02:12.60  246.17   0.481  27.943   32.884   84.9   9.77  14.000    0.01184    2.20    2.63    2.87
17-07-2024 08:02:12.85  246.24   0.482  27.943   32.884   84.9   9.77  14.000    0.00962    2.28    2.74    2.99
17-07-2024 08:02:13.09  246.33   0.482  27.943   32.883   84.9   9.77  14.000    0.01110    1.98    2.67    2.72
17-07-2024 08:02:13.35  246.42   0.482  27.943   32.884   84.9   9.77  14.000    0.00666    1.98    2.67    2.72
17-07-2024 08:02:13.59  246.50   0.483  27.944   32.884   84.9   9.77  14.000   -0.00148    2.00    2.03    2.87
17-07-2024 08:02:13.84  246.59   0.484  27.944   32.883   84.9   9.77  14.000    0.01850    2.09    2.27    3.13
17-07-2024 08:02:14.09  246.65   0.484  27.945   32.884   84.9   9.77  14.000    0.00444    1.84    2.42    3.26
17-07-2024 08:02:14.33  246.75   0.483  27.945   32.885   84.9   9.77  14.000   -0.00222    2.30    2.48    3.21
17-07-2024 08:02:14.58  246.80   0.483  27.944   32.884   84.9   9.77  14.000    0.00888    2.03    2.12    2.83
17-07-2024 08:02:14.82  246.90   0.484  27.945   32.885   84.9   9.77  14.000    0.00518    2.19    2.61    3.27
17-07-2024 08:02:15.06  246.98   0.483  27.944   32.884   84.9   9.77  14.000   -0.01332    2.19    2.61    3.27
17-07-2024 08:02:15.31  247.09   0.483  27.944   32.883   84.9   9.77  14.000   -0.01184    1.97    2.60    3.30
17-07-2024 08:02:15.56  247.16   0.484  27.944   32.884   84.9   9.77  14.000    0.01184    2.33    2.12    3.41
17-07-2024 08:02:15.80  247.27   0.484  27.945   32.884   84.9   9.77  14.000    0.01184    1.86    2.56    3.57
17-07-2024 08:02:16.05  247.35   0.484  27.945   32.884   84.9   9.77  14.000    0.01628    2.12    2.68    3.00
17-07-2024 08:02:16.29  247.44   0.484  27.946   32.885   84.9   9.77  14.000    0.00666    1.78    2.16    3.04
17-07-2024 08:02:16.54  247.53   0.484  27.946   32.885   84.9   9.77  14.000    0.00148    1.65    2.20    3.05
17-07-2024 08:02:16.78  247.61   0.484  27.948   32.887   84.9   9.77  14.000   -0.00148    1.65    2.20    3.05
17-07-2024 08:02:17.03  247.68   0.484  27.948   32.887   84.9   9.77  14.000    0.00370    2.02    2.30    3.19
17-07-2024 08:02:17.28  247.78   0.485  27.946   32.884   84.9   9.77  14.000   -0.03183    1.78    2.21    3.34
17-07-2024 08:02:17.53  247.86   0.485  27.946   32.883   84.9   9.77  14.000    0.00962    2.25    1.87    3.62
17-07-2024 08:02:17.77  247.94   0.486  27.948   32.886   84.9   9.77  14.000    0.01036    2.05    1.79    3.19
17-07-2024 08:02:18.02  248.01   0.486  27.947   32.884   84.9   9.77  14.000    0.00444    2.04    2.05    3.10
17-07-2024 08:02:18.26  248.10   0.486  27.951   32.888   84.9   9.77  14.000    0.00444    2.08    2.52    3.36
17-07-2024 08:02:18.51  248.18   0.487  27.949   32.885   84.9   9.77  14.000   -0.00740    2.08    2.52    3.36
17-07-2024 08:02:18.75  248.29   0.488  27.950   32.887   84.9   9.77  14.000    0.00148    2.13    1.99    3.12
17-07-2024 08:02:19.00  248.38   0.488  27.950   32.886   84.9   9.76  14.000    0.00592    1.95    2.11    3.16
17-07-2024 08:02:19.24  248.46   0.488  27.953   32.889   84.9   9.76  14.000   -0.00148    2.24    2.41    2.90
17-07-2024 08:02:19.49  248.52   0.488  27.951   32.886   84.9   9.77  14.000    0.01702    2.23    2.52    3.05
17-07-2024 08:02:19.73  248.62   0.488  27.950   32.885   84.9   9.76  14.000    0.00592    1.80    1.99    3.12
17-07-2024 08:02:19.98  248.72   0.489  27.953   32.888   84.8   9.76  14.000   -0.00148    2.04    2.20    2.87
17-07-2024 08:02:20.23  248.78   0.489  27.951   32.886   84.9   9.76  14.000    0.00888    2.04    2.20    2.87
17-07-2024 08:02:20.47  248.85   0.489  27.953   32.888   84.9   9.76  14.000   -0.00222    2.37    2.09    3.50
17-07-2024 08:02:20.72  248.95   0.489  27.954   32.889   84.9   9.76  14.000    0.00740    2.03    2.03    2.95
17-07-2024 08:02:20.97  249.03   0.489  27.954   32.888   84.9   9.77  14.000    0.00740    1.85    2.36    2.87
17-07-2024 08:02:21.22  249.13   0.489  27.952   32.887   84.9   9.76  14.000    0.02072    1.75    2.53    3.22
17-07-2024 08:02:21.46  249.22   0.489  27.951   32.885   84.9   9.76  14.000    0.00962    1.79    2.31    3.39
17-07-2024 08:02:21.70  249.31   0.489  27.953   32.888   84.9   9.76  14.000   -0.00296    1.88    2.78    2.98
17-07-2024 08:02:21.95  249.40   0.489  27.955   32.890   84.9   9.76  14.000    0.00148    1.88    2.78    2.98
17-07-2024 08:02:22.19  249.47   0.490  27.955   32.889   84.9   9.76  14.000    0.00592    2.26    2.53    3.01
17-07-2024 08:02:22.44  249.57   0.490  27.956   32.889   84.9   9.76  14.000    0.00370    1.77    2.18    3.15
17-07-2024 08:02:22.68  249.66   0.491  27.954   32.887   84.9   9.76  14.000    0.00518    1.84    2.58    2.93
17-07-2024 08:02:22.93  249.73   0.490  27.954   32.888   84.9   9.76  14.000    0.00222    2.20    1.93    3.23
17-07-2024 08:02:23.17  249.80   0.491  27.955   32.888   84.9   9.76  14.000    0.00592    2.19    2.42    3.35
17-07-2024 08:02:23.42  249.88   0.491  27.956   32.889   84.8   9.76  14.000   -0.00888    2.10    1.99    3.31
17-07-2024 08:02:23.66  249.98   0.491  27.954   32.886   84.9   9.76  14.000   -0.00518    2.10    1.99    3.31
17-07-2024 08:02:23.91  250.06   0.491  27.957   32.890   84.9   9.76  14.000   -0.00592    1.77    1.82    3.11
17-07-2024 08:02:24.16  250.16   0.492  27.958   32.890   84.8   9.76  14.000    0.01036    2.13    1.89    3.07
17-07-2024 08:02:24.41  250.24   0.493  27.958   32.890   84.9   9.76  14.000    0.00666    2.17    2.22    3.07
17-07-2024 08:02:24.65  250.31   0.494  27.960   32.890   84.8   9.76  14.000    0.01184    2.18    2.17    2.97
17-07-2024 08:02:24.90  250.38   0.494  27.960   32.890   84.9   9.76  14.000   -0.00518    1.99    2.40    3.13
17-07-2024 08:02:25.15  250.48   0.494  27.959   32.889   84.8   9.76  14.000    0.00814    1.93    2.54    3.21
17-07-2024 08:02:25.39  250.54   0.495  27.959   32.889   84.9   9.76  14.000   -0.01332    1.93    2.54    3.21
17-07-2024 08:02:25.64  250.61   0.495  27.960   32.890   84.9   9.76  14.000   -0.01628    1.93    2.07    3.29
17-07-2024 08:02:25.88  250.70   0.495  27.961   32.890   84.9   9.76  14.000    0.00148    2.31    2.28    3.06
17-07-2024 08:02:26.13  250.78   0.495  27.959   32.888   84.9   9.76  14.000   -0.01258    1.87    2.41    3.26
17-07-2024 08:02:26.37  250.87   0.496  27.961   32.890   84.9   9.77  14.000    0.00592    2.49    2.39    3.24
17-07-2024 08:02:26.62  250.96   0.495  27.960   32.890   84.9   9.76  14.000   -0.00148    2.25    2.41    2.89
17-07-2024 08:02:26.86  251.05   0.495  27.960   32.889   84.9   9.76  14.000    0.00814    2.17    2.33    3.13
17-07-2024 08:02:27.11  251.14   0.495  27.960   32.889   84.9   9.76  14.000   -0.00888    2.17    2.33    3.13
17-07-2024 08:02:27.35  251.22   0.495  27.962   32.891   84.9   9.76  14.000   -0.00444    2.11    2.74    3.33
17-07-2024 08:02:27.60  251.32   0.495  27.961   32.890   84.9   9.76  14.000    0.00888    2.52    2.62    3.26
17-07-2024 08:02:27.84  251.36   0.496  27.961   32.889   84.9   9.76  14.000    0.01702    2.29    2.52    3.30
17-07-2024 08:02:28.10  251.47   0.496  27.962   32.891   84.9   9.76  14.000   -0.01258    2.38    1.70    3.03
17-07-2024 08:02:28.34  251.58   0.496  27.962   32.891   84.9   9.76  14.000    0.00222    1.76    2.07    3.28
17-07-2024 08:02:28.59  251.65   0.496  27.962   32.891   84.9   9.76  14.000   -0.00370    2.00    2.30    3.04
17-07-2024 08:02:28.83  251.72   0.496  27.962   32.891   84.9   9.76  14.000    0.00962    2.00    2.30    3.04
17-07-2024 08:02:29.08  251.85   0.496  27.961   32.890   84.9   9.76  14.000    0.00444    2.26    2.18    3.23
17-07-2024 08:02:29.33  251.93   0.496  27.961   32.889   84.9   9.76  14.000    0.01036    2.05    2.23    3.09
17-07-2024 08:02:29.57  252.02   0.496  27.962   32.890   84.9   9.76  14.000    0.00444    2.00    2.18    3.51
17-07-2024 08:02:29.82  252.09   0.496  27.962   32.890   84.9   9.77  14.000    0.01480    1.87    1.99    3.26
17-07-2024 08:02:30.06  252.16   0.496  27.962   32.891   84.9   9.76  14.000   -0.00666    2.02    2.64    2.93
17-07-2024 08:02:30.31  252.25   0.496  27.962   32.891   84.9   9.76  14.000    0.01850    2.03    2.11    3.11
17-07-2024 08:02:30.55  252.33   0.496  27.963   32.892   84.9   9.76  14.000    0.01184    2.03    2.11    3.11
17-07-2024 08:02:30.80  252.40   0.496  27.963   32.891   84.9   9.76  14.000   -0.00370    2.07    2.56    3.15
17-07-2024 08:02:31.04  252.51   0.496  27.963   32.891   84.9   9.76  14.000   -0.00074    1.65    1.87    3.33
17-07-2024 08:02:31.29  252.58   0.496  27.964   32.893   84.9   9.76  14.000    0.01554    2.01    2.31    3.52
17-07-2024 08:02:31.53  252.70   0.497  27.962   32.890   84.9   9.77  14.000    0.01036    2.11    2.92    2.93
17-07-2024 08:02:31.78  252.75   0.497  27.963   32.891   84.9   9.76  14.000    0.01406    1.87    2.31    3.03
17-07-2024 08:02:32.03  252.85   0.497  27.962   32.890   84.9   9.76  14.000    0.01924    2.02    2.06    3.08
17-07-2024 08:02:32.28  252.92   0.497  27.963   32.891   84.9   9.76  14.000    0.01406    2.02    2.06    3.08
17-07-2024 08:02:32.52  253.02   0.497  27.963   32.891   84.9   9.76  14.000   -0.00222    1.87    2.35    3.19
17-07-2024 08:02:32.77  253.09   0.497  27.964   32.891   84.9   9.76  14.000   -0.00148    1.90    2.34    3.01
17-07-2024 08:02:33.01  253.19   0.496  27.963   32.891   84.9   9.76  14.000    0.00740    1.99    2.33    3.04
17-07-2024 08:02:33.26  253.28   0.497  27.964   32.891   84.9   9.76  14.000    0.00666    1.78    2.55    3.15
17-07-2024 08:02:33.50  253.36   0.497  27.964   32.891   84.9   9.76  14.000    0.00518    2.34    2.14    3.46
17-07-2024 08:02:33.75  253.43   0.497  27.964   32.891   84.9   9.76  14.000    0.00518    2.08    2.27    3.13
17-07-2024 08:02:33.99  253.53   0.497  27.964   32.891   84.9   9.76  14.000    0.00222    2.08    2.27    3.13
17-07-2024 08:02:34.24  253.61   0.497  27.964   32.892   84.9   9.76  14.000    0.00962    1.94    2.36    3.33
17-07-2024 08:02:34.48  253.70   0.497  27.964   32.891   84.9   9.76  14.000    0.01184    1.90    2.79    3.37
17-07-2024 08:02:34.73  253.80   0.497  27.964   32.890   84.9   9.76  14.000    0.00592    2.13    2.23    3.20
17-07-2024 08:02:34.97  253.87   0.497  27.964   32.891   84.9   9.76  14.000    0.00592    1.84    1.89    3.49
17-07-2024 08:02:35.22  253.95   0.497  27.964   32.892   84.9   9.76  14.000   -0.00370    2.09    1.83    3.31
17-07-2024 08:02:35.47  254.01   0.497  27.963   32.890   84.9   9.76  14.000    0.03331    1.82    1.84    3.18
17-07-2024 08:02:35.72  254.10   0.497  27.965   32.892   84.9   9.76  14.000    0.00074    1.82    1.84    3.18
17-07-2024 08:02:35.97  254.17   0.497  27.964   32.891   84.9   9.76  14.000   -0.00370    2.02    2.78    3.17
17-07-2024 08:02:36.21  254.28   0.497  27.964   32.891   84.9   9.76  14.000    0.00666    2.13    2.14    3.08
17-07-2024 08:02:36.46  254.38   0.497  27.964   32.891   84.9   9.76  14.000    0.01554    2.08    2.31    2.91
17-07-2024 08:02:36.70  254.47   0.497  27.965   32.891   84.9   9.76  14.000    0.01850    2.26    2.00    3.34
17-07-2024 08:02:36.95  254.54   0.497  27.965   32.891   84.9   9.76  14.000    0.01110    2.10    2.52    3.44
17-07-2024 08:02:37.19  254.62   0.497  27.964   32.891   84.9   9.76  14.000   -0.00740    2.23    2.05    3.16
17-07-2024 08:02:37.43  254.73   0.497  27.965   32.891   84.9   9.76  14.000    0.00740    2.23    2.05    3.16
17-07-2024 08:02:37.68  254.80   0.497  27.965   32.892   84.9   9.76  14.000   -0.00148    2.23    2.21    3.14
17-07-2024 08:02:37.93  254.88   0.497  27.966   32.892   84.9   9.76  14.000   -0.00444    2.02    2.21    3.03
17-07-2024 08:02:38.18  254.94   0.498  27.964   32.890   84.9   9.76  14.000   -0.00962    2.26    1.74    3.41
17-07-2024 08:02:38.42  255.05   0.498  27.965   32.891   84.9   9.76  14.000    0.00666    2.03    1.88    2.97
17-07-2024 08:02:38.66  255.13   0.497  27.965   32.892   84.9   9.76  14.000    0.00370    2.29    2.01    3.16
17-07-2024 08:02:38.91  255.20   0.497  27.965   32.892   84.9   9.76  14.000   -0.00444    2.29    2.01    3.16
17-07-2024 08:02:39.16  255.27   0.498  27.966   32.891   84.9   9.76  14.000    0.00148    1.96    2.28    3.05
17-07-2024 08:02:39.40  255.37   0.498  27.965   32.890   84.9   9.76  14.000    0.00592    2.01    2.73    3.09
17-07-2024 08:02:39.65  255.45   0.498  27.966   32.892   84.9   9.76  14.000   -0.00666    2.37    2.32    3.01
17-07-2024 08:02:39.90  255.55   0.498  27.967   32.892   84.9   9.76  14.000    0.00370    2.37    2.46    3.16
17-07-2024 08:02:40.14  255.62   0.499  27.967   32.891   84.9   9.76  14.000    0.00962    1.88    2.08    2.96
17-07-2024 08:02:40.39  255.69   0.498  27.966   32.891   84.9   9.76  14.000    0.00370    1.82    2.18    3.24
17-07-2024 08:02:40.63  255.81   0.498  27.966   32.891   84.9   9.76  14.000    0.01480    1.82    2.18    3.24
17-07-2024 08:02:40.88  255.87   0.499  27.966   32.891   84.9   9.76  14.000   -0.00888    2.16    2.10    3.41
17-07-2024 08:02:41.12  255.97   0.499  27.967   32.891   84.9   9.76  14.000   -0.00888    2.04    2.33    3.09
17-07-2024 08:02:41.37  256.03   0.499  27.967   32.891   84.9   9.76  14.000   -0.00370    1.77    2.27    3.26
17-07-2024 08:02:41.61  256.10   0.499  27.966   32.891   84.9   9.76  14.000    0.00444    1.93    2.32    3.08
17-07-2024 08:02:41.86  256.17   0.498  27.967   32.892   84.9   9.76  14.000    0.00592    2.06    2.58    3.27
17-07-2024 08:02:42.10  256.27   0.499  27.967   32.891   84.9   9.76  14.000    0.00000    1.93    2.42    3.36
17-07-2024 08:02:42.35  256.38   0.499  27.967   32.891   84.9   9.76  14.000   -0.00444    1.93    2.42    3.36
17-07-2024 08:02:42.59  256.44   0.500  27.968   32.891   84.9   9.76  14.000   -0.00814    2.09    1.93    3.14
17-07-2024 08:02:42.85  256.52   0.500  27.969   32.893   84.9   9.76  14.000   -0.00222    1.98    2.84    3.25
17-07-2024 08:02:43.09  256.64   0.500  27.968   32.892   84.9   9.76  14.000    0.00740    1.90    2.21    3.12
17-07-2024 08:02:43.34  256.73   0.500  27.969   32.892   84.9   9.76  14.000   -0.00518    1.78    1.76    3.07
17-07-2024 08:02:43.59  256.80   0.500  27.970   32.893   84.9   9.76  14.000    0.00814    2.21    2.40    3.14
17-07-2024 08:02:43.83  256.86   0.500  27.970   32.893   84.9   9.76  14.000   -0.00666    2.27    2.23    3.17
17-07-2024 08:02:44.07  256.96   0.501  27.969   32.891   84.8   9.76  14.000    0.01554    2.27    2.23    3.17
17-07-2024 08:02:44.32  257.03   0.500  27.969   32.893   84.8   9.76  14.000   -0.00814    1.93    2.07    3.05
17-07-2024 08:02:44.57  257.09   0.501  27.969   32.892   84.8   9.76  14.000    0.02443    2.10    2.29    3.18
17-07-2024 08:02:44.81  257.20   0.501  27.970   32.892   84.8   9.76  14.000   -0.00740    2.12    1.89    3.03
17-07-2024 08:02:45.06  257.29   0.501  27.970   32.893   84.8   9.76  14.000    0.00518    2.15    2.68    3.28
17-07-2024 08:02:45.30  257.35   0.502  27.970   32.892   84.8   9.76  14.000    0.00592    1.99    2.43    3.02
17-07-2024 08:02:45.55  257.47   0.502  27.971   32.893   84.8   9.76  14.000   -0.00296    1.98    2.28    3.34
17-07-2024 08:02:45.79  257.53   0.502  27.971   32.893   84.8   9.76  14.000    0.00296    1.98    2.28    3.34
17-07-2024 08:02:46.04  257.61   0.502  27.971   32.894   84.8   9.76  14.000   -0.01850    1.98    2.12    3.16
17-07-2024 08:02:46.28  257.69   0.503  27.971   32.892   84.8   9.75  14.000    0.00666    2.32    2.28    3.20
17-07-2024 08:02:46.53  257.79   0.502  27.972   32.893   84.8   9.75  14.000    0.00740    2.02    2.07    3.32
17-07-2024 08:02:46.78  257.88   0.503  27.972   32.893   84.8   9.75  14.000    0.00814    2.22    2.78    3.32
17-07-2024 08:02:47.03  257.94   0.503  27.972   32.893   84.8   9.75  14.000    0.01258    1.97    2.03    3.22
17-07-2024 08:02:47.27  258.01   0.503  27.973   32.893   84.8   9.75  14.000    0.00666    1.96    1.95    2.91
17-07-2024 08:02:47.52  258.12   0.503  27.974   32.894   84.8   9.75  14.000    0.00740    1.96    1.95    2.91
17-07-2024 08:02:47.76  258.20   0.503  27.973   32.893   84.8   9.75  14.000    0.01036    1.91    2.04    3.50
17-07-2024 08:02:48.01  258.26   0.503  27.973   32.893   84.8   9.75  14.000   -0.00222    1.66    2.25    3.28
17-07-2024 08:02:48.25  258.36   0.504  27.974   32.894   84.8   9.75  14.000    0.01036    1.95    2.08    3.04
17-07-2024 08:02:48.50  258.46   0.503  27.973   32.894   84.8   9.75  14.000   -0.00888    2.02    2.37    3.35
17-07-2024 08:02:48.74  258.54   0.503  27.973   32.894   84.8   9.75  14.000    0.00814    1.95    2.29    3.12
17-07-2024 08:02:48.99  258.60   0.503  27.973   32.894   84.8   9.75  14.000    0.02072    2.06    2.00    3.20
17-07-2024 08:02:49.24  258.71   0.503  27.974   32.895   84.8   9.75  14.000    0.01406    2.06    2.00    3.20
17-07-2024 08:02:49.48  258.77   0.504  27.973   32.893   84.8   9.75  14.000   -0.00592    2.22    2.16    2.92
17-07-2024 08:02:49.72  258.85   0.503  27.974   32.895   84.8   9.75  14.000    0.00518    2.14    2.20    3.40
17-07-2024 08:02:49.97  258.95   0.504  27.974   32.894   84.8   9.75  14.000   -0.00592    2.24    2.47    3.12
17-07-2024 08:02:50.22  259.05   0.504  27.974   32.894   84.8   9.75  14.000   -0.00222    2.16    2.33    3.42
17-07-2024 08:02:50.47  259.11   0.504  27.974   32.893   84.8   9.75  14.000   -0.00148    2.29    1.93    3.03
17-07-2024 08:02:50.72  259.20   0.504  27.975   32.894   84.8   9.75  14.000    0.00518    2.13    2.12    3.02
17-07-2024 08:02:50.96  259.32   0.504  27.975   32.895   84.8   9.75  14.000    0.00666    2.13    2.12    3.02
17-07-2024 08:02:51.21  259.36   0.504  27.975   32.894   84.8   9.75  14.000   -0.01776    2.30    2.27    2.87
17-07-2024 08:02:51.45  259.47   0.504  27.975   32.894   84.8   9.75  14.000    0.00888    2.07    1.97    3.05
17-07-2024 08:02:51.70  259.54   0.504  27.975   32.894   84.7   9.75  14.000    0.00148    1.98    2.42    3.38
17-07-2024 08:02:51.94  259.65   0.505  27.975   32.894   84.7   9.74  14.000   -0.00518    1.87    2.40    2.88
17-07-2024 08:02:52.19  259.73   0.505  27.975   32.893   84.8   9.75  14.000    0.00296    1.89    2.50    2.89
17-07-2024 08:02:52.43  259.80   0.505  27.976   32.895   84.8   9.75  14.000    0.00000    2.02    2.76    3.02
17-07-2024 08:02:52.68  259.90   0.505  27.975   32.894   84.8   9.75  14.000   -0.00814    2.02    2.76    3.02
17-07-2024 08:02:52.92  259.94   0.504  27.977   32.896   84.8   9.75  14.000   -0.01998    2.11    2.29    2.87
17-07-2024 08:02:53.17  260.02   0.505  27.975   32.894   84.8   9.75  14.000   -0.00222    2.16    2.25    3.13
17-07-2024 08:02:53.41  260.13   0.505  27.976   32.895   84.8   9.75  14.000   -0.00222    2.16    2.54    3.19
17-07-2024 08:02:53.66  260.23   0.506  27.977   32.895   84.8   9.75  14.000   -0.00296    2.21    2.26    3.07
17-07-2024 08:02:53.91  260.30   0.506  27.976   32.893   84.8   9.75  14.000   -0.00814    1.85    2.47    3.10
17-07-2024 08:02:54.15  260.39   0.505  27.977   32.895   84.8   9.75  14.000   -0.00814    1.97    2.25    3.27
17-07-2024 08:02:54.40  260.45   0.506  27.977   32.895   84.7   9.75  14.000   -0.00222    1.97    2.25    3.27
17-07-2024 08:02:54.65  260.53   0.506  27.977   32.895   84.7   9.75  14.000   -0.00444    2.02    2.19    2.83
17-07-2024 08:02:54.89  260.63   0.506  27.978   32.896   84.8   9.75  14.000   -0.00666    2.04    2.31    3.11
17-07-2024 08:02:55.14  260.73   0.505  27.977   32.895   84.7   9.74  14.000    0.00518    2.02    2.34    3.05
17-07-2024 08:02:55.38  260.81   0.506  27.977   32.895   84.8   9.75  14.000    0.01776    2.15    1.91    3.38
17-07-2024 08:02:55.63  260.86   0.506  27.978   32.896   84.8   9.75  14.000    0.01036    2.07    1.97    3.17
17-07-2024 08:02:55.87  260.96   0.506  27.978   32.895   84.8   9.75  14.000   -0.00148    1.67    2.33    3.20
17-07-2024 08:02:56.12  261.06   0.506  27.977   32.895   84.7   9.75  14.000    0.01628    1.67    2.33    3.20
17-07-2024 08:02:56.36  261.12   0.506  27.979   32.896   84.7   9.74  14.000    0.00518    2.28    2.18    3.16
17-07-2024 08:02:56.61  261.25   0.506  27.977   32.894   84.7   9.74  14.000    0.00888    2.02    2.19    3.34
17-07-2024 08:02:56.85  261.30   0.506  27.978   32.895   84.7   9.75  14.000   -0.00888    2.13    1.93    3.29
17-07-2024 08:02:57.10  261.35   0.506  27.978   32.895   84.7   9.75  14.000    0.00000    2.45    2.34    3.39
17-07-2024 08:02:57.34  261.48   0.506  27.978   32.894   84.7   9.75  14.000    0.01554    2.11    2.25    2.96
17-07-2024 08:02:57.60  261.54   0.506  27.978   32.895   84.8   9.75  14.000    0.00148    2.11    2.20    2.99
17-07-2024 08:02:57.84  261.60   0.506  27.978   32.895   84.7   9.74  14.000    0.00666    2.11    2.20    2.99
17-07-2024 08:02:58.09  261.72   0.506  27.978   32.896   84.8   9.75  14.000   -0.00370    2.06    2.43    3.18
17-07-2024 08:02:58.34  261.82   0.506  27.979   32.897   84.8   9.75  14.000    0.00518    2.26    2.10    3.57
17-07-2024 08:02:58.58  261.87   0.507  27.979   32.895   84.7   9.74  14.000    0.01406    2.15    2.38    3.04
17-07-2024 08:02:58.83  261.93   0.506  27.979   32.896   84.8   9.75  14.000    0.00592    2.16    2.56    3.07
17-07-2024 08:02:59.07  262.08   0.506  27.978   32.895   84.7   9.75  14.000   -0.01184    1.82    2.33    3.07
17-07-2024 08:02:59.32  262.13   0.506  27.979   32.895   84.7   9.74  14.000   -0.01998    1.71    2.35    3.20
17-07-2024 08:02:59.56  262.25   0.507  27.979   32.895   84.7   9.74  14.000    0.00444    1.71    2.35    3.20
17-07-2024 08:02:59.81  262.29   0.507  27.979   32.896   84.7   9.74  14.000   -0.00666    2.09    2.42    3.15
17-07-2024 08:03:00.06  262.33   0.506  27.979   32.895   84.7   9.75  14.000   -0.00518    2.02    2.42    3.07
17-07-2024 08:03:00.30  262.45   0.506  27.980   32.897   84.8   9.75  14.000    0.00592    2.10    2.32    3.03
17-07-2024 08:03:00.54  262.54   0.507  27.979   32.895   84.8   9.75  14.000   -0.00222    2.28    2.38    3.12
17-07-2024 08:03:00.79  262.64   0.507  27.979   32.895   84.7   9.74  14.000    0.00740    2.09    2.36    3.17
17-07-2024 08:03:01.03  262.70   0.506  27.979   32.895   84.7   9.75  14.000    0.01332    1.99    2.26    3.33
17-07-2024 08:03:01.28  262.81   0.507  27.980   32.896   84.8   9.75  14.000   -0.01702    1.99    2.26    3.33
17-07-2024 08:03:01.53  262.89   0.506  27.980   32.897   84.8   9.75  14.000    0.01258    1.78    2.29    3.12
17-07-2024 08:03:01.78  262.94   0.506  27.980   32.896   84.7   9.75  14.000   -0.01036    2.07    1.68    3.03
17-07-2024 08:03:02.02  263.03   0.507  27.980   32.896   84.8   9.75  14.000   -0.00222    2.02    2.63    2.87
17-07-2024 08:03:02.27  263.14   0.507  27.980   32.896   84.8   9.75  14.000    0.01776    1.91    1.79    3.19
17-07-2024 08:03:02.51  263.17   0.507  27.980   32.896   84.8   9.75  14.000   -0.00222    1.82    2.47    3.09
17-07-2024 08:03:02.76  263.24   0.507  27.980   32.895   84.7   9.74  14.000    0.00962    1.65    2.72    3.19
17-07-2024 08:03:03.00  263.32   0.507  27.980   32.896   84.8   9.75  14.000    0.00740    1.65    2.72    3.19
17-07-2024 08:03:03.25  263.40   0.507  27.980   32.896   84.8   9.75  14.000    0.00592    2.05    2.68    3.25
17-07-2024 08:03:03.49  263.50   0.507  27.980   32.895   84.8   9.75  14.000    0.01110    1.98    2.27    2.99
17-07-2024 08:03:03.74  263.56   0.508  27.981   32.896   84.8   9.75  14.000    0.00814    1.90    2.39    3.21
17-07-2024 08:03:03.98  263.70   0.507  27.980   32.896   84.8   9.75  14.000    0.00888    2.08    2.59    3.14
17-07-2024 08:03:04.23  263.72   0.507  27.981   32.896   84.8   9.75  14.000   -0.00592    2.15    2.12    3.26
17-07-2024 08:03:04.47  263.78   0.508  27.982   32.897   84.7   9.75  14.000   -0.00074    2.15    1.98    3.21
17-07-2024 08:03:04.72  263.92   0.508  27.982   32.897   84.8   9.75  14.000   -0.00148    2.15    1.98    3.21
17-07-2024 08:03:04.97  264.02   0.508  27.982   32.897   84.8   9.75  14.000    0.00740    2.33    2.11    3.24
17-07-2024 08:03:05.22  264.09   0.508  27.983   32.897   84.8   9.75  14.000   -0.00814    2.02    2.18    3.01
17-07-2024 08:03:05.47  264.15   0.508  27.981   32.895   84.8   9.75  14.000   -0.00074    2.23    2.40    3.14
17-07-2024 08:03:05.71  264.22   0.508  27.982   32.896   84.8   9.75  14.000    0.01110    1.68    2.24    2.75
17-07-2024 08:03:05.96  264.34   0.508  27.982   32.897   84.8   9.75  14.000   -0.00222    1.77    2.58    3.01
17-07-2024 08:03:06.20  264.38   0.508  27.982   32.896   84.8   9.75  14.000    0.00370    2.23    1.98    2.97
17-07-2024 08:03:06.45  264.49   0.509  27.982   32.896   84.8   9.75  14.000    0.00518    2.23    1.98    2.97
17-07-2024 08:03:06.69  264.58   0.509  27.982   32.896   84.8   9.75  14.000   -0.00370    1.99    2.34    3.08
17-07-2024 08:03:06.94  264.67   0.508  27.983   32.897   84.8   9.75  14.000   -0.00222    2.00    2.28    3.43
17-07-2024 08:03:07.18  264.71   0.509  27.983   32.897   84.8   9.75  14.000   -0.00296    1.84    2.52    3.36
17-07-2024 08:03:07.43  264.79   0.509  27.982   32.896   84.8   9.75  14.000   -0.02443    2.13    2.44    3.14
17-07-2024 08:03:07.67  264.92   0.509  27.982   32.895   84.8   9.75  14.000   -0.00296    2.09    1.86    3.22
17-07-2024 08:03:07.92  264.93   0.509  27.983   32.897   84.8   9.75  14.000    0.00962    2.24    2.23    2.96
17-07-2024 08:03:08.16  265.03   0.509  27.983   32.896   84.8   9.75  14.000    0.00074    2.24    2.23    2.96
17-07-2024 08:03:08.41  265.11   0.509  27.983   32.897   84.8   9.75  14.000    0.00296    2.13    2.76    3.14
17-07-2024 08:03:08.66  265.17   0.509  27.983   32.897   84.8   9.75  14.000   -0.00074    1.85    2.38    2.97
17-07-2024 08:03:08.90  265.27   0.509  27.984   32.897   84.8   9.75  14.000   -0.02739    2.30    2.18    2.98
17-07-2024 08:03:09.15  265.37   0.509  27.983   32.897   84.8   9.75  14.000   -0.00370    2.00    1.58    3.21
17-07-2024 08:03:09.40  265.47   0.509  27.983   32.896   84.8   9.75  14.000   -0.00666    2.15    2.24    2.96
17-07-2024 08:03:09.64  265.54   0.509  27.983   32.897   84.8   9.75  14.000    0.01036    2.31    2.42    3.46
17-07-2024 08:03:09.89  265.61   0.509  27.983   32.896   84.8   9.75  14.000   -0.00074    2.31    2.42    3.46
17-07-2024 08:03:10.13  265.65   0.509  27.984   32.897   84.8   9.75  14.000    0.02294    1.77    2.62    3.00
17-07-2024 08:03:10.38  265.80   0.509  27.984   32.897   84.8   9.75  14.000   -0.00962    2.35    2.65    3.40
17-07-2024 08:03:10.62  265.85   0.509  27.983   32.896   84.8   9.75  14.000   -0.01628    1.98    2.49    3.33
17-07-2024 08:03:10.87  265.94   0.509  27.984   32.897   84.8   9.75  14.000   -0.00666    2.08    2.46    3.20
17-07-2024 08:03:11.12  265.99   0.509  27.984   32.897   84.8   9.75  14.000    0.00518    2.10    2.29    2.96
17-07-2024 08:03:11.36  266.07   0.509  27.984   32.897   84.8   9.75  14.000    0.03035    2.13    1.84    2.85
17-07-2024 08:03:11.60  266.17   0.510  27.984   32.897   84.8   9.75  14.000    0.00814    2.13    1.84    2.85
17-07-2024 08:03:11.85  266.23   0.509  27.984   32.897   84.8   9.75  14.000    0.00222    2.03    2.43    3.19
17-07-2024 08:03:12.09  266.33   0.510  27.984   32.896   84.8   9.75  14.000   -0.01258    2.12    2.02    3.13
17-07-2024 08:03:12.35  266.42   0.509  27.984   32.897   84.8   9.75  14.000    0.00592    2.20    2.11    3.26
17-07-2024 08:03:12.59  266.46   0.510  27.984   32.896   84.8   9.75  14.000    0.01554    2.11    2.09    3.10
17-07-2024 08:03:12.84  266.56   0.510  27.985   32.898   84.8   9.75  14.000    0.00518    1.83    2.38    3.44
17-07-2024 08:03:13.09  266.64   0.510  27.984   32.897   84.8   9.75  14.000    0.00148    2.33    2.61    3.19
17-07-2024 08:03:13.33  266.77   0.510  27.985   32.897   84.8   9.75  14.000    0.00444    2.33    2.61    3.19
17-07-2024 08:03:13.58  266.79   0.510  27.985   32.897   84.8   9.75  14.000    0.00222    2.24    2.11    3.08
17-07-2024 08:03:13.82  266.90   0.510  27.984   32.896   84.8   9.75  14.000   -0.00444    2.06    2.45    3.06
17-07-2024 08:03:14.07  266.94   0.510  27.985   32.897   84.8   9.75  14.000    0.01554    2.25    2.42    3.16
17-07-2024 08:03:14.31  267.03   0.510  27.985   32.897   84.8   9.75  14.000    0.01184    1.86    2.26    3.32
17-07-2024 08:03:14.56  267.14   0.510  27.986   32.897   84.8   9.75  14.000   -0.00740    2.10    2.58    2.97
17-07-2024 08:03:14.80  267.26   0.510  27.986   32.898   84.8   9.75  14.000    0.00444    2.28    2.01    3.07
17-07-2024 08:03:15.05  267.30   0.510  27.986   32.898   84.8   9.75  14.000   -0.00740    2.28    2.01    3.07
17-07-2024 08:03:15.29  267.39   0.510  27.986   32.898   84.7   9.74  14.000   -0.01184    1.77    2.14    3.23
17-07-2024 08:03:15.54  267.49   0.510  27.985   32.897   84.8   9.75  14.000    0.00296    2.15    2.33    3.03
17-07-2024 08:03:15.78  267.54   0.510  27.986   32.898   84.8   9.75  14.000    0.00370    2.07    2.32    3.04
17-07-2024 08:03:16.04  267.64   0.510  27.986   32.898   84.8   9.75  14.000    0.00296    2.01    2.54    3.06
17-07-2024 08:03:16.28  267.69   0.511  27.986   32.897   84.8   9.75  14.000    0.00592    2.03    2.02    3.20
17-07-2024 08:03:16.53  267.74   0.510  27.987   32.899   84.8   9.75  14.000    0.00074    1.69    2.49    3.11
17-07-2024 08:03:16.77  267.85   0.511  27.987   32.898   84.8   9.75  14.000   -0.00740    1.69    2.49    3.11
17-07-2024 08:03:17.02  267.97   0.511  27.986   32.897   84.8   9.75  14.000   -0.00296    2.12    2.01    3.36
17-07-2024 08:03:17.26  268.01   0.511  27.987   32.897   84.8   9.75  14.000   -0.00666    2.14    2.00    3.13
17-07-2024 08:03:17.51  268.12   0.511  27.986   32.897   84.8   9.75  14.000   -0.01332    1.90    2.03    2.81
17-07-2024 08:03:17.75  268.17   0.511  27.987   32.898   84.8   9.75  14.000   -0.00518    2.10    1.91    3.06
17-07-2024 08:03:18.00  268.22   0.511  27.987   32.898   84.8   9.75  14.000   -0.00740    1.92    2.09    3.07
17-07-2024 08:03:18.25  268.31   0.511  27.988   32.898   84.7   9.74  14.000   -0.02591    1.84    2.67    2.82
17-07-2024 08:03:18.49  268.42   0.511  27.987   32.897   84.8   9.75  14.000   -0.00666    1.84    2.67    2.82
17-07-2024 08:03:18.73  268.51   0.511  27.988   32.898   84.8   9.75  14.000    0.00740    2.20    2.33    3.19
17-07-2024 08:03:18.98  268.55   0.512  27.987   32.897   84.8   9.75  14.000   -0.00074    2.18    2.31    2.96
17-07-2024 08:03:19.22  268.69   0.511  27.988   32.898   84.8   9.75  14.000    0.00296    1.96    1.99    3.13
17-07-2024 08:03:19.47  268.76   0.512  27.988   32.898   84.8   9.75  14.000    0.00962    2.29    2.74    3.16
17-07-2024 08:03:19.72  268.79   0.512  27.988   32.898   84.8   9.75  14.000   -0.00592    2.01    2.20    3.13
17-07-2024 08:03:19.97  268.91   0.511  27.988   32.898   84.8   9.75  14.000    0.00370    2.05    2.15    3.36
17-07-2024 08:03:20.22  268.98   0.511  27.987   32.897   84.8   9.75  14.000   -0.00370    2.05    2.15    3.36
17-07-2024 08:03:20.46  269.05   0.511  27.988   32.899   84.8   9.75  14.000    0.00444    1.99    2.14    3.00
17-07-2024 08:03:20.71  269.13   0.511  27.988   32.898   84.8   9.75  14.000   -0.00370    2.00    2.26    3.33
17-07-2024 08:03:20.95  269.22   0.512  27.988   32.898   84.8   9.75  14.000   -0.00222    2.01    2.36    3.23
17-07-2024 08:03:21.20  269.33   0.512  27.989   32.899   84.8   9.75  14.000    0.00222    2.19    2.25    3.14
17-07-2024 08:03:21.44  269.45   0.512  27.988   32.898   84.8   9.75  14.000    0.00074    2.18    2.33    3.18
17-07-2024 08:03:21.69  269.53   0.512  27.988   32.897   84.8   9.75  14.000    0.00222    2.18    2.33    3.18
17-07-2024 08:03:21.93  269.56   0.512  27.988   32.897   84.8   9.75  14.000   -0.01110    2.22    2.57    3.37
17-07-2024 08:03:22.18  269.69   0.511  27.989   32.899   84.8   9.75  14.000    0.01924    2.13    2.35    3.04
17-07-2024 08:03:22.42  269.73   0.512  27.989   32.898   84.8   9.75  14.000    0.01184    1.96    2.53    2.87
17-07-2024 08:03:22.67  269.86   0.511  27.989   32.899   84.8   9.75  14.000   -0.00962    2.07    2.59    3.06
17-07-2024 08:03:22.91  269.95   0.512  27.989   32.899   84.8   9.75  14.000   -0.01036    2.03    2.09    3.33
17-07-2024 08:03:23.16  270.03   0.512  27.989   32.898   84.8   9.75  14.000    0.00000    1.97    2.01    3.41
17-07-2024 08:03:23.41  270.10   0.511  27.989   32.899   84.8   9.75  14.000   -0.00666    1.97    2.01    3.41
17-07-2024 08:03:23.66  270.16   0.512  27.989   32.898   84.8   9.74  14.000    0.00296    2.39    2.80    3.06
17-07-2024 08:03:23.90  270.21   0.512  27.989   32.898   84.8   9.74  14.000   -0.01332    1.89    2.16    3.14
17-07-2024 08:03:24.15  270.34   0.512  27.990   32.899   84.8   9.75  14.000   -0.01184    2.05    2.27    3.19
17-07-2024 08:03:24.39  270.39   0.512  27.991   32.900   84.8   9.75  14.000   -0.00222    2.25    2.27    2.98
17-07-2024 08:03:24.64  270.52   0.512  27.991   32.900   84.8   9.74  14.000   -0.00592    2.05    1.92    3.22
17-07-2024 08:03:24.88  270.60   0.513  27.991   32.900   84.8   9.75  14.000    0.00222    2.22    2.48    3.25
17-07-2024 08:03:25.13  270.63   0.513  27.990   32.899   84.8   9.74  14.000   -0.01702    2.22    2.48    3.25
17-07-2024 08:03:25.37  270.78   0.513  27.992   32.900   84.8   9.74  14.000    0.01184    2.06    2.16    3.07
17-07-2024 08:03:25.62  270.86   0.513  27.991   32.899   84.7   9.74  14.000    0.00740    1.90    2.51    3.01
17-07-2024 08:03:25.86  270.88   0.513  27.991   32.899   84.8   9.74  14.000   -0.00296    1.97    2.30    3.14
17-07-2024 08:03:26.11  270.96   0.513  27.992   32.900   84.7   9.74  14.000   -0.00962    2.25    2.31    3.14
17-07-2024 08:03:26.35  271.06   0.513  27.992   32.900   84.8   9.75  14.000    0.00888    1.98    2.00    3.12
17-07-2024 08:03:26.60  271.13   0.513  27.992   32.900   84.7   9.74  14.000   -0.01924    2.06    2.35    3.28
17-07-2024 08:03:26.84  271.26   0.514  27.992   32.900   84.8   9.74  14.000   -0.00814    2.06    2.35    3.28
17-07-2024 08:03:27.10  271.31   0.513  27.992   32.900   84.8   9.74  14.000   -0.00222    2.34    2.40    3.12
17-07-2024 08:03:27.34  271.42   0.513  27.993   32.901   84.8   9.75  14.000    0.00000    2.10    1.93    3.48
17-07-2024 08:03:27.59  271.50   0.514  27.992   32.899   84.8   9.74  14.000   -0.02220    2.24    2.51    3.29
17-07-2024 08:03:27.84  271.59   0.514  27.993   32.900   84.8   9.75  14.000   -0.01480    2.08    2.23    3.27
17-07-2024 08:03:28.08  271.70   0.514  27.993   32.900   84.7   9.74  14.000    0.00370    2.13    2.15    3.12
17-07-2024 08:03:28.33  271.80   0.514  27.992   32.899   84.7   9.74  14.000    0.01998    1.97    2.19    3.07
17-07-2024 08:03:28.57  271.85   0.514  27.993   32.900   84.8   9.74  14.000    0.00148    1.97    2.19    3.07
17-07-2024 08:03:28.82  271.93   0.514  27.992   32.899   84.8   9.75  14.000    0.01184    2.17    2.41    3.32
17-07-2024 08:03:29.06  272.02   0.514  27.992   32.899   84.7   9.74  14.000    0.00888    2.04    2.33    3.12
17-07-2024 08:03:29.31  272.08   0.514  27.995   32.902   84.7   9.74  14.000    0.00148    2.23    2.40    3.26
17-07-2024 08:03:29.55  272.14   0.515  27.994   32.900   84.7   9.74  14.000    0.00740    2.12    2.51    3.04
17-07-2024 08:03:29.80  272.27   0.516  27.994   32.899   84.7   9.74  14.000    0.00370    2.31    2.29    3.12
17-07-2024 08:03:30.04  272.30   0.515  27.993   32.899   84.8   9.74  14.000    0.00888    2.19    2.73    2.96
17-07-2024 08:03:30.29  272.44   0.515  27.994   32.899   84.7   9.74  14.000   -0.01036    2.19    2.73    2.96
17-07-2024 08:03:30.53  272.50   0.515  27.994   32.900   84.7   9.74  14.000   -0.00740    2.16    2.63    2.85
17-07-2024 08:03:30.78  272.61   0.515  27.996   32.902   84.7   9.74  14.000    0.01184    2.08    2.13    2.98
17-07-2024 08:03:31.03  272.69   0.516  27.994   32.899   84.7   9.74  14.000   -0.01332    2.21    2.03    3.26
17-07-2024 08:03:31.28  272.77   0.516  27.995   32.900   84.7   9.74  14.000   -0.01036    2.34    2.31    2.85
17-07-2024 08:03:31.52  272.81   0.516  27.996   32.901   84.7   9.74  14.000    0.01406    2.07    2.22    3.35
17-07-2024 08:03:31.77  272.89   0.516  27.995   32.900   84.7   9.74  14.000    0.01258    2.53    2.52    3.09
17-07-2024 08:03:32.01  273.00   0.516  27.995   32.900   84.7   9.74  14.000    0.00814    2.53    2.52    3.09
17-07-2024 08:03:32.26  273.02   0.516  27.995   32.900   84.7   9.74  14.000   -0.01924    2.09    2.43    2.73
17-07-2024 08:03:32.50  273.15   0.516  27.995   32.900   84.7   9.74  14.000    0.00074    1.79    1.55    2.82
17-07-2024 08:03:32.75  273.18   0.516  27.995   32.900   84.7   9.74  14.000    0.00444    2.02    2.46    3.27
17-07-2024 08:03:32.99  273.29   0.516  27.997   32.902   84.7   9.74  14.000   -0.01258    1.74    2.33    2.84
17-07-2024 08:03:33.25  273.41   0.516  27.996   32.901   84.7   9.74  14.000   -0.01036    2.19    1.99    3.04
17-07-2024 08:03:33.48  273.51   0.517  27.996   32.901   84.7   9.74  14.000   -0.01184    1.96    2.40    3.32
17-07-2024 08:03:33.73  273.57   0.517  27.997   32.901   84.7   9.74  14.000   -0.02443    1.96    2.40    3.32
17-07-2024 08:03:33.97  273.60   0.517  27.997   32.901   84.7   9.74  14.000   -0.01628    2.54    2.51    3.10
17-07-2024 08:03:34.22  273.71   0.517  27.997   32.901   84.7   9.74  14.000    0.00962    2.20    2.66    3.04
17-07-2024 08:03:34.47  273.83   0.517  27.997   32.901   84.7   9.74  14.000    0.01036    1.79    1.85    3.06
17-07-2024 08:03:34.72  273.90   0.517  27.997   32.901   84.7   9.73  14.000    0.00000    2.04    2.33    2.80
17-07-2024 08:03:34.97  273.94   0.517  27.997   32.901   84.7   9.73  14.000    0.00148    2.38    1.96    2.99
17-07-2024 08:03:35.21  274.03   0.517  27.998   32.903   84.7   9.73  14.000    0.01776    2.30    2.42    3.21
17-07-2024 08:03:35.46  274.18   0.518  27.998   32.902   84.7   9.73  14.000    0.01110    2.30    2.42    3.21
17-07-2024 08:03:35.70  274.19   0.518  27.998   32.901   84.7   9.73  14.000   -0.01036    1.96    2.39    3.08
17-07-2024 08:03:35.95  274.28   0.518  27.998   32.901   84.7   9.73  14.000   -0.00888    2.20    2.38    3.10
17-07-2024 08:03:36.19  274.39   0.518  27.998   32.901   84.7   9.73  14.000    0.00666    2.22    2.75    3.18
17-07-2024 08:03:36.44  274.43   0.518  27.998   32.901   84.7   9.73  14.000    0.00962    2.15    2.49    3.23
17-07-2024 08:03:36.68  274.43   0.518  27.999   32.901   84.6   9.73  14.000    0.01406    2.00    2.38    3.17
17-07-2024 08:03:36.93  274.49   0.518  27.998   32.901   84.6   9.73  14.000    0.00888    2.35    2.44    2.97
17-07-2024 08:03:37.17  274.40   0.518  27.998   32.900   84.7   9.73  14.000    0.01480    2.35    2.44    2.97
17-07-2024 08:03:37.42  274.41   0.519  27.999   32.902   84.7   9.73  14.000   -0.00888    2.16    2.48    3.48
17-07-2024 08:03:37.66  274.43   0.518  27.999   32.902   84.7   9.73  14.000   -0.01258    2.18    2.43    2.88
17-07-2024 08:03:37.91  274.39   0.519  27.999   32.901   84.6   9.73  14.000   -0.01036    2.22    2.19    2.94
17-07-2024 08:03:38.16  274.43   0.518  27.998   32.901   84.6   9.73  14.000   -0.00666    2.06    2.23    3.47
17-07-2024 08:03:38.41  274.44   0.519  27.999   32.901   84.6   9.73  14.000    0.00074    2.00    2.21    3.19
17-07-2024 08:03:38.66  274.48   0.519  27.998   32.901   84.6   9.73  14.000    0.00370    2.37    2.27    3.35
17-07-2024 08:03:38.90  274.41   0.519  27.999   32.900   84.6   9.73  14.000    0.00370    2.37    2.27    3.35
17-07-2024 08:03:39.15  274.38   0.519  27.998   32.900   84.6   9.73  14.000   -0.00296    1.89    2.24    2.94
17-07-2024 08:03:39.39  274.42   0.519  27.998   32.901   84.6   9.73  14.000    0.01036    2.13    2.22    2.79
17-07-2024 08:03:39.64  274.43   0.519  27.999   32.901   84.6   9.72  14.000   -0.00222    1.87    2.03    3.41
17-07-2024 08:03:39.88  274.46   0.519  27.998   32.900   84.6   9.72  14.000    0.00296    2.20    2.56    3.38
17-07-2024 08:03:40.13  274.38   0.519  27.999   32.901   84.5   9.72  14.000   -0.02072    2.05    2.36    3.34
17-07-2024 08:03:40.37  274.46   0.519  27.998   32.900   84.5   9.72  14.000   -0.00074    1.98    2.01    3.28
17-07-2024 08:03:40.62  274.47   0.519  27.999   32.901   84.5   9.71  14.000    0.00148    1.98    2.01    3.28
17-07-2024 08:03:40.86  274.41   0.519  27.999   32.902   84.5   9.71  14.000    0.00444    1.99    2.60    3.34
17-07-2024 08:03:41.11  274.37   0.519  27.999   32.901   84.5   9.71  14.000    0.00962    1.98    2.18    3.25
17-07-2024 08:03:41.35  274.44   0.519  27.998   32.901   84.4   9.70  14.000    0.00148    2.13    2.53    3.31
17-07-2024 08:03:41.60  274.42   0.518  27.999   32.902   84.4   9.70  14.000    0.00518    2.00    2.88    3.14
17-07-2024 08:03:41.85  274.41   0.518  27.999   32.901   84.3   9.69  14.000    0.00518    1.98    2.54    3.20
17-07-2024 08:03:42.09  274.40   0.518  27.998   32.901   84.3   9.69  14.000    0.00444    2.00    2.68    3.06
17-07-2024 08:03:42.34  274.48   0.518  27.998   32.900   84.2   9.68  14.000   -0.00074    2.00    2.68    3.06
17-07-2024 08:03:42.59  274.43   0.519  27.998   32.901   84.2   9.68  14.000   -0.00074    2.11    2.91    3.20
17-07-2024 08:03:42.83  274.45   0.518  27.998   32.901   84.1   9.67  14.000    0.01110    2.09    2.29    2.71
17-07-2024 08:03:43.08  274.42   0.518  27.999   32.902   84.1   9.67  14.000    0.00370    2.11    2.11    2.82
17-07-2024 08:03:43.32  274.40   0.518  27.998   32.901   84.0   9.66  14.000    0.00222    1.98    2.59    2.96
17-07-2024 08:03:43.57  274.39   0.518  27.998   32.901   84.0   9.66  14.000    0.00000    1.96    1.92    3.25
17-07-2024 08:03:43.81  274.42   0.519  27.998   32.900   83.9   9.65  14.000   -0.00074    2.00    2.12    3.04
17-07-2024 08:03:44.06  274.43   0.518  27.999   32.902   83.9   9.64  14.000   -0.00888    2.00    2.12    3.04
17-07-2024 08:03:44.30  274.46   0.518  27.998   32.900   83.9   9.64  14.000    0.00370    2.27    2.35    3.16
17-07-2024 08:03:44.55  274.43   0.518  27.998   32.901   83.8   9.63  14.000   -0.00962    2.04    2.04    3.42
17-07-2024 08:03:44.79  274.43   0.518  27.998   32.901   83.7   9.62  14.000   -0.01110    2.32    2.61    3.20
17-07-2024 08:03:45.04  274.41   0.518  27.999   32.902   83.7   9.62  14.000    0.01036    2.02    3.02    3.23
17-07-2024 08:03:45.28  274.46   0.518  27.998   32.901   83.6   9.61  14.000   -0.00740    2.03    2.58    3.30
17-07-2024 08:03:45.53  274.45   0.518  27.999   32.903   83.6   9.61  14.000    0.00074    2.07    2.14    3.39
17-07-2024 08:03:45.78  274.44   0.518  27.998   32.901   83.5   9.60  14.000   -0.01480    2.07    2.14    3.39
17-07-2024 08:03:46.03  274.41   0.518  27.999   32.903   83.5   9.60  14.000    0.00296    2.23    2.36    3.37
17-07-2024 08:03:46.27  274.45   0.518  27.998   32.901   83.4   9.59  14.000    0.00148    1.95    2.09    3.46
17-07-2024 08:03:46.52  274.45   0.518  27.998   32.901   83.4   9.59  14.000   -0.00888    1.87    2.39    2.95
17-07-2024 08:03:46.76  274.44   0.518  27.998   32.901   83.3   9.58  14.000    0.00296    2.10    2.23    2.98
17-07-2024 08:03:47.01  274.41   0.518  27.998   32.900   83.3   9.58  14.000   -0.00666    1.95    2.25    3.11
17-07-2024 08:03:47.25  274.42   0.518  27.999   32.902   83.3   9.57  14.000   -0.00370    1.92    2.35    3.07
17-07-2024 08:03:47.50  274.40   0.518  27.999   32.902   83.3   9.57  14.000   -0.00592    1.92    2.35    3.07
17-07-2024 08:03:47.74  274.42   0.518  27.999   32.902   83.2   9.56  14.000   -0.00740    1.82    2.34    3.47
17-07-2024 08:03:47.99  274.37   0.518  27.999   32.901   83.2   9.56  14.000   -0.00666    2.11    2.82    3.03
17-07-2024 08:03:48.23  274.30   0.519  27.999   32.901   83.1   9.56  14.000    0.00444    1.74    2.47    3.13
17-07-2024 08:03:48.48  274.14   0.520  27.999   32.901   83.1   9.55  14.000   -0.01036    2.07    2.60    3.02
17-07-2024 08:03:48.73  273.97   0.520  27.999   32.901   83.1   9.55  14.000   -0.00740    2.04    2.11    3.05
17-07-2024 08:03:48.97  273.90   0.520  27.999   32.900   83.0   9.54  14.000    0.00222    2.11    2.54    3.03
17-07-2024 08:03:49.22  273.75   0.520  28.000   32.902   83.0   9.54  14.000   -0.00666    2.11    2.54    3.03
17-07-2024 08:03:49.47  273.55   0.520  28.001   32.902   83.0   9.54  14.000    0.00666    2.37    2.13    3.23
17-07-2024 08:03:49.72  273.43   0.520  28.000   32.902   83.0   9.53  14.000   -0.00518    2.11    2.66    3.45
17-07-2024 08:03:49.96  273.30   0.520  27.999   32.901   82.9   9.53  14.000   -0.01628    2.10    2.44    3.17
17-07-2024 08:03:50.21  273.19   0.519  27.998   32.901   82.9   9.53  14.000   -0.00444    2.14    1.96    3.40
17-07-2024 08:03:50.45  273.00   0.519  27.998   32.901   82.9   9.53  14.000   -0.01036    2.11    1.96    3.25
17-07-2024 08:03:50.70  272.86   0.519  27.998   32.901   82.9   9.53  14.000   -0.00740    1.87    2.75    3.32
17-07-2024 08:03:50.94  272.67   0.519  27.998   32.901   82.9   9.52  14.000   -0.00518    1.87    2.75    3.32
17-07-2024 08:03:51.19  272.46   0.519  27.998   32.901   82.9   9.53  14.000   -0.00444    2.13    2.10    3.16
17-07-2024 08:03:51.43  272.23   0.519  27.998   32.901   82.9   9.53  14.000    0.01110    2.09    2.14    3.28
17-07-2024 08:03:51.68  271.97   0.518  27.997   32.901   82.9   9.53  14.000    0.00370    2.09    2.09    3.05
17-07-2024 08:03:51.92  271.76   0.517  27.996   32.901   82.9   9.53  14.000    0.00444    1.99    2.35    2.88
17-07-2024 08:03:52.17  271.46   0.517  27.995   32.900   82.9   9.53  14.000    0.00074    2.04    2.39    3.27
17-07-2024 08:03:52.41  271.17   0.517  27.996   32.902   82.9   9.53  14.000    0.02072    2.16    2.19    2.96
17-07-2024 08:03:52.66  270.98   0.517  27.995   32.901   82.9   9.53  14.000   -0.00666    2.16    2.19    2.96
17-07-2024 08:03:52.91  270.70   0.516  27.995   32.901   82.9   9.53  14.000    0.00592    1.89    2.45    3.21
17-07-2024 08:03:53.16  270.37   0.516  27.993   32.899   82.9   9.53  14.000   -0.00888    2.30    2.76    3.19
17-07-2024 08:03:53.40  270.11   0.516  27.995   32.901   83.0   9.54  14.000   -0.00740    2.05    2.24    3.08
17-07-2024 08:03:53.65  269.88   0.515  27.993   32.900   83.0   9.54  14.000   -0.01554    1.92    1.89    3.07
17-07-2024 08:03:53.89  269.62   0.516  27.993   32.900   83.0   9.54  14.000    0.00222    1.92    2.27    3.07
17-07-2024 08:03:54.14  269.37   0.515  27.991   32.898   83.0   9.54  14.000    0.01776    2.33    2.15    3.29
17-07-2024 08:03:54.38  269.10   0.515  27.993   32.900   83.0   9.55  14.000   -0.00074    2.33    2.15    3.29
17-07-2024 08:03:54.63  268.82   0.514  27.992   32.900   83.1   9.55  14.000   -0.01258    1.69    2.21    3.30
17-07-2024 08:03:54.87  268.54   0.514  27.990   32.898   83.1   9.55  14.000   -0.00962    2.36    2.41    3.18
17-07-2024 08:03:55.13  268.26   0.513  27.990   32.900   83.1   9.55  14.000   -0.01406    1.70    2.01    3.24
17-07-2024 08:03:55.36  267.98   0.513  27.989   32.898   83.1   9.55  14.000    0.00148    2.03    2.33    3.01
17-07-2024 08:03:55.61  267.79   0.513  27.989   32.898   83.1   9.56  14.000    0.00148    2.23    2.12    2.99
17-07-2024 08:03:55.86  267.50   0.513  27.989   32.899   83.2   9.56  14.000   -0.00888    2.09    1.69    3.40
17-07-2024 08:03:56.10  267.31   0.512  27.988   32.898   83.2   9.56  14.000    0.00444    2.09    1.69    3.40
17-07-2024 08:03:56.35  267.04   0.512  27.988   32.898   83.2   9.56  14.000    0.00592    2.06    2.19    3.28
17-07-2024 08:03:56.60  266.83   0.512  27.987   32.898   83.2   9.57  14.000   -0.01332    2.19    1.84    3.15
17-07-2024 08:03:56.84  266.55   0.512  27.988   32.898   83.2   9.57  14.000   -0.01406    2.04    2.17    3.06
17-07-2024 08:03:57.09  266.34   0.512  27.988   32.899   83.3   9.57  14.000   -0.00074    2.03    1.93    3.55
17-07-2024 08:03:57.33  266.04   0.512  27.987   32.898   83.3   9.58  14.000   -0.01702    2.11    2.03    3.07
17-07-2024 08:03:57.58  265.85   0.511  27.986   32.898   83.3   9.58  14.000    0.00740    1.92    2.58    2.95
17-07-2024 08:03:57.82  265.63   0.511  27.986   32.899   83.3   9.58  14.000   -0.00444    1.92    2.58    2.95
17-07-2024 08:03:58.07  265.32   0.511  27.986   32.898   83.3   9.58  14.000   -0.01554    2.19    2.49    3.40
17-07-2024 08:03:58.32  265.07   0.511  27.985   32.898   83.4   9.59  14.000   -0.01924    1.99    2.42    3.44
17-07-2024 08:03:58.56  264.82   0.510  27.985   32.898   83.4   9.59  14.000   -0.01110    2.16    1.99    3.27
17-07-2024 08:03:58.81  264.60   0.510  27.985   32.899   83.4   9.59  14.000   -0.01184    1.96    2.41    2.92
17-07-2024 08:03:59.05  264.33   0.510  27.985   32.898   83.5   9.60  14.000   -0.01184    2.05    2.14    2.98
17-07-2024 08:03:59.29  264.15   0.510  27.984   32.898   83.5   9.60  14.000   -0.01702    2.05    2.14    2.98
17-07-2024 08:03:59.54  263.83   0.510  27.984   32.898   83.5   9.60  14.000   -0.00296    2.21    2.13    3.22
17-07-2024 08:03:59.79  263.65   0.509  27.983   32.897   83.5   9.60  14.000   -0.00222    2.01    2.87    3.15
17-07-2024 08:04:00.03  263.36   0.509  27.983   32.897   83.5   9.60  14.000   -0.00518    2.05    2.35    3.07
17-07-2024 08:04:00.29  263.14   0.509  27.983   32.897   83.5   9.60  14.000    0.00148    2.16    2.51    3.19
17-07-2024 08:04:00.53  262.85   0.509  27.983   32.897   83.6   9.61  14.000   -0.00074    2.07    2.17    3.22
17-07-2024 08:04:00.78  262.60   0.508  27.983   32.898   83.6   9.61  14.000   -0.00074    2.25    1.91    3.14
17-07-2024 08:04:01.03  262.33   0.508  27.981   32.896   83.6   9.61  14.000    0.00148    1.90    2.38    3.05
17-07-2024 08:04:01.27  262.07   0.508  27.979   32.894   83.6   9.62  14.000   -0.01924    1.90    2.38    3.05
17-07-2024 08:04:01.52  261.86   0.508  27.981   32.897   83.6   9.62  14.000   -0.02294    2.11    2.55    3.16
17-07-2024 08:04:01.76  261.60   0.507  27.980   32.896   83.7   9.62  14.000   -0.00296    2.30    2.23    2.94
17-07-2024 08:04:02.01  261.36   0.507  27.980   32.896   83.7   9.62  14.000    0.01184    1.98    1.70    3.22
17-07-2024 08:04:02.25  261.10   0.507  27.980   32.896   83.7   9.63  14.000   -0.01924    2.22    2.47    2.89
17-07-2024 08:04:02.50  260.81   0.507  27.979   32.896   83.7   9.63  14.000    0.01036    1.95    2.12    2.99
17-07-2024 08:04:02.74  260.60   0.507  27.980   32.897   83.7   9.63  14.000   -0.00962    1.95    2.12    2.99
17-07-2024 08:04:02.99  260.33   0.507  27.979   32.896   83.7   9.63  14.000    0.00148    1.92    2.50    2.95
17-07-2024 08:04:03.23  260.05   0.507  27.979   32.897   83.7   9.63  14.000   -0.01332    2.06    2.42    2.92
17-07-2024 08:04:03.48  259.82   0.507  27.978   32.895   83.8   9.63  14.000   -0.01258    2.14    2.33    3.07
17-07-2024 08:04:03.72  259.60   0.507  27.977   32.894   83.8   9.63  14.000   -0.01924    2.21    2.03    3.59
17-07-2024 08:04:03.98  259.36   0.506  27.978   32.896   83.8   9.64  14.000    0.00666    1.85    2.26    3.23
17-07-2024 08:04:04.22  259.14   0.506  27.978   32.896   83.8   9.64  14.000    0.00000    2.04    2.13    3.23
17-07-2024 08:04:04.47  259.03   0.506  27.978   32.897   83.8   9.64  14.000    0.02072    2.24    3.04    3.06
17-07-2024 08:04:04.71  258.80   0.506  27.977   32.896   83.8   9.64  14.000   -0.01850    2.24    3.04    3.06
17-07-2024 08:04:04.96  258.55   0.506  27.977   32.895   83.9   9.64  14.000   -0.01702    1.94    2.25    3.17
17-07-2024 08:04:05.21  258.38   0.506  27.976   32.895   83.9   9.65  14.000   -0.01110    2.00    2.00    3.11
17-07-2024 08:04:05.45  258.16   0.506  27.978   32.898   83.9   9.65  14.000   -0.02072    1.97    2.20    3.33
17-07-2024 08:04:05.70  258.06   0.506  27.978   32.898   83.9   9.65  14.000   -0.01036    2.02    2.09    3.15
17-07-2024 08:04:05.94  257.83   0.506  27.977   32.896   83.9   9.65  14.000    0.00000    2.04    2.28    2.83
17-07-2024 08:04:06.19  257.64   0.506  27.975   32.894   83.9   9.65  14.000   -0.00814    2.14    2.27    3.07
17-07-2024 08:04:06.43  257.46   0.505  27.976   32.896   83.9   9.65  14.000   -0.01110    2.14    2.27    3.07
17-07-2024 08:04:06.68  257.23   0.505  27.975   32.895   84.0   9.66  14.000    0.00444    2.09    1.68    2.92
17-07-2024 08:04:06.92  257.08   0.505  27.976   32.896   84.0   9.66  14.000   -0.01184    1.88    1.64    3.18
17-07-2024 08:04:07.17  256.90   0.505  27.975   32.895   84.0   9.66  14.000   -0.01184    2.14    2.56    3.01
17-07-2024 08:04:07.41  256.76   0.505  27.973   32.892   84.0   9.66  14.000   -0.02294    2.23    2.83    3.22
17-07-2024 08:04:07.66  256.51   0.504  27.974   32.895   84.0   9.66  14.000   -0.02220    2.18    2.34    2.88
17-07-2024 08:04:07.91  256.35   0.505  27.973   32.894   84.0   9.66  14.000   -0.00666    2.18    2.34    2.88
17-07-2024 08:04:08.16  256.18   0.504  27.973   32.895   84.0   9.66  14.000   -0.00962    2.31    2.64    3.31
17-07-2024 08:04:08.40  255.98   0.504  27.974   32.896   84.0   9.66  14.000   -0.01332    1.89    2.22    3.28
17-07-2024 08:04:08.65  255.78   0.504  27.972   32.894   84.0   9.66  14.000    0.00296    2.10    2.54    2.69
17-07-2024 08:04:08.89  255.58   0.504  27.973   32.894   84.0   9.66  14.000   -0.01998    2.09    2.02    3.23
17-07-2024 08:04:09.14  255.40   0.503  27.973   32.896   84.0   9.66  14.000   -0.02146    2.18    2.44    3.14
17-07-2024 08:04:09.38  255.30   0.504  27.973   32.894   83.9   9.65  14.000   -0.00888    1.98    2.38    3.18
17-07-2024 08:04:09.63  255.05   0.503  27.972   32.894   84.0   9.66  14.000    0.00370    1.98    2.38    3.18
17-07-2024 08:04:09.87  254.88   0.502  27.971   32.894   83.9   9.65  14.000   -0.02220    2.10    1.86    3.12
17-07-2024 08:04:10.12  254.71   0.502  27.971   32.895   84.0   9.66  14.000   -0.00148    2.15    2.02    3.39
17-07-2024 08:04:10.36  254.56   0.502  27.972   32.895   83.9   9.65  14.000   -0.01998    1.92    2.53    3.14
17-07-2024 08:04:10.61  254.34   0.502  27.971   32.895   83.9   9.65  14.000   -0.01850    1.96    2.47    3.32
17-07-2024 08:04:10.86  254.16   0.501  27.969   32.893   83.9   9.65  14.000   -0.01998    2.19    2.15    3.14
17-07-2024 08:04:11.10  253.99   0.501  27.968   32.892   83.9   9.65  14.000   -0.01258    2.28    1.78    3.22
17-07-2024 08:04:11.35  253.83   0.501  27.968   32.892   83.9   9.65  14.000   -0.01406    2.28    1.78    3.22
17-07-2024 08:04:11.59  253.61   0.500  27.968   32.892   83.9   9.65  14.000   -0.01776    2.07    2.19    3.09
17-07-2024 08:04:11.84  253.48   0.500  27.967   32.893   83.9   9.65  14.000   -0.00444    2.21    2.11    3.13
17-07-2024 08:04:12.09  253.28   0.500  27.967   32.893   83.9   9.65  14.000   -0.02146    2.35    2.55    3.23
17-07-2024 08:04:12.33  253.07   0.499  27.966   32.892   83.9   9.65  14.000   -0.00370    1.95    2.59    3.25
17-07-2024 08:04:12.58  252.90   0.499  27.966   32.891   83.9   9.65  14.000    0.01184    2.01    2.06    3.39
17-07-2024 08:04:12.82  252.70   0.499  27.966   32.893   83.9   9.65  14.000   -0.01480    2.09    2.53    2.96
17-07-2024 08:04:13.07  252.57   0.498  27.966   32.892   83.9   9.65  14.000   -0.02146    2.09    2.53    2.96
17-07-2024 08:04:13.31  252.39   0.498  27.966   32.893   83.9   9.65  14.000    0.01628    1.90    2.48    3.32
17-07-2024 08:04:13.56  252.18   0.498  27.966   32.893   83.9   9.65  14.000   -0.01406    2.18    2.52    3.02
17-07-2024 08:04:13.80  251.95   0.498  27.965   32.892   83.9   9.65  14.000   -0.00592    2.04    1.93    3.25
17-07-2024 08:04:14.05  251.84   0.497  27.965   32.892   83.8   9.64  14.000   -0.00666    1.70    2.20    2.99
17-07-2024 08:04:14.29  251.61   0.497  27.963   32.891   83.8   9.64  14.000   -0.02072    2.26    1.99    3.14
17-07-2024 08:04:14.54  251.50   0.497  27.964   32.892   83.8   9.64  14.000   -0.01406    1.92    2.31    3.26
17-07-2024 08:04:14.78  251.23   0.497  27.963   32.892   83.8   9.64  14.000   -0.02294    1.92    2.31    3.26
17-07-2024 08:04:15.04  251.07   0.497  27.963   32.891   83.8   9.64  14.000   -0.01184    2.06    2.59    3.13
17-07-2024 08:04:15.28  250.89   0.497  27.963   32.891   83.8   9.64  14.000   -0.01998    2.14    2.22    3.19
17-07-2024 08:04:15.53  250.76   0.496  27.963   32.892   83.8   9.64  14.000    0.01036    2.00    2.15    3.27
17-07-2024 08:04:15.78  250.59   0.496  27.962   32.891   83.8   9.64  14.000    0.00444    2.15    1.75    3.16
17-07-2024 08:04:16.02  250.39   0.496  27.962   32.892   83.8   9.64  14.000   -0.01406    1.95    2.01    3.35
17-07-2024 08:04:16.27  250.21   0.496  27.962   32.891   83.8   9.64  14.000   -0.01036    1.75    2.51    3.04
17-07-2024 08:04:16.51  250.03   0.496  27.960   32.890   83.8   9.64  14.000   -0.01998    1.75    2.51    3.04
17-07-2024 08:04:16.76  249.81   0.496  27.962   32.892   83.8   9.64  14.000   -0.00148    1.65    2.21    3.17
17-07-2024 08:04:17.00  249.64   0.495  27.960   32.891   83.8   9.64  14.000   -0.00962    1.83    2.52    3.25
17-07-2024 08:04:17.25  249.45   0.495  27.960   32.891   83.8   9.64  14.000   -0.01998    1.94    1.80    3.17
17-07-2024 08:04:17.49  249.30   0.495  27.959   32.888   83.8   9.64  14.000    0.00592    1.93    2.23    3.29
17-07-2024 08:04:17.74  249.09   0.495  27.960   32.890   83.8   9.64  14.000   -0.00666    1.99    2.48    3.19
17-07-2024 08:04:17.98  248.91   0.495  27.958   32.889   83.7   9.63  14.000    0.00074    2.21    2.64    3.31
17-07-2024 08:04:18.23  248.76   0.494  27.958   32.890   83.8   9.63  14.000   -0.01480    2.21    2.64    3.31
17-07-2024 08:04:18.47  248.53   0.493  27.958   32.890   83.7   9.63  14.000   -0.00740    1.95    2.12    3.22
17-07-2024 08:04:18.73  248.38   0.493  27.958   32.891   83.7   9.63  14.000   -0.00370    1.98    2.50    3.05
17-07-2024 08:04:18.97  248.17   0.492  27.956   32.889   83.7   9.63  14.000   -0.02072    2.10    2.44    2.96
17-07-2024 08:04:19.22  248.01   0.492  27.955   32.889   83.7   9.63  14.000   -0.01628    2.05    2.19    3.15
17-07-2024 08:04:19.46  247.83   0.491  27.956   32.889   83.7   9.63  14.000   -0.00148    2.03    2.33    3.37
17-07-2024 08:04:19.71  247.66   0.492  27.955   32.888   83.7   9.63  14.000   -0.00296    2.11    2.69    3.40
17-07-2024 08:04:19.95  247.48   0.491  27.954   32.888   83.6   9.62  14.000   -0.02813    2.11    2.69    3.40
17-07-2024 08:04:20.20  247.31   0.491  27.954   32.888   83.7   9.63  14.000   -0.00814    2.22    2.64    3.15
17-07-2024 08:04:20.45  247.14   0.489  27.954   32.890   83.7   9.63  14.000    0.00000    2.00    2.53    3.22
17-07-2024 08:04:20.69  246.94   0.489  27.952   32.888   83.6   9.62  14.000    0.00074    2.21    2.17    3.26
17-07-2024 08:04:20.93  246.72   0.489  27.953   32.890   83.6   9.62  14.000    0.01110    2.26    1.73    3.00
17-07-2024 08:04:21.18  246.52   0.489  27.952   32.889   83.6   9.62  14.000    0.00370    1.92    2.20    3.25
17-07-2024 08:04:21.42  246.39   0.487  27.951   32.889   83.6   9.62  14.000   -0.00888    2.56    2.35    2.93
17-07-2024 08:04:21.67  246.18   0.487  27.949   32.887   83.6   9.62  14.000   -0.01924    2.56    2.35    2.93
17-07-2024 08:04:21.92  245.98   0.486  27.949   32.887   83.6   9.62  14.000   -0.01924    2.17    2.53    3.37
17-07-2024 08:04:22.16  245.87   0.486  27.949   32.887   83.6   9.62  14.000   -0.02591    1.95    1.94    3.03
17-07-2024 08:04:22.41  245.67   0.485  27.947   32.886   83.6   9.62  14.000   -0.01258    2.12    2.79    3.12
17-07-2024 08:04:22.66  245.49   0.485  27.948   32.887   83.6   9.62  14.000    0.00518    2.13    2.77    3.34
17-07-2024 08:04:22.91  245.31   0.485  27.948   32.888   83.6   9.62  14.000   -0.00666    1.97    1.89    2.89
17-07-2024 08:04:23.15  245.11   0.485  27.948   32.888   83.6   9.62  14.000    0.00222    2.13    2.31    3.14
17-07-2024 08:04:23.42  244.97   0.485  27.947   32.887   83.6   9.61  14.000   -0.01776    2.26    2.47    2.83
17-07-2024 08:04:23.64  244.76   0.484  27.947   32.888   83.6   9.61  14.000   -0.02443    2.26    2.47    2.83
17-07-2024 08:04:23.89  244.60   0.485  27.946   32.886   83.6   9.62  14.000   -0.00888    2.20    1.93    3.33
17-07-2024 08:04:24.13  244.40   0.485  27.946   32.886   83.6   9.61  14.000    0.00666    2.02    2.08    3.01
17-07-2024 08:04:24.38  244.24   0.484  27.945   32.886   83.6   9.62  14.000   -0.00740    1.90    2.04    3.03
17-07-2024 08:04:24.62  244.06   0.485  27.944   32.884   83.6   9.61  14.000   -0.01258    1.94    1.72    3.29
17-07-2024 08:04:24.87  243.88   0.484  27.944   32.885   83.5   9.61  14.000   -0.01924    2.08    2.05    3.29
17-07-2024 08:04:25.11  243.66   0.484  27.943   32.884   83.5   9.61  14.000   -0.00814    2.08    2.05    3.29
17-07-2024 08:04:25.36  243.46   0.483  27.944   32.885   83.5   9.61  14.000   -0.01036    2.04    2.21    2.98
17-07-2024 08:04:25.60  243.35   0.483  27.943   32.885   83.6   9.62  14.000   -0.00444    1.93    2.54    3.19
17-07-2024 08:04:25.85  243.12   0.483  27.943   32.885   83.6   9.61  14.000   -0.01628    2.08    2.30    3.32
17-07-2024 08:04:26.10  242.90   0.483  27.943   32.885   83.6   9.61  14.000   -0.00444    1.98    2.34    3.19
17-07-2024 08:04:26.35  242.77   0.482  27.944   32.886   83.5   9.61  14.000   -0.00592    1.65    2.08    2.72
17-07-2024 08:04:26.59  242.58   0.482  27.942   32.885   83.5   9.61  14.000   -0.01036    1.98    2.39    2.98
17-07-2024 08:04:26.84  242.34   0.482  27.942   32.885   83.6   9.61  14.000   -0.02220    1.98    2.39    2.98
17-07-2024 08:04:27.08  242.20   0.482  27.940   32.883   83.6   9.62  14.000   -0.00222    2.18    2.15    3.29
17-07-2024 08:04:27.33  241.97   0.481  27.940   32.883   83.6   9.62  14.000   -0.00444    2.12    2.59    3.21
17-07-2024 08:04:27.58  241.78   0.480  27.939   32.883   83.6   9.62  14.000   -0.01036    1.71    2.48    3.04
17-07-2024 08:04:27.82  241.61   0.480  27.939   32.883   83.6   9.62  14.000    0.00000    2.22    2.37    3.51
17-07-2024 08:04:28.07  241.45   0.479  27.938   32.883   83.6   9.62  14.000   -0.00740    2.09    2.20    3.10
17-07-2024 08:04:28.31  241.25   0.480  27.939   32.884   83.6   9.62  14.000   -0.01184    2.18    2.87    3.36
17-07-2024 08:04:28.55  241.12   0.480  27.938   32.884   83.6   9.62  14.000    0.00592    2.18    2.87    3.36
17-07-2024 08:04:28.80  240.91   0.479  27.938   32.884   83.6   9.62  14.000   -0.00592    2.23    2.63    3.14
17-07-2024 08:04:29.05  240.72   0.479  27.938   32.883   83.6   9.62  14.000   -0.00074    2.07    2.05    3.35
17-07-2024 08:04:29.29  240.58   0.479  27.937   32.883   83.6   9.62  14.000   -0.01036    2.00    2.66    3.07
17-07-2024 08:04:29.54  240.37   0.479  27.936   32.882   83.6   9.62  14.000   -0.02220    2.17    2.79    3.44
17-07-2024 08:04:29.79  240.18   0.478  27.936   32.882   83.6   9.62  14.000   -0.01554    1.96    2.59    3.20
17-07-2024 08:04:30.03  239.97   0.478  27.936   32.882   83.5   9.61  14.000   -0.01998    1.75    2.02    3.18
17-07-2024 08:04:30.28  239.77   0.477  27.935   32.883   83.6   9.62  14.000   -0.00592    1.75    2.02    3.18
17-07-2024 08:04:30.53  239.66   0.477  27.934   32.882   83.6   9.62  14.000   -0.01998    1.73    2.11    3.24
17-07-2024 08:04:30.77  239.46   0.477  27.934   32.882   83.5   9.61  14.000   -0.02739    1.97    2.22    3.16
17-07-2024 08:04:31.02  239.29   0.476  27.933   32.882   83.5   9.62  14.000   -0.01406    2.17    2.13    3.35
17-07-2024 08:04:31.26  239.10   0.475  27.934   32.884   83.6   9.62  14.000   -0.02220    2.08    2.59    3.31
17-07-2024 08:04:31.51  238.91   0.476  27.933   32.882   83.6   9.62  14.000   -0.00888    1.95    1.96    3.04
17-07-2024 08:04:31.75  238.70   0.475  27.933   32.882   83.5   9.62  14.000    0.00000    2.08    1.75    2.93
17-07-2024 08:04:32.00  238.54   0.476  27.932   32.881   83.6   9.62  14.000   -0.01332    2.08    1.75    2.93
17-07-2024 08:04:32.24  238.35   0.475  27.931   32.880   83.5   9.62  14.000   -0.02443    1.97    2.54    3.37
17-07-2024 08:04:32.49  238.16   0.474  27.931   32.881   83.5   9.62  14.000   -0.01628    2.26    2.34    3.52
17-07-2024 08:04:32.73  237.99   0.474  27.930   32.881   83.5   9.62  14.000   -0.01110    1.94    2.22    3.40
17-07-2024 08:04:32.98  237.80   0.474  27.929   32.880   83.5   9.61  14.000   -0.01036    2.12    2.32    3.15
17-07-2024 08:04:33.22  237.64   0.474  27.930   32.881   83.5   9.61  14.000   -0.01184    2.11    2.33    3.04
17-07-2024 08:04:33.47  237.46   0.474  27.930   32.880   83.5   9.61  14.000    0.00074    1.99    2.43    3.33
17-07-2024 08:04:33.72  237.24   0.473  27.928   32.880   83.5   9.61  14.000   -0.01258    1.99    2.43    3.33
17-07-2024 08:04:33.97  237.09   0.473  27.928   32.880   83.5   9.61  14.000   -0.00370    1.98    2.25    3.09
17-07-2024 08:04:34.21  236.92   0.473  27.928   32.880   83.5   9.61  14.000   -0.01776    1.99    2.31    3.25
17-07-2024 08:04:34.46  236.75   0.473  27.928   32.879   83.5   9.61  14.000   -0.00962    2.17    2.29    3.52
17-07-2024 08:04:34.70  236.49   0.472  27.928   32.881   83.5   9.61  14.000   -0.02220    2.08    2.49    3.17
17-07-2024 08:04:34.95  236.32   0.473  27.928   32.880   83.5   9.61  14.000    0.01628    1.86    2.25    3.03
17-07-2024 08:04:35.19  236.12   0.472  27.928   32.881   83.5   9.61  14.000   -0.00518    2.14    2.10    3.38
17-07-2024 08:04:35.44  235.97   0.472  27.927   32.880   83.5   9.61  14.000   -0.01776    2.14    2.10    3.38
17-07-2024 08:04:35.68  235.79   0.471  27.927   32.881   83.5   9.61  14.000   -0.01924    2.04    2.31    3.22
17-07-2024 08:04:35.93  235.57   0.472  27.926   32.879   83.4   9.61  14.000   -0.00592    2.13    2.37    3.15
17-07-2024 08:04:36.17  235.43   0.472  27.926   32.879   83.4   9.60  14.000   -0.01332    1.83    2.62    3.46
17-07-2024 08:04:36.42  235.23   0.471  27.926   32.879   83.5   9.61  14.000   -0.03035    2.21    2.35    2.94
17-07-2024 08:04:36.66  235.08   0.471  27.927   32.881   83.4   9.61  14.000   -0.00370    2.16    1.92    3.09
17-07-2024 08:04:36.91  234.84   0.471  27.926   32.880   83.4   9.61  14.000   -0.00296    2.08    2.20    2.96
17-07-2024 08:04:37.16  234.63   0.471  27.926   32.879   83.4   9.60  14.000   -0.00666    2.08    2.20    2.96
17-07-2024 08:04:37.41  234.47   0.471  27.925   32.879   83.4   9.60  14.000   -0.00444    2.15    1.99    3.15
17-07-2024 08:04:37.66  234.30   0.471  27.925   32.879   83.5   9.61  14.000   -0.01480    2.16    2.04    3.15
17-07-2024 08:04:37.90  234.06   0.471  27.925   32.880   83.5   9.61  14.000   -0.00666    1.98    1.89    2.99
17-07-2024 08:04:38.15  233.87   0.471  27.925   32.880   83.4   9.60  14.000   -0.00666    2.24    2.38    2.68
17-07-2024 08:04:38.39  233.70   0.471  27.924   32.879   83.4   9.60  14.000   -0.00666    2.21    2.60    3.57
17-07-2024 08:04:38.64  233.56   0.470  27.924   32.879   83.4   9.60  14.000    0.01110    2.18    2.66    3.15
17-07-2024 08:04:38.88  233.36   0.470  27.923   32.879   83.4   9.60  14.000    0.01184    2.18    2.66    3.15
17-07-2024 08:04:39.13  233.18   0.470  27.923   32.878   83.4   9.60  14.000   -0.01776    1.85    2.34    3.05
17-07-2024 08:04:39.37  233.01   0.470  27.923   32.879   83.4   9.60  14.000   -0.01480    2.52    2.11    3.29
17-07-2024 08:04:39.62  232.80   0.470  27.923   32.879   83.4   9.60  14.000   -0.02220    1.91    2.22    2.90
17-07-2024 08:04:39.86  232.57   0.470  27.923   32.878   83.4   9.60  14.000   -0.01258    2.10    2.78    3.20
17-07-2024 08:04:40.11  232.39   0.469  27.923   32.879   83.4   9.60  14.000    0.00296    2.05    2.14    3.07
17-07-2024 08:04:40.35  232.23   0.469  27.923   32.880   83.4   9.60  14.000    0.00444    2.05    2.14    3.07
17-07-2024 08:04:40.60  232.05   0.469  27.922   32.879   83.4   9.60  14.000   -0.00444    1.89    1.91    3.27
17-07-2024 08:04:40.85  231.84   0.469  27.921   32.877   83.4   9.60  14.000   -0.02072    1.80    2.17    3.38
17-07-2024 08:04:41.09  231.68   0.468  27.920   32.878   83.4   9.60  14.000    0.00740    1.79    2.44    3.20
17-07-2024 08:04:41.34  231.48   0.468  27.922   32.880   83.4   9.60  14.000    0.00074    2.26    2.16    2.89
17-07-2024 08:04:41.59  231.33   0.468  27.921   32.878   83.4   9.60  14.000    0.00814    1.82    2.83    3.29
17-07-2024 08:04:41.83  231.11   0.469  27.921   32.878   83.4   9.60  14.000   -0.00740    1.94    2.09    3.28
17-07-2024 08:04:42.08  230.95   0.469  27.920   32.877   83.4   9.60  14.000   -0.01480    2.17    2.04    3.23
17-07-2024 08:04:42.32  230.76   0.468  27.920   32.878   83.4   9.60  14.000   -0.00666    2.17    2.04    3.23
17-07-2024 08:04:42.57  230.59   0.468  27.920   32.878   83.4   9.60  14.000   -0.00888    2.26    2.10    3.15
17-07-2024 08:04:42.81  230.44   0.467  27.919   32.877   83.4   9.60  14.000    0.00666    1.72    1.74    3.02
17-07-2024 08:04:43.06  230.28   0.468  27.919   32.877   83.4   9.60  14.000   -0.01036    2.17    2.69    3.16
17-07-2024 08:04:43.30  230.06   0.467  27.918   32.877   83.4   9.60  14.000   -0.00296    1.88    1.96    3.19
17-07-2024 08:04:43.55  229.88   0.467  27.918   32.877   83.4   9.60  14.000   -0.01628    2.15    1.91    2.86
17-07-2024 08:04:43.79  229.73   0.466  27.917   32.877   83.4   9.60  14.000   -0.00888    2.15    1.91    2.86
17-07-2024 08:04:44.04  229.54   0.465  27.916   32.875   83.4   9.60  14.000   -0.02072    2.16    2.46    3.10
17-07-2024 08:04:44.28  229.35   0.465  27.914   32.874   83.4   9.60  14.000    0.00666    2.20    2.46    3.53
17-07-2024 08:04:44.54  229.18   0.464  27.914   32.875   83.4   9.60  14.000   -0.00888    1.89    1.98    2.94
17-07-2024 08:04:44.78  229.00   0.464  27.914   32.875   83.4   9.60  14.000   -0.00666    1.95    2.04    3.15
17-07-2024 08:04:45.03  228.82   0.464  27.914   32.875   83.4   9.60  14.000   -0.01332    1.89    2.41    3.48
17-07-2024 08:04:45.28  228.63   0.464  27.913   32.875   83.4   9.60  14.000    0.00148    2.08    1.84    2.89
17-07-2024 08:04:45.52  228.48   0.463  27.912   32.874   83.4   9.60  14.000   -0.01702    2.08    1.84    2.89
17-07-2024 08:04:45.77  228.32   0.463  27.911   32.873   83.4   9.60  14.000   -0.02887    2.03    2.47    3.30
17-07-2024 08:04:46.01  228.08   0.462  27.911   32.875   83.4   9.60  14.000   -0.00888    2.39    2.10    3.05
17-07-2024 08:04:46.26  227.95   0.461  27.910   32.874   83.4   9.60  14.000   -0.01480    2.30    2.37    3.38
17-07-2024 08:04:46.50  227.71   0.461  27.911   32.875   83.4   9.60  14.000   -0.00666    2.17    2.62    3.24
17-07-2024 08:04:46.75  227.57   0.460  27.910   32.875   83.4   9.60  14.000   -0.02220    2.30    2.34    3.15
17-07-2024 08:04:46.99  227.33   0.459  27.907   32.872   83.4   9.60  14.000    0.00444    2.34    2.34    3.09
17-07-2024 08:04:47.23  227.19   0.458  27.905   32.871   83.4   9.60  14.000   -0.01406    2.34    2.34    3.09
17-07-2024 08:04:47.48  227.04   0.457  27.905   32.872   83.4   9.60  14.000   -0.01036    1.93    2.16    3.24
17-07-2024 08:04:47.73  226.83   0.457  27.905   32.873   83.4   9.60  14.000    0.00000    2.04    2.60    3.51
17-07-2024 08:04:47.97  226.66   0.457  27.904   32.871   83.4   9.60  14.000   -0.02220    2.14    1.88    3.03
17-07-2024 08:04:48.22  226.45   0.456  27.905   32.873   83.4   9.60  14.000   -0.02072    2.15    2.14    3.34
17-07-2024 08:04:48.47  226.30   0.457  27.903   32.871   83.4   9.60  14.000    0.00592    2.33    2.54    3.12
17-07-2024 08:04:48.72  226.08   0.454  27.903   32.872   83.4   9.60  14.000   -0.01480    1.93    1.97    3.18
17-07-2024 08:04:48.96  225.93   0.455  27.901   32.870   83.4   9.60  14.000   -0.00592    1.93    1.97    3.18
17-07-2024 08:04:49.21  225.74   0.454  27.901   32.871   83.4   9.60  14.000   -0.02072    2.26    2.01    3.07
17-07-2024 08:04:49.45  225.56   0.453  27.899   32.869   83.4   9.60  14.000   -0.00296    1.83    2.36    2.88
17-07-2024 08:04:49.70  225.39   0.453  27.899   32.870   83.4   9.60  14.000   -0.01332    2.18    2.26    3.21
17-07-2024 08:04:49.94  225.17   0.452  27.898   32.869   83.4   9.60  14.000   -0.00962    1.96    2.21    3.31
17-07-2024 08:04:50.20  224.99   0.453  27.897   32.867   83.3   9.59  14.000   -0.00074    2.07    2.15    3.31
17-07-2024 08:04:50.43  224.87   0.453  27.896   32.867   83.4   9.60  14.000   -0.00592    2.13    2.77    3.08
17-07-2024 08:04:50.68  224.65   0.452  27.896   32.867   83.4   9.60  14.000   -0.00518    2.13    2.77    3.08
17-07-2024 08:04:50.92  224.51   0.452  27.897   32.868   83.4   9.61  14.000   -0.00740    2.12    2.42    3.20
17-07-2024 08:04:51.17  224.33   0.452  27.896   32.868   83.4   9.60  14.000    0.00814    1.92    2.20    3.21
17-07-2024 08:04:51.41  224.13   0.450  27.896   32.869   83.4   9.61  14.000   -0.01480    2.19    2.41    3.33
17-07-2024 08:04:51.66  223.96   0.449  27.894   32.869   83.4   9.61  14.000    0.00592    2.11    2.57    3.45
17-07-2024 08:04:51.91  223.76   0.448  27.893   32.868   83.4   9.61  14.000    0.00074    2.16    2.16    3.05
17-07-2024 08:04:52.16  223.56   0.449  27.892   32.866   83.4   9.61  14.000   -0.01850    2.22    2.47    3.02
17-07-2024 08:04:52.40  223.41   0.449  27.892   32.866   83.4   9.61  14.000   -0.01628    2.22    2.47    3.02
17-07-2024 08:04:52.65  223.22   0.449  27.892   32.866   83.4   9.61  14.000   -0.01480    2.12    2.73    3.38
17-07-2024 08:04:52.90  223.05   0.448  27.890   32.864   83.4   9.61  14.000    0.00888    2.06    2.04    3.22
17-07-2024 08:04:53.14  222.82   0.447  27.889   32.865   83.4   9.61  14.000   -0.03405    2.26    2.37    3.24
17-07-2024 08:04:53.39  222.66   0.447  27.890   32.865   83.4   9.61  14.000   -0.01628    1.99    2.02    3.28
17-07-2024 08:04:53.63  222.49   0.446  27.889   32.865   83.4   9.61  14.000   -0.01554    2.07    2.31    2.97
17-07-2024 08:04:53.88  222.35   0.446  27.888   32.865   83.4   9.61  14.000   -0.00370    1.75    2.30    2.84
17-07-2024 08:04:54.12  222.16   0.446  27.887   32.863   83.4   9.61  14.000   -0.00370    1.75    2.30    2.84
17-07-2024 08:04:54.37  221.98   0.446  27.887   32.864   83.4   9.61  14.000   -0.02146    2.00    2.13    2.79
17-07-2024 08:04:54.61  221.77   0.445  27.886   32.863   83.4   9.61  14.000   -0.01628    1.75    2.29    3.36
17-07-2024 08:04:54.86  221.61   0.445  27.886   32.863   83.4   9.61  14.000   -0.01850    1.77    2.70    3.31
17-07-2024 08:04:55.10  221.38   0.445  27.887   32.864   83.5   9.61  14.000   -0.00074    1.99    2.45    3.01
17-07-2024 08:04:55.35  221.22   0.444  27.885   32.863   83.4   9.61  14.000   -0.02072    2.18    2.49    3.04
17-07-2024 08:04:55.60  221.05   0.444  27.886   32.865   83.5   9.62  14.000   -0.00148    2.28    2.49    3.10
17-07-2024 08:04:55.84  220.86   0.444  27.884   32.863   83.5   9.62  14.000   -0.01628    2.28    2.49    3.10
17-07-2024 08:04:56.09  220.70   0.443  27.884   32.863   83.5   9.62  14.000   -0.00296    2.39    2.31    3.10
17-07-2024 08:04:56.34  220.49   0.443  27.884   32.863   83.5   9.62  14.000   -0.01036    1.99    2.23    3.25
17-07-2024 08:04:56.58  220.32   0.443  27.884   32.863   83.5   9.62  14.000   -0.01332    1.84    2.19    3.11
17-07-2024 08:04:56.83  220.11   0.443  27.884   32.864   83.5   9.62  14.000   -0.00370    2.09    2.34    2.87
17-07-2024 08:04:57.07  219.91   0.443  27.883   32.862   83.5   9.62  14.000   -0.01924    2.19    2.08    2.96
17-07-2024 08:04:57.32  219.73   0.443  27.883   32.862   83.5   9.62  14.000   -0.00888    2.26    2.36    3.09
17-07-2024 08:04:57.56  219.58   0.443  27.883   32.862   83.5   9.62  14.000   -0.00962    2.26    2.36    3.09
17-07-2024 08:04:57.81  219.39   0.443  27.883   32.863   83.5   9.62  14.000   -0.02146    2.12    2.23    3.50
17-07-2024 08:04:58.05  219.19   0.443  27.883   32.863   83.5   9.62  14.000   -0.01554    2.15    1.99    3.07
17-07-2024 08:04:58.30  219.01   0.442  27.882   32.863   83.5   9.63  14.000   -0.00370    2.08    2.28    3.30
17-07-2024 08:04:58.54  218.82   0.442  27.882   32.863   83.5   9.62  14.000    0.00888    2.02    2.11    3.18
17-07-2024 08:04:58.79  218.64   0.441  27.880   32.862   83.5   9.63  14.000   -0.00888    2.13    2.56    3.27
17-07-2024 08:04:59.04  218.43   0.441  27.880   32.861   83.6   9.63  14.000   -0.01554    1.82    2.35    3.40
17-07-2024 08:04:59.28  218.27   0.441  27.879   32.860   83.6   9.63  14.000   -0.01110    1.82    2.35    3.40
17-07-2024 08:04:59.53  218.09   0.440  27.879   32.861   83.6   9.63  14.000    0.00148    2.07    2.30    3.32
17-07-2024 08:04:59.78  217.89   0.440  27.879   32.861   83.6   9.63  14.000   -0.00962    2.19    2.23    3.14
17-07-2024 08:05:00.03  217.71   0.439  27.878   32.861   83.6   9.63  14.000   -0.02739    2.27    1.90    3.31
17-07-2024 08:05:00.27  217.54   0.440  27.878   32.860   83.6   9.63  14.000   -0.00074    2.02    1.93    3.74
17-07-2024 08:05:00.52  217.36   0.439  27.877   32.860   83.6   9.63  14.000   -0.02739    2.20    1.93    3.43
17-07-2024 08:05:00.76  217.17   0.438  27.877   32.861   83.6   9.63  14.000   -0.00962    2.05    2.56    2.98
17-07-2024 08:05:01.01  217.01   0.438  27.877   32.861   83.6   9.63  14.000    0.00000    2.05    2.56    2.98
17-07-2024 08:05:01.25  216.83   0.438  27.875   32.859   83.6   9.63  14.000   -0.01628    2.23    2.37    3.20
17-07-2024 08:05:01.50  216.66   0.437  27.875   32.860   83.6   9.63  14.000   -0.00592    2.04    2.73    3.20
17-07-2024 08:05:01.74  216.46   0.437  27.874   32.860   83.6   9.63  14.000   -0.02443    2.10    2.29    3.14
17-07-2024 08:05:01.99  216.30   0.436  27.874   32.860   83.6   9.64  14.000    0.00296    2.14    2.29    3.20
17-07-2024 08:05:02.23  216.10   0.436  27.872   32.858   83.6   9.64  14.000   -0.01036    2.05    2.50    3.19
17-07-2024 08:05:02.48  215.93   0.434  27.871   32.858   83.6   9.64  14.000   -0.02887    2.17    2.37    3.16
17-07-2024 08:05:02.72  215.76   0.433  27.870   32.859   83.6   9.64  14.000   -0.01184    2.17    2.37    3.16
17-07-2024 08:05:02.98  215.55   0.433  27.870   32.859   83.7   9.64  14.000   -0.01702    1.76    1.90    3.15
17-07-2024 08:05:03.22  215.35   0.433  27.869   32.858   83.6   9.64  14.000   -0.00222    1.97    2.39    3.09
17-07-2024 08:05:03.47  215.17   0.433  27.868   32.857   83.6   9.64  14.000   -0.03183    2.18    2.34    3.29
17-07-2024 08:05:03.71  215.02   0.432  27.868   32.857   83.7   9.64  14.000    0.01850    2.19    2.68    3.41
17-07-2024 08:05:03.96  214.83   0.432  27.868   32.858   83.7   9.64  14.000   -0.01036    2.31    2.48    3.16
17-07-2024 08:05:04.20  214.65   0.431  27.867   32.858   83.7   9.64  14.000    0.00518    1.82    2.37    3.12
17-07-2024 08:05:04.45  214.49   0.432  27.868   32.858   83.7   9.64  14.000   -0.03035    1.82    2.37    3.12
17-07-2024 08:05:04.69  214.27   0.431  27.867   32.858   83.7   9.64  14.000   -0.01184    1.68    2.29    3.32
17-07-2024 08:05:04.94  214.12   0.431  27.866   32.856   83.7   9.64  14.000   -0.01184    2.08    2.31    3.18
17-07-2024 08:05:05.18  213.93   0.431  27.866   32.857   83.7   9.64  14.000   -0.01332    1.92    1.85    2.66
17-07-2024 08:05:05.43  213.73   0.431  27.865   32.856   83.7   9.64  14.000   -0.00074    2.05    2.67    2.75
17-07-2024 08:05:05.67  213.56   0.430  27.865   32.857   83.7   9.64  14.000   -0.01702    2.22    2.14    3.11
17-07-2024 08:05:05.92  213.36   0.430  27.865   32.857   83.7   9.64  14.000   -0.01332    2.17    2.37    3.11
17-07-2024 08:05:06.16  213.18   0.430  27.864   32.856   83.7   9.65  14.000   -0.02665    2.17    2.37    3.11
17-07-2024 08:05:06.41  213.01   0.429  27.862   32.855   83.7   9.64  14.000   -0.01332    2.18    2.23    2.70
17-07-2024 08:05:06.66  212.81   0.428  27.861   32.855   83.7   9.64  14.000   -0.01776    2.37    2.00    3.16
17-07-2024 08:05:06.91  212.66   0.428  27.860   32.854   83.7   9.64  14.000   -0.01110    1.94    2.15    3.24
17-07-2024 08:05:07.16  212.48   0.427  27.859   32.852   83.7   9.64  14.000   -0.01036    2.20    2.01    3.05
17-07-2024 08:05:07.40  212.29   0.426  27.859   32.853   83.7   9.64  14.000   -0.03183    2.15    1.99    3.42
17-07-2024 08:05:07.65  212.12   0.426  27.858   32.853   83.7   9.64  14.000   -0.00666    2.27    2.19    3.07
17-07-2024 08:05:07.89  211.95   0.427  27.859   32.853   83.6   9.64  14.000   -0.00962    2.27    2.19    3.07
17-07-2024 08:05:08.14  211.71   0.426  27.857   32.851   83.6   9.64  14.000   -0.01184    2.28    2.54    3.21
17-07-2024 08:05:08.38  211.53   0.424  27.856   32.852   83.6   9.64  14.000   -0.00148    2.15    2.18    3.09
17-07-2024 08:05:08.63  211.34   0.422  27.854   32.852   83.7   9.65  14.000   -0.00148    2.30    2.52    3.46
17-07-2024 08:05:08.87  211.16   0.422  27.854   32.852   83.7   9.64  14.000   -0.01702    2.11    2.20    2.94
17-07-2024 08:05:09.12  210.97   0.419  27.850   32.850   83.6   9.64  14.000   -0.00962    2.14    2.16    3.24
17-07-2024 08:05:09.36  210.80   0.419  27.851   32.851   83.6   9.64  14.000   -0.00074    2.18    2.33    2.96
17-07-2024 08:05:09.61  210.63   0.417  27.851   32.853   83.7   9.65  14.000   -0.00814    2.18    2.33    2.96
17-07-2024 08:05:09.85  210.40   0.416  27.849   32.852   83.7   9.65  14.000   -0.02146    1.95    2.72    3.44
17-07-2024 08:05:10.10  210.23   0.415  27.844   32.848   83.7   9.65  14.000   -0.01480    2.18    2.23    3.15
17-07-2024 08:05:10.35  210.05   0.414  27.844   32.848   83.7   9.65  14.000   -0.02072    2.37    2.13    3.18
17-07-2024 08:05:10.60  209.84   0.412  27.841   32.846   83.7   9.65  14.000   -0.01776    2.14    2.55    2.82
17-07-2024 08:05:10.85  209.68   0.411  27.841   32.848   83.7   9.65  14.000   -0.00740    2.14    2.50    3.21
17-07-2024 08:05:11.09  209.47   0.411  27.839   32.846   83.7   9.65  14.000   -0.02887    2.01    2.34    3.04
17-07-2024 08:05:11.34  209.32   0.410  27.838   32.845   83.7   9.65  14.000   -0.01924    2.01    2.34    3.04
17-07-2024 08:05:11.58  209.11   0.409  27.838   32.846   83.7   9.65  14.000   -0.00814    2.31    1.86    2.91
17-07-2024 08:05:11.83  208.94   0.409  27.838   32.846   83.7   9.65  14.000   -0.02072    1.90    2.24    3.20
17-07-2024 08:05:12.08  208.77   0.409  27.837   32.846   83.7   9.65  14.000   -0.00962    2.10    2.13    3.47
17-07-2024 08:05:12.32  208.59   0.409  27.837   32.845   83.7   9.65  14.000   -0.01110    2.20    2.47    3.07
17-07-2024 08:05:12.56  208.40   0.407  27.837   32.848   83.7   9.65  14.000   -0.00296    2.01    2.28    3.06
17-07-2024 08:05:12.81  208.19   0.405  27.836   32.848   83.7   9.66  14.000   -0.01924    2.24    2.69    3.14
17-07-2024 08:05:13.05  208.01   0.405  27.832   32.844   83.7   9.65  14.000   -0.02072    2.24    2.69    3.14
17-07-2024 08:05:13.30  207.83   0.404  27.830   32.842   83.7   9.66  14.000   -0.01480    2.05    2.06    3.21
17-07-2024 08:05:13.54  207.65   0.401  27.828   32.843   83.7   9.66  14.000   -0.03109    2.07    2.25    3.25
17-07-2024 08:05:13.79  207.50   0.401  27.827   32.841   83.7   9.66  14.000   -0.01850    1.92    2.33    3.18
17-07-2024 08:05:14.04  207.30   0.400  27.826   32.841   83.7   9.66  14.000   -0.03257    1.91    2.49    3.26
17-07-2024 08:05:14.28  207.13   0.400  27.827   32.842   83.7   9.66  14.000   -0.02368    2.36    2.41    3.30
17-07-2024 08:05:14.53  206.94   0.400  27.826   32.841   83.7   9.66  14.000    0.00518    1.84    2.22    3.05
17-07-2024 08:05:14.78  206.77   0.400  27.825   32.841   83.7   9.66  14.000   -0.02368    1.84    2.22    3.05
17-07-2024 08:05:15.02  206.56   0.400  27.825   32.841   83.7   9.66  14.000   -0.01258    2.26    2.27    3.10
17-07-2024 08:05:15.27  206.40   0.399  27.823   32.840   83.7   9.66  14.000   -0.02813    1.77    2.62    2.97
17-07-2024 08:05:15.51  206.18   0.398  27.822   32.838   83.7   9.66  14.000   -0.01332    1.92    2.47    3.07
17-07-2024 08:05:15.76  206.00   0.398  27.820   32.837   83.7   9.66  14.000   -0.02665    2.10    2.54    3.15
17-07-2024 08:05:16.00  205.83   0.397  27.820   32.837   83.7   9.66  14.000   -0.01702    1.95    2.48    3.03
17-07-2024 08:05:16.25  205.70   0.396  27.819   32.838   83.7   9.66  14.000   -0.00444    2.08    1.93    3.15
17-07-2024 08:05:16.49  205.52   0.396  27.818   32.837   83.7   9.66  14.000   -0.01036    2.08    1.93    3.15
17-07-2024 08:05:16.74  205.33   0.395  27.819   32.838   83.7   9.66  14.000   -0.03331    2.09    2.36    2.91
17-07-2024 08:05:16.98  205.15   0.395  27.818   32.838   83.7   9.66  14.000   -0.00518    2.29    2.36    3.06
17-07-2024 08:05:17.23  204.96   0.393  27.817   32.839   83.7   9.66  14.000   -0.01258    1.85    2.43    3.39
17-07-2024 08:05:17.48  204.77   0.389  27.816   32.841   83.7   9.66  14.000   -0.02072    2.13    2.38    3.09
17-07-2024 08:05:17.73  204.60   0.389  27.814   32.840   83.7   9.66  14.000   -0.01628    2.41    2.31    2.87
17-07-2024 08:05:17.97  204.42   0.389  27.812   32.836   83.7   9.66  14.000    0.00000    2.09    2.22    3.26
17-07-2024 08:05:18.22  204.26   0.388  27.812   32.837   83.7   9.66  14.000   -0.00962    2.09    2.22    3.26
17-07-2024 08:05:18.46  204.10   0.388  27.812   32.838   83.7   9.66  14.000   -0.02072    1.97    2.76    2.90
17-07-2024 08:05:18.71  203.90   0.387  27.810   32.837   83.7   9.66  14.000   -0.01332    2.17    1.89    3.34
17-07-2024 08:05:18.95  203.70   0.386  27.811   32.839   83.7   9.66  14.000   -0.00814    2.36    2.70    3.20
17-07-2024 08:05:19.20  203.54   0.386  27.810   32.838   83.7   9.66  14.000   -0.01184    2.25    2.18    3.12
17-07-2024 08:05:19.44  203.36   0.386  27.808   32.835   83.8   9.67  14.000   -0.01036    1.69    2.31    3.02
17-07-2024 08:05:19.69  203.19   0.385  27.807   32.835   83.7   9.66  14.000    0.00148    1.98    2.38    3.04
17-07-2024 08:05:19.93  203.00   0.383  27.804   32.833   83.7   9.67  14.000   -0.01776    1.98    2.38    3.04
17-07-2024 08:05:20.18  202.82   0.383  27.801   32.830   83.7   9.67  14.000   -0.01998    2.17    2.07    3.32
17-07-2024 08:05:20.42  202.64   0.381  27.798   32.828   83.8   9.67  14.000   -0.01850    2.23    1.96    3.19
17-07-2024 08:05:20.67  202.48   0.380  27.798   32.828   83.8   9.67  14.000   -0.00592    2.06    1.87    3.26
17-07-2024 08:05:20.92  202.28   0.379  27.798   32.831   83.8   9.67  14.000   -0.02220    1.95    2.65    3.44
17-07-2024 08:05:21.16  202.13   0.379  27.797   32.830   83.8   9.67  14.000   -0.02443    2.20    2.31    3.43
17-07-2024 08:05:21.41  201.95   0.377  27.798   32.833   83.8   9.67  14.000    0.00148    1.93    2.55    2.92
17-07-2024 08:05:21.66  201.77   0.375  27.795   32.831   83.8   9.67  14.000    0.00370    1.93    2.55    2.92
17-07-2024 08:05:21.91  201.59   0.374  27.794   32.831   83.8   9.67  14.000   -0.01332    2.24    2.11    2.97
17-07-2024 08:05:22.15  201.41   0.374  27.792   32.829   83.8   9.67  14.000   -0.01332    2.21    2.50    3.26
17-07-2024 08:05:22.40  201.25   0.373  27.791   32.828   83.8   9.67  14.000   -0.00444    1.95    2.47    3.28
17-07-2024 08:05:22.64  201.05   0.374  27.791   32.827   83.8   9.67  14.000   -0.02146    1.67    1.84    2.84
17-07-2024 08:05:22.89  200.88   0.373  27.790   32.827   83.8   9.67  14.000   -0.02813    2.06    2.53    3.29
17-07-2024 08:05:23.14  200.70   0.372  27.789   32.827   83.8   9.67  14.000   -0.01332    1.76    2.03    3.22
17-07-2024 08:05:23.38  200.51   0.371  27.788   32.826   83.8   9.67  14.000   -0.02368    1.76    2.03    3.22
17-07-2024 08:05:23.62  200.35   0.371  27.787   32.826   83.8   9.67  14.000    0.00444    2.13    2.47    3.48
17-07-2024 08:05:23.87  200.19   0.371  27.787   32.825   83.8   9.68  14.000   -0.01924    1.88    2.32    3.24
17-07-2024 08:05:24.11  200.02   0.370  27.786   32.826   83.8   9.68  14.000   -0.02294    2.15    2.41    3.23
17-07-2024 08:05:24.36  199.87   0.369  27.784   32.824   83.8   9.68  14.000   -0.02517    1.93    2.96    3.20
17-07-2024 08:05:24.60  199.67   0.368  27.784   32.825   83.8   9.68  14.000   -0.01036    2.15    2.20    3.04
17-07-2024 08:05:24.85  199.51   0.368  27.784   32.825   83.8   9.68  14.000   -0.00814    2.15    2.20    3.04
17-07-2024 08:05:25.10  199.31   0.368  27.784   32.826   83.8   9.68  14.000   -0.01554    2.14    2.06    3.17
17-07-2024 08:05:25.34  199.14   0.367  27.785   32.827   83.8   9.68  14.000   -0.00592    1.79    2.35    3.05
17-07-2024 08:05:25.59  198.93   0.367  27.783   32.826   83.8   9.68  14.000   -0.01184    1.78    2.35    2.91
17-07-2024 08:05:25.84  198.75   0.366  27.781   32.823   83.8   9.68  14.000   -0.01628    2.06    2.49    3.13
17-07-2024 08:05:26.08  198.58   0.365  27.778   32.821   83.8   9.68  14.000   -0.00888    2.00    2.50    3.00
17-07-2024 08:05:26.33  198.40   0.364  27.776   32.821   83.8   9.68  14.000   -0.01924    2.04    2.64    2.95
17-07-2024 08:05:26.57  198.22   0.363  27.775   32.820   83.8   9.68  14.000   -0.01480    2.04    2.64    2.95
17-07-2024 08:05:26.82  198.04   0.362  27.775   32.820   83.8   9.68  14.000   -0.02146    1.95    2.19    3.15
17-07-2024 08:05:27.06  197.86   0.361  27.774   32.821   83.8   9.68  14.000   -0.02294    1.62    2.15    2.83
17-07-2024 08:05:27.31  197.68   0.359  27.772   32.821   83.8   9.68  14.000   -0.01998    2.13    2.01    3.41
17-07-2024 08:05:27.55  197.51   0.358  27.771   32.820   83.8   9.68  14.000   -0.03405    2.01    2.45    2.97
17-07-2024 08:05:27.80  197.30   0.357  27.771   32.820   83.8   9.68  14.000   -0.01924    1.89    2.42    3.31
17-07-2024 08:05:28.05  197.12   0.357  27.771   32.820   83.8   9.68  14.000   -0.00518    1.97    2.59    3.03
17-07-2024 08:05:28.29  196.96   0.358  27.769   32.819   83.8   9.68  14.000   -0.01702    1.97    2.59    3.03
17-07-2024 08:05:28.54  196.76   0.357  27.768   32.818   83.8   9.68  14.000   -0.00740    2.14    2.37    2.91
17-07-2024 08:05:28.79  196.57   0.357  27.768   32.818   83.8   9.69  14.000   -0.00518    1.99    1.92    3.33
17-07-2024 08:05:29.03  196.38   0.356  27.768   32.818   83.9   9.69  14.000   -0.02294    2.31    2.09    3.35
17-07-2024 08:05:29.28  196.21   0.355  27.767   32.819   83.9   9.69  14.000   -0.02146    2.10    2.19    3.00
17-07-2024 08:05:29.53  196.04   0.356  27.764   32.815   83.9   9.69  14.000   -0.01554    2.18    2.16    2.72
17-07-2024 08:05:29.77  195.84   0.355  27.764   32.816   83.9   9.69  14.000   -0.00444    2.12    2.40    3.07
17-07-2024 08:05:30.02  195.68   0.355  27.764   32.816   83.9   9.69  14.000   -0.01036    2.12    2.40    3.07
17-07-2024 08:05:30.26  195.50   0.354  27.765   32.817   83.9   9.70  14.000   -0.00814    2.27    2.47    3.42
17-07-2024 08:05:30.51  195.32   0.354  27.764   32.817   84.0   9.70  14.000   -0.01258    2.04    2.24    3.01
17-07-2024 08:05:30.75  195.15   0.354  27.764   32.817   84.0   9.70  14.000   -0.01110    2.38    2.56    2.77
17-07-2024 08:05:31.00  194.95   0.353  27.762   32.815   84.0   9.70  14.000   -0.01554    2.24    2.49    3.30
17-07-2024 08:05:31.24  194.77   0.352  27.762   32.816   84.0   9.70  14.000   -0.00888    1.93    2.52    3.00
17-07-2024 08:05:31.49  194.59   0.350  27.760   32.816   84.0   9.70  14.000   -0.00888    2.10    2.05    3.27
17-07-2024 08:05:31.73  194.41   0.349  27.759   32.816   84.0   9.71  14.000   -0.02220    2.10    2.05    3.27
17-07-2024 08:05:31.98  194.19   0.348  27.759   32.817   84.0   9.71  14.000   -0.01184    1.87    2.14    3.17
17-07-2024 08:05:32.22  194.03   0.348  27.757   32.814   84.0   9.71  14.000   -0.01850    2.24    2.56    3.11
17-07-2024 08:05:32.47  193.84   0.347  27.756   32.815   84.0   9.71  14.000   -0.00888    1.98    2.40    3.42
17-07-2024 08:05:32.72  193.69   0.347  27.756   32.815   84.1   9.71  14.000   -0.01850    2.09    2.31    2.76
17-07-2024 08:05:32.97  193.53   0.346  27.754   32.813   84.1   9.71  14.000   -0.02220    2.21    1.99    2.90
17-07-2024 08:05:33.21  193.36   0.346  27.754   32.813   84.1   9.72  14.000   -0.01332    2.28    2.12    3.51
17-07-2024 08:05:33.46  193.14   0.345  27.753   32.812   84.1   9.72  14.000   -0.02443    2.28    2.12    3.51
17-07-2024 08:05:33.70  192.92   0.344  27.753   32.814   84.1   9.72  14.000   -0.00518    2.20    2.46    3.18
17-07-2024 08:05:33.95  192.74   0.343  27.753   32.815   84.2   9.72  14.000    0.00814    2.08    2.12    3.15
17-07-2024 08:05:34.20  192.57   0.343  27.752   32.814   84.2   9.72  14.000   -0.00888    1.85    2.11    3.21
17-07-2024 08:05:34.44  192.39   0.342  27.750   32.813   84.2   9.73  14.000   -0.01332    2.18    2.08    2.91
17-07-2024 08:05:34.68  192.19   0.342  27.749   32.812   84.2   9.73  14.000   -0.01332    1.88    2.15    2.92
17-07-2024 08:05:34.93  192.03   0.341  27.749   32.812   84.2   9.73  14.000   -0.03183    1.99    2.02    3.30
17-07-2024 08:05:35.17  191.84   0.341  27.748   32.812   84.2   9.73  14.000   -0.00296    1.99    2.02    3.30
17-07-2024 08:05:35.42  191.65   0.340  27.747   32.811   84.2   9.73  14.000   -0.01184    2.07    2.40    3.05
17-07-2024 08:05:35.67  191.46   0.340  27.747   32.812   84.2   9.73  14.000   -0.01702    2.06    1.93    2.97
17-07-2024 08:05:35.91  191.30   0.338  27.744   32.810   84.2   9.74  14.000    0.00370    2.11    2.48    3.11
17-07-2024 08:05:36.16  191.09   0.337  27.743   32.809   84.3   9.74  14.000   -0.01628    2.09    3.19    3.03
17-07-2024 08:05:36.41  190.94   0.337  27.743   32.810   84.3   9.74  14.000   -0.01480    1.85    2.56    3.32
17-07-2024 08:05:36.66  190.74   0.337  27.743   32.810   84.3   9.74  14.000   -0.00888    2.25    2.21    3.17
17-07-2024 08:05:36.90  190.55   0.337  27.743   32.809   84.3   9.74  14.000   -0.02146    2.25    2.21    3.17
17-07-2024 08:05:37.15  190.35   0.337  27.740   32.807   84.3   9.74  14.000   -0.03997    2.07    2.84    3.14
17-07-2024 08:05:37.39  190.13   0.335  27.737   32.805   84.3   9.75  14.000   -0.02146    1.81    2.29    2.92
17-07-2024 08:05:37.64  189.95   0.333  27.737   32.806   84.3   9.75  14.000   -0.02443    2.30    2.17    3.08
17-07-2024 08:05:37.88  189.76   0.333  27.736   32.806   84.3   9.75  14.000   -0.01850    2.13    2.22    3.44
17-07-2024 08:05:38.13  189.58   0.332  27.734   32.805   84.4   9.75  14.000   -0.01628    2.21    2.23    3.42
17-07-2024 08:05:38.37  189.42   0.331  27.733   32.804   84.4   9.75  14.000   -0.00666    1.87    2.32    3.79
17-07-2024 08:05:38.62  189.23   0.330  27.731   32.803   84.4   9.76  14.000   -0.02517    1.87    2.32    3.79
17-07-2024 08:05:38.86  189.06   0.329  27.731   32.803   84.4   9.76  14.000   -0.02072    2.08    2.53    3.16
17-07-2024 08:05:39.11  188.88   0.329  27.731   32.804   84.4   9.76  14.000   -0.01184    1.98    2.47    3.40
17-07-2024 08:05:39.35  188.69   0.328  27.730   32.805   84.4   9.76  14.000   -0.01924    2.37    2.02    3.32
17-07-2024 08:05:39.60  188.51   0.327  27.729   32.804   84.5   9.77  14.000   -0.00296    2.31    2.24    3.12
17-07-2024 08:05:39.85  188.32   0.326  27.728   32.804   84.5   9.77  14.000   -0.02368    2.20    1.91    3.14
17-07-2024 08:05:40.09  188.11   0.325  27.727   32.803   84.5   9.77  14.000   -0.02961    2.32    2.02    3.02
17-07-2024 08:05:40.34  187.90   0.325  27.726   32.802   84.5   9.77  14.000   -0.00296    2.32    2.02    3.02
17-07-2024 08:05:40.59  187.71   0.324  27.725   32.801   84.6   9.78  14.000   -0.00592    2.06    2.10    3.11
17-07-2024 08:05:40.84  187.52   0.323  27.724   32.801   84.6   9.78  14.000   -0.01628    2.21    2.52    2.86
17-07-2024 08:05:41.08  187.31   0.322  27.722   32.800   84.6   9.78  14.000   -0.01110    2.13    2.26    3.29
17-07-2024 08:05:41.32  187.14   0.322  27.722   32.801   84.6   9.78  14.000   -0.01850    2.06    2.36    3.31
17-07-2024 08:05:41.57  186.98   0.321  27.721   32.800   84.6   9.78  14.000   -0.00296    2.15    2.07    3.14
17-07-2024 08:05:41.81  186.81   0.320  27.719   32.798   84.6   9.78  14.000   -0.01776    2.31    2.07    3.35
17-07-2024 08:05:42.06  186.62   0.319  27.717   32.798   84.6   9.78  14.000   -0.03331    2.31    2.07    3.35
17-07-2024 08:05:42.30  186.44   0.318  27.719   32.800   84.6   9.79  14.000   -0.01850    2.52    2.19    3.32
17-07-2024 08:05:42.55  186.17   0.318  27.718   32.800   84.6   9.79  14.000   -0.00962    2.04    2.53    2.88
17-07-2024 08:05:42.79  186.02   0.316  27.715   32.798   84.6   9.79  14.000   -0.01998    2.19    2.31    2.93
17-07-2024 08:05:43.04  185.82   0.314  27.713   32.798   84.7   9.79  14.000   -0.01110    1.86    1.76    3.13
17-07-2024 08:05:43.29  185.66   0.314  27.712   32.797   84.7   9.79  14.000   -0.01702    2.07    2.74    3.11
17-07-2024 08:05:43.54  185.44   0.313  27.712   32.797   84.6   9.79  14.000   -0.01332    2.17    1.69    3.09
17-07-2024 08:05:43.78  185.29   0.314  27.712   32.797   84.7   9.79  14.000   -0.02517    2.17    1.69    3.09
17-07-2024 08:05:44.03  185.06   0.313  27.711   32.797   84.7   9.79  14.000   -0.00814    2.21    2.03    3.01
17-07-2024 08:05:44.28  184.94   0.312  27.711   32.798   84.7   9.79  14.000   -0.01998    1.85    2.20    2.81
17-07-2024 08:05:44.52  184.72   0.312  27.711   32.798   84.7   9.79  14.000   -0.01998    2.27    2.51    3.05
17-07-2024 08:05:44.77  184.53   0.311  27.710   32.797   84.7   9.79  14.000   -0.01628    2.05    2.13    3.32
17-07-2024 08:05:45.02  184.34   0.311  27.710   32.798   84.7   9.79  14.000   -0.01998    2.03    2.21    2.89
17-07-2024 08:05:45.26  184.17   0.311  27.710   32.797   84.7   9.79  14.000   -0.00222    2.59    2.39    3.17
17-07-2024 08:05:45.50  184.00   0.311  27.709   32.797   84.7   9.79  14.000   -0.01406    2.59    2.39    3.17
17-07-2024 08:05:45.75  183.78   0.311  27.708   32.796   84.7   9.80  14.000   -0.00518    2.15    1.78    3.10
17-07-2024 08:05:45.99  183.63   0.311  27.707   32.795   84.7   9.80  14.000   -0.01406    1.90    2.42    2.70
17-07-2024 08:05:46.24  183.44   0.310  27.708   32.797   84.7   9.80  14.000   -0.01036    2.17    2.30    3.23
17-07-2024 08:05:46.48  183.23   0.310  27.708   32.797   84.7   9.80  14.000   -0.00740    2.19    2.50    2.87
17-07-2024 08:05:46.73  183.03   0.310  27.707   32.796   84.7   9.80  14.000   -0.02368    2.24    2.58    3.08
17-07-2024 08:05:46.97  182.86   0.309  27.706   32.796   84.7   9.80  14.000   -0.02072    2.03    2.42    3.06
17-07-2024 08:05:47.22  182.63   0.309  27.706   32.795   84.8   9.80  14.000   -0.00888    2.03    2.42    3.06
17-07-2024 08:05:47.47  182.49   0.309  27.705   32.794   84.7   9.80  14.000   -0.00666    1.99    2.19    3.34
17-07-2024 08:05:47.72  182.24   0.309  27.704   32.794   84.8   9.81  14.000   -0.00222    2.03    1.97    2.99
17-07-2024 08:05:47.96  182.09   0.308  27.703   32.794   84.8   9.81  14.000    0.01332    2.18    1.77    3.20
17-07-2024 08:05:48.21  181.90   0.308  27.703   32.794   84.8   9.81  14.000   -0.00518    2.09    2.56    3.33
17-07-2024 08:05:48.45  181.71   0.307  27.703   32.794   84.8   9.81  14.000   -0.01628    2.44    2.41    3.33
17-07-2024 08:05:48.70  181.51   0.307  27.702   32.793   84.8   9.81  14.000    0.00148    2.17    2.62    3.28
17-07-2024 08:05:48.94  181.31   0.307  27.702   32.794   84.8   9.81  14.000   -0.02072    2.17    2.62    3.28
17-07-2024 08:05:49.19  181.15   0.306  27.702   32.794   84.8   9.81  14.000   -0.01332    2.40    2.23    3.27
17-07-2024 08:05:49.43  180.95   0.306  27.701   32.794   84.8   9.82  14.000   -0.00370    1.80    2.71    3.23
17-07-2024 08:05:49.68  180.72   0.306  27.700   32.793   84.8   9.81  14.000   -0.01184    2.08    1.98    3.10
17-07-2024 08:05:49.92  180.55   0.306  27.700   32.793   84.8   9.82  14.000   -0.02443    2.38    2.20    3.24
17-07-2024 08:05:50.17  180.40   0.306  27.702   32.794   84.8   9.81  14.000   -0.02368    2.24    2.85    3.25
17-07-2024 08:05:50.41  180.23   0.306  27.700   32.793   84.8   9.81  14.000    0.00962    2.11    1.78    3.21
17-07-2024 08:05:50.70  180.04   0.306  27.700   32.792   84.8   9.82  14.000   -0.00814    2.12    2.57    3.09
17-07-2024 08:05:50.91  179.82   0.305  27.699   32.792   84.8   9.82  14.000   -0.01258    2.12    2.57    3.09
17-07-2024 08:05:51.16  179.65   0.305  27.699   32.793   84.8   9.82  14.000   -0.00148    1.99    2.81    3.20
17-07-2024 08:05:51.41  179.47   0.304  27.698   32.792   84.9   9.82  14.000   -0.01332    2.09    2.06    3.07
17-07-2024 08:05:51.65  179.27   0.305  27.697   32.791   84.9   9.82  14.000   -0.02443    1.78    2.34    3.29
17-07-2024 08:05:51.90  179.06   0.304  27.696   32.790   84.9   9.82  14.000   -0.01036    2.03    1.84    2.98
17-07-2024 08:05:52.14  178.89   0.304  27.696   32.790   84.9   9.82  14.000   -0.01702    2.20    2.45    2.91
17-07-2024 08:05:52.39  178.71   0.302  27.695   32.791   84.9   9.82  14.000   -0.02443    2.20    2.45    2.91
17-07-2024 08:05:52.63  178.55   0.301  27.695   32.792   84.9   9.82  14.000   -0.00962    1.96    2.35    3.16
17-07-2024 08:05:52.88  178.36   0.301  27.693   32.790   84.9   9.82  14.000   -0.01110    2.13    2.69    3.19
17-07-2024 08:05:53.12  178.19   0.300  27.693   32.791   84.9   9.82  14.000    0.00148    2.08    2.30    3.24
17-07-2024 08:05:53.37  177.98   0.300  27.693   32.790   84.9   9.82  14.000   -0.01258    1.93    2.52    3.01
17-07-2024 08:05:53.61  177.78   0.298  27.692   32.791   84.9   9.82  14.000   -0.01406    1.97    2.30    2.97
17-07-2024 08:05:53.86  177.59   0.298  27.689   32.788   84.9   9.83  14.000   -0.01332    1.91    1.94    3.19
17-07-2024 08:05:54.10  177.39   0.297  27.689   32.789   84.9   9.83  14.000   -0.01628    1.91    1.94    3.19
17-07-2024 08:05:54.35  177.24   0.297  27.688   32.788   84.9   9.83  14.000   -0.01110    2.11    2.09    3.20
17-07-2024 08:05:54.60  177.04   0.296  27.687   32.788   84.9   9.83  14.000   -0.02368    2.10    2.02    3.34
17-07-2024 08:05:54.85  176.82   0.296  27.687   32.789   84.9   9.83  14.000   -0.01554    1.93    2.15    3.16
17-07-2024 08:05:55.10  176.63   0.295  27.688   32.790   85.0   9.83  14.000   -0.01332    2.15    2.73    3.12
17-07-2024 08:05:55.34  176.43   0.296  27.685   32.787   85.0   9.83  14.000   -0.01480    1.71    2.73    3.29
17-07-2024 08:05:55.59  176.22   0.294  27.684   32.787   85.0   9.83  14.000   -0.01924    1.94    2.07    3.25
17-07-2024 08:05:55.83  176.06   0.293  27.683   32.787   85.0   9.84  14.000   -0.03035    1.94    2.07    3.25
17-07-2024 08:05:56.08  175.83   0.291  27.681   32.786   85.0   9.84  14.000   -0.01554    2.01    2.67    2.99
17-07-2024 08:05:56.32  175.64   0.290  27.680   32.786   85.0   9.84  14.000   -0.01554    2.04    2.27    3.32
17-07-2024 08:05:56.57  175.48   0.290  27.679   32.786   85.0   9.84  14.000   -0.03183    2.13    1.65    3.26
17-07-2024 08:05:56.81  175.24   0.289  27.679   32.786   85.0   9.84  14.000   -0.01406    2.09    2.76    3.36
17-07-2024 08:05:57.06  175.09   0.289  27.677   32.784   85.0   9.84  14.000   -0.02146    2.43    2.20    3.29
17-07-2024 08:05:57.30  174.89   0.287  27.674   32.783   85.1   9.85  14.000   -0.01332    2.29    2.62    3.26
17-07-2024 08:05:57.54  174.70   0.285  27.673   32.783   85.1   9.85  14.000   -0.01628    2.29    2.62    3.26
17-07-2024 08:05:57.79  174.53   0.284  27.672   32.782   85.1   9.85  14.000   -0.02813    2.01    2.03    3.00
17-07-2024 08:05:58.04  174.34   0.284  27.672   32.783   85.1   9.85  14.000   -0.01036    2.07    1.68    3.42
17-07-2024 08:05:58.29  174.11   0.283  27.671   32.782   85.1   9.85  14.000   -0.01480    2.27    2.38    3.16
17-07-2024 08:05:58.53  173.94   0.280  27.668   32.782   85.1   9.86  14.000   -0.00444    2.25    2.10    3.13
17-07-2024 08:05:58.78  173.74   0.281  27.665   32.778   85.1   9.86  14.000   -0.02294    1.98    2.00    2.82
17-07-2024 08:05:59.03  173.58   0.280  27.664   32.777   85.1   9.86  14.000   -0.01406    2.03    2.52    3.02
17-07-2024 08:05:59.27  173.40   0.278  27.664   32.779   85.2   9.86  14.000   -0.01406    2.03    2.52    3.02
17-07-2024 08:05:59.52  173.20   0.277  27.663   32.779   85.2   9.86  14.000   -0.02146    2.01    2.11    3.23
17-07-2024 08:05:59.76  173.01   0.276  27.664   32.781   85.2   9.86  14.000   -0.02072    1.96    2.65    3.23
17-07-2024 08:06:00.01  172.82   0.273  27.662   32.782   85.2   9.87  14.000   -0.02220    1.99    2.53    3.01
17-07-2024 08:06:00.25  172.65   0.273  27.661   32.782   85.2   9.87  14.000   -0.01998    2.01    2.56    3.32
17-07-2024 08:06:00.50  172.43   0.273  27.658   32.777   85.2   9.87  14.000   -0.01702    2.35    2.29    3.08
17-07-2024 08:06:00.74  172.23   0.272  27.655   32.775   85.2   9.87  14.000   -0.02072    2.04    2.33    3.18
17-07-2024 08:06:00.99  172.10   0.271  27.655   32.776   85.3   9.88  14.000   -0.03553    2.04    2.33    3.18
17-07-2024 08:06:01.23  171.87   0.270  27.653   32.775   85.3   9.87  14.000   -0.01702    2.26    2.18    3.34
17-07-2024 08:06:01.48  171.72   0.269  27.654   32.777   85.3   9.88  14.000   -0.01036    2.15    2.29    2.86
17-07-2024 08:06:01.73  171.48   0.270  27.654   32.776   85.3   9.88  14.000   -0.01702    2.19    2.60    3.17
17-07-2024 08:06:01.98  171.36   0.269  27.653   32.776   85.3   9.88  14.000   -0.00962    2.03    1.95    3.15
17-07-2024 08:06:02.22  171.14   0.269  27.653   32.776   85.3   9.88  14.000   -0.01258    2.15    2.64    3.37
17-07-2024 08:06:02.47  170.98   0.269  27.653   32.776   85.4   9.89  14.000   -0.00666    1.71    2.25    3.04
17-07-2024 08:06:02.72  170.72   0.268  27.651   32.775   85.4   9.89  14.000   -0.00888    1.71    2.25    3.04
17-07-2024 08:06:02.96  170.59   0.268  27.649   32.772   85.4   9.89  14.000   -0.02146    2.06    2.48    3.26
17-07-2024 08:06:03.21  170.34   0.267  27.649   32.773   85.4   9.89  14.000   -0.00888    2.30    2.63    3.02
17-07-2024 08:06:03.45  170.19   0.266  27.646   32.771   85.4   9.90  14.000   -0.00962    1.87    2.58    3.18
17-07-2024 08:06:03.70  170.05   0.265  27.645   32.771   85.5   9.90  14.000   -0.01406    2.40    2.56    2.95
17-07-2024 08:06:03.94  169.82   0.263  27.645   32.772   85.5   9.90  14.000   -0.02665    1.79    2.46    3.06
17-07-2024 08:06:04.19  169.62   0.263  27.644   32.772   85.5   9.91  14.000   -0.01776    1.99    2.83    3.31
17-07-2024 08:06:04.43  169.47   0.262  27.645   32.773   85.5   9.91  14.000   -0.00740    1.99    2.83    3.31
17-07-2024 08:06:04.68  169.30   0.263  27.643   32.771   85.5   9.91  14.000   -0.01258    2.23    2.39    2.88
17-07-2024 08:06:04.92  169.12   0.262  27.642   32.770   85.6   9.91  14.000   -0.01110    2.13    2.57    2.81
17-07-2024 08:06:05.17  168.92   0.261  27.642   32.772   85.6   9.91  14.000   -0.01998    1.96    2.10    2.93
17-07-2024 08:06:05.41  168.75   0.260  27.640   32.770   85.6   9.91  14.000   -0.02294    2.37    2.10    3.20
17-07-2024 08:06:05.66  168.58   0.260  27.641   32.771   85.6   9.92  14.000   -0.01628    2.32    1.62    2.92
17-07-2024 08:06:05.91  168.38   0.258  27.638   32.769   85.6   9.92  14.000   -0.00592    2.08    2.50    3.00
17-07-2024 08:06:06.16  168.16   0.256  27.636   32.769   85.6   9.92  14.000   -0.00888    2.08    2.50    3.00
17-07-2024 08:06:06.40  167.97   0.255  27.635   32.769   85.6   9.92  14.000   -0.00888    2.08    2.42    3.27
17-07-2024 08:06:06.65  167.78   0.254  27.633   32.768   85.6   9.92  14.000   -0.02739    2.17    2.34    3.24
17-07-2024 08:06:06.89  167.62   0.254  27.633   32.768   85.6   9.92  14.000   -0.00666    2.18    2.29    3.10
17-07-2024 08:06:07.14  167.45   0.253  27.631   32.767   85.6   9.92  14.000   -0.00148    2.05    2.23    3.00
17-07-2024 08:06:07.38  167.28   0.253  27.630   32.766   85.6   9.92  14.000   -0.00370    2.18    2.21    3.19
17-07-2024 08:06:07.63  167.05   0.251  27.630   32.767   85.6   9.92  14.000   -0.01184    2.18    2.21    3.19
17-07-2024 08:06:07.87  166.88   0.250  27.628   32.766   85.6   9.92  14.000   -0.01776    2.10    2.08    2.98
17-07-2024 08:06:08.12  166.68   0.250  27.625   32.763   85.6   9.92  14.000    0.00518    2.10    1.88    2.79
17-07-2024 08:06:08.37  166.48   0.248  27.624   32.764   85.6   9.92  14.000   -0.01406    1.91    1.75    2.89
17-07-2024 08:06:08.61  166.35   0.247  27.623   32.763   85.6   9.92  14.000   -0.02887    2.09    2.51    3.04
17-07-2024 08:06:08.86  166.13   0.246  27.620   32.760   85.6   9.92  14.000   -0.01184    1.83    1.94    3.32
17-07-2024 08:06:09.10  165.94   0.245  27.620   32.761   85.6   9.92  14.000   -0.01332    1.98    2.61    3.45
17-07-2024 08:06:09.36  165.76   0.244  27.621   32.764   85.6   9.92  14.000   -0.01924    2.26    1.92    3.38
17-07-2024 08:06:09.60  165.60   0.244  27.620   32.762   85.6   9.92  14.000   -0.01554    2.26    1.92    3.38
17-07-2024 08:06:09.85  165.40   0.243  27.619   32.762   85.6   9.92  14.000   -0.02739    2.29    2.13    3.51
17-07-2024 08:06:10.09  165.20   0.241  27.616   32.760   85.6   9.92  14.000   -0.01184    1.90    1.91    3.21
17-07-2024 08:06:10.34  165.05   0.239  27.613   32.759   85.6   9.92  14.000   -0.01850    2.04    2.32    3.18
17-07-2024 08:06:10.58  164.85   0.237  27.611   32.759   85.6   9.93  14.000   -0.01924    2.32    2.64    3.32
17-07-2024 08:06:10.83  164.61   0.236  27.609   32.758   85.6   9.93  14.000   -0.01406    2.26    2.23    3.25
17-07-2024 08:06:11.07  164.44   0.235  27.608   32.757   85.6   9.93  14.000   -0.00148    2.26    2.23    3.25
17-07-2024 08:06:11.32  164.26   0.233  27.606   32.757   85.6   9.93  14.000   -0.01850    1.78    2.53    3.14
17-07-2024 08:06:11.56  164.06   0.232  27.604   32.756   85.6   9.93  14.000   -0.00296    2.14    2.24    3.22
17-07-2024 08:06:11.81  163.84   0.231  27.603   32.755   85.6   9.93  14.000   -0.01258    2.08    2.53    3.11
17-07-2024 08:06:12.05  163.68   0.231  27.604   32.757   85.6   9.93  14.000   -0.03035    1.86    2.06    3.26
17-07-2024 08:06:12.30  163.48   0.230  27.603   32.757   85.7   9.93  14.000   -0.02072    2.03    2.13    3.26
17-07-2024 08:06:12.55  163.30   0.230  27.602   32.755   85.7   9.93  14.000   -0.02517    2.22    2.46    3.04
17-07-2024 08:06:12.79  163.17   0.229  27.599   32.753   85.7   9.94  14.000   -0.00888    2.22    2.46    3.04
17-07-2024 08:06:13.04  162.93   0.228  27.600   32.754   85.7   9.94  14.000    0.00888    1.91    2.10    3.20
17-07-2024 08:06:13.29  162.71   0.228  27.597   32.752   85.7   9.94  14.000   -0.02220    2.17    1.92    2.82
17-07-2024 08:06:13.54  162.58   0.227  27.595   32.749   85.7   9.94  14.000   -0.02368    1.98    2.40    2.96
17-07-2024 08:06:13.78  162.35   0.225  27.589   32.745   85.7   9.94  14.000   -0.02294    2.34    2.46    3.33
17-07-2024 08:06:14.03  162.19   0.223  27.591   32.748   85.7   9.94  14.000   -0.02220    1.77    2.17    3.30
17-07-2024 08:06:14.27  161.97   0.221  27.588   32.748   85.7   9.94  14.000   -0.01628    2.04    2.25    3.37
17-07-2024 08:06:14.51  161.85   0.219  27.586   32.748   85.7   9.95  14.000   -0.01110    2.04    2.25    3.37
17-07-2024 08:06:14.76  161.61   0.217  27.586   32.749   85.8   9.95  14.000   -0.03553    1.78    2.51    3.11
17-07-2024 08:06:15.01  161.42   0.216  27.588   32.753   85.8   9.95  14.000    0.01406    2.05    1.97    3.29
17-07-2024 08:06:15.25  161.29   0.216  27.587   32.751   85.8   9.95  14.000    0.00740    2.23    2.39    3.07
17-07-2024 08:06:15.50  161.04   0.216  27.585   32.750   85.7   9.95  14.000   -0.02146    1.83    2.19    3.29
17-07-2024 08:06:15.74  160.86   0.214  27.582   32.748   85.7   9.95  14.000   -0.02368    1.90    2.35    3.14
17-07-2024 08:06:15.99  160.60   0.211  27.578   32.746   85.8   9.95  14.000   -0.00444    2.16    2.23    3.24
17-07-2024 08:06:16.23  160.46   0.208  27.575   32.745   85.8   9.95  14.000   -0.03923    2.16    2.23    3.24
17-07-2024 08:06:16.48  160.22   0.206  27.574   32.746   85.8   9.95  14.000   -0.01998    1.93    2.55    3.15
17-07-2024 08:06:16.73  160.08   0.204  27.572   32.746   85.8   9.96  14.000   -0.01924    1.96    2.25    2.92
17-07-2024 08:06:16.98  159.84   0.202  27.571   32.746   85.8   9.96  14.000   -0.03479    2.22    2.60    2.83
17-07-2024 08:06:17.22  159.65   0.201  27.569   32.745   85.8   9.96  14.000   -0.02146    2.05    2.52    2.68
17-07-2024 08:06:17.47  159.49   0.201  27.569   32.745   85.8   9.96  14.000   -0.02294    2.08    2.29    3.44
17-07-2024 08:06:17.72  159.33   0.199  27.568   32.746   85.8   9.96  14.000   -0.01332    2.13    2.27    3.09
17-07-2024 08:06:17.96  159.09   0.196  27.565   32.746   85.9   9.96  14.000   -0.02146    2.13    2.27    3.09
17-07-2024 08:06:18.21  158.88   0.193  27.562   32.745   85.9   9.97  14.000   -0.01702    1.69    2.36    3.04
17-07-2024 08:06:18.45  158.74   0.193  27.561   32.744   85.9   9.97  14.000   -0.01110    2.24    2.15    3.41
17-07-2024 08:06:18.70  158.52   0.193  27.558   32.741   85.9   9.97  14.000   -0.02517    2.09    2.43    3.21
17-07-2024 08:06:18.94  158.30   0.192  27.558   32.741   85.9   9.97  14.000   -0.01332    2.00    2.37    2.85
17-07-2024 08:06:19.19  158.10   0.191  27.558   32.742   85.9   9.97  14.000   -0.03183    2.17    2.33    3.24
17-07-2024 08:06:19.43  157.94   0.191  27.558   32.743   85.9   9.97  14.000   -0.03183    1.92    2.36    3.11
17-07-2024 08:06:19.67  157.74   0.191  27.559   32.743   85.9   9.97  14.000   -0.02813    1.92    2.36    3.11
17-07-2024 08:06:19.92  157.53   0.190  27.557   32.742   85.9   9.98  14.000   -0.01258    2.17    2.32    3.13
17-07-2024 08:06:20.17  157.36   0.190  27.555   32.740   85.9   9.98  14.000   -0.00962    2.14    2.13    3.39
17-07-2024 08:06:20.41  157.24   0.188  27.554   32.740   86.0   9.98  14.000   -0.01036    1.76    2.20    3.24
17-07-2024 08:06:20.66  156.97   0.187  27.552   32.739   86.0   9.98  14.000   -0.01998    1.99    2.62    3.51
17-07-2024 08:06:20.91  156.84   0.184  27.551   32.742   86.0   9.98  14.000   -0.01406    2.02    2.44    2.95
17-07-2024 08:06:21.15  156.60   0.183  27.549   32.740   86.0   9.99  14.000   -0.01628    2.20    1.99    3.09
17-07-2024 08:06:21.40  156.39   0.182  27.546   32.737   86.0   9.99  14.000   -0.00888    2.20    1.99    3.09
17-07-2024 08:06:21.64  156.24   0.181  27.543   32.735   86.1   9.99  14.000   -0.02072    1.87    2.56    3.14
17-07-2024 08:06:21.89  156.10   0.179  27.543   32.736   86.1   9.99  14.000   -0.02443    1.95    2.36    2.90
17-07-2024 08:06:22.13  155.84   0.179  27.542   32.735   86.1   9.99  14.000   -0.02072    2.17    2.27    3.41
17-07-2024 08:06:22.38  155.64   0.178  27.540   32.734   86.1  10.00  14.000   -0.01628    2.02    2.19    3.33
17-07-2024 08:06:22.62  155.50   0.178  27.540   32.734   86.1  10.00  14.000   -0.01924    2.28    2.64    3.23
17-07-2024 08:06:22.87  155.27   0.176  27.536   32.731   86.1  10.00  14.000   -0.03479    2.13    2.52    3.01
17-07-2024 08:06:23.11  155.13   0.174  27.537   32.734   86.2  10.01  14.000   -0.01850    2.13    2.52    3.01
17-07-2024 08:06:23.36  154.88   0.173  27.534   32.731   86.2  10.01  14.000   -0.00888    2.23    2.01    2.95
17-07-2024 08:06:23.61  154.70   0.172  27.534   32.732   86.2  10.01  14.000   -0.02368    1.77    2.65    3.26
17-07-2024 08:06:23.85  154.52   0.171  27.533   32.733   86.2  10.01  14.000   -0.02665    2.32    2.17    2.77
17-07-2024 08:06:24.10  154.33   0.170  27.532   32.733   86.2  10.02  14.000   -0.01924    2.17    2.78    2.96
17-07-2024 08:06:24.35  154.12   0.169  27.531   32.732   86.3  10.02  14.000   -0.00444    2.20    2.65    2.93
17-07-2024 08:06:24.60  153.91   0.168  27.527   32.728   86.3  10.02  14.000   -0.01480    2.10    2.15    3.35
17-07-2024 08:06:24.84  153.72   0.164  27.525   32.731   86.3  10.03  14.000   -0.02368    2.10    2.15    3.35
17-07-2024 08:06:25.09  153.59   0.163  27.521   32.727   86.3  10.03  14.000   -0.01702    1.78    2.22    3.35
17-07-2024 08:06:25.33  153.37   0.161  27.517   32.724   86.3  10.03  14.000   -0.03183    1.93    2.35    3.07
17-07-2024 08:06:25.58  153.15   0.160  27.519   32.727   86.3  10.03  14.000   -0.02072    2.02    2.16    3.28
17-07-2024 08:06:25.82  152.97   0.159  27.517   32.725   86.3  10.03  14.000   -0.00074    2.32    2.25    2.99
17-07-2024 08:06:26.07  152.81   0.157  27.513   32.723   86.3  10.03  14.000   -0.03479    2.16    2.30    3.12
17-07-2024 08:06:26.31  152.67   0.155  27.509   32.719   86.3  10.03  14.000   -0.02072    2.44    2.20    3.30
17-07-2024 08:06:26.56  152.41   0.153  27.509   32.722   86.3  10.03  14.000   -0.00370    2.44    2.20    3.30
17-07-2024 08:06:26.80  152.23   0.151  27.508   32.723   86.4  10.04  14.000   -0.02961    2.32    1.89    3.27
17-07-2024 08:06:27.05  152.09   0.150  27.508   32.724   86.4  10.04  14.000   -0.00740    2.08    2.27    3.09
17-07-2024 08:06:27.29  151.89   0.149  27.508   32.725   86.3  10.04  14.000   -0.00148    2.06    1.96    3.04
17-07-2024 08:06:27.54  151.68   0.147  27.505   32.724   86.4  10.04  14.000   -0.00814    1.98    2.35    3.29
17-07-2024 08:06:27.79  151.47   0.143  27.503   32.725   86.3  10.04  14.000   -0.03479    1.96    2.49    3.14
17-07-2024 08:06:28.03  151.32   0.143  27.498   32.720   86.4  10.04  14.000   -0.01554    2.12    2.45    3.25
17-07-2024 08:06:28.28  151.10   0.141  27.494   32.716   86.4  10.04  14.000   -0.02072    2.12    2.45    3.25
17-07-2024 08:06:28.53  150.99   0.139  27.492   32.715   86.4  10.04  14.000   -0.03035    1.96    2.39    3.05
17-07-2024 08:06:28.77  150.77   0.137  27.490   32.716   86.4  10.04  14.000   -0.01702    2.14    2.23    2.76
17-07-2024 08:06:29.03  150.55   0.137  27.491   32.717   86.4  10.04  14.000   -0.01998    1.92    2.62    2.97
17-07-2024 08:06:29.26  150.44   0.136  27.489   32.715   86.4  10.04  14.000    0.00074    1.92    2.06    3.19
17-07-2024 08:06:29.51  150.28   0.135  27.490   32.717   86.4  10.05  14.000   -0.02220    2.19    2.63    3.26
17-07-2024 08:06:29.75  150.05   0.135  27.490   32.717   86.4  10.05  14.000   -0.00666    2.18    2.19    3.10
17-07-2024 08:06:30.00  149.84   0.135  27.489   32.717   86.4  10.05  14.000   -0.01776    2.18    2.19    3.10
17-07-2024 08:06:30.24  149.63   0.134  27.488   32.715   86.4  10.05  14.000   -0.01184    1.93    2.63    3.47
17-07-2024 08:06:30.49  149.52   0.134  27.488   32.716   86.5  10.05  14.000   -0.01332    2.30    2.33    3.11
17-07-2024 08:06:30.73  149.35   0.133  27.486   32.715   86.5  10.05  14.000   -0.03405    2.48    2.33    3.23
17-07-2024 08:06:30.98  149.14   0.132  27.484   32.714   86.5  10.05  14.000   -0.01110    1.98    2.38    3.32
17-07-2024 08:06:31.22  148.89   0.130  27.482   32.713   86.5  10.05  14.000   -0.02665    2.26    2.21    3.08
17-07-2024 08:06:31.48  148.78   0.129  27.482   32.714   86.5  10.06  14.000   -0.03701    1.93    2.14    3.18
17-07-2024 08:06:31.72  148.54   0.128  27.481   32.714   86.5  10.06  14.000   -0.01850    1.93    2.14    3.18
17-07-2024 08:06:31.97  148.40   0.126  27.478   32.713   86.5  10.06  14.000   -0.02220    2.02    2.72    2.88
17-07-2024 08:06:32.22  148.14   0.125  27.477   32.713   86.5  10.07  14.000   -0.00814    2.34    2.36    3.08
17-07-2024 08:06:32.46  148.00   0.123  27.476   32.713   86.5  10.07  14.000   -0.02665    1.97    2.03    2.72
17-07-2024 08:06:32.71  147.79   0.123  27.476   32.713   86.6  10.07  14.000   -0.00296    2.18    2.68    3.23
17-07-2024 08:06:32.95  147.56   0.121  27.475   32.714   86.6  10.07  14.000   -0.02517    2.13    2.26    3.46
17-07-2024 08:06:33.20  147.33   0.117  27.472   32.714   86.6  10.08  14.000   -0.02591    2.22    1.63    3.15
17-07-2024 08:06:33.44  147.16   0.116  27.468   32.710   86.6  10.08  14.000   -0.01036    2.22    1.63    3.15
17-07-2024 08:06:33.69  147.01   0.114  27.465   32.708   86.6  10.08  14.000   -0.01998    2.27    2.15    3.18
17-07-2024 08:06:33.93  146.84   0.114  27.461   32.704   86.6  10.08  14.000   -0.03627    2.07    2.36    3.10
17-07-2024 08:06:34.18  146.61   0.111  27.457   32.702   86.7  10.08  14.000   -0.02443    2.20    1.92    3.22
17-07-2024 08:06:34.42  146.43   0.109  27.454   32.700   86.7  10.09  14.000   -0.01406    2.20    2.67    3.31
17-07-2024 08:06:34.67  146.25   0.107  27.451   32.699   86.7  10.09  14.000   -0.02294    1.94    2.43    3.62
17-07-2024 08:06:34.91  146.04   0.105  27.452   32.703   86.7  10.09  14.000   -0.02517    1.94    1.81    2.99
17-07-2024 08:06:35.16  145.87   0.100  27.453   32.708   86.7  10.09  14.000   -0.00518    1.94    1.81    2.99
17-07-2024 08:06:35.41  145.68   0.098  27.447   32.703   86.7  10.09  14.000   -0.01998    2.15    2.17    3.09
17-07-2024 08:06:35.66  145.49   0.098  27.442   32.697   86.7  10.09  14.000   -0.03035    1.92    2.10    3.22
17-07-2024 08:06:35.90  145.28   0.096  27.438   32.694   86.7  10.09  14.000   -0.01998    1.82    2.48    3.23
17-07-2024 08:06:36.15  145.08   0.093  27.437   32.695   86.7  10.09  14.000   -0.02220    2.23    2.49    3.08
17-07-2024 08:06:36.39  144.92   0.091  27.436   32.697   86.7  10.10  14.000   -0.03257    1.95    1.81    3.21
17-07-2024 08:06:36.64  144.76   0.089  27.437   32.699   86.7  10.10  14.000   -0.00962    2.09    2.61    3.05
17-07-2024 08:06:36.88  144.53   0.088  27.436   32.699   86.7  10.10  14.000   -0.02961    2.09    2.61    3.05
17-07-2024 08:06:37.13  144.36   0.084  27.431   32.698   86.7  10.10  14.000   -0.03405    2.20    2.44    3.09
17-07-2024 08:06:37.37  144.22   0.080  27.429   32.699   86.7  10.10  14.000   -0.01628    1.86    2.55    2.90
17-07-2024 08:06:37.62  144.01   0.080  27.424   32.693   86.7  10.10  14.000   -0.01554    1.89    2.51    3.36
17-07-2024 08:06:37.86  143.82   0.079  27.423   32.692   86.7  10.10  14.000   -0.03849    2.59    2.02    2.86
17-07-2024 08:06:38.11  143.60   0.076  27.422   32.694   86.7  10.10  14.000   -0.00592    1.92    2.45    3.26
17-07-2024 08:06:38.35  143.42   0.073  27.419   32.693   86.8  10.11  14.000   -0.02294    2.12    2.51    3.10
17-07-2024 08:06:38.60  143.20   0.072  27.417   32.693   86.8  10.11  14.000   -0.03701    2.12    2.51    3.10
17-07-2024 08:06:38.85  143.04   0.070  27.414   32.691   86.8  10.11  14.000   -0.02294    1.74    2.43    2.97
17-07-2024 08:06:39.10  142.77   0.069  27.412   32.689   86.8  10.11  14.000   -0.01406    2.01    2.28    3.03
17-07-2024 08:06:39.35  142.69   0.068  27.410   32.689   86.8  10.11  14.000   -0.01850    2.31    2.04    3.40
17-07-2024 08:06:39.59  142.43   0.066  27.409   32.689   86.8  10.11  14.000   -0.02887    2.43    2.36    3.52
17-07-2024 08:06:39.84  142.28   0.065  27.409   32.690   86.8  10.12  14.000   -0.02739    1.70    2.23    3.36
17-07-2024 08:06:40.09  142.12   0.065  27.409   32.691   86.8  10.12  14.000   -0.00740    2.46    2.05    3.19
17-07-2024 08:06:40.33  141.83   0.062  27.410   32.695   86.9  10.12  14.000   -0.01258    2.46    2.05    3.19
17-07-2024 08:06:40.57  141.73   0.058  27.406   32.694   86.9  10.13  14.000   -0.02072    1.99    2.01    3.27
17-07-2024 08:06:40.82  141.49   0.057  27.399   32.686   86.9  10.13  14.000   -0.01850    2.24    2.04    3.42
17-07-2024 08:06:41.06  141.31   0.056  27.396   32.683   86.9  10.13  14.000   -0.02220    2.14    1.98    2.81
17-07-2024 08:06:41.31  141.18   0.055  27.392   32.680   86.9  10.13  14.000   -0.00740    2.09    2.54    3.04
17-07-2024 08:06:41.55  140.88   0.052  27.392   32.682   87.0  10.14  14.000   -0.01554    2.38    2.03    3.26
17-07-2024 08:06:41.80  140.75   0.052  27.392   32.682   87.0  10.14  14.000   -0.01480    1.96    2.00    2.99
17-07-2024 08:06:42.04  140.59   0.051  27.390   32.682   87.0  10.14  14.000   -0.01628    1.96    2.00    2.99
17-07-2024 08:06:42.29  140.37   0.049  27.388   32.681   87.0  10.14  14.000   -0.01628    1.83    2.15    3.15
17-07-2024 08:06:42.54  140.16   0.044  27.384   32.680   87.0  10.15  14.000   -0.02443    2.09    2.24    2.90
17-07-2024 08:06:42.79  140.08   0.043  27.378   32.675   87.0  10.15  14.000   -0.02072    2.06    2.32    3.04
17-07-2024 08:06:43.03  139.85   0.041  27.378   32.677   87.0  10.15  14.000   -0.03997    2.10    2.54    3.17
17-07-2024 08:06:43.28  139.61   0.037  27.379   32.682   87.0  10.15  14.000   -0.01850    1.99    2.33    3.14
17-07-2024 08:06:43.52  139.42   0.036  27.379   32.683   87.1  10.15  14.000   -0.01554    2.01    2.12    3.31
17-07-2024 08:06:43.77  139.30   0.035  27.374   32.678   87.1  10.15  14.000   -0.02961    2.01    2.12    3.31
17-07-2024 08:06:44.01  139.07   0.031  27.368   32.675   87.1  10.16  14.000   -0.02665    2.31    2.35    3.19
17-07-2024 08:06:44.26  138.83   0.026  27.361   32.670   87.1  10.16  14.000   -0.02961    2.13    2.34    3.21
17-07-2024 08:06:44.50  138.77   0.023  27.357   32.668   87.1  10.16  14.000   -0.02072    1.85    2.18    3.01
17-07-2024 08:06:44.75  138.53   0.021  27.355   32.668   87.2  10.17  14.000   -0.01998    2.15    1.95    2.92
17-07-2024 08:06:44.99  138.31   0.019  27.354   32.670   87.2  10.17  14.000   -0.02294    2.11    2.44    3.18
17-07-2024 08:06:45.24  138.14   0.017  27.354   32.672   87.1  10.17  14.000   -0.02739    2.11    2.44    3.18
17-07-2024 08:06:45.48  138.00   0.014  27.353   32.673   87.2  10.17  14.000   -0.02813    2.51    2.08    3.37
17-07-2024 08:06:45.73  137.80   0.013  27.350   32.671   87.2  10.17  14.000   -0.00740    2.49    2.95    3.11
17-07-2024 08:06:45.97  137.60   0.014  27.347   32.666   87.2  10.17  14.000   -0.01998    1.86    1.60    3.27
17-07-2024 08:06:46.23  137.36   0.012  27.343   32.664   87.2  10.18  14.000   -0.01332    2.10    2.23    2.96
17-07-2024 08:06:46.47  137.17   0.009  27.342   32.665   87.2  10.18  14.000   -0.03627    2.22    2.51    3.23
17-07-2024 08:06:46.72  136.97   0.008  27.341   32.665   87.3  10.19  14.000   -0.01554    2.14    2.31    3.22
17-07-2024 08:06:46.97  136.80   0.005  27.337   32.662   87.3  10.19  14.000   -0.01554    1.79    2.38    3.02
17-07-2024 08:06:47.21  136.66   0.003  27.334   32.660   87.3  10.19  14.000   -0.02591    1.79    2.38    3.02
17-07-2024 08:06:47.46  136.46   0.002  27.333   32.661   87.3  10.19  14.000   -0.02887    1.90    2.11    3.15
17-07-2024 08:06:47.70  136.27   0.000  27.331   32.660   87.4  10.20  14.000   -0.00518    1.71    2.34    3.26
17-07-2024 08:06:47.95  136.02  -0.002  27.330   32.662   87.4  10.20  14.000   -0.02072    2.29    2.32    2.77
17-07-2024 08:06:48.19  135.86  -0.002  27.331   32.663   87.4  10.20  14.000   -0.01998    2.16    1.97    2.93
17-07-2024 08:06:48.44  135.75  -0.002  27.331   32.663   87.4  10.20  14.000   -0.03849    2.00    2.25    2.89
17-07-2024 08:06:48.68  135.48  -0.005  27.326   32.659   87.4  10.21  14.000   -0.01554    2.00    2.25    2.89
17-07-2024 08:06:48.93  135.38  -0.007  27.322   32.656   87.4  10.21  14.000   -0.01924    2.04    2.29    3.01
17-07-2024 08:06:49.17  135.15  -0.011  27.317   32.654   87.4  10.21  14.000   -0.00740    2.01    2.13    2.86
17-07-2024 08:06:49.42  134.96  -0.014  27.314   32.655   87.5  10.22  14.000   -0.01702    2.49    2.58    3.12
17-07-2024 08:06:49.66  134.72  -0.017  27.310   32.652   87.5  10.22  14.000   -0.02368    2.23    2.61    3.23
17-07-2024 08:06:49.91  134.52  -0.019  27.310   32.655   87.5  10.22  14.000   -0.03109    1.95    2.04    3.57
17-07-2024 08:06:50.16  134.45  -0.020  27.311   32.656   87.5  10.22  14.000   -0.03553    2.08    2.52    3.18
17-07-2024 08:06:50.40  134.23  -0.021  27.311   32.658   87.5  10.22  14.000   -0.02887    2.08    2.52    3.18
17-07-2024 08:06:50.65  134.05  -0.022  27.309   32.657   87.6  10.23  14.000   -0.01554    2.01    2.07    3.24
17-07-2024 08:06:50.90  133.84  -0.027  27.300   32.651   87.6  10.23  14.000    0.00074    2.07    2.38    3.47
17-07-2024 08:06:51.15  133.68  -0.033  27.297   32.653   87.6  10.24  14.000   -0.03331    2.01    2.24    2.87
17-07-2024 08:06:51.39  133.46  -0.035  27.290   32.645   87.6  10.24  14.000   -0.02146    2.16    2.69    3.20
17-07-2024 08:06:51.63  133.32  -0.038  27.288   32.646   87.7  10.24  14.000   -0.01702    2.01    2.02    3.28
17-07-2024 08:06:51.88  133.09  -0.042  27.283   32.644   87.7  10.25  14.000   -0.01480    2.27    1.87    3.16
17-07-2024 08:06:52.12  132.88  -0.044  27.278   32.640   87.7  10.25  14.000   -0.02665    2.27    1.87    3.16
17-07-2024 08:06:52.37  132.77  -0.047  27.274   32.638   87.7  10.26  14.000   -0.01184    2.11    2.33    3.32
17-07-2024 08:06:52.61  132.56  -0.051  27.268   32.635   87.7  10.26  14.000   -0.02887    2.06    2.24    3.05
17-07-2024 08:06:52.86  132.33  -0.055  27.265   32.635   87.8  10.26  14.000   -0.01332    2.05    2.48    3.36
17-07-2024 08:06:53.10  132.22  -0.059  27.267   32.642   87.8  10.26  14.000   -0.02887    2.24    1.83    3.13
17-07-2024 08:06:53.35  132.04  -0.061  27.267   32.644   87.8  10.27  14.000   -0.03183    2.06    2.69    3.28
17-07-2024 08:06:53.60  131.85  -0.061  27.265   32.640   87.8  10.27  14.000   -0.02517    2.31    1.91    3.46
17-07-2024 08:06:53.85  131.67  -0.062  27.263   32.639   87.9  10.28  14.000   -0.00518    2.31    1.91    3.46
17-07-2024 08:06:54.10  131.46  -0.063  27.262   32.640   87.9  10.28  14.000   -0.01924    1.93    2.57    3.30
17-07-2024 08:06:54.34  131.27  -0.064  27.264   32.644   87.9  10.28  14.000   -0.01480    1.90    1.96    3.17
17-07-2024 08:06:54.59  131.01  -0.063  27.262   32.640   87.9  10.28  14.000   -0.03997    2.21    2.24    3.39
17-07-2024 08:06:54.83  130.83  -0.063  27.257   32.634   87.9  10.28  14.000   -0.03183    2.05    2.48    3.32
17-07-2024 08:06:55.08  130.65  -0.066  27.255   32.635   87.9  10.29  14.000   -0.01850    1.93    2.61    3.21
17-07-2024 08:06:55.32  130.45  -0.070  27.250   32.632   87.9  10.29  14.000   -0.00666    2.06    2.39    3.08
17-07-2024 08:06:55.57  130.25  -0.072  27.246   32.630   88.0  10.29  14.000   -0.01776    2.06    2.39    3.08
17-07-2024 08:06:55.81  130.11  -0.075  27.240   32.624   88.0  10.29  14.000   -0.01924    2.12    2.64    2.97
17-07-2024 08:06:56.06  130.00  -0.076  27.240   32.625   88.0  10.29  14.000   -0.01554    2.42    2.20    3.16
17-07-2024 08:06:56.30  129.82  -0.078  27.238   32.625   88.0  10.30  14.000   -0.01036    2.21    2.17    3.34
17-07-2024 08:06:56.55  129.63  -0.080  27.237   32.626   88.0  10.30  14.000   -0.03849    2.02    2.30    3.16
17-07-2024 08:06:56.79  129.41  -0.081  27.238   32.628   88.0  10.30  14.000   -0.00444    2.32    2.42    3.01
17-07-2024 08:06:57.04  129.19  -0.084  27.234   32.626   88.0  10.30  14.000   -0.01702    2.10    1.98    3.05
17-07-2024 08:06:57.29  128.98  -0.088  27.230   32.626   88.0  10.30  14.000   -0.02146    2.10    1.98    3.05
17-07-2024 08:06:57.54  128.81  -0.090  27.229   32.626   88.0  10.30  14.000   -0.01480    2.08    2.51    3.18
17-07-2024 08:06:57.79  128.67  -0.094  27.227   32.629   88.1  10.31  14.000   -0.01480    2.28    2.25    3.32
17-07-2024 08:06:58.03  128.46  -0.097  27.221   32.624   88.1  10.31  14.000   -0.03701    1.93    2.66    3.25
17-07-2024 08:06:58.28  128.31  -0.099  27.218   32.622   88.1  10.31  14.000   -0.03109    2.09    2.43    3.19
17-07-2024 08:06:58.52  128.07  -0.102  27.215   32.620   88.1  10.31  14.000   -0.01554    2.01    2.43    2.81
17-07-2024 08:06:58.77  127.98  -0.105  27.208   32.615   88.1  10.31  14.000   -0.03257    2.05    2.02    3.24
17-07-2024 08:06:59.01  127.72  -0.109  27.198   32.607   88.1  10.32  14.000   -0.02591    2.05    2.02    3.24
17-07-2024 08:06:59.26  127.54  -0.115  27.193   32.606   88.1  10.32  14.000   -0.02146    1.94    2.57    3.27
17-07-2024 08:06:59.50  127.44  -0.121  27.197   32.618   88.1  10.32  14.000   -0.02443    2.13    1.97    3.54
17-07-2024 08:06:59.75  127.11  -0.122  27.190   32.611   88.1  10.33  14.000   -0.03405    2.23    2.43    3.43
17-07-2024 08:06:59.99  127.03  -0.128  27.184   32.608   88.1  10.33  14.000   -0.03923    2.12    2.63    2.94
17-07-2024 08:07:00.24  126.74  -0.132  27.181   32.610   88.2  10.33  14.000   -0.01924    2.16    2.34    3.45
17-07-2024 08:07:00.48  126.63  -0.136  27.175   32.605   88.2  10.33  14.000   -0.01480    1.83    2.27    3.08
17-07-2024 08:07:00.73  126.37  -0.141  27.169   32.603   88.2  10.34  14.000   -0.02665    1.83    2.27    3.08
17-07-2024 08:07:00.98  126.30  -0.144  27.163   32.598   88.2  10.34  14.000   -0.01776    2.46    2.18    3.23
17-07-2024 08:07:01.22  126.01  -0.147  27.162   32.600   88.2  10.34  14.000    0.00222    1.99    2.62    3.05
17-07-2024 08:07:01.47  125.83  -0.149  27.163   32.604   88.2  10.34  14.000   -0.02146    1.75    2.07    3.25
17-07-2024 08:07:01.72  125.71  -0.151  27.163   32.606   88.3  10.35  14.000   -0.02072    2.05    2.21    3.07
17-07-2024 08:07:01.96  125.50  -0.151  27.164   32.608   88.3  10.35  14.000   -0.03627    2.13    2.33    3.02
17-07-2024 08:07:02.22  125.24  -0.155  27.161   32.609   88.3  10.35  14.000   -0.03183    2.06    2.20    3.39
17-07-2024 08:07:02.45  125.08  -0.163  27.156   32.610   88.3  10.36  14.000   -0.02887    2.06    2.20    3.39
17-07-2024 08:07:02.70  124.94  -0.168  27.150   32.607   88.4  10.37  14.000   -0.02591    2.38    2.39    3.29
17-07-2024 08:07:02.94  124.67  -0.168  27.146   32.602   88.4  10.37  14.000   -0.02887    1.89    2.33    3.57
17-07-2024 08:07:03.19  124.51  -0.169  27.140   32.596   88.4  10.37  14.000   -0.02665    2.01    2.31    3.22
17-07-2024 08:07:03.43  124.34  -0.171  27.135   32.591   88.4  10.38  14.000   -0.01776    2.24    2.08    2.73
17-07-2024 08:07:03.68  124.15  -0.173  27.133   32.592   88.4  10.38  14.000   -0.01406    1.96    2.19    3.26
17-07-2024 08:07:03.92  124.03  -0.176  27.132   32.593   88.5  10.38  14.000   -0.02517    1.93    2.68    3.21
17-07-2024 08:07:04.17  123.84  -0.178  27.131   32.594   88.5  10.38  14.000   -0.02443    1.93    2.68    3.21
17-07-2024 08:07:04.42  123.65  -0.180  27.128   32.593   88.5  10.39  14.000   -0.00962    1.95    2.32    3.04
17-07-2024 08:07:04.67  123.45  -0.181  27.128   32.594   88.5  10.39  14.000   -0.02739    2.03    2.01    3.09
17-07-2024 08:07:04.91  123.23  -0.182  27.125   32.590   88.6  10.39  14.000   -0.01184    2.12    2.15    2.82
17-07-2024 08:07:05.16  122.98  -0.184  27.122   32.589   88.5  10.39  14.000   -0.02368    2.31    1.99    3.30
17-07-2024 08:07:05.41  122.79  -0.187  27.114   32.582   88.6  10.40  14.000   -0.03109    2.09    2.45    2.99
17-07-2024 08:07:05.65  122.61  -0.192  27.108   32.578   88.6  10.40  14.000   -0.01850    1.94    2.07    3.44
17-07-2024 08:07:05.90  122.47  -0.195  27.103   32.575   88.6  10.40  14.000   -0.02443    1.94    2.07    3.44
17-07-2024 08:07:06.14  122.26  -0.201  27.103   32.582   88.6  10.41  14.000   -0.03183    2.05    2.52    3.31
17-07-2024 08:07:06.39  122.07  -0.203  27.103   32.585   88.7  10.41  14.000   -0.03035    2.45    2.16    2.71
17-07-2024 08:07:06.63  121.89  -0.204  27.096   32.576   88.7  10.41  14.000   -0.02072    2.11    2.53    3.04
17-07-2024 08:07:06.88  121.72  -0.206  27.093   32.574   88.7  10.41  14.000   -0.02072    1.90    2.21    3.23
17-07-2024 08:07:07.12  121.56  -0.209  27.087   32.569   88.7  10.42  14.000   -0.01036    1.90    2.45    3.26
17-07-2024 08:07:07.37  121.41  -0.213  27.082   32.567   88.7  10.42  14.000   -0.02072    1.97    2.01    3.31
17-07-2024 08:07:07.61  121.27  -0.216  27.078   32.566   88.7  10.42  14.000   -0.03331    1.97    2.01    3.31
17-07-2024 08:07:07.86  120.97  -0.221  27.075   32.568   88.8  10.43  14.000   -0.01998    2.39    2.02    3.33
17-07-2024 08:07:08.10  120.78  -0.230  27.067   32.567   88.8  10.44  14.000   -0.02591    1.97    2.34    3.01
17-07-2024 08:07:08.35  120.59  -0.239  27.055   32.560   88.8  10.44  14.000   -0.03701    1.88    2.55    3.19
17-07-2024 08:07:08.60  120.48  -0.245  27.048   32.558   88.8  10.44  14.000   -0.01702    2.33    2.15    3.53
17-07-2024 08:07:08.85  120.21  -0.249  27.046   32.559   88.9  10.45  14.000   -0.02146    2.02    2.05    3.13
17-07-2024 08:07:09.09  120.12  -0.250  27.047   32.561   88.9  10.45  14.000   -0.00518    1.82    2.28    3.23
17-07-2024 08:07:09.34  119.87  -0.251  27.045   32.559   88.9  10.45  14.000   -0.00370    1.82    2.28    3.23
17-07-2024 08:07:09.58  119.68  -0.252  27.043   32.558   88.9  10.46  14.000   -0.01998    1.98    2.46    3.23
17-07-2024 08:07:09.83  119.54  -0.260  27.035   32.556   88.9  10.46  14.000   -0.01332    2.11    1.83    3.15
17-07-2024 08:07:10.07  119.34  -0.274  27.018   32.550   89.0  10.47  14.000   -0.02146    2.21    2.05    2.99
17-07-2024 08:07:10.32  119.11  -0.279  27.012   32.547   89.0  10.48  14.000   -0.01702    2.05    2.74    3.24
17-07-2024 08:07:10.56  118.94  -0.281  27.007   32.542   89.0  10.48  14.000   -0.03553    2.15    2.09    3.44
17-07-2024 08:07:10.81  118.77  -0.284  27.001   32.539   89.0  10.48  14.000   -0.02443    1.95    2.17    3.13
17-07-2024 08:07:11.05  118.56  -0.290  26.996   32.538   89.0  10.48  14.000   -0.02665    1.95    2.17    3.13
17-07-2024 08:07:11.30  118.44  -0.292  26.997   32.541   89.0  10.48  14.000   -0.03257    1.84    2.18    3.18
17-07-2024 08:07:11.54  118.13  -0.294  26.994   32.540   89.0  10.49  14.000   -0.04145    2.16    2.23    3.10
17-07-2024 08:07:11.79  118.08  -0.298  26.993   32.543   89.1  10.49  14.000   -0.02443    1.99    2.13    3.12
17-07-2024 08:07:12.04  117.82  -0.301  26.989   32.541   89.1  10.50  14.000   -0.02368    2.00    2.18    3.61
17-07-2024 08:07:12.29  117.73  -0.302  26.990   32.543   89.1  10.50  14.000   -0.01998    2.35    2.74    3.16
17-07-2024 08:07:12.54  117.53  -0.305  26.981   32.534   89.2  10.50  14.000   -0.01998    1.87    2.24    3.50
17-07-2024 08:07:12.78  117.22  -0.309  26.973   32.528   89.2  10.51  14.000   -0.02813    1.87    2.24    3.50
17-07-2024 08:07:13.03  117.13  -0.314  26.964   32.521   89.2  10.51  14.000   -0.01702    2.06    2.07    3.22
17-07-2024 08:07:13.27  116.84  -0.320  26.962   32.526   89.2  10.51  14.000   -0.00592    1.96    2.31    2.87
17-07-2024 08:07:13.52  116.75  -0.325  26.957   32.524   89.2  10.52  14.000   -0.01924    1.98    2.17    3.47
17-07-2024 08:07:13.76  116.51  -0.328  26.951   32.520   89.2  10.52  14.000   -0.01776    1.99    2.12    3.30
17-07-2024 08:07:14.01  116.30  -0.336  26.948   32.524   89.3  10.52  14.000   -0.00518    2.04    1.92    2.96
17-07-2024 08:07:14.25  116.24  -0.342  26.946   32.528   89.3  10.53  14.000   -0.01998    1.91    1.92    3.23
17-07-2024 08:07:14.50  115.93  -0.344  26.946   32.530   89.3  10.54  14.000   -0.01406    1.91    1.92    3.23
17-07-2024 08:07:14.74  115.70  -0.347  26.944   32.530   89.4  10.54  14.000   -0.03331    2.14    2.75    3.10
17-07-2024 08:07:14.99  115.59  -0.348  26.937   32.524   89.4  10.54  14.000   -0.03109    1.89    2.38    3.17
17-07-2024 08:07:15.23  115.43  -0.350  26.932   32.519   89.4  10.54  14.000   -0.03627    2.05    2.40    2.94
17-07-2024 08:07:15.48  115.25  -0.355  26.922   32.511   89.4  10.55  14.000   -0.04145    2.08    2.45    3.03
17-07-2024 08:07:15.73  115.08  -0.363  26.918   32.514   89.4  10.55  14.000   -0.01036    1.92    2.52    3.20
17-07-2024 08:07:15.97  114.87  -0.366  26.911   32.508   89.5  10.56  14.000   -0.01702    2.22    2.11    3.13
17-07-2024 08:07:16.22  114.68  -0.369  26.909   32.509   89.5  10.56  14.000   -0.03331    2.22    2.11    3.13
17-07-2024 08:07:16.47  114.49  -0.371  26.904   32.504   89.5  10.56  14.000   -0.01776    1.96    2.01    3.39
17-07-2024 08:07:16.71  114.27  -0.373  26.904   32.507   89.5  10.57  14.000   -0.02887    1.85    2.39    3.11
17-07-2024 08:07:16.96  114.07  -0.375  26.904   32.509   89.6  10.57  14.000   -0.02591    2.11    2.77    3.26
17-07-2024 08:07:17.20  113.92  -0.380  26.898   32.506   89.5  10.57  14.000   -0.02220    2.31    2.25    3.23
17-07-2024 08:07:17.45  113.74  -0.385  26.892   32.504   89.6  10.58  14.000   -0.01998    1.93    2.42    3.41
17-07-2024 08:07:17.69  113.55  -0.386  26.890   32.502   89.6  10.58  14.000   -0.03405    2.00    2.59    3.25
17-07-2024 08:07:17.94  113.40  -0.389  26.886   32.500   89.6  10.58  14.000   -0.02443    2.00    2.59    3.25
17-07-2024 08:07:18.18  113.24  -0.393  26.879   32.496   89.6  10.58  14.000   -0.02961    2.12    2.28    2.72
17-07-2024 08:07:18.43  113.06  -0.398  26.877   32.497   89.7  10.59  14.000   -0.02443    2.32    2.06    3.08
17-07-2024 08:07:18.67  112.86  -0.402  26.878   32.503   89.7  10.59  14.000   -0.02665    2.28    2.03    2.92
17-07-2024 08:07:18.92  112.65  -0.404  26.875   32.501   89.7  10.59  14.000   -0.02665    1.88    2.16    3.27
17-07-2024 08:07:19.16  112.49  -0.405  26.866   32.492   89.7  10.60  14.000   -0.00518    2.17    2.08    3.11
17-07-2024 08:07:19.42  112.30  -0.408  26.856   32.482   89.7  10.60  14.000   -0.02146    1.83    2.63    3.31
17-07-2024 08:07:19.66  112.04  -0.415  26.849   32.479   89.8  10.61  14.000   -0.02591    1.83    2.63    3.31
17-07-2024 08:07:19.91  111.87  -0.427  26.837   32.477   89.8  10.61  14.000   -0.01184    2.12    1.81    2.94
17-07-2024 08:07:20.16  111.75  -0.435  26.829   32.474   89.8  10.62  14.000   -0.02443    2.06    2.65    3.26
17-07-2024 08:07:20.40  111.53  -0.440  26.824   32.473   89.8  10.62  14.000   -0.02813    1.91    2.52    3.15
17-07-2024 08:07:20.65  111.37  -0.440  26.826   32.476   89.9  10.63  14.000   -0.03627    2.00    1.64    2.95
17-07-2024 08:07:20.89  111.09  -0.446  26.818   32.472   89.9  10.63  14.000   -0.02517    2.09    2.46    3.18
17-07-2024 08:07:21.14  111.01  -0.448  26.810   32.463   89.9  10.64  14.000   -0.01702    1.83    1.66    3.22
17-07-2024 08:07:21.38  110.78  -0.454  26.802   32.460   89.9  10.64  14.000   -0.02146    1.83    1.66    3.22
17-07-2024 08:07:21.63  110.57  -0.459  26.801   32.463   90.0  10.65  14.000   -0.02591    2.21    2.32    3.28
17-07-2024 08:07:21.87  110.41  -0.463  26.797   32.462   90.0  10.65  14.000   -0.02368    2.03    3.07    3.13
17-07-2024 08:07:22.12  110.29  -0.466  26.791   32.458   90.0  10.65  14.000   -0.02665    2.01    2.41    3.26
17-07-2024 08:07:22.36  110.08  -0.470  26.788   32.459   90.0  10.66  14.000   -0.00222    2.10    2.54    3.16
17-07-2024 08:07:22.61  109.85  -0.474  26.787   32.461   90.1  10.66  14.000   -0.01776    2.26    2.64    3.22
17-07-2024 08:07:22.85  109.73  -0.476  26.780   32.454   90.1  10.66  14.000   -0.04071    2.00    2.43    2.94
17-07-2024 08:07:23.10  109.44  -0.488  26.768   32.452   90.1  10.67  14.000   -0.04293    2.00    2.43    2.94
17-07-2024 08:07:23.35  109.24  -0.494  26.756   32.441   90.1  10.68  14.000   -0.01998    2.06    2.32    3.25
17-07-2024 08:07:23.60  109.06  -0.501  26.746   32.435   90.2  10.68  14.000   -0.01924    2.01    2.15    3.03
17-07-2024 08:07:23.84  108.90  -0.504  26.748   32.442   90.2  10.69  14.000   -0.02146    2.25    2.39    3.04
17-07-2024 08:07:24.09  108.75  -0.507  26.749   32.446   90.2  10.69  14.000   -0.03035    2.15    2.11    3.20
17-07-2024 08:07:24.33  108.54  -0.511  26.749   32.450   90.2  10.70  14.000   -0.02220    2.08    2.46    3.28
17-07-2024 08:07:24.58  108.35  -0.512  26.748   32.451   90.3  10.70  14.000    0.00000    1.92    2.29    3.17
17-07-2024 08:07:24.82  108.21  -0.511  26.745   32.446   90.3  10.70  14.000   -0.03035    1.92    2.29    3.17
17-07-2024 08:07:25.07  108.04  -0.513  26.744   32.447   90.3  10.71  14.000   -0.02961    1.94    2.26    3.04
17-07-2024 08:07:25.31  107.85  -0.514  26.738   32.440   90.4  10.71  14.000   -0.01776    2.12    2.43    3.16
17-07-2024 08:07:25.56  107.65  -0.517  26.727   32.429   90.4  10.72  14.000   -0.03923    1.92    2.24    3.33
17-07-2024 08:07:25.80  107.47  -0.521  26.723   32.427   90.5  10.73  14.000   -0.01850    2.17    2.23    3.42
17-07-2024 08:07:26.05  107.31  -0.526  26.713   32.420   90.5  10.73  14.000   -0.03701    2.12    2.34    3.25
17-07-2024 08:07:26.29  107.12  -0.530  26.714   32.426   90.5  10.73  14.000   -0.04515    2.12    2.34    3.25
17-07-2024 08:07:26.54  106.94  -0.532  26.715   32.429   90.6  10.74  14.000   -0.02517    2.31    2.02    2.93
17-07-2024 08:07:26.79  106.75  -0.533  26.714   32.429   90.6  10.74  14.000   -0.01924    2.14    1.97    3.21
17-07-2024 08:07:27.04  106.54  -0.535  26.712   32.429   90.6  10.75  14.000   -0.02739    2.05    2.36    3.34
17-07-2024 08:07:27.29  106.26  -0.537  26.712   32.431   90.7  10.76  14.000   -0.01924    2.05    2.64    3.22
17-07-2024 08:07:27.53  106.05  -0.541  26.711   32.433   90.7  10.76  14.000   -0.02961    2.00    1.96    3.26
17-07-2024 08:07:27.77  105.89  -0.543  26.707   32.431   90.7  10.76  14.000   -0.02665    2.01    2.54    2.78
17-07-2024 08:07:28.02  105.72  -0.543  26.701   32.423   90.7  10.76  14.000   -0.03405    2.11    2.00    3.11
17-07-2024 08:07:28.26  105.56  -0.545  26.696   32.418   90.7  10.76  14.000   -0.01036    2.11    2.00    3.11
17-07-2024 08:07:28.51  105.42  -0.548  26.695   32.420   90.8  10.77  14.000   -0.02368    2.40    2.40    3.36
17-07-2024 08:07:28.75  105.11  -0.549  26.692   32.418   90.8  10.77  14.000   -0.03109    1.83    2.20    3.06
17-07-2024 08:07:29.00  104.99  -0.549  26.691   32.416   90.8  10.78  14.000   -0.04071    2.17    2.18    3.26
17-07-2024 08:07:29.24  104.85  -0.550  26.690   32.415   90.8  10.78  14.000   -0.01628    2.13    2.09    3.24
17-07-2024 08:07:29.49  104.53  -0.551  26.691   32.419   90.8  10.78  14.000   -0.01924    2.12    2.07    3.19
17-07-2024 08:07:29.73  104.43  -0.551  26.689   32.416   90.9  10.78  14.000   -0.03405    2.12    2.07    3.19
17-07-2024 08:07:29.98  104.26  -0.553  26.689   32.418   90.9  10.78  14.000   -0.03553    2.32    2.44    3.31
17-07-2024 08:07:30.23  103.98  -0.553  26.686   32.414   90.9  10.79  14.000   -0.02961    2.05    2.38    2.98
17-07-2024 08:07:30.48  103.86  -0.554  26.685   32.414   90.9  10.79  14.000   -0.03331    2.06    1.61    3.07
17-07-2024 08:07:30.72  103.65  -0.555  26.679   32.408   90.9  10.79  14.000   -0.02517    2.06    2.61    3.28
17-07-2024 08:07:30.97  103.47  -0.556  26.677   32.406   90.9  10.79  14.000   -0.02517    2.17    2.59    3.14
17-07-2024 08:07:31.22  103.24  -0.556  26.672   32.400   91.0  10.80  14.000   -0.01776    2.03    1.82    3.21
17-07-2024 08:07:31.46  103.07  -0.558  26.672   32.402   91.0  10.80  14.000   -0.03257    2.03    1.82    3.21
17-07-2024 08:07:31.71  102.96  -0.558  26.672   32.402   91.0  10.80  14.000   -0.03997    2.49    2.67    3.35
17-07-2024 08:07:31.95  102.67  -0.558  26.672   32.402   91.0  10.81  14.000   -0.01924    2.05    2.18    3.06
17-07-2024 08:07:32.20  102.58  -0.562  26.671   32.405   91.1  10.81  14.000   -0.03479    2.12    2.37    3.26
17-07-2024 08:07:32.44  102.37  -0.565  26.668   32.405   91.1  10.82  14.000   -0.02146    2.03    2.63    3.18
17-07-2024 08:07:32.69  102.10  -0.566  26.665   32.402   91.1  10.82  14.000   -0.02887    2.11    2.44    3.59
17-07-2024 08:07:32.93  102.02  -0.566  26.658   32.392   91.2  10.82  14.000   -0.03405    2.01    2.65    2.93
17-07-2024 08:07:33.18  101.76  -0.567  26.654   32.388   91.2  10.83  14.000   -0.01998    2.01    2.65    2.93
17-07-2024 08:07:33.42  101.56  -0.567  26.652   32.385   91.2  10.83  14.000   -0.02443    2.38    3.06    3.51
17-07-2024 08:07:33.67  101.44  -0.567  26.653   32.386   91.2  10.83  14.000   -0.03553    2.00    2.14    3.35
17-07-2024 08:07:33.91  101.18  -0.568  26.650   32.384   91.3  10.84  14.000   -0.02887    2.20    2.65    3.24
17-07-2024 08:07:34.17  101.04  -0.568  26.648   32.382   91.3  10.84  14.000   -0.01850    2.13    2.32    3.14
17-07-2024 08:07:34.41  100.89  -0.568  26.648   32.381   91.3  10.85  14.000   -0.02739    2.05    2.26    2.93
17-07-2024 08:07:34.66  100.72  -0.568  26.647   32.381   91.4  10.85  14.000   -0.02961    2.02    2.20    3.28
17-07-2024 08:07:34.90  100.43  -0.568  26.646   32.378   91.4  10.85  14.000   -0.02294    2.02    2.20    3.28
17-07-2024 08:07:35.16  100.26  -0.567  26.644   32.375   91.4  10.86  14.000   -0.01628    1.92    2.29    3.44
17-07-2024 08:07:35.40  100.10  -0.567  26.641   32.372   91.4  10.86  14.000   -0.00740    1.89    2.41    3.08
17-07-2024 08:07:35.64   99.87  -0.567  26.639   32.368   91.4  10.86  14.000   -0.01406    2.06    2.14    3.43
17-07-2024 08:07:35.89   99.60  -0.567  26.638   32.368   91.5  10.86  14.000   -0.03183    2.01    2.11    3.03
17-07-2024 08:07:36.13   99.50  -0.568  26.634   32.364   91.5  10.86  14.000   -0.02517    1.96    2.26    3.36
17-07-2024 08:07:36.38   99.38  -0.571  26.631   32.362   91.5  10.87  14.000   -0.02294    2.14    2.37    3.38
17-07-2024 08:07:36.62   99.12  -0.572  26.626   32.356   91.5  10.87  14.000   -0.02072    2.14    2.37    3.38
17-07-2024 08:07:36.87   98.90  -0.573  26.625   32.358   91.6  10.88  14.000   -0.03997    2.06    2.13    2.90
17-07-2024 08:07:37.11   98.65  -0.572  26.625   32.357   91.6  10.88  14.000   -0.01184    2.11    2.49    3.27
17-07-2024 08:07:37.36   98.50  -0.572  26.625   32.355   91.6  10.88  14.000   -0.03183    2.25    1.83    3.71
17-07-2024 08:07:37.60   98.36  -0.570  26.621   32.349   91.6  10.88  14.000   -0.03997    2.27    1.80    2.81
17-07-2024 08:07:37.85   98.12  -0.569  26.620   32.346   91.6  10.88  14.000   -0.04441    2.03    2.10    3.37
17-07-2024 08:07:38.10   97.92  -0.569  26.619   32.346   91.7  10.89  14.000   -0.02220    1.91    2.67    3.08
17-07-2024 08:07:38.34   97.84  -0.568  26.619   32.344   91.7  10.89  14.000   -0.01628    1.91    2.67    3.08
17-07-2024 08:07:38.59   97.60  -0.567  26.620   32.345   91.7  10.89  14.000   -0.02294    2.06    2.47    3.35
17-07-2024 08:07:38.84   97.37  -0.566  26.619   32.343   91.7  10.89  14.000   -0.01776    2.48    2.49    3.54
17-07-2024 08:07:39.08   97.13  -0.566  26.618   32.341   91.7  10.90  14.000   -0.02813    1.80    2.46    2.97
17-07-2024 08:07:39.33   96.99  -0.564  26.618   32.339   91.8  10.90  14.000   -0.02443    2.10    2.43    2.80
17-07-2024 08:07:39.57   96.86  -0.563  26.617   32.337   91.8  10.90  14.000   -0.02072    2.17    2.30    3.01
17-07-2024 08:07:39.82   96.71  -0.561  26.617   32.335   91.8  10.91  14.000   -0.02887    2.00    1.94    3.26
17-07-2024 08:07:40.06   96.52  -0.560  26.617   32.334   91.8  10.91  14.000   -0.03405    2.00    1.94    3.26
17-07-2024 08:07:40.31   96.33  -0.558  26.617   32.332   91.9  10.91  14.000   -0.01406    1.97    2.28    3.26
17-07-2024 08:07:40.55   96.16  -0.555  26.617   32.330   91.9  10.91  14.000   -0.02961    2.27    2.29    3.26
17-07-2024 08:07:40.80   95.97  -0.554  26.617   32.329   91.9  10.91  14.000   -0.02591    1.84    1.84    2.67
17-07-2024 08:07:41.04   95.76  -0.554  26.617   32.328   91.9  10.92  14.000   -0.00740    2.21    2.83    3.37
17-07-2024 08:07:41.29   95.56  -0.552  26.618   32.327   92.0  10.92  14.000   -0.01554    2.28    2.25    3.41
17-07-2024 08:07:41.54   95.33  -0.550  26.619   32.326   92.0  10.92  14.000   -0.03109    2.09    2.42    3.08
17-07-2024 08:07:41.78   95.23  -0.548  26.619   32.325   92.0  10.93  14.000   -0.02739    2.09    2.42    3.08
17-07-2024 08:07:42.03   95.01  -0.547  26.619   32.324   92.1  10.93  14.000   -0.04145    2.22    2.45    3.23
17-07-2024 08:07:42.28   94.81  -0.547  26.619   32.324   92.1  10.93  14.000   -0.02665    2.26    2.34    3.16
17-07-2024 08:07:42.52   94.53  -0.543  26.619   32.320   92.1  10.94  14.000   -0.02072    2.18    2.46    3.05
17-07-2024 08:07:42.77   94.48  -0.540  26.622   32.321   92.1  10.94  14.000   -0.02517    2.16    2.12    3.30
17-07-2024 08:07:43.01   94.17  -0.536  26.623   32.318   92.2  10.94  14.000   -0.02813    2.07    2.52    3.13
17-07-2024 08:07:43.26   94.05  -0.532  26.624   32.315   92.2  10.94  14.000   -0.03331    2.19    1.98    3.13
17-07-2024 08:07:43.50   93.80  -0.529  26.625   32.313   92.2  10.94  14.000   -0.01406    2.19    1.98    3.13
17-07-2024 08:07:43.75   93.71  -0.526  26.626   32.312   92.2  10.94  14.000   -0.01998    2.50    2.92    3.19
17-07-2024 08:07:43.99   93.39  -0.525  26.628   32.313   92.2  10.95  14.000   -0.01924    2.10    2.26    3.14
17-07-2024 08:07:44.24   93.28  -0.520  26.628   32.309   92.3  10.95  14.000   -0.00814    2.07    2.18    2.97
17-07-2024 08:07:44.48   93.04  -0.517  26.630   32.308   92.3  10.95  14.000   -0.01924    2.10    2.86    3.06
17-07-2024 08:07:44.73   92.92  -0.516  26.631   32.308   92.3  10.95  14.000   -0.03257    2.21    2.49    3.29
17-07-2024 08:07:44.98   92.75  -0.512  26.634   32.307   92.3  10.95  14.000   -0.01332    2.10    2.01    3.30
17-07-2024 08:07:45.23   92.47  -0.508  26.635   32.305   92.3  10.95  14.000   -0.02443    2.10    2.01    3.30
17-07-2024 08:07:45.47   92.26  -0.505  26.637   32.304   92.3  10.95  14.000   -0.02220    2.18    2.46    3.24
17-07-2024 08:07:45.72   92.06  -0.503  26.639   32.305   92.4  10.96  14.000   -0.02294    2.09    2.44    2.86
17-07-2024 08:07:45.97   91.93  -0.499  26.640   32.303   92.4  10.96  14.000   -0.03405    2.34    2.64    3.12
17-07-2024 08:07:46.22   91.77  -0.492  26.642   32.297   92.4  10.96  14.000   -0.02443    1.99    2.04    2.97
17-07-2024 08:07:46.46   91.51  -0.486  26.646   32.296   92.4  10.95  14.000   -0.01554    2.12    2.26    3.22
17-07-2024 08:07:46.70   91.24  -0.482  26.650   32.297   92.4  10.96  14.000   -0.03479    1.82    2.69    3.18
17-07-2024 08:07:46.95   91.12  -0.476  26.653   32.296   92.4  10.95  14.000   -0.02294    1.82    2.69    3.18
17-07-2024 08:07:47.19   90.98  -0.469  26.656   32.293   92.4  10.95  14.000   -0.00814    2.09    2.46    3.16
17-07-2024 08:07:47.44   90.79  -0.463  26.656   32.286   92.5  10.96  14.000   -0.03479    1.96    2.53    3.27
17-07-2024 08:07:47.68   90.58  -0.459  26.661   32.289   92.5  10.96  14.000   -0.02072    2.32    2.09    3.43
17-07-2024 08:07:47.93   90.37  -0.453  26.663   32.285   92.5  10.96  14.000   -0.02443    2.14    2.38    2.98
17-07-2024 08:07:48.17   90.14  -0.452  26.664   32.285   92.5  10.96  14.000   -0.02072    2.20    2.25    3.13
17-07-2024 08:07:48.42   90.09  -0.448  26.666   32.283   92.5  10.96  14.000   -0.03923    2.13    1.97    3.00
17-07-2024 08:07:48.66   89.79  -0.443  26.667   32.280   92.6  10.96  14.000   -0.03479    2.13    1.97    3.00
17-07-2024 08:07:48.92   89.67  -0.435  26.668   32.274   92.6  10.96  14.000   -0.02739    2.16    2.14    3.21
17-07-2024 08:07:49.16   89.49  -0.420  26.680   32.273   92.6  10.96  14.000   -0.01998    2.19    2.28    3.55
17-07-2024 08:07:49.41   89.26  -0.417  26.684   32.276   92.6  10.96  14.000   -0.04441    1.92    2.22    3.03
17-07-2024 08:07:49.66   89.10  -0.413  26.686   32.273   92.6  10.96  14.000   -0.02294    1.92    2.04    3.10
17-07-2024 08:07:49.90   88.92  -0.409  26.688   32.273   92.6  10.96  14.000   -0.01998    2.09    1.72    3.35
17-07-2024 08:07:50.15   88.70  -0.406  26.686   32.266   92.7  10.97  14.000   -0.01628    2.08    2.31    3.17
17-07-2024 08:07:50.39   88.48  -0.403  26.687   32.264   92.7  10.97  14.000   -0.04071    2.08    2.31    3.17
17-07-2024 08:07:50.64   88.26  -0.401  26.690   32.267   92.7  10.97  14.000   -0.03405    2.21    1.87    3.32
17-07-2024 08:07:50.88   88.12  -0.401  26.691   32.268   92.8  10.97  14.000   -0.02813    2.26    2.59    3.01
17-07-2024 08:07:51.13   87.98  -0.392  26.696   32.265   92.8  10.98  14.000   -0.01776    2.23    2.44    3.65
17-07-2024 08:07:51.37   87.77  -0.384  26.699   32.261   92.8  10.98  14.000   -0.04663    2.01    2.07    3.03
17-07-2024 08:07:51.62   87.58  -0.379  26.708   32.268   92.8  10.98  14.000   -0.03849    2.33    1.56    2.99
17-07-2024 08:07:51.86   87.43  -0.374  26.708   32.264   92.9  10.98  14.000   -0.02739    2.27    2.49    3.03
17-07-2024 08:07:52.11   87.15  -0.369  26.715   32.266   92.9  10.98  14.000   -0.02591    2.27    2.49    3.03
17-07-2024 08:07:52.35   87.07  -0.360  26.718   32.261   92.9  10.98  14.000   -0.02146    2.24    2.44    2.95
17-07-2024 08:07:52.60   86.76  -0.350  26.721   32.255   92.9  10.98  14.000   -0.01776    2.35    2.50    3.19
17-07-2024 08:07:52.85   86.53  -0.345  26.724   32.253   93.0  10.99  14.000   -0.02813    2.28    2.27    2.90
17-07-2024 08:07:53.10   86.45  -0.340  26.728   32.253   93.0  10.99  14.000   -0.02961    2.31    2.59    2.62
17-07-2024 08:07:53.34   86.12  -0.332  26.732   32.251   93.0  10.99  14.000   -0.02368    2.32    2.35    3.63
17-07-2024 08:07:53.59   86.04  -0.325  26.734   32.245   93.1  10.99  14.000   -0.03183    2.05    2.20    3.39
17-07-2024 08:07:53.83   85.89  -0.321  26.736   32.244   93.1  10.99  14.000   -0.02368    2.05    2.20    3.39
17-07-2024 08:07:54.08   85.63  -0.317  26.741   32.247   93.1  11.00  14.000   -0.02961    2.08    1.82    3.10
17-07-2024 08:07:54.33   85.49  -0.312  26.743   32.245   93.2  11.00  14.000   -0.03331    1.99    2.18    3.35
17-07-2024 08:07:54.57   85.37  -0.306  26.745   32.241   93.2  11.00  14.000   -0.03331    2.10    2.07    3.02
17-07-2024 08:07:54.82   85.06  -0.300  26.747   32.238   93.2  11.00  14.000   -0.04071    2.26    1.93    3.13
17-07-2024 08:07:55.06   84.95  -0.296  26.747   32.233   93.2  11.00  14.000   -0.03257    2.12    2.08    3.21
17-07-2024 08:07:55.31   84.71  -0.291  26.755   32.239   93.2  11.00  14.000   -0.03257    1.96    2.95    3.13
17-07-2024 08:07:55.55   84.62  -0.281  26.759   32.234   93.2  11.00  14.000   -0.02887    1.96    2.95    3.13
17-07-2024 08:07:55.80   84.45  -0.276  26.766   32.236   93.3  11.00  14.000   -0.03257    2.21    2.31    3.15
17-07-2024 08:07:56.04   84.19  -0.269  26.766   32.230   93.3  11.00  14.000   -0.02591    1.90    2.63    3.21
17-07-2024 08:07:56.29   83.99  -0.262  26.769   32.227   93.3  11.01  14.000   -0.01554    2.15    2.28    2.98
17-07-2024 08:07:56.54   83.91  -0.255  26.769   32.219   93.4  11.01  14.000   -0.03257    2.25    2.25    3.06
17-07-2024 08:07:56.79   83.68  -0.236  26.781   32.215   93.4  11.00  14.000   -0.02146    2.08    1.84    3.05
17-07-2024 08:07:57.04   83.50  -0.222  26.789   32.212   93.4  11.00  14.000   -0.01850    2.14    2.74    3.32
17-07-2024 08:07:57.27   83.31  -0.211  26.793   32.206   93.4  11.00  14.000   -0.02961    2.14    2.74    3.32
17-07-2024 08:07:57.52   83.09  -0.200  26.798   32.200   93.4  11.00  14.000   -0.01702    2.18    2.70    3.30
17-07-2024 08:07:57.77   82.85  -0.194  26.801   32.198   93.4  11.00  14.000   -0.02813    2.20    2.72    3.18
17-07-2024 08:07:58.01   82.83  -0.193  26.807   32.204   93.5  11.00  14.000   -0.01406    1.95    2.00    2.96
17-07-2024 08:07:58.26   82.52  -0.187  26.808   32.201   93.5  11.01  14.000   -0.03183    2.16    2.53    3.11
17-07-2024 08:07:58.50   82.36  -0.182  26.815   32.204   93.5  11.01  14.000   -0.03553    2.16    2.14    3.42
17-07-2024 08:07:58.75   82.22  -0.172  26.817   32.196   93.6  11.01  14.000    0.00666    2.09    2.35    3.10
17-07-2024 08:07:58.99   81.93  -0.168  26.816   32.191   93.6  11.01  14.000   -0.04811    2.09    2.35    3.10
17-07-2024 08:07:59.24   81.79  -0.165  26.817   32.189   93.6  11.01  14.000   -0.01184    2.07    1.72    2.95
17-07-2024 08:07:59.48   81.61  -0.162  26.822   32.192   93.7  11.02  14.000   -0.02739    1.97    2.21    3.04
17-07-2024 08:07:59.73   81.43  -0.153  26.833   32.197   93.7  11.02  14.000   -0.05181    1.85    2.71    2.96
17-07-2024 08:07:59.98   81.32  -0.140  26.837   32.190   93.8  11.03  14.000   -0.03849    2.13    1.91    2.93
17-07-2024 08:08:00.23   81.07  -0.132  26.839   32.184   93.8  11.03  14.000   -0.04219    1.88    2.42    2.98
17-07-2024 08:08:00.47   80.96  -0.126  26.844   32.184   93.9  11.03  14.000   -0.03405    2.14    1.98    3.02
17-07-2024 08:08:00.72   80.76  -0.121  26.849   32.185   93.9  11.03  14.000   -0.02294    2.14    1.98    3.02
17-07-2024 08:08:00.97   80.51  -0.114  26.853   32.183   94.0  11.04  14.000   -0.01554    2.04    2.69    3.35
17-07-2024 08:08:01.21   80.41  -0.107  26.848   32.170   94.0  11.04  14.000   -0.02739    2.26    2.04    2.89
17-07-2024 08:08:01.46   80.26  -0.102  26.849   32.166   94.1  11.05  14.000   -0.03923    2.32    2.48    3.57
17-07-2024 08:08:01.70   80.02  -0.093  26.857   32.168   94.1  11.05  14.000   -0.01924    2.16    2.17    3.42
17-07-2024 08:08:01.95   79.76  -0.073  26.871   32.165   94.1  11.05  14.000   -0.01628    2.28    2.21    3.24
17-07-2024 08:08:02.19   79.56  -0.058  26.880   32.161   94.2  11.05  14.000   -0.02368    2.01    2.62    3.17
17-07-2024 08:08:02.43   79.44  -0.044  26.887   32.155   94.2  11.05  14.000   -0.03331    2.01    2.62    3.17
17-07-2024 08:08:02.68   79.34  -0.032  26.889   32.146   94.3  11.05  14.000   -0.03553    2.49    2.42    3.30
17-07-2024 08:08:02.93   79.16  -0.026  26.887   32.136   94.4  11.06  14.000   -0.02591    2.32    2.35    3.40
17-07-2024 08:08:03.17   78.98  -0.028  26.885   32.137   94.4  11.07  14.000   -0.02072    2.44    2.51    3.24
17-07-2024 08:08:03.42   78.79  -0.027  26.886   32.137   94.5  11.08  14.000   -0.02739    1.98    2.48    3.38
17-07-2024 08:08:03.67   78.58  -0.023  26.886   32.133   94.6  11.09  14.000   -0.03701    2.57    2.55    2.99
17-07-2024 08:08:03.91   78.43  -0.016  26.890   32.131   94.6  11.09  14.000   -0.01850    2.01    2.34    3.15
17-07-2024 08:08:04.16   78.10  -0.006  26.895   32.127   94.7  11.09  14.000   -0.02591    2.01    2.34    3.15
17-07-2024 08:08:04.41   77.91  -0.001  26.902   32.131   94.7  11.10  14.000   -0.02961    1.98    2.78    3.20
17-07-2024 08:08:04.65   77.76   0.004  26.905   32.130   94.8  11.10  14.000   -0.03331    2.38    2.40    3.40
17-07-2024 08:08:04.90   77.59   0.011  26.912   32.132   94.8  11.11  14.000   -0.04219    2.26    2.47    3.41
17-07-2024 08:08:05.14   77.42   0.018  26.916   32.130   94.9  11.11  14.000   -0.03405    2.20    2.03    3.36
17-07-2024 08:08:05.39   77.29   0.025  26.917   32.125   95.0  11.12  14.000   -0.01702    2.32    2.06    3.38
17-07-2024 08:08:05.63   77.07   0.029  26.918   32.120   95.1  11.13  14.000   -0.01110    2.25    2.46    3.37
17-07-2024 08:08:05.88   76.89   0.034  26.920   32.119   95.1  11.14  14.000   -0.02887    2.25    2.46    3.37
17-07-2024 08:08:06.12   76.73   0.039  26.921   32.114   95.2  11.14  14.000   -0.03849    2.25    2.37    3.46
17-07-2024 08:08:06.37   76.52   0.041  26.922   32.114   95.3  11.15  14.000   -0.02368    2.23    1.90    3.28
17-07-2024 08:08:06.61   76.33   0.044  26.929   32.120   95.3  11.16  14.000   -0.03109    2.36    2.43    3.24
17-07-2024 08:08:06.86   76.13   0.050  26.938   32.126   95.5  11.17  14.000   -0.03701    2.35    2.41    3.29
17-07-2024 08:08:07.10   75.82   0.066  26.946   32.120   95.5  11.18  14.000   -0.03627    2.14    3.06    3.02
17-07-2024 08:08:07.36   75.63   0.085  26.962   32.121   95.6  11.17  14.000   -0.00814    2.36    2.11    3.22
17-07-2024 08:08:07.60   75.46   0.111  26.977   32.113   95.6  11.17  14.000   -0.00666    2.36    2.11    3.22
17-07-2024 08:08:07.85   75.22   0.132  26.983   32.099   95.7  11.18  14.000   -0.01924    2.08    1.84    3.03
17-07-2024 08:08:08.10   75.01   0.147  26.989   32.091   95.8  11.18  14.000   -0.02220    2.49    2.30    3.20
17-07-2024 08:08:08.34   74.93   0.154  26.992   32.089   95.9  11.19  14.000   -0.02368    2.22    2.67    3.21
17-07-2024 08:08:08.59   74.83   0.160  26.993   32.083   96.0  11.20  14.000   -0.02072    2.20    2.03    3.17
17-07-2024 08:08:08.83   74.51   0.167  27.003   32.089   96.1  11.21  14.000   -0.01850    2.06    2.30    3.05
17-07-2024 08:08:09.08   74.37   0.178  27.010   32.087   96.2  11.21  14.000   -0.02294    2.40    2.24    2.90
17-07-2024 08:08:09.32   74.23   0.193  27.020   32.084   96.2  11.22  14.000   -0.02443    2.40    2.24    2.90
17-07-2024 08:08:09.57   73.91   0.212  27.031   32.079   96.3  11.22  14.000   -0.02887    2.17    2.27    3.21
17-07-2024 08:08:09.81   73.83   0.231  27.046   32.079   96.4  11.23  14.000   -0.03701    1.97    1.88    2.89
17-07-2024 08:08:10.06   73.55   0.251  27.057   32.072   96.5  11.23  14.000   -0.02146    2.26    2.11    3.00
17-07-2024 08:08:10.30   73.35   0.268  27.066   32.066   96.6  11.24  14.000   -0.02443    2.02    2.49    3.18
17-07-2024 08:08:10.55   73.32   0.283  27.065   32.049   96.6  11.24  14.000   -0.02072    2.23    2.34    3.05
17-07-2024 08:08:10.79   73.01   0.286  27.065   32.047   96.8  11.26  14.000   -0.03553    2.23    2.34    3.05
17-07-2024 08:08:11.04   72.86   0.284  27.065   32.049   96.9  11.27  14.000   -0.01406    2.54    1.94    3.11
17-07-2024 08:08:11.29   72.70   0.276  27.066   32.059   97.0  11.28  14.000   -0.02146    1.98    2.40    3.11
17-07-2024 08:08:11.54   72.50   0.276  27.058   32.049   97.1  11.30  14.000   -0.01924    2.17    2.64    3.52
17-07-2024 08:08:11.78   72.23   0.276  27.056   32.046   97.1  11.30  14.000   -0.02294    1.85    2.51    3.13
17-07-2024 08:08:12.03   72.11   0.273  27.043   32.032   97.3  11.32  14.000   -0.02591    2.30    2.30    3.58
17-07-2024 08:08:12.27   71.90   0.268  27.036   32.028   97.4  11.33  14.000   -0.03997    2.43    2.50    3.42
17-07-2024 08:08:12.52   71.64   0.264  27.029   32.024   97.5  11.35  14.000   -0.02591    2.43    2.50    3.42
17-07-2024 08:08:12.76   71.59   0.261  27.025   32.021   97.6  11.36  14.000   -0.02294    1.94    2.40    3.31
17-07-2024 08:08:13.01   71.27   0.259  27.022   32.020   97.6  11.37  14.000   -0.02517    2.29    2.38    2.95
17-07-2024 08:08:13.25   71.08   0.257  27.021   32.021   97.7  11.38  14.000   -0.03257    2.28    2.53    3.25
17-07-2024 08:08:13.50   70.88   0.256  27.021   32.023   97.8  11.39  14.000   -0.03331    2.15    2.51    3.00
17-07-2024 08:08:13.74   70.67   0.256  27.017   32.017   97.9  11.40  14.000   -0.02220    2.12    2.27    3.27
17-07-2024 08:08:13.99   70.50   0.259  27.015   32.012   98.0  11.41  14.000   -0.02072    2.14    2.46    3.11
17-07-2024 08:08:14.23   70.41   0.259  27.015   32.011   98.1  11.43  14.000   -0.02887    2.14    2.46    3.11
17-07-2024 08:08:14.48   70.13   0.261  27.015   32.009   98.2  11.44  14.000   -0.02591    2.32    2.29    3.27
17-07-2024 08:08:14.73   69.88   0.262  27.017   32.012   98.3  11.45  14.000   -0.02220    1.93    2.33    3.26
17-07-2024 08:08:14.97   69.81   0.267  27.023   32.014   98.4  11.46  14.000   -0.02146    2.32    2.26    3.23
17-07-2024 08:08:15.22   69.52   0.272  27.030   32.018   98.6  11.47  14.000   -0.03701    1.93    2.58    3.31
17-07-2024 08:08:15.47   69.36   0.288  27.040   32.014   98.7  11.48  14.000   -0.02517    2.42    2.61    3.29
17-07-2024 08:08:15.71   69.24   0.302  27.047   32.009   98.8  11.49  14.000   -0.01406    2.21    2.34    3.19
17-07-2024 08:08:15.96   69.01   0.313  27.053   32.005   98.9  11.49  14.000   -0.02368    2.21    2.34    3.19
17-07-2024 08:08:16.20   68.77   0.321  27.060   32.006   99.0  11.51  14.000   -0.01776    2.31    2.61    2.92
17-07-2024 08:08:16.45   68.54   0.326  27.066   32.009   99.1  11.52  14.000    0.01110    2.14    2.49    3.12
17-07-2024 08:08:16.69   68.41   0.337  27.066   31.998   99.2  11.53  14.000   -0.01850    2.08    2.44    3.03
17-07-2024 08:08:16.94   68.24   0.344  27.068   31.994   99.3  11.53  14.000   -0.02072    2.00    2.69    3.01
17-07-2024 08:08:17.18   68.10   0.347  27.071   31.994   99.4  11.55  14.000   -0.01406    2.47    2.42    3.29
17-07-2024 08:08:17.43   67.90   0.354  27.072   31.988   99.5  11.56  14.000   -0.02443    1.86    2.30    3.08
17-07-2024 08:08:17.67   67.73   0.356  27.068   31.981   99.6  11.57  14.000   -0.02813    1.86    2.30    3.08
17-07-2024 08:08:17.92   67.45   0.356  27.065   31.978   99.7  11.59  14.000   -0.02961    1.92    2.31    3.15
17-07-2024 08:08:18.16   67.24   0.355  27.064   31.976   99.8  11.60  14.000   -0.02443    2.14    2.15    2.96
17-07-2024 08:08:18.42   67.05   0.355  27.063   31.976  100.0  11.61  14.000   -0.00962    1.99    2.33    3.27
17-07-2024 08:08:18.66   66.89   0.355  27.064   31.977  100.1  11.63  14.000   -0.02739    2.35    2.16    3.17
17-07-2024 08:08:18.91   66.68   0.356  27.063   31.975  100.2  11.64  14.000   -0.02813    2.34    2.33    3.48
17-07-2024 08:08:19.16   66.50   0.356  27.063   31.975  100.3  11.65  14.000    0.00222    3.22    2.26    3.25
17-07-2024 08:08:19.40   66.31   0.357  27.063   31.974  100.4  11.67  14.000   -0.02517    3.22    2.26    3.25
17-07-2024 08:08:19.65   66.13   0.357  27.057   31.967  100.5  11.68  14.000   -0.01628    2.15    2.37    3.14
17-07-2024 08:08:19.89   65.94   0.357  27.054   31.963  100.6  11.69  14.000   -0.00666    1.98    2.24    3.30
17-07-2024 08:08:20.14   65.66   0.356  27.051   31.960  100.7  11.70  14.000   -0.03479    1.90    2.13    2.98
17-07-2024 08:08:20.38   65.50   0.354  27.048   31.959  100.8  11.72  14.000   -0.02443    2.08    2.09    3.20
17-07-2024 08:08:20.63   65.41   0.353  27.046   31.957  100.9  11.73  14.000   -0.03923    2.10    2.33    3.39
17-07-2024 08:08:20.87   65.22   0.352  27.042   31.952  101.0  11.74  14.000   -0.03183    2.27    2.85    3.15
17-07-2024 08:08:21.12   64.96   0.354  27.038   31.945  101.1  11.75  14.000   -0.00814    2.27    2.85    3.15
17-07-2024 08:08:21.36   64.67   0.356  27.037   31.942  101.3  11.77  14.000   -0.01628    2.05    2.56    3.44
17-07-2024 08:08:21.61   64.53   0.357  27.036   31.940  101.3  11.78  14.000   -0.02813    1.98    2.84    3.04
17-07-2024 08:08:21.85   64.39   0.360  27.039   31.940  101.4  11.79  14.000   -0.00888    2.12    2.13    3.38
17-07-2024 08:08:22.11   64.18   0.363  27.043   31.942  101.5  11.80  14.000   -0.01110    2.11    2.53    3.07
17-07-2024 08:08:22.35   64.05   0.371  27.045   31.938  101.7  11.81  14.000   -0.01998    2.46    2.09    3.03
17-07-2024 08:08:22.60   63.73   0.382  27.052   31.936  101.8  11.82  14.000   -0.01998    1.88    1.95    3.24
17-07-2024 08:08:22.84   63.64   0.395  27.067   31.941  101.9  11.83  14.000   -0.02665    1.88    1.95    3.24
17-07-2024 08:08:23.09   63.44   0.417  27.086   31.943  102.0  11.83  14.000   -0.01480    2.14    1.81    3.32
17-07-2024 08:08:23.34   63.23   0.436  27.098   31.940  102.0  11.83  14.000   -0.00296    2.05    2.41    3.13
17-07-2024 08:08:23.58   62.96   0.448  27.101   31.931  102.1  11.84  14.000   -0.03183    2.17    2.31    3.26
17-07-2024 08:08:23.82   62.87   0.457  27.102   31.922  102.2  11.85  14.000   -0.01702    2.28    2.40    2.99
17-07-2024 08:08:24.07   62.57   0.466  27.104   31.917  102.4  11.86  14.000   -0.01110    2.23    1.76    3.16
17-07-2024 08:08:24.31   62.34   0.473  27.108   31.915  102.4  11.87  14.000   -0.01184    2.00    2.46    3.00
17-07-2024 08:08:24.56   62.27   0.478  27.107   31.909  102.5  11.88  14.000   -0.00962    2.00    2.46    3.00
17-07-2024 08:08:24.80   62.10   0.477  27.106   31.909  102.6  11.89  14.000   -0.01184    2.12    1.94    3.15
17-07-2024 08:08:25.05   61.76   0.475  27.101   31.904  102.7  11.90  14.000   -0.01258    2.46    2.59    3.15
17-07-2024 08:08:25.29   61.60   0.474  27.099   31.902  102.8  11.92  14.000   -0.00296    2.36    2.07    3.16
17-07-2024 08:08:25.54   61.48   0.474  27.101   31.904  102.9  11.93  14.000    0.00962    2.24    2.19    3.43
17-07-2024 08:08:25.79   61.18   0.477  27.102   31.903  103.0  11.94  14.000   -0.01480    2.10    2.10    3.19
17-07-2024 08:08:26.04   60.97   0.480  27.103   31.902  103.1  11.95  14.000   -0.01184    2.16    2.29    3.24
17-07-2024 08:08:26.28   60.80   0.482  27.104   31.901  103.2  11.96  14.000   -0.02072    2.16    2.29    3.24
17-07-2024 08:08:26.53   60.57   0.487  27.109   31.902  103.3  11.97  14.000   -0.00740    2.11    2.35    3.17
17-07-2024 08:08:26.78   60.53   0.497  27.117   31.902  103.4  11.98  14.000   -0.00666    1.96    2.07    3.10
17-07-2024 08:08:27.02   60.20   0.509  27.120   31.894  103.5  11.99  14.000   -0.01998    2.22    2.31    3.22
17-07-2024 08:08:27.27   60.14   0.521  27.122   31.885  103.6  11.99  14.000   -0.00444    2.28    2.57    2.87
17-07-2024 08:08:27.51   59.78   0.530  27.131   31.886  103.7  12.00  14.000   -0.00148    2.34    2.82    3.21
17-07-2024 08:08:27.76   59.71   0.541  27.134   31.879  103.8  12.00  14.000   -0.00518    1.89    1.95    3.30
17-07-2024 08:08:28.00   59.41   0.550  27.136   31.873  103.8  12.01  14.000   -0.02517    1.89    1.95    3.30
17-07-2024 08:08:28.25   59.33   0.557  27.138   31.868  103.9  12.02  14.000   -0.00370    2.70    2.35    3.34
17-07-2024 08:08:28.49   59.12   0.559  27.139   31.868  104.0  12.03  14.000   -0.01110    2.20    2.33    3.33
17-07-2024 08:08:28.74   58.89   0.563  27.140   31.865  104.1  12.03  14.000    0.00962    2.29    2.38    3.47
17-07-2024 08:08:28.98   58.79   0.564  27.139   31.863  104.1  12.04  14.000    0.00444    2.05    2.00    3.25
17-07-2024 08:08:29.23   58.49   0.568  27.142   31.863  104.2  12.05  14.000    0.00370    2.38    2.24    2.96
17-07-2024 08:08:29.48   58.41   0.583  27.146   31.852  104.2  12.05  14.000   -0.01110    1.96    1.96    3.13
17-07-2024 08:08:29.73   58.15   0.591  27.148   31.847  104.3  12.06  14.000   -0.00296    1.96    1.96    3.13
17-07-2024 08:08:29.98   58.00   0.597  27.161   31.857  104.4  12.06  14.000   -0.01184    2.10    2.29    3.24
17-07-2024 08:08:30.23   57.68   0.608  27.168   31.855  104.5  12.07  14.000   -0.01110    2.26    2.37    3.31
17-07-2024 08:08:30.47   57.54   0.618  27.169   31.847  104.6  12.08  14.000   -0.00814    2.46    2.41    3.15
17-07-2024 08:08:30.71   57.42   0.626  27.174   31.845  104.7  12.08  14.000    0.00962    2.16    2.76    3.18
17-07-2024 08:08:30.96   57.21   0.631  27.174   31.840  104.8  12.09  14.000   -0.00518    1.97    2.28    3.34
17-07-2024 08:08:31.20   56.87   0.635  27.172   31.834  104.8  12.10  14.000    0.00148    2.38    2.60    2.80
17-07-2024 08:08:31.44   56.82   0.639  27.173   31.831  104.9  12.11  14.000    0.00666    2.38    2.60    2.80
17-07-2024 08:08:31.69   56.66   0.651  27.173   31.818  104.9  12.11  14.000   -0.00814    2.14    2.83    3.35
17-07-2024 08:08:31.94   56.33   0.657  27.173   31.812  105.0  12.12  14.000    0.00148    2.30    2.29    3.26
17-07-2024 08:08:32.18   56.12   0.661  27.175   31.811  105.1  12.13  14.000   -0.00444    2.19    1.97    3.21
17-07-2024 08:08:32.43   55.99   0.665  27.177   31.809  105.2  12.14  14.000   -0.00444    2.20    2.32    2.81
17-07-2024 08:08:32.67   55.77   0.670  27.180   31.808  105.3  12.14  14.000   -0.01702    2.05    2.56    2.97
17-07-2024 08:08:32.92   55.47   0.677  27.185   31.808  105.3  12.14  14.000   -0.00666    2.25    2.67    3.45
17-07-2024 08:08:33.17   55.38   0.687  27.189   31.803  105.4  12.15  14.000    0.00000    2.25    2.67    3.45
17-07-2024 08:08:33.41   55.12   0.695  27.193   31.800  105.5  12.16  14.000   -0.00222    2.19    2.23    2.97
17-07-2024 08:08:33.66   55.06   0.699  27.192   31.794  105.6  12.17  14.000    0.00370    2.18    2.23    3.01
17-07-2024 08:08:33.91   54.87   0.700  27.193   31.794  105.6  12.17  14.000    0.00000    2.13    2.32    3.13
17-07-2024 08:08:34.15   54.64   0.703  27.191   31.789  105.7  12.18  14.000    0.00592    2.42    2.75    3.22
17-07-2024 08:08:34.40   54.39   0.710  27.194   31.787  105.8  12.19  14.000    0.00148    2.30    1.78    3.28
17-07-2024 08:08:34.64   54.14   0.715  27.192   31.778  105.8  12.19  14.000    0.00592    2.32    2.57    3.57
17-07-2024 08:08:34.89   53.97   0.717  27.197   31.782  105.9  12.20  14.000    0.00296    2.32    2.57    3.57
17-07-2024 08:08:35.13   53.82   0.725  27.197   31.775  105.9  12.20  14.000    0.00296    2.45    2.24    3.14
17-07-2024 08:08:35.38   53.61   0.727  27.194   31.769  106.0  12.21  14.000    0.01036    2.18    2.02    3.01
17-07-2024 08:08:35.62   53.56   0.725  27.188   31.764  106.0  12.22  14.000    0.01924    2.33    2.17    2.90
17-07-2024 08:08:35.87   53.25   0.721  27.177   31.753  106.1  12.23  14.000    0.00296    2.28    1.63    3.04
17-07-2024 08:08:36.11   53.02   0.708  27.156   31.740  106.2  12.25  14.000   -0.00074    2.31    2.32    3.45
17-07-2024 08:08:36.36   52.77   0.697  27.152   31.746  106.3  12.26  14.000    0.01628    1.95    2.12    3.39
17-07-2024 08:08:36.60   52.65   0.693  27.154   31.752  106.4  12.27  14.000    0.00148    1.95    2.12    3.39
17-07-2024 08:08:36.86   52.54   0.695  27.159   31.758  106.4  12.27  14.000    0.02294    2.42    2.57    3.13
17-07-2024 08:08:37.10   52.38   0.703  27.163   31.754  106.5  12.28  14.000    0.00592    2.25    2.23    3.22
17-07-2024 08:08:37.35   52.08   0.710  27.169   31.756  106.5  12.28  14.000   -0.00074    2.38    2.38    2.98
17-07-2024 08:08:37.59   51.96   0.715  27.173   31.755  106.6  12.28  14.000    0.02220    2.67    2.42    2.80
17-07-2024 08:08:37.84   51.75   0.724  27.174   31.747  106.6  12.28  14.000    0.00962    2.24    2.98    3.14
17-07-2024 08:08:38.08   51.44   0.731  27.175   31.741  106.6  12.28  14.000    0.00518    2.54    2.41    3.34
17-07-2024 08:08:38.33   51.28   0.738  27.181   31.742  106.7  12.29  14.000    0.03035    2.54    2.41    3.34
17-07-2024 08:08:38.57   51.21   0.752  27.183   31.730  106.7  12.29  14.000    0.01776    2.32    2.28    3.13
17-07-2024 08:08:38.82   50.91   0.760  27.187   31.727  106.7  12.29  14.000    0.03331    2.42    2.48    3.31
17-07-2024 08:08:39.06   50.62   0.764  27.189   31.726  106.8  12.29  14.000    0.02961    2.48    2.59    3.30
17-07-2024 08:08:39.31   50.55   0.769  27.182   31.712  106.8  12.30  14.000    0.02887    2.56    2.57    3.30
17-07-2024 08:08:39.55   50.34   0.768  27.174   31.703  106.9  12.30  14.000    0.02961    2.30    2.42    3.45
17-07-2024 08:08:39.80   50.10   0.762  27.166   31.698  106.9  12.31  14.000    0.04589    2.26    2.13    3.22
17-07-2024 08:08:40.05   49.95   0.754  27.161   31.701  107.0  12.32  14.000    0.03109    2.26    2.13    3.22
17-07-2024 08:08:40.29   49.74   0.747  27.154   31.698  107.0  12.33  14.000    0.04515    2.02    2.16    3.30
17-07-2024 08:08:40.54   49.48   0.741  27.144   31.693  107.1  12.34  14.000    0.03701    2.20    2.57    3.11
17-07-2024 08:08:40.78   49.33   0.737  27.142   31.694  107.1  12.35  14.000    0.02739    2.46    2.79    3.18
17-07-2024 08:08:41.04   49.06   0.736  27.140   31.693  107.2  12.35  14.000    0.03479    2.29    2.56    3.51
17-07-2024 08:08:41.28   48.91   0.733  27.135   31.689  107.2  12.36  14.000    0.04145    2.55    2.45    3.62
17-07-2024 08:08:41.52   48.66   0.730  27.129   31.685  107.3  12.37  14.000    0.04219    2.12    2.10    3.28
17-07-2024 08:08:41.77   48.33   0.720  27.111   31.672  107.3  12.38  14.000    0.04441    2.12    2.10    3.28
17-07-2024 08:08:42.01   48.30   0.703  27.096   31.670  107.4  12.39  14.000    0.03109    2.30    2.28    3.25
17-07-2024 08:08:42.26   47.96   0.694  27.088   31.669  107.5  12.40  14.000    0.03923    2.15    2.74    3.41
17-07-2024 08:08:42.50   47.79   0.688  27.074   31.658  107.5  12.40  14.000    0.02887    2.28    2.63    3.26
17-07-2024 08:08:42.75   47.65   0.681  27.068   31.657  107.5  12.41  14.000    0.04367    2.43    2.43    2.96
17-07-2024 08:08:42.99   47.33   0.670  27.055   31.651  107.5  12.42  14.000    0.04367    2.53    2.50    3.05
17-07-2024 08:08:43.24   47.25   0.664  27.054   31.657  107.5  12.42  14.000    0.05107    2.53    2.50    3.05
17-07-2024 08:08:43.48   46.92   0.657  27.047   31.654  107.6  12.42  14.000    0.04293    2.65    2.52    3.22
17-07-2024 08:08:43.73   46.84   0.652  27.047   31.660  107.6  12.43  14.000    0.05107    2.46    2.18    3.31
17-07-2024 08:08:43.97   46.50   0.636  27.042   31.670  107.6  12.44  14.000    0.05403    2.48    2.32    3.06
17-07-2024 08:08:44.23   46.40   0.621  27.032   31.673  107.6  12.44  14.000    0.06439    2.42    2.42    3.15
17-07-2024 08:08:44.47   46.09   0.545  26.977   31.680  107.8  12.49  14.000    0.04441    2.71    2.41    3.25
17-07-2024 08:08:44.72   45.85   0.508  26.932   31.660  107.9  12.51  14.000    0.05551    2.44    2.61    3.14
17-07-2024 08:08:44.97   45.74   0.498  26.895   31.622  107.8  12.51  14.000    0.06513    2.78    2.55    3.26
17-07-2024 08:08:45.21   45.56   0.510  26.880   31.591  107.7  12.50  14.000    0.04515    2.78    2.55    3.26
17-07-2024 08:08:45.46   45.26   0.506  26.883   31.599  107.7  12.50  14.000    0.05625    3.22    2.25    3.11
17-07-2024 08:08:45.70   45.13   0.490  26.887   31.620  107.8  12.51  14.000    0.05181    2.47    2.56    3.28
17-07-2024 08:08:45.95   44.84   0.479  26.879   31.621  107.8  12.51  14.000    0.06587    2.63    2.24    3.05
17-07-2024 08:08:46.19   44.63   0.457  26.851   31.607  107.8  12.52  14.000    0.07920    2.72    2.75    3.34
17-07-2024 08:08:46.44   44.53   0.448  26.833   31.595  107.8  12.53  14.000    0.06143    2.99    2.60    3.12
17-07-2024 08:08:46.69   44.16   0.433  26.809   31.577  107.8  12.53  14.000    0.05551    2.40    2.59    3.00
17-07-2024 08:08:46.93   44.08   0.411  26.791   31.577  107.9  12.55  14.000    0.06217    2.40    2.59    3.00
17-07-2024 08:08:47.17   43.70   0.390  26.776   31.579  107.9  12.55  14.000    0.06513    2.58    2.28    3.23
17-07-2024 08:08:47.42   43.54   0.382  26.776   31.588  107.9  12.56  14.000    0.07624    2.37    2.10    3.12
17-07-2024 08:08:47.66   43.42   0.384  26.774   31.584  107.9  12.56  14.000    0.07179    2.82    2.68    3.29
17-07-2024 08:08:47.92   43.11   0.386  26.772   31.579  107.9  12.55  14.000    0.09326    2.82    2.36    3.08
17-07-2024 08:08:48.16   42.85   0.388  26.771   31.575  107.9  12.55  14.000    0.07179    2.68    2.37    2.75
17-07-2024 08:08:48.41   42.60   0.390  26.768   31.570  107.8  12.55  14.000    0.09178    2.69    2.78    3.11
17-07-2024 08:08:48.66   42.51   0.390  26.765   31.566  107.8  12.55  14.000    0.08512    2.69    2.78    3.11
17-07-2024 08:08:48.90   42.22   0.391  26.765   31.565  107.8  12.55  14.000    0.09030    2.79    2.03    3.12
17-07-2024 08:08:49.15   41.92   0.392  26.765   31.564  107.8  12.55  14.000    0.09844    2.71    2.20    3.15
17-07-2024 08:08:49.39   41.79   0.395  26.767   31.564  107.9  12.55  14.000    0.09844    3.38    2.56    3.08
17-07-2024 08:08:49.64   41.59   0.401  26.767   31.558  107.9  12.55  14.000    0.07772    2.67    2.36    3.04
17-07-2024 08:08:49.88   41.38   0.406  26.767   31.553  107.9  12.55  14.000    0.08808    2.94    2.30    3.26
17-07-2024 08:08:50.13   41.18   0.410  26.764   31.545  107.9  12.55  14.000    0.10806    3.09    2.28    3.10
17-07-2024 08:08:50.37   40.96   0.412  26.761   31.539  107.9  12.55  14.000    0.08808    3.09    2.28    3.10
17-07-2024 08:08:50.62   40.77   0.412  26.760   31.538  107.9  12.56  14.000    0.10362    3.00    2.42    3.26
17-07-2024 08:08:50.86   40.48   0.412  26.760   31.539  107.9  12.56  14.000    0.09622    2.95    2.44    3.43
17-07-2024 08:08:51.11   40.22   0.413  26.764   31.542  107.9  12.56  14.000    0.10362    2.99    2.75    3.50
17-07-2024 08:08:51.35   39.99   0.416  26.766   31.542  108.0  12.56  14.000    0.10362    2.67    2.56    3.13
17-07-2024 08:08:51.60   39.86   0.425  26.779   31.551  108.0  12.56  14.000    0.11102    3.17    2.56    3.43
17-07-2024 08:08:51.85   39.67   0.440  26.784   31.541  108.0  12.56  14.000    0.10880    3.17    2.56    3.43
17-07-2024 08:08:52.11   39.23   0.450  26.790   31.539  108.0  12.56  14.000    0.12435    2.81    2.24    3.06
17-07-2024 08:08:52.34   39.07   0.463  26.796   31.533  108.0  12.55  14.000    0.12287    2.64    2.04    3.24
17-07-2024 08:08:52.59   38.96   0.477  26.801   31.526  108.0  12.55  14.000    0.12657    2.90    2.60    3.04
17-07-2024 08:08:52.83   38.75   0.488  26.802   31.515  108.1  12.55  14.000    0.12805    2.80    2.21    3.38
17-07-2024 08:08:53.08   38.52   0.494  26.810   31.520  108.1  12.55  14.000    0.13693    2.79    2.39    3.50
17-07-2024 08:08:53.32   38.16   0.505  26.813   31.512  108.1  12.55  14.000    0.13619    2.64    2.65    3.38
17-07-2024 08:08:53.57   37.94   0.521  26.815   31.499  108.1  12.55  14.000    0.15173    2.64    2.65    3.38
17-07-2024 08:08:53.81   37.77   0.536  26.822   31.493  108.1  12.54  14.000    0.13249    2.88    2.37    3.05
17-07-2024 08:08:54.06   37.63   0.547  26.825   31.486  108.1  12.54  14.000    0.15395    2.94    2.45    3.20
17-07-2024 08:08:54.30   37.40   0.551  26.828   31.486  108.2  12.54  14.000    0.15543    3.08    2.27    3.14
17-07-2024 08:08:54.55   37.09   0.561  26.828   31.475  108.2  12.54  14.000    0.16505    2.96    2.73    3.21
17-07-2024 08:08:54.80   36.92   0.568  26.823   31.463  108.2  12.54  14.000    0.16135    2.79    2.30    3.34
17-07-2024 08:08:55.04   36.69   0.573  26.819   31.453  108.3  12.55  14.000    0.16579    3.06    2.98    3.13
17-07-2024 08:08:55.29   36.30   0.574  26.818   31.450  108.3  12.55  14.000    0.18060    3.06    2.98    3.13
17-07-2024 08:08:55.54   36.18   0.570  26.811   31.445  108.3  12.55  14.000    0.18430    2.97    2.34    3.23
17-07-2024 08:08:55.79   35.91   0.560  26.803   31.446  108.3  12.56  14.000    0.19392    2.79    2.05    3.32
17-07-2024 08:08:56.03   35.67   0.562  26.796   31.435  108.3  12.56  14.000    0.20724    2.98    2.69    3.21
17-07-2024 08:08:56.28   35.53   0.563  26.788   31.423  108.4  12.57  14.000    0.20058    3.22    2.63    3.33
17-07-2024 08:08:56.52   35.28   0.560  26.784   31.421  108.4  12.57  14.000    0.20798    3.05    2.41    3.49
17-07-2024 08:08:56.77   34.93   0.557  26.779   31.419  108.4  12.57  14.000    0.20502    3.07    2.05    3.20
17-07-2024 08:08:57.01   34.86   0.555  26.775   31.414  108.4  12.58  14.000    0.20798    3.07    2.05    3.20
17-07-2024 08:08:57.26   34.58   0.560  26.774   31.408  108.5  12.58  14.000    0.21242    3.08    2.53    3.23
17-07-2024 08:08:57.50   34.23   0.583  26.802   31.422  108.4  12.57  14.000    0.23611    3.19    2.34    3.09
17-07-2024 08:08:57.75   34.04   0.604  26.842   31.452  108.5  12.56  14.000    0.21390    3.01    2.29    3.44
17-07-2024 08:08:57.99   33.82   0.628  26.849   31.437  108.5  12.56  14.000    0.23759    3.03    2.19    3.68
17-07-2024 08:08:58.24   33.65   0.638  26.845   31.422  108.6  12.57  14.000    0.24647    3.03    2.08    3.52
17-07-2024 08:08:58.48   33.44   0.738  26.888   31.375  108.4  12.52  14.000    0.24647    2.77    2.31    3.41
17-07-2024 08:08:58.73   33.28   0.817  26.918   31.334  108.3  12.49  14.000    0.27386    2.77    2.31    3.41
17-07-2024 08:08:58.98   32.87   0.832  26.957   31.369  108.3  12.48  14.000    0.25831    3.39    2.59    3.38
17-07-2024 08:08:59.23   32.74   0.846  26.965   31.366  108.4  12.48  14.000    0.28348    2.98    2.57    3.13
17-07-2024 08:08:59.47   32.45   0.860  26.976   31.365  108.5  12.49  14.000    0.28496    2.93    1.75    3.34
17-07-2024 08:08:59.72   32.36   0.885  26.996   31.365  108.6  12.49  14.000    0.29606    2.89    2.46    2.98
17-07-2024 08:08:59.96   32.00   0.903  27.006   31.361  108.6  12.49  14.000    0.30716    3.43    2.65    3.53
17-07-2024 08:09:00.21   31.92   0.908  27.006   31.356  108.6  12.49  14.000    0.29976    2.62    2.44    3.24
17-07-2024 08:09:00.45   31.51   0.912  27.007   31.353  108.7  12.50  14.000    0.32493    2.62    2.44    3.24
17-07-2024 08:09:00.70   31.44   0.915  27.010   31.355  108.8  12.51  14.000    0.33085    2.48    2.46    3.25
17-07-2024 08:09:00.94   31.08   0.924  27.024   31.363  108.8  12.50  14.000    0.33603    2.72    2.21    3.39
17-07-2024 08:09:01.19   30.91   0.935  27.039   31.370  108.9  12.51  14.000    0.34565    2.60    1.97    3.58
17-07-2024 08:09:01.43   30.71   0.950  27.056   31.378  108.9  12.51  14.000    0.36564    2.93    2.16    3.39
17-07-2024 08:09:01.68   30.35   0.967  27.067   31.374  109.0  12.51  14.000    0.35897    2.75    2.61    3.10
17-07-2024 08:09:01.92   30.27   0.985  27.089   31.385  109.1  12.51  14.000    0.36267    2.56    2.10    3.46
17-07-2024 08:09:02.17   29.90   1.018  27.110   31.379  109.0  12.50  14.000    0.39450    2.56    2.10    3.46
17-07-2024 08:09:02.42   29.77   1.064  27.122   31.347  109.1  12.49  14.000    0.38710    2.87    2.41    3.27
17-07-2024 08:09:02.67   29.61   1.089  27.150   31.358  109.1  12.49  14.000    0.42559    2.76    2.16    3.39
17-07-2024 08:09:02.92   29.20   1.112  27.164   31.352  109.1  12.48  14.000    0.42485    2.68    2.30    3.18
17-07-2024 08:09:03.17   28.97   1.173  27.156   31.281  109.1  12.47  14.000    0.43891    2.80    2.65    3.31
17-07-2024 08:09:03.41   28.88   1.225  27.186   31.268  109.2  12.46  14.000    0.45075    2.41    2.40    3.02
17-07-2024 08:09:03.65   28.63   1.294  27.262   31.294  109.1  12.42  14.000    0.45371    2.41    2.44    3.12
17-07-2024 08:09:03.90   28.35   1.336  27.286   31.284  109.1  12.41  14.000    0.47740    2.41    2.44    3.12
17-07-2024 08:09:04.14   28.05   1.366  27.285   31.253  109.1  12.41  14.000    0.47074    2.95    2.41    3.26
17-07-2024 08:09:04.39   27.77   1.389  27.286   31.231  109.2  12.41  14.000    0.48702    2.44    2.32    3.17
17-07-2024 08:09:04.63   27.57   1.390  27.297   31.244  109.3  12.42  14.000    0.50700    2.49    2.71    3.39
17-07-2024 08:09:04.88   27.35   1.401  27.315   31.255  109.4  12.43  14.000    0.51959    2.81    2.06    3.51
17-07-2024 08:09:05.12   27.19   1.413  27.325   31.256  109.4  12.43  14.000    0.52921    2.50    2.35    2.92
17-07-2024 08:09:05.37   26.96   1.440  27.338   31.246  109.4  12.42  14.000    0.54475    2.53    2.17    2.97
17-07-2024 08:09:05.61   26.63   1.454  27.341   31.235  109.5  12.42  14.000    0.55585    2.53    2.17    2.97
17-07-2024 08:09:05.86   26.31   1.465  27.338   31.221  109.5  12.42  14.000    0.57732    2.42    1.91    3.34
17-07-2024 08:09:06.11   26.08   1.477  27.355   31.231  109.5  12.41  14.000    0.60100    2.35    2.41    3.38
17-07-2024 08:09:06.36   25.94   1.492  27.365   31.228  109.6  12.43  14.000    0.60989    2.63    2.25    2.73
17-07-2024 08:09:06.60   25.71   1.500  27.367   31.223  109.8  12.44  14.000    0.63431    2.31    2.63    3.43
17-07-2024 08:09:06.85   25.38   1.510  27.360   31.204  109.9  12.45  14.000    0.63061    2.68    2.45    3.32
17-07-2024 08:09:07.09   25.20   1.514  27.364   31.206  109.9  12.45  14.000    0.64911    2.63    1.97    3.01
17-07-2024 08:09:07.34   24.93   1.518  27.359   31.196  109.9  12.45  14.000    0.67428    2.63    1.97    3.01
17-07-2024 08:09:07.58   24.61   1.521  27.352   31.184  110.0  12.46  14.000    0.69500    3.02    2.31    3.27
17-07-2024 08:09:07.83   24.39   1.523  27.352   31.183  110.0  12.47  14.000    0.72091    2.81    2.66    3.35
17-07-2024 08:09:08.07   24.15   1.536  27.355   31.173  110.1  12.47  14.000    0.72017    3.02    2.16    2.90
17-07-2024 08:09:08.32   23.87   1.640  27.389   31.114  109.9  12.42  14.000    0.75422    3.13    2.08    3.41
17-07-2024 08:09:08.56   23.57   1.663  27.438   31.152  109.9  12.41  14.000    0.77938    2.92    2.62    3.25
17-07-2024 08:09:08.81   23.24   1.676  27.433   31.132  110.0  12.41  14.000    0.79270    3.70    2.12    3.22
17-07-2024 08:09:09.05   23.07   1.687  27.441   31.132  110.1  12.43  14.000    0.82453    3.70    2.12    3.22
17-07-2024 08:09:09.30   22.75   1.696  27.443   31.126  110.2  12.44  14.000    0.85118    2.96    2.16    3.32
17-07-2024 08:09:09.55   22.40   1.706  27.449   31.124  110.2  12.43  14.000    0.86746    3.08    3.03    3.37
17-07-2024 08:09:09.79   22.29   1.721  27.461   31.124  110.4  12.44  14.000    0.90965    3.16    2.62    3.23
17-07-2024 08:09:10.04   21.86   1.756  27.471   31.102  110.3  12.43  14.000    0.93555    3.31    2.31    3.19
17-07-2024 08:09:10.29   21.70   1.775  27.485   31.100  110.4  12.43  14.000    0.94962    2.97    2.20    3.12
17-07-2024 08:09:10.54   21.27   1.813  27.494   31.075  110.4  12.42  14.000    0.97774    2.89    2.46    3.16
17-07-2024 08:09:10.78   21.08   1.866  27.515   31.048  110.4  12.40  14.000    1.01105    2.89    2.46    3.16
17-07-2024 08:09:11.03   20.85   1.896  27.523   31.029  110.5  12.41  14.000    1.03103    3.05    2.54    3.34
17-07-2024 08:09:11.27   20.60   1.919  27.540   31.028  110.6  12.41  14.000    1.05398    3.24    2.70    3.45
17-07-2024 08:09:11.52   20.33   1.933  27.542   31.017  110.6  12.42  14.000    1.07248    3.16    2.64    3.40
17-07-2024 08:09:11.76   20.02   1.984  27.569   31.001  110.6  12.40  14.000    1.12355    2.93    2.16    3.28
17-07-2024 08:09:12.01   19.65   2.016  27.596   31.003  110.8  12.41  14.000    1.14650    2.67    2.48    3.33
17-07-2024 08:09:12.25   19.31   2.040  27.597   30.981  110.9  12.42  14.000    1.17240    2.68    2.36    3.19
17-07-2024 08:09:12.50   19.07   2.074  27.606   30.959  111.0  12.41  14.000    1.21163    2.68    2.36    3.19
17-07-2024 08:09:12.74   18.91   2.110  27.622   30.943  111.0  12.40  14.000    1.22273    2.73    2.26    3.57
17-07-2024 08:09:12.99   18.47   2.136  27.626   30.924  111.1  12.40  14.000    1.24938    2.74    2.68    3.20
17-07-2024 08:09:13.23   18.35   2.165  27.650   30.924  111.0  12.39  14.000    1.30119    2.97    2.35    3.59
17-07-2024 08:09:13.48   17.92   2.229  27.676   30.895  111.0  12.37  14.000    1.31673    2.94    2.74    3.13
17-07-2024 08:09:13.73   17.78   2.277  27.685   30.859  111.1  12.37  14.000    1.36040    3.55    2.33    3.33
17-07-2024 08:09:13.98   17.37   2.295  27.670   30.823  111.3  12.39  14.000    1.38779    2.73    2.60    3.17
17-07-2024 08:09:14.23   17.20   2.355  27.710   30.815  111.2  12.36  14.000    1.42405    2.73    2.60    3.17
17-07-2024 08:09:14.47   16.78   2.398  27.745   30.816  111.3  12.36  14.000    1.44848    3.04    2.40    3.27
17-07-2024 08:09:14.71   16.63   2.431  27.748   30.789  111.4  12.36  14.000    1.50251    2.87    2.40    3.35
17-07-2024 08:09:14.96   16.18   2.464  27.763   30.775  111.4  12.35  14.000    1.53804    3.20    2.09    3.61
17-07-2024 08:09:15.20   16.05   2.501  27.762   30.738  111.5  12.36  14.000    1.57726    2.70    2.40    3.52
17-07-2024 08:09:15.45   15.72   2.612  27.833   30.718  111.2  12.29  14.000    1.60243    3.42    1.71    3.37
17-07-2024 08:09:15.69   15.36   2.681  27.895   30.727  111.2  12.26  14.000    1.66312    3.25    2.69    3.02
17-07-2024 08:09:15.94   15.19   2.720  27.896   30.691  111.4  12.28  14.000    1.70309    3.25    2.69    3.02
17-07-2024 08:09:16.18   14.77   2.734  27.883   30.662  111.7  12.31  14.000    1.73048    3.25    2.56    3.35
17-07-2024 08:09:16.43   14.63   2.774  27.899   30.642  111.7  12.29  14.000    1.78451    3.38    2.30    3.47
17-07-2024 08:09:16.67   14.19   2.844  27.970   30.662  111.6  12.26  14.000    1.82003    3.20    1.85    3.27
17-07-2024 08:09:16.92   14.07   2.878  27.993   30.658  111.8  12.28  14.000    1.87629    3.10    1.95    3.26
17-07-2024 08:09:17.17   13.64   2.901  27.989   30.631  112.0  12.29  14.000    1.91255    3.31    2.30    3.46
17-07-2024 08:09:17.42   13.42   2.919  27.991   30.617  112.1  12.30  14.000    1.96362    3.08    2.31    3.41
17-07-2024 08:09:17.66   13.06   2.943  28.008   30.614  112.2  12.30  14.000    2.01543    3.08    2.31    3.41
17-07-2024 08:09:17.91   12.73   2.975  28.023   30.602  112.3  12.30  14.000    2.07317    3.27    2.59    3.18
17-07-2024 08:09:18.16   12.63   3.002  28.043   30.601  112.4  12.30  14.000    2.10573    3.13    2.13    3.56
17-07-2024 08:09:18.40   12.25   3.034  28.063   30.595  112.5  12.31  14.000    2.15754    3.46    2.03    3.23
17-07-2024 08:09:18.65   12.19   3.058  28.073   30.584  112.5  12.31  14.000    2.19677    3.37    2.71    3.08
17-07-2024 08:09:18.89   12.00   3.067  28.078   30.581  112.7  12.32  14.000    2.20935    3.69    1.99    3.28
17-07-2024 08:09:19.14   11.82   3.082  28.083   30.573  112.8  12.33  14.000    2.23600    3.34    2.68    3.17
17-07-2024 08:09:19.38   11.96   3.075  28.077   30.572  112.9  12.34  14.000    2.23526    3.34    2.68    3.17
17-07-2024 08:09:19.63   11.86   3.079  28.087   30.581  112.9  12.34  14.000    2.27005    3.58    2.42    3.38
17-07-2024 08:09:19.87   11.66   3.092  28.083   30.564  113.0  12.34  14.000    2.27375    3.15    2.63    3.32
17-07-2024 08:09:20.12   11.63   3.095  28.100   30.582  113.0  12.35  14.000    2.27819    3.82    1.99    3.19
17-07-2024 08:09:20.36   11.66   3.117  28.113   30.576  113.1  12.35  14.000    2.30853    3.42    2.32    3.15
17-07-2024 08:09:20.61   11.52   3.144  28.111   30.548  113.0  12.33  14.000    2.31076    3.64    2.18    2.91
17-07-2024 08:09:20.85   11.37   3.179  28.098   30.500  112.9  12.31  14.000    2.34110    3.83    2.45    3.42
17-07-2024 08:09:21.10   11.32   3.194  28.090   30.476  112.9  12.31  14.000    2.32186    3.83    2.45    3.42
17-07-2024 08:09:21.35   11.34   3.188  28.090   30.482  113.0  12.33  14.000    2.35368    3.95    2.39    3.49
17-07-2024 08:09:21.60   11.10   3.181  28.080   30.476  113.3  12.37  14.000    2.35220    4.18    1.85    3.15
17-07-2024 08:09:21.84   10.98   3.224  28.070   30.424  113.4  12.37  14.000    2.38995    4.05    2.40    3.23
17-07-2024 08:09:22.09   10.96   3.269  28.066   30.377  113.4  12.35  14.000    2.38921    4.01    3.12    3.36
17-07-2024 08:09:22.34   10.88   3.287  28.075   30.371  113.6  12.37  14.000    2.41438    3.96    2.11    3.38
17-07-2024 08:09:22.58   10.64   3.264  28.066   30.382  113.8  12.39  14.000    2.47359    4.42    1.82    3.31
17-07-2024 08:09:22.82   10.56   3.250  28.063   30.391  113.9  12.41  14.000    2.48321    4.42    1.82    3.31
17-07-2024 08:09:23.07   10.57   3.300  28.056   30.336  113.8  12.39  14.000    2.50468    4.39    1.94    3.36
17-07-2024 08:09:23.32   10.40   3.436  28.058   30.211  113.5  12.32  14.000    2.54316    4.64    2.89    3.57
17-07-2024 08:09:23.56   10.19   3.468  28.065   30.191  113.3  12.29  14.000    2.55501    4.03    2.57    3.49
17-07-2024 08:09:23.81   10.13   3.502  28.071   30.165  113.4  12.30  14.000    2.58905    4.78    2.69    3.44
17-07-2024 08:09:24.05   10.12   3.512  28.095   30.185  113.5  12.30  14.000    2.61792    4.55    2.56    3.62
17-07-2024 08:09:24.30   10.02   3.562  28.114   30.161  113.2  12.26  14.000    2.65123    4.75    2.39    3.28
17-07-2024 08:09:24.54    9.89   3.605  28.141   30.153  113.1  12.24  14.000    2.65789    4.75    2.39    3.28
17-07-2024 08:09:24.79    9.81   3.616  28.144   30.146  113.3  12.26  14.000    2.68897    4.45    2.13    3.20
17-07-2024 08:09:25.05    9.70   3.620  28.151   30.151  113.4  12.26  14.000    2.74226    4.34    2.40    3.61
17-07-2024 08:09:25.29    9.51   3.630  28.180   30.176  113.3  12.25  14.000    2.76817    4.26    2.45    3.30
17-07-2024 08:09:25.53    9.43   3.688  28.204   30.150  113.0  12.20  14.000    2.81628    4.41    2.24    3.68
17-07-2024 08:09:25.78    9.26   3.736  28.258   30.170  112.9  12.17  14.000    2.85773    4.06    2.46    3.37
17-07-2024 08:09:26.02    9.12   3.852  28.300   30.113  112.8  12.13  14.000    2.89918    4.36    2.51    3.22
17-07-2024 08:09:26.27    8.99   3.971  28.319   30.026  112.8  12.11  14.000    2.91620    4.36    2.51    3.22
17-07-2024 08:09:26.51    8.83   4.043  28.336   29.979  113.0  12.11  14.000    2.96875    4.12    2.42    3.58
17-07-2024 08:09:26.76    8.72   4.061  28.358   29.989  113.1  12.11  14.000    2.99392    4.03    2.65    3.26
17-07-2024 08:09:27.00    8.63   4.080  28.368   29.983  113.4  12.13  14.000    3.03610    3.98    2.24    3.53
17-07-2024 08:09:27.25    8.49   4.134  28.386   29.955  113.3  12.12  14.000    3.06423    4.03    1.99    3.57
17-07-2024 08:09:27.49    8.36   4.168  28.395   29.935  113.4  12.11  14.000    3.11234    4.12    2.10    3.19
17-07-2024 08:09:27.74    8.35   4.185  28.398   29.922  113.4  12.11  14.000    3.15305    4.12    2.10    3.19
17-07-2024 08:09:27.98    8.29   4.203  28.402   29.911  113.3  12.10  14.000    3.20190    3.87    2.46    3.33
17-07-2024 08:09:28.23    8.18   4.250  28.399   29.864  113.3  12.09  14.000    3.28258    4.60    1.89    3.40
17-07-2024 08:09:28.48    8.04   4.458  28.419   29.699  113.0  12.00  14.000    3.33069    4.57    2.61    3.30
17-07-2024 08:09:28.73    7.94   4.765  28.524   29.544  112.1  11.83  14.000    3.40100    4.47    2.26    3.72
17-07-2024 08:09:28.97    7.65   4.850  28.582   29.535  111.9  11.78  14.000    3.48094    4.63    2.28    3.67
17-07-2024 08:09:29.22    7.54   4.844  28.596   29.558  112.4  11.84  14.000    3.54755    4.51    2.39    3.64
17-07-2024 08:09:29.47    7.44   4.868  28.616   29.559  112.8  11.87  14.000    3.62675    4.92    2.29    3.67
17-07-2024 08:09:29.71    7.30   4.894  28.617   29.537  113.1  11.90  14.000    3.67634    4.92    2.29    3.67
17-07-2024 08:09:29.96    7.23   4.923  28.626   29.521  113.1  11.89  14.000    3.73185    4.45    2.45    3.43
17-07-2024 08:09:30.20    7.10   4.981  28.621   29.465  112.9  11.86  14.000    3.79402    4.75    2.41    3.58
17-07-2024 08:09:30.45    6.96   5.022  28.610   29.416  112.7  11.83  14.000    3.86656    5.28    2.35    3.65
17-07-2024 08:09:30.69    6.85   5.043  28.614   29.401  113.0  11.86  14.000    3.94797    5.36    2.21    3.58
17-07-2024 08:09:30.94    6.68   5.065  28.636   29.407  113.2  11.87  14.000    4.04567    9.67    2.74    3.28
17-07-2024 08:09:31.18    6.60   5.165  28.731   29.427  113.3  11.85  14.000    4.16780    9.67    2.74    3.28
17-07-2024 08:09:31.43    6.47   5.403  28.754   29.244  112.6  11.73  14.000    4.26772    4.76    2.50    3.04
17-07-2024 08:09:31.67    6.39   5.532  28.757   29.136  112.6  11.70  14.000    4.38614    4.79    2.60    3.41
17-07-2024 08:09:31.92    6.30   5.646  28.832   29.121  112.5  11.66  14.000    4.48828    4.75    2.39    3.48
17-07-2024 08:09:32.17    6.13   5.763  28.870   29.062  112.4  11.61  14.000    4.56896    4.99    2.30    3.41
17-07-2024 08:09:32.41    6.03   5.948  28.858   28.890  112.1  11.55  14.000    4.64594    5.07    2.38    3.28
17-07-2024 08:09:32.66    6.08   6.162  28.872   28.723  111.7  11.46  14.000    4.77768    4.90    2.25    3.58
17-07-2024 08:09:32.91    5.90   6.283  28.890   28.641  111.7  11.43  14.000    4.84948    4.83    2.40    3.91
17-07-2024 08:09:33.15    5.78   6.285  28.930   28.684  112.3  11.49  14.000    4.96568    4.83    2.40    3.91
17-07-2024 08:09:33.40    5.56   6.275  28.937   28.700  113.2  11.58  14.000    5.08485    6.14    2.49    3.36
17-07-2024 08:09:33.64    5.43   6.394  28.883   28.541  114.0  11.65  14.000    5.24102    4.48    2.21    3.57
17-07-2024 08:09:33.89    5.44   6.581  28.756   28.248  114.2  11.64  14.000    5.40311    4.39    2.70    3.57
17-07-2024 08:09:34.13    5.32   6.711  28.606   27.978  114.2  11.61  14.000    5.56298    4.36    2.14    2.94
17-07-2024 08:09:34.38    5.10   6.849  28.397   27.643  114.1  11.60  14.000    5.71990    4.66    2.43    3.36
17-07-2024 08:09:34.62    5.04   6.936  28.197   27.359  113.9  11.57  14.000    5.87903    4.66    2.43    3.36
17-07-2024 08:09:34.87    5.03   7.121  28.078   27.086  113.3  11.49  14.000    6.02558    4.77    2.89    3.37
17-07-2024 08:09:35.11    4.89   7.263  28.007   26.900  113.4  11.47  14.000    6.19433    4.27    2.27    3.36
17-07-2024 08:09:35.36    4.75   7.432  27.767   26.517  113.3  11.44  14.000    6.34977    3.99    2.49    3.11
17-07-2024 08:09:35.60    4.51   7.581  27.485   26.109  113.8  11.48  14.000    6.53480    4.02    2.22    2.86
17-07-2024 08:09:35.85    4.43   7.769  27.386   25.865  114.0  11.47  14.000    6.76721    4.41    2.63    3.47
17-07-2024 08:09:36.10    4.41   8.109  27.397   25.627  113.4  11.34  14.000    6.99592    4.96    2.72    3.38
17-07-2024 08:09:36.35    4.20   8.287  27.367   25.466  113.8  11.35  14.000    7.30900    4.96    2.72    3.38
17-07-2024 08:09:36.59    4.13   8.426  27.425   25.425  114.4  11.37  14.000    7.68722    4.26    2.24    3.53
17-07-2024 08:09:36.84    4.08   8.560  27.430   25.334  114.5  11.35  14.000    8.13871    4.37    2.86    3.47
17-07-2024 08:09:37.08    3.85   8.657  27.387   25.221  114.3  11.31  14.000    8.60575    4.13    2.92    3.49
17-07-2024 08:09:37.33    3.86   8.758  27.062   24.821  114.5  11.34  14.000    9.12682    3.68    2.66    3.49
17-07-2024 08:09:37.57    3.58   8.886  26.409   24.077  115.2  11.42  14.000    9.62642    4.20    2.32    3.41
17-07-2024 08:09:37.82    3.67   8.999  26.094   23.686  115.5  11.45  14.000   10.12306    3.78    2.96    3.26
17-07-2024 08:09:38.06    3.44   9.024  25.932   23.509  116.1  11.52  14.000   10.63451    3.78    2.96    3.26
17-07-2024 08:09:38.31    3.30   9.061  25.867   23.419  116.4  11.55  14.000   11.19332    3.53    2.15    3.43
17-07-2024 08:09:38.55    3.32   9.108  25.834   23.356  116.6  11.56  14.000   11.85206    3.94    2.78    3.39
17-07-2024 08:09:38.80    3.05   9.144  25.862   23.360  116.5  11.54  14.000   12.64402    4.13    2.32    3.31
17-07-2024 08:09:39.04    3.11   9.231  25.860   23.301  116.1  11.48  14.000   13.68690    3.83    2.61    3.08
17-07-2024 08:09:39.29    2.79   9.607  25.807   23.007  115.3  11.32  14.000   15.07616    4.17    2.23    3.25
17-07-2024 08:09:39.54    2.82   9.755  25.571   22.683  114.9  11.27  14.000   16.72744    3.80    2.62    3.15
17-07-2024 08:09:39.79    2.56   9.803  24.525   21.638  115.3  11.37  14.000   18.32321    3.80    2.62    3.15
17-07-2024 08:09:40.04    2.55   9.770  23.308   20.483  116.1  11.55  14.000   20.01224    3.50    2.28    3.46
17-07-2024 08:09:40.28    2.42   9.820  21.613   18.833  116.4  11.69  14.000   21.50364    3.66    2.30    3.50
17-07-2024 08:09:40.53    2.25   9.913  20.591   17.817  116.0  11.69  14.000   22.61609    3.69    2.26    3.42
17-07-2024 08:09:40.77    2.22   9.991  20.117   17.332  115.7  11.68  14.000   23.75149    3.95    2.84    3.62
17-07-2024 08:09:41.02    2.21  10.057  20.100   17.285  114.9  11.58  14.000   25.16000    3.71    2.41    2.90
17-07-2024 08:09:41.26    1.93  10.076  20.674   17.815  114.8  11.54  14.000   27.05478    4.05    2.20    3.39
17-07-2024 08:09:41.51    1.89  10.134  20.503   17.626  114.7  11.52  14.000   29.69565    4.05    2.20    3.39
17-07-2024 08:09:41.75    1.85  10.269  18.994   16.156  114.3  11.55  14.000   33.43490    3.63    2.44    3.38
17-07-2024 08:09:42.00    1.57  10.296  19.475   16.590  114.3  11.52  14.000   38.25181    3.31    2.29    3.05
17-07-2024 08:09:42.24    1.43  10.269  17.026   14.342  114.5  11.71  14.000   43.44546    3.61    2.48    3.02
17-07-2024 08:09:42.49    1.42  10.308  13.702   11.318  114.5  11.92  14.000   47.84640    3.15    2.36    3.46
17-07-2024 08:09:42.73    1.16  10.348  12.772   10.477  114.3  11.96  14.000   50.89731    3.48    2.35    3.42
17-07-2024 08:09:42.98    1.28  10.368  12.694   10.403  113.9  11.91  14.000   52.94457    3.14    2.31    3.46
17-07-2024 08:09:43.23    1.20  10.370  12.813   10.508  113.7  11.89  14.000   56.15609    3.14    2.31    3.46
17-07-2024 08:09:43.48    1.07  10.376  12.803   10.497  113.5  11.87  14.000   58.76143    3.03    2.60    3.52
17-07-2024 08:09:43.73    1.05  10.390  12.605   10.317  113.1  11.83  14.000   61.73832    2.78    2.32    2.93
17-07-2024 08:09:43.97    0.81  10.391  12.240    9.994  112.7  11.81  14.000   67.91193    2.76    2.23    3.41
17-07-2024 08:09:44.22    0.74  10.377  12.449   10.183  112.6  11.80  14.000   71.45652    2.58    2.01    3.27
17-07-2024 08:09:44.46    0.58  10.359  12.530   10.260  112.6  11.79  14.000   93.37243    3.42    1.45    3.21
17-07-2024 08:09:44.71    0.37  10.383  11.932    9.726  112.1  11.77  14.000  141.36316    3.07    1.78    3.37
17-07-2024 08:09:44.95    0.09  10.393  11.512    9.353  112.1  11.80  14.000  145.53615    3.07    1.78    3.37
17-07-2024 08:09:45.20    0.01  10.396  11.309    9.174  111.9  11.79  14.000  146.32957    2.88    1.96    3.25
17-07-2024 08:09:45.44    0.04  10.396  11.272    9.143  111.5  11.75  14.000  147.94606    3.18    1.71    3.40
17-07-2024 08:09:45.69    0.10  10.397   9.246    7.384  111.1  11.84  14.000  150.94739    2.79    2.07    3.40
17-07-2024 08:09:45.93    0.13  10.321   1.266    0.896  110.6  12.30  14.000  151.19386    2.79    2.07   10.87
17-07-2024 08:09:46.18    0.14  10.194   1.278    0.908  109.3  12.19  14.000  151.45735   11.27   35.29   10.87
17-07-2024 08:09:46.42    0.10  10.099   1.089    0.770  108.3  12.12  14.000  154.59486   11.27   14.14   10.87
17-07-2024 08:09:46.69    0.05   9.959   1.052    0.746  107.6  12.08  14.000  158.93733   11.27   14.14    9.54
17-07-2024 08:09:46.92   -0.09   9.795   1.040    0.740  107.1  12.07  14.000  162.32796   11.27   14.14    9.54
17-07-2024 08:09:47.17   -0.05   9.608   0.948    0.675  106.8  12.09  14.000  164.79120   11.27   20.46   14.62
17-07-2024 08:09:47.41    0.08   9.420   0.980    0.703  106.5  12.12  14.000  168.15816    8.07   20.46   24.57
17-07-2024 08:09:47.66    0.04   9.220   0.942    0.678  106.4  12.16  14.000  172.12833    8.07   22.44   24.57
17-07-2024 08:09:47.90   -0.02   9.030   0.911    0.658  106.3  12.21  14.000  176.17178    3.92   22.44    4.48
17-07-2024 08:09:48.15   -0.05   8.890   0.871    0.630  106.1  12.23  14.000  180.35808   10.18    7.76    0.43
17-07-2024 08:09:48.39   -0.09   8.739   0.822    0.595  106.0  12.26  14.000  185.75305   10.18    7.76    0.43
17-07-2024 08:09:48.64   -0.10   8.582   0.811    0.590  105.9  12.30  14.000  187.63081   14.19    7.76   23.49
17-07-2024 08:09:48.88   -0.08   8.446   0.772    0.563  105.8  12.33  14.000  194.71851   14.19 1000.00   23.49
17-07-2024 08:09:49.13   -0.09   8.259   0.717    0.523  105.9  12.40  14.000  201.49609    2.08    0.14   26.30
17-07-2024 08:09:49.37   -0.06   8.084   0.760    0.559  105.9  12.45  14.000  206.96730    1.34    0.14   26.30
17-07-2024 08:09:49.62   -0.01   7.939   0.622    0.456  105.9  12.51  14.000  209.24399    1.34   16.90    9.94
17-07-2024 08:09:49.86    0.06   7.785   0.541    0.396  106.0  12.57  14.000  212.13725   15.39   21.81    9.94
17-07-2024 08:09:50.11    0.01   7.633   0.503    0.369  106.1  12.63  14.000  217.41380   15.39   21.81    9.94
17-07-2024 08:09:50.35    0.15   7.495   0.466    0.342  106.2  12.68  14.000  221.03758   15.39   79.31    1.33
17-07-2024 08:09:50.61   -0.10   7.368   0.433    0.318  106.2  12.72  14.000  221.69707   15.58    6.86    1.33
17-07-2024 08:09:50.85    0.06   7.270   0.412    0.303  106.1  12.75  14.000  221.37584   10.18   15.95   11.18
17-07-2024 08:09:51.10   -0.12   7.187   0.391    0.288  106.1  12.78  14.000  224.20618 1000.00   25.40    2.60
17-07-2024 08:09:51.35   -0.06   7.108   0.377    0.277  106.1  12.80  14.000  227.97948 1000.00   19.31    2.60
17-07-2024 08:09:51.59    0.04   7.025   0.367    0.270  106.1  12.83  14.000  228.39618 1000.00   14.02    2.60
17-07-2024 08:09:51.84    0.19   6.916   0.363    0.268  106.2  12.87  14.000  229.54047 1000.00   14.02    2.60
17-07-2024 08:09:52.08    0.07   6.819   0.354    0.262  106.3  12.92  14.000  226.30894 1000.00   25.92    4.26
17-07-2024 08:09:52.33   -0.11   6.764   0.348    0.258  106.2  12.92  14.000  228.76996   13.14   25.92 1000.00
17-07-2024 08:09:52.57   -0.10   6.725   0.370    0.275  106.1  12.93  14.000  232.24126   13.14   25.92    8.33
17-07-2024 08:09:52.82    0.14   6.686   0.362    0.269  106.1  12.93  14.000  234.69783   13.14   25.92    8.33
17-07-2024 08:09:53.06   -0.14   6.637   0.351    0.261  106.0  12.94  14.000  235.08420   16.69   15.00    8.33
17-07-2024 08:09:53.31    0.19   6.595   0.376    0.281  106.0  12.96  14.000  233.02286   16.69    7.81 1000.00
17-07-2024 08:09:53.55   -0.09   6.548   0.366    0.273  106.0  12.97  14.000  230.07559   16.69    7.81 1000.00
17-07-2024 08:09:53.80    0.04   6.506   0.369    0.276  106.0  12.98  14.000  225.42891   16.69   39.13   36.08
17-07-2024 08:09:54.04   -0.10   6.449   0.364    0.273  105.9  12.99  14.000  224.07147    7.58    6.89    3.41
17-07-2024 08:09:54.29    0.06   6.421   0.377    0.283  105.8  12.99  14.000  226.17647 1000.00    6.89   16.08
17-07-2024 08:09:54.54   -0.06   6.384   0.377    0.283  105.8  13.00  14.000  224.80423    8.08   31.46    0.00
17-07-2024 08:09:54.79   -0.12   6.332   0.365    0.274  105.7  13.01  14.000  231.42932    8.08   31.46    0.00
17-07-2024 08:09:55.03    0.14   6.297   0.349    0.262  105.8  13.03  14.000  218.64246    8.08    4.85    3.54
17-07-2024 08:09:55.28   -0.09   6.278   0.321    0.241  105.8  13.03  14.000  223.37350    8.08    4.85    3.54
17-07-2024 08:09:55.52    0.16   6.271   0.357    0.269  105.7  13.03  14.000  222.70367   18.09    1.61    3.54
17-07-2024 08:09:55.77   -0.11   6.266   0.350    0.263  105.6  13.01  14.000  250.87904   12.47    1.61   12.16
17-07-2024 08:09:56.01    0.16   6.243   0.326    0.245  105.6  13.02  14.000  249.88576   12.47    1.61 1000.00
17-07-2024 08:09:56.26   -0.09   6.224   0.315    0.236  105.5  13.01  14.000  246.43370 1000.00    0.00 1000.00
17-07-2024 08:09:56.50    0.04   6.225   0.306    0.229  105.4  13.00  14.000  255.09792    2.51    6.01   12.16
17-07-2024 08:09:56.75   -0.12   6.230   0.302    0.226  105.3  12.99  14.000  250.93604    2.51   35.19   12.16
17-07-2024 08:09:56.99    0.18   6.221   0.300    0.225  105.2  12.98  14.000  260.10873    2.51   35.19   12.16
17-07-2024 08:09:57.24   -0.11   6.218   0.290    0.217  105.1  12.98  14.000  268.72189    1.71    0.00   43.41
17-07-2024 08:09:57.48    0.16   6.216   0.282    0.211  105.1  12.97  14.000  257.42200    6.97    0.00    0.66
17-07-2024 08:09:57.73   -0.09   6.216   0.275    0.205  105.0  12.96  14.000  250.81613    6.97    0.00    4.47
17-07-2024 08:09:57.98   -0.09   6.206   0.268    0.200  104.9  12.95  14.000  245.29311    6.97 1000.00   10.80
17-07-2024 08:09:58.23   -0.00   6.201   0.262    0.196  104.8  12.94  14.000  239.25790    9.90    0.00 1000.00
17-07-2024 08:09:58.48   -0.09   6.189   0.259    0.193  104.7  12.93  14.000  225.08473    0.00    0.00 1000.00
17-07-2024 08:09:58.72    0.20   6.186   0.256    0.190  104.4  12.90  14.000  225.06549    0.00    0.00 1000.00
17-07-2024 08:09:58.97   -0.16   6.189   0.252    0.187  103.4  12.78  14.000  218.56474   11.89    0.00    5.72
17-07-2024 08:09:59.21   -0.18   6.192   0.249    0.186  103.2  12.74  14.000  210.17955   11.89   13.08   16.61
17-07-2024 08:09:59.46   -0.18   6.194   0.904    0.707  103.0  12.68  14.000  201.04312    7.70    5.54    3.86
17-07-2024 08:09:59.70   -0.13   6.196   0.788    0.613  103.0  12.68  14.000  184.43188    5.62    5.54    3.86
17-07-2024 08:09:59.95   -0.17   6.196   0.645    0.497  103.0  12.69  14.000  164.01550    6.43    5.54    3.28
17-07-2024 08:10:00.19   -0.11   6.201   0.524    0.400  103.2  12.72  14.000  148.34058    6.43    5.54    9.26
17-07-2024 08:10:00.47   -0.14   6.203   0.482    0.367  102.7  12.67  14.000  148.99709    6.43    5.54    9.26
17-07-2024 08:10:00.68   -0.12   6.204   0.464    0.353  102.7  12.66  14.000  152.73189    6.43    5.54    9.26
17-07-2024 08:10:00.93    0.05   6.205   0.450    0.342  102.6  12.66  14.000  145.33704    6.43   40.74    7.43
17-07-2024 08:10:01.17    0.23   6.204   0.505    0.385  102.3  12.62  14.000  135.83052    6.43   40.74    1.56
17-07-2024 08:10:01.42    0.23   6.208   0.361    0.272  102.5  12.65  14.000  131.47473   14.51   40.74    8.11
17-07-2024 08:10:01.67   -0.19   6.211   0.312    0.234  102.5  12.65  14.000  131.22382    4.89   12.02    8.11
17-07-2024 08:10:01.91    0.07   6.214   0.294    0.220  102.5  12.65  14.000  131.86996    4.89    8.94    8.35
17-07-2024 08:10:02.19   -0.14   6.214   0.279    0.209  102.5  12.65  14.000  136.56697    4.89    8.94    6.13
17-07-2024 08:10:02.41    0.21   6.218   0.269    0.200  102.8  12.69  14.000  135.83348    4.89    8.94    6.13
17-07-2024 08:10:02.65   -0.03   6.226   0.258    0.192  102.8  12.68  14.000  124.50916    5.79    8.94    0.50
17-07-2024 08:10:02.90   -0.21   6.232   0.249    0.185  102.6  12.66  14.000  117.98545    5.79    8.94   15.16
17-07-2024 08:10:03.14   -0.05   6.233   0.242    0.180  102.5  12.65  14.000  128.46748    5.79    8.94    7.28
17-07-2024 08:10:03.39    0.10   6.242   0.238    0.176  102.6  12.66  14.000  141.05746    3.16    7.06    4.96
17-07-2024 08:10:03.63    0.17   6.249   0.233    0.173  102.7  12.67  14.000  143.87894    3.16    6.89    4.96
17-07-2024 08:10:03.92    0.22   6.251   0.228    0.169  102.7  12.66  14.000  143.60211    3.16    6.89   13.22
17-07-2024 08:10:04.12    0.26   6.253   0.224    0.166  102.7  12.67  14.000  141.35872    3.16    6.89   13.22
17-07-2024 08:10:04.37    0.06   6.257   0.221    0.164  102.7  12.67  14.000  136.72906   16.27    7.51    8.23
17-07-2024 08:10:04.61   -0.16   6.261   0.218    0.161  102.7  12.67  14.000  123.85781   16.27    5.85    0.70
17-07-2024 08:10:04.86   -0.19   6.268   0.215    0.159  102.7  12.66  14.000  107.87052    4.93    2.34    3.06
17-07-2024 08:10:05.10    0.10   6.274   0.213    0.158  102.6  12.65  14.000  100.45273    3.81    0.11    3.06
17-07-2024 08:10:05.36   -0.17   6.281   0.211    0.156  102.6  12.64  14.000   84.60532    2.28    0.84    0.10
17-07-2024 08:10:05.60    0.23   6.289   0.209    0.155  102.6  12.64  14.000   73.84647    2.28    0.84    0.10
17-07-2024 08:10:05.85    0.16   6.294   0.207    0.153  102.6  12.64  14.000   81.24503    3.52    0.84    5.96
17-07-2024 08:10:06.10   -0.10   6.298   0.205    0.151  102.7  12.65  14.000  116.21796    0.37    0.84    2.64
17-07-2024 08:10:06.34   -0.08   6.297   0.203    0.150  102.6  12.64  14.000  130.01218    4.65    3.19    5.27
17-07-2024 08:10:06.59    0.17   6.294   0.201    0.148  102.7  12.65  14.000  130.00404    0.68    3.19   11.62
17-07-2024 08:10:06.83   -0.09   6.293   0.200    0.147  102.7  12.66  14.000  129.75165    5.59    3.19   11.62
17-07-2024 08:10:07.08    0.13   6.294   0.198    0.146  102.7  12.66  14.000  131.15128    2.69    1.08    8.32
17-07-2024 08:10:07.32   -0.16   6.293   0.197    0.145  102.7  12.66  14.000  132.73151    2.69    1.08    8.32
17-07-2024 08:10:07.57    0.18   6.287   0.196    0.145  102.7  12.66  14.000  133.74921    2.96   13.82    6.55
17-07-2024 08:10:07.81   -0.15   6.282   0.195    0.144  102.7  12.66  14.000  132.30518    2.96   13.82   10.06
17-07-2024 08:10:08.06    0.16   6.280   0.194    0.143  102.7  12.67  14.000  130.26605    0.65    3.40    2.92
17-07-2024 08:10:08.30   -0.09   6.281   0.193    0.142  102.7  12.66  14.000  128.58072    0.84    3.24    4.63
17-07-2024 08:10:08.55    0.12   6.285   0.192    0.141  102.7  12.66  14.000  128.42381    0.84    7.95    4.90
17-07-2024 08:10:08.79   -0.01   6.294   0.190    0.140  102.6  12.64  14.000  128.66214    0.84    7.95    4.90
17-07-2024 08:10:09.05    0.14   6.306   0.190    0.140  102.5  12.63  14.000  128.03746    5.88    1.92    4.19
17-07-2024 08:10:09.29   -0.06   6.317   0.188    0.138  102.4  12.61  14.000  128.48820    2.90    1.17    3.96
17-07-2024 08:10:09.54    0.03   6.324   0.188    0.138  102.3  12.60  14.000  131.08910    4.84    0.88    2.90
17-07-2024 08:10:09.78   -0.11   6.334   0.187    0.137  102.2  12.59  14.000  128.80721    0.96    3.16    3.06
17-07-2024 08:10:10.03    0.20   6.340   0.186    0.137  102.1  12.57  14.000  128.54816    0.28    3.16    5.19
17-07-2024 08:10:10.27    0.04   6.347   0.185    0.136  101.7  12.52  14.000  128.99817    3.93    3.16    6.06
17-07-2024 08:10:10.52   -0.15   6.354   0.184    0.135  101.5  12.50  14.000  127.13152    3.93    0.79   10.95
17-07-2024 08:10:10.76    0.25   6.364   0.184    0.135  101.5  12.49  14.000  123.34341    3.93    0.79   10.95
17-07-2024 08:10:11.01   -0.13   6.370   0.183    0.134  101.5  12.48  14.000  121.64476    3.93    8.96   15.65
17-07-2024 08:10:11.25    0.02   6.376   0.182    0.133  101.3  12.46  14.000  120.72623    3.93    1.66    5.87
17-07-2024 08:10:11.50    0.02   6.384   0.181    0.133  101.1  12.43  14.000  121.19401    0.71    1.02    3.75
17-07-2024 08:10:11.74    0.04   6.390   0.639    0.490  101.1  12.40  14.000  122.78164    1.69    2.95    5.75
17-07-2024 08:10:11.99    0.21   6.400   0.655    0.502  100.9  12.38  14.000  124.16424    3.15    2.44    2.95
17-07-2024 08:10:12.23   -0.16   6.414   0.556    0.423  100.8  12.37  14.000  122.41822    3.15    2.44    2.95
17-07-2024 08:10:12.48    0.00   6.423   0.492    0.373  100.7  12.35  14.000  122.06146    3.12    8.27    3.45
17-07-2024 08:10:12.73   -0.06   6.437   0.434    0.327  100.8  12.36  14.000  120.74992    2.31    8.27    6.47
17-07-2024 08:10:12.98    0.12   6.440   0.423    0.318  100.6  12.33  14.000  119.15266    4.72    8.27    6.47
17-07-2024 08:10:13.23   -0.20   6.447   0.416    0.313  101.0  12.39  14.000  116.63837    4.72    8.27    6.47
17-07-2024 08:10:13.47    0.04   6.452   0.356    0.266  101.1  12.40  14.000  116.41706    6.39    8.27    3.03
17-07-2024 08:10:13.72    0.18   6.454   0.324    0.242  101.0  12.39  14.000  120.30360    3.02    1.95    4.38
17-07-2024 08:10:13.96    0.04   6.460   0.303    0.225  101.0  12.38  14.000  123.75938    0.70    1.95    3.62
17-07-2024 08:10:14.21    0.06   6.471   0.291    0.216  100.8  12.37  14.000  124.68160    0.70    1.95    3.62
17-07-2024 08:10:14.45   -0.12   6.471   0.287    0.213  100.8  12.37  14.000  115.64731    8.65    0.37    4.30
17-07-2024 08:10:14.70    0.11   6.481   0.290    0.215  100.9  12.37  14.000  111.16421    2.98    1.91    4.30
17-07-2024 08:10:14.94    0.27   6.501   0.287    0.213  100.7  12.34  14.000  113.43203    2.98    1.91    1.88
17-07-2024 08:10:15.19   -0.11   6.516   0.274    0.203  100.6  12.33  14.000  113.78138    1.45    3.27    5.93
17-07-2024 08:10:15.43    0.04   6.526   0.269    0.199  100.6  12.32  14.000  113.62077    1.63    0.58    2.45
17-07-2024 08:10:15.68    0.23   6.535   0.260    0.192  100.6  12.31  14.000  113.53269    1.63    0.58    2.45
17-07-2024 08:10:15.92    0.05   6.546   0.250    0.184  100.5  12.30  14.000  121.20437    2.30    2.18    3.65
17-07-2024 08:10:16.17   -0.09   6.562   0.242    0.178  100.5  12.30  14.000  123.45666    3.30    2.18    0.02
17-07-2024 08:10:16.42    0.24   6.589   0.236    0.174  100.4  12.28  14.000  125.00801    3.30    1.14    2.49
17-07-2024 08:10:16.66    0.05   6.600   0.231    0.169  100.2  12.26  14.000  115.02483    3.30    9.47    8.51
17-07-2024 08:10:16.91    0.05   6.610   0.226    0.166  100.3  12.26  14.000   76.63906    0.21    2.01    2.33
17-07-2024 08:10:17.16    0.20   6.617   0.223    0.163  100.3  12.25  14.000   54.91115    1.26    6.73    3.29
17-07-2024 08:10:17.40   -0.18   6.622   0.219    0.160  100.2  12.24  14.000   54.67356    1.26    6.73    3.29
17-07-2024 08:10:17.65    0.23   6.639   0.217    0.159  100.1  12.23  14.000   54.97037    1.73    4.92    4.41
17-07-2024 08:10:17.89    0.10   6.662   0.215    0.157  100.2  12.23  14.000   56.15387    2.52    2.89    3.07
17-07-2024 08:10:18.14    0.10   6.688   0.212    0.155  100.0  12.20  14.000   56.57280    2.24    2.36    3.05
17-07-2024 08:10:18.38   -0.00   6.712   0.211    0.154   99.9  12.18  14.000   55.02144    2.71    3.00    3.03
17-07-2024 08:10:18.63    0.02   6.734   0.210    0.153   99.8  12.16  14.000   56.55651    2.42    3.45    4.08
17-07-2024 08:10:18.87   -0.11   6.753   0.209    0.152   99.8  12.15  14.000   83.17387    1.40    0.42    2.69
17-07-2024 08:10:19.12   -0.08   6.758   0.208    0.151   99.8  12.15  14.000   90.53468    1.40    0.42    2.69
17-07-2024 08:10:19.36   -0.14   6.759   0.207    0.151   99.7  12.15  14.000   81.08146    1.26    1.93   12.06
17-07-2024 08:10:19.61   -0.14   6.758   0.206    0.150   99.7  12.14  14.000   73.63552    3.94    1.26    3.09
17-07-2024 08:10:19.85   -0.15   6.759   0.204    0.149   99.8  12.16  14.000   71.45208    1.25    1.11    2.94
17-07-2024 08:10:20.11    0.26   6.759   0.204    0.148   99.6  12.13  14.000   71.99461    1.97    4.24    2.54
17-07-2024 08:10:20.35    0.24   6.758   0.202    0.147   99.7  12.15  14.000   72.00275    1.45    1.64    4.68
17-07-2024 08:10:20.60   -0.09   6.759   0.200    0.146   99.8  12.16  14.000   73.79243    1.93    3.21    4.20
17-07-2024 08:10:20.85    0.08   6.760   0.200    0.145   99.8  12.15  14.000   72.64964    1.93    3.21    4.20
17-07-2024 08:10:21.09    0.22   6.759   0.200    0.145   99.9  12.17  14.000   73.85165    5.57    6.36    2.98
17-07-2024 08:10:21.34    0.22   6.763   0.199    0.145  100.0  12.17  14.000   73.16849    2.57    6.31    2.32
17-07-2024 08:10:21.58    0.12   6.771   0.198    0.144   99.9  12.16  14.000   73.09225    3.47    2.36    2.18
17-07-2024 08:10:21.83    0.10   6.776   0.197    0.144   99.9  12.17  14.000   72.53566    1.57    2.36    3.38
17-07-2024 08:10:22.07    0.19   6.786   0.197    0.143   99.9  12.16  14.000   73.14333    2.16    2.36    2.01
17-07-2024 08:10:22.32    0.22   6.789   0.197    0.143   99.9  12.16  14.000   73.18330    1.90    2.73    1.36
17-07-2024 08:10:22.56    0.20   6.793   0.195    0.142   99.8  12.15  14.000   72.63484    1.90    2.73    1.36
17-07-2024 08:10:22.81    0.15   6.799   0.195    0.141   99.8  12.15  14.000   71.89542    1.98    2.86    3.17
17-07-2024 08:10:23.05    0.24   6.803   0.194    0.141   99.7  12.14  14.000   71.24706    2.34    3.45    4.45
17-07-2024 08:10:23.30   -0.13   6.806   0.193    0.140   99.7  12.13  14.000   74.02410    2.83    2.08    3.56
17-07-2024 08:10:23.54   -0.08   6.809   0.192    0.140   99.6  12.11  14.000   71.68301    2.79    2.68    4.53
17-07-2024 08:10:23.79    0.21   6.810   0.192    0.140   99.5  12.10  14.000   69.83559    1.63    2.02    3.29
17-07-2024 08:10:24.04    0.15   6.811   0.192    0.139   99.3  12.08  14.000   70.08649    3.48    3.12    2.22
17-07-2024 08:10:24.29    0.23   6.812   0.191    0.139   99.3  12.08  14.000   70.72377    3.48    3.12    2.22
17-07-2024 08:10:24.53    0.02   6.812   0.191    0.138   99.3  12.08  14.000   70.85181    3.17    0.93    3.49
17-07-2024 08:10:24.78   -0.09   6.812   0.190    0.138   99.4  12.09  14.000   70.69490    2.35    1.99    3.95
17-07-2024 08:10:25.02   -0.16   6.812   0.189    0.137   99.2  12.07  14.000   71.35216    3.26    0.44    3.04
17-07-2024 08:10:25.27   -0.02   6.814   0.188    0.137   99.3  12.08  14.000   70.36775    3.79    0.44    3.30
17-07-2024 08:10:25.51    0.25   6.814   0.188    0.137   99.2  12.07  14.000   70.05837    2.30    2.29    3.73
17-07-2024 08:10:25.76   -0.17   6.814   0.187    0.136   99.3  12.08  14.000   69.24420    1.55    2.51    2.57
17-07-2024 08:10:26.00   -0.10   6.812   0.186    0.135   99.3  12.08  14.000   70.57056    1.55    2.51    2.57
17-07-2024 08:10:26.25    0.27   6.812   0.187    0.136   99.2  12.07  14.000   72.12488    4.70    5.05    3.53
17-07-2024 08:10:26.49   -0.20   6.811   0.185    0.135   99.3  12.08  14.000   72.78139    1.78    2.20    3.00
17-07-2024 08:10:26.74    0.19   6.808   0.185    0.134   99.4  12.09  14.000   74.04039    2.02    2.54    1.19
17-07-2024 08:10:26.99   -0.20   6.807   0.184    0.134   99.3  12.08  14.000   76.37705    5.34    4.55    1.54
17-07-2024 08:10:27.23    0.11   6.808   0.218    0.159   99.3  12.09  14.000   76.30673    2.73    0.87    3.88
17-07-2024 08:10:27.48   -0.18   6.807   0.610    0.461   99.3  12.06  14.000   75.77087    0.57    1.74    3.97
17-07-2024 08:10:27.73    0.16   6.806   0.532    0.400   99.3  12.06  14.000   76.63389    0.57    1.74    3.97
17-07-2024 08:10:27.98    0.13   6.803   0.460    0.344   99.4  12.08  14.000   75.84341    2.37    1.34    3.50
17-07-2024 08:10:28.22    0.14   6.801   0.412    0.307   99.4  12.08  14.000   74.35717    1.30    3.20    3.67
17-07-2024 08:10:28.47    0.21   6.799   0.377    0.280   99.3  12.07  14.000   73.55856    2.73    2.03    3.57
17-07-2024 08:10:28.71    0.00   6.794   0.348    0.258   99.4  12.09  14.000   76.14761    2.13    6.75    2.51
17-07-2024 08:10:28.96    0.20   6.784   0.331    0.245   99.5  12.10  14.000   75.88781    3.22    2.29    2.43
17-07-2024 08:10:29.20   -0.18   6.780   0.316    0.233   99.4  12.09  14.000   75.32085    1.55    2.66    2.83
17-07-2024 08:10:29.45    0.24   6.776   0.311    0.229   99.4  12.10  14.000   75.05366    1.55    2.66    2.83
17-07-2024 08:10:29.69   -0.14   6.770   0.294    0.216   99.4  12.09  14.000   76.69679    1.48    3.42    4.21
17-07-2024 08:10:29.94    0.10   6.765   0.281    0.207   99.4  12.10  14.000   76.33856    2.90    0.90    3.65
17-07-2024 08:10:30.18   -0.10   6.759   0.267    0.196   99.5  12.11  14.000   75.95665    1.70    4.05    0.61
17-07-2024 08:10:30.43    0.05   6.753   0.256    0.187   99.4  12.10  14.000   75.75014    0.47    3.93    2.33
17-07-2024 08:10:30.67    0.11   6.748   0.246    0.180   99.4  12.11  14.000   74.86196    2.51    1.01    4.08
17-07-2024 08:10:30.92   -0.19   6.745   0.238    0.175   99.5  12.12  14.000   73.22105    3.26    2.55    3.64
17-07-2024 08:10:31.17    0.08   6.740   0.233    0.170   99.5  12.13  14.000   74.48078    3.26    2.55    3.64
17-07-2024 08:10:31.41   -0.16   6.730   0.231    0.169   99.6  12.14  14.000   72.55564    4.72    5.49    4.83
17-07-2024 08:10:31.66    0.05   6.725   0.232    0.170   99.6  12.14  14.000   65.52864    3.86    5.49    2.08
17-07-2024 08:10:31.91   -0.19   6.718   0.229    0.168   99.6  12.14  14.000   62.59393    3.11    1.91    3.54
17-07-2024 08:10:32.15    0.09   6.710   0.225    0.165   99.6  12.15  14.000   60.28392    4.73    0.03    3.53
17-07-2024 08:10:32.40    0.17   6.707   0.220    0.161   99.6  12.15  14.000   62.61392    1.46    4.38    2.90
17-07-2024 08:10:32.64   -0.15   6.698   0.216    0.158   99.6  12.15  14.000   79.13264    3.03    4.38    3.19
17-07-2024 08:10:32.89    0.03   6.692   0.214    0.156   99.6  12.15  14.000   96.01477    3.03    4.38    3.19
17-07-2024 08:10:33.13    0.25   6.685   0.213    0.156   99.7  12.16  14.000  107.50712    1.23    1.74    3.19
17-07-2024 08:10:33.38    0.01   6.677   0.211    0.154   99.7  12.17  14.000  112.45651    1.23    1.32    3.46
17-07-2024 08:10:33.62   -0.18   6.670   0.209    0.153   99.7  12.17  14.000  111.36774    3.49    6.73    3.15
17-07-2024 08:10:33.87    0.07   6.666   0.208    0.152   99.7  12.18  14.000  112.09975    2.30    6.11    3.56
17-07-2024 08:10:34.11    0.25   6.664   0.206    0.151   99.7  12.17  14.000  114.84647    6.14    4.48    3.67
17-07-2024 08:10:34.36    0.17   6.662   0.203    0.149   99.7  12.18  14.000  119.62711    0.43    3.94    0.23
17-07-2024 08:10:34.60   -0.12   6.655   0.201    0.147   99.7  12.18  14.000  123.35229    0.43    3.94    0.23
17-07-2024 08:10:34.86    0.15   6.650   0.200    0.146   99.8  12.18  14.000  123.76752    4.26    3.38    5.85
17-07-2024 08:10:35.10    0.21   6.648   0.197    0.144   99.5  12.15  14.000  122.01188    3.04    2.56    2.02
17-07-2024 08:10:35.35   -0.12   6.637   0.192    0.140   99.3  12.13  14.000  117.62721   14.08    5.61   22.04
17-07-2024 08:10:35.60   -0.06   6.634   0.192    0.140   99.8  12.20  14.000  116.61024   14.08    5.61    0.46
17-07-2024 08:10:35.84   -0.10   6.634   0.190    0.139  100.1  12.23  14.000  119.83361    2.73    5.61    4.06
17-07-2024 08:10:36.09   -0.15   6.630   0.191    0.140  100.3  12.25  14.000  125.95541    0.74    7.41    3.27
17-07-2024 08:10:36.33    0.00   6.629   0.192    0.140   99.6  12.17  14.000  128.13072    0.74    7.41    3.27
17-07-2024 08:10:36.58    0.15   6.628   0.188    0.137  100.3  12.26  14.000  127.68144    4.26    2.42    3.27
17-07-2024 08:10:36.82    0.08   6.626   0.294    0.217  100.4  12.26  14.000  128.20917    4.26    9.11    1.50
17-07-2024 08:10:37.07    0.12   6.621   0.294    0.217  100.3  12.26  14.000  127.88425    4.26    5.57    3.38
17-07-2024 08:10:37.31    0.21   6.622   0.369    0.275  100.3  12.25  14.000  127.65628    4.14    5.57    4.10
17-07-2024 08:10:37.56    0.21   6.623   0.335    0.249  100.4  12.26  14.000  128.39790    3.11    0.90    2.57
17-07-2024 08:10:37.80    0.20   6.625   0.315    0.233  100.3  12.25  14.000  128.32907    2.82    3.60    0.66
17-07-2024 08:10:38.05    0.20   6.626   0.298    0.220  100.3  12.26  14.000  127.27065    2.82    3.60    0.66
17-07-2024 08:10:38.29    0.20   6.624   0.285    0.211  100.3  12.26  14.000  126.09825    2.17    2.48    2.81
17-07-2024 08:10:38.54   -0.14   6.620   0.273    0.202  100.3  12.25  14.000  127.54008    3.65    5.54    4.89
17-07-2024 08:10:38.79    0.02   6.619   0.265    0.195  100.3  12.25  14.000  127.90571    2.91    3.68    2.83
17-07-2024 08:10:39.04   -0.15   6.615   0.257    0.189  100.3  12.25  14.000  126.28996    3.28    3.10    2.72
17-07-2024 08:10:39.28    0.09   6.611   0.251    0.185  100.3  12.25  14.000  127.54008    2.75    3.19    4.24
17-07-2024 08:10:39.53    0.20   6.611   0.246    0.181  100.2  12.25  14.000  136.76015    2.52    3.34    2.90
17-07-2024 08:10:39.77    0.11   6.610   0.242    0.178  100.2  12.24  14.000  141.82872    2.52    3.34    2.90
17-07-2024 08:10:40.02   -0.18   6.613   0.238    0.175  100.1  12.23  14.000  144.05064    3.50    3.40    2.03
17-07-2024 08:10:40.27    0.13   6.614   0.234    0.172   99.9  12.21  14.000  144.80116    2.87    2.66    3.57
17-07-2024 08:10:40.51    0.22   6.613   0.232    0.170   99.7  12.18  14.000  144.87370    1.89    2.12    3.27
17-07-2024 08:10:40.76   -0.21   6.609   0.229    0.168   99.5  12.16  14.000  144.70123    2.13    1.32    3.33
17-07-2024 08:10:41.00    0.12   6.609   0.226    0.166   99.4  12.15  14.000  144.39407    2.45    2.28    2.97
17-07-2024 08:10:41.25   -0.09   6.608   0.224    0.164   99.3  12.14  14.000  144.08099    1.55    1.53    3.05
17-07-2024 08:10:41.49   -0.13   6.606   0.221    0.162   99.3  12.14  14.000  143.35269    1.55    1.53    3.05
17-07-2024 08:10:41.74    0.24   6.604   0.219    0.161   99.2  12.13  14.000  142.94930    1.48    1.81    2.91
17-07-2024 08:10:41.98    0.11   6.599   0.218    0.160   99.2  12.13  14.000  143.01813    1.91    2.62    3.07
17-07-2024 08:10:42.24    0.23   6.590   0.216    0.159   99.2  12.13  14.000  142.94783    2.09    2.28    3.39
17-07-2024 08:10:42.48   -0.20   6.585   0.215    0.158   99.1  12.13  14.000  142.65695    2.22    3.61    4.40
17-07-2024 08:10:42.73   -0.21   6.579   0.214    0.157   99.1  12.13  14.000  142.41492    2.95    1.53    3.38
17-07-2024 08:10:42.97    0.24   6.570   0.212    0.156   99.0  12.12  14.000  142.24542    2.35    2.72    3.41
17-07-2024 08:10:43.22   -0.18   6.561   0.211    0.155   99.0  12.12  14.000  142.19064    2.35    2.72    3.41
17-07-2024 08:10:43.46    0.00   6.557   0.209    0.154   99.0  12.12  14.000  142.36829    0.92    3.18    3.92
17-07-2024 08:10:43.71    0.00   6.550   0.209    0.153   99.0  12.12  14.000  142.63548    2.45    2.64    3.11
17-07-2024 08:10:43.95    0.24   6.545   0.207    0.152   99.0  12.13  14.000  143.14322    2.51    1.82    3.27
17-07-2024 08:10:44.20   -0.19   6.539   0.206    0.151   99.1  12.13  14.000  143.60286    2.27    3.10    3.21
17-07-2024 08:10:44.44    0.00   6.532   0.205    0.150   99.1  12.14  14.000  143.87227    2.64    2.07    4.16
17-07-2024 08:10:44.69    0.22   6.521   0.204    0.149   99.1  12.14  14.000  143.37860    2.59    1.55    3.64
17-07-2024 08:10:44.93   -0.14   6.518   0.202    0.148   99.1  12.14  14.000  142.97964    2.59    1.55    3.64
17-07-2024 08:10:45.18    0.08   6.515   0.202    0.148   99.0  12.13  14.000  142.64510    1.95    2.50    3.45
17-07-2024 08:10:45.42    0.24   6.511   0.200    0.147   98.9  12.13  14.000  142.72430    2.13    2.89    3.37
17-07-2024 08:10:45.67   -0.17   6.506   0.199    0.146   98.9  12.13  14.000  141.70288    2.15    3.29    3.12
17-07-2024 08:10:45.92   -0.14   6.503   0.198    0.145   98.9  12.13  14.000  141.81317    1.85    1.76    1.71
17-07-2024 08:10:46.16   -0.17   6.501   0.198    0.145   98.9  12.12  14.000  142.98187    1.23    1.14    2.99
17-07-2024 08:10:46.42   -0.09   6.507   0.196    0.144   98.9  12.12  14.000  142.83827    1.78    0.95    2.90
17-07-2024 08:10:46.66   -0.04   6.510   0.196    0.144   98.9  12.12  14.000  143.03146    1.78    0.95    2.90
17-07-2024 08:10:46.91    0.23   6.512   0.195    0.143   98.8  12.11  14.000  142.85530    2.43    3.69    3.18
17-07-2024 08:10:47.15   -0.19   6.513   0.194    0.142   98.8  12.10  14.000  142.15291    1.23    3.69    2.29
17-07-2024 08:10:47.40   -0.21   6.515   0.194    0.142   98.7  12.09  14.000  142.74724    2.42    3.69    1.62
17-07-2024 08:10:47.64   -0.10   6.517   0.193    0.141   98.7  12.09  14.000  138.37665    0.55    3.69    1.63
17-07-2024 08:10:47.89   -0.12   6.519   0.192    0.141   98.6  12.08  14.000  136.92595    1.54    1.44    2.51
17-07-2024 08:10:48.13   -0.02   6.521   0.191    0.140   98.7  12.09  14.000  141.30321    2.01    1.44    2.38
17-07-2024 08:10:48.38    0.11   6.524   0.191    0.140   98.9  12.11  14.000  141.59705    2.01    1.44    2.38
17-07-2024 08:10:48.62    0.20   6.526   0.190    0.139   98.8  12.11  14.000  141.92049    2.01    1.21    8.41
17-07-2024 08:10:48.87    0.16   6.526   0.189    0.139   98.9  12.12  14.000  142.07222    3.68    1.21    1.60
17-07-2024 08:10:49.11    0.03   6.527   0.189    0.138   98.9  12.11  14.000  142.25356    3.68    1.92    0.56
17-07-2024 08:10:49.36   -0.09   6.529   0.188    0.138   98.9  12.11  14.000  142.63104    2.77    1.92    1.10
17-07-2024 08:10:49.61    0.24   6.532   0.187    0.137   99.5  12.19  14.000  143.58435    4.22    2.17    0.94
17-07-2024 08:10:49.85    0.22   6.540   0.187    0.137   99.5  12.19  14.000  144.20830    1.21    3.13    2.16
17-07-2024 08:10:50.10   -0.21   6.543   0.186    0.136   99.3  12.17  14.000  144.73158    1.21    3.13    2.16
17-07-2024 08:10:50.35   -0.14   6.539   0.186    0.136   99.2  12.15  14.000  147.34804    8.21   35.55    2.16
17-07-2024 08:10:50.59    0.05   6.561   0.419    0.314   99.1  12.11  14.000  148.31615    0.27   35.55    3.34
17-07-2024 08:10:50.84   -0.03   6.627   0.578    0.438   99.4  12.12  14.000  146.76628    0.27   11.61   27.72
17-07-2024 08:10:51.08    0.09   6.735   0.384    0.286   98.7  12.02  14.000  144.71013    0.27   21.43    0.51
17-07-2024 08:10:51.33    0.24   6.973   0.323    0.237   97.9  11.85  14.000  142.60588    0.27   21.43   12.24
17-07-2024 08:10:51.57    0.09   7.193   0.275    0.200   97.5  11.75  14.000  141.45049   10.44   21.43   21.35
17-07-2024 08:10:51.86   -0.24   7.692   0.251    0.180   96.8  11.52  14.000  140.63707   10.44   21.43   21.35
17-07-2024 08:10:52.06   -0.10   7.751   0.235    0.167   96.5  11.46  14.000  139.36696   10.44   21.43   21.35
17-07-2024 08:10:52.31    0.11   7.669   0.223    0.159   96.6  11.50  14.000  138.64606   23.34   21.43   21.35
17-07-2024 08:10:52.55    0.15   7.518   0.213    0.153   97.1  11.60  14.000  137.50400   13.67   14.18   21.35
17-07-2024 08:10:52.80    0.27   7.496   0.512    0.377   98.4  11.75  14.000  136.24352   13.67   14.18   18.76
17-07-2024 08:10:53.05   -0.16   7.602   0.269    0.193   98.3  11.73  14.000  136.10512   13.67   28.20   58.46
17-07-2024 08:10:53.30    0.25   7.679   0.216    0.154   98.2  11.69  14.000  136.21243   16.29    0.67   11.45
17-07-2024 08:10:53.58   -0.07   7.606   0.200    0.143   98.7  11.77  14.000  136.28719   16.29    0.67   30.22
17-07-2024 08:10:53.87   -0.19   7.564   0.172    0.122   98.8  11.79  14.000  137.68016   16.29    0.67   30.22
17-07-2024 08:10:54.03    0.18   7.565   0.153    0.108   99.4  11.87  14.000  139.28259   16.29    0.67   30.22
17-07-2024 08:10:54.28   -0.11   7.555   0.149    0.105   99.2  11.85  14.000  140.48682   20.49    0.67    5.95
17-07-2024 08:10:54.53    0.08   7.546   0.191    0.136   99.8  11.92  14.000  141.65108   11.62  106.85    5.95
17-07-2024 08:10:54.77   -0.11   7.640   0.146    0.103   99.6  11.87  14.000  142.48375    3.09  106.85    8.41
17-07-2024 08:10:55.02    0.04   7.736   0.130    0.091   98.8  11.75  14.000  142.85901    3.09   19.60    8.41
17-07-2024 08:10:55.26    0.19   7.812   0.119    0.084   99.2  11.77  14.000  143.07143    3.09   19.60    8.41
17-07-2024 08:10:55.51    0.06   7.803   0.113    0.079   98.9  11.75  14.000  143.23279   15.40   19.60    3.49
17-07-2024 08:10:55.75   -0.13   7.815   0.105    0.073   99.1  11.76  14.000  142.63622   15.40   19.60   15.04
17-07-2024 08:10:56.00    0.17   7.805   0.100    0.070   99.0  11.75  14.000  142.02855   15.40   19.60   15.04
17-07-2024 08:10:56.24   -0.22   7.803   0.098    0.068   99.2  11.78  14.000  141.71547   40.19   19.60   63.60
17-07-2024 08:10:56.49    0.27   7.810   0.104    0.073   99.0  11.75  14.000  142.08777   28.27   19.60   30.30
17-07-2024 08:10:56.73    0.02   7.784   0.096    0.067   99.0  11.76  14.000  142.36681   28.27   19.60   30.30
17-07-2024 08:10:56.98    0.28   7.741   0.089    0.062   99.1  11.79  14.000  142.99149   28.27   10.04   30.30
17-07-2024 08:10:57.23   -0.14   7.688   0.084    0.059   98.8  11.77  14.000  143.99811   28.27   10.04   30.30
17-07-2024 08:10:57.48    0.26   7.676   0.080    0.057   99.0  11.79  14.000  144.82484    5.37   40.80   18.35
17-07-2024 08:10:57.72   -0.20   7.671   0.078    0.055   98.9  11.79  14.000  145.10315    5.37   42.30   18.35
17-07-2024 08:10:57.97    0.22   7.653   0.077    0.054   99.0  11.80  14.000  145.89732   30.13    5.71    3.01
17-07-2024 08:10:58.21   -0.18   7.638   0.074    0.052   99.0  11.81  14.000  146.78329   15.65   32.16    3.01
17-07-2024 08:10:58.46    0.05   7.675   0.073    0.051   99.2  11.82  14.000  146.82770   15.65   32.16    3.01
17-07-2024 08:10:58.75    0.25   7.666   0.070    0.050   99.0  11.80  14.000  150.14951   15.65   32.16   43.16
17-07-2024 08:10:58.95    0.09   7.644   0.068    0.048   99.1  11.82  14.000  152.80074   15.65   32.16   43.16
17-07-2024 08:10:59.19   -0.21   7.596   0.067    0.047   99.1  11.83  14.000  153.57790    1.65   29.22    8.02
17-07-2024 08:10:59.44   -0.23   7.553   0.068    0.048   99.3  11.87  14.000  149.41675   10.52   29.22    1.34
17-07-2024 08:10:59.68   -0.13   7.527   0.068    0.048   98.9  11.82  14.000  141.54523   10.52    1.60    4.57
17-07-2024 08:10:59.93    0.05   7.506   0.069    0.048   99.2  11.87  14.000  141.86276    3.15    1.60   12.24
17-07-2024 08:11:00.17    0.19   7.484   0.075    0.053   99.0  11.85  14.000  141.34613    3.15    1.60   12.24
17-07-2024 08:11:00.42    0.26   7.467   0.082    0.058   99.3  11.89  14.000  140.34915    8.17    9.70    6.07
17-07-2024 08:11:00.67   -0.18   7.449   0.082    0.058   99.2  11.88  14.000  138.52763    7.54    1.84    6.07
17-07-2024 08:11:00.92   -0.25   7.423   0.080    0.056   98.9  11.86  14.000  138.00731    0.70    6.94    6.07
17-07-2024 08:11:01.17   -0.17   7.394   0.079    0.056   98.9  11.86  14.000  135.30872    1.88    0.43    4.91
17-07-2024 08:11:01.41   -0.19   7.373   0.079    0.056   98.8  11.86  14.000  133.35989    1.88    0.43    3.55
17-07-2024 08:11:01.66   -0.03   7.346   0.078    0.055   98.8  11.87  14.000  135.34572    1.88    8.18    3.55
17-07-2024 08:11:01.90    0.13   7.318   0.077    0.054   98.8  11.88  14.000  137.23311    1.88    8.18    3.55
17-07-2024 08:11:02.15    0.24   7.290   0.075    0.053   99.1  11.92  14.000  135.92674    4.26    8.18    1.21
17-07-2024 08:11:02.39   -0.23   7.269   0.074    0.053   98.7  11.88  14.000  132.81735    4.26    8.18    1.21
17-07-2024 08:11:02.64    0.26   7.238   0.074    0.052   98.6  11.88  14.000  131.62276    4.26   10.74    7.41
17-07-2024 08:11:02.88   -0.08   7.194   0.074    0.052   98.5  11.87  14.000  131.46732    7.41    2.19    7.41
17-07-2024 08:11:03.13   -0.14   7.170   0.073    0.052   98.7  11.90  14.000  132.44284    9.80    2.19    5.15
17-07-2024 08:11:03.37    0.25   7.151   0.073    0.052   98.8  11.93  14.000  136.18506    5.95    4.97    5.15
17-07-2024 08:11:03.61    0.17   7.135   0.072    0.051   99.1  11.97  14.000  137.21312    5.95    4.97    5.15
17-07-2024 08:11:03.86   -0.11   7.122   0.071    0.050   99.0  11.96  14.000  138.35443    5.95    4.28    4.08
17-07-2024 08:11:04.11    0.18   7.110   0.070    0.049   98.7  11.92  14.000  138.75485    5.39    8.16    4.08
17-07-2024 08:11:04.36    0.28   7.102   0.069    0.049   98.6  11.91  14.000  139.25520    5.39    0.64    1.12
17-07-2024 08:11:04.60   -0.25   7.091   0.068    0.048   98.6  11.92  14.000  137.15688    5.25    0.64   27.81
17-07-2024 08:11:04.85   -0.21   7.074   0.067    0.048   98.7  11.93  14.000  137.68091   22.15   30.69   27.81
17-07-2024 08:11:05.10   -0.04   7.058   0.066    0.047   98.8  11.95  14.000  139.71928   22.15   30.69    5.98
17-07-2024 08:11:05.34    0.08   7.043   0.066    0.047   98.9  11.97  14.000  139.74518   22.15   30.69    5.98
17-07-2024 08:11:05.59   -0.03   7.022   0.065    0.046   99.2  12.01  14.000  139.85695   22.15    6.45    5.98
17-07-2024 08:11:05.83   -0.08   7.002   0.065    0.046   99.1  12.01  14.000  137.40038    9.60   36.91    5.98
17-07-2024 08:11:06.08    0.05   6.983   0.065    0.047   98.9  11.99  14.000  139.25150    4.40   34.25    5.98
17-07-2024 08:11:06.32    0.20   6.970   0.064    0.046   98.9  11.99  14.000  139.22412    4.40    0.80   22.41
17-07-2024 08:11:06.57   -0.13   6.957   0.074    0.053   99.0  12.00  14.000  141.06265    8.17   26.78   22.41
17-07-2024 08:11:06.81   -0.14   6.936   0.089    0.063   99.1  12.02  14.000  143.13509    8.17   68.65    7.09
17-07-2024 08:11:07.06   -0.07   6.912   0.089    0.063   99.0  12.02  14.000  143.30606    8.17   68.65    7.09
17-07-2024 08:11:07.30    0.22   6.891   0.086    0.061   99.0  12.03  14.000  143.17949    8.17   33.29    7.09
17-07-2024 08:11:07.55   -0.24   6.874   0.080    0.057   99.1  12.04  14.000  142.66953   14.97   28.38   10.13
17-07-2024 08:11:07.79    0.24   6.862   0.073    0.052   99.3  12.07  14.000  142.51852   14.97   28.38   10.13
17-07-2024 08:11:08.05    0.16   6.847   0.069    0.049   99.4  12.08  14.000  142.60439   14.97   31.79   37.08
17-07-2024 08:11:08.29   -0.18   6.835   0.066    0.047   99.4  12.09  14.000  143.24167   14.97   31.79    1.05
17-07-2024 08:11:08.54   -0.16   6.825   0.064    0.046   99.4  12.09  14.000  143.57251   14.73   31.79    1.05
17-07-2024 08:11:08.80    0.04   6.803   0.062    0.044   99.4  12.10  14.000  143.57991   14.73   31.79    0.09
17-07-2024 08:11:09.03    0.04   6.788   0.072    0.051   99.4  12.11  14.000  143.89743   14.73   31.79    0.09
17-07-2024 08:11:09.28   -0.27   6.771   0.090    0.065   99.6  12.13  14.000  144.45996   18.55    4.25    8.36
17-07-2024 08:11:09.52   -0.01   6.743   0.090    0.065   99.8  12.16  14.000  144.98842    5.84   10.73    8.36
17-07-2024 08:11:09.77    0.27   6.711   0.090    0.064   99.9  12.19  14.000  145.41400    6.41   10.73    8.36
17-07-2024 08:11:10.01    0.00   6.695   0.088    0.063   99.8  12.18  14.000  145.75153   17.33   13.02    9.55
17-07-2024 08:11:10.26   -0.20   6.680   0.079    0.057   99.8  12.18  14.000  146.13715    0.43    1.60    3.30
17-07-2024 08:11:10.50    0.09   6.668   0.073    0.052   99.8  12.19  14.000  146.27333    0.43    1.60    3.30
17-07-2024 08:11:10.75    0.15   6.660   0.067    0.048   99.8  12.19  14.000  146.03278    2.68    1.60    4.44
17-07-2024 08:11:10.99   -0.21   6.652   0.064    0.046   99.7  12.18  14.000  146.49316    6.33    2.60    3.28
17-07-2024 08:11:11.24    0.04   6.642   0.061    0.044   99.7  12.18  14.000  146.89507    6.33    2.60    3.28
17-07-2024 08:11:11.48    0.20   6.632   0.058    0.042   99.7  12.18  14.000  146.93726    6.33    0.11    3.28
17-07-2024 08:11:11.73    0.21   6.619   0.057    0.041   99.7  12.19  14.000  146.91800    4.07   10.25    4.73
17-07-2024 08:11:11.98    0.28   6.603   0.055    0.040   99.7  12.20  14.000  146.89728    4.07    1.73    4.73
17-07-2024 08:11:12.23   -0.18   6.579   0.055    0.039   99.7  12.20  14.000  146.89063    4.07    1.73    4.73
17-07-2024 08:11:12.47    0.02   6.560   0.076    0.055   99.6  12.20  14.000  146.88321   30.35    1.73    4.73
17-07-2024 08:11:12.72    0.16   6.547   0.085    0.061   99.7  12.22  14.000  146.93947    1.39    3.30    1.80
17-07-2024 08:11:12.96    0.24   6.533   0.080    0.057   99.8  12.23  14.000  146.97426    0.29    3.30    7.30
17-07-2024 08:11:13.21    0.21   6.518   0.074    0.053   99.9  12.24  14.000  146.96759    4.81    3.30    2.79
17-07-2024 08:11:13.45    0.08   6.514   0.069    0.050   99.9  12.25  14.000  147.00978    0.13    0.92    3.94
17-07-2024 08:11:13.70    0.21   6.511   0.065    0.047  100.0  12.26  14.000  147.02679    3.92    3.76    6.92
17-07-2024 08:11:13.94    0.20   6.509   0.062    0.045   99.9  12.25  14.000  147.06160    3.92    3.76    6.92
17-07-2024 08:11:14.19   -0.21   6.501   0.060    0.043   99.9  12.25  14.000  147.01422    2.21   33.21    4.93
17-07-2024 08:11:14.43   -0.16   6.490   0.058    0.042   99.9  12.25  14.000  147.02162    1.24    6.21    4.69
17-07-2024 08:11:14.68   -0.04   6.481   0.060    0.043   99.9  12.26  14.000  146.82474    5.11    3.03    3.91
17-07-2024 08:11:14.92    0.07   6.467   0.083    0.060  100.0  12.28  14.000  146.65451    5.11    5.72    3.50
17-07-2024 08:11:15.18    0.13   6.452   0.083    0.060  100.1  12.30  14.000  146.87433    3.95   16.96   11.43
17-07-2024 08:11:15.42   -0.18   6.440   0.081    0.059  100.1  12.29  14.000  147.01125    1.10   16.96   11.43
17-07-2024 08:11:15.66   -0.15   6.424   0.077    0.056  100.2  12.31  14.000  147.10970    1.10   16.96   11.43
17-07-2024 08:11:15.92   -0.17   6.408   0.069    0.050  100.3  12.33  14.000  147.16374    0.83   16.96    0.02
17-07-2024 08:11:16.16   -0.22   6.391   0.065    0.047  100.4  12.35  14.000  147.17409    2.12   16.96    2.18
17-07-2024 08:11:16.41   -0.07   6.382   0.061    0.044  100.4  12.35  14.000  147.19260   13.75    2.84    2.65
17-07-2024 08:11:16.65   -0.03   6.378   0.058    0.042  100.3  12.34  14.000  147.19926    2.00    2.84    3.81
17-07-2024 08:11:16.90    0.15   6.374   0.055    0.040  100.2  12.33  14.000  147.17706    1.87    2.62    3.81
17-07-2024 08:11:17.14    0.29   6.370   0.062    0.044  100.1  12.32  14.000  147.15485    1.43    2.42    2.45
17-07-2024 08:11:17.39    0.29   6.364   0.077    0.056  100.2  12.33  14.000  147.16669    1.43    2.42    2.45
17-07-2024 08:11:17.63    0.29   6.363   0.076    0.055  100.2  12.33  14.000  147.17484    2.68    1.83    2.04
17-07-2024 08:11:17.88    0.23   6.363   0.072    0.052  100.2  12.33  14.000  147.19777    1.87    0.71   11.97
17-07-2024 08:11:18.12    0.20   6.362   0.068    0.049  100.2  12.34  14.000  147.22441    0.61    1.45    2.10
17-07-2024 08:11:18.37    0.14   6.363   0.062    0.045  100.3  12.35  14.000  147.20518    0.61    3.49    3.67
17-07-2024 08:11:18.61    0.28   6.365   0.058    0.042  100.3  12.35  14.000  147.20148    2.27    1.85    6.40
17-07-2024 08:11:18.86    0.20   6.362   0.054    0.039  100.3  12.35  14.000  147.13043    3.50    5.91    3.87
17-07-2024 08:11:19.11    0.20   6.360   0.051    0.037  100.3  12.35  14.000  147.12820    3.50    5.91    3.87
17-07-2024 08:11:19.35    0.29   6.353   0.049    0.036  100.2  12.34  14.000  147.00830    3.81    5.91    5.93
17-07-2024 08:11:19.60    0.27   6.348   0.047    0.034  100.1  12.33  14.000  146.72556    3.10    5.00    7.00
17-07-2024 08:11:19.85   -0.14   6.346   0.065    0.047  100.2  12.34  14.000  146.52350    0.54    4.82    3.92
17-07-2024 08:11:20.09   -0.24   6.344   0.068    0.049  100.2  12.34  14.000  146.43321    2.87    8.86    4.97
17-07-2024 08:11:20.34    0.22   6.339   0.066    0.047  100.3  12.35  14.000  146.05867    2.32    3.12    3.76
17-07-2024 08:11:20.58    0.12   6.333   0.064    0.046  100.3  12.35  14.000  145.65900    3.11    0.72    4.13
17-07-2024 08:11:20.83   -0.25   6.317   0.059    0.043  100.3  12.36  14.000  145.21713    3.11    0.72    4.13
17-07-2024 08:11:21.07    0.09   6.301   0.054    0.039  100.4  12.38  14.000  144.71605    5.00    3.79    4.13
17-07-2024 08:11:21.32    0.20   6.290   0.050    0.036  100.5  12.39  14.000  144.17055    3.31    1.55    4.10
17-07-2024 08:11:21.56   -0.26   6.285   0.047    0.034  100.5  12.39  14.000  143.58212    3.06   14.68    4.56
17-07-2024 08:11:21.81    0.30   6.280   0.045    0.032  100.4  12.38  14.000  143.00259    3.58    3.38    3.07
17-07-2024 08:11:22.05   -0.19   6.278   0.043    0.031  100.3  12.37  14.000  142.62511    9.04    3.18    3.55
17-07-2024 08:11:22.30    0.19   6.278   0.044    0.032  100.2  12.36  14.000  141.62665    3.02    1.05    3.55
17-07-2024 08:11:22.54   -0.13   6.274   0.060    0.043  100.2  12.36  14.000  141.08116    3.02    1.05    3.55
17-07-2024 08:11:22.80   -0.05   6.275   0.057    0.041  100.3  12.37  14.000  143.98996    3.85    0.63    2.30
17-07-2024 08:11:23.04   -0.24   6.278   0.053    0.039  100.5  12.40  14.000  150.25755   14.00    9.26    5.08
17-07-2024 08:11:23.29    0.20   6.282   0.053    0.038  100.1  12.35  14.000  151.66238   15.50    9.26    5.08
17-07-2024 08:11:23.54   -0.25   6.284   0.051    0.037  100.2  12.36  14.000  149.79645    1.44    9.26    3.21
17-07-2024 08:11:23.78    0.25   6.286   0.050    0.036   99.8  12.30  14.000  144.75528    7.43   55.31    3.21
17-07-2024 08:11:24.03   -0.10   6.288   0.046    0.033  100.0  12.34  14.000  134.56339   36.56   55.31    3.21
17-07-2024 08:11:24.27    0.03   6.293   0.041    0.030  100.5  12.39  14.000  124.96582   36.56   55.31    3.21
17-07-2024 08:11:24.52    0.04   6.295   0.039    0.029  100.1  12.34  14.000  117.38000   14.22  106.94    3.21
17-07-2024 08:11:24.76   -0.24   6.300   0.036    0.026  100.4  12.38  14.000  102.85896    6.45    2.66    6.67
17-07-2024 08:11:25.01    0.20   6.306   0.034    0.025  100.3  12.37  14.000   77.99577    2.26   57.38   14.37
17-07-2024 08:11:25.25    0.27   6.313   0.033    0.024  100.3  12.36  14.000   51.87431    2.26   16.34   14.11
17-07-2024 08:11:25.50   -0.26   6.323   0.032    0.023  100.3  12.36  14.000   38.44869    1.74    4.46    6.46
17-07-2024 08:11:25.74    0.19   6.337   0.032    0.024  100.4  12.37  14.000   29.33149    2.95    4.46    6.46
17-07-2024 08:11:25.99   -0.03   6.363   0.031    0.023  100.3  12.34  14.000   22.54726    2.95    4.46    6.46
17-07-2024 08:11:26.24   -0.16   6.383   0.032    0.023  100.2  12.33  14.000   18.61039    3.19   24.39    1.97
17-07-2024 08:11:26.48    0.17   6.406   0.031    0.023  100.3  12.33  14.000   15.43736    1.01    3.23    0.46
17-07-2024 08:11:26.73    0.28   6.427   0.031    0.023  100.2  12.31  14.000   12.52116    0.86    1.11    5.06
17-07-2024 08:11:26.98   -0.01   6.448   0.031    0.022  100.3  12.32  14.000    9.79665    2.01    1.98    3.65
17-07-2024 08:11:27.22   -0.07   6.466   0.030    0.022  100.1  12.30  14.000    8.93512    1.92    3.03    2.63
17-07-2024 08:11:27.47   -0.22   6.482   0.030    0.022  100.0  12.28  14.000    8.94474    4.28    1.55    3.88
17-07-2024 08:11:27.71    0.19   6.500   0.028    0.021  100.0  12.27  14.000    7.85153    4.28    1.55    3.88
17-07-2024 08:11:27.96    0.17   6.514   0.028    0.021  100.0  12.26  14.000    7.31196    1.61    3.04    2.65
17-07-2024 08:11:28.21    0.29   6.529   0.028    0.020   99.9  12.25  14.000    7.64577    1.71    3.85    2.74
17-07-2024 08:11:28.45    0.06   6.549   0.028    0.021   99.4  12.18  14.000    7.97366    2.45    1.48    3.50
17-07-2024 08:11:28.70   -0.23   6.567   0.030    0.022   99.7  12.21  14.000    7.87818    2.29    1.14    2.78
17-07-2024 08:11:28.94   -0.24   6.588   0.030    0.022   99.5  12.18  14.000    8.01807    1.86    2.66    3.35
17-07-2024 08:11:29.19   -0.04   6.617   0.030    0.022   99.4  12.15  14.000    8.05582    1.38    1.97    2.43
17-07-2024 08:11:29.43    0.14   6.650   0.030    0.022   99.3  12.13  14.000    7.66206    1.38    1.97    2.43
17-07-2024 08:11:29.68    0.24   6.692   0.030    0.022   98.8  12.06  14.000    6.82346    1.91    2.56    2.87
17-07-2024 08:11:29.92    0.09   6.714   0.029    0.021   98.8  12.06  14.000    5.26618    2.52    1.69    3.38
17-07-2024 08:11:30.17   -0.01   6.728   0.029    0.021   98.9  12.07  14.000    5.50377    1.94    2.44    3.33
17-07-2024 08:11:30.42    0.07   6.738   0.029    0.021   99.0  12.07  14.000    4.37948    1.89    2.84    2.80
17-07-2024 08:11:30.67    0.04   6.748   0.029    0.021   99.0  12.07  14.000    3.82955    1.79    2.16    3.01
17-07-2024 08:11:30.91    0.22   6.757   0.029    0.021   99.0  12.07  14.000    3.81919    2.41    2.00    3.18
17-07-2024 08:11:31.15    0.11   6.767   0.029    0.021   99.0  12.07  14.000    3.81178    2.41    2.00    3.18
17-07-2024 08:11:31.40    0.30   6.783   0.029    0.021   98.9  12.05  14.000    3.83177    2.15    2.08    3.53
17-07-2024 08:11:31.65    0.04   6.799   0.037    0.027   98.9  12.04  14.000    3.81622    1.66    2.73    2.95
17-07-2024 08:11:31.89   -0.23   6.812   0.043    0.031   98.9  12.03  14.000    3.85915    2.49    2.71    2.58
17-07-2024 08:11:32.14    0.10   6.823   0.042    0.030   98.8  12.03  14.000    3.93909    1.95    2.50    3.25
17-07-2024 08:11:32.38    0.30   6.829   0.041    0.030   98.8  12.02  14.000    3.94723    2.41    2.55    3.39
17-07-2024 08:11:32.63   -0.13   6.834   0.039    0.028   98.8  12.02  14.000    3.90726    2.11    2.48    3.33
17-07-2024 08:11:32.87   -0.27   6.841   0.037    0.027   98.7  12.01  14.000    3.88062    2.11    2.48    3.33
17-07-2024 08:11:33.12    0.06   6.850   0.035    0.026   98.7  12.00  14.000    4.18482    2.23    2.08    3.26
17-07-2024 08:11:33.36    0.17   6.854   0.034    0.025   98.6  11.99  14.000    4.40391    2.54    1.89    3.28
17-07-2024 08:11:33.61   -0.13   6.857   0.032    0.024   98.6  11.99  14.000    4.77768    2.01    2.91    3.33
17-07-2024 08:11:33.86   -0.25   6.864   0.031    0.023   98.5  11.97  14.000    4.80877    2.59    2.48    2.96
17-07-2024 08:11:34.10    0.19   6.873   0.031    0.023   98.5  11.97  14.000    4.86058    2.76    1.48    3.91
17-07-2024 08:11:34.35    0.02   6.880   0.030    0.022   98.3  11.95  14.000    6.71096    1.90    2.46    2.96
17-07-2024 08:11:34.60    0.33   6.887   0.030    0.022   98.3  11.94  14.000    7.73607    1.90    2.46    2.96
17-07-2024 08:11:34.85   -0.17   6.899   0.029    0.022   98.2  11.93  14.000    7.97884    1.94    2.68    2.70
17-07-2024 08:11:35.09    0.11   6.918   0.029    0.021   98.2  11.93  14.000    9.28669    2.34    2.30    3.35
17-07-2024 08:11:35.34    0.04   6.929   0.029    0.021   98.3  11.93  14.000    9.62938    2.31    1.28    3.45
17-07-2024 08:11:35.58   -0.06   6.937   0.028    0.021   98.3  11.93  14.000    9.61014    2.19    3.27    2.72
17-07-2024 08:11:35.83    0.25   6.943   0.028    0.021   98.3  11.93  14.000    9.02616    2.74    1.88    3.31
17-07-2024 08:11:36.07   -0.19   6.948   0.028    0.020   98.3  11.92  14.000    8.16832    2.68    1.54    3.65
17-07-2024 08:11:36.36    0.08   6.955   0.027    0.020   98.2  11.91  14.000    8.18164    2.08    2.93    2.65
17-07-2024 08:11:36.56   -0.23   6.971   0.027    0.020   98.1  11.90  14.000    8.55690    2.08    2.93    2.65
17-07-2024 08:11:36.81    0.02   6.990   0.027    0.020   98.1  11.89  14.000    9.10757    2.31    2.80    3.13
17-07-2024 08:11:37.06    0.26   7.000   0.027    0.020   98.1  11.88  14.000    9.24450    2.48    1.54    3.35
17-07-2024 08:11:37.30   -0.27   7.005   0.026    0.019   98.1  11.88  14.000    8.72269    2.23    2.86    2.85
17-07-2024 08:11:37.55    0.16   7.021   0.026    0.019   98.1  11.88  14.000    8.16906    2.26    2.27    2.87
17-07-2024 08:11:37.79   -0.23   7.040   0.026    0.019   98.1  11.87  14.000    7.63541    2.26    2.27    2.87
17-07-2024 08:11:38.04    0.30   7.053   0.026    0.020   98.1  11.87  14.000    7.36674    2.70    1.70    3.59
17-07-2024 08:11:38.29    0.24   7.063   0.026    0.019   98.1  11.87  14.000    7.23721    2.06    2.21    3.30
17-07-2024 08:11:38.53    0.28   7.072   0.027    0.020   98.0  11.86  14.000    7.24905    2.18    2.71    3.13
17-07-2024 08:11:38.78   -0.10   7.077   0.026    0.019   98.0  11.85  14.000    7.24313    2.56    1.68    2.94
17-07-2024 08:11:39.02   -0.22   7.080   0.026    0.019   97.9  11.84  14.000    7.25867    2.15    2.19    2.89
17-07-2024 08:11:39.27   -0.25   7.080   0.026    0.019   97.9  11.84  14.000    7.22759    2.29    2.62    2.56
17-07-2024 08:11:39.51   -0.06   7.083   0.026    0.019   97.9  11.84  14.000    7.23055    2.29    2.62    2.56
17-07-2024 08:11:39.76   -0.07   7.085   0.026    0.019   97.9  11.84  14.000    7.21574    2.62    1.83    3.36
17-07-2024 08:11:40.00   -0.17   7.089   0.026    0.019   97.9  11.84  14.000    7.23721    2.81    2.15    3.44
17-07-2024 08:11:40.25   -0.26   7.091   0.026    0.019   97.9  11.83  14.000    7.21648    2.11    2.76    2.94
17-07-2024 08:11:40.49   -0.20   7.094   0.026    0.019   97.9  11.83  14.000    7.19132    2.27    2.48    3.11
17-07-2024 08:11:40.74   -0.10   7.096   0.026    0.019   97.8  11.83  14.000    7.17504    2.61    2.40    3.18
17-07-2024 08:11:40.98   -0.13   7.099   0.026    0.019   97.8  11.82  14.000    7.24387    2.18    2.06    3.00
17-07-2024 08:11:41.23    0.20   7.106   0.026    0.019   97.8  11.82  14.000    7.63837    2.18    2.06    3.00
17-07-2024 08:11:41.48    0.33   7.115   0.026    0.019   97.7  11.81  14.000    8.18312    1.97    2.43    2.73
17-07-2024 08:11:41.73   -0.05   7.121   0.026    0.019   97.7  11.81  14.000    8.52655    2.53    1.89    3.37
17-07-2024 08:11:41.97    0.30   7.128   0.027    0.020   97.7  11.81  14.000    8.80337    1.91    1.75    3.52
17-07-2024 08:11:42.22    0.29   7.140   0.027    0.020   97.7  11.80  14.000    8.98989    1.92    2.66    2.47
17-07-2024 08:11:42.47    0.20   7.149   0.027    0.020   97.7  11.79  14.000    9.01727    2.57    2.12    3.29
17-07-2024 08:11:42.71   -0.30   7.157   0.026    0.019   97.6  11.78  14.000    9.02246    2.13    1.91    3.79
17-07-2024 08:11:42.96    0.29   7.161   0.026    0.020   97.6  11.77  14.000    9.00247    2.13    1.91    3.79
17-07-2024 08:11:43.20   -0.13   7.163   0.027    0.020   97.5  11.77  14.000    9.01801    1.97    3.37    2.70
17-07-2024 08:11:43.45    0.12   7.167   0.026    0.019   97.5  11.77  14.000    8.88405    2.38    2.33    3.32
17-07-2024 08:11:43.69   -0.09   7.169   0.027    0.020   97.5  11.77  14.000    8.75156    2.66    1.80    3.59
17-07-2024 08:11:43.94    0.18   7.171   0.026    0.019   97.6  11.78  14.000    8.43922    2.50    2.64    2.94
17-07-2024 08:11:44.18   -0.29   7.173   0.026    0.019   97.6  11.78  14.000    7.94257    2.32    2.57    2.84
17-07-2024 08:11:44.43    0.10   7.179   0.027    0.020   97.7  11.78  14.000    7.45185    2.58    1.52    3.40
17-07-2024 08:11:44.67    0.24   7.187   0.026    0.020   97.6  11.78  14.000    7.18540    2.58    1.52    3.40
17-07-2024 08:11:44.92   -0.22   7.191   0.027    0.020   97.7  11.78  14.000    7.16245    2.06    2.29    2.98
17-07-2024 08:11:45.17    0.05   7.192   0.027    0.020   97.7  11.78  14.000    7.16985    2.27    2.46    2.94
17-07-2024 08:11:45.42    0.04   7.196   0.026    0.019   97.7  11.78  14.000    7.14839    2.69    2.11    3.36
17-07-2024 08:11:45.66   -0.22   7.198   0.026    0.019   97.7  11.78  14.000    7.13803    2.17    2.03    3.28
17-07-2024 08:11:45.91   -0.23   7.202   0.026    0.019   97.7  11.78  14.000    7.13951    2.14    2.50    2.83
17-07-2024 08:11:46.15    0.14   7.209   0.027    0.020   97.7  11.77  14.000    7.14321    2.45    2.33    3.12
17-07-2024 08:11:46.40    0.32   7.214   0.026    0.019   97.6  11.77  14.000    7.13285    2.45    2.33    3.12
17-07-2024 08:11:46.64    0.23   7.220   0.026    0.019   97.5  11.76  14.000    7.12989    2.38    2.09    3.18
17-07-2024 08:11:46.89   -0.05   7.225   0.026    0.019   97.5  11.75  14.000    7.10842    2.08    2.32    3.03
17-07-2024 08:11:47.13   -0.01   7.227   0.026    0.019   97.6  11.75  14.000    7.10842    2.38    2.33    2.70
17-07-2024 08:11:47.38    0.04   7.229   0.026    0.019   97.6  11.76  14.000    7.11804    2.72    1.71    3.77
17-07-2024 08:11:47.62   -0.26   7.229   0.026    0.019   97.6  11.76  14.000    7.16393    2.18    1.82    3.16
17-07-2024 08:11:47.87   -0.14   7.230   0.027    0.020   97.7  11.77  14.000    7.15135    2.13    2.83    2.74
17-07-2024 08:11:48.12    0.07   7.233   0.027    0.020   97.7  11.77  14.000    7.16837    2.13    2.83    2.74
17-07-2024 08:11:48.36    0.02   7.238   0.027    0.020   97.6  11.76  14.000    7.16393    2.35    1.88    3.33
17-07-2024 08:11:48.61    0.31   7.242   0.026    0.019   97.6  11.76  14.000    7.18022    2.62    1.67    3.57
17-07-2024 08:11:48.85   -0.04   7.247   0.027    0.020   97.6  11.75  14.000    7.15431    2.22    2.26    3.16
17-07-2024 08:11:49.10    0.16   7.251   0.027    0.020   97.5  11.74  14.000    7.16911    1.80    2.84    3.00
17-07-2024 08:11:49.35   -0.13   7.254   0.027    0.020   97.5  11.74  14.000    7.14987    2.36    2.69    3.31
17-07-2024 08:11:49.59   -0.26   7.254   0.027    0.020   97.5  11.74  14.000    7.14469    2.73    1.20    3.38
17-07-2024 08:11:49.84   -0.17   7.253   0.027    0.020   97.5  11.74  14.000    7.17504    2.73    1.20    3.38
17-07-2024 08:11:50.08   -0.23   7.252   0.027    0.020   97.5  11.74  14.000    7.14543    2.01    2.42    3.16
17-07-2024 08:11:50.33   -0.24   7.254   0.026    0.020   97.5  11.74  14.000    7.21056    1.73    3.02    2.68
17-07-2024 08:11:50.57   -0.10   7.258   0.026    0.019   97.5  11.74  14.000    7.19058    2.51    2.32    2.83
17-07-2024 08:11:50.82    0.28   7.263   0.027    0.020   97.5  11.74  14.000    7.19724    2.67    2.06    3.82
17-07-2024 08:11:51.06   -0.27   7.263   0.027    0.020   97.5  11.74  14.000    7.15505    2.06    2.29    3.03
17-07-2024 08:11:51.31    0.00   7.267   0.026    0.019   97.5  11.74  14.000    7.12841    1.96    2.92    2.79
17-07-2024 08:11:51.55    0.28   7.274   0.027    0.020   97.5  11.73  14.000    7.05069    1.96    2.92    2.79
17-07-2024 08:11:51.80    0.23   7.282   0.027    0.020   97.4  11.72  14.000    6.99962    2.65    2.03    3.38
17-07-2024 08:11:52.04   -0.15   7.295   0.027    0.020   97.4  11.71  14.000    6.92486    2.51    1.78    3.18
17-07-2024 08:11:52.30    0.02   7.305   0.027    0.020   97.4  11.71  14.000    6.89600    1.88    2.61    3.39
17-07-2024 08:11:52.54   -0.28   7.314   0.027    0.020   97.3  11.70  14.000    6.82420    2.35    2.51    2.81
17-07-2024 08:11:52.79   -0.28   7.321   0.026    0.020   97.3  11.70  14.000    6.68950    2.29    1.65    3.38
17-07-2024 08:11:53.04    0.07   7.328   0.026    0.020   97.3  11.69  14.000    6.58810    2.26    2.18    3.45
17-07-2024 08:11:53.28    0.30   7.338   0.027    0.020   97.3  11.69  14.000    6.50150    2.26    2.18    3.45
17-07-2024 08:11:53.53   -0.21   7.347   0.027    0.020   97.2  11.68  14.000    6.57107    2.03    2.70    3.11
17-07-2024 08:11:53.77    0.31   7.355   0.027    0.020   97.2  11.68  14.000    6.82420    2.27    1.97    3.32
17-07-2024 08:11:54.02   -0.19   7.358   0.026    0.020   97.2  11.68  14.000    7.04033    2.74    1.72    3.52
17-07-2024 08:11:54.26    0.26   7.365   0.027    0.020   97.2  11.67  14.000    7.13877    2.19    2.74    3.16
17-07-2024 08:11:54.51   -0.12   7.372   0.026    0.019   97.2  11.66  14.000    7.15653    2.42    2.26    2.99
17-07-2024 08:11:54.75   -0.16   7.370   0.027    0.020   97.1  11.66  14.000    7.14321    2.38    1.46    3.46
17-07-2024 08:11:55.00    0.15   7.369   0.026    0.019   97.1  11.66  14.000    7.13137    2.38    1.46    3.46
17-07-2024 08:11:55.24   -0.23   7.370   0.027    0.020   97.1  11.66  14.000    7.14617    2.53    2.63    3.11
17-07-2024 08:11:55.49    0.29   7.369   0.026    0.020   97.1  11.66  14.000    7.14839    2.19    2.87    3.00
17-07-2024 08:11:55.73   -0.24   7.368   0.027    0.020   97.1  11.66  14.000    7.12767    2.55    2.28    3.21
17-07-2024 08:11:55.99    0.23   7.367   0.027    0.020   97.2  11.67  14.000    7.14025    2.18    2.39    3.22
17-07-2024 08:11:56.23   -0.26   7.370   0.027    0.020   97.2  11.67  14.000    7.15135    2.13    3.15    2.87
17-07-2024 08:11:56.48    0.19   7.377   0.026    0.019   97.2  11.67  14.000    7.17356    2.56    1.95    3.42
17-07-2024 08:11:56.72   -0.26   7.382   0.027    0.020   97.1  11.66  14.000    7.17430    2.56    1.95    3.42
17-07-2024 08:11:56.97    0.30   7.386   0.027    0.020   97.1  11.65  14.000    7.21870    2.03    2.36    3.22
17-07-2024 08:11:57.22    0.10   7.390   0.026    0.019   97.0  11.65  14.000    7.26459    2.13    2.70    2.75
17-07-2024 08:11:57.46   -0.25   7.397   0.026    0.019   97.0  11.64  14.000    7.37488    3.03    2.07    2.93
17-07-2024 08:11:57.70   -0.16   7.404   0.027    0.020   97.0  11.63  14.000    7.41114    1.99    1.92    3.14
17-07-2024 08:11:57.95    0.23   7.418   0.027    0.020   96.9  11.63  14.000    7.40226    1.87    2.72    2.80
17-07-2024 08:11:58.19    0.33   7.430   0.026    0.019   96.9  11.62  14.000    7.38450    2.42    2.05    3.26
17-07-2024 08:11:58.44    0.17   7.445   0.026    0.019   96.9  11.61  14.000    7.29938    2.42    2.05    3.26
17-07-2024 08:11:58.68   -0.20   7.463   0.026    0.019   96.8  11.60  14.000    7.20908    2.69    1.69    3.40
17-07-2024 08:11:58.93   -0.30   7.476   0.027    0.020   96.8  11.59  14.000    7.14839    2.03    3.39    2.90
17-07-2024 08:11:59.18   -0.29   7.483   0.027    0.020   96.8  11.59  14.000    7.15875    2.27    2.13    3.14
17-07-2024 08:11:59.42   -0.28   7.489   0.027    0.020   96.8  11.59  14.000    7.14469    2.51    1.76    3.80
17-07-2024 08:11:59.67    0.18   7.494   0.027    0.020   96.9  11.59  14.000    7.17134    2.18    2.33    3.19
17-07-2024 08:11:59.92   -0.05   7.499   0.027    0.020   96.8  11.59  14.000    7.15061    2.12    2.24    2.81
17-07-2024 08:12:00.17    0.28   7.503   0.026    0.019   96.7  11.58  14.000    7.18614    2.12    2.24    2.81
17-07-2024 08:12:00.41    0.20   7.506   0.026    0.019   96.7  11.57  14.000    7.20094    2.38    1.60    3.56
17-07-2024 08:12:00.66    0.05   7.508   0.026    0.019   96.7  11.57  14.000    7.16837    2.11    2.43    2.96
17-07-2024 08:12:00.90    0.24   7.513   0.026    0.019   96.7  11.57  14.000    7.15431    2.08    2.18    3.06
17-07-2024 08:12:01.15    0.30   7.522   0.026    0.019   96.7  11.57  14.000    7.18392    2.71    2.21    3.36
17-07-2024 08:12:01.39   -0.27   7.528   0.027    0.020   96.7  11.57  14.000    7.19280    2.15    2.07    3.01
17-07-2024 08:12:01.64   -0.22   7.529   0.026    0.019   96.7  11.56  14.000    7.17134    2.22    2.34    2.72
17-07-2024 08:12:01.88    0.34   7.531   0.027    0.020   96.7  11.57  14.000    7.16319    2.22    2.34    2.72
17-07-2024 08:12:02.13   -0.18   7.536   0.027    0.020   96.7  11.56  14.000    7.16023    2.59    2.15    3.33
17-07-2024 08:12:02.37   -0.19   7.537   0.026    0.019   96.6  11.56  14.000    7.16171    2.30    2.04    3.21
17-07-2024 08:12:02.62    0.35   7.535   0.026    0.020   96.6  11.55  14.000    7.31640    2.04    2.72    2.85
17-07-2024 08:12:02.86   -0.28   7.532   0.027    0.020   96.6  11.55  14.000    7.53697    2.45    2.06    3.28
17-07-2024 08:12:03.11    0.28   7.529   0.026    0.019   96.6  11.55  14.000    8.35780    2.40    1.84    3.35
17-07-2024 08:12:03.36    0.19   7.526   0.026    0.019   96.6  11.55  14.000    9.25042    1.72    2.64    2.83
17-07-2024 08:12:03.60   -0.20   7.524   0.026    0.020   96.6  11.56  14.000    9.51096    1.72    2.64    2.83
17-07-2024 08:12:03.85    0.12   7.527   0.026    0.019   96.6  11.56  14.000    9.55759    2.60    2.50    3.06
17-07-2024 08:12:04.10    0.06   7.527   0.026    0.019   96.7  11.57  14.000    9.55537    2.36    1.27    3.70
17-07-2024 08:12:04.35   -0.25   7.531   0.026    0.019   96.7  11.57  14.000    9.49393    2.16    2.70    2.72
17-07-2024 08:12:04.59    0.30   7.537   0.026    0.019   96.8  11.57  14.000    9.40215    2.03    2.71    2.76
17-07-2024 08:12:04.84   -0.23   7.540   0.027    0.020   96.8  11.57  14.000    8.43626    2.75    2.09    3.65
17-07-2024 08:12:05.08    0.10   7.542   0.026    0.019   96.7  11.56  14.000    8.21199    2.40    2.92    2.81
17-07-2024 08:12:05.32    0.31   7.545   0.026    0.019   96.7  11.56  14.000    8.16832    2.40    2.92    2.81
17-07-2024 08:12:05.57   -0.22   7.548   0.026    0.019   96.6  11.55  14.000    7.98328    2.17    2.27    2.80
17-07-2024 08:12:05.82    0.03   7.549   0.026    0.019   96.6  11.55  14.000    7.84783    2.75    2.40    3.57
17-07-2024 08:12:06.06   -0.28   7.547   0.027    0.020   96.6  11.55  14.000    7.75383    2.35    2.14    3.27
17-07-2024 08:12:06.31   -0.03   7.543   0.026    0.020   96.7  11.56  14.000    7.59322    2.07    2.61    2.82
17-07-2024 08:12:06.55    0.21   7.539   0.026    0.019   96.7  11.56  14.000    7.67760    2.44    1.65    3.50
17-07-2024 08:12:06.80   -0.03   7.535   0.026    0.019   96.8  11.57  14.000    8.43922    2.44    2.09    3.50
17-07-2024 08:12:07.05   -0.19   7.530   0.027    0.020   96.8  11.58  14.000    9.39179    2.44    2.09    3.50
17-07-2024 08:12:07.29    0.30   7.525   0.026    0.019   96.8  11.58  14.000    9.36367    1.96    2.93    3.09
17-07-2024 08:12:07.54   -0.13   7.520   0.027    0.020   96.9  11.59  14.000    7.90335    2.28    2.19    3.05
17-07-2024 08:12:07.79    0.34   7.516   0.026    0.019   96.8  11.58  14.000    7.62135    2.77    1.74    3.68
17-07-2024 08:12:08.03   -0.03   7.511   0.026    0.019   96.8  11.58  14.000    6.84197    2.09    2.46    3.13
17-07-2024 08:12:08.28   -0.26   7.507   0.026    0.019   96.8  11.58  14.000    6.10033    2.20    2.75    2.86
17-07-2024 08:12:08.52   -0.10   7.503   0.026    0.019   96.6  11.56  14.000    5.64736    2.92    2.24    3.29
17-07-2024 08:12:08.77    0.25   7.501   0.026    0.019   96.2  11.51  14.000    5.28321    2.92    2.24    3.29
17-07-2024 08:12:09.01    0.36   7.500   0.026    0.019   96.5  11.55  14.000    5.86793    2.36    2.79    4.22
17-07-2024 08:12:09.26    0.25   7.497   0.027    0.020   97.0  11.61  14.000    5.18699    0.98    3.32    2.41
17-07-2024 08:12:09.50    0.28   7.494   0.027    0.020   97.9  11.71  14.000    5.67993    2.96    1.27    3.42
17-07-2024 08:12:09.75    0.20   7.497   0.027    0.020   98.1  11.74  14.000    6.07887    2.78    1.68    5.03
17-07-2024 08:12:09.99    0.24   7.498   0.028    0.020   97.9  11.71  14.000    6.07073    2.78    2.88    0.89
17-07-2024 08:12:10.24    0.20   7.502   0.028    0.021   97.7  11.69  14.000    7.33121    4.35    1.53    1.93
17-07-2024 08:12:10.48    0.27   7.506   0.029    0.021   96.7  11.57  14.000    7.62801    4.35    1.53    1.93
17-07-2024 08:12:10.73   -0.18   7.510   0.030    0.022   96.6  11.55  14.000    7.58138    1.96    1.53    5.45
17-07-2024 08:12:10.98    0.24   7.511   0.029    0.021   96.6  11.56  14.000    7.68352    0.45    6.95    5.45
17-07-2024 08:12:11.23    0.15   7.515   0.030    0.022   96.7  11.57  14.000    7.78270    1.71    0.92    0.68
17-07-2024 08:12:11.47    0.28   7.515   0.029    0.021   96.7  11.57  14.000    7.74051    6.29    0.36    5.16
17-07-2024 08:12:11.72    0.20   7.515   0.029    0.021   97.1  11.62  14.000    7.66946    2.34    0.36    4.24
17-07-2024 08:12:11.97    0.07   7.514   0.029    0.021   96.9  11.59  14.000    7.66132    2.34    5.74    1.84
17-07-2024 08:12:12.21   -0.21   7.521   0.030    0.022   96.8  11.58  14.000    7.65465    2.34    5.74    1.84
17-07-2024 08:12:12.46   -0.18   7.527   0.029    0.021   96.8  11.58  14.000    7.59840    2.99    0.31    3.84
17-07-2024 08:12:12.70    0.23   7.533   0.028    0.021   96.8  11.57  14.000    7.59100    2.50    0.31    4.86
17-07-2024 08:12:12.95    0.30   7.537   0.029    0.021   96.8  11.57  14.000    7.63615    2.50    3.90    2.48
17-07-2024 08:12:13.19   -0.10   7.538   0.028    0.021   96.8  11.58  14.000    7.69314    2.83    2.10    0.66
17-07-2024 08:12:13.44   -0.29   7.543   0.028    0.021   96.8  11.57  14.000    7.58508    4.51    2.10    5.21
17-07-2024 08:12:13.68   -0.07   7.552   0.027    0.020   96.7  11.56  14.000    7.61247    1.13    2.09    4.65
17-07-2024 08:12:13.92    0.35   7.567   0.026    0.019   96.6  11.54  14.000    7.35267    1.13    2.09    4.65
17-07-2024 08:12:14.17   -0.27   7.568   0.026    0.020   96.6  11.54  14.000    6.71688    0.23    3.40    6.92
17-07-2024 08:12:14.42   -0.30   7.573   0.026    0.019   96.6  11.54  14.000    7.15875    1.63    2.03    2.73
17-07-2024 08:12:14.67    0.00   7.576   0.025    0.018   96.7  11.55  14.000    7.56954    2.25    0.91    4.06
17-07-2024 08:12:14.92    0.30   7.573   0.024    0.018   96.6  11.55  14.000    7.83229    1.18    3.03    2.61
17-07-2024 08:12:15.16   -0.27   7.569   0.025    0.018   96.6  11.55  14.000    8.01067    1.57    4.14    2.34
17-07-2024 08:12:15.41    0.33   7.568   0.023    0.018   96.6  11.55  14.000    8.07062    2.84    0.98    3.83
17-07-2024 08:12:15.65   -0.27   7.574   0.024    0.018   96.6  11.54  14.000    8.10541    2.84    0.98    3.83
17-07-2024 08:12:15.90   -0.11   7.584   0.024    0.018   96.6  11.54  14.000    8.14612    2.55    0.78    4.02
17-07-2024 08:12:16.14    0.33   7.590   0.023    0.017   96.6  11.54  14.000    8.15648    0.99    3.55    2.93
17-07-2024 08:12:16.39    0.11   7.596   0.023    0.017   96.6  11.53  14.000    8.21051    1.33    3.01    2.25
17-07-2024 08:12:16.63   -0.29   7.604   0.023    0.017   96.6  11.53  14.000    8.26010    3.09    1.82    3.77
17-07-2024 08:12:16.88   -0.24   7.610   0.023    0.017   96.6  11.53  14.000    8.26084    1.85    0.89    4.54
17-07-2024 08:12:17.12    0.17   7.617   0.023    0.017   96.6  11.53  14.000    8.15204    1.85    0.89    4.54
17-07-2024 08:12:17.37    0.33   7.618   0.022    0.017   96.6  11.52  14.000    8.39111    1.26    3.10    2.20
17-07-2024 08:12:17.61    0.10   7.616   0.023    0.017   96.5  11.52  14.000    8.23567    1.62    3.41    2.44
17-07-2024 08:12:17.86    0.10   7.615   0.023    0.017   96.4  11.51  14.000    7.74125    4.39    0.92    3.48
17-07-2024 08:12:18.11   -0.22   7.610   0.023    0.017   96.5  11.51  14.000    7.55547    2.03    1.55    3.13
17-07-2024 08:12:18.35   -0.29   7.605   0.023    0.018   96.4  11.51  14.000    7.43039    1.48    2.13    7.28
17-07-2024 08:12:18.60    0.18   7.611   0.024    0.018   96.5  11.52  14.000    7.38672    1.48    4.08    1.99
17-07-2024 08:12:18.85    0.34   7.621   0.024    0.018   96.5  11.51  14.000    7.39486    3.06    4.08    5.44
17-07-2024 08:12:19.09    0.12   7.624   0.024    0.018   96.6  11.52  14.000    7.39560    3.06    4.08    5.44
17-07-2024 08:12:19.34    0.02   7.628   0.024    0.018   96.7  11.54  14.000    7.30456    2.28    4.08    4.79
17-07-2024 08:12:19.58   -0.21   7.626   0.024    0.018   96.5  11.51  14.000    7.24831    2.28    5.30    1.83
17-07-2024 08:12:19.83    0.21   7.622   0.023    0.017   96.5  11.51  14.000    7.15653    3.60    0.73    2.48
17-07-2024 08:12:20.07    0.29   7.621   0.023    0.017   96.5  11.52  14.000    7.19872    2.64    0.79    4.99
17-07-2024 08:12:20.32   -0.04   7.642   0.023    0.017   96.5  11.51  14.000    7.24683    0.18    2.94    3.36
17-07-2024 08:12:20.56   -0.17   7.654   0.023    0.017   96.5  11.51  14.000    7.23573    0.18    2.94    3.36
17-07-2024 08:12:20.81   -0.32   7.658   0.023    0.017   96.4  11.50  14.000    7.20390    1.66    3.38    2.07
17-07-2024 08:12:21.06    0.07   7.659   0.023    0.017   96.5  11.50  14.000    7.16911    3.10    0.08    5.32
17-07-2024 08:12:21.30    0.37   7.657   0.023    0.017   96.5  11.50  14.000    7.14913    2.11    1.24    3.87
17-07-2024 08:12:21.55   -0.15   7.654   0.022    0.017   96.5  11.50  14.000    7.17504    1.14    3.41    2.09
17-07-2024 08:12:21.80   -0.16   7.653   0.022    0.017   96.5  11.50  14.000    7.16689    2.64    1.38    3.46
17-07-2024 08:12:22.04   -0.24   7.660   0.022    0.017   96.5  11.51  14.000    7.12174    3.94    2.06    3.44
17-07-2024 08:12:22.29   -0.08   7.674   0.022    0.017   96.5  11.51   0.000    7.12545    3.94    2.06    3.44
17-07-2024 08:12:22.54    0.33   7.682   0.022    0.017   96.5  11.50   0.000    7.12323    1.43    2.45    3.41
17-07-2024 08:12:22.78    0.05   7.684   0.022    0.017   96.4  11.49   0.000    6.92560    2.25    2.40    2.44
17-07-2024 08:12:23.03   -0.27   7.680   0.022    0.016   96.5  11.50   0.000    6.66729    1.20    2.40    2.44
17-07-2024 08:12:23.27   -0.11   7.678   0.022    0.016   96.5  11.50   0.000    7.55992    1.71    3.06    2.29
17-07-2024 08:12:23.52    0.17   7.676   0.021    0.016   96.6  11.51   0.000    7.01294    2.68    1.45    3.66
17-07-2024 08:12:23.76   -0.25   7.683   0.020    0.015   96.7  11.52   0.000    6.12698    2.11    1.86    3.33
17-07-2024 08:12:24.01    0.36   7.688   0.020    0.015   96.7  11.52  14.000    4.09008    2.11    1.86    3.33
17-07-2024 08:12:24.25   -0.27   7.690   0.020    0.015   96.7  11.52  14.000    4.28770    1.82    2.46    3.33
17-07-2024 08:12:24.50    0.26   7.689   0.019    0.015   96.8  11.53  14.000    3.59122    1.92    2.38    3.09
17-07-2024 08:12:24.74   -0.30   7.690   0.019    0.015   96.6  11.50  14.000    2.74819    1.89    1.90    3.00
17-07-2024 08:12:24.99    0.32   7.688   0.019    0.014   96.6  11.51  14.000    2.36627    1.77    2.72    2.76
17-07-2024 08:12:25.23   -0.25   7.678   0.018    0.014   96.8  11.54  14.000    3.14787    2.30    2.45    2.89
17-07-2024 08:12:25.48    0.34   7.674   0.018    0.014   96.7  11.52  14.000    2.85625    1.59    1.00    2.72
17-07-2024 08:12:25.73   -0.20   7.668   0.017    0.013   97.1  11.57  14.000    2.72746    1.59    1.00    2.72
17-07-2024 08:12:25.98   -0.05   7.667   0.018    0.014   97.2  11.59  14.000    3.05017    2.36    2.19    3.06
17-07-2024 08:12:26.22   -0.02   7.663   0.023    0.017   97.2  11.59  14.000    3.11678    2.00    1.95    2.58
17-07-2024 08:12:26.47   -0.22   7.642   0.023    0.017   97.3  11.60  14.000    3.26703    2.18    2.61    3.32
17-07-2024 08:12:26.72   -0.29   7.627   0.023    0.017   97.3  11.61  14.000    6.68950    1.93    2.13    2.98
17-07-2024 08:12:26.96   -0.11   7.618   0.022    0.017   97.3  11.62  14.000    6.56515    1.79    2.76    3.04
17-07-2024 08:12:27.21    0.28   7.611   0.023    0.017   97.4  11.62  14.000    4.59783    2.38    2.17    3.18
17-07-2024 08:12:27.45    0.27   7.605   0.023    0.017   97.4  11.63  14.000    4.19000    2.38    2.17    3.18
17-07-2024 08:12:27.70   -0.06   7.600   0.023    0.017   97.4  11.63  14.000    4.67924    1.86    1.94    3.26
17-07-2024 08:12:27.94   -0.24   7.594   0.024    0.018   97.5  11.64  14.000    4.84134    2.09    2.62    2.68
17-07-2024 08:12:28.19   -0.21   7.588   0.025    0.019   97.5  11.64  14.000    4.76954    2.07    2.08    3.20
17-07-2024 08:12:28.43    0.25   7.584   0.025    0.019   97.5  11.64  14.000    4.86206    1.87    2.20    2.77
17-07-2024 08:12:28.68    0.35   7.584   0.026    0.019   97.5  11.64  14.000    4.81987    2.25    2.31    2.85
17-07-2024 08:12:28.92    0.29   7.583   0.025    0.019   97.5  11.65  14.000    4.77546    2.02    2.32    3.15
17-07-2024 08:12:29.17    0.30   7.585   0.025    0.019   97.5  11.65  14.000    4.69405    2.02    2.32    3.15
17-07-2024 08:12:29.42    0.16   7.583   0.025    0.019   97.5  11.65  14.000    4.64742    2.22    1.98    3.06
17-07-2024 08:12:29.67    0.24   7.581   0.025    0.019   97.6  11.65  14.000    4.91461    1.97    2.33    3.00
17-07-2024 08:12:29.91   -0.02   7.580   0.025    0.019   97.5  11.64  14.000    4.91683    2.03    1.78    3.05
17-07-2024 08:12:30.16   -0.25   7.579   0.025    0.019   97.7  11.68  14.000    5.68363    2.32    2.17    3.28
17-07-2024 08:12:30.40    0.31   7.579   0.025    0.019   97.5  11.64  14.000    4.77990    1.92    2.22    2.74
17-07-2024 08:12:30.65   -0.02   7.581   0.025    0.018   97.8  11.68  14.000    5.22473    2.00    2.54    3.05
17-07-2024 08:12:30.89   -0.24   7.581   0.025    0.019   97.7  11.67  14.000    6.89082    2.00    2.54    3.05
17-07-2024 08:12:31.14    0.27   7.580   0.025    0.019   97.7  11.67  14.000    6.89748    2.12    2.25    3.17
17-07-2024 08:12:31.38   -0.28   7.579   0.025    0.019   97.7  11.67  14.000    6.63546    1.79    2.03    3.33
17-07-2024 08:12:31.63    0.29   7.576   0.026    0.019   97.8  11.69  14.000    4.94866    1.72    2.40    2.88
17-07-2024 08:12:31.87    0.06   7.573   0.025    0.018   97.8  11.68  14.000    4.81913    2.02    1.85    3.21
17-07-2024 08:12:32.13   -0.28   7.570   0.025    0.019   97.8  11.69  14.000    4.85170    1.89    2.64    3.18
17-07-2024 08:12:32.36   -0.27   7.571   0.025    0.019   97.8  11.68  14.000    4.76362    1.71    2.41    2.50
17-07-2024 08:12:32.61    0.04   7.573   0.026    0.019   97.8  11.69  14.000    4.80729    1.71    2.41    2.50
17-07-2024 08:12:32.86   -0.14   7.575   0.025    0.018   97.8  11.68  14.000    4.83171    1.86    2.08    3.07
17-07-2024 08:12:33.11   -0.27   7.574   0.025    0.019   97.8  11.68  14.000    4.76658    2.19    1.79    3.24
17-07-2024 08:12:33.36    0.35   7.571   0.026    0.019   97.8  11.69  14.000    4.58746    2.00    2.27    2.83
17-07-2024 08:12:33.60    0.30   7.569   0.026    0.019   97.8  11.69  14.000    4.32323    2.14    2.33    2.92
17-07-2024 08:12:33.84    0.16   7.566   0.025    0.019   97.8  11.68  14.000    4.22331    2.13    1.96    3.11
17-07-2024 08:12:34.09    0.29   7.563   0.025    0.019   97.8  11.69  14.000    4.30473    2.04    2.42    3.14
17-07-2024 08:12:34.33    0.22   7.559   0.025    0.018   97.8  11.69  14.000    4.32545    2.04    2.42    3.14
17-07-2024 08:12:34.58    0.23   7.556   0.024    0.018   97.8  11.69  14.000    4.26550    2.19    1.88    2.73
17-07-2024 08:12:34.83    0.30   7.552   0.025    0.018   97.8  11.69  14.000    4.29362    2.24    1.63    3.06
17-07-2024 08:12:35.07    0.27   7.549   0.024    0.018   97.8  11.70  14.000    4.22331    2.06    2.47    3.17
17-07-2024 08:12:35.32   -0.03   7.547   0.024    0.018   97.8  11.70  14.000    4.39872    2.10    2.07    2.86
17-07-2024 08:12:35.56    0.08   7.544   0.024    0.018   97.9  11.70  14.000    4.33507    2.28    2.15    2.77
17-07-2024 08:12:35.81    0.25   7.541   0.024    0.018   97.9  11.70  14.000    4.30547    2.03    1.93    3.32
17-07-2024 08:12:36.05    0.17   7.540   0.024    0.018   97.9  11.70  14.000    4.42833    2.03    1.93    3.32
17-07-2024 08:12:36.30    0.30   7.538   0.025    0.019   97.9  11.70  14.000    4.42241    2.12    2.35    3.01
17-07-2024 08:12:36.55    0.21   7.535   0.025    0.018   97.9  11.71  14.000    4.34839    2.18    2.47    2.97
17-07-2024 08:12:36.79    0.33   7.533   0.026    0.019   97.9  11.71  14.000    4.37060    2.18    1.81    3.68
17-07-2024 08:12:37.04    0.31   7.531   0.026    0.019   97.9  11.71  14.000    4.50531    2.00    2.54    3.11
17-07-2024 08:12:37.29    0.01   7.528   0.026    0.019   98.0  11.72  14.000    4.18112    2.15    2.76    3.30
17-07-2024 08:12:37.53   -0.18   7.524   0.025    0.019   98.0  11.72  14.000    3.80808    2.19    1.75    3.21
17-07-2024 08:12:37.78    0.31   7.522   0.026    0.019   98.0  11.72  14.000    3.78144    2.19    1.75    3.21
17-07-2024 08:12:38.03   -0.16   7.521   0.026    0.019   98.0  11.72  14.000    4.01681    2.11    2.05    3.10
17-07-2024 08:12:38.27    0.04   7.521   0.025    0.019   98.0  11.72  14.000    4.20777    1.91    2.20    3.11
17-07-2024 08:12:38.52    0.29   7.520   0.026    0.019   98.0  11.73  14.000    4.19370    1.89    2.23    2.63
17-07-2024 08:12:38.76   -0.22   7.517   0.025    0.019   98.0  11.73  14.000    4.17076    2.13    2.23    3.08
17-07-2024 08:12:39.01    0.18   7.515   0.026    0.019   98.0  11.73  14.000    5.77023    1.69    1.89    2.78
17-07-2024 08:12:39.25    0.10   7.513   0.025    0.018   98.0  11.73  14.000    6.48225    2.12    2.40    2.99
17-07-2024 08:12:39.49   -0.29   7.511   0.025    0.019   98.0  11.73  14.000    6.58291    2.12    2.40    2.99
17-07-2024 08:12:39.74   -0.04   7.507   0.026    0.019   98.1  11.74  14.000    5.20179    2.09    2.13    3.07
17-07-2024 08:12:39.99    0.22   7.504   0.025    0.019   98.1  11.74  14.000    3.92355    2.16    1.74    3.21
17-07-2024 08:12:40.24   -0.04   7.502   0.024    0.018   98.1  11.74  14.000    3.83251    2.14    2.58    3.30
17-07-2024 08:12:40.48   -0.19   7.499   0.025    0.018   98.1  11.74  14.000    5.42014    2.12    2.17    2.91
17-07-2024 08:12:40.73   -0.26   7.497   0.025    0.019   98.1  11.74  14.000    6.22468    1.93    2.62    3.18
17-07-2024 08:12:40.98   -0.16   7.495   0.024    0.018   98.1  11.74  14.000    6.42674    2.25    2.11    3.35
17-07-2024 08:12:41.22   -0.13   7.493   0.024    0.018   98.1  11.74  14.000    5.84276    2.25    2.11    3.35
17-07-2024 08:12:41.46   -0.26   7.494   0.025    0.018   98.1  11.74  14.000    5.92566    1.97    1.54    3.01
17-07-2024 08:12:41.71   -0.25   7.494   0.024    0.018   98.2  11.75   0.000    6.06777    1.73    2.75    2.97
17-07-2024 08:12:41.95   -0.28   7.496   0.024    0.018   98.0  11.73   0.000    6.22764    1.86    2.39    3.07
17-07-2024 08:12:42.20   -0.30   7.498   0.024    0.018   98.1  11.74   0.000    6.21358    2.31    1.64    3.35
17-07-2024 08:12:42.44   -0.19   7.500   0.024    0.018   98.0  11.73  14.000    6.28241    1.66    1.76    2.87
17-07-2024 08:12:42.69   -0.01   7.500   0.023    0.017   98.0  11.72  14.000    6.97964    1.89    2.67    3.16
17-07-2024 08:12:42.93   -0.07   7.499   0.024    0.018   97.9  11.72  14.000    7.22389    1.89    2.67    3.16
17-07-2024 08:12:43.19    0.14   7.499   0.024    0.018   97.9  11.72  14.000    7.22241    2.07    2.24    3.08
17-07-2024 08:12:43.42    0.28   7.498   0.024    0.018   97.9  11.72  14.000    7.35933    2.15    2.13    3.15
17-07-2024 08:12:43.67    0.32   7.496   0.025    0.018   98.0  11.72  14.000    7.66206    1.90    2.40    2.77
17-07-2024 08:12:43.92    0.15   7.496   0.024    0.018   98.0  11.73  14.000    7.74421    1.74    2.15    2.74
17-07-2024 08:12:44.17    0.23   7.495   0.026    0.019   98.0  11.73  14.000    7.91371    2.30    1.76    3.15
17-07-2024 08:12:44.42    0.03   7.494   0.025    0.019   97.9  11.72  14.000    7.64577    1.90    2.11    3.05
17-07-2024 08:12:44.66   -0.19   7.493   0.025    0.018   98.0  11.73  14.000    7.70869    1.90    2.11    3.05
17-07-2024 08:12:44.91   -0.12   7.493   0.024    0.018   98.0  11.73  14.000    8.04990    1.90    2.35    3.01
17-07-2024 08:12:45.15    0.30   7.492   0.024    0.018   98.0  11.73  14.000    8.13797    2.20    1.63    3.34
17-07-2024 08:12:45.40   -0.01   7.492   0.023    0.018   98.0  11.73  14.000    8.27120    1.86    2.56    3.21
17-07-2024 08:12:45.64    0.03   7.496   0.025    0.018   98.0  11.73  14.000    8.50287    2.07    2.44    2.83
17-07-2024 08:12:45.89    0.32   7.498   0.024    0.018   98.0  11.73  14.000    9.11275    2.20    2.05    3.16
17-07-2024 08:12:46.13   -0.25   7.501   0.024    0.018   97.9  11.72  14.000   10.25037    2.10    2.03    3.16
17-07-2024 08:12:46.38    0.30   7.507   0.023    0.017   97.9  11.72  14.000   10.25777    2.10    2.03    3.16
17-07-2024 08:12:46.62   -0.18   7.510   0.024    0.018   97.9  11.72  14.000   10.32290    2.02    2.34    2.91
17-07-2024 08:12:46.87   -0.01   7.510   0.023    0.017   97.9  11.72  14.000   10.41838    1.91    2.40    3.05
17-07-2024 08:12:47.11    0.09   7.509   0.024    0.018   97.9  11.72  14.000   10.54717    2.24    1.98    3.61
17-07-2024 08:12:47.36   -0.17   7.508   0.023    0.017   97.9  11.72  14.000   10.50424    1.79    1.94    3.21
17-07-2024 08:12:47.61    0.14   7.507   0.022    0.017   97.9  11.72  14.000   10.53015    2.06    2.40    2.89
17-07-2024 08:12:47.86   -0.27   7.506   0.024    0.018   97.9  11.72  14.000   10.33845    2.16    1.73    3.68
17-07-2024 08:12:48.10    0.05   7.503   0.023    0.017   97.9  11.72  14.000   10.09050    2.16    1.73    3.68
17-07-2024 08:12:48.35   -0.18   7.503   0.024    0.018   98.0  11.72  14.000    9.91212    1.66    2.79    2.82
17-07-2024 08:12:48.60    0.31   7.500   0.023    0.017   98.0  11.73  14.000   10.01648    2.10    2.56    2.44
17-07-2024 08:12:48.84   -0.27   7.500   0.023    0.018   98.0  11.73  14.000   10.44059    2.27    1.90    3.89
17-07-2024 08:12:49.09    0.35   7.498   0.023    0.017   98.0  11.73  14.000   10.56863    2.20    2.24    3.06
17-07-2024 08:12:49.33    0.12   7.497   0.023    0.017   98.0  11.73  14.000   10.71370    1.57    2.92    2.68
17-07-2024 08:12:49.58   -0.24   7.496   0.023    0.017   97.9  11.72  14.000   10.96017    2.25    2.19    3.30
17-07-2024 08:12:49.82   -0.15   7.495   0.024    0.018   97.9  11.72  14.000   11.34135    2.25    2.19    3.30
17-07-2024 08:12:50.07    0.34   7.493   0.023    0.017   98.0  11.73  14.000   11.40945    1.96    1.87    3.16
17-07-2024 08:12:50.31    0.24   7.490   0.023    0.017   98.0  11.73  14.000   11.48198    1.41    2.31    2.51
17-07-2024 08:12:50.56    0.08   7.488   0.022    0.017   98.0  11.73  14.000   11.53601    2.00    1.56    3.21
17-07-2024 08:12:50.80   -0.23   7.487   0.023    0.017   98.0  11.73  14.000   11.39908    2.30    2.18    3.32
17-07-2024 08:12:51.05   -0.27   7.487   0.024    0.018   98.0  11.73  14.000   11.40131    1.57    2.99    2.90
17-07-2024 08:12:51.30    0.02   7.487   0.024    0.018   98.0  11.73  14.000   11.49308    1.99    2.13    2.94
17-07-2024 08:12:51.54    0.29   7.487   0.023    0.017   98.0  11.73  14.000   11.41241    1.99    2.13    2.94
17-07-2024 08:12:51.79    0.35   7.485   0.023    0.017   98.0  11.73  14.000   11.48716    2.25    1.85    3.36
17-07-2024 08:12:52.04    0.22   7.483   0.023    0.017   98.0  11.73  14.000   11.54712    1.95    2.30    2.62
17-07-2024 08:12:52.28   -0.04   7.481   0.024    0.018   98.0  11.73  14.000   11.42129    1.98    2.59    3.27
17-07-2024 08:12:52.53   -0.24   7.479   0.024    0.018   98.0  11.73  14.000   11.41685    2.23    1.64    3.19
17-07-2024 08:12:52.77   -0.23   7.476   0.023    0.017   98.0  11.74  14.000   11.48050    1.74    2.52    3.14
17-07-2024 08:12:53.02    0.06   7.475   0.022    0.017   98.0  11.74  14.000   11.55230    2.00    2.17    2.51
17-07-2024 08:12:53.26    0.31   7.474   0.023    0.017   98.0  11.74  14.000   11.41389    2.00    2.17    2.51
17-07-2024 08:12:53.51   -0.20   7.473   0.024    0.018   98.1  11.74  14.000   11.42277    2.30    2.38    3.45
17-07-2024 08:12:53.75   -0.13   7.472   0.023    0.017   98.0  11.74  14.000   11.46644    1.88    2.35    3.20
17-07-2024 08:12:54.00    0.29   7.471   0.022    0.017   98.1  11.74  14.000   11.55674    1.69    2.23    3.13
17-07-2024 08:12:54.25   -0.26   7.471   0.023    0.018   98.0  11.74  14.000   11.42499    2.41    2.31    2.93
17-07-2024 08:12:54.49    0.26   7.470   0.022    0.017   98.1  11.75  14.000   11.41907    1.79    1.67    3.57
17-07-2024 08:12:54.73    0.06   7.469   0.023    0.017   98.1  11.75  14.000   11.45164    1.79    1.67    3.57
17-07-2024 08:12:54.99   -0.23   7.469   0.023    0.017   98.1  11.75  14.000   11.41019    1.96    2.14    2.85
17-07-2024 08:12:55.23   -0.24   7.468   0.023    0.017   98.1  11.75  14.000   11.40723    2.10    1.86    3.35
17-07-2024 08:12:55.48    0.05   7.468   0.022    0.017   98.1  11.75  14.000   11.52047    2.08    1.77    3.49
17-07-2024 08:12:55.73   -0.09   7.467   0.023    0.017   98.1  11.75  14.000   11.39760    1.82    2.57    3.00
17-07-2024 08:12:55.97   -0.02   7.466   0.022    0.016   98.1  11.75  14.000   11.41685    2.01    3.06    2.80
17-07-2024 08:12:56.22   -0.01   7.465   0.023    0.017   98.1  11.75  14.000   11.52417    1.91    2.38    3.47
17-07-2024 08:12:56.46    0.28   7.464   0.022    0.017   98.1  11.75  14.000   11.52713    1.85    2.15    2.92
17-07-2024 08:12:56.71    0.17   7.462   0.022    0.017   98.1  11.75  14.000   11.40353    1.85    2.15    2.92
17-07-2024 08:12:56.95   -0.19   7.461   0.023    0.017   98.1  11.75  14.000   11.41167    2.01    2.48    2.69
17-07-2024 08:12:57.20    0.33   7.461   0.022    0.017   98.1  11.75  14.000   11.50789    2.46    1.65    3.29
17-07-2024 08:12:57.44   -0.12   7.461   0.022    0.017   98.1  11.75  14.000   11.53971    1.92    1.75    3.28
17-07-2024 08:12:57.69   -0.11   7.463   0.023    0.017   98.1  11.75  14.000   11.40353    1.64    2.73    2.94
17-07-2024 08:12:57.93    0.33   7.462   0.022    0.017   98.1  11.75  14.000   11.41759    2.41    1.97    3.15
17-07-2024 08:12:58.18    0.28   7.462   0.022    0.016   98.1  11.75  14.000   11.48124    2.41    1.97    3.15
17-07-2024 08:12:58.42    0.16   7.465   0.022    0.016   98.1  11.75  14.000   11.57006    2.46    2.07    3.20
17-07-2024 08:12:58.67   -0.31   7.468   0.023    0.017   98.1  11.75  14.000   11.42721    2.07    2.36    3.13
17-07-2024 08:12:58.92   -0.28   7.471   0.023    0.017   98.1  11.75  14.000   11.53749    1.80    2.55    2.79
17-07-2024 08:12:59.17   -0.16   7.475   0.023    0.017   98.1  11.74  14.000   11.41093    2.06    1.80    3.21
17-07-2024 08:12:59.41   -0.31   7.477   0.023    0.017   98.1  11.74  14.000   11.42277    1.82    2.70    3.22
17-07-2024 08:12:59.66   -0.13   7.477   0.022    0.017   98.1  11.75  14.000   11.52491    2.01    2.62    2.63
17-07-2024 08:12:59.91    0.05   7.479   0.022    0.016   98.1  11.74  14.000   11.48050    2.12    1.96    3.10
17-07-2024 08:13:00.15    0.24   7.483   0.021    0.016   98.1  11.74  14.000   11.42055    2.12    1.96    3.10
17-07-2024 08:13:00.39    0.31   7.484   0.022    0.016   98.1  11.74  14.000   11.43461    2.18    2.15    3.43
17-07-2024 08:13:00.64    0.26   7.483   0.021    0.016   98.1  11.74  14.000   11.53527    1.92    2.57    2.84
17-07-2024 08:13:00.88    0.26   7.485   0.022    0.016   98.1  11.74  14.000   11.48124    2.14    2.07    3.10
17-07-2024 08:13:01.13    0.34   7.485   0.022    0.016   98.1  11.74  14.000   11.40575    1.81    1.82    3.40
17-07-2024 08:13:01.37   -0.02   7.485   0.022    0.017   98.1  11.74  14.000   11.42203    1.72    2.63    3.23
17-07-2024 08:13:01.62   -0.29   7.485   0.022    0.017   98.0  11.74  14.000   11.53527    1.72    2.63    3.23
17-07-2024 08:13:01.86   -0.08   7.484   0.022    0.017   98.0  11.74  14.000   11.45386    2.15    2.39    2.68
17-07-2024 08:13:02.11    0.27   7.485   0.022    0.016   98.1  11.74  14.000   11.41463    2.63    1.60    3.31
17-07-2024 08:13:02.36    0.29   7.488   0.022    0.016   98.1  11.74  14.000   11.56488    2.02    2.69    3.05
17-07-2024 08:13:02.61   -0.29   7.487   0.023    0.017   98.1  11.74  14.000   11.41685    1.65    1.96    2.66
17-07-2024 08:13:02.85    0.29   7.485   0.021    0.016   98.1  11.75  14.000   11.43905    2.17    2.08    3.34
17-07-2024 08:13:03.10   -0.26   7.483   0.022    0.017   98.1  11.75  14.000   11.51973    2.36    2.13    3.26
17-07-2024 08:13:03.34    0.18   7.481   0.022    0.016   98.1  11.75  14.000   11.39020    2.36    2.13    3.26
17-07-2024 08:13:03.59    0.02   7.480   0.022    0.017   98.1  11.75  14.000   11.02161    1.95    2.04    2.91
17-07-2024 08:13:03.84    0.10   7.480   0.021    0.016   98.1  11.75  14.000   10.60194    2.10    1.87    2.47
17-07-2024 08:13:04.08   -0.24   7.480   0.022    0.017   98.1  11.75  14.000   10.46501    2.24    1.68    3.22
17-07-2024 08:13:04.33    0.35   7.480   0.021    0.016   98.1  11.75  14.000    9.98613    1.80    2.26    3.16
17-07-2024 08:13:04.57   -0.31   7.480   0.022    0.017   98.1  11.75  14.000    9.58275    1.70    2.54    2.49
17-07-2024 08:13:04.82    0.20   7.479   0.022    0.016   98.1  11.75  14.000    9.09869    2.31    1.96    3.05
17-07-2024 08:13:05.07    0.12   7.478   0.021    0.016   98.2  11.75  14.000    8.86998    2.31    1.96    3.05
17-07-2024 08:13:05.31   -0.25   7.477   0.022    0.017   98.2  11.75  14.000    8.16758    1.95    1.68    3.46
17-07-2024 08:13:05.55    0.30   7.476   0.021    0.016   98.2  11.76  14.000    6.95817    2.28    2.35    2.89
17-07-2024 08:13:05.80    0.24   7.474   0.021    0.016   98.2  11.76  14.000    7.00702    1.59    2.80    3.05
17-07-2024 08:13:06.05   -0.29   7.474   0.022    0.017   98.2  11.76  14.000    6.65175    1.85    2.35    2.76
17-07-2024 08:13:06.29   -0.27   7.475   0.022    0.016   98.2  11.76  14.000    6.61104    2.41    2.11    3.29
17-07-2024 08:13:06.54   -0.06   7.473   0.022    0.016   98.2  11.76  14.000    6.59180    2.03    2.18    3.31
17-07-2024 08:13:06.79    0.14   7.473   0.022    0.016   98.2  11.76  14.000    6.56515    2.03    2.18    3.31
17-07-2024 08:13:07.03    0.35   7.472   0.022    0.016   98.1  11.75  14.000    6.61400    1.67    2.45    3.15
17-07-2024 08:13:07.28   -0.09   7.471   0.022    0.016   98.2  11.76  14.000    6.60512    2.42    2.66    2.96
17-07-2024 08:13:07.52   -0.28   7.470   0.022    0.017   98.2  11.76  14.000    6.55775    1.88    2.04    3.39
17-07-2024 08:13:07.77   -0.29   7.470   0.022    0.017   98.2  11.76  14.000    6.57699    1.94    2.28    3.05
17-07-2024 08:13:08.01   -0.29   7.469   0.022    0.017   98.2  11.76  14.000    6.65249    1.86    2.40    2.90
17-07-2024 08:13:08.26   -0.27   7.469   0.022    0.016   98.2  11.76  14.000    6.60290    2.31    2.02    3.06
17-07-2024 08:13:08.50   -0.27   7.468   0.022    0.016   98.2  11.76  14.000    6.54813    2.31    2.02    3.06
17-07-2024 08:13:08.75   -0.21   7.468   0.022    0.017   98.2  11.76  14.000    6.55405    1.98    1.66    3.02
17-07-2024 08:13:08.99    0.28   7.467   0.021    0.016   98.2  11.77  14.000    6.60438    1.96    2.26    3.09
17-07-2024 08:13:09.24    0.23   7.467   0.022    0.016   98.2  11.76  14.000    6.54221    1.81    2.56    2.98
17-07-2024 08:13:09.48    0.16   7.466   0.021    0.016   98.2  11.76  14.000    6.53925    2.38    1.87    3.35
17-07-2024 08:13:09.74    0.23   7.464   0.022    0.016   98.2  11.77  14.000    6.59550    1.92    1.92    3.43
17-07-2024 08:13:09.98   -0.22   7.463   0.022    0.016   98.2  11.77  14.000    6.52888    2.00    2.29    2.93
17-07-2024 08:13:10.23   -0.28   7.462   0.022    0.016   98.2  11.76  14.000    6.52814    2.00    2.29    2.93
17-07-2024 08:13:10.47   -0.14   7.461   0.022    0.016   98.2  11.77  14.000    6.59698    2.08    2.21    3.11
17-07-2024 08:13:10.72    0.24   7.461   0.021    0.016   98.2  11.77  14.000    6.54739    1.87    2.30    3.04
17-07-2024 08:13:10.97    0.34   7.461   0.021    0.016   98.3  11.77  14.000    6.54517    1.58    2.54    2.54
17-07-2024 08:13:11.21   -0.23   7.462   0.021    0.016   98.2  11.77  14.000    6.56145    2.57    2.26    3.26
17-07-2024 08:13:11.46    0.20   7.461   0.022    0.016   98.3  11.77  14.000    6.69912    1.90    1.92    3.15
17-07-2024 08:13:11.70   -0.13   7.461   0.021    0.016   98.3  11.77  14.000    6.67765    1.53    2.69    2.77
17-07-2024 08:13:11.94    0.11   7.460   0.022    0.016   98.3  11.77  14.000    6.64139    1.53    2.69    2.77
17-07-2024 08:13:12.19   -0.22   7.460   0.021    0.016   98.2  11.77  14.000    6.57773    2.19    2.33    3.31
17-07-2024 08:13:12.44    0.10   7.459   0.021    0.016   98.2  11.77  14.000    6.64213    1.94    2.02    3.08
17-07-2024 08:13:12.68    0.09   7.459   0.021    0.016   98.2  11.77  14.000    6.54813    1.66    2.64    2.76
17-07-2024 08:13:12.93   -0.17   7.460   0.022    0.016   98.2  11.77  14.000    6.43414    1.80    2.11    2.83
17-07-2024 08:13:13.17   -0.16   7.461   0.021    0.016   98.2  11.77  14.000    6.38085    2.17    2.08    3.64
17-07-2024 08:13:13.42    0.25   7.460   0.021    0.016   98.2  11.77  14.000    6.37641    1.72    2.31    3.11
17-07-2024 08:13:13.67   -0.27   7.459   0.021    0.016   98.2  11.77  14.000    6.27501    1.72    2.31    3.11
17-07-2024 08:13:13.92    0.12   7.459   0.021    0.016   98.2  11.77  14.000    6.30314    1.81    2.91    2.81
17-07-2024 08:13:14.16    0.31   7.456   0.021    0.016   98.3  11.77  14.000    6.13586    2.29    2.23    3.40
17-07-2024 08:13:14.41    0.24   7.455   0.022    0.016   98.3  11.78  14.000    5.90567    1.73    2.22    2.75
17-07-2024 08:13:14.65   -0.21   7.455   0.021    0.016   98.3  11.77  14.000    5.70731    1.57    2.55    3.08
17-07-2024 08:13:14.90   -0.20   7.454   0.021    0.016   98.3  11.78  14.000    5.61183    2.18    1.90    3.18
17-07-2024 08:13:15.14   -0.13   7.454   0.021    0.016   98.3  11.77  14.000    5.47343    2.11    2.09    3.12
17-07-2024 08:13:15.39    0.19   7.454   0.021    0.016   98.3  11.78  14.000    5.51043    2.11    2.09    3.12
17-07-2024 08:13:15.63    0.26   7.453   0.021    0.016   98.3  11.78  14.000    5.82574    2.02    2.87    2.80
17-07-2024 08:13:15.88    0.21   7.452   0.022    0.016   98.3  11.78  14.000    6.32830    2.13    1.96    3.32
17-07-2024 08:13:16.13   -0.14   7.451   0.021    0.016   98.3  11.78  14.000    6.36531    2.26    1.90    3.03
17-07-2024 08:13:16.37   -0.30   7.451   0.021    0.016   98.3  11.78  14.000    6.61474    1.72    2.56    2.89
17-07-2024 08:13:16.61    0.06   7.451   0.021    0.016   98.3  11.78  14.000    6.90340    2.16    2.25    2.90
17-07-2024 08:13:16.86    0.16   7.451   0.021    0.016   98.3  11.78  14.000    6.86713    2.21    1.93    3.40
17-07-2024 08:13:17.11   -0.11   7.451   0.021    0.016   98.3  11.78  14.000    6.71022    2.21    1.93    3.40
17-07-2024 08:13:17.36    0.15   7.451   0.021    0.016   98.3  11.78  14.000    6.60364    1.85    2.35    3.01
17-07-2024 08:13:17.61    0.33   7.451   0.021    0.016   98.3  11.78  14.000    6.69764    2.21    2.51    2.53
17-07-2024 08:13:17.85    0.03   7.450   0.021    0.016   98.3  11.78  14.000    6.77017    1.99    2.16    3.23
17-07-2024 08:13:18.10   -0.20   7.449   0.021    0.016   98.3  11.78  14.000    6.85603    1.68    2.16    2.88
17-07-2024 08:13:18.34    0.35   7.449   0.021    0.016   98.3  11.78  14.000    6.99592    1.75    3.00    2.35
17-07-2024 08:13:18.59   -0.18   7.448   0.021    0.016   98.3  11.78  14.000    6.93523    2.17    1.97    3.16
17-07-2024 08:13:18.83   -0.23   7.447   0.021    0.016   98.3  11.78  14.000    6.95595    2.17    1.97    3.16
17-07-2024 08:13:19.08    0.34   7.446   0.022    0.016   98.3  11.78  14.000    6.99888    1.53    2.40    2.92
17-07-2024 08:13:19.32   -0.30   7.447   0.021    0.016   98.3  11.78  14.000    7.07808    2.02    2.30    2.82
17-07-2024 08:13:19.57    0.35   7.448   0.021    0.016   98.3  11.78  14.000    7.04255    2.09    2.15    2.95
17-07-2024 08:13:19.81   -0.17   7.450   0.021    0.016   98.3  11.78  14.000    7.05439    1.79    2.02    3.55
17-07-2024 08:13:20.06    0.20   7.451   0.021    0.016   98.4  11.79  14.000    7.04033    1.63    2.80    2.88
17-07-2024 08:13:20.30   -0.17   7.450   0.021    0.016   98.3  11.78  14.000    7.10250    1.99    2.11    3.15
17-07-2024 08:13:20.55    0.19   7.451   0.021    0.016   98.4  11.78  14.000    7.03293    1.99    2.11    3.15
17-07-2024 08:13:20.80   -0.07   7.452   0.021    0.016   98.4  11.79  14.000    7.00702    2.24    1.92    3.50
17-07-2024 08:13:21.04    0.34   7.453   0.021    0.016   98.4  11.79  14.000    6.98852    1.62    2.42    2.68
17-07-2024 08:13:21.29   -0.28   7.453   0.021    0.016   98.3  11.78  14.000    6.89600    2.06    2.48    2.87
17-07-2024 08:13:21.54   -0.22   7.454   0.021    0.016   98.4  11.78  14.000    6.71688    1.97    1.96    3.31
17-07-2024 08:13:21.78   -0.06   7.454   0.021    0.016   98.3  11.78  14.000    6.69542    1.80    2.24    3.06
17-07-2024 08:13:22.03    0.33   7.454   0.021    0.016   98.4  11.79  14.000    6.63621    1.99    1.95    2.76
17-07-2024 08:13:22.27    0.17   7.455   0.020    0.015   98.4  11.79  14.000    6.63102    1.99    1.95    2.76
17-07-2024 08:13:22.52    0.33   7.456   0.021    0.016   98.4  11.79  14.000    6.62066    2.25    1.93    3.16
17-07-2024 08:13:22.76    0.25   7.458   0.022    0.016   98.4  11.79  14.000    6.62806    1.92    2.17    3.28
17-07-2024 08:13:23.01   -0.24   7.458   0.021    0.016   98.4  11.79  14.000    6.55701    1.73    2.28    2.90
17-07-2024 08:13:23.25   -0.04   7.458   0.020    0.015   98.4  11.79  14.000    6.58069    2.22    1.95    3.05
17-07-2024 08:13:23.50    0.35   7.460   0.021    0.016   98.4  11.79  14.000    6.55627    2.02    1.79    3.25
17-07-2024 08:13:23.74    0.15   7.462   0.022    0.016   98.4  11.79  14.000    6.60956    1.87    2.73    2.95
17-07-2024 08:13:23.99   -0.29   7.463   0.021    0.016   98.4  11.79  14.000    6.53332    1.87    2.73    2.95
17-07-2024 08:13:24.24    0.11   7.463   0.019    0.015   98.4  11.79  14.000    6.55257    2.29    2.13    2.85
17-07-2024 08:13:24.49    0.25   7.465   0.022    0.017   98.4  11.79  14.000    6.60290    2.30    2.43    2.97
17-07-2024 08:13:24.73   -0.24   7.466   0.021    0.016   98.4  11.79  14.000    6.48817    1.76    2.45    2.77
17-07-2024 08:13:24.98    0.34   7.467   0.020    0.016   98.4  11.79  14.000    6.51630    1.81    1.84    2.93
17-07-2024 08:13:25.23   -0.19   7.468   0.021    0.016   98.4  11.79  14.000    6.59698    2.52    2.35    3.19
17-07-2024 08:13:25.47   -0.14   7.468   0.020    0.015   98.4  11.79  14.000    6.48891    1.82    2.21    2.80
17-07-2024 08:13:25.72    0.32   7.467   0.021    0.016   98.4  11.79  14.000    6.40824    1.82    2.21    2.80
17-07-2024 08:13:25.96   -0.22   7.469   0.021    0.016   98.4  11.79  14.000    6.36901    2.31    2.08    2.96
17-07-2024 08:13:26.21    0.30   7.470   0.020    0.015   98.5  11.79  14.000    6.40898    1.86    2.03    3.03
17-07-2024 08:13:26.45   -0.19   7.471   0.020    0.015   98.4  11.79  14.000    6.29425    1.84    3.05    3.23
17-07-2024 08:13:26.70   -0.07   7.471   0.021    0.016   98.4  11.79  14.000    6.18323    2.16    1.98    3.05
17-07-2024 08:13:26.94    0.25   7.471   0.020    0.015   98.4  11.79  14.000    6.24096    2.28    1.92    3.49
17-07-2024 08:13:27.20   -0.28   7.473   0.020    0.016   98.4  11.78  14.000    6.34458    1.81    2.88    2.69
17-07-2024 08:13:27.43   -0.16   7.474   0.022    0.016   98.4  11.79  14.000    6.36605    1.81    2.88    2.69
17-07-2024 08:13:27.68    0.40   7.474   0.020    0.015   98.4  11.79  14.000    6.34533    1.99    2.04    2.96
17-07-2024 08:13:27.92    0.18   7.474   0.019    0.015   98.4  11.79  14.000    6.36827    2.39    1.84    3.47
17-07-2024 08:13:28.17   -0.22   7.473   0.020    0.015   98.4  11.79  14.000    6.21432    1.84    2.63    3.08
17-07-2024 08:13:28.42   -0.16   7.471   0.021    0.016   98.4  11.79  14.000    6.26613    2.12    2.39    3.02
17-07-2024 08:13:28.67    0.33   7.471   0.021    0.016   98.4  11.79  14.000    6.24096    2.30    1.67    3.47
17-07-2024 08:13:28.91    0.35   7.470   0.019    0.015   98.4  11.79  14.000    6.32386    1.83    2.66    2.67
17-07-2024 08:13:29.16    0.18   7.469   0.019    0.015   98.4  11.79  14.000    6.32386    1.83    2.66    2.67
17-07-2024 08:13:29.40   -0.17   7.467   0.020    0.015   98.4  11.79  14.000    6.32978    1.95    1.79    3.08
17-07-2024 08:13:29.65   -0.32   7.467   0.021    0.016   98.4  11.79  14.000    6.41860    2.22    1.89    3.16
17-07-2024 08:13:29.89   -0.16   7.466   0.021    0.016   98.4  11.79  14.000    6.50520    1.83    2.70    2.81
17-07-2024 08:13:30.14    0.16   7.467   0.021    0.016   98.4  11.79  14.000    6.42822    1.90    2.38    2.86
17-07-2024 08:13:30.38    0.36   7.468   0.020    0.015   98.4  11.79  14.000    6.41786    2.22    2.25    3.48
17-07-2024 08:13:30.63    0.04   7.468   0.019    0.015   98.4  11.79  14.000    6.42822    2.09    2.66    2.77
17-07-2024 08:13:30.87    0.07   7.467   0.019    0.015   98.4  11.79  14.000    6.47559    2.09    2.66    2.77
17-07-2024 08:13:31.12    0.08   7.468   0.019    0.015   98.4  11.79  14.000    6.44080    2.29    1.59    3.00
17-07-2024 08:13:31.37    0.11   7.468   0.019    0.015   98.4  11.79  14.000    6.46523    1.97    1.87    3.40
17-07-2024 08:13:31.61    0.35   7.471   0.020    0.015   98.4  11.79  14.000    6.49336    1.80    2.62    2.81
17-07-2024 08:13:31.86    0.33   7.473   0.020    0.016   98.4  11.79  14.000    6.50668    1.96    2.01    3.31
17-07-2024 08:13:32.11    0.20   7.472   0.021    0.016   98.4  11.79  14.000    6.55701    2.03    1.92    3.35
17-07-2024 08:13:32.36    0.11   7.473   0.022    0.016   98.4  11.79  14.000    6.63917    1.75    2.84    2.64
17-07-2024 08:13:32.60   -0.27   7.473   0.021    0.016   98.5  11.79  14.000    6.60734    1.75    2.84    2.64
17-07-2024 08:13:32.85   -0.22   7.474   0.020    0.015   98.5  11.79  14.000    6.63028    2.21    1.72    3.31
17-07-2024 08:13:33.09    0.35   7.474   0.020    0.015   98.5  11.79  14.000    6.69246    2.12    1.81    3.10
17-07-2024 08:13:33.34   -0.30   7.475   0.021    0.016   98.4  11.79  14.000    6.73983    1.61    2.41    3.20
17-07-2024 08:13:33.58    0.35   7.474   0.019    0.015   98.4  11.79  14.000    6.58661    2.29    1.72    3.18
17-07-2024 08:13:33.83   -0.29   7.475   0.021    0.016   98.4  11.78  14.000    6.50742    2.14    1.77    3.42
17-07-2024 08:13:34.07    0.32   7.475   0.019    0.015   98.4  11.79  14.000    6.47929    1.93    2.78    2.56
17-07-2024 08:13:34.32   -0.20   7.475   0.022    0.016   98.4  11.79  14.000    6.55183    1.93    2.78    2.56
17-07-2024 08:13:34.56    0.17   7.475   0.019    0.014   98.5  11.79  14.000    6.52518    2.22    2.09    3.05
17-07-2024 08:13:34.81   -0.18   7.476   0.021    0.016   98.5  11.79  14.000    6.47929    2.29    1.53    3.27
17-07-2024 08:13:35.05    0.32   7.476   0.018    0.014   98.5  11.79  14.000    6.53036    1.93    2.36    3.09
17-07-2024 08:13:35.30   -0.30   7.476   0.020    0.016   98.5  11.79  14.000    6.54887    2.01    2.21    3.31
17-07-2024 08:13:35.55    0.06   7.479   0.021    0.016   98.5  11.79  14.000    6.49632    1.78    1.66    3.13
17-07-2024 08:13:35.79    0.33   7.479   0.019    0.014   98.4  11.79  14.000    6.54147    1.78    2.45    2.97
17-07-2024 08:13:36.04   -0.24   7.479   0.020    0.015   98.4  11.79  14.000    6.58884    1.78    2.45    2.97
17-07-2024 08:13:36.29    0.22   7.479   0.021    0.016   98.4  11.79  14.000    6.54147    2.01    2.42    3.05
17-07-2024 08:13:36.53    0.09   7.479   0.019    0.014   98.4  11.79  14.000    6.61770    2.31    1.63    3.41
17-07-2024 08:13:36.78   -0.28   7.478   0.021    0.016   98.4  11.79  14.000    6.73391    1.82    2.07    3.18
17-07-2024 08:13:37.02   -0.19   7.477   0.022    0.016   98.4  11.79  14.000    6.82198    2.19    2.43    3.07
17-07-2024 08:13:37.27    0.13   7.475   0.021    0.016   98.5  11.79  14.000    6.66877    2.17    1.87    3.13
17-07-2024 08:13:37.52    0.35   7.474   0.019    0.015   98.5  11.79  14.000    6.49558    1.72    2.01    3.12
17-07-2024 08:13:37.76    0.25   7.475   0.018    0.014   98.5  11.79  14.000    6.38603    1.72    2.01    3.12
17-07-2024 08:13:38.01   -0.05   7.475   0.019    0.015   98.5  11.79  14.000    6.35051    1.87    2.40    2.62
17-07-2024 08:13:38.25   -0.24   7.478   0.020    0.015   98.5  11.79  14.000    6.19433    2.03    2.57    3.07
17-07-2024 08:13:38.49   -0.15   7.478   0.019    0.015   98.5  11.79  14.000    6.19952    1.66    1.93    3.44
17-07-2024 08:13:38.74    0.22   7.478   0.018    0.014   98.5  11.79  14.000    6.15881    1.99    1.97    2.75
17-07-2024 08:13:38.98    0.24   7.479   0.018    0.014   98.5  11.79  14.000    6.11070    2.01    2.17    3.11
17-07-2024 08:13:39.24    0.13   7.479   0.018    0.014   98.5  11.79  14.000    6.20396    2.04    2.39    3.30
17-07-2024 08:13:39.48    0.34   7.480   0.018    0.014   98.5  11.79  14.000    6.31054    2.04    2.39    3.30
17-07-2024 08:13:39.73    0.21   7.481   0.020    0.015   98.5  11.79  14.000    6.30462    1.95    2.85    2.55
17-07-2024 08:13:39.98   -0.23   7.480   0.022    0.016   98.5  11.79  14.000    6.31794    2.20    2.27    2.92
17-07-2024 08:13:40.22   -0.28   7.479   0.020    0.015   98.5  11.79  14.000    6.32904    1.98    1.79    3.17
17-07-2024 08:13:40.47    0.16   7.478   0.018    0.014   98.5  11.79  14.000    6.37049    1.89    2.35    2.87
17-07-2024 08:13:40.71    0.34   7.479   0.018    0.014   98.5  11.80  14.000    6.29277    1.85    2.07    3.04
17-07-2024 08:13:40.96   -0.25   7.482   0.022    0.016   98.5  11.79  14.000    6.15659    1.97    1.62    3.20
17-07-2024 08:13:41.20    0.33   7.483   0.018    0.014   98.5  11.79  14.000    6.23578    1.97    1.62    3.20
17-07-2024 08:13:41.45    0.22   7.484   0.020    0.015   98.5  11.79  14.000    6.39344    1.88    2.49    2.59
17-07-2024 08:13:41.69   -0.12   7.484   0.022    0.016   98.5  11.79  14.000    6.32090    1.80    2.35    3.17
17-07-2024 08:13:41.94   -0.22   7.485   0.020    0.015   98.5  11.79  14.000    6.24392    2.35    1.57    3.28
17-07-2024 08:13:42.18    0.36   7.485   0.018    0.014   98.5  11.79  14.000    6.00782    2.00    2.43    3.12
17-07-2024 08:13:42.43   -0.19   7.485   0.021    0.016   98.5  11.79  14.000    5.62664    1.75    2.50    2.60
17-07-2024 08:13:42.67    0.16   7.483   0.017    0.013   98.5  11.79  14.000    5.60369    1.75    2.50    2.60
17-07-2024 08:13:42.92   -0.02   7.482   0.020    0.015   98.5  11.79  14.000    5.44900    2.17    1.79    3.05
17-07-2024 08:13:43.17    0.23   7.481   0.017    0.013   98.5  11.80  14.000    6.18101    2.11    2.36    3.18
17-07-2024 08:13:43.42   -0.32   7.481   0.021    0.016   98.5  11.80  14.000    6.54295    1.74    2.30    3.01
17-07-2024 08:13:43.66    0.34   7.480   0.019    0.015   98.5  11.80  14.000    6.72280    2.11    2.20    2.74
17-07-2024 08:13:43.91   -0.19   7.479   0.020    0.015   98.5  11.80  14.000    7.13063    1.91    1.98    2.66
17-07-2024 08:13:44.16   -0.17   7.479   0.021    0.016   98.5  11.80  14.000    8.25270    1.75    2.48    2.64
17-07-2024 08:13:44.40    0.28   7.478   0.019    0.015   98.5  11.80  14.000    8.41701    1.75    2.48    2.64
17-07-2024 08:13:44.65    0.36   7.479   0.017    0.013   98.5  11.80  14.000    7.77086    2.11    2.28    3.16
17-07-2024 08:13:44.89    0.22   7.478   0.017    0.013   98.5  11.80  14.000    7.85227    1.96    1.82    3.20
17-07-2024 08:13:45.14    0.35   7.478   0.017    0.013   98.5  11.80  14.000    7.90779    1.85    2.72    2.68
17-07-2024 08:13:45.38    0.36   7.478   0.018    0.014   98.5  11.80  14.000    8.24086    2.02    2.50    3.23
17-07-2024 08:13:45.63    0.33   7.479   0.017    0.013   98.5  11.80  14.000    8.68643    2.32    1.95    3.53
17-07-2024 08:13:45.87    0.05   7.479   0.018    0.014   98.5  11.80  14.000    9.18307    1.90    2.33    2.79
17-07-2024 08:13:46.12    0.05   7.479   0.018    0.014   98.5  11.80  14.000    9.39993    1.90    2.33    2.79
17-07-2024 08:13:46.36   -0.21   7.478   0.021    0.016   98.5  11.80  14.000    9.83514    2.14    2.35    3.01
17-07-2024 08:13:46.61   -0.30   7.479   0.022    0.016   98.5  11.80  14.000   10.01870    2.12    1.72    3.37
17-07-2024 08:13:46.86   -0.29   7.479   0.022    0.016   98.5  11.80  14.000   10.02758    1.76    2.23    3.31
17-07-2024 08:13:47.11   -0.16   7.480   0.020    0.016   98.5  11.80  14.000   10.08235    1.71    2.18    2.82
17-07-2024 08:13:47.35    0.31   7.482   0.017    0.013   98.5  11.80  14.000   10.38360    2.07    1.75    3.11
17-07-2024 08:13:47.60   -0.03   7.485   0.019    0.015   98.5  11.80  14.000   10.75145    1.87    1.39    3.49
17-07-2024 08:13:47.84    0.17   7.485   0.018    0.014   98.5  11.79  14.000   10.87506    1.87    1.39    3.49
17-07-2024 08:13:48.09   -0.08   7.486   0.019    0.015   98.5  11.79  14.000   10.88764    1.93    2.99    2.85
17-07-2024 08:13:48.33    0.08   7.486   0.018    0.014   98.5  11.80  14.000   10.90244    2.19    1.70    3.56
17-07-2024 08:13:48.58   -0.28   7.487   0.021    0.016   98.5  11.79  14.000   10.84915    2.16    1.46    3.29
17-07-2024 08:13:48.82    0.31   7.486   0.018    0.014   98.5  11.80  14.000   10.87654    1.96    2.11    3.05
17-07-2024 08:13:49.08    0.28   7.486   0.016    0.013   98.5  11.80  14.000   10.87802    2.19    2.24    3.14
17-07-2024 08:13:49.31   -0.28   7.487   0.022    0.017   98.5  11.80  14.000   10.92021    2.05    1.17    3.23
17-07-2024 08:13:49.56   -0.04   7.486   0.019    0.015   98.5  11.80  14.000   10.86099    2.05    1.17    3.23
17-07-2024 08:13:49.80    0.37   7.486   0.016    0.013   98.6  11.80  14.000   10.86914    1.62    2.43    2.90
17-07-2024 08:13:50.05    0.35   7.484   0.016    0.013   98.6  11.80  14.000   10.88986    2.18    2.44    2.59
17-07-2024 08:13:50.30    0.17   7.484   0.017    0.013   98.6  11.80  14.000   10.86321    2.70    2.05    3.79
17-07-2024 08:13:50.54    0.13   7.484   0.018    0.014   98.5  11.80  14.000   10.88764    2.16    2.38    2.95
17-07-2024 08:13:50.79    0.07   7.483   0.019    0.015   98.5  11.80  14.000   10.90096    1.85    2.70    2.79
17-07-2024 08:13:51.04   -0.04   7.482   0.021    0.016   98.6  11.80  14.000   10.83287    2.03    1.74    3.47
17-07-2024 08:13:51.28    0.00   7.482   0.021    0.016   98.6  11.80  14.000   10.87950    2.03    1.74    3.47
17-07-2024 08:13:51.53    0.03   7.485   0.021    0.016   98.6  11.80  14.000   10.87506    1.93    1.61    3.26
17-07-2024 08:13:51.77    0.24   7.488   0.017    0.013   98.6  11.80  14.000   10.92761    1.42    3.00    2.39
17-07-2024 08:13:52.02    0.12   7.489   0.019    0.015   98.6  11.80  14.000   10.85433    2.00    2.13    2.80
17-07-2024 08:13:52.26    0.07   7.489   0.019    0.015   98.6  11.80  14.000   10.89060    2.36    1.61    3.37
17-07-2024 08:13:52.51    0.00   7.490   0.021    0.016   98.6  11.80  14.000   10.89726    1.66    2.76    2.93
17-07-2024 08:13:52.75    0.28   7.488   0.016    0.013   98.6  11.80  14.000   10.92983    2.44    1.97    2.81
17-07-2024 08:13:53.00    0.32   7.489   0.016    0.013   98.6  11.80  14.000   10.85433    2.44    1.97    2.81
17-07-2024 08:13:53.24    0.05   7.491   0.019    0.014   98.6  11.80  14.000   10.89134    2.46    1.30    3.18
17-07-2024 08:13:53.49   -0.31   7.492   0.020    0.015   98.6  11.80  14.000   10.89282    1.66    2.38    3.19
17-07-2024 08:13:53.73   -0.09   7.491   0.022    0.017   98.5  11.80  14.000   10.92095    1.52    2.47    2.74
17-07-2024 08:13:53.99    0.35   7.489   0.015    0.012   98.6  11.80  14.000   10.87210    2.19    2.10    3.32
17-07-2024 08:13:54.23   -0.01   7.488   0.019    0.015   98.6  11.80  14.000   10.91354    1.98    2.40    3.54
17-07-2024 08:13:54.48   -0.30   7.487   0.019    0.014   98.6  11.80  14.000   10.86247    1.46    2.69    2.57
17-07-2024 08:13:54.73    0.15   7.486   0.019    0.015   98.6  11.80  14.000   10.88246    1.46    2.69    2.57
17-07-2024 08:13:54.97    0.16   7.486   0.018    0.014   98.6  11.81  14.000   10.90614    2.10    2.39    3.01
17-07-2024 08:13:55.22   -0.10   7.485   0.022    0.017   98.6  11.81  14.000   10.89208    1.67    1.54    3.32
17-07-2024 08:13:55.46    0.29   7.483   0.016    0.013   98.6  11.81  14.000   10.87432    1.57    2.56    2.55
17-07-2024 08:13:55.71   -0.26   7.486   0.021    0.016   98.6  11.81  14.000   10.86321    2.14    2.67    2.78
17-07-2024 08:13:55.95    0.11   7.487   0.018    0.014   98.6  11.81  14.000   10.91651    2.22    1.34    3.38
17-07-2024 08:13:56.20    0.18   7.490   0.019    0.015   98.6  11.81  14.000   10.88246    1.96    2.15    2.94
17-07-2024 08:13:56.44   -0.27   7.491   0.018    0.014   98.6  11.80  14.000   10.85951    1.96    2.15    2.94
17-07-2024 08:13:56.69    0.36   7.491   0.015    0.012   98.6  11.80  14.000   10.86173    1.67    2.50    2.52
17-07-2024 08:13:56.93   -0.26   7.492   0.021    0.016   98.6  11.80  14.000   10.91206    2.08    2.10    3.11
17-07-2024 08:13:57.18   -0.04   7.491   0.019    0.014   98.6  11.81  14.000   10.85729    2.29    1.99    3.45
17-07-2024 08:13:57.42    0.22   7.491   0.017    0.013   98.6  11.81  14.000   10.88468    1.48    2.35    2.97
17-07-2024 08:13:57.67   -0.32   7.493   0.020    0.015   98.6  11.80  14.000   10.90688    1.76    2.27    2.60
17-07-2024 08:13:57.92    0.15   7.491   0.017    0.013   98.6  11.81  14.000   10.86321    2.26    2.16    3.33
17-07-2024 08:13:58.17    0.11   7.492   0.021    0.016   98.6  11.81  14.000   10.86766    2.26    2.16    3.33
17-07-2024 08:13:58.41   -0.30   7.493   0.019    0.014   98.6  11.81  14.000   10.90836    2.25    1.67    3.03
17-07-2024 08:13:58.66   -0.25   7.496   0.018    0.014   98.6  11.81  14.000   10.84841    1.91    2.31    3.03
17-07-2024 08:13:58.91   -0.13   7.496   0.019    0.014   98.6  11.80  14.000   10.85877    1.65    2.48    2.46
17-07-2024 08:13:59.15    0.06   7.495   0.018    0.014   98.6  11.81  14.000   10.92909    2.31    1.98    3.28
17-07-2024 08:13:59.40   -0.09   7.495   0.018    0.014   98.6  11.80  14.000   10.86766    2.05    1.79    3.42
17-07-2024 08:13:59.64   -0.16   7.498   0.018    0.014   98.6  11.80  14.000   10.87506    1.77    2.67    2.82
17-07-2024 08:13:59.88   -0.26   7.504   0.018    0.014   98.6  11.80  14.000   10.86839    1.77    2.67    2.82
17-07-2024 08:14:00.14   -0.30   7.507   0.018    0.014   98.6  11.80  14.000   10.93575    1.84    2.62    2.76
17-07-2024 08:14:00.38   -0.31   7.509   0.019    0.014   98.6  11.80  14.000   10.83065    2.10    1.71    3.07
17-07-2024 08:14:00.62   -0.30   7.515   0.019    0.015   98.6  11.80  14.000   10.89504    1.94    1.71    3.48
17-07-2024 08:14:00.87    0.09   7.517   0.022    0.016   98.6  11.80  14.000   10.88024    1.74    2.52    2.65
17-07-2024 08:14:01.11    0.34   7.516   0.015    0.012   98.6  11.80  14.000   10.92835    2.13    1.91    2.92
17-07-2024 08:14:01.36   -0.18   7.515   0.018    0.014   98.6  11.80  14.000   10.86839    2.26    1.86    3.08
17-07-2024 08:14:01.61   -0.20   7.516   0.020    0.015   98.6  11.79  14.000   10.93353    2.26    1.86    3.08
17-07-2024 08:14:01.86    0.36   7.515   0.016    0.013   98.6  11.80  14.000   10.87062    1.80    1.98    3.06
17-07-2024 08:14:02.10   -0.05   7.514   0.018    0.014   98.6  11.79  14.000   10.86247    1.73    2.76    2.67
17-07-2024 08:14:02.35   -0.21   7.514   0.021    0.016   98.6  11.79  14.000   10.91651    2.29    2.19    3.18
17-07-2024 08:14:02.59    0.33   7.513   0.014    0.011   98.6  11.79  14.000   10.87284    2.18    1.96    3.18
17-07-2024 08:14:02.84   -0.17   7.511   0.018    0.014   98.6  11.79  14.000   10.85507    1.76    2.66    2.77
17-07-2024 08:14:03.08   -0.05   7.510   0.021    0.016   98.6  11.79  14.000   10.87580    2.63    1.87    2.67
17-07-2024 08:14:03.33    0.24   7.507   0.015    0.012   98.6  11.80  14.000   10.88838    2.63    1.87    2.67
17-07-2024 08:14:03.57   -0.22   7.506   0.019    0.015   98.6  11.80  14.000   10.90392    2.33    1.86    3.10
17-07-2024 08:14:03.82   -0.03   7.506   0.017    0.013   98.6  11.80  14.000   10.88616    1.74    2.60    2.92
17-07-2024 08:14:04.06    0.28   7.506   0.019    0.014   98.6  11.81  14.000   10.90244    2.30    2.38    2.58
17-07-2024 08:14:04.31   -0.31   7.506   0.018    0.014   98.6  11.80  14.000   10.87728    2.34    1.56    3.29
17-07-2024 08:14:04.55    0.26   7.505   0.014    0.011   98.7  11.81  14.000   10.91206    1.52    2.04    3.15
17-07-2024 08:14:04.80    0.12   7.505   0.021    0.016   98.6  11.80  14.000   10.84915    1.90    2.39    2.24
17-07-2024 08:14:05.05   -0.21   7.505   0.018    0.014   98.6  11.80  14.000   10.91947    1.90    2.39    2.24
17-07-2024 08:14:05.29    0.27   7.504   0.019    0.015   98.6  11.80  14.000   10.86988    2.26    1.86    3.35
17-07-2024 08:14:05.54   -0.29   7.504   0.018    0.014   98.6  11.80  14.000   10.87358    1.73    1.85    2.93
17-07-2024 08:14:05.79   -0.06   7.503   0.017    0.013   98.6  11.80  14.000   10.88320    1.82    2.85    2.72
17-07-2024 08:14:06.03    0.37   7.502   0.015    0.012   98.7  11.81  14.000   10.89578    2.24    2.23    2.91
17-07-2024 08:14:06.28    0.13   7.502   0.021    0.016   98.7  11.81  14.000   10.86247    1.93    2.00    3.25
17-07-2024 08:14:06.52   -0.28   7.501   0.018    0.014   98.6  11.80  14.000   10.88172    1.19    3.07    2.77
17-07-2024 08:14:06.77   -0.04   7.501   0.016    0.013   98.6  11.80  14.000   10.88764    1.19    3.07    2.77
17-07-2024 08:14:07.01    0.36   7.500   0.016    0.013   98.6  11.81  14.000   10.91799    2.14    2.19    3.42
17-07-2024 08:14:07.26    0.09   7.500   0.022    0.016   98.7  11.81  14.000   10.85655    1.94    1.69    3.42
17-07-2024 08:14:07.50   -0.09   7.500   0.020    0.015   98.7  11.81  14.000   10.87876    1.54    2.68    2.59
17-07-2024 08:14:07.75   -0.07   7.499   0.020    0.015   98.6  11.81  14.000   10.85359    2.34    1.97    2.86
17-07-2024 08:14:07.99    0.10   7.499   0.021    0.016   98.7  11.81  14.000   10.92021    2.07    2.11    3.43
17-07-2024 08:14:08.24    0.28   7.498   0.020    0.016   98.6  11.81  14.000   10.85581    1.53    2.53    2.88
17-07-2024 08:14:08.52    0.30   7.498   0.020    0.015   98.6  11.81  14.000   10.87950    2.11    2.57    2.87
17-07-2024 08:14:08.74    0.29   7.498   0.019    0.015   98.7  11.81  14.000   10.88616    2.11    2.57    2.87
17-07-2024 08:14:08.98    0.35   7.499   0.016    0.013   98.7  11.81  14.000   10.86691    2.17    1.49    3.13
17-07-2024 08:14:09.23   -0.11   7.502   0.017    0.013   98.6  11.80  14.000   10.89726    1.83    2.77    2.71
17-07-2024 08:14:09.48   -0.30   7.502   0.018    0.014   98.6  11.80  14.000   10.92243    2.14    2.23    3.12
17-07-2024 08:14:09.72   -0.26   7.503   0.018    0.014   98.6  11.80  14.000   10.83657    2.10    1.53    3.63
17-07-2024 08:14:09.97    0.23   7.503   0.020    0.016   98.6  11.80  14.000   10.86988    1.83    2.55    2.64
17-07-2024 08:14:10.21    0.33   7.504   0.017    0.013   98.6  11.80  14.000   10.84027    1.83    2.55    2.64
17-07-2024 08:14:10.46   -0.04   7.505   0.015    0.012   98.6  11.80  14.000   10.90096    2.16    2.44    2.56
17-07-2024 08:14:10.70   -0.07   7.508   0.019    0.015   98.6  11.80  14.000   10.68040    2.21    1.71    3.19
17-07-2024 08:14:10.95    0.30   7.509   0.015    0.012   98.6  11.80  14.000   10.50572    2.15    2.48    2.88
17-07-2024 08:14:11.20   -0.20   7.510   0.018    0.014   98.6  11.80  14.000   10.24889    1.83    2.85    2.99
17-07-2024 08:14:11.44    0.27   7.510   0.015    0.012   98.6  11.80  14.000    9.97355    2.56    1.76    3.35
17-07-2024 08:14:11.68    0.04   7.509   0.019    0.015   98.6  11.79  14.000    9.69525    2.10    2.19    3.00
17-07-2024 08:14:11.93   -0.29   7.507   0.017    0.013   98.6  11.80  14.000    9.55611    2.10    2.19    3.00
17-07-2024 08:14:12.17    0.29   7.507   0.016    0.012   98.6  11.80  14.000    9.42806    1.65    2.89    2.77
17-07-2024 08:14:12.42    0.34   7.505   0.020    0.015   98.6  11.80  14.000    9.27929    2.47    1.80    3.55
17-07-2024 08:14:12.67   -0.19   7.502   0.018    0.014   98.6  11.80  14.000    9.15346    1.79    2.01    3.01
17-07-2024 08:14:12.92   -0.16   7.498   0.016    0.013   98.6  11.80  14.000    9.28003    1.75    2.88    2.37
17-07-2024 08:14:13.16    0.35   7.496   0.017    0.014   98.6  11.80  14.000    9.36885    2.36    1.86    3.48
17-07-2024 08:14:13.41    0.34   7.496   0.019    0.015   98.6  11.80  14.000    9.44952    1.89    2.13    3.19
17-07-2024 08:14:13.66   -0.29   7.495   0.018    0.014   98.6  11.80  14.000    9.46581    1.89    2.13    3.19
17-07-2024 08:14:13.90   -0.20   7.493   0.016    0.013   98.6  11.80  14.000    9.68415    1.72    2.91    2.72
17-07-2024 08:14:14.15   -0.19   7.491   0.016    0.012   98.6  11.80  14.000   10.21928    2.01    1.87    3.04
17-07-2024 08:14:14.39   -0.01   7.492   0.015    0.012   98.6  11.80  14.000   10.67152    2.14    1.59    3.47
17-07-2024 08:14:14.64    0.32   7.495   0.016    0.013   98.6  11.81  14.000   10.66855    1.86    2.65    2.89
17-07-2024 08:14:14.88    0.36   7.496   0.019    0.014   98.6  11.81  14.000   10.71444    2.24    2.07    2.60
17-07-2024 08:14:15.13    0.29   7.496   0.017    0.013   98.7  11.81  14.000   10.48204    2.23    1.62    3.41
17-07-2024 08:14:15.37    0.34   7.497   0.017    0.013   98.7  11.81  14.000   10.25185    2.23    1.62    3.41
17-07-2024 08:14:15.62    0.21   7.497   0.015    0.012   98.7  11.81  14.000   10.06829    1.96    2.21    2.85
17-07-2024 08:14:15.86   -0.01   7.498   0.015    0.012   98.7  11.81  14.000   10.10974    1.57    2.27    3.04
17-07-2024 08:14:16.11   -0.32   7.504   0.016    0.013   98.7  11.81  14.000   10.33919    2.22    2.07    3.26
17-07-2024 08:14:16.36   -0.31   7.510   0.017    0.013   98.7  11.81  14.000   10.55975    1.84    2.17    3.14
17-07-2024 08:14:16.61   -0.17   7.515   0.018    0.014   98.6  11.80  14.000   10.58566    1.47    2.49    2.80
17-07-2024 08:14:16.85    0.09   7.517   0.019    0.015   98.6  11.80  14.000   10.52941    2.69    2.13    3.64
17-07-2024 08:14:17.10    0.30   7.518   0.018    0.014   98.6  11.80  14.000    9.91508    2.69    2.13    3.64
17-07-2024 08:14:17.34   -0.24   7.517   0.015    0.012   98.6  11.80  14.000    9.65973    1.99    2.03    3.20
17-07-2024 08:14:17.59    0.31   7.517   0.019    0.015   98.6  11.80  14.000    8.07876    1.58    1.74    2.72
17-07-2024 08:14:17.83   -0.30   7.515   0.016    0.013   98.6  11.80  14.000    8.14093    2.22    1.47    3.29
17-07-2024 08:14:18.08    0.23   7.515   0.016    0.013   98.7  11.80  14.000    7.78196    1.83    2.23    3.06
17-07-2024 08:14:18.32    0.04   7.516   0.018    0.014   98.6  11.80  14.000    7.14025    1.95    2.19    2.95
17-07-2024 08:14:18.57   -0.18   7.516   0.015    0.012   98.6  11.80  14.000    6.71540    2.22    1.74    3.25
17-07-2024 08:14:18.81    0.29   7.517   0.019    0.014   98.6  11.80  14.000    5.50229    2.22    1.74    3.25
17-07-2024 08:14:19.06   -0.29   7.517   0.016    0.012   98.6  11.80  14.000    5.25878    2.05    1.81    3.15
17-07-2024 08:14:19.31   -0.07   7.518   0.015    0.012   98.6  11.80  14.000    4.97012    1.83    2.42    3.41
17-07-2024 08:14:19.55    0.31   7.519   0.019    0.015   98.6  11.80  14.000    4.78656    2.01    2.61    3.17
17-07-2024 08:14:19.80   -0.15   7.520   0.017    0.013   98.6  11.80  14.000    5.33132    1.96    1.80    3.30
17-07-2024 08:14:20.05   -0.23   7.520   0.016    0.013   98.6  11.80  14.000    6.16103    2.00    2.35    3.04
17-07-2024 08:14:20.30   -0.30   7.520   0.016    0.013   98.6  11.80  14.000    6.53776    1.66    2.13    2.89
17-07-2024 08:14:20.54   -0.23   7.522   0.015    0.012   98.6  11.80  14.000    6.97742    1.66    2.13    2.89
17-07-2024 08:14:20.79   -0.23   7.528   0.015    0.012   98.6  11.80  14.000    7.00998    2.15    2.02    3.05
17-07-2024 08:14:21.03   -0.28   7.531   0.016    0.012   98.6  11.79  14.000    7.05587    1.91    1.76    2.94
17-07-2024 08:14:21.28   -0.10   7.533   0.017    0.013   98.6  11.79  14.000    7.28384    2.20    2.47    2.82
17-07-2024 08:14:21.52    0.00   7.535   0.018    0.014   98.6  11.79  14.000    7.32751    2.30    2.45    2.97
17-07-2024 08:14:21.77   -0.07   7.535   0.017    0.014   98.6  11.79  14.000    7.12323    1.65    2.10    2.89
17-07-2024 08:14:22.02   -0.26   7.535   0.016    0.012   98.6  11.79  14.000    7.06031    2.03    2.41    2.99
17-07-2024 08:14:22.26   -0.28   7.535   0.016    0.012   98.6  11.79  14.000    7.01812    2.03    2.41    2.99
17-07-2024 08:14:22.50    0.03   7.533   0.018    0.014   98.6  11.79  14.000    7.06623    1.82    1.65    2.99
17-07-2024 08:14:22.75    0.35   7.531   0.018    0.014   98.7  11.80  14.000    7.03145    2.32    1.70    2.95
17-07-2024 08:14:22.99   -0.24   7.528   0.015    0.012   98.7  11.80  14.000    6.98778    1.90    1.80    3.53
17-07-2024 08:14:23.24    0.25   7.526   0.018    0.014   98.7  11.80  14.000    6.92931    1.63    2.73    3.11
17-07-2024 08:14:23.49   -0.16   7.523   0.016    0.013   98.7  11.80  14.000    6.96927    1.94    2.03    3.41
17-07-2024 08:14:23.73    0.09   7.522   0.017    0.014   98.7  11.80  14.000    7.27496    1.94    2.03    3.41
17-07-2024 08:14:23.98   -0.23   7.521   0.016    0.012   98.7  11.80  14.000    7.23203    1.85    1.88    2.99
17-07-2024 08:14:24.23    0.34   7.522   0.018    0.014   98.7  11.80  14.000    7.30678    1.52    2.06    2.97
17-07-2024 08:14:24.47   -0.30   7.522   0.015    0.012   98.7  11.81  14.000    7.21500    1.95    1.48    3.17
17-07-2024 08:14:24.72    0.13   7.522   0.016    0.013   98.7  11.80  14.000    7.21426    2.07    2.02    2.73
17-07-2024 08:14:24.96    0.11   7.521   0.018    0.014   98.7  11.80  14.000    7.28458    2.24    2.32    3.00
17-07-2024 08:14:25.21   -0.28   7.518   0.015    0.012   98.7  11.80  14.000    7.22167    2.26    1.92    2.51
17-07-2024 08:14:25.45    0.34   7.517   0.017    0.013   98.7  11.80  14.000    7.16837    2.26    1.92    2.51
17-07-2024 08:14:25.70    0.04   7.515   0.017    0.013   98.7  11.80  14.000    7.13729    2.27    1.58    3.11
17-07-2024 08:14:25.94   -0.30   7.515   0.015    0.012   98.7  11.80  14.000    7.15431    1.55    2.36    2.85
17-07-2024 08:14:26.19   -0.05   7.516   0.016    0.013   98.7  11.80  14.000    7.14247    1.59    2.32    2.86
17-07-2024 08:14:26.43    0.37   7.517   0.018    0.014   98.7  11.80  14.000    7.17282    1.90    2.05    3.42
17-07-2024 08:14:26.68    0.15   7.517   0.017    0.014   98.7  11.81  14.000    7.19872    1.94    2.30    3.38
17-07-2024 08:14:26.93   -0.12   7.517   0.016    0.013   98.7  11.81  14.000    7.27422    2.19    2.48    2.70
17-07-2024 08:14:27.18   -0.30   7.518   0.015    0.012   98.7  11.81  14.000    7.22167    2.19    2.48    2.70
17-07-2024 08:14:27.42   -0.27   7.518   0.015    0.012   98.7  11.81  14.000    7.21796    1.82    2.20    2.96
17-07-2024 08:14:27.67   -0.14   7.519   0.015    0.012   98.7  11.81  14.000    7.21870    2.09    2.17    3.22
17-07-2024 08:14:27.92    0.21   7.520   0.017    0.013   98.7  11.81  14.000    7.20242    1.63    2.52    2.83
17-07-2024 08:14:28.16    0.36   7.520   0.017    0.014   98.7  11.81  14.000    7.20020    1.96    2.50    2.98
17-07-2024 08:14:28.41    0.35   7.520   0.017    0.013   98.7  11.81  14.000    6.95225    1.80    1.93    2.93
17-07-2024 08:14:28.65   -0.10   7.520   0.016    0.013   98.7  11.81  14.000    5.70805    1.86    2.29    3.10
17-07-2024 08:14:28.90   -0.31   7.520   0.015    0.012   98.7  11.81  14.000    5.35500    1.86    2.29    3.10
17-07-2024 08:14:29.14   -0.07   7.521   0.016    0.012   98.7  11.81  14.000    5.10335    2.15    2.74    2.75
17-07-2024 08:14:29.39    0.35   7.521   0.017    0.013   98.8  11.81  14.000    5.14332    2.08    1.68    2.97
17-07-2024 08:14:29.63    0.25   7.523   0.017    0.013   98.8  11.82  14.000    5.11667    1.96    2.29    2.90
17-07-2024 08:14:29.88    0.05   7.524   0.016    0.013   98.8  11.81  14.000    5.07818    1.91    2.31    3.02
17-07-2024 08:14:30.12   -0.30   7.525   0.015    0.012   98.8  11.81  14.000    5.03970    2.32    2.05    2.92
17-07-2024 08:14:30.37    0.16   7.526   0.017    0.013   98.8  11.81  14.000    5.11149    2.28    1.90    2.93
