Date	Time	Press	Temp	Cond	Sal	O2%	O2ppm	pH	PAR	Trx-Chl-a	Pethr	Pchan
[D-M-Y]	[h:m:s]	[dbar]	[°C]	[mS/cm]	[PSU]	[%]	[mg/l]	[pH]	[-]	[ug/l]	[ug/l]	[ug/l]
20-07-2024 08:23:22.21   -0.01   9.514   0.273    0.186   97.6  11.12  14.000   99.21001    0.00    0.55    1.54
20-07-2024 08:23:22.39   -0.05   9.511   0.270    0.184   97.7  11.12  14.000   99.56528    0.00    0.55    1.54
20-07-2024 08:23:22.63    0.04   9.512   0.269    0.184   97.7  11.12  14.000   98.73483    3.54    2.26    2.61
20-07-2024 08:23:22.88    0.05   9.513   0.268    0.183   97.7  11.12  14.000   98.79330    3.25    0.94    1.95
20-07-2024 08:23:23.12   -0.03   9.513   0.266    0.182   97.6  11.12  14.000   99.23370    1.14    2.90    2.71
20-07-2024 08:23:23.37   -0.12   9.507   0.265    0.181   97.7  11.12  14.000   99.56972    2.01    1.46    1.05
20-07-2024 08:23:23.61   -0.02   9.501   0.264    0.180   97.7  11.13  14.000   99.00572    2.01    1.46    1.05
20-07-2024 08:23:23.86    0.08   9.494   0.263    0.180   97.7  11.13  14.000   98.88731    2.01   14.12    8.03
20-07-2024 08:23:24.10   -0.00   9.487   0.263    0.180   97.7  11.14  14.000   96.63132    2.01   14.12    2.68
20-07-2024 08:23:24.35   -0.15   9.484   0.264    0.180   97.8  11.14  14.000   93.91273    0.88    1.54    5.30
20-07-2024 08:23:24.59   -0.13   9.476   0.264    0.181   97.8  11.15  14.000   92.33991    0.88 1000.00   10.23
20-07-2024 08:23:24.84    0.04   9.469   0.264    0.180   97.8  11.15  14.000   90.88773    0.88    4.29   10.23
20-07-2024 08:23:25.09   -0.07   9.460   0.264    0.180   97.8  11.15  14.000   89.86040   12.80    5.60   10.23
20-07-2024 08:23:25.33   -0.04   9.454   0.264    0.180   97.9  11.16  14.000   89.41187   12.80    5.60   10.23
20-07-2024 08:23:25.58    0.05   9.449   0.264    0.181   97.9  11.17  14.000   89.84782   12.80    8.64    4.32
20-07-2024 08:23:25.83   -0.12   9.442   0.263    0.180   97.9  11.16  14.000   90.11501    2.30    8.64    3.34
20-07-2024 08:23:26.08   -0.10   9.437   0.263    0.179   97.9  11.17  14.000   88.89672    3.73   14.36    3.34
20-07-2024 08:23:26.32   -0.05   9.434   0.262    0.179   97.9  11.17  14.000   88.59993   14.70   14.36    5.48
20-07-2024 08:23:26.56   -0.10   9.429   0.261    0.179   97.9  11.17  14.000   89.26829    5.44    2.78    5.48
20-07-2024 08:23:26.81   -0.02   9.426   0.260    0.178   97.8  11.16  14.000   91.20304    2.80    6.12    3.63
20-07-2024 08:23:27.09    0.06   9.424   0.260    0.178   97.9  11.17  14.000   92.68704    2.80    6.12    2.81
20-07-2024 08:23:27.30   -0.13   9.422   0.259    0.177   97.9  11.17  14.000   93.30433    2.80    6.12    2.81
20-07-2024 08:23:27.54    0.01   9.424   0.259    0.177   97.9  11.17  14.000   93.72770    3.27    1.66    1.23
20-07-2024 08:23:27.79    0.06   9.427   0.258    0.176   97.9  11.17  14.000   94.89122    1.60    4.12    2.72
20-07-2024 08:23:28.03    0.02   9.431   0.257    0.176   97.8  11.16  14.000   95.42487    2.15    4.29    4.12
20-07-2024 08:23:28.28   -0.08   9.434   0.257    0.176   97.8  11.16  14.000   96.35820    2.15    0.78    6.84
20-07-2024 08:23:28.52   -0.03   9.437   0.257    0.175   97.8  11.16  14.000   98.21746    2.37    0.33    0.77
20-07-2024 08:23:28.77   -0.11   9.444   0.256    0.175   97.8  11.16  14.000  100.83612    2.37    0.33    0.77
20-07-2024 08:23:29.01   -0.12   9.452   0.256    0.175   97.8  11.15  14.000  101.12034    3.14    2.81    1.49
20-07-2024 08:23:29.26   -0.09   9.457   0.255    0.174   97.8  11.15  14.000  100.56078    3.13    3.05    3.13
20-07-2024 08:23:29.51    0.02   9.458   0.255    0.174   97.8  11.15  14.000  100.48899    2.24    1.56    2.74
20-07-2024 08:23:29.76    0.06   9.457   0.254    0.173   97.8  11.15  14.000  100.15370    3.30    1.91    2.48
20-07-2024 08:23:30.00    0.08   9.454   0.254    0.173   97.8  11.15  14.000   98.91173    2.59    2.32    3.52
20-07-2024 08:23:30.25    0.03   9.456   0.254    0.173   97.8  11.15  14.000   98.29740    2.03    2.20    2.15
20-07-2024 08:23:30.49    0.02   9.460   0.253    0.173   97.8  11.15  14.000   98.70744    2.03    2.20    2.15
20-07-2024 08:23:30.74   -0.11   9.463   0.253    0.172   97.8  11.15  14.000   99.08270    2.23    2.61    2.92
20-07-2024 08:23:30.98    0.02   9.468   0.252    0.172   97.8  11.15  14.000   99.04865    2.60    2.13    2.97
20-07-2024 08:23:31.23    0.04   9.471   0.252    0.172   97.8  11.14  14.000   98.88509    3.07    2.79    3.21
20-07-2024 08:23:31.47   -0.10   9.475   0.252    0.172   97.8  11.14  14.000   99.13599    0.87    1.90    2.18
20-07-2024 08:23:31.72   -0.10   9.476   0.251    0.171   97.7  11.14  14.000   99.66372    2.44    2.89    3.61
20-07-2024 08:23:31.96   -0.07   9.471   0.251    0.171   97.7  11.14  14.000  100.09967    2.44    2.89    3.61
20-07-2024 08:23:32.21    0.06   9.465   0.250    0.171   97.7  11.14  14.000  100.30765    2.30    1.81    3.69
20-07-2024 08:23:32.45   -0.06   9.460   0.250    0.171   97.8  11.15  14.000  100.74805    1.92    2.64    2.06
20-07-2024 08:23:32.70   -0.11   9.457   0.249    0.170   97.8  11.15  14.000  101.59256    0.87    1.44    3.79
20-07-2024 08:23:32.95    0.08   9.459   0.249    0.170   97.8  11.15  14.000  102.50739    2.55    2.95    3.69
20-07-2024 08:23:33.19   -0.12   9.463   0.249    0.170   97.8  11.15  14.000  103.08766    1.80    0.85    2.90
20-07-2024 08:23:33.44    0.05   9.469   0.248    0.169   97.8  11.15  14.000  103.44959    1.46    2.68    2.61
20-07-2024 08:23:33.69   -0.11   9.472   0.248    0.169   97.8  11.15  14.000  103.47180    1.46    2.68    2.61
20-07-2024 08:23:33.93   -0.07   9.473   0.247    0.169   97.8  11.15  14.000  103.22015    2.40    2.84    4.39
20-07-2024 08:23:34.18   -0.01   9.477   0.247    0.169   97.8  11.15  14.000  102.87894    2.47    3.71    1.46
20-07-2024 08:23:34.42    0.05   9.482   0.247    0.168   97.8  11.14  14.000  102.18764    1.45    2.33    3.21
20-07-2024 08:23:34.67    0.07   9.486   0.246    0.168   97.8  11.14  14.000  101.04411    2.57    3.42    2.96
20-07-2024 08:23:34.91   -0.09   9.490   0.246    0.167   97.8  11.14  14.000   99.94350    0.37    5.70    1.00
20-07-2024 08:23:35.16   -0.02   9.490   0.245    0.167   97.8  11.14  14.000   99.38542    2.93    5.70    5.61
20-07-2024 08:23:35.40   -0.08   9.492   0.245    0.167   97.7  11.14  14.000   98.66155    2.93    5.70    5.61
20-07-2024 08:23:35.65    0.06   9.494   0.245    0.167   97.7  11.13  14.000   97.68456    2.93    1.91    3.80
20-07-2024 08:23:35.89   -0.05   9.494   0.244    0.166   97.8  11.14  14.000   96.65722    1.44    5.39    2.23
20-07-2024 08:23:36.14   -0.12   9.494   0.244    0.166   97.7  11.14  14.000   95.95260    2.07    1.35    1.64
20-07-2024 08:23:36.38   -0.13   9.496   0.243    0.166   97.7  11.13  14.000   95.75868    3.55    1.75    2.72
20-07-2024 08:23:36.63   -0.12   9.500   0.243    0.165   97.7  11.13  14.000   95.51591    1.97    1.75    7.81
20-07-2024 08:23:36.88    0.06   9.507   0.243    0.165   97.7  11.13  14.000   95.18580    1.97   10.81    7.81
20-07-2024 08:23:37.14    0.00   9.514   0.242    0.165   97.7  11.13  14.000   95.00372    4.75   10.81    6.28
20-07-2024 08:23:37.37   -0.03   9.521   0.242    0.165   97.7  11.13  14.000   94.93785    4.75   10.81    6.28
20-07-2024 08:23:37.62   -0.11   9.524   0.241    0.164   97.7  11.13  14.000   95.02740    1.58    4.19    0.46
20-07-2024 08:23:37.86   -0.10   9.528   0.241    0.164   97.7  11.12  14.000   94.96301    3.01    1.85    7.61
20-07-2024 08:23:38.11   -0.01   9.531   0.241    0.164   97.7  11.12  14.000   94.68324    3.01    5.69    0.03
20-07-2024 08:23:38.35   -0.02   9.532   0.241    0.164   97.7  11.13  14.000   94.35017    3.74    3.08    3.60
20-07-2024 08:23:38.60    0.04   9.539   0.240    0.163   97.7  11.12  14.000   94.08149    1.75    5.66    2.86
20-07-2024 08:23:38.84   -0.07   9.548   0.240    0.163   97.7  11.12  14.000   93.79283    1.75    5.66    2.86
20-07-2024 08:23:39.09   -0.14   9.558   0.239    0.163   97.7  11.11  14.000   93.56931   16.98    5.66    5.25
20-07-2024 08:23:39.34   -0.12   9.559   0.239    0.162   97.7  11.11  14.000   93.24438   16.98    4.58    1.38
20-07-2024 08:23:39.58    0.06   9.557   0.239    0.162   97.7  11.11  14.000   93.00901    2.46    4.13    2.23
20-07-2024 08:23:39.83    0.05   9.554   0.239    0.162   97.7  11.12  14.000   92.83138    5.88    4.13    2.36
20-07-2024 08:23:40.07    0.06   9.552   0.238    0.162   97.7  11.12  14.000   92.67816    2.21    4.87    2.07
20-07-2024 08:23:40.32    0.05   9.551   0.237    0.161   97.7  11.12  14.000   92.39542    3.14    0.61    3.41
20-07-2024 08:23:40.57   -0.12   9.549   0.237    0.161   97.7  11.12  14.000   91.99130    3.14    0.61    3.41
20-07-2024 08:23:40.82    0.06   9.550   0.237    0.161   97.7  11.12  14.000   91.73225    2.26    0.28    3.37
20-07-2024 08:23:41.06   -0.11   9.552   0.237    0.161   97.7  11.12  14.000   91.52945    0.85    6.89    3.77
20-07-2024 08:23:41.31   -0.05   9.556   0.237    0.161   97.7  11.12  14.000   91.33997    2.10    3.51    3.35
20-07-2024 08:23:41.55   -0.03   9.560   0.236    0.161   97.7  11.11  14.000   90.90105    1.77    3.42    3.35
20-07-2024 08:23:41.80    0.08   9.562   0.236    0.160   97.7  11.11  14.000   90.51396    3.28    2.33    4.81
20-07-2024 08:23:42.04    0.02   9.563   0.236    0.160   97.7  11.11  14.000   90.13648    1.02    0.72    1.46
20-07-2024 08:23:42.29   -0.08   9.567   0.236    0.160   97.7  11.11  14.000   89.83302    1.02    0.72    1.46
20-07-2024 08:23:42.53   -0.10   9.571   0.235    0.160   97.6  11.10  14.000   89.11729    0.02   11.38    1.46
20-07-2024 08:23:42.78    0.08   9.586   0.235    0.160   97.6  11.09  14.000   88.55033    2.17    7.03    3.00
20-07-2024 08:23:43.02   -0.11   9.592   0.234    0.159   97.6  11.09  14.000   88.34901    2.51    0.63    3.00
20-07-2024 08:23:43.27    0.04   9.597   0.234    0.159   97.5  11.08  14.000   88.13066    5.99    0.63    2.12
20-07-2024 08:23:43.51    0.06   9.601   0.234    0.159   97.5  11.08  14.000   87.58443    3.75    0.63    5.14
20-07-2024 08:23:43.76    0.07   9.605   0.234    0.159   97.5  11.08  14.000   86.92348    2.36    1.10    6.72
20-07-2024 08:23:44.01   -0.13   9.608   0.233    0.158   97.5  11.07  14.000   86.28621    2.36    1.10    6.72
20-07-2024 08:23:44.25   -0.13   9.610   0.233    0.158   97.4  11.07  14.000   85.89097    2.36    6.66    3.46
20-07-2024 08:23:44.50   -0.10   9.612   0.233    0.158   97.5  11.08  14.000   85.61415    2.36    6.66    5.47
20-07-2024 08:23:44.75    0.02   9.613   0.233    0.158   97.5  11.08  14.000   85.32475    6.97    2.18    5.87
20-07-2024 08:23:44.99   -0.13   9.612   0.232    0.157   97.5  11.07  14.000   84.89176    3.33    2.18    7.27
20-07-2024 08:23:45.24   -0.09   9.617   0.232    0.157   97.5  11.08  14.000   84.51058    5.44    0.49    7.27
20-07-2024 08:23:45.48   -0.07   9.629   0.232    0.157   97.5  11.07  14.000   84.12718    9.73    3.63    3.70
20-07-2024 08:23:45.73    0.01   9.631   0.232    0.157   97.4  11.07  14.000   83.94363    9.73    3.63    3.70
20-07-2024 08:23:45.97    0.04   9.634   0.231    0.157   97.4  11.07  14.000   83.46696    2.94    3.63    3.70
20-07-2024 08:23:46.22    0.03   9.639   0.231    0.157   97.4  11.06  14.000   82.70461    3.59    0.83    3.70
20-07-2024 08:23:46.46   -0.00   9.643   0.231    0.156   97.4  11.06  14.000   81.75351    3.59    2.75    5.44
20-07-2024 08:23:46.71    0.06   9.648   0.231    0.156   99.4  11.28  14.000   81.10514    3.60    3.29    5.44
20-07-2024 08:23:46.95   -0.03   9.662   0.476    0.329  100.6  11.41  14.000   80.43012    4.85   52.90    5.44
20-07-2024 08:23:47.20    0.03   9.677   2.203    1.633  102.4  11.51  14.000   79.48495    4.85   52.90    5.44
20-07-2024 08:23:47.44    0.02  10.105  20.444   17.585  101.7  10.23  14.000   78.27998    4.85   52.90    5.44
20-07-2024 08:23:47.70   -0.06  10.557  22.450   19.239  101.4   9.99  14.000   77.65604   20.33   38.28    5.44
20-07-2024 08:23:47.94   -0.02  10.704  22.496   19.205  101.7   9.98  14.000   77.67824    1.16    4.84    2.81
20-07-2024 08:23:48.20   -0.00  10.734  22.479   19.173  101.9  10.00  14.000   76.81596    3.46    2.02    3.50
20-07-2024 08:23:48.44    0.02  10.735  22.473   19.167  102.3  10.04  14.000   76.37483    1.80    3.12    3.66
20-07-2024 08:23:48.68    0.02  10.738  22.477   19.168  102.7  10.07  14.000   76.32227    2.87    2.55    2.23
20-07-2024 08:23:48.93   -0.05  10.738  22.467   19.160  102.9  10.10  14.000   76.50140    3.32    1.86    3.04
20-07-2024 08:23:49.17    0.05  10.739  22.472   19.164  103.0  10.11  14.000   76.40221    3.32    1.86    3.04
20-07-2024 08:23:49.42   -0.02  10.739  22.482   19.174  103.2  10.12  14.000   76.67533    3.00    2.26    2.51
20-07-2024 08:23:49.66    0.01  10.739  22.475   19.167  103.3  10.14  14.000   77.51762    3.25    2.09    2.72
20-07-2024 08:23:49.91    0.05  10.733  22.462   19.158  103.4  10.15  14.000   77.55981    3.12    2.50    3.20
20-07-2024 08:23:50.15    0.02  10.732  22.489   19.183  103.4  10.15  14.000   77.65011    3.11    2.15    2.84
20-07-2024 08:23:50.40    0.05  10.738  22.490   19.181  103.5  10.16  14.000   77.84033    2.68    2.24    3.09
20-07-2024 08:23:50.64    0.00  10.734  22.474   19.168  103.4  10.15  14.000   78.47982    3.64    2.48    3.56
20-07-2024 08:23:50.89    0.02  10.731  22.470   19.166  103.5  10.15  14.000   78.74184    3.64    2.48    3.56
20-07-2024 08:23:51.13    0.05  10.733  22.474   19.169  103.5  10.16  14.000   78.82473    3.13    2.93    2.88
20-07-2024 08:23:51.39    0.09  10.740  22.468   19.159  103.5  10.16  14.000   79.05270    2.61    1.93    2.97
20-07-2024 08:23:51.63   -0.03  10.746  22.456   19.145  103.5  10.16  14.000   79.12302    3.15    1.61    3.27
20-07-2024 08:23:51.88   -0.03  10.745  22.447   19.137  103.4  10.15  14.000   79.04604    2.65    2.07    2.85
20-07-2024 08:23:52.13    0.04  10.747  22.444   19.133  103.4  10.14  14.000   78.84027    3.21    2.23    3.23
20-07-2024 08:23:52.37    0.02  10.745  22.446   19.137  103.3  10.14  14.000   78.83954    2.82    2.13    3.32
20-07-2024 08:23:52.62    0.05  10.751  22.456   19.142  103.3  10.13  14.000   78.69743    2.82    2.13    3.32
20-07-2024 08:23:52.86    0.09  10.759  22.446   19.129  103.2  10.12  14.000   78.80253    2.80    2.40    2.82
20-07-2024 08:23:53.11    0.00  10.761  22.460   19.141  103.2  10.12  14.000   78.75812    3.26    2.68    3.26
20-07-2024 08:23:53.35    0.03  10.760  22.467   19.148  103.1  10.11  14.000   78.49019    2.80    2.53    3.26
20-07-2024 08:23:53.60    0.06  10.757  22.452   19.136  103.1  10.12  14.000   78.75887    3.04    2.51    3.11
20-07-2024 08:23:53.84   -0.01  10.758  22.459   19.141  103.1  10.11  14.000   79.13708    2.95    1.88    2.91
20-07-2024 08:23:54.09   -0.02  10.756  22.466   19.149  103.1  10.11  14.000   78.96240    2.77    2.85    2.79
20-07-2024 08:23:54.33    0.05  10.743  22.457   19.148  103.0  10.11  14.000   79.15336    2.77    2.85    2.79
20-07-2024 08:23:54.58   -0.03  10.739  22.459   19.151  103.0  10.11  14.000   79.72401    3.10    2.10    3.33
20-07-2024 08:23:54.82   -0.05  10.740  22.462   19.153  102.9  10.10  14.000   80.02008    2.26    2.64    2.98
20-07-2024 08:23:55.07   -0.02  10.742  22.457   19.149  102.9  10.10  14.000   79.99491    3.45    2.48    3.08
20-07-2024 08:23:55.32   -0.03  10.742  22.457   19.149  102.8  10.08  14.000   79.99344    2.41    2.00    2.97
20-07-2024 08:23:55.57   -0.01  10.744  22.454   19.144  102.6  10.07  14.000   80.52782    2.70    2.67    3.21
20-07-2024 08:23:55.81    0.04  10.748  22.448   19.137  102.5  10.06  14.000   80.66475    3.14    2.28    3.06
20-07-2024 08:23:56.06    0.00  10.753  22.447   19.133  102.5  10.06  14.000   80.60702    3.14    2.28    3.06
20-07-2024 08:23:56.30   -0.02  10.752  22.445   19.133  102.5  10.06  14.000   80.88680    3.02    2.18    3.37
20-07-2024 08:23:56.55    0.03  10.754  22.445   19.131  102.5  10.05  14.000   80.73359    2.82    2.79    2.83
20-07-2024 08:23:56.79    0.07  10.759  22.440   19.124  102.5  10.05  14.000   80.72397    2.97    2.11    2.79
20-07-2024 08:23:57.04    0.04  10.764  22.444   19.125  102.4  10.04  14.000   80.35981    2.82    2.23    3.04
20-07-2024 08:23:57.28    0.04  10.763  22.441   19.122  102.4  10.04  14.000   80.25175    2.84    1.71    3.38
20-07-2024 08:23:57.53    0.05  10.767  22.438   19.118  102.4  10.04  14.000   79.62780    3.21    2.38    3.10
20-07-2024 08:23:57.77    0.00  10.767  22.440   19.120  102.4  10.04  14.000   79.02309    3.21    2.38    3.10
20-07-2024 08:23:58.02    0.06  10.768  22.434   19.114  102.3  10.04  14.000   78.79661    2.85    2.49    2.75
20-07-2024 08:23:58.26   -0.03  10.767  22.447   19.126  102.3  10.03  14.000   78.33920    2.69    2.12    3.39
20-07-2024 08:23:58.51    0.06  10.765  22.453   19.133  102.3  10.03  14.000   77.60275    2.83    2.57    3.34
20-07-2024 08:23:58.76    0.05  10.763  22.449   19.130  102.4  10.04  14.000   77.89066    2.84    1.90    3.24
20-07-2024 08:23:59.01   -0.01  10.760  22.445   19.128  102.4  10.04  14.000   77.91212    3.77    3.04    3.39
20-07-2024 08:23:59.26   -0.01  10.758  22.463   19.145  102.4  10.04  14.000   77.92915    2.82    2.04    2.37
20-07-2024 08:23:59.50    0.06  10.759  22.478   19.159  102.4  10.04  14.000   77.21120    2.82    2.04    2.37
20-07-2024 08:23:59.75   -0.00  10.758  22.479   19.160  102.3  10.04  14.000   77.41030    3.32    2.19    2.65
20-07-2024 08:23:59.99    0.04  10.755  22.475   19.158  102.3  10.04  14.000   77.76928    3.26    2.68    3.29
20-07-2024 08:24:00.24    0.05  10.752  22.508   19.190  102.4  10.04  14.000   77.75891    2.98    2.42    3.07
20-07-2024 08:24:00.48    0.03  10.751  22.492   19.177  102.3  10.04  14.000   77.51614    3.05    2.48    3.03
20-07-2024 08:24:00.73    0.04  10.751  22.500   19.184  102.3  10.04  14.000   77.47100    3.13    2.35    3.18
20-07-2024 08:24:00.97    0.03  10.751  22.494   19.178  102.3  10.04  14.000   77.72043    2.55    2.69    2.69
20-07-2024 08:24:01.22    0.01  10.749  22.494   19.178  102.3  10.04  14.000   78.02759    2.55    2.69    2.69
20-07-2024 08:24:01.46    0.04  10.748  22.492   19.177  102.3  10.04  14.000   78.38064    2.62    2.30    3.21
20-07-2024 08:24:01.71    0.02  10.748  22.493   19.179  102.3  10.04  14.000   78.29996    2.83    1.98    3.34
20-07-2024 08:24:01.95   -0.00  10.748  22.484   19.171  102.3  10.04  14.000   78.49610    2.89    2.55    3.27
20-07-2024 08:24:02.20    0.02  10.746  22.484   19.172  102.4  10.04  14.000   78.62785    3.15    1.88    3.38
20-07-2024 08:24:02.45   -0.02  10.744  22.480   19.169  102.4  10.05  14.000   78.33253    2.84    1.94    3.04
20-07-2024 08:24:02.69    0.00  10.743  22.487   19.175  102.4  10.05  14.000   78.18746    3.18    2.59    3.34
20-07-2024 08:24:02.94    0.01  10.744  22.508   19.195  102.4  10.04  14.000   78.25111    3.18    2.59    3.34
20-07-2024 08:24:03.19    0.01  10.744  22.505   19.192  102.4  10.04  14.000   78.03944    3.33    1.46    3.54
20-07-2024 08:24:03.43    0.00  10.744  22.499   19.186  102.4  10.04  14.000   77.36071    3.34    2.57    3.43
20-07-2024 08:24:03.68   -0.03  10.741  22.543   19.229  102.4  10.04  14.000   77.28522    3.17    2.47    2.83
20-07-2024 08:24:03.92    0.01  10.740  22.561   19.247  102.4  10.04  14.000   77.17641    3.22    2.34    2.88
20-07-2024 08:24:04.17   -0.01  10.742  22.554   19.238  102.4  10.04  14.000   76.52360    2.88    2.32    3.27
20-07-2024 08:24:04.41    0.01  10.739  22.571   19.256  102.4  10.04  14.000   75.86783    2.69    1.78    3.28
20-07-2024 08:24:04.66    0.02  10.735  22.570   19.257  102.4  10.05  14.000   75.72128    2.69    1.78    3.28
20-07-2024 08:24:04.90    0.02  10.734  22.570   19.258  102.5  10.05  14.000   75.56436    2.76    2.77    3.04
20-07-2024 08:24:05.15   -0.02  10.733  22.576   19.264  102.5  10.05  14.000   74.91006    2.91    3.16    2.62
20-07-2024 08:24:05.39   -0.02  10.734  22.581   19.268  102.5  10.05  14.000   74.21136    2.71    2.81    2.56
20-07-2024 08:24:05.64    0.01  10.732  22.582   19.271  102.5  10.06  14.000   74.05149    3.17    2.19    2.91
20-07-2024 08:24:05.88    0.02  10.731  22.576   19.265  102.5  10.06  14.000   73.55115    2.70    2.54    3.20
20-07-2024 08:24:06.14   -0.01  10.729  22.579   19.269  102.6  10.06  14.000   72.91314    3.27    2.49    3.32
20-07-2024 08:24:06.38    0.04  10.730  22.579   19.268  102.6  10.07  14.000   72.79472    3.27    2.49    3.32
20-07-2024 08:24:06.63    0.04  10.731  22.574   19.263  102.7  10.07  14.000   72.42538    2.76    2.32    2.37
20-07-2024 08:24:06.88    0.03  10.732  22.570   19.259  102.7  10.07  14.000   71.96722    3.29    2.53    3.14
20-07-2024 08:24:07.12    0.01  10.732  22.574   19.263  102.7  10.07  14.000   72.02274    2.91    2.38    2.85
20-07-2024 08:24:07.37    0.01  10.731  22.573   19.262  102.8  10.08  14.000   71.76664    3.26    1.66    3.35
20-07-2024 08:24:07.61   -0.02  10.736  22.567   19.254  102.8  10.08  14.000   71.63268    3.46    2.29    3.25
20-07-2024 08:24:07.86    0.01  10.734  22.563   19.251  102.8  10.08  14.000   71.83177    3.67    2.31    2.50
20-07-2024 08:24:08.10    0.00  10.735  22.562   19.250  102.8  10.08  14.000   71.89395    3.67    2.31    2.50
20-07-2024 08:24:08.35    0.02  10.733  22.567   19.255  102.8  10.08  14.000   72.05752    3.02    2.59    3.19
20-07-2024 08:24:08.59   -0.00  10.735  22.567   19.254  102.8  10.08  14.000   71.85176    3.06    2.19    3.28
20-07-2024 08:24:08.84    0.00  10.735  22.569   19.257  102.8  10.08  14.000   72.04716    3.09    2.93    3.46
20-07-2024 08:24:09.08   -0.00  10.732  22.569   19.258  102.9  10.09  14.000   72.14782    3.32    2.18    2.46
20-07-2024 08:24:09.33   -0.02  10.732  22.572   19.261  102.9  10.09  14.000   72.13080    2.84    2.94    3.29
20-07-2024 08:24:09.57    0.02  10.732  22.566   19.255  103.0  10.10  14.000   71.82659    2.84    2.94    3.29
20-07-2024 08:24:09.82   -0.06  10.726  22.561   19.254  103.0  10.10  14.000   72.13746    3.40    2.35    3.12
20-07-2024 08:24:10.08    0.02  10.719  22.565   19.261  102.9  10.10  14.000   71.99757    2.88    2.33    2.89
20-07-2024 08:24:10.32    0.02  10.722  22.563   19.258  102.9  10.10  14.000   71.66894    2.73    2.47    2.80
20-07-2024 08:24:10.56    0.03  10.725  22.559   19.252  102.9  10.10  14.000   71.56458    2.96    2.64    3.45
20-07-2024 08:24:10.81    0.01  10.726  22.556   19.249  102.9  10.09  14.000   71.46614    2.90    3.13    2.91
20-07-2024 08:24:11.05    0.00  10.730  22.550   19.242  102.9  10.09  14.000   71.67635    2.67    1.84    3.25
20-07-2024 08:24:11.30   -0.00  10.734  22.544   19.234  102.8  10.09  14.000   71.63120    3.02    2.22    3.74
20-07-2024 08:24:11.54   -0.01  10.736  22.536   19.226  102.8  10.09  14.000   71.43875    3.02    2.22    3.74
20-07-2024 08:24:11.79    0.02  10.743  22.495   19.184  102.8  10.08  14.000   71.49723    3.35    1.96    3.52
20-07-2024 08:24:12.03    0.02  10.757  22.467   19.150  102.7  10.08  14.000   71.78737    2.83    2.40    3.36
20-07-2024 08:24:12.28    0.02  10.760  22.482   19.162  102.7  10.07  14.000   72.13450    2.98    1.96    3.67
20-07-2024 08:24:12.52    0.01  10.760  22.463   19.145  102.7  10.07  14.000   72.57044    3.06    2.14    3.21
20-07-2024 08:24:12.77    0.04  10.767  22.436   19.116  102.7  10.07  14.000   72.86725    2.87    1.88    3.32
20-07-2024 08:24:13.01    0.03  10.771  22.443   19.120  102.6  10.07  14.000   73.60814    2.87    1.88    3.32
20-07-2024 08:24:13.26    0.03  10.769  22.436   19.114  102.6  10.07  14.000   74.53185    3.03    2.31    2.80
20-07-2024 08:24:13.51    0.03  10.763  22.448   19.129  102.6  10.07  14.000   74.94707    2.82    2.01    2.98
20-07-2024 08:24:13.76    0.03  10.758  22.465   19.147  102.6  10.06  14.000   75.66946    3.18    2.64    2.91
20-07-2024 08:24:14.01   -0.01  10.753  22.467   19.152  102.6  10.07  14.000   76.34745    2.78    0.83    3.07
20-07-2024 08:24:14.25    0.05  10.755  22.466   19.150  102.6  10.06  14.000   76.84187    2.56    2.59    3.24
20-07-2024 08:24:14.50    0.03  10.758  22.477   19.158  102.6  10.06  14.000   77.31260    2.97    2.32    3.32
20-07-2024 08:24:14.74   -0.00  10.762  22.476   19.156  102.6  10.06  14.000   77.70932    2.97    2.32    3.32
20-07-2024 08:24:14.99    0.02  10.766  22.475   19.152  102.6  10.06  14.000   78.14897    2.70    1.69    3.04
20-07-2024 08:24:15.23    0.01  10.769  22.474   19.150  102.6  10.06  14.000   78.54866    2.74    1.87    3.23
20-07-2024 08:24:15.48    0.01  10.763  22.473   19.152  102.6  10.06  14.000   78.75368    3.23    3.11    3.18
20-07-2024 08:24:15.72    0.01  10.760  22.469   19.150  102.6  10.06  14.000   78.91355    3.12    1.91    2.83
20-07-2024 08:24:15.97   -0.01  10.760  22.487   19.167  102.5  10.06  14.000   79.05122    2.87    2.17    3.03
20-07-2024 08:24:16.21    0.05  10.759  22.484   19.164  102.5  10.05  14.000   79.45831    2.54    2.16    3.35
20-07-2024 08:24:16.46    0.01  10.756  22.487   19.169  102.4  10.05  14.000   79.59301    2.54    2.16    3.35
20-07-2024 08:24:16.70   -0.03  10.753  22.497   19.180  102.4  10.04  14.000   79.86613    2.59    2.23    2.98
20-07-2024 08:24:16.95   -0.01  10.750  22.499   19.183  102.4  10.04  14.000   80.37017    3.08    2.28    2.98
20-07-2024 08:24:17.20    0.02  10.749  22.506   19.190  102.3  10.04  14.000   80.74839    3.08    1.61    3.38
20-07-2024 08:24:17.44   -0.01  10.747  22.502   19.188  102.3  10.04  14.000   80.92455    2.93    2.00    3.12
20-07-2024 08:24:17.69   -0.01  10.744  22.503   19.190  102.3  10.04  14.000   81.41009    3.07    2.49    3.06
20-07-2024 08:24:17.94    0.00  10.745  22.510   19.196  102.3  10.03  14.000   81.62991    2.69    2.54    3.08
20-07-2024 08:24:18.18    0.01  10.747  22.508   19.193  102.3  10.03  14.000   81.76314    2.69    2.54    3.08
20-07-2024 08:24:18.43    0.04  10.749  22.507   19.191  102.3  10.03  14.000   81.89859    2.98    1.66    3.30
20-07-2024 08:24:18.67    0.04  10.753  22.500   19.182  102.3  10.03  14.000   82.23905    3.01    1.97    3.37
20-07-2024 08:24:18.92    0.06  10.758  22.497   19.177  102.3  10.03  14.000   82.23757    2.80    2.33    2.76
20-07-2024 08:24:19.16    0.11  10.760  22.509   19.187  102.4  10.04  14.000   82.36784    2.87    2.26    2.93
20-07-2024 08:24:19.41    0.18  10.762  22.491   19.170  102.4  10.05  14.000   82.48553    2.66    2.53    3.09
20-07-2024 08:24:19.65    0.23  10.770  22.449   19.126  102.4  10.04  14.000   82.82156    2.99    2.25    2.76
20-07-2024 08:24:19.90    0.24  10.773  22.467   19.142  102.4  10.05  14.000   82.27754    2.99    2.25    2.76
20-07-2024 08:24:20.14    0.30  10.772  22.460   19.136  102.4  10.05  14.000   82.51588    2.60    2.87    3.47
20-07-2024 08:24:20.39    0.30  10.772  22.459   19.134  102.4  10.05  14.000   82.48849    2.89    1.97    3.22
20-07-2024 08:24:20.63    0.31  10.773  22.460   19.135  102.4  10.04  14.000   82.39671    3.13    2.23    3.11
20-07-2024 08:24:20.89    0.30  10.772  22.458   19.133  102.4  10.04  14.000   82.90446    2.94    2.16    3.02
20-07-2024 08:24:21.14    0.32  10.769  22.455   19.132  102.4  10.04  14.000   82.32121    2.94    2.36    2.67
20-07-2024 08:24:21.38    0.26  10.768  22.454   19.132  102.4  10.04  14.000   82.31528    2.48    3.17    3.17
20-07-2024 08:24:21.62    0.28  10.768  22.456   19.133  102.4  10.04  14.000   82.31011    2.48    3.17    3.17
20-07-2024 08:24:21.87    0.29  10.767  22.453   19.132  102.4  10.04  14.000   82.69425    2.83    2.40    2.51
20-07-2024 08:24:22.12    0.27  10.766  22.451   19.130  102.4  10.04  14.000   82.55585    2.75    2.25    3.80
20-07-2024 08:24:22.36    0.30  10.766  22.456   19.135  102.4  10.04  14.000   82.71275    3.07    2.22    3.40
20-07-2024 08:24:22.61    0.33  10.763  22.468   19.148  102.3  10.04  14.000   81.16509    3.10    2.38    3.53
20-07-2024 08:24:22.85    0.38  10.764  22.476   19.155  102.4  10.04  14.000   81.40490    2.99    2.09    3.47
20-07-2024 08:24:23.10    0.44  10.765  22.474   19.152  102.4  10.04  14.000   64.99203    3.01    2.44    3.02
20-07-2024 08:24:23.34    0.55  10.765  22.468   19.146  102.4  10.04  14.000   34.49406    3.01    2.44    3.02
20-07-2024 08:24:23.59    0.73  10.768  22.455   19.133  102.4  10.04  14.000   29.61719    2.92    1.98    2.97
20-07-2024 08:24:23.83    0.91  10.772  22.460   19.135  102.4  10.04  14.000   33.85086    2.71    2.64    2.84
20-07-2024 08:24:24.08    1.20  10.775  22.445   19.120  102.4  10.04  14.000   28.32563    2.37    2.30    3.15
20-07-2024 08:24:24.32    1.37  10.750  22.691   19.362  102.4  10.04  14.000   26.17845    3.13    2.46    3.30
20-07-2024 08:24:24.57    1.46  10.722  22.802   19.481  102.4  10.03  14.000   27.47667    3.26    2.54    2.82
20-07-2024 08:24:24.82    1.52  10.693  22.805   19.499  102.3  10.03  14.000   26.19769    3.11    2.41    2.95
20-07-2024 08:24:25.07    1.60  10.703  22.772   19.463  102.2  10.02  14.000   23.21117    3.11    2.41    2.95
20-07-2024 08:24:25.31    1.69  10.702  22.853   19.539  102.2  10.02  14.000   23.35032    2.99    2.08    2.58
20-07-2024 08:24:25.56    1.77  10.681  22.888   19.583  102.3  10.03  14.000   23.67525    2.91    1.81    3.01
20-07-2024 08:24:25.80    1.84  10.649  22.936   19.645  102.5  10.04  14.000   21.79600    3.01    2.09    3.28
20-07-2024 08:24:26.05    1.93  10.655  22.770   19.486  102.5  10.06  14.000   20.70946    2.83    2.02    3.25
20-07-2024 08:24:26.29    2.04  10.689  22.648   19.354  102.6  10.06  14.000   21.03291    2.76    1.52    3.79
20-07-2024 08:24:26.54    2.07  10.732  22.547   19.237  102.5  10.06  14.000   20.46447    2.96    2.45    3.19
20-07-2024 08:24:26.80    2.17  10.744  22.580   19.261  102.6  10.06  14.000   18.83095    3.04    2.42    2.98
20-07-2024 08:24:27.03    2.23  10.700  22.824   19.513  102.8  10.07  14.000   18.43497    3.04    2.42    2.98
20-07-2024 08:24:27.27    2.32  10.622  22.967   19.688  102.9  10.09  14.000   18.50677    2.88    2.35    3.51
20-07-2024 08:24:27.52    2.44  10.074  23.733   20.717  104.4  10.29  14.000   17.72072    3.05    2.63    3.33
20-07-2024 08:24:27.76    2.53   9.739  24.145   21.309  104.9  10.38  14.000   17.06125    2.76    2.02    2.78
20-07-2024 08:24:28.01    2.59   9.486  24.635   21.937  105.5  10.47  14.000   16.92728    3.34    2.37    3.06
20-07-2024 08:24:28.26    2.72   9.539  24.744   22.011  104.8  10.38  14.000   16.45654    3.15    2.79    2.98
20-07-2024 08:24:28.51    2.79   8.513  27.385   25.323  106.1  10.53  14.000   15.74378    3.15    2.79    2.98
20-07-2024 08:24:28.76    2.90   7.804  27.748   26.215  106.4  10.68  14.000   15.32559    3.28    2.47    3.18
20-07-2024 08:24:29.00    2.99   7.487  28.282   27.017  106.3  10.68  14.000   14.93701    3.50    2.54    2.97
20-07-2024 08:24:29.25    3.10   6.987  28.496   27.639  106.8  10.82  14.000   14.62615    3.54    2.44    3.04
20-07-2024 08:24:29.49    3.18   6.682  28.727   28.134  106.2  10.80  14.000   14.27162    3.25    2.33    3.53
20-07-2024 08:24:29.74    3.26   6.817  28.381   27.651  104.8  10.66  14.000   13.91930    3.78    1.87    3.67
20-07-2024 08:24:29.98    3.36   6.807  28.497   27.784  104.3  10.60  14.000   13.58253    3.45    2.15    3.20
20-07-2024 08:24:30.23    3.45   6.690  28.645   28.039  104.4  10.63  14.000   13.39972    3.45    2.15    3.20
20-07-2024 08:24:30.47    3.56   6.449  28.782   28.386  104.6  10.68  14.000   13.06591    3.56    2.11    3.05
20-07-2024 08:24:30.72    3.67   6.078  29.051   28.993  105.2  10.79  14.000   12.86311    4.85    2.58    3.04
20-07-2024 08:24:30.96    3.76   6.078  29.041   28.982  104.9  10.76  14.000   12.68177    3.69    2.42    3.11
20-07-2024 08:24:31.21    3.84   6.159  29.027   28.897  104.5  10.71  14.000   12.40273    3.27    2.48    2.95
20-07-2024 08:24:31.45    3.91   6.155  29.037   28.912  104.7  10.73  14.000   12.17624    4.17    2.57    3.19
20-07-2024 08:24:31.70    4.05   6.130  29.134   29.040  104.4  10.70  14.000   11.98603    3.23    2.56    3.14
20-07-2024 08:24:31.95    4.15   6.027  29.237   29.241  104.9  10.76  14.000   11.90535    3.23    2.56    3.14
20-07-2024 08:24:32.20    4.22   5.951  29.224   29.292  105.2  10.81  14.000   11.69663    3.27    1.93    3.03
20-07-2024 08:24:32.44    4.33   5.865  29.277   29.426  105.5  10.85  14.000   11.36578    3.67    2.66    3.15
20-07-2024 08:24:32.69    4.39   5.828  29.270   29.451  105.7  10.88  14.000   11.24883    3.60    2.36    2.63
20-07-2024 08:24:32.93    4.51   5.836  29.259   29.432  106.0  10.91  14.000   11.17408    3.42    1.88    3.55
20-07-2024 08:24:33.18    4.60   5.830  29.281   29.461  106.3  10.94  14.000   10.89134    3.44    2.69    3.01
20-07-2024 08:24:33.42    4.68   5.778  29.281   29.506  106.7  10.99  14.000   10.70852    3.46    2.45    3.51
20-07-2024 08:24:33.67    4.77   5.764  29.252   29.487  107.1  11.04  14.000   10.62414    3.46    2.45    3.51
20-07-2024 08:24:33.91    4.84   5.748  29.277   29.528  107.5  11.08  14.000   10.42504    3.11    2.26    3.51
20-07-2024 08:24:34.16    4.93   5.742  29.278   29.534  108.0  11.13  14.000   10.28442    4.02    2.32    3.21
20-07-2024 08:24:34.40    5.03   5.746  29.284   29.537  108.3  11.16  14.000   10.15193    3.50    2.36    3.15
20-07-2024 08:24:34.65    5.10   5.753  29.282   29.530  108.7  11.21  14.000   10.02684    3.62    2.03    3.09
20-07-2024 08:24:34.89    5.18   5.743  29.255   29.507  109.2  11.25  14.000    9.88177    3.29    1.98    3.65
20-07-2024 08:24:35.14    5.28   5.717  29.248   29.523  109.6  11.31  14.000    9.67823    3.42    2.27    3.15
20-07-2024 08:24:35.38    5.34   5.705  29.254   29.540  110.0  11.35  14.000    9.60644    3.42    2.27    3.15
20-07-2024 08:24:35.64    5.43   5.700  29.248   29.537  110.5  11.40  14.000    9.51688    3.39    2.35    3.39
20-07-2024 08:24:35.88    5.52   5.691  29.244   29.541  110.8  11.44  14.000    9.33406    3.37    2.14    3.27
20-07-2024 08:24:36.13    5.58   5.682  29.243   29.548  111.3  11.49  14.000    9.17641    3.66    2.63    3.26
20-07-2024 08:24:36.38    5.67   5.674  29.237   29.547  111.7  11.53  14.000    9.15864    3.46    2.47    2.91
20-07-2024 08:24:36.62    5.71   5.658  29.226   29.549  112.1  11.58  14.000    9.04170    3.91    2.23    2.99
20-07-2024 08:24:36.87    5.81   5.637  29.213   29.554  112.5  11.62  14.000    8.83298    5.16    2.33    3.23
20-07-2024 08:24:37.11    5.86   5.609  29.199   29.562  112.9  11.68  14.000    8.82039    5.16    2.33    3.23
20-07-2024 08:24:37.36    5.93   5.578  29.187   29.576  113.3  11.73  14.000    8.83002    3.91    2.08    3.37
20-07-2024 08:24:37.60    5.97   5.530  29.169   29.598  113.8  11.78  14.000    8.74712    3.83    2.86    3.02
20-07-2024 08:24:37.85    5.98   5.515  29.166   29.608  114.1  11.82  14.000    8.64646    4.12    2.03    3.08
20-07-2024 08:24:38.09    6.02   5.511  29.175   29.621  114.4  11.85  14.000    8.68273    3.68    2.04    3.23
20-07-2024 08:24:38.34    6.08   5.508  29.161   29.609  114.8  11.89  14.000    8.69753    3.54    2.03    3.38
20-07-2024 08:24:38.58    6.09   5.484  29.148   29.615  115.1  11.93  14.000    8.61685    3.58    2.64    3.01
20-07-2024 08:24:38.83    6.13   5.476  29.137   29.610  115.4  11.96  14.000    8.54062    3.58    2.64    3.01
20-07-2024 08:24:39.07    6.16   5.454  29.126   29.618  115.7  12.00  14.000    8.55320    4.18    2.38    3.47
20-07-2024 08:24:39.32    6.19   5.429  29.095   29.604  115.9  12.04  14.000    8.56652    5.24    2.41    3.31
20-07-2024 08:24:39.57    6.24   5.404  29.085   29.615  116.2  12.07  14.000    8.51249    3.87    2.36    3.11
20-07-2024 08:24:39.82    6.25   5.389  29.075   29.618  116.4  12.09  14.000    8.45402    3.73    2.41    3.54
20-07-2024 08:24:40.06    6.29   5.364  29.060   29.622  116.6  12.12  14.000    8.40887    6.64    2.06    3.33
20-07-2024 08:24:40.31    6.35   5.321  29.038   29.635  116.9  12.16  14.000    8.43848    3.71    2.36    3.28
20-07-2024 08:24:40.55    6.36   5.269  29.024   29.667  117.2  12.21  14.000    8.37630    3.71    2.36    3.28
20-07-2024 08:24:40.80    6.41   5.230  28.995   29.668  117.5  12.25  14.000    8.34818    3.45    2.36    3.30
20-07-2024 08:24:41.04    6.46   5.191  28.980   29.685  117.7  12.29  14.000    8.32375    3.53    2.06    3.66
20-07-2024 08:24:41.29    6.49   5.145  28.963   29.708  118.1  12.33  14.000    8.32745    4.47    2.12    2.86
20-07-2024 08:24:41.54    6.54   5.092  28.947   29.737  118.3  12.37  14.000    8.23123    5.11    2.63    3.13
20-07-2024 08:24:41.78    6.64   5.053  28.935   29.757  118.5  12.40  14.000    8.22901    4.13    1.84    3.21
20-07-2024 08:24:42.02    6.67   5.010  28.934   29.794  118.7  12.44  14.000    8.23641    3.83    1.82    3.50
20-07-2024 08:24:42.27    6.70   4.982  28.924   29.809  118.9  12.46  14.000    8.15278    3.83    1.82    3.50
20-07-2024 08:24:42.51    6.76   4.958  28.903   29.806  119.0  12.48  14.000    8.13205    5.31    2.48    3.23
20-07-2024 08:24:42.76    6.82   4.934  28.869   29.788  119.1  12.50  14.000    8.14242    3.55    2.16    3.33
20-07-2024 08:24:43.02    6.85   4.889  28.844   29.800  119.3  12.53  14.000    8.10319    5.17    2.52    3.18
20-07-2024 08:24:43.26    6.91   4.848  28.815   29.804  119.4  12.55  14.000    8.07284    4.20    2.31    2.96
20-07-2024 08:24:43.51    6.96   4.801  28.792   29.820  119.5  12.57  14.000    8.12687    3.92    2.35    3.08
20-07-2024 08:24:43.75    7.01   4.753  28.781   29.849  119.6  12.60  14.000    8.10689    4.38    2.63    3.16
20-07-2024 08:24:44.00    7.06   4.712  28.757   29.860  119.7  12.62  14.000    8.05286    4.38    2.63    3.16
20-07-2024 08:24:44.24    7.12   4.653  28.724   29.875  119.9  12.66  14.000    8.04620    4.22    2.41    2.97
20-07-2024 08:24:44.49    7.13   4.593  28.698   29.899  120.0  12.69  14.000    8.04397    3.69    2.31    3.44
20-07-2024 08:24:44.73    7.23   4.522  28.658   29.918  120.1  12.72  14.000    7.98624    4.04    2.26    3.49
20-07-2024 08:24:44.98    7.28   4.468  28.626   29.930  120.2  12.75  14.000    7.94183    3.45    2.63    3.07
20-07-2024 08:24:45.22    7.34   4.407  28.593   29.947  120.3  12.77  14.000    7.96552    3.66    2.31    3.29
20-07-2024 08:24:45.47    7.38   4.354  28.563   29.961  120.3  12.79  14.000    7.90335    3.95    2.23    3.11
20-07-2024 08:24:45.71    7.42   4.280  28.537   29.997  120.4  12.82  14.000    7.85450    3.95    2.23    3.11
20-07-2024 08:24:45.96    7.50   4.210  28.524   30.046  120.5  12.85  14.000    7.83673    3.46    2.10    2.93
20-07-2024 08:24:46.20    7.53   4.174  28.496   30.046  120.6  12.87  14.000    7.79454    3.51    1.93    3.28
20-07-2024 08:24:46.45    7.59   4.139  28.467   30.045  120.6  12.88  14.000    7.72793    3.24    2.18    3.23
20-07-2024 08:24:46.70    7.67   4.078  28.434   30.062  120.6  12.90  14.000    7.70498    3.33    2.06    3.37
20-07-2024 08:24:46.95    7.72   4.023  28.408   30.082  120.7  12.92  14.000    7.67760    3.94    2.78    3.19
20-07-2024 08:24:47.19    7.81   3.953  28.376   30.109  120.7  12.95  14.000    7.63985    6.02    2.27    2.96
20-07-2024 08:24:47.44    7.85   3.898  28.348   30.126  120.8  12.97  14.000    7.56806    6.02    2.27    2.96
20-07-2024 08:24:47.69    7.91   3.839  28.313   30.141  120.8  13.00  14.000    7.55029    3.82    2.33    2.98
20-07-2024 08:24:47.93    7.95   3.777  28.271   30.148  120.8  13.02  14.000    7.50440    3.12    1.94    2.82
20-07-2024 08:24:48.18    8.06   3.715  28.235   30.163  120.8  13.03  14.000    7.43335    2.98    2.55    3.25
20-07-2024 08:24:48.42    8.10   3.652  28.206   30.187  120.8  13.05  14.000    7.36748    3.87    2.84    2.99
20-07-2024 08:24:48.67    8.18   3.595  28.186   30.217  120.8  13.07  14.000    7.35563    3.42    2.68    3.22
20-07-2024 08:24:48.91    8.25   3.523  28.178   30.274  120.9  13.09  14.000    7.28014    3.31    2.00    3.43
20-07-2024 08:24:49.16    8.34   3.467  28.163   30.308  120.9  13.11  14.000    7.21056    3.31    2.00    3.43
20-07-2024 08:24:49.40    8.41   3.420  28.154   30.341  121.0  13.13  14.000    7.12174    3.82    2.18    2.94
20-07-2024 08:24:49.65    8.51   3.393  28.134   30.343  121.0  13.14  14.000    7.07586    3.46    2.20    3.24
20-07-2024 08:24:49.89    8.57   3.367  28.104   30.331  120.9  13.14  14.000    6.98852    3.48    2.62    2.95
20-07-2024 08:24:50.14    8.67   3.336  28.075   30.326  120.8  13.14  14.000    6.92412    3.33    2.25    3.30
20-07-2024 08:24:50.39    8.75   3.282  28.065   30.365  120.9  13.16  14.000    6.83457    3.07    2.14    3.25
20-07-2024 08:24:50.63    8.84   3.251  28.061   30.389  120.9  13.17  14.000    6.76869    3.32    2.34    2.80
20-07-2024 08:24:50.88    8.94   3.224  28.044   30.394  120.8  13.18  14.000    6.68061    3.32    2.34    2.80
20-07-2024 08:24:51.13    9.01   3.194  28.029   30.404  120.8  13.18  14.000    6.62806    3.47    2.29    3.10
20-07-2024 08:24:51.37    9.10   3.171  27.990   30.379  120.8  13.19  14.000    6.56589    3.38    2.53    3.16
20-07-2024 08:24:51.62    9.18   3.132  27.949   30.366  120.7  13.19  14.000    6.50446    3.32    2.14    2.83
20-07-2024 08:24:51.86    9.28   3.071  27.925   30.395  120.7  13.21  14.000    6.42082    3.41    2.16    3.23
20-07-2024 08:24:52.11    9.38   3.017  27.899   30.416  120.7  13.23  14.000    6.38233    2.75    2.74    3.29
20-07-2024 08:24:52.35    9.45   2.975  27.890   30.444  120.7  13.24  14.000    6.32904    2.75    2.74    3.29
20-07-2024 08:24:52.60    9.52   2.933  27.880   30.471  120.7  13.25  14.000    6.26169    3.32    2.27    2.84
20-07-2024 08:24:52.84    9.62   2.902  27.876   30.496  120.7  13.26  14.000    6.19137    3.23    2.13    3.55
20-07-2024 08:24:53.09    9.70   2.882  27.866   30.503  120.7  13.26  14.000    6.12402    4.22    2.51    2.93
20-07-2024 08:24:53.33    9.80   2.866  27.862   30.513  120.6  13.26  14.000    6.06037    3.16    2.44    2.84
20-07-2024 08:24:53.58    9.88   2.855  27.863   30.525  120.6  13.26  14.000    6.01152    3.31    2.33    2.92
20-07-2024 08:24:53.82    9.98   2.847  27.860   30.529  120.6  13.26  14.000    5.91752    3.42    2.02    3.10
20-07-2024 08:24:54.08   10.04   2.839  27.848   30.522  120.6  13.26  14.000    5.87385    4.15    1.96    3.22
20-07-2024 08:24:54.32   10.16   2.829  27.831   30.511  120.5  13.26  14.000    5.83092    4.15    1.96    3.22
20-07-2024 08:24:54.57   10.25   2.812  27.824   30.519  120.5  13.26  14.000    5.75838    2.74    1.61    3.35
20-07-2024 08:24:54.81   10.33   2.797  27.816   30.523  120.5  13.27  14.000    5.72804    2.97    2.19    2.92
20-07-2024 08:24:55.06   10.43   2.782  27.803   30.521  120.5  13.27  14.000    5.66661    2.99    2.43    3.38
20-07-2024 08:24:55.30   10.48   2.764  27.782   30.514  120.5  13.28  14.000    5.63700    2.87    2.20    2.87
20-07-2024 08:24:55.55   10.60   2.743  27.764   30.512  120.5  13.28  14.000    5.59555    3.71    2.02    3.17
20-07-2024 08:24:55.79   10.70   2.725  27.762   30.526  120.4  13.29  14.000    5.55632    3.71    2.02    3.17
20-07-2024 08:24:56.04   10.76   2.709  27.768   30.549  120.4  13.29  14.000    5.52524    3.40    2.28    2.87
20-07-2024 08:24:56.28   10.89   2.698  27.770   30.561  120.4  13.29  14.000    5.49563    3.50    2.54    2.96
20-07-2024 08:24:56.53   10.93   2.690  27.764   30.561  120.5  13.30  14.000    5.46676    3.35    1.85    3.25
20-07-2024 08:24:56.77   11.05   2.679  27.741   30.544  120.4  13.30  14.000    5.41051    3.31    2.65    3.11
20-07-2024 08:24:57.02   11.12   2.659  27.723   30.542  120.4  13.31  14.000    5.38387    2.99    2.18    3.23
20-07-2024 08:24:57.27   11.22   2.630  27.719   30.564  120.5  13.32  14.000    5.34242    3.05    2.60    3.35
20-07-2024 08:24:57.51   11.31   2.614  27.716   30.575  120.5  13.33  14.000    5.30393    3.05    2.60    3.35
20-07-2024 08:24:57.76   11.38   2.596  27.687   30.558  120.5  13.33  14.000    5.28099    3.25    2.14    2.95
20-07-2024 08:24:58.01   11.49   2.570  27.667   30.558  120.5  13.34  14.000    5.24250    3.35    2.39    3.24
20-07-2024 08:24:58.26   11.57   2.544  27.643   30.554  120.4  13.35  14.000    5.17144    3.15    2.55    3.30
20-07-2024 08:24:58.50   11.66   2.505  27.620   30.563  120.4  13.36  14.000    5.14554    3.00    2.15    2.90
20-07-2024 08:24:58.75   11.73   2.460  27.601   30.584  120.4  13.37  14.000    5.08633    3.23    1.83    3.10
20-07-2024 08:24:58.99   11.81   2.421  27.578   30.591  120.5  13.39  14.000    5.05598    3.01    2.08    3.15
20-07-2024 08:24:59.24   11.90   2.386  27.562   30.607  120.4  13.39  14.000    5.00047    3.01    2.08    3.15
20-07-2024 08:24:59.48   11.97   2.337  27.559   30.650  120.5  13.41  14.000    4.97382    3.54    2.39    2.99
20-07-2024 08:24:59.73   12.07   2.307  27.551   30.668  120.5  13.42  14.000    4.93682    3.06    2.05    2.79
20-07-2024 08:24:59.97   12.14   2.290  27.539   30.670  120.4  13.42  14.000    4.84874    3.08    2.36    2.96
20-07-2024 08:25:00.22   12.21   2.265  27.528   30.681  120.4  13.43  14.000    4.79841    3.25    2.73    3.15
20-07-2024 08:25:00.46   12.36   2.239  27.520   30.696  120.4  13.43  14.000    4.76806    3.68    2.69    3.24
20-07-2024 08:25:00.71   12.40   2.218  27.508   30.702  120.4  13.44  14.000    4.71255    2.76    1.91    2.76
20-07-2024 08:25:00.95   12.53   2.198  27.469   30.673  120.4  13.44  14.000    4.67184    2.76    1.91    2.76
20-07-2024 08:25:01.20   12.60   2.164  27.370   30.584  120.3  13.45  14.000    4.61115    3.55    2.26    3.43
20-07-2024 08:25:01.45   12.68   2.085  27.228   30.485  120.2  13.48  14.000    4.58450    3.16    2.05    2.92
20-07-2024 08:25:01.70   12.79   1.973  27.116   30.454  120.1  13.52  14.000    4.52307    3.13    2.57    2.96
20-07-2024 08:25:01.95   12.90   1.860  27.108   30.553  120.2  13.56  14.000    4.45868    2.89    2.22    2.90
20-07-2024 08:25:02.19   13.01   1.771  27.173   30.721  120.3  13.58  14.000    4.41427    3.17    2.06    3.04
20-07-2024 08:25:02.44   13.07   1.741  27.212   30.799  120.4  13.60  14.000    4.37430    4.16    2.32    2.71
20-07-2024 08:25:02.68   13.15   1.744  27.237   30.827  120.4  13.59  14.000    4.34913    4.16    2.32    2.71
20-07-2024 08:25:02.93   13.26   1.759  27.227   30.800  120.3  13.58  14.000    4.30991    3.79    2.58    3.19
20-07-2024 08:25:03.17   13.32   1.760  27.220   30.789  120.2  13.57  14.000    4.27290    4.21    2.07    3.04
20-07-2024 08:25:03.42   13.43   1.751  27.244   30.828  120.2  13.57  14.000    4.21073    4.73    1.86    3.09
20-07-2024 08:25:03.66   13.53   1.752  27.313   30.914  120.2  13.56  14.000    4.17076    3.50    1.93    3.26
20-07-2024 08:25:03.91   13.62   1.785  27.374   30.956  120.2  13.55  14.000    4.14263    4.53    2.37    3.11
20-07-2024 08:25:04.15   13.69   1.837  27.371   30.903  120.1  13.52  14.000    4.11155    4.18    2.76    3.28
20-07-2024 08:25:04.40   13.80   1.863  27.349   30.849  120.0  13.51  14.000    4.07824    4.18    2.76    3.28
20-07-2024 08:25:04.64   13.89   1.857  27.310   30.806  120.0  13.51  14.000    4.04419    5.30    2.07    3.70
20-07-2024 08:25:04.89   13.98   1.829  27.255   30.765  119.9  13.52  14.000    3.99016    5.16    2.30    3.00
20-07-2024 08:25:05.15   14.06   1.781  27.220   30.769  119.9  13.53  14.000    3.99312    4.53    2.41    3.29
20-07-2024 08:25:05.38   14.17   1.723  27.189   30.786  120.0  13.56  14.000    3.95685    4.35    2.51    3.38
20-07-2024 08:25:05.63   14.25   1.658  27.172   30.829  120.1  13.59  14.000    3.91170    4.71    1.92    3.20
20-07-2024 08:25:05.88   14.36   1.627  27.150   30.831  120.0  13.59  14.000    3.87618    4.49    2.24    3.06
20-07-2024 08:25:06.12   14.44   1.600  27.121   30.822  120.0  13.60  14.000    3.85175    4.49    2.24    3.06
20-07-2024 08:25:06.37   14.49   1.565  27.069   30.792  120.0  13.61  14.000    3.81474    4.04    2.36    3.16
20-07-2024 08:25:06.61   14.56   1.507  27.023   30.790  120.0  13.63  14.000    3.78736    3.85    2.23    3.12
20-07-2024 08:25:06.86   14.68   1.439  26.978   30.800  120.0  13.66  14.000    3.75923    4.41    1.97    2.90
20-07-2024 08:25:07.10   14.75   1.391  26.931   30.789  120.0  13.67  14.000    3.73777    3.96    2.10    3.13
20-07-2024 08:25:07.35   14.86   1.332  26.881   30.784  119.9  13.69  14.000    3.69336    3.51    2.46    2.98
20-07-2024 08:25:07.59   14.95   1.261  26.844   30.807  119.9  13.71  14.000    3.65487    3.23    2.11    2.90
20-07-2024 08:25:07.84   15.03   1.190  26.836   30.866  119.9  13.74  14.000    3.62527    3.23    2.11    2.90
20-07-2024 08:25:08.08   15.11   1.151  26.823   30.889  119.9  13.74  14.000    3.59196    4.51    2.05    3.34
20-07-2024 08:25:08.33   15.19   1.129  26.816   30.901  119.9  13.74  14.000    3.56975    4.53    2.53    3.18
20-07-2024 08:25:08.57   15.29   1.112  26.810   30.911  119.9  13.75  14.000    3.52609    3.63    1.92    2.99
20-07-2024 08:25:08.82   15.39   1.100  26.799   30.909  119.8  13.75  14.000    3.49796    4.68    2.31    3.11
20-07-2024 08:25:09.07   15.48   1.089  26.784   30.900  119.7  13.74  14.000    3.45059    4.80    2.51    3.53
20-07-2024 08:25:09.32   15.58   1.073  26.773   30.902  119.6  13.74  14.000    3.40544    4.62    2.60    3.63
20-07-2024 08:25:09.56   15.65   1.058  26.772   30.916  119.6  13.74  14.000    3.38028    4.62    2.60    3.63
20-07-2024 08:25:09.81   15.75   1.044  26.768   30.924  119.5  13.74  14.000    3.36103    6.69    2.67    3.25
20-07-2024 08:25:10.05   15.84   1.034  26.761   30.926  119.6  13.74  14.000    3.32920    5.36    2.07    3.27
20-07-2024 08:25:10.30   15.95   1.023  26.762   30.938  119.5  13.74  14.000    3.30034    4.01    2.60    3.47
20-07-2024 08:25:10.54   16.06   1.019  26.787   30.974  119.5  13.74  14.000    3.30034    4.61    2.48    2.91
20-07-2024 08:25:10.79   16.13   1.026  26.828   31.019  119.5  13.73  14.000    3.22410    3.56    2.40    2.99
20-07-2024 08:25:11.03   16.21   1.053  26.866   31.040  119.5  13.71  14.000    3.20486    4.58    2.46    3.25
20-07-2024 08:25:11.28   16.28   1.092  26.892   31.034  119.4  13.69  14.000    3.16193    4.58    2.46    3.25
20-07-2024 08:25:11.52   16.35   1.124  26.885   30.993  119.4  13.68  14.000    3.15823    4.65    2.55    3.05
20-07-2024 08:25:11.77   16.44   1.133  26.873   30.969  119.3  13.67  14.000    3.12862    4.47    2.54    3.21
20-07-2024 08:25:12.02   16.56   1.127  26.875   30.978  119.3  13.67  14.000    3.08866    4.63    2.28    3.22
20-07-2024 08:25:12.26   16.65   1.120  26.865   30.971  119.3  13.67  14.000    3.05461    3.74    2.52    3.16
20-07-2024 08:25:12.51   16.73   1.112  26.854   30.966  119.3  13.68  14.000    3.05239    3.40    2.52    3.40
20-07-2024 08:25:12.76   16.82   1.097  26.849   30.975  119.2  13.68  14.000    3.01612    4.07    2.44    3.03
20-07-2024 08:25:13.01   16.91   1.082  26.845   30.984  119.3  13.68  14.000    2.97097    4.07    2.44    3.03
20-07-2024 08:25:13.25   16.99   1.071  26.848   30.999  119.3  13.69  14.000    2.95913    5.10    2.45    3.34
20-07-2024 08:25:13.50   17.07   1.069  26.856   31.011  119.3  13.69  14.000    2.94729    4.14    2.52    3.26
20-07-2024 08:25:13.74   17.18   1.069  26.857   31.012  119.3  13.69  14.000    2.90880    4.53    2.51    3.30
20-07-2024 08:25:13.99   17.25   1.069  26.851   31.005  119.3  13.69  14.000    2.90806    4.39    2.23    2.91
20-07-2024 08:25:14.23   17.33   1.065  26.839   30.992  119.2  13.68  14.000    2.87105    4.90    2.46    3.31
20-07-2024 08:25:14.48   17.41   1.055  26.831   30.992  119.2  13.68  14.000    2.84218    4.34    2.03    3.11
20-07-2024 08:25:14.72   17.52   1.040  26.825   31.000  119.2  13.69  14.000    2.82664    4.34    2.03    3.11
20-07-2024 08:25:14.97   17.58   1.030  26.811   30.993  119.2  13.69  14.000    2.80370    4.48    2.31    3.51
20-07-2024 08:25:15.21   17.69   1.017  26.804   30.996  119.1  13.69  14.000    2.76743    5.69    2.33    3.00
20-07-2024 08:25:15.46   17.79   1.003  26.789   30.991  119.1  13.70  14.000    2.74671    6.56    2.59    2.94
20-07-2024 08:25:15.70   17.84   0.983  26.776   30.995  119.1  13.70  14.000    2.72672    4.43    2.61    3.11
20-07-2024 08:25:15.95   17.97   0.965  26.762   30.995  119.1  13.70  14.000    2.68971    3.58    2.39    3.31
20-07-2024 08:25:16.21   18.03   0.949  26.754   31.001  119.1  13.71  14.000    2.68231    3.99    2.07    2.84
20-07-2024 08:25:16.44   18.15   0.931  26.739   31.000  119.1  13.71  14.000    2.65567    3.99    2.07    2.84
20-07-2024 08:25:16.69   18.18   0.916  26.721   30.991  119.0  13.71  14.000    2.63346    4.29    2.61    3.25
20-07-2024 08:25:16.94   18.29   0.898  26.704   30.987  119.0  13.71  14.000    2.61422    3.61    2.79    2.96
20-07-2024 08:25:17.18   18.38   0.879  26.690   30.988  118.9  13.71  14.000    2.58831    4.45    2.62    3.00
20-07-2024 08:25:17.43   18.49   0.855  26.677   30.995  118.9  13.72  14.000    2.57277    4.05    2.43    3.18
20-07-2024 08:25:17.68   18.57   0.832  26.662   30.999  118.9  13.73  14.000    2.53058    3.78    1.64    3.24
20-07-2024 08:25:17.92   18.64   0.816  26.649   30.998  118.8  13.73  14.000    2.50468    5.94    2.46    2.99
20-07-2024 08:25:18.16   18.72   0.801  26.647   31.011  118.8  13.73  14.000    2.48765    5.94    2.46    2.99
20-07-2024 08:25:18.41   18.79   0.787  26.642   31.019  118.7  13.73  14.000    2.46841    4.00    2.32    3.37
20-07-2024 08:25:18.66   18.90   0.774  26.645   31.035  118.7  13.73  14.000    2.44768    3.74    2.18    3.42
20-07-2024 08:25:18.90   18.96   0.766  26.648   31.047  118.7  13.73  14.000    2.42992    4.25    2.35    3.24
20-07-2024 08:25:19.15   19.04   0.765  26.653   31.054  118.7  13.73  14.000    2.42252    4.59    2.22    3.51
20-07-2024 08:25:19.39   19.13   0.766  26.654   31.054  118.7  13.72  14.000    2.39957    3.27    1.94    2.93
20-07-2024 08:25:19.64   19.22   0.764  26.637   31.035  118.6  13.71  14.000    2.38921    3.51    1.75    3.63
20-07-2024 08:25:19.89   19.30   0.754  26.584   30.978  118.5  13.71  14.000    2.36035    3.51    1.75    3.63
20-07-2024 08:25:20.13   19.41   0.704  26.498   30.916  118.4  13.72  14.000    2.33000    5.22    2.64    3.17
20-07-2024 08:25:20.38   19.49   0.635  26.411   30.874  118.3  13.74  14.000    2.31520    5.08    2.17    3.48
20-07-2024 08:25:20.63   19.55   0.540  26.371   30.917  118.3  13.78  14.000    2.28115    5.74    2.34    3.06
20-07-2024 08:25:20.87   19.67   0.464  26.335   30.947  118.3  13.80  14.000    2.27967    3.80    2.68    3.20
20-07-2024 08:25:21.12   19.75   0.396  26.313   30.987  118.3  13.83  14.000    2.24858    4.10    2.36    2.73
20-07-2024 08:25:21.36   19.83   0.350  26.305   31.023  118.3  13.83  14.000    2.24044    4.77    2.67    3.58
20-07-2024 08:25:21.61   19.90   0.317  26.292   31.039  118.2  13.83  14.000    2.21232    4.77    2.67    3.58
20-07-2024 08:25:21.85   19.99   0.287  26.296   31.075  118.2  13.84  14.000    2.20491    4.54    2.15    3.29
20-07-2024 08:25:22.10   20.07   0.272  26.322   31.123  118.1  13.84  14.000    2.17827    3.32    2.19    3.41
20-07-2024 08:25:22.34   20.15   0.280  26.371   31.180  118.1  13.82  14.000    2.15162    5.50    2.18    3.35
20-07-2024 08:25:22.59   20.22   0.311  26.423   31.215  118.1  13.80  14.000    2.14866    4.05    2.18    3.04
20-07-2024 08:25:22.83   20.31   0.355  26.448   31.204  118.0  13.78  14.000    2.11980    5.45    1.98    3.16
20-07-2024 08:25:23.08   20.39   0.396  26.462   31.179  117.9  13.75  14.000    2.12942    3.78    2.72    3.46
20-07-2024 08:25:23.32   20.49   0.424  26.462   31.150  117.7  13.73  14.000    2.10425    3.78    2.72    3.46
20-07-2024 08:25:23.58   20.60   0.431  26.437   31.112  117.7  13.72  14.000    2.06725    4.02    1.93    3.17
20-07-2024 08:25:23.82   20.67   0.417  26.404   31.083  117.6  13.72  14.000    2.06428    3.33    1.96    2.86
20-07-2024 08:25:24.07   20.75   0.389  26.390   31.092  117.6  13.73  14.000    2.03542    3.68    2.11    3.29
20-07-2024 08:25:24.32   20.84   0.359  26.385   31.117  117.6  13.74  14.000    2.01914    4.54    2.46    3.08
20-07-2024 08:25:24.56   20.93   0.343  26.405   31.159  117.6  13.74  14.000    2.01840    3.73    2.31    3.28
20-07-2024 08:25:24.81   21.02   0.347  26.415   31.168  117.5  13.73  14.000    1.97991    4.99    2.42    3.30
20-07-2024 08:25:25.05   21.07   0.356  26.423   31.169  117.5  13.73  14.000    1.96732    4.99    2.42    3.30
20-07-2024 08:25:25.30   21.19   0.365  26.429   31.168  117.5  13.72  14.000    1.95326    4.14    2.34    2.94
20-07-2024 08:25:25.54   21.27   0.371  26.434   31.169  117.4  13.71  14.000    1.92810    4.45    2.20    3.10
20-07-2024 08:25:25.79   21.37   0.377  26.439   31.168  117.4  13.70  14.000    1.91625    4.27    2.34    3.53
20-07-2024 08:25:26.03   21.44   0.380  26.432   31.155  117.3  13.70  14.000    1.90145    4.40    2.61    2.88
20-07-2024 08:25:26.28   21.51   0.377  26.424   31.149  117.3  13.70  14.000    1.86666    3.85    1.97    3.04
20-07-2024 08:25:26.52   21.61   0.370  26.412   31.140  117.2  13.69  14.000    1.86222    5.13    2.33    3.37
20-07-2024 08:25:26.77   21.69   0.357  26.401   31.138  117.2  13.70  14.000    1.84890    5.13    2.33    3.37
20-07-2024 08:25:27.02   21.77   0.345  26.399   31.148  117.2  13.70  14.000    1.83410    3.93    1.86    3.37
20-07-2024 08:25:27.26   21.84   0.338  26.396   31.152  117.2  13.69  14.000    1.82744    3.63    2.59    3.17
20-07-2024 08:25:27.51   21.93   0.329  26.394   31.158  117.1  13.69  14.000    1.80079    3.83    2.39    3.12
20-07-2024 08:25:27.76   22.04   0.323  26.395   31.165  117.1  13.70  14.000    1.77118    4.45    2.78    3.31
20-07-2024 08:25:28.00   22.12   0.321  26.396   31.169  117.1  13.69  14.000    1.77563    3.82    1.99    3.24
20-07-2024 08:25:28.25   22.23   0.317  26.390   31.166  117.1  13.69  14.000    1.79191    5.49    2.41    3.14
20-07-2024 08:25:28.49   22.29   0.312  26.389   31.169  117.0  13.69  14.000    1.73270    5.49    2.41    3.14
20-07-2024 08:25:28.74   22.38   0.310  26.388   31.170  117.0  13.69  14.000    1.73640    3.91    2.47    3.18
20-07-2024 08:25:28.98   22.43   0.307  26.386   31.170  117.0  13.68  14.000    1.71789    4.50    1.98    3.15
20-07-2024 08:25:29.23   22.52   0.302  26.382   31.169  116.9  13.68  14.000    1.69717    4.35    2.39    3.02
20-07-2024 08:25:29.47   22.62   0.298  26.380   31.171  116.9  13.68  14.000    1.67941    4.51    2.31    3.52
20-07-2024 08:25:29.72   22.69   0.295  26.379   31.173  116.9  13.68  14.000    1.67422    3.29    2.59    2.93
20-07-2024 08:25:29.97   22.78   0.291  26.375   31.171  116.9  13.68  14.000    1.67126    4.32    2.74    3.11
20-07-2024 08:25:30.21   22.87   0.287  26.367   31.166  116.8  13.67  14.000    1.63278    4.32    2.74    3.11
20-07-2024 08:25:30.46   22.97   0.280  26.365   31.169  116.8  13.67  14.000    1.63204    4.07    2.41    3.12
20-07-2024 08:25:30.70   23.05   0.271  26.358   31.170  116.8  13.67  14.000    1.62019    4.05    2.43    3.47
20-07-2024 08:25:30.95   23.14   0.263  26.355   31.174  116.8  13.67  14.000    1.60465    4.31    2.59    3.17
20-07-2024 08:25:31.20   23.22   0.255  26.352   31.177  116.7  13.67  14.000    1.59133    4.13    2.24    3.24
20-07-2024 08:25:31.45   23.29   0.250  26.349   31.179  116.7  13.67  14.000    1.57726    3.39    2.29    2.94
20-07-2024 08:25:31.69   23.37   0.244  26.344   31.178  116.6  13.66  14.000    1.58023    4.10    2.12    3.01
20-07-2024 08:25:31.93   23.43   0.237  26.337   31.178  116.6  13.66  14.000    1.55284    4.10    2.12    3.01
20-07-2024 08:25:32.18   23.54   0.230  26.329   31.174  116.6  13.66  14.000    1.53804    3.31    2.06    3.43
20-07-2024 08:25:32.43   23.65   0.220  26.326   31.180  116.5  13.66  14.000    1.52915    3.90    1.90    3.39
20-07-2024 08:25:32.67   23.72   0.211  26.321   31.182  116.5  13.66  14.000    1.52175    3.64    1.95    3.25
20-07-2024 08:25:32.92   23.79   0.205  26.320   31.187  116.5  13.66  14.000    1.50399    3.61    2.47    3.27
20-07-2024 08:25:33.16   23.89   0.198  26.314   31.186  116.5  13.66  14.000    1.47808    3.55    1.88    3.00
20-07-2024 08:25:33.41   23.96   0.194  26.310   31.185  116.4  13.66  14.000    1.48697    3.55    1.88    3.00
20-07-2024 08:25:33.65   24.06   0.186  26.305   31.187  116.4  13.66  14.000    1.46846    2.84    2.20    3.17
20-07-2024 08:25:33.90   24.14   0.181  26.299   31.184  116.4  13.66  14.000    1.46106    4.01    1.72    3.14
20-07-2024 08:25:34.14   24.24   0.173  26.293   31.184  116.3  13.65  14.000    1.44256    3.25    1.92    3.01
20-07-2024 08:25:34.39   24.31   0.163  26.288   31.187  116.3  13.66  14.000    1.43071    3.35    2.12    3.28
20-07-2024 08:25:34.64   24.37   0.154  26.280   31.186  116.3  13.66  14.000    1.41147    4.02    2.03    2.82
20-07-2024 08:25:34.88   24.47   0.145  26.271   31.184  116.3  13.66  14.000    1.38779    3.20    2.29    3.20
20-07-2024 08:25:35.13   24.57   0.133  26.261   31.182  116.2  13.66  14.000    1.40925    3.42    2.40    3.29
20-07-2024 08:25:35.38   24.66   0.122  26.253   31.183  116.2  13.66  14.000    1.37372    3.42    2.40    3.29
20-07-2024 08:25:35.62   24.77   0.112  26.252   31.192  116.2  13.66  14.000    1.35152    4.69    2.28    3.14
20-07-2024 08:25:35.87   24.82   0.105  26.259   31.209  116.2  13.66  14.000    1.36114    3.89    2.44    2.82
20-07-2024 08:25:36.11   24.89   0.102  26.272   31.229  116.1  13.65  14.000    1.35818    4.02    2.28    3.34
20-07-2024 08:25:36.36   25.01   0.108  26.269   31.218  116.1  13.65  14.000    1.33746    4.49    2.63    3.07
20-07-2024 08:25:36.60   25.09   0.113  26.292   31.243  116.1  13.64  14.000    1.31303    4.80    2.41    3.02
20-07-2024 08:25:36.85   25.17   0.125  26.310   31.254  116.1  13.63  14.000    1.30785    4.80    2.41    3.02
20-07-2024 08:25:37.09   25.25   0.142  26.320   31.250  116.0  13.63  14.000    1.30489    3.18    2.17    3.34
20-07-2024 08:25:37.34   25.34   0.156  26.320   31.235  116.0  13.61  14.000    1.31451    3.41    2.37    3.47
20-07-2024 08:25:37.58   25.41   0.163  26.318   31.226  115.9  13.61  14.000    1.28342    3.81    2.39    3.31
20-07-2024 08:25:37.83   25.51   0.163  26.310   31.216  115.9  13.61  14.000    1.27232    3.43    2.21    3.27
20-07-2024 08:25:38.08   25.58   0.158  26.290   31.195  115.9  13.60  14.000    1.26640    4.04    2.36    3.04
20-07-2024 08:25:38.33   25.71   0.137  26.251   31.164  115.8  13.61  14.000    1.25456    3.63    2.31    3.02
20-07-2024 08:25:38.57   25.78   0.094  26.231   31.182  115.9  13.63  14.000    1.24050    3.63    2.31    3.02
20-07-2024 08:25:38.82   25.83   0.066  26.224   31.203  115.9  13.64  14.000    1.20571    4.45    2.17    3.23
20-07-2024 08:25:39.07   25.97   0.051  26.227   31.221  115.8  13.63  14.000    1.21607    4.32    2.22    3.21
20-07-2024 08:25:39.31   26.02   0.042  26.228   31.231  115.8  13.64  14.000    1.21015    4.97    2.37    3.15
20-07-2024 08:25:39.56   26.15   0.035  26.230   31.240  115.8  13.63  14.000    1.18202    4.05    2.47    3.36
20-07-2024 08:25:39.80   26.22   0.032  26.231   31.246  115.7  13.63  14.000    1.19609    5.53    2.84    3.40
20-07-2024 08:25:40.05   26.30   0.029  26.232   31.250  115.7  13.63  14.000    1.17684    7.98    2.36    3.06
20-07-2024 08:25:40.29   26.40   0.028  26.232   31.251  115.7  13.62  14.000    1.15686    7.98    2.36    3.06
20-07-2024 08:25:40.54   26.48   0.026  26.233   31.254  115.6  13.62  14.000    1.12799    4.70    2.40    2.89
20-07-2024 08:25:40.78   26.56   0.025  26.232   31.254  115.6  13.62  14.000    1.14280    5.27    2.43    3.16
20-07-2024 08:25:41.03   26.65   0.022  26.233   31.258  115.6  13.61  14.000    1.11689    8.44    2.41    3.55
20-07-2024 08:25:41.27   26.75   0.021  26.235   31.261  115.5  13.61  14.000    1.09543    6.91    2.41    3.36
20-07-2024 08:25:41.52   26.80   0.020  26.240   31.270  115.5  13.60  14.000    1.09765    5.91    2.53    3.31
20-07-2024 08:25:41.76   26.90   0.020  26.244   31.273  115.5  13.60  14.000    1.08876    8.22    2.16    3.38
20-07-2024 08:25:42.01   26.95   0.022  26.250   31.281  115.4  13.60  14.000    1.07618    8.22    2.16    3.38
20-07-2024 08:25:42.26   27.10   0.024  26.260   31.291  115.4  13.59  14.000    1.04213    6.27    2.96    3.67
20-07-2024 08:25:42.51   27.17   0.025  26.259   31.289  115.4  13.59  14.000    1.07248    7.08    2.96    3.59
20-07-2024 08:25:42.75   27.27   0.021  26.257   31.290  115.3  13.58  14.000    1.04880    6.38    2.41    3.63
20-07-2024 08:25:43.00   27.34   0.014  26.253   31.292  115.3  13.58  14.000    1.01031    6.82    2.73    3.95
20-07-2024 08:25:43.24   27.41   0.005  26.245   31.290  115.3  13.58  14.000    1.01549    5.59    2.42    3.48
20-07-2024 08:25:43.49   27.51  -0.006  26.236   31.291  115.3  13.58  14.000    1.00661    5.51    3.08    3.35
20-07-2024 08:25:43.73   27.58  -0.020  26.232   31.299  115.2  13.58  14.000    0.98292    5.51    3.08    3.35
20-07-2024 08:25:43.98   27.67  -0.032  26.231   31.311  115.2  13.59  14.000    0.98144    4.84    3.07    4.04
20-07-2024 08:25:44.22   27.80  -0.041  26.230   31.317  115.2  13.58  14.000    0.97330    9.73    3.24    3.46
20-07-2024 08:25:44.47   27.83  -0.045  26.229   31.320  115.1  13.58  14.000    0.94739    7.05    2.39    3.19
20-07-2024 08:25:44.71   27.94  -0.049  26.228   31.323  115.1  13.58  14.000    0.94221    6.13    2.62    3.37
20-07-2024 08:25:44.96   28.02  -0.054  26.227   31.326  115.1  13.58  14.000    0.94665    5.86    2.27    3.58
20-07-2024 08:25:45.20   28.09  -0.058  26.237   31.344  115.1  13.58  14.000    0.92593    6.34    2.50    3.85
20-07-2024 08:25:45.45   28.20  -0.055  26.229   31.331  115.0  13.57  14.000    0.91039    6.34    2.50    3.85
20-07-2024 08:25:45.70   28.30  -0.059  26.201   31.299  115.0  13.57  14.000    0.89484    8.66    2.11    3.73
20-07-2024 08:25:45.95   28.36  -0.081  26.182   31.295  114.9  13.57  14.000    0.88966    7.60    2.61    3.63
20-07-2024 08:25:46.20   28.43  -0.101  26.164   31.292  114.9  13.57  14.000    0.87930    5.35    2.43    3.47
20-07-2024 08:25:46.44   28.55  -0.126  26.144   31.291  114.8  13.57  14.000    0.87116    7.11    2.03    3.60
20-07-2024 08:25:46.69   28.63  -0.145  26.138   31.303  114.8  13.58  14.000    0.84969    7.02    2.31    3.33
20-07-2024 08:25:46.93   28.71  -0.165  26.134   31.319  114.8  13.58  14.000    0.85710    4.70    2.78    3.50
20-07-2024 08:25:47.18   28.79  -0.182  26.130   31.331  114.7  13.58  14.000    0.83045    4.70    2.78    3.50
20-07-2024 08:25:47.42   28.88  -0.193  26.128   31.339  114.7  13.58  14.000    0.83045    6.77    2.21    4.03
20-07-2024 08:25:47.67   28.96  -0.202  26.129   31.349  114.6  13.58  14.000    0.83637    7.01    2.39    3.52
20-07-2024 08:25:47.91   29.01  -0.207  26.128   31.353  114.6  13.57  14.000    0.81787    4.86    2.88    3.33
20-07-2024 08:25:48.16   29.11  -0.211  26.126   31.355  114.5  13.57  14.000    0.80233    4.85    2.35    3.52
20-07-2024 08:25:48.40   29.24  -0.217  26.122   31.355  114.5  13.56  14.000    0.80010    5.61    2.53    3.35
20-07-2024 08:25:48.65   29.28  -0.223  26.118   31.356  114.4  13.56  14.000    0.79122    5.71    2.95    3.42
20-07-2024 08:25:48.89   29.39  -0.230  26.114   31.359  114.4  13.55  14.000    0.77568    5.71    2.95    3.42
20-07-2024 08:25:49.14   29.47  -0.234  26.113   31.362  114.3  13.55  14.000    0.77938    4.81    2.62    3.34
20-07-2024 08:25:49.39   29.58  -0.240  26.111   31.364  114.3  13.54  14.000    0.77124    6.58    2.59    3.88
20-07-2024 08:25:49.63   29.65  -0.245  26.108   31.365  114.2  13.54  14.000    0.77938    4.93    2.84    3.40
20-07-2024 08:25:49.88   29.72  -0.248  26.109   31.370  114.1  13.53  14.000    0.76162    6.35    2.93    3.13
20-07-2024 08:25:50.13   29.79  -0.251  26.109   31.373  114.1  13.53  14.000    0.74903    5.88    2.43    3.24
20-07-2024 08:25:50.37   29.90  -0.254  26.110   31.377  114.0  13.52  14.000    0.74977    4.26    1.91    3.36
20-07-2024 08:25:50.62   29.98  -0.255  26.110   31.380  114.0  13.51  14.000    0.74459    4.26    1.91    3.36
20-07-2024 08:25:50.87   30.05  -0.257  26.110   31.380  113.9  13.51  14.000    0.71425    4.06    2.42    3.32
20-07-2024 08:25:51.11   30.14  -0.256  26.111   31.381  113.9  13.50  14.000    0.71425    4.16    2.57    3.15
20-07-2024 08:25:51.36   30.22  -0.257  26.112   31.383  113.8  13.50  14.000    0.71795    4.89    2.60    3.14
20-07-2024 08:25:51.60   30.27  -0.257  26.113   31.384  113.8  13.49  14.000    0.71795    4.87    2.76    3.27
20-07-2024 08:25:51.85   30.36  -0.255  26.115   31.385  113.7  13.48  14.000    0.68390    5.21    2.63    3.20
20-07-2024 08:25:52.09   30.45  -0.254  26.115   31.384  113.6  13.47  14.000    0.69426    6.14    2.50    3.15
20-07-2024 08:25:52.33   30.55  -0.254  26.115   31.384  113.6  13.47  14.000    0.68168    6.14    2.50    3.15
20-07-2024 08:25:52.58   30.65  -0.254  26.114   31.383  113.5  13.46  14.000    0.67798    3.35    2.34    3.28
20-07-2024 08:25:52.83   30.72  -0.256  26.116   31.387  113.5  13.46  14.000    0.68760    4.79    2.16    3.11
20-07-2024 08:25:53.08   30.81  -0.257  26.116   31.388  113.4  13.45  14.000    0.66244    4.75    2.92    2.98
20-07-2024 08:25:53.32   30.91  -0.259  26.113   31.386  113.4  13.44  14.000    0.66984    3.81    2.23    3.40
20-07-2024 08:25:53.57   30.98  -0.260  26.111   31.385  113.3  13.44  14.000    0.66244    4.38    2.63    3.40
20-07-2024 08:25:53.82   31.06  -0.262  26.111   31.386  113.3  13.43  14.000    0.63209    5.69    2.25    3.51
20-07-2024 08:25:54.06   31.13  -0.264  26.111   31.388  113.2  13.43  14.000    0.63209    5.69    2.25    3.51
20-07-2024 08:25:54.31   31.22  -0.264  26.112   31.391  113.2  13.42  14.000    0.64245    3.56    2.20    3.16
20-07-2024 08:25:54.55   31.32  -0.265  26.111   31.390  113.1  13.41  14.000    0.63283    4.51    2.08    3.34
20-07-2024 08:25:54.80   31.39  -0.265  26.110   31.389  113.1  13.41  14.000    0.62987    3.91    2.32    3.19
20-07-2024 08:25:55.04   31.47  -0.266  26.109   31.388  113.0  13.40  14.000    0.63875    4.99    2.49    3.48
20-07-2024 08:25:55.29   31.56  -0.267  26.109   31.388  113.0  13.40  14.000    0.61729    5.67    2.44    3.26
20-07-2024 08:25:55.53   31.62  -0.268  26.109   31.390  112.9  13.39  14.000    0.60692    3.72    2.25    3.12
20-07-2024 08:25:55.77   31.74  -0.270  26.107   31.388  112.9  13.39  14.000    0.59878    3.72    2.25    3.12
20-07-2024 08:25:56.02   31.82  -0.271  26.106   31.389  112.8  13.38  14.000    0.59952    4.04    2.44    3.07
20-07-2024 08:25:56.27   31.90  -0.273  26.107   31.392  112.8  13.38  14.000    0.60322    3.51    2.12    3.46
20-07-2024 08:25:56.51   31.97  -0.273  26.108   31.394  112.8  13.37  14.000    0.57362    4.36    1.79    3.64
20-07-2024 08:25:56.76   32.06  -0.274  26.106   31.392  112.7  13.37  14.000    0.58990    4.91    2.57    3.15
20-07-2024 08:25:57.01   32.12  -0.274  26.107   31.393  112.7  13.37  14.000    0.57362    3.33    2.21    3.18
20-07-2024 08:25:57.26   32.21  -0.275  26.110   31.399  112.6  13.36  14.000    0.57140    3.66    2.24    3.23
20-07-2024 08:25:57.50   32.31  -0.273  26.125   31.416  112.6  13.35  14.000    0.56326    3.66    2.24    3.23
20-07-2024 08:25:57.75   32.40  -0.264  26.132   31.416  112.6  13.35  14.000    0.56326    5.42    2.44    3.12
20-07-2024 08:25:57.99   32.48  -0.255  26.139   31.416  112.5  13.34  14.000    0.55437    3.94    2.62    3.15
20-07-2024 08:25:58.24   32.56  -0.246  26.145   31.414  112.5  13.33  14.000    0.54549    5.43    2.45    3.23
20-07-2024 08:25:58.48   32.63  -0.239  26.148   31.411  112.4  13.32  14.000    0.54845    3.66    1.96    3.11
20-07-2024 08:25:58.73   32.73  -0.234  26.169   31.434  112.4  13.32  14.000    0.53217    4.78    2.48    3.41
20-07-2024 08:25:58.97   32.78  -0.223  26.189   31.448  112.4  13.31  14.000    0.52329    3.50    2.05    3.36
20-07-2024 08:25:59.22   32.91  -0.207  26.201   31.447  112.4  13.30  14.000    0.53957    3.50    2.05    3.36
20-07-2024 08:25:59.46   33.00  -0.189  26.205   31.434  112.3  13.29  14.000    0.52403    3.91    2.07    3.15
20-07-2024 08:25:59.71   33.07  -0.176  26.216   31.435  112.3  13.28  14.000    0.51515    3.07    2.16    3.43
20-07-2024 08:25:59.95   33.15  -0.168  26.224   31.438  112.3  13.28  14.000    0.51515    2.94    2.28    2.88
20-07-2024 08:26:00.21   33.25  -0.158  26.232   31.437  112.3  13.27  14.000    0.51145    3.60    2.36    3.30
20-07-2024 08:26:00.45   33.33  -0.147  26.240   31.437  112.2  13.26  14.000    0.51811    3.26    2.36    3.12
20-07-2024 08:26:00.70   33.46  -0.139  26.248   31.438  112.2  13.25  14.000    0.50848    3.72    2.37    3.48
20-07-2024 08:26:00.94   33.51  -0.131  26.248   31.431  112.2  13.25  14.000    0.49738    3.72    2.37    3.48
20-07-2024 08:26:01.19   33.60  -0.126  26.248   31.426  112.1  13.25  14.000    0.47740    4.85    2.25    3.44
20-07-2024 08:26:01.44   33.69  -0.126  26.242   31.417  112.1  13.24  14.000    0.48036    6.16    2.21    2.98
20-07-2024 08:26:01.68   33.78  -0.129  26.235   31.412  112.1  13.24  14.000    0.48702    3.56    2.49    3.25
20-07-2024 08:26:01.93   33.85  -0.136  26.232   31.415  112.1  13.24  14.000    0.46630    3.33    2.39    3.04
20-07-2024 08:26:02.17   33.94  -0.143  26.228   31.417  112.1  13.25  14.000    0.46926    2.94    2.47    2.87
20-07-2024 08:26:02.42   34.02  -0.150  26.224   31.417  112.1  13.25  14.000    0.46037    3.66    2.28    3.27
20-07-2024 08:26:02.66   34.12  -0.157  26.217   31.416  112.0  13.25  14.000    0.45667    3.66    2.28    3.27
20-07-2024 08:26:02.91   34.19  -0.163  26.214   31.419  112.0  13.25  14.000    0.44705    3.78    2.39    3.23
20-07-2024 08:26:03.15   34.27  -0.169  26.210   31.420  112.0  13.25  14.000    0.45149    4.90    2.51    3.40
20-07-2024 08:26:03.40   34.38  -0.176  26.206   31.421  112.0  13.25  14.000    0.45223    3.40    2.72    2.97
20-07-2024 08:26:03.64   34.43  -0.182  26.203   31.423  112.0  13.25  14.000    0.44557    2.85    2.69    2.90
20-07-2024 08:26:03.89   34.54  -0.184  26.197   31.418  111.9  13.24  14.000    0.44409    4.32    1.84    3.27
20-07-2024 08:26:04.14   34.61  -0.192  26.189   31.415  111.9  13.24  14.000    0.45963    5.06    2.51    3.35
20-07-2024 08:26:04.38   34.70  -0.201  26.185   31.419  111.9  13.25  14.000    0.44187    5.06    2.51    3.35
20-07-2024 08:26:04.63   34.80  -0.209  26.181   31.422  111.9  13.25  14.000    0.43891    3.02    1.91    2.86
20-07-2024 08:26:04.88   34.88  -0.215  26.178   31.425  111.9  13.25  14.000    0.43965    3.46    2.23    3.08
20-07-2024 08:26:05.12   34.96  -0.221  26.173   31.423  111.8  13.24  14.000    0.41967    3.51    2.16    3.14
20-07-2024 08:26:05.37   35.05  -0.228  26.164   31.420  111.8  13.24  14.000    0.40560    3.31    1.87    3.03
20-07-2024 08:26:05.61   35.13  -0.236  26.161   31.423  111.8  13.25  14.000    0.42115    3.00    2.11    3.38
20-07-2024 08:26:05.86   35.21  -0.243  26.159   31.428  111.8  13.24  14.000    0.42633    3.40    2.77    3.18
20-07-2024 08:26:06.10   35.29  -0.249  26.157   31.431  111.7  13.24  14.000    0.39894    3.40    2.77    3.18
20-07-2024 08:26:06.35   35.37  -0.253  26.157   31.436  111.7  13.24  14.000    0.40042    3.54    2.00    3.40
20-07-2024 08:26:06.59   35.46  -0.254  26.158   31.438  111.7  13.24  14.000    0.40486    3.13    2.15    3.02
20-07-2024 08:26:06.84   35.54  -0.254  26.157   31.437  111.7  13.24  14.000    0.41523    2.96    2.69    3.11
20-07-2024 08:26:07.08   35.63  -0.255  26.156   31.437  111.6  13.23  14.000    0.40856    2.99    2.49    3.21
20-07-2024 08:26:07.33   35.72  -0.256  26.157   31.438  111.6  13.23  14.000    0.39968    3.72    2.65    3.40
20-07-2024 08:26:07.58   35.80  -0.257  26.158   31.441  111.6  13.23  14.000    0.39820    3.32    2.75    3.06
20-07-2024 08:26:07.83   35.88  -0.257  26.158   31.441  111.6  13.22  14.000    0.40264    3.32    2.75    3.06
20-07-2024 08:26:08.07   35.98  -0.258  26.159   31.442  111.5  13.22  14.000    0.37156    3.11    2.09    3.48
20-07-2024 08:26:08.32   36.03  -0.257  26.159   31.441  111.5  13.22  14.000    0.38044    2.99    2.24    3.14
20-07-2024 08:26:08.57   36.15  -0.256  26.160   31.443  111.5  13.22  14.000    0.37452    3.08    2.27    3.22
20-07-2024 08:26:08.81   36.22  -0.256  26.161   31.443  111.5  13.21  14.000    0.36934    2.86    2.25    2.84
20-07-2024 08:26:09.06   36.31  -0.255  26.160   31.441  111.5  13.21  14.000    0.35675    2.89    1.79    3.21
20-07-2024 08:26:09.30   36.39  -0.255  26.159   31.440  111.5  13.21  14.000    0.39006    2.56    1.84    3.31
20-07-2024 08:26:09.55   36.50  -0.255  26.160   31.441  111.4  13.20  14.000    0.36341    2.56    1.84    3.31
20-07-2024 08:26:09.79   36.58  -0.254  26.160   31.441  111.4  13.20  14.000    0.35971    2.89    1.98    2.88
20-07-2024 08:26:10.04   36.65  -0.255  26.159   31.439  111.4  13.20  14.000    0.35379    3.72    1.95    3.40
20-07-2024 08:26:10.28   36.72  -0.256  26.158   31.439  111.4  13.20  14.000    0.35009    3.44    2.22    3.22
20-07-2024 08:26:10.53   36.80  -0.255  26.156   31.435  111.3  13.20  14.000    0.34639    3.84    2.44    3.22
20-07-2024 08:26:10.77   36.89  -0.259  26.155   31.437  111.3  13.19  14.000    0.33233    3.01    2.29    3.38
20-07-2024 08:26:11.02   36.97  -0.262  26.153   31.438  111.3  13.19  14.000    0.32641    4.62    2.66    3.39
20-07-2024 08:26:11.26   37.05  -0.264  26.151   31.438  111.3  13.19  14.000    0.32715    4.62    2.66    3.39
20-07-2024 08:26:11.51   37.14  -0.267  26.149   31.439  111.2  13.19  14.000    0.33159    3.01    2.53    3.04
20-07-2024 08:26:11.76   37.22  -0.270  26.143   31.433  111.2  13.19  14.000    0.33899    2.80    2.71    3.34
20-07-2024 08:26:12.01   37.29  -0.275  26.137   31.430  111.2  13.19  14.000    0.33085    3.28    2.16    2.81
20-07-2024 08:26:12.25   37.37  -0.282  26.128   31.426  111.2  13.19  14.000    0.32567    2.58    2.35    3.07
20-07-2024 08:26:12.50   37.46  -0.293  26.124   31.431  111.2  13.19  14.000    0.33085    3.10    2.30    3.16
20-07-2024 08:26:12.75   37.54  -0.300  26.118   31.431  111.1  13.19  14.000    0.33307    2.74    2.45    3.15
20-07-2024 08:26:12.99   37.62  -0.306  26.114   31.432  111.1  13.19  14.000    0.31234    2.74    2.45    3.15
20-07-2024 08:26:13.24   37.68  -0.313  26.110   31.435  111.1  13.19  14.000    0.31234    2.91    2.14    3.18
20-07-2024 08:26:13.48   37.78  -0.318  26.106   31.434  111.1  13.19  14.000    0.31234    2.87    2.01    3.23
20-07-2024 08:26:13.73   37.87  -0.324  26.100   31.432  111.1  13.19  14.000    0.30124    2.66    2.33    3.31
20-07-2024 08:26:13.97   37.95  -0.330  26.094   31.430  111.0  13.19  14.000    0.31382    2.92    2.23    2.97
20-07-2024 08:26:14.22   38.04  -0.338  26.090   31.434  111.0  13.19  14.000    0.32049    2.49    2.35    3.25
20-07-2024 08:26:14.46   38.14  -0.343  26.092   31.441  111.0  13.18  14.000    0.30494    2.49    2.35    3.25
20-07-2024 08:26:14.71   38.17  -0.346  26.094   31.447  111.0  13.18  14.000    0.30494    2.48    2.04    3.40
20-07-2024 08:26:14.95   38.30  -0.345  26.097   31.450  111.0  13.18  14.000    0.29976    2.86    1.83    2.90
20-07-2024 08:26:15.20   38.35  -0.343  26.099   31.451  110.9  13.18  14.000    0.29236    3.03    2.35    3.55
20-07-2024 08:26:15.45   38.46  -0.342  26.100   31.449  110.9  13.17  14.000    0.29310    3.70    2.21    3.11
20-07-2024 08:26:15.70   38.54  -0.341  26.100   31.449  110.9  13.17  14.000    0.28644    3.73    1.99    2.92
20-07-2024 08:26:15.94   38.65  -0.341  26.101   31.450  110.9  13.17  14.000    0.28348    3.18    2.24    3.41
20-07-2024 08:26:16.19   38.71  -0.340  26.101   31.449  110.8  13.16  14.000    0.29236    3.08    2.56    2.94
20-07-2024 08:26:16.43   38.81  -0.341  26.100   31.449  110.8  13.16  14.000    0.28348    3.08    2.56    2.94
20-07-2024 08:26:16.68   38.89  -0.341  26.102   31.451  110.8  13.16  14.000    0.27756    2.83    2.28    3.40
20-07-2024 08:26:16.92   38.99  -0.340  26.101   31.449  110.8  13.16  14.000    0.26349    2.39    2.23    3.20
20-07-2024 08:26:17.17   39.08  -0.340  26.102   31.451  110.7  13.15  14.000    0.28126    3.43    2.16    3.31
20-07-2024 08:26:17.41   39.13  -0.339  26.105   31.454  110.7  13.15  14.000    0.27830    2.97    2.66    3.32
20-07-2024 08:26:17.66   39.20  -0.338  26.107   31.455  110.7  13.15  14.000    0.27312    2.72    2.47    3.29
20-07-2024 08:26:17.90   39.31  -0.337  26.110   31.457  110.7  13.15  14.000    0.25165    2.72    2.47    3.29
20-07-2024 08:26:18.15   39.40  -0.335  26.113   31.459  110.7  13.14  14.000    0.24869    2.81    2.64    2.98
20-07-2024 08:26:18.39   39.47  -0.333  26.113   31.457  110.6  13.14  14.000    0.26571    3.26    2.38    3.41
20-07-2024 08:26:18.64   39.58  -0.330  26.116   31.459  110.6  13.14  14.000    0.26127    2.80    2.33    3.16
20-07-2024 08:26:18.89   39.66  -0.328  26.119   31.460  110.6  13.13  14.000    0.25535    2.42    2.45    3.30
20-07-2024 08:26:19.13   39.73  -0.326  26.119   31.458  110.6  13.13  14.000    0.25905    2.98    2.56    2.97
20-07-2024 08:26:19.38   39.80  -0.323  26.120   31.457  110.6  13.13  14.000    0.25387    2.67    2.35    3.39
20-07-2024 08:26:19.63   39.89  -0.322  26.122   31.458  110.6  13.13  14.000    0.25979    2.67    2.35    3.39
20-07-2024 08:26:19.87   39.99  -0.320  26.125   31.460  110.6  13.12  14.000    0.25387    2.52    2.16    3.14
20-07-2024 08:26:20.12   40.07  -0.319  26.126   31.460  110.5  13.12  14.000    0.25165    2.86    2.27    3.22
20-07-2024 08:26:20.36   40.15  -0.319  26.124   31.458  110.5  13.12  14.000    0.24055    3.40    2.20    3.10
20-07-2024 08:26:20.61   40.22  -0.319  26.123   31.457  110.5  13.12  14.000    0.24425    2.89    2.41    3.03
20-07-2024 08:26:20.85   40.35  -0.321  26.122   31.457  110.5  13.12  14.000    0.23611    2.95    2.27    3.07
20-07-2024 08:26:21.10   40.39  -0.322  26.122   31.457  110.5  13.11  14.000    0.23463    2.96    2.52    3.26
20-07-2024 08:26:21.34   40.49  -0.325  26.119   31.456  110.4  13.11  14.000    0.24055    2.96    2.52    3.26
20-07-2024 08:26:21.59   40.59  -0.328  26.118   31.459  110.4  13.11  14.000    0.23241    2.80    1.83    3.20
20-07-2024 08:26:21.83   40.65  -0.331  26.117   31.460  110.4  13.11  14.000    0.24203    2.60    2.38    3.05
20-07-2024 08:26:22.09   40.76  -0.334  26.115   31.460  110.4  13.11  14.000    0.23389    2.83    2.58    3.28
20-07-2024 08:26:22.33   40.79  -0.336  26.114   31.461  110.4  13.11  14.000    0.22131    3.27    2.26    3.09
20-07-2024 08:26:22.57   40.93  -0.339  26.113   31.463  110.4  13.11  14.000    0.22279    2.90    2.06    3.31
20-07-2024 08:26:22.82   41.03  -0.341  26.111   31.462  110.4  13.11  14.000    0.21909    3.18    2.86    3.02
20-07-2024 08:26:23.07   41.09  -0.344  26.111   31.466  110.3  13.11  14.000    0.22057    3.18    2.86    3.02
20-07-2024 08:26:23.31   41.18  -0.347  26.111   31.469  110.3  13.11  14.000    0.21909    3.12    2.14    3.04
20-07-2024 08:26:23.56   41.30  -0.348  26.111   31.470  110.3  13.11  14.000    0.23611    2.92    2.43    3.38
20-07-2024 08:26:23.80   41.36  -0.348  26.112   31.471  110.3  13.10  14.000    0.20576    2.90    2.41    3.48
20-07-2024 08:26:24.05   41.45  -0.349  26.113   31.473  110.3  13.10  14.000    0.22649    3.45    2.20    2.95
20-07-2024 08:26:24.29   41.51  -0.350  26.112   31.473  110.3  13.10  14.000    0.20724    2.76    2.49    3.13
20-07-2024 08:26:24.54   41.57  -0.352  26.113   31.476  110.3  13.10  14.000    0.22205    2.64    2.36    2.91
20-07-2024 08:26:24.78   41.71  -0.353  26.118   31.484  110.2  13.10  14.000    0.21983    2.64    2.36    2.91
20-07-2024 08:26:25.03   41.80  -0.352  26.123   31.489  110.2  13.09  14.000    0.21983    3.11    1.81    3.25
20-07-2024 08:26:25.27   41.88  -0.348  26.125   31.488  110.2  13.09  14.000    0.20576    3.84    1.82    3.11
20-07-2024 08:26:25.52   41.92  -0.345  26.128   31.488  110.2  13.09  14.000    0.21242    2.44    2.48    3.20
20-07-2024 08:26:25.76   42.03  -0.344  26.128   31.487  110.2  13.09  14.000    0.20354    3.09    2.55    3.31
20-07-2024 08:26:26.01   42.08  -0.344  26.124   31.482  110.2  13.08  14.000    0.20280    2.52    1.96    2.85
20-07-2024 08:26:26.26   42.21  -0.348  26.115   31.474  110.2  13.09  14.000    0.20576    2.46    2.24    3.25
20-07-2024 08:26:26.51   42.28  -0.355  26.109   31.473  110.1  13.08  14.000    0.20354    2.46    2.24    3.25
20-07-2024 08:26:26.76   42.33  -0.365  26.107   31.482  110.1  13.09  14.000    0.19540    2.35    1.45    3.18
20-07-2024 08:26:27.00   42.44  -0.372  26.110   31.492  110.1  13.09  14.000    0.19688    2.82    2.58    3.31
20-07-2024 08:26:27.25   42.50  -0.373  26.118   31.504  110.1  13.09  14.000    0.20354    3.64    2.21    3.17
20-07-2024 08:26:27.49   42.63  -0.369  26.128   31.513  110.1  13.08  14.000    0.19170    3.06    2.13    3.35
20-07-2024 08:26:27.74   42.71  -0.361  26.126   31.502  110.1  13.08  14.000    0.18948    2.61    2.41    3.22
20-07-2024 08:26:27.98   42.79  -0.359  26.119   31.491  110.0  13.07  14.000    0.17764    2.60    1.99    3.14
20-07-2024 08:26:28.23   42.89  -0.363  26.125   31.502  110.1  13.08  14.000    0.18430    2.60    1.99    3.14
20-07-2024 08:26:28.47   42.95  -0.364  26.126   31.505  110.0  13.07  14.000    0.18430    3.79    2.46    2.99
20-07-2024 08:26:28.72   43.06  -0.364  26.125   31.503  110.0  13.07  14.000    0.17394    2.81    2.17    3.13
20-07-2024 08:26:28.96   43.10  -0.365  26.116   31.493  110.0  13.07  14.000    0.16727    2.73    2.27    3.06
20-07-2024 08:26:29.21   43.21  -0.373  26.116   31.500  110.0  13.07  14.000    0.19022    2.64    2.30    3.48
20-07-2024 08:26:29.45   43.30  -0.378  26.122   31.514  110.0  13.07  14.000    0.16875    2.57    2.34    3.09
20-07-2024 08:26:29.70   43.37  -0.377  26.124   31.516  110.0  13.07  14.000    0.16727    3.04    1.77    3.35
20-07-2024 08:26:29.95   43.43  -0.378  26.121   31.513  109.9  13.07  14.000    0.16949    3.04    1.77    3.35
20-07-2024 08:26:30.19   43.56  -0.379  26.118   31.510  109.9  13.07  14.000    0.17024    2.40    2.40    2.67
20-07-2024 08:26:30.44   43.64  -0.383  26.116   31.511  109.9  13.06  14.000    0.18208    3.12    2.01    3.35
20-07-2024 08:26:30.69   43.73  -0.387  26.116   31.515  109.9  13.06  14.000    0.16505    2.93    2.16    3.32
20-07-2024 08:26:30.93   43.82  -0.390  26.115   31.516  109.9  13.06  14.000    0.17024    2.61    2.09    2.98
20-07-2024 08:26:31.18   43.90  -0.392  26.116   31.519  109.9  13.06  14.000    0.16431    3.69    2.21    3.17
20-07-2024 08:26:31.43   43.98  -0.393  26.118   31.523  109.8  13.06  14.000    0.14803    2.52    2.76    3.16
20-07-2024 08:26:31.67   44.06  -0.393  26.120   31.526  109.8  13.06  14.000    0.15173    2.52    2.76    3.16
20-07-2024 08:26:31.92   44.18  -0.392  26.121   31.527  109.8  13.06  14.000    0.16653    2.31    2.89    3.24
20-07-2024 08:26:32.16   44.22  -0.391  26.119   31.524  109.8  13.05  14.000    0.15173    3.41    2.11    3.07
20-07-2024 08:26:32.41   44.31  -0.393  26.119   31.524  109.8  13.05  14.000    0.15247    4.51    2.36    3.33
20-07-2024 08:26:32.65   44.40  -0.393  26.122   31.528  109.8  13.05  14.000    0.17838    3.22    2.71    3.36
20-07-2024 08:26:32.90   44.49  -0.392  26.124   31.530  109.7  13.05  14.000    0.14655    2.64    2.11    3.03
20-07-2024 08:26:33.15   44.56  -0.390  26.128   31.534  109.7  13.04  14.000    0.15691    2.62    2.46    2.83
20-07-2024 08:26:33.38   44.65  -0.387  26.135   31.540  109.7  13.04  14.000    0.14285    2.62    2.46    2.83
20-07-2024 08:26:33.64   44.70  -0.383  26.147   31.552  109.7  13.04  14.000    0.14877    2.01    2.25    3.19
20-07-2024 08:26:33.88   44.84  -0.370  26.161   31.556  109.7  13.03  14.000    0.14137    2.57    2.18    3.05
20-07-2024 08:26:34.13   44.93  -0.356  26.179   31.566  109.7  13.02  14.000    0.13619    2.73    1.93    3.18
20-07-2024 08:26:34.38   45.02  -0.335  26.187   31.554  109.6  13.01  14.000    0.13989    2.55    2.45    3.08
20-07-2024 08:26:34.62   45.09  -0.326  26.186   31.544  109.6  13.01  14.000    0.13767    2.86    1.93    2.79
20-07-2024 08:26:34.87   45.15  -0.323  26.187   31.542  109.6  13.00  14.000    0.14211    2.44    2.56    2.99
20-07-2024 08:26:35.11   45.28  -0.323  26.186   31.541  109.6  13.00  14.000    0.14877    2.44    2.56    2.99
20-07-2024 08:26:35.36   45.33  -0.324  26.191   31.549  109.6  13.00  14.000    0.13323    2.40    2.24    3.19
20-07-2024 08:26:35.61   45.42  -0.324  26.183   31.537  109.6  13.00  14.000    0.13767    2.64    2.30    3.04
20-07-2024 08:26:35.85   45.49  -0.331  26.176   31.536  109.5  13.00  14.000    0.13841    2.71    2.61    3.40
20-07-2024 08:26:36.09   45.57  -0.339  26.175   31.543  109.6  13.00  14.000    0.14211    2.59    1.97    3.28
20-07-2024 08:26:36.34   45.68  -0.344  26.179   31.552  109.5  13.00  14.000    0.13619    2.95    2.53    3.30
20-07-2024 08:26:36.59   45.76  -0.344  26.185   31.561  109.5  13.00  14.000    0.12953    2.51    2.46    3.08
20-07-2024 08:26:36.83   45.82  -0.341  26.190   31.565  109.5  13.00  14.000    0.13249    2.51    2.46    3.08
20-07-2024 08:26:37.08   45.92  -0.336  26.192   31.561  109.5  13.00  14.000    0.13175    2.90    2.55    3.05
20-07-2024 08:26:37.33   45.95  -0.332  26.193   31.559  109.5  13.00  14.000    0.12879    2.93    2.10    3.18
20-07-2024 08:26:37.57   46.09  -0.331  26.194   31.559  109.5  12.99  14.000    0.12361    3.42    2.40    3.37
20-07-2024 08:26:37.82   46.13  -0.331  26.193   31.558  109.5  12.99  14.000    0.13693    2.72    2.24    3.32
20-07-2024 08:26:38.07   46.25  -0.330  26.194   31.558  109.4  12.99  14.000    0.11916    2.45    1.93    3.14
20-07-2024 08:26:38.31   46.35  -0.330  26.196   31.561  109.5  12.99  14.000    0.12953    2.40    2.47    2.87
20-07-2024 08:26:38.56   46.42  -0.330  26.200   31.565  109.4  12.99  14.000    0.11324    2.40    2.47    2.87
20-07-2024 08:26:38.80   46.52  -0.327  26.206   31.571  109.4  12.98  14.000    0.12213    2.45    1.93    3.19
20-07-2024 08:26:39.05   46.62  -0.322  26.212   31.572  109.4  12.98  14.000    0.12064    2.80    2.26    3.10
20-07-2024 08:26:39.29   46.68  -0.316  26.212   31.567  109.4  12.98  14.000    0.10214    2.78    2.35    3.17
20-07-2024 08:26:39.54   46.78  -0.314  26.217   31.571  109.4  12.98  14.000    0.13545    2.41    2.47    3.01
20-07-2024 08:26:39.78   46.85  -0.310  26.218   31.569  109.4  12.97  14.000    0.09918    2.68    2.31    3.01
20-07-2024 08:26:40.03   46.94  -0.309  26.213   31.562  109.3  12.97  14.000    0.11842    2.66    2.15    3.16
20-07-2024 08:26:40.27   47.04  -0.312  26.211   31.560  109.4  12.97  14.000    0.10880    2.66    2.15    3.16
20-07-2024 08:26:40.52   47.12  -0.314  26.220   31.576  109.4  12.97  14.000    0.11768    5.56    2.35    3.20
20-07-2024 08:26:40.76   47.18  -0.311  26.231   31.586  109.4  12.97  14.000    0.10362    2.45    2.05    3.13
20-07-2024 08:26:41.01   47.29  -0.303  26.238   31.588  109.4  12.96  14.000    0.10214    2.26    2.35    2.93
20-07-2024 08:26:41.26   47.37  -0.292  26.255   31.599  109.3  12.96  14.000    0.11324    2.42    2.56    3.09
20-07-2024 08:26:41.51   47.44  -0.277  26.267   31.598  109.3  12.95  14.000    0.09400    2.59    1.93    3.09
20-07-2024 08:26:41.75   47.55  -0.262  26.276   31.595  109.3  12.94  14.000    0.10288    2.61    2.12    2.79
20-07-2024 08:26:42.00   47.64  -0.252  26.279   31.589  109.3  12.94  14.000    0.10066    2.61    2.12    2.79
20-07-2024 08:26:42.24   47.75  -0.247  26.281   31.587  109.3  12.94  14.000    0.08956    2.73    2.36    3.01
20-07-2024 08:26:42.49   47.81  -0.246  26.278   31.582  109.3  12.94  14.000    0.10954    2.50    2.55    3.20
20-07-2024 08:26:42.73   47.88  -0.248  26.273   31.577  109.3  12.93  14.000    0.11250    2.73    2.46    3.39
20-07-2024 08:26:42.98   47.98  -0.252  26.269   31.576  109.3  12.94  14.000    0.09696    2.64    2.52    2.85
20-07-2024 08:26:43.22   48.08  -0.260  26.264   31.578  109.3  12.94  14.000    0.10584    2.56    2.22    3.12
20-07-2024 08:26:43.47   48.16  -0.268  26.263   31.585  109.3  12.94  14.000    0.09844    2.56    2.72    3.33
20-07-2024 08:26:43.71   48.25  -0.276  26.263   31.592  109.2  12.94  14.000    0.09844    2.56    2.72    3.33
20-07-2024 08:26:43.96   48.33  -0.280  26.263   31.596  109.2  12.94  14.000    0.09474    2.72    2.20    2.98
20-07-2024 08:26:44.21   48.42  -0.284  26.263   31.600  109.2  12.94  14.000    0.07476    2.31    2.60    3.16
20-07-2024 08:26:44.45   48.50  -0.287  26.262   31.601  109.2  12.94  14.000    0.09696    2.38    2.41    3.26
20-07-2024 08:26:44.70   48.59  -0.290  26.262   31.606  109.2  12.94  14.000    0.08364    2.42    2.19    2.99
20-07-2024 08:26:44.95   48.66  -0.291  26.263   31.607  109.2  12.94  14.000    0.07846    2.25    2.11    3.29
20-07-2024 08:26:45.20   48.76  -0.291  26.264   31.609  109.2  12.94  14.000    0.08068    2.61    2.17    3.05
20-07-2024 08:26:45.44   48.85  -0.292  26.265   31.611  109.2  12.94  14.000    0.07698    2.61    2.17    3.05
20-07-2024 08:26:45.69   48.94  -0.293  26.263   31.609  109.2  12.94  14.000    0.07624    2.59    2.26    3.34
20-07-2024 08:26:45.93   49.03  -0.295  26.266   31.615  109.1  12.93  14.000    0.07994    2.76    2.09    3.27
20-07-2024 08:26:46.18   49.10  -0.295  26.269   31.619  109.1  12.93  14.000    0.08882    2.83    2.06    3.26
20-07-2024 08:26:46.43   49.20  -0.293  26.271   31.621  109.1  12.93  14.000    0.07920    2.77    2.27    3.52
20-07-2024 08:26:46.67   49.26  -0.292  26.272   31.621  109.1  12.93  14.000    0.09178    2.61    2.34    3.08
20-07-2024 08:26:46.91   49.34  -0.291  26.272   31.619  109.1  12.93  14.000    0.08142    2.44    2.83    2.87
20-07-2024 08:26:47.16   49.41  -0.290  26.273   31.620  109.1  12.93  14.000    0.08068    2.44    2.83    2.87
20-07-2024 08:26:47.40   49.50  -0.290  26.274   31.620  109.1  12.93  14.000    0.08660    2.05    2.01    3.14
20-07-2024 08:26:47.65   49.58  -0.291  26.275   31.622  109.1  12.92  14.000    0.08660    2.76    2.21    3.07
20-07-2024 08:26:47.89   49.67  -0.290  26.275   31.622  109.0  12.92  14.000    0.08068    3.13    1.88    3.35
20-07-2024 08:26:48.14   49.75  -0.291  26.276   31.624  109.0  12.92  14.000    0.08290    2.63    2.38    3.35
20-07-2024 08:26:48.39   49.82  -0.290  26.277   31.625  109.0  12.92  14.000    0.08290    2.37    1.98    3.06
20-07-2024 08:26:48.63   49.94  -0.290  26.278   31.626  109.0  12.92  14.000    0.10362    2.33    2.08    2.92
20-07-2024 08:26:48.88   49.99  -0.290  26.278   31.626  109.0  12.91  14.000    0.07550    2.33    2.08    2.92
20-07-2024 08:26:49.13   50.10  -0.290  26.279   31.627  109.0  12.91  14.000    0.09400    2.79    2.36    2.88
20-07-2024 08:26:49.37   50.18  -0.290  26.279   31.628  108.9  12.91  14.000    0.07179    2.52    2.21    3.17
20-07-2024 08:26:49.62   50.25  -0.291  26.282   31.631  108.9  12.91  14.000    0.07253    2.09    1.80    2.83
20-07-2024 08:26:49.87   50.33  -0.290  26.284   31.633  108.9  12.90  14.000    0.07920    2.31    2.18    3.19
20-07-2024 08:26:50.11   50.40  -0.289  26.285   31.633  108.9  12.90  14.000    0.06957    2.48    2.11    2.93
20-07-2024 08:26:50.36   50.51  -0.288  26.287   31.635  108.9  12.90  14.000    0.08808    2.32    2.29    3.30
20-07-2024 08:26:50.60   50.59  -0.288  26.287   31.635  108.9  12.90  14.000    0.07920    2.32    2.29    3.30
20-07-2024 08:26:50.85   50.68  -0.287  26.286   31.633  108.9  12.90  14.000    0.05847    2.32    2.69    2.89
20-07-2024 08:26:51.09   50.76  -0.286  26.289   31.636  108.8  12.89  14.000    0.07253    2.57    2.17    2.87
20-07-2024 08:26:51.34   50.85  -0.286  26.290   31.636  108.8  12.89  14.000    0.07698    2.53    2.27    3.28
20-07-2024 08:26:51.58   50.90  -0.286  26.289   31.635  108.8  12.89  14.000    0.07402    2.37    2.21    3.22
20-07-2024 08:26:51.83   51.00  -0.285  26.291   31.637  108.8  12.89  14.000    0.05773    2.30    2.31    3.31
20-07-2024 08:26:52.08   51.11  -0.284  26.292   31.637  108.8  12.89  14.000    0.07476    2.51    2.63    3.15
20-07-2024 08:26:52.32   51.18  -0.284  26.294   31.640  108.8  12.88  14.000    0.05255    2.51    2.63    3.15
20-07-2024 08:26:52.57   51.25  -0.283  26.296   31.641  108.8  12.88  14.000    0.07105    2.29    2.15    2.97
20-07-2024 08:26:52.82   51.35  -0.282  26.299   31.643  108.8  12.88  14.000    0.05847    2.13    2.34    3.00
20-07-2024 08:26:53.06   51.42  -0.280  26.299   31.642  108.7  12.88  14.000    0.05699    2.43    2.52    3.16
20-07-2024 08:26:53.31   51.54  -0.280  26.298   31.640  108.7  12.88  14.000    0.06143    2.49    2.30    3.27
20-07-2024 08:26:53.55   51.60  -0.281  26.298   31.642  108.7  12.88  14.000    0.05329    2.72    2.43    3.21
20-07-2024 08:26:53.80   51.68  -0.283  26.299   31.645  108.7  12.87  14.000    0.06365    2.70    2.87    3.10
20-07-2024 08:26:54.04   51.78  -0.284  26.300   31.647  108.7  12.87  14.000    0.06143    2.70    2.87    3.10
20-07-2024 08:26:54.29   51.88  -0.284  26.300   31.647  108.7  12.87  14.000    0.05995    2.49    1.97    3.16
20-07-2024 08:26:54.53   51.96  -0.284  26.300   31.648  108.7  12.87  14.000    0.04145    2.37    2.15    3.12
20-07-2024 08:26:54.78   52.04  -0.284  26.301   31.649  108.6  12.87  14.000    0.05921    2.37    2.04    3.34
20-07-2024 08:26:55.03   52.13  -0.286  26.300   31.649  108.6  12.87  14.000    0.03553    2.70    1.95    3.10
20-07-2024 08:26:55.27   52.18  -0.285  26.302   31.651  108.6  12.87  14.000    0.04219    2.63    2.13    3.44
20-07-2024 08:26:55.51   52.28  -0.285  26.302   31.651  108.6  12.86  14.000    0.05181    2.63    2.13    3.44
20-07-2024 08:26:55.76   52.36  -0.284  26.304   31.652  108.6  12.86  14.000    0.04811    2.45    1.88    2.61
20-07-2024 08:26:56.01   52.44  -0.284  26.305   31.653  108.6  12.86  14.000    0.04737    2.64    1.77    3.07
20-07-2024 08:26:56.26   52.56  -0.283  26.306   31.654  108.6  12.86  14.000    0.05033    2.52    2.67    3.48
20-07-2024 08:26:56.50   52.60  -0.283  26.306   31.654  108.6  12.86  14.000    0.05033    2.55    2.12    2.93
20-07-2024 08:26:56.75   52.72  -0.282  26.306   31.653  108.5  12.85  14.000    0.06291    2.29    2.40    3.07
20-07-2024 08:26:57.00   52.79  -0.282  26.308   31.655  108.5  12.85  14.000    0.05181    2.73    2.17    3.05
20-07-2024 08:26:57.24   52.86  -0.282  26.307   31.654  108.5  12.85  14.000    0.04145    2.31    1.88    3.19
20-07-2024 08:26:57.49   52.97  -0.282  26.308   31.655  108.5  12.85  14.000    0.04367    2.31    1.88    3.19
20-07-2024 08:26:57.73   53.09  -0.282  26.308   31.655  108.5  12.85  14.000    0.04071    2.33    2.30    3.05
20-07-2024 08:26:57.98   53.17  -0.282  26.309   31.657  108.5  12.85  14.000    0.03997    3.38    2.23    3.24
20-07-2024 08:26:58.22   53.24  -0.283  26.309   31.657  108.5  12.85  14.000    0.05551    2.40    2.25    2.89
20-07-2024 08:26:58.47   53.31  -0.284  26.308   31.657  108.5  12.84  14.000    0.03627    2.36    2.16    2.83
20-07-2024 08:26:58.71   53.40  -0.285  26.308   31.658  108.5  12.84  14.000    0.03553    2.60    2.29    3.01
20-07-2024 08:26:58.96   53.47  -0.285  26.309   31.660  108.4  12.84  14.000    0.04589    2.60    2.29    3.01
20-07-2024 08:26:59.20   53.57  -0.286  26.310   31.661  108.4  12.84  14.000    0.01480    2.25    2.34    2.86
20-07-2024 08:26:59.45   53.65  -0.287  26.311   31.664  108.4  12.84  14.000    0.03997    2.32    2.29    3.64
20-07-2024 08:26:59.70   53.70  -0.288  26.313   31.667  108.4  12.84  14.000    0.03775    2.03    2.19    3.22
20-07-2024 08:26:59.95   53.84  -0.289  26.313   31.668  108.4  12.84  14.000    0.03331    2.30    2.17    2.93
20-07-2024 08:27:00.19   53.94  -0.289  26.316   31.673  108.4  12.84  14.000    0.03997    2.55    2.70    3.29
20-07-2024 08:27:00.44   53.99  -0.288  26.319   31.676  108.4  12.83  14.000    0.02813    2.47    2.60    3.35
20-07-2024 08:27:00.68   54.09  -0.285  26.326   31.682  108.4  12.83  14.000    0.03035    2.47    2.60    3.35
20-07-2024 08:27:00.93   54.16  -0.281  26.329   31.681  108.4  12.83  14.000    0.02443    2.40    2.35    3.12
20-07-2024 08:27:01.17   54.24  -0.278  26.329   31.678  108.3  12.83  14.000    0.03923    2.18    2.59    2.81
20-07-2024 08:27:01.42   54.36  -0.276  26.331   31.678  108.3  12.83  14.000    0.02813    2.72    2.36    3.04
20-07-2024 08:27:01.66   54.44  -0.275  26.332   31.679  108.4  12.83  14.000    0.03997    2.61    2.42    3.31
20-07-2024 08:27:01.91   54.52  -0.275  26.332   31.678  108.3  12.82  14.000    0.02591    2.69    1.89    3.15
20-07-2024 08:27:02.15   54.59  -0.274  26.334   31.680  108.3  12.82  14.000    0.03775    2.87    2.42    3.29
20-07-2024 08:27:02.40   54.67  -0.273  26.334   31.679  108.3  12.82  14.000    0.04145    2.87    2.42    3.29
20-07-2024 08:27:02.64   54.75  -0.274  26.335   31.681  108.3  12.82  14.000    0.01258    2.58    2.40    3.17
20-07-2024 08:27:02.89   54.85  -0.275  26.336   31.685  108.3  12.82  14.000    0.03405    2.53    2.53    3.29
20-07-2024 08:27:03.14   54.96  -0.276  26.336   31.685  108.3  12.82  14.000    0.03775    2.30    1.93    3.29
20-07-2024 08:27:03.38   55.04  -0.277  26.335   31.685  108.3  12.82  14.000    0.01110    2.64    1.99    3.27
20-07-2024 08:27:03.63   55.12  -0.278  26.336   31.688  108.3  12.82  14.000    0.01184    2.56    2.84    3.40
20-07-2024 08:27:03.88   55.22  -0.279  26.336   31.688  108.3  12.82  14.000    0.02591    2.23    1.91    3.18
20-07-2024 08:27:04.12   55.29  -0.278  26.336   31.687  108.2  12.81  14.000    0.00814    2.23    1.91    3.18
20-07-2024 08:27:04.37   55.35  -0.280  26.336   31.689  108.2  12.81  14.000    0.02146    2.15    2.09    3.10
20-07-2024 08:27:04.61   55.49  -0.280  26.341   31.696  108.2  12.81  14.000    0.03183    2.10    2.85    3.16
20-07-2024 08:27:04.86   55.56  -0.279  26.343   31.697  108.2  12.81  14.000   -0.00148    2.70    2.46    3.21
20-07-2024 08:27:05.10   55.63  -0.276  26.345   31.696  108.2  12.81  14.000    0.00222    2.37    2.19    3.34
20-07-2024 08:27:05.35   55.73  -0.274  26.347   31.697  108.2  12.80  14.000    0.01628    2.52    2.47    3.18
20-07-2024 08:27:05.59   55.78  -0.272  26.348   31.696  108.2  12.80  14.000    0.02220    2.48    1.84    3.01
20-07-2024 08:27:05.84   55.90  -0.271  26.348   31.695  108.1  12.80  14.000    0.01406    2.48    1.84    3.01
20-07-2024 08:27:06.09   55.96  -0.271  26.348   31.694  108.1  12.80  14.000    0.02887    2.43    2.16    2.81
20-07-2024 08:27:06.33   56.01  -0.271  26.349   31.695  108.1  12.80  14.000    0.02220    2.46    2.96    3.15
20-07-2024 08:27:06.58   56.10  -0.270  26.351   31.698  108.1  12.80  14.000    0.01850    2.57    2.58    3.11
20-07-2024 08:27:06.83   56.23  -0.268  26.360   31.707  108.1  12.79  14.000    0.00518    2.37    2.37    3.25
20-07-2024 08:27:07.07   56.29  -0.263  26.370   31.716  108.1  12.79  14.000    0.01332    2.20    2.36    3.33
20-07-2024 08:27:07.32   56.38  -0.253  26.385   31.725  108.1  12.78  14.000   -0.00148    2.49    1.88    3.11
20-07-2024 08:27:07.57   56.47  -0.240  26.398   31.728  108.1  12.78  14.000    0.00962    2.49    1.88    3.11
20-07-2024 08:27:07.81   56.53  -0.226  26.405   31.723  108.1  12.77  14.000    0.01480    2.34    2.15    3.15
20-07-2024 08:27:08.06   56.65  -0.215  26.420   31.732  108.0  12.77  14.000    0.01406    2.23    2.25    3.17
20-07-2024 08:27:08.30   56.71  -0.205  26.427   31.731  108.0  12.76  14.000    0.01480    2.57    2.27    3.27
20-07-2024 08:27:08.55   56.80  -0.200  26.431   31.730  108.0  12.76  14.000    0.00074    2.40    2.52    3.21
20-07-2024 08:27:08.79   56.90  -0.197  26.434   31.731  108.0  12.76  14.000    0.01332    2.39    2.41    3.11
20-07-2024 08:27:09.04   56.98  -0.195  26.437   31.733  108.0  12.76  14.000    0.00814    2.49    2.06    3.22
20-07-2024 08:27:09.28   57.05  -0.193  26.441   31.736  108.0  12.75  14.000    0.02220    2.49    2.06    3.22
20-07-2024 08:27:09.53   57.15  -0.190  26.448   31.742  108.0  12.75  14.000    0.00370    2.59    2.09    3.01
20-07-2024 08:27:09.77   57.22  -0.186  26.453   31.746  108.0  12.75  14.000   -0.00148    2.52    2.38    3.06
20-07-2024 08:27:10.02   57.31  -0.182  26.458   31.747  108.0  12.75  14.000    0.01036    3.18    2.55    3.03
20-07-2024 08:27:10.26   57.38  -0.178  26.465   31.752  108.0  12.75  14.000    0.02517    2.59    1.58    3.30
20-07-2024 08:27:10.52   57.48  -0.172  26.476   31.760  108.0  12.74  14.000    0.00518    2.43    1.88    3.05
20-07-2024 08:27:10.76   57.52  -0.164  26.483   31.762  108.0  12.74  14.000    0.00962    2.12    1.97    3.38
20-07-2024 08:27:11.01   57.61  -0.157  26.490   31.763  108.0  12.74  14.000    0.01480    2.12    1.97    3.38
20-07-2024 08:27:11.26   57.69  -0.150  26.495   31.762  108.0  12.73  14.000   -0.00518    2.53    2.44    3.04
20-07-2024 08:27:11.50   57.80  -0.146  26.502   31.767  108.0  12.73  14.000    0.00962    2.58    2.27    3.21
20-07-2024 08:27:11.75   57.87  -0.139  26.511   31.773  108.0  12.73  14.000    0.01036    2.39    2.20    2.96
20-07-2024 08:27:11.99   57.96  -0.132  26.519   31.775  108.0  12.72  14.000   -0.00962    2.39    2.36    3.17
20-07-2024 08:27:12.24   58.04  -0.123  26.531   31.781  108.0  12.72  14.000    0.01924    2.15    2.02    3.19
20-07-2024 08:27:12.48   58.13  -0.109  26.558   31.803  108.0  12.72  14.000    0.01332    2.30    2.44    3.06
20-07-2024 08:27:12.72   58.18  -0.088  26.575   31.802  108.0  12.71  14.000    0.01258    2.30    2.44    3.06
20-07-2024 08:27:12.97   58.32  -0.067  26.576   31.782  108.0  12.70  14.000   -0.00074    2.65    2.43    3.46
20-07-2024 08:27:13.22   58.36  -0.059  26.579   31.778  107.9  12.70  14.000    0.01776    2.55    2.16    3.31
20-07-2024 08:27:13.46   58.45  -0.055  26.580   31.775  108.0  12.70  14.000    0.00666    2.40    1.73    3.00
20-07-2024 08:27:13.71   58.52  -0.055  26.583   31.778  107.9  12.70  14.000    0.01702    2.92    1.81    3.47
20-07-2024 08:27:13.95   58.66  -0.053  26.596   31.793  108.0  12.70  14.000    0.01406    2.39    2.72    2.92
20-07-2024 08:27:14.20   58.69  -0.047  26.596   31.787  108.0  12.70  14.000    0.00074    2.67    2.48    2.94
20-07-2024 08:27:14.45   58.79  -0.045  26.595   31.784  108.0  12.69  14.000   -0.00592    2.67    2.48    2.94
20-07-2024 08:27:14.70   58.89  -0.046  26.642   31.846  108.0  12.70  14.000    0.00148    2.41    2.27    3.03
20-07-2024 08:27:14.94   58.97  -0.016  26.691   31.879  108.1  12.69  14.000    0.00518    2.39    2.16    3.28
20-07-2024 08:27:15.19   59.08   0.032  26.701   31.843  108.0  12.67  14.000   -0.00888    2.62    2.34    3.15
20-07-2024 08:27:15.43   59.11   0.058  26.712   31.830  108.0  12.66  14.000    0.00592    2.23    2.17    3.33
20-07-2024 08:27:15.68   59.24   0.075  26.717   31.820  108.0  12.65  14.000   -0.02813    2.28    1.92    3.03
20-07-2024 08:27:15.92   59.29   0.083  26.717   31.811  108.0  12.65  14.000   -0.00962    2.52    2.05    3.21
20-07-2024 08:27:16.17   59.37   0.086  26.717   31.807  108.0  12.66  14.000    0.00222    2.52    2.05    3.21
20-07-2024 08:27:16.41   59.48   0.088  26.723   31.814  108.1  12.66  14.000    0.00814    2.10    2.25    2.99
20-07-2024 08:27:16.66   59.57   0.089  26.724   31.813  108.1  12.66  14.000   -0.00370    2.50    2.41    3.23
20-07-2024 08:27:16.90   59.65   0.089  26.714   31.800  108.1  12.66  14.000   -0.00296    2.59    2.24    3.27
20-07-2024 08:27:17.16   59.74   0.081  26.699   31.788  108.1  12.67  14.000    0.01184    2.24    2.48    3.37
20-07-2024 08:27:17.39   59.79   0.069  26.699   31.801  108.1  12.68  14.000   -0.00074    2.23    2.44    2.99
20-07-2024 08:27:17.64   59.91   0.057  26.701   31.817  108.2  12.68  14.000   -0.00370    2.74    2.12    3.24
20-07-2024 08:27:17.89   60.00   0.051  26.705   31.828  108.2  12.68  14.000   -0.02072    2.74    2.12    3.24
20-07-2024 08:27:18.13   60.03   0.048  26.711   31.840  108.2  12.69  14.000   -0.01036    2.47    2.27    3.01
20-07-2024 08:27:18.38   60.13   0.050  26.716   31.844  108.3  12.69  14.000    0.00148    2.52    2.78    3.06
20-07-2024 08:27:18.63   60.19   0.052  26.717   31.842  108.3  12.70  14.000   -0.01998    2.26    2.35    2.76
20-07-2024 08:27:18.87   60.30   0.054  26.718   31.842  108.3  12.70  14.000   -0.00370    2.50    2.50    3.07
20-07-2024 08:27:19.12   60.41   0.054  26.718   31.841  108.4  12.70  14.000   -0.01924    2.10    2.07    3.18
20-07-2024 08:27:19.36   60.50   0.054  26.718   31.841  108.4  12.70  14.000   -0.00370    2.55    2.43    3.12
20-07-2024 08:27:19.61   60.53   0.053  26.717   31.842  108.4  12.71  14.000   -0.02146    2.55    2.43    3.12
20-07-2024 08:27:19.85   60.64   0.052  26.718   31.844  108.4  12.71  14.000   -0.00148    2.44    2.59    3.35
20-07-2024 08:27:20.10   60.76   0.050  26.717   31.844  108.5  12.72  14.000   -0.03331    2.39    1.95    2.75
20-07-2024 08:27:20.34   60.82   0.050  26.717   31.845  108.5  12.72  14.000   -0.00222    2.35    2.55    3.27
20-07-2024 08:27:20.59   60.88   0.049  26.718   31.847  108.6  12.73  14.000   -0.02220    2.76    2.01    3.38
20-07-2024 08:27:20.83   61.01   0.049  26.718   31.847  108.6  12.73  14.000   -0.03405    2.11    2.26    3.36
20-07-2024 08:27:21.08   61.09   0.048  26.720   31.850  108.6  12.74  14.000   -0.02813    2.40    1.67    3.25
20-07-2024 08:27:21.32   61.16   0.048  26.721   31.851  108.7  12.74  14.000   -0.02443    2.40    1.67    3.25
20-07-2024 08:27:21.58   61.25   0.048  26.721   31.850  108.7  12.74  14.000   -0.03553    2.29    1.93    3.07
20-07-2024 08:27:21.82   61.29   0.048  26.720   31.850  108.7  12.75  14.000   -0.03035    2.29    2.11    3.39
20-07-2024 08:27:22.07   61.40   0.048  26.723   31.853  108.7  12.75  14.000   -0.02665    2.59    2.41    3.32
20-07-2024 08:27:22.32   61.53   0.047  26.722   31.854  108.8  12.75  14.000   -0.03109    2.27    2.22    3.22
20-07-2024 08:27:22.56   61.62   0.046  26.722   31.854  108.8  12.76  14.000   -0.02072    2.55    2.49    3.40
20-07-2024 08:27:22.81   61.69   0.046  26.723   31.857  108.8  12.76  14.000   -0.03109    2.12    2.32    3.08
20-07-2024 08:27:23.05   61.73   0.045  26.723   31.856  108.9  12.76  14.000   -0.01924    2.12    2.32    3.08
20-07-2024 08:27:23.30   61.82   0.045  26.722   31.855  108.9  12.77  14.000   -0.01258    2.25    2.59    2.98
20-07-2024 08:27:23.54   61.97   0.044  26.721   31.856  108.9  12.77  14.000   -0.03331    2.31    2.11    3.25
20-07-2024 08:27:23.79   62.02   0.042  26.721   31.858  109.0  12.77  14.000   -0.02220    2.53    2.24    3.20
20-07-2024 08:27:24.03   62.10   0.042  26.720   31.856  109.0  12.77  14.000   -0.05255    2.50    2.52    3.19
20-07-2024 08:27:24.28   62.21   0.039  26.720   31.859  109.0  12.78  14.000   -0.02294    1.96    2.04    3.17
20-07-2024 08:27:24.52   62.26   0.036  26.721   31.863  109.0  12.79  14.000   -0.01184    2.45    2.28    3.20
20-07-2024 08:27:24.77   62.33   0.034  26.719   31.863  109.0  12.79  14.000   -0.02887    2.45    2.28    3.20
20-07-2024 08:27:25.01   62.46   0.031  26.717   31.864  109.1  12.79  14.000   -0.02591    2.57    1.99    3.30
20-07-2024 08:27:25.27   62.57   0.028  26.714   31.862  109.1  12.79  14.000   -0.02072    2.08    2.17    3.40
20-07-2024 08:27:25.51   62.66   0.024  26.706   31.855  109.1  12.80  14.000   -0.01628    2.50    2.11    3.39
20-07-2024 08:27:25.76   62.72   0.014  26.694   31.850  109.1  12.80  14.000   -0.02146    2.22    2.05    3.15
20-07-2024 08:27:26.01   62.80   0.003  26.683   31.848  109.1  12.81  14.000   -0.00962    2.16    2.33    3.04
20-07-2024 08:27:26.25   62.92  -0.011  26.675   31.851  109.1  12.81  14.000   -0.01702    2.65    2.16    2.81
20-07-2024 08:27:26.50   63.00  -0.022  26.672   31.859  109.2  12.82  14.000   -0.01924    2.65    2.16    2.81
20-07-2024 08:27:26.74   63.07  -0.030  26.669   31.863  109.2  12.83  14.000   -0.01998    2.43    2.21    3.05
20-07-2024 08:27:26.99   63.13  -0.035  26.669   31.868  109.2  12.83  14.000   -0.02887    2.07    2.44    3.23
20-07-2024 08:27:27.23   63.26  -0.039  26.668   31.871  109.2  12.83  14.000   -0.02072    2.17    2.35    3.11
20-07-2024 08:27:27.48   63.33  -0.041  26.668   31.874  109.2  12.83  14.000   -0.01776    2.46    2.11    3.35
20-07-2024 08:27:27.72   63.40  -0.041  26.669   31.874  109.2  12.83  14.000   -0.02813    2.17    2.17    3.18
20-07-2024 08:27:27.97   63.47  -0.042  26.670   31.876  109.2  12.83  14.000   -0.01628    2.51    1.95    3.21
20-07-2024 08:27:28.22   63.59  -0.041  26.669   31.875  109.2  12.83  14.000   -0.02739    2.51    1.95    3.21
20-07-2024 08:27:28.46   63.62  -0.041  26.669   31.875  109.2  12.84  14.000   -0.03035    2.37    2.51    3.05
20-07-2024 08:27:28.70   63.72  -0.043  26.670   31.878  109.3  12.84  14.000   -0.01924    2.34    1.77    3.00
20-07-2024 08:27:28.95   63.87  -0.042  26.672   31.879  109.2  12.83  14.000   -0.02146    2.23    1.83    2.87
20-07-2024 08:27:29.20   63.95  -0.042  26.673   31.881  109.2  12.83  14.000   -0.02739    2.93    2.59    3.25
20-07-2024 08:27:29.45   63.98  -0.040  26.677   31.884  109.3  12.84  14.000   -0.03109    2.35    2.46    2.96
20-07-2024 08:27:29.69   64.09  -0.037  26.686   31.892  109.2  12.83  14.000   -0.02517    2.29    2.30    3.14
20-07-2024 08:27:29.94   64.16  -0.031  26.693   31.895  109.2  12.83  14.000   -0.02739    2.29    2.30    3.14
20-07-2024 08:27:30.18   64.23  -0.022  26.694   31.888  109.2  12.82  14.000   -0.04737    2.37    2.13    2.89
20-07-2024 08:27:30.43   64.32  -0.019  26.696   31.886  109.2  12.82  14.000   -0.01998    2.28    2.06    2.92
20-07-2024 08:27:30.67   64.44  -0.017  26.696   31.884  109.2  12.82  14.000   -0.01998    2.02    2.51    3.04
20-07-2024 08:27:30.92   64.52  -0.015  26.701   31.889  109.2  12.82  14.000   -0.02368    2.43    2.49    2.83
20-07-2024 08:27:31.16   64.60  -0.012  26.702   31.887  109.2  12.82  14.000   -0.03405    2.26    2.28    3.49
20-07-2024 08:27:31.41   64.67  -0.011  26.702   31.885  109.2  12.82  14.000   -0.02368    2.07    2.20    3.49
20-07-2024 08:27:31.65   64.79  -0.011  26.702   31.885  109.2  12.82  14.000   -0.02591    2.07    2.20    3.49
20-07-2024 08:27:31.90   64.88  -0.010  26.702   31.885  109.2  12.81  14.000   -0.04589    2.09    2.00    2.99
20-07-2024 08:27:32.14   64.90  -0.011  26.702   31.886  109.2  12.81  14.000   -0.03109    2.07    2.69    2.76
20-07-2024 08:27:32.39   65.05  -0.011  26.702   31.886  109.2  12.81  14.000   -0.05033    2.26    2.03    3.23
20-07-2024 08:27:32.64   65.12  -0.012  26.702   31.886  109.2  12.82  14.000   -0.02961    2.02    2.33    2.93
20-07-2024 08:27:32.89   65.23  -0.012  26.702   31.886  109.2  12.81  14.000   -0.03479    2.25    1.75    3.04
20-07-2024 08:27:33.14   65.31  -0.013  26.702   31.887  109.1  12.81  14.000   -0.02591    2.27    2.36    3.14
20-07-2024 08:27:33.38   65.35  -0.013  26.701   31.886  109.1  12.81  14.000   -0.02665    2.27    2.36    3.14
20-07-2024 08:27:33.63   65.49  -0.013  26.699   31.884  109.1  12.81  14.000   -0.04589    2.35    2.25    3.08
20-07-2024 08:27:33.87   65.57  -0.015  26.699   31.885  109.1  12.81  14.000   -0.04367    2.34    2.83    3.13
20-07-2024 08:27:34.12   65.63  -0.017  26.697   31.886  109.1  12.81  14.000   -0.05255    2.31    2.60    3.22
20-07-2024 08:27:34.36   65.70  -0.019  26.696   31.886  109.1  12.81  14.000   -0.04515    2.40    2.58    3.64
20-07-2024 08:27:34.61   65.79  -0.022  26.695   31.887  109.1  12.81  14.000   -0.03405    2.11    2.47    2.92
20-07-2024 08:27:34.85   65.87  -0.025  26.693   31.888  109.1  12.81  14.000   -0.03035    2.68    2.19    3.16
20-07-2024 08:27:35.10   65.96  -0.028  26.694   31.892  109.1  12.81  14.000   -0.05699    2.68    2.19    3.16
20-07-2024 08:27:35.34   66.03  -0.030  26.694   31.894  109.1  12.81  14.000   -0.05255    2.40    2.53    2.92
20-07-2024 08:27:35.59   66.12  -0.032  26.691   31.893  109.1  12.81  14.000   -0.03923    2.43    1.80    3.00
20-07-2024 08:27:35.83   66.19  -0.035  26.694   31.900  109.1  12.81  14.000   -0.03849    2.37    2.43    2.88
20-07-2024 08:27:36.08   66.27  -0.036  26.694   31.901  109.0  12.81  14.000   -0.02887    2.31    2.14    3.18
20-07-2024 08:27:36.33   66.35  -0.038  26.694   31.902  109.0  12.81  14.000   -0.02887    2.15    2.26    3.40
20-07-2024 08:27:36.57   66.42  -0.041  26.697   31.910  109.0  12.81  14.000   -0.05107    2.34    2.13    3.21
20-07-2024 08:27:36.82   66.54  -0.041  26.698   31.911  109.0  12.81  14.000   -0.05773    2.34    2.13    3.21
20-07-2024 08:27:37.07   66.61  -0.042  26.698   31.912  109.0  12.81  14.000   -0.04589    2.10    2.33    3.12
20-07-2024 08:27:37.31   66.70  -0.042  26.699   31.913  109.0  12.81  14.000   -0.06217    2.34    2.42    3.10
20-07-2024 08:27:37.56   66.79  -0.042  26.700   31.914  109.0  12.80  14.000   -0.05625    2.45    2.02    3.26
20-07-2024 08:27:37.80   66.85  -0.041  26.699   31.912  109.0  12.80  14.000   -0.05255    2.27    2.48    3.13
20-07-2024 08:27:38.05   66.96  -0.041  26.699   31.912  109.0  12.80  14.000   -0.05107    2.17    2.18    3.27
20-07-2024 08:27:38.29   67.02  -0.042  26.699   31.912  109.0  12.80  14.000   -0.04663    2.17    2.18    3.27
20-07-2024 08:27:38.54   67.10  -0.042  26.700   31.914  109.0  12.80  14.000   -0.04367    2.25    2.33    2.91
20-07-2024 08:27:38.78   67.20  -0.041  26.699   31.913  109.0  12.80  14.000   -0.04589    2.19    2.26    2.74
20-07-2024 08:27:39.04   67.25  -0.041  26.699   31.912  109.0  12.80  14.000   -0.03997    2.06    1.75    3.65
20-07-2024 08:27:39.27   67.37  -0.041  26.700   31.913  109.0  12.80  14.000   -0.03035    2.09    2.93    3.35
20-07-2024 08:27:39.52   67.45  -0.041  26.700   31.913  108.9  12.80  14.000   -0.04145    2.33    2.21    3.33
20-07-2024 08:27:39.76   67.50  -0.041  26.700   31.913  109.0  12.80  14.000   -0.03553    2.19    2.28    3.37
20-07-2024 08:27:40.02   67.58  -0.041  26.701   31.914  109.0  12.80  14.000   -0.03479    2.19    2.28    3.37
20-07-2024 08:27:40.26   67.68  -0.041  26.701   31.914  108.9  12.80  14.000   -0.03997    2.72    2.60    3.21
20-07-2024 08:27:40.51   67.76  -0.041  26.701   31.915  108.9  12.80  14.000   -0.04219    2.48    2.02    3.47
20-07-2024 08:27:40.76   67.84  -0.041  26.704   31.918  108.9  12.80  14.000   -0.03257    2.06    1.87    3.23
20-07-2024 08:27:41.00   67.94  -0.040  26.714   31.931  109.0  12.80  14.000   -0.03923    2.32    2.45    2.99
20-07-2024 08:27:41.25   68.04  -0.038  26.711   31.923  108.9  12.79  14.000   -0.04959    2.33    2.17    3.06
20-07-2024 08:27:41.49   68.10  -0.040  26.707   31.921  108.9  12.79  14.000   -0.04811    2.47    2.58    3.10
20-07-2024 08:27:41.74   68.22  -0.045  26.705   31.923  108.9  12.79  14.000   -0.04959    2.47    2.58    3.10
20-07-2024 08:27:41.98   68.28  -0.049  26.704   31.927  108.9  12.80  14.000   -0.03331    2.20    2.33    2.78
20-07-2024 08:27:42.23   68.37  -0.052  26.705   31.931  108.9  12.80  14.000   -0.03775    2.32    1.97    2.95
20-07-2024 08:27:42.47   68.46  -0.053  26.706   31.933  108.9  12.80  14.000   -0.04441    2.33    2.21    3.06
20-07-2024 08:27:42.72   68.52  -0.054  26.706   31.934  108.9  12.79  14.000   -0.02961    2.47    2.55    3.08
20-07-2024 08:27:42.96   68.63  -0.055  26.705   31.934  108.9  12.79  14.000   -0.04663    2.34    2.48    3.13
20-07-2024 08:27:43.21   68.70  -0.055  26.706   31.935  108.9  12.79  14.000   -0.05477    2.01    2.60    3.14
20-07-2024 08:27:43.45   68.81  -0.055  26.706   31.935  108.9  12.79  14.000   -0.03553    2.01    2.60    3.14
20-07-2024 08:27:43.70   68.88  -0.055  26.706   31.936  108.9  12.79  14.000   -0.05329    2.03    2.45    2.89
20-07-2024 08:27:43.95   68.94  -0.056  26.707   31.937  108.8  12.79  14.000   -0.02294    2.21    1.95    3.40
20-07-2024 08:27:44.20   69.04  -0.055  26.709   31.938  108.9  12.79  14.000   -0.03997    2.19    2.44    3.11
20-07-2024 08:27:44.44   69.14  -0.055  26.710   31.941  108.9  12.79  14.000   -0.05033    2.01    2.20    2.92
20-07-2024 08:27:44.69   69.22  -0.055  26.711   31.941  108.8  12.78  14.000   -0.03923    2.22    2.16    3.15
20-07-2024 08:27:44.93   69.30  -0.054  26.712   31.942  108.8  12.78  14.000   -0.05847    2.23    2.36    3.24
20-07-2024 08:27:45.18   69.37  -0.054  26.710   31.939  108.8  12.78  14.000   -0.04885    2.23    2.36    3.24
20-07-2024 08:27:45.42   69.48  -0.054  26.711   31.940  108.8  12.78  14.000   -0.03849    2.50    2.26    3.35
20-07-2024 08:27:45.67   69.54  -0.056  26.710   31.941  108.8  12.78  14.000   -0.01554    2.42    2.04    3.16
20-07-2024 08:27:45.91   69.63  -0.058  26.711   31.943  108.8  12.78  14.000   -0.05773    2.10    2.24    3.35
20-07-2024 08:27:46.16   69.71  -0.058  26.712   31.945  108.8  12.78  14.000   -0.04811    2.22    2.23    3.29
20-07-2024 08:27:46.40   69.78  -0.058  26.711   31.944  108.8  12.78  14.000   -0.05107    2.40    2.21    3.31
20-07-2024 08:27:46.65   69.89  -0.058  26.714   31.947  108.8  12.78  14.000   -0.06735    2.18    2.19    3.32
20-07-2024 08:27:46.89   69.96  -0.058  26.712   31.945  108.8  12.78  14.000   -0.03405    2.18    2.19    3.32
20-07-2024 08:27:47.14   70.06  -0.058  26.712   31.945  108.8  12.78  14.000   -0.05995    2.18    2.51    3.04
20-07-2024 08:27:47.39   70.16  -0.060  26.710   31.945  108.7  12.78  14.000   -0.03701    1.65    2.33    2.95
20-07-2024 08:27:47.64   70.25  -0.062  26.709   31.946  108.7  12.78  14.000   -0.04071    2.09    1.96    2.99
20-07-2024 08:27:47.89   70.33  -0.063  26.709   31.946  108.7  12.78  14.000   -0.06143    2.19    2.53    2.99
20-07-2024 08:27:48.13   70.39  -0.064  26.709   31.947  108.7  12.77  14.000   -0.04219    1.93    2.49    2.88
20-07-2024 08:27:48.38   70.49  -0.065  26.710   31.949  108.7  12.77  14.000   -0.03923    2.35    2.75    3.22
20-07-2024 08:27:48.62   70.58  -0.066  26.709   31.949  108.7  12.77  14.000   -0.03627    2.35    2.75    3.22
20-07-2024 08:27:48.87   70.66  -0.066  26.709   31.950  108.7  12.77  14.000   -0.05329    2.26    2.18    3.15
20-07-2024 08:27:49.11   70.70  -0.067  26.711   31.952  108.7  12.77  14.000   -0.04145    2.17    2.29    2.97
20-07-2024 08:27:49.36   70.84  -0.067  26.712   31.953  108.7  12.77  14.000   -0.04811    2.44    2.06    3.18
20-07-2024 08:27:49.60   70.95  -0.067  26.712   31.954  108.7  12.77  14.000   -0.04959    2.19    2.37    3.06
20-07-2024 08:27:49.85   70.98  -0.066  26.714   31.956  108.6  12.77  14.000   -0.04663    2.31    2.20    3.29
20-07-2024 08:27:50.10   71.06  -0.067  26.714   31.957  108.6  12.77  14.000   -0.05699    2.40    2.01    3.49
20-07-2024 08:27:50.34   71.12  -0.067  26.716   31.958  108.6  12.76  14.000   -0.04663    2.40    2.01    3.49
20-07-2024 08:27:50.58   71.22  -0.067  26.716   31.959  108.6  12.76  14.000   -0.05255    2.12    2.21    3.55
20-07-2024 08:27:50.83   71.30  -0.067  26.716   31.958  108.6  12.76  14.000   -0.05477    2.22    2.22    3.19
20-07-2024 08:27:51.08   71.35  -0.066  26.718   31.961  108.6  12.76  14.000   -0.04293    2.31    2.48    3.11
20-07-2024 08:27:51.32   71.47  -0.066  26.720   31.963  108.6  12.76  14.000   -0.04515    2.04    2.58    3.44
20-07-2024 08:27:51.57   71.55  -0.064  26.723   31.964  108.6  12.75  14.000   -0.03405    2.24    2.57    2.88
20-07-2024 08:27:51.82   71.66  -0.062  26.726   31.966  108.6  12.76  14.000   -0.06439    1.96    2.21    3.22
20-07-2024 08:27:52.06   71.74  -0.058  26.735   31.975  108.6  12.75  14.000   -0.03405    1.96    2.21    3.22
20-07-2024 08:27:52.31   71.82  -0.052  26.737   31.971  108.6  12.75  14.000   -0.04885    2.05    2.38    3.26
20-07-2024 08:27:52.55   71.88  -0.049  26.741   31.973  108.6  12.75  14.000   -0.04367    2.12    2.40    3.05
20-07-2024 08:27:52.80   71.95  -0.046  26.745   31.975  108.6  12.75  14.000   -0.05699    2.23    2.57    3.23
20-07-2024 08:27:53.04   72.03  -0.044  26.744   31.971  108.5  12.74  14.000   -0.05551    2.44    2.21    3.59
20-07-2024 08:27:53.29   72.17  -0.045  26.740   31.967  108.5  12.75  14.000   -0.05477    2.17    2.48    3.00
20-07-2024 08:27:53.53   72.25  -0.048  26.736   31.965  108.5  12.75  14.000   -0.05181    1.98    2.16    3.16
20-07-2024 08:27:53.78   72.34  -0.053  26.734   31.968  108.5  12.74  14.000   -0.06809    1.98    2.16    3.16
20-07-2024 08:27:54.02   72.37  -0.058  26.735   31.973  108.5  12.74  14.000   -0.06143    2.25    2.38    2.99
20-07-2024 08:27:54.27   72.45  -0.060  26.735   31.976  108.5  12.75  14.000   -0.04885    2.10    2.27    3.24
20-07-2024 08:27:54.51   72.56  -0.060  26.737   31.979  108.5  12.74  14.000   -0.06291    2.22    2.18    2.81
20-07-2024 08:27:54.77   72.67  -0.061  26.739   31.982  108.5  12.74  14.000   -0.05033    2.38    2.26    3.17
20-07-2024 08:27:55.01   72.74  -0.060  26.740   31.982  108.5  12.74  14.000   -0.05551    2.37    2.04    2.94
20-07-2024 08:27:55.26   72.84  -0.058  26.743   31.984  108.5  12.74  14.000   -0.05107    2.35    2.05    2.90
20-07-2024 08:27:55.51   72.86  -0.057  26.742   31.982  108.4  12.74  14.000   -0.05699    2.35    2.05    2.90
20-07-2024 08:27:55.75   72.98  -0.056  26.745   31.985  108.4  12.74  14.000   -0.05699    2.00    2.58    2.94
20-07-2024 08:27:56.00   73.09  -0.055  26.747   31.986  108.4  12.74  14.000   -0.05625    2.22    1.72    3.11
20-07-2024 08:27:56.24   73.15  -0.053  26.751   31.989  108.4  12.73  14.000   -0.05107    2.55    2.67    3.03
20-07-2024 08:27:56.49   73.18  -0.050  26.755   31.991  108.4  12.73  14.000   -0.04589    2.64    1.85    3.29
20-07-2024 08:27:56.73   73.32  -0.048  26.757   31.992  108.4  12.73  14.000   -0.05403    2.68    2.34    3.15
20-07-2024 08:27:56.98   73.42  -0.045  26.762   31.996  108.4  12.73  14.000   -0.06365    2.11    1.95    3.18
20-07-2024 08:27:57.22   73.53  -0.043  26.765   31.996  108.4  12.73  14.000   -0.06217    2.11    1.95    3.18
20-07-2024 08:27:57.47   73.52  -0.041  26.767   31.998  108.4  12.72  14.000   -0.05181    2.28    2.08    3.30
20-07-2024 08:27:57.71   73.65  -0.042  26.765   31.996  108.4  12.72  14.000   -0.05107    2.35    1.98    3.62
20-07-2024 08:27:57.96   73.74  -0.045  26.766   32.001  108.4  12.73  14.000   -0.04589    2.14    1.99    3.07
20-07-2024 08:27:58.20   73.82  -0.047  26.771   32.009  108.4  12.72  14.000   -0.06513    2.29    2.14    2.95
20-07-2024 08:27:58.45   73.91  -0.044  26.798   32.041  108.4  12.72  14.000   -0.05107    1.56    2.43    3.30
20-07-2024 08:27:58.70   73.97  -0.031  26.811   32.045  108.4  12.72  14.000   -0.06069    2.28    2.63    3.36
20-07-2024 08:27:58.95   74.04  -0.016  26.822   32.044  108.4  12.71  14.000   -0.05699    2.28    2.63    3.36
20-07-2024 08:27:59.19   74.14  -0.003  26.825   32.034  108.4  12.71  14.000   -0.05477    2.24    2.47    3.30
20-07-2024 08:27:59.44   74.24   0.004  26.827   32.029  108.3  12.70  14.000   -0.05181    2.04    2.08    3.29
20-07-2024 08:27:59.68   74.33   0.007  26.831   32.030  108.3  12.70  14.000   -0.06217    2.26    2.39    3.24
20-07-2024 08:27:59.93   74.33   0.010  26.831   32.027  108.3  12.70  14.000   -0.03923    2.16    2.07    3.10
20-07-2024 08:28:00.17   74.52   0.011  26.831   32.027  108.4  12.70  14.000   -0.03997    2.32    1.91    3.02
20-07-2024 08:28:00.42   74.51   0.012  26.832   32.028  108.3  12.70  14.000   -0.04737    2.05    2.14    3.04
20-07-2024 08:28:00.66   74.68   0.012  26.835   32.031  108.4  12.70  14.000   -0.06513    2.05    2.14    3.04
20-07-2024 08:28:00.91   74.65   0.014  26.840   32.035  108.3  12.70  14.000   -0.06439    2.25    2.31    3.06
20-07-2024 08:28:01.16   74.81   0.016  26.843   32.037  108.4  12.70  14.000   -0.05995    2.28    2.32    2.98
20-07-2024 08:28:01.40   74.89   0.018  26.847   32.040  108.3  12.69  14.000   -0.06661    2.38    2.34    3.19
20-07-2024 08:28:01.64   74.98   0.020  26.850   32.042  108.3  12.69  14.000   -0.06143    2.18    2.51    3.30
20-07-2024 08:28:01.89   74.99   0.021  26.853   32.045  108.3  12.69  14.000   -0.06365    2.28    2.83    3.01
20-07-2024 08:28:02.14   75.19   0.023  26.857   32.048  108.3  12.69  14.000   -0.05625    1.99    2.04    2.89
20-07-2024 08:28:02.39   75.14   0.024  26.857   32.047  108.3  12.69  14.000   -0.05551    1.99    2.04    2.89
20-07-2024 08:28:02.64   75.31   0.025  26.853   32.041  108.3  12.69  14.000   -0.05773    2.30    2.11    3.06
20-07-2024 08:28:02.88   75.40   0.020  26.844   32.034  108.3  12.69  14.000   -0.07994    2.08    2.50    3.03
20-07-2024 08:28:03.13   75.49   0.012  26.850   32.050  108.3  12.69  14.000   -0.05033    2.29    2.68    3.17
20-07-2024 08:28:03.37   75.54   0.011  26.868   32.076  108.3  12.69  14.000   -0.05329    2.29    2.49    2.69
20-07-2024 08:28:03.62   75.59   0.020  26.879   32.080  108.3  12.69  14.000   -0.06883    2.26    2.56    2.93
20-07-2024 08:28:03.86   75.65   0.030  26.883   32.075  108.3  12.68  14.000   -0.05181    2.12    2.59    3.03
20-07-2024 08:28:04.11   75.73   0.037  26.885   32.071  108.3  12.68  14.000   -0.06735    2.12    2.59    3.03
20-07-2024 08:28:04.35   75.79   0.040  26.887   32.069  108.3  12.68  14.000   -0.04293    2.01    2.44    3.08
20-07-2024 08:28:04.60   75.96   0.043  26.889   32.069  108.3  12.68  14.000   -0.04885    2.12    2.61    3.19
20-07-2024 08:28:04.84   75.95   0.044  26.890   32.069  108.3  12.68  14.000   -0.05329    1.78    2.48    3.12
20-07-2024 08:28:05.09   76.04   0.045  26.893   32.072  108.3  12.68  14.000   -0.05995    1.84    2.58    2.91
20-07-2024 08:28:05.33   76.09   0.048  26.899   32.077  108.3  12.68  14.000   -0.07772    1.97    2.51    3.46
20-07-2024 08:28:05.58   76.29   0.051  26.908   32.084  108.3  12.67  14.000   -0.04811    2.17    2.33    3.09
20-07-2024 08:28:05.83   76.34   0.058  26.915   32.086  108.3  12.67  14.000   -0.06143    2.17    2.33    3.09
20-07-2024 08:28:06.07   76.45   0.065  26.924   32.091  108.3  12.67  14.000   -0.06513    1.90    2.46    3.21
20-07-2024 08:28:06.32   76.43   0.073  26.934   32.096  108.3  12.66  14.000   -0.07105    2.38    2.19    2.99
20-07-2024 08:28:06.57   76.64   0.079  26.938   32.095  108.3  12.66  14.000   -0.06143    1.97    2.30    3.32
20-07-2024 08:28:06.81   76.59   0.084  26.940   32.093  108.3  12.66  14.000   -0.05551    2.08    2.35    3.15
20-07-2024 08:28:07.06   76.79   0.086  26.941   32.092  108.3  12.66  14.000   -0.06661    2.11    2.40    3.22
20-07-2024 08:28:07.30   76.88   0.087  26.942   32.091  108.2  12.66  14.000   -0.07253    2.31    1.77    3.07
20-07-2024 08:28:07.55   76.82   0.087  26.941   32.090  108.3  12.66  14.000   -0.05625    2.31    1.77    3.07
20-07-2024 08:28:07.79   77.03   0.086  26.939   32.089  108.2  12.65  14.000   -0.05699    2.16    2.23    3.31
20-07-2024 08:28:08.04   77.02   0.084  26.939   32.091  108.2  12.65  14.000   -0.07105    2.22    2.47    3.27
20-07-2024 08:28:08.28   77.22   0.083  26.938   32.091  108.2  12.66  14.000   -0.06513    1.99    2.55    2.47
20-07-2024 08:28:08.53   77.25   0.082  26.938   32.091  108.2  12.65  14.000   -0.03923    2.10    2.08    2.98
20-07-2024 08:28:08.77   77.36   0.081  26.938   32.092  108.2  12.65  14.000   -0.07550    2.09    2.78    3.16
20-07-2024 08:28:09.02   77.45   0.080  26.938   32.093  108.2  12.65  14.000   -0.04737    2.14    2.22    2.96
20-07-2024 08:28:09.26   77.40   0.080  26.938   32.094  108.2  12.65  14.000   -0.06069    2.14    2.22    2.96
20-07-2024 08:28:09.52   77.48   0.080  26.939   32.095  108.2  12.65  14.000   -0.05921    2.38    2.54    3.10
20-07-2024 08:28:09.76   77.59   0.079  26.937   32.093  108.1  12.64  14.000   -0.07031    2.22    2.79    3.00
20-07-2024 08:28:10.01   77.72   0.078  26.936   32.093  108.1  12.64  14.000   -0.04959    2.19    2.58    3.34
20-07-2024 08:28:10.26   77.79   0.077  26.936   32.094  108.1  12.64  14.000   -0.05181    1.98    2.28    2.98
20-07-2024 08:28:10.50   77.88   0.075  26.935   32.094  108.1  12.65  14.000   -0.04441    2.36    2.26    3.41
20-07-2024 08:28:10.75   78.05   0.075  26.935   32.094  108.1  12.64  14.000   -0.04811    2.13    2.25    3.37
20-07-2024 08:28:10.99   78.09   0.074  26.935   32.095  108.1  12.64  14.000   -0.07698    2.13    2.25    3.37
20-07-2024 08:28:11.24   78.10   0.074  26.936   32.096  108.1  12.64  14.000   -0.06957    2.41    2.29    2.87
20-07-2024 08:28:11.48   78.15   0.074  26.936   32.096  108.0  12.63  14.000   -0.05551    2.29    2.20    3.21
20-07-2024 08:28:11.73   78.29   0.073  26.936   32.097  108.0  12.63  14.000   -0.07031    2.09    2.22    3.27
20-07-2024 08:28:11.97   78.42   0.073  26.937   32.099  108.0  12.63  14.000   -0.06735    2.21    2.06    3.25
20-07-2024 08:28:12.23   78.50   0.073  26.935   32.097  108.0  12.63  14.000   -0.06661    1.93    2.08    2.98
20-07-2024 08:28:12.46   78.45   0.072  26.935   32.097  108.0  12.63  14.000   -0.04145    1.91    1.92    3.43
20-07-2024 08:28:12.71   78.56   0.071  26.936   32.099  107.9  12.63  14.000   -0.06069    1.91    1.92    3.43
20-07-2024 08:28:12.95   78.70   0.071  26.935   32.098  107.9  12.62  14.000   -0.06809    2.13    2.47    3.16
20-07-2024 08:28:13.20   78.83   0.070  26.934   32.098  107.9  12.62  14.000   -0.06365    2.14    2.16    3.14
20-07-2024 08:28:13.45   78.79   0.069  26.934   32.099  107.9  12.62  14.000   -0.06291    2.01    1.78    3.03
20-07-2024 08:28:13.70   78.89   0.069  26.934   32.099  107.9  12.62  14.000   -0.08068    2.07    2.06    2.80
20-07-2024 08:28:13.94   79.05   0.068  26.934   32.099  107.9  12.62  14.000   -0.06217    2.28    2.71    3.08
20-07-2024 08:28:14.19   79.10   0.068  26.933   32.099  107.8  12.61  14.000   -0.04293    2.06    2.40    2.87
20-07-2024 08:28:14.43   79.22   0.067  26.932   32.099  107.8  12.61  14.000   -0.05181    2.06    2.40    2.87
20-07-2024 08:28:14.68   79.18   0.065  26.932   32.100  107.8  12.61  14.000   -0.06661    2.19    2.32    2.84
20-07-2024 08:28:14.92   79.24   0.063  26.929   32.098  107.8  12.61  14.000   -0.05625    2.02    2.30    3.35
20-07-2024 08:28:15.17   79.32   0.062  26.928   32.098  107.8  12.61  14.000   -0.06217    2.06    2.45    3.12
20-07-2024 08:28:15.41   79.57   0.059  26.926   32.099  107.7  12.60  14.000   -0.05995    2.35    2.39    3.06
20-07-2024 08:28:15.66   79.66   0.056  26.923   32.097  107.7  12.61  14.000   -0.07698    2.13    2.36    3.66
20-07-2024 08:28:15.90   79.65   0.052  26.921   32.099  107.7  12.60  14.000   -0.06439    2.13    2.36    3.66
20-07-2024 08:28:16.15   79.73   0.047  26.919   32.101  107.7  12.60  14.000   -0.06439    2.43    2.61    3.32
20-07-2024 08:28:16.39   79.71   0.045  26.918   32.103  107.6  12.60  14.000   -0.05921    2.35    2.43    2.95
20-07-2024 08:28:16.64   79.80   0.042  26.918   32.106  107.6  12.60  14.000   -0.04959    1.94    2.21    3.06
20-07-2024 08:28:16.89   79.98   0.039  26.917   32.107  107.6  12.60  14.000   -0.06587    2.06    1.95    3.15
20-07-2024 08:28:17.14   79.97   0.037  26.916   32.108  107.6  12.60  14.000   -0.05403    1.96    2.39    3.10
20-07-2024 08:28:17.39   80.03   0.033  26.913   32.109  107.6  12.60  14.000   -0.06513    2.20    2.16    3.10
20-07-2024 08:28:17.63   80.19   0.027  26.906   32.105  107.6  12.60  14.000   -0.05107    2.20    2.46    3.21
20-07-2024 08:28:17.88   80.26   0.020  26.905   32.111  107.5  12.60  14.000   -0.06883    2.20    2.46    3.21
20-07-2024 08:28:18.12   80.29   0.016  26.903   32.113  107.5  12.59  14.000   -0.05403    2.08    2.39    3.23
20-07-2024 08:28:18.37   80.36   0.014  26.903   32.115  107.5  12.59  14.000   -0.05107    2.28    2.42    3.05
20-07-2024 08:28:18.61   80.57   0.012  26.904   32.119  107.5  12.59  14.000   -0.07253    2.24    2.09    3.10
20-07-2024 08:28:18.86   80.60   0.012  26.911   32.128  107.4  12.58  14.000   -0.06291    2.41    2.28    3.14
20-07-2024 08:28:19.10   80.58   0.016  26.916   32.130  107.4  12.58  14.000   -0.06735    2.31    1.93    3.04
20-07-2024 08:28:19.35   80.63   0.020  26.918   32.128  107.4  12.58  14.000   -0.08364    2.31    1.93    3.04
20-07-2024 08:28:19.59   80.91   0.024  26.921   32.128  107.4  12.57  14.000   -0.06365    1.93    1.98    2.95
20-07-2024 08:28:19.84   80.79   0.026  26.924   32.130  107.4  12.57  14.000   -0.06587    2.52    2.38    3.52
20-07-2024 08:28:20.08   81.07   0.028  26.926   32.129  107.3  12.57  14.000   -0.06957    2.51    2.21    2.93
20-07-2024 08:28:20.33   80.98   0.029  26.924   32.127  107.3  12.56  14.000   -0.07402    2.03    2.26    2.88
20-07-2024 08:28:20.59   81.01   0.028  26.924   32.127  107.3  12.56  14.000   -0.06439    1.81    2.07    3.10
20-07-2024 08:28:20.83   81.18   0.026  26.921   32.126  107.3  12.56  14.000   -0.06069    2.09    1.87    3.30
20-07-2024 08:28:21.08   81.34   0.023  26.919   32.125  107.2  12.56  14.000   -0.05625    1.99    2.24    2.92
20-07-2024 08:28:21.32   81.25   0.018  26.915   32.126  107.2  12.55  14.000   -0.06143    1.99    2.24    2.92
20-07-2024 08:28:21.57   81.36   0.014  26.912   32.127  107.2  12.55  14.000   -0.05477    1.76    2.00    2.96
20-07-2024 08:28:21.82   81.46   0.010  26.910   32.128  107.2  12.55  14.000   -0.06661    1.63    2.60    3.10
20-07-2024 08:28:22.06   81.50   0.006  26.909   32.131  107.1  12.55  14.000   -0.07624    1.97    2.32    2.94
20-07-2024 08:28:22.31   81.68   0.004  26.908   32.132  107.1  12.55  14.000   -0.07476    1.95    2.59    3.09
20-07-2024 08:28:22.55   81.70   0.000  26.905   32.131  107.1  12.55  14.000   -0.07476    2.20    2.29    3.41
20-07-2024 08:28:22.80   81.90  -0.004  26.900   32.129  107.0  12.54  14.000   -0.06735    2.09    2.56    3.05
20-07-2024 08:28:23.05   81.98  -0.008  26.901   32.135  107.0  12.54  14.000   -0.06883    2.09    2.56    3.05
20-07-2024 08:28:23.29   82.08  -0.012  26.901   32.138  107.0  12.54  14.000   -0.07402    2.40    1.93    3.08
20-07-2024 08:28:23.53   82.17  -0.013  26.899   32.136  107.0  12.53  14.000   -0.06735    2.31    1.99    2.79
20-07-2024 08:28:23.78   82.23  -0.017  26.891   32.131  106.9  12.53  14.000   -0.05625    2.23    2.34    2.90
20-07-2024 08:28:24.02   82.18  -0.025  26.891   32.139  106.9  12.53  14.000   -0.05255    2.03    2.01    3.15
20-07-2024 08:28:24.27   82.37  -0.029  26.894   32.148  106.9  12.53  14.000   -0.08142    2.10    2.09    3.40
20-07-2024 08:28:24.52   82.44  -0.030  26.896   32.152  106.8  12.52  14.000   -0.08216    2.10    2.09    3.40
20-07-2024 08:28:24.77   82.36  -0.029  26.900   32.155  106.8  12.52  14.000   -0.05995    2.30    2.16    3.24
20-07-2024 08:28:25.01   82.62  -0.028  26.900   32.154  106.7  12.51  14.000   -0.05329    2.09    2.65    3.33
20-07-2024 08:28:25.26   82.51  -0.028  26.900   32.155  106.7  12.51  14.000   -0.05921    2.04    2.03    3.24
20-07-2024 08:28:25.50   82.79  -0.029  26.900   32.155  106.7  12.50  14.000   -0.08364    2.19    2.28    3.41
20-07-2024 08:28:25.75   82.83  -0.031  26.898   32.155  106.6  12.50  14.000   -0.06587    1.93    2.58    3.16
20-07-2024 08:28:25.99   82.85  -0.032  26.899   32.157  106.6  12.50  14.000   -0.06735    1.98    2.08    3.03
20-07-2024 08:28:26.24   83.03  -0.034  26.897   32.156  106.6  12.49  14.000   -0.06957    2.19    2.32    3.01
20-07-2024 08:28:26.48   82.99  -0.036  26.896   32.157  106.5  12.49  14.000   -0.06661    2.19    2.32    3.01
20-07-2024 08:28:26.73   83.03  -0.039  26.894   32.157  106.5  12.48  14.000   -0.07328    2.26    1.99    2.96
20-07-2024 08:28:26.97   83.11  -0.041  26.894   32.160  106.4  12.48  14.000   -0.07179    2.29    2.41    3.40
20-07-2024 08:28:27.22   83.33  -0.044  26.893   32.160  106.4  12.48  14.000   -0.08216    2.29    2.44    3.17
20-07-2024 08:28:27.46   83.27  -0.046  26.889   32.158  106.3  12.47  14.000   -0.08660    2.30    2.11    3.16
20-07-2024 08:28:27.71   83.44  -0.050  26.883   32.154  106.3  12.47  14.000   -0.07253    1.80    1.95    3.32
20-07-2024 08:28:27.96   83.35  -0.058  26.877   32.154  106.2  12.46  14.000   -0.05773    1.80    1.95    3.32
20-07-2024 08:28:28.20   83.47  -0.065  26.874   32.158  106.2  12.46  14.000   -0.07772    1.93    2.13    3.04
20-07-2024 08:28:28.45   83.49  -0.075  26.866   32.158  106.2  12.46  14.000   -0.05329    2.18    2.35    3.33
20-07-2024 08:28:28.70   83.77  -0.084  26.863   32.163  106.1  12.46  14.000   -0.06809    2.17    2.35    3.30
20-07-2024 08:28:28.94   83.74  -0.091  26.861   32.168  106.1  12.46  14.000   -0.06661    2.32    2.13    2.75
20-07-2024 08:28:29.19   83.95  -0.097  26.857   32.169  106.0  12.45  14.000   -0.06957    2.56    2.37    3.14
20-07-2024 08:28:29.43   84.04  -0.103  26.851   32.168  106.0  12.45  14.000   -0.06883    2.03    2.28    3.04
20-07-2024 08:28:29.68   84.14  -0.111  26.846   32.169  105.9  12.44  14.000   -0.05625    2.03    2.28    3.04
20-07-2024 08:28:29.92   84.11  -0.119  26.840   32.170  105.9  12.44  14.000   -0.07846    2.28    2.07    3.29
20-07-2024 08:28:30.17   84.15  -0.127  26.833   32.169  105.8  12.44  14.000   -0.05699    1.88    2.13    3.35
20-07-2024 08:28:30.41   84.36  -0.135  26.826   32.168  105.8  12.43  14.000   -0.07846    2.21    2.52    3.26
20-07-2024 08:28:30.66   84.27  -0.145  26.822   32.173  105.7  12.43  14.000   -0.07920    1.92    2.04    3.33
20-07-2024 08:28:30.90   84.37  -0.152  26.821   32.179  105.7  12.43  14.000   -0.05329    2.41    2.57    3.31
20-07-2024 08:28:31.15   84.62  -0.158  26.820   32.184  105.6  12.42  14.000   -0.08586    1.99    2.42    2.90
20-07-2024 08:28:31.39   84.49  -0.162  26.820   32.188  105.6  12.42  14.000   -0.07846    1.99    2.42    2.90
20-07-2024 08:28:31.64   84.76  -0.165  26.818   32.189  105.5  12.41  14.000   -0.06957    2.07    1.93    3.22
20-07-2024 08:28:31.89   84.83  -0.166  26.818   32.190  105.5  12.41  14.000   -0.07402    2.58    2.69    3.03
20-07-2024 08:28:32.14   84.74  -0.168  26.818   32.193  105.4  12.40  14.000   -0.06661    1.95    2.26    3.04
20-07-2024 08:28:32.38   85.04  -0.169  26.816   32.190  105.3  12.39  14.000   -0.07772    2.34    2.35    3.10
20-07-2024 08:28:32.63   84.91  -0.171  26.816   32.192  105.3  12.38  14.000   -0.07105    2.04    2.10    2.96
20-07-2024 08:28:32.87   85.18  -0.172  26.815   32.192  105.2  12.38  14.000   -0.06291    2.00    2.14    3.22
20-07-2024 08:28:33.12   85.26  -0.173  26.815   32.192  105.2  12.37  14.000   -0.06809    2.00    2.14    3.22
20-07-2024 08:28:33.36   85.29  -0.173  26.815   32.193  105.1  12.36  14.000   -0.05551    1.91    2.29    3.36
20-07-2024 08:28:33.61   85.21  -0.174  26.817   32.196  105.0  12.36  14.000   -0.07476    2.29    2.45    3.05
20-07-2024 08:28:33.85   85.36  -0.174  26.818   32.198  105.0  12.35  14.000   -0.06365    2.32    2.63    3.15
20-07-2024 08:28:34.10   85.40  -0.174  26.818   32.198  104.9  12.34  14.000   -0.06439    2.20    2.13    3.07
20-07-2024 08:28:34.34   85.48  -0.174  26.820   32.200  104.9  12.34  14.000   -0.07105    2.17    2.53    3.35
20-07-2024 08:28:34.59   85.50  -0.173  26.825   32.206  104.8  12.33  14.000   -0.07402    2.10    2.23    3.36
20-07-2024 08:28:34.83   85.67  -0.171  26.826   32.205  104.7  12.32  14.000   -0.04737    2.10    2.23    3.36
20-07-2024 08:28:35.08   85.85  -0.170  26.826   32.204  104.7  12.31  14.000   -0.07624    2.40    2.64    3.13
20-07-2024 08:28:35.33   85.72  -0.170  26.823   32.200  104.6  12.31  14.000   -0.06513    2.12    2.27    3.20
20-07-2024 08:28:35.57   85.95  -0.172  26.816   32.194  104.5  12.30  14.000   -0.07772    2.29    2.14    3.05
20-07-2024 08:28:35.82   86.10  -0.181  26.811   32.196  104.5  12.30  14.000   -0.08438    1.63    2.15    3.06
20-07-2024 08:28:36.07   86.18  -0.187  26.809   32.200  104.5  12.29  14.000   -0.07624    2.10    2.49    3.15
20-07-2024 08:28:36.31   86.10  -0.192  26.809   32.204  104.4  12.29  14.000   -0.07179    2.24    2.17    3.03
20-07-2024 08:28:36.56   86.31  -0.195  26.806   32.203  104.3  12.28  14.000   -0.07846    2.24    2.17    3.03
20-07-2024 08:28:36.81   86.25  -0.198  26.799   32.198  104.3  12.28  14.000   -0.07698    2.19    2.17    3.21
20-07-2024 08:28:37.05   86.30  -0.205  26.795   32.200  104.2  12.27  14.000   -0.04811    2.52    2.28    3.43
20-07-2024 08:28:37.30   86.35  -0.212  26.793   32.204  104.2  12.27  14.000   -0.06957    1.88    2.06    3.16
20-07-2024 08:28:37.54   86.51  -0.217  26.791   32.207  104.1  12.26  14.000   -0.05773    2.27    2.42    3.28
20-07-2024 08:28:37.79   86.66  -0.219  26.792   32.211  104.0  12.25  14.000   -0.07772    1.80    2.36    2.92
20-07-2024 08:28:38.03   86.85  -0.221  26.791   32.211  104.0  12.25  14.000   -0.06735    1.92    2.06    3.03
20-07-2024 08:28:38.27   86.94  -0.222  26.792   32.214  103.9  12.24  14.000   -0.06587    1.92    2.06    3.03
20-07-2024 08:28:38.52   86.89  -0.222  26.795   32.218  103.9  12.23  14.000   -0.06957    2.25    2.32    3.21
20-07-2024 08:28:38.77   86.92  -0.222  26.796   32.218  103.8  12.23  14.000   -0.08216    2.23    2.06    3.14
20-07-2024 08:28:39.02   87.16  -0.222  26.793   32.214  103.7  12.22  14.000   -0.05921    2.01    2.66    3.33
20-07-2024 08:28:39.26   87.16  -0.223  26.793   32.215  103.7  12.21  14.000   -0.07550    2.25    2.52    3.38
20-07-2024 08:28:39.51   87.11  -0.225  26.794   32.219  103.6  12.21  14.000   -0.06661    1.91    2.50    2.91
20-07-2024 08:28:39.76   87.25  -0.229  26.793   32.222  103.6  12.20  14.000   -0.07772    2.20    1.90    3.00
20-07-2024 08:28:40.00   87.44  -0.234  26.790   32.223  103.5  12.20  14.000   -0.06957    2.20    1.90    3.00
20-07-2024 08:28:40.25   87.44  -0.237  26.790   32.227  103.5  12.19  14.000   -0.07550    2.08    2.12    3.20
20-07-2024 08:28:40.49   87.64  -0.242  26.788   32.228  103.4  12.18  14.000   -0.05773    2.23    2.38    2.72
20-07-2024 08:28:40.74   87.67  -0.246  26.790   32.235  103.3  12.18  14.000   -0.06809    2.27    2.47    3.34
20-07-2024 08:28:40.98   87.78  -0.248  26.789   32.236  103.3  12.17  14.000   -0.06439    2.06    2.21    3.25
20-07-2024 08:28:41.23   87.91  -0.249  26.785   32.233  103.2  12.17  14.000   -0.06809    2.24    2.11    3.04
20-07-2024 08:28:41.47   87.73  -0.251  26.791   32.242  103.2  12.16  14.000   -0.08882    2.09    2.27    3.19
20-07-2024 08:28:41.72   88.06  -0.252  26.786   32.236  103.1  12.16  14.000   -0.08068    2.09    2.27    3.19
20-07-2024 08:28:41.96   87.94  -0.254  26.789   32.243  103.1  12.15  14.000   -0.08512    2.13    2.40    3.54
20-07-2024 08:28:42.21   88.00  -0.256  26.787   32.243  103.0  12.14  14.000   -0.07550    1.91    1.42    3.03
20-07-2024 08:28:42.45   88.09  -0.257  26.786   32.242  102.9  12.13  14.000   -0.06883    2.24    2.38    2.89
20-07-2024 08:28:42.71   88.24  -0.259  26.789   32.249  102.9  12.13  14.000   -0.06883    2.33    2.10    3.24
20-07-2024 08:28:42.95   88.45  -0.260  26.788   32.247  102.8  12.12  14.000   -0.04959    1.97    2.22    2.95
20-07-2024 08:28:43.20   88.30  -0.261  26.790   32.252  102.8  12.12  14.000   -0.07179    2.50    2.53    3.28
20-07-2024 08:28:43.44   88.44  -0.261  26.785   32.244  102.7  12.11  14.000   -0.06883    2.50    2.53    3.28
20-07-2024 08:28:43.69   88.48  -0.261  26.783   32.242  102.6  12.10  14.000   -0.08660    2.22    2.46    3.10
20-07-2024 08:28:43.94   88.51  -0.262  26.788   32.250  102.6  12.09  14.000   -0.07624    2.01    2.46    2.88
20-07-2024 08:28:44.18   88.80  -0.265  26.788   32.252  102.5  12.09  14.000   -0.08438    2.15    2.30    3.46
20-07-2024 08:28:44.43   88.75  -0.265  26.782   32.245  102.5  12.08  14.000   -0.04737    2.23    2.13    3.05
20-07-2024 08:28:44.67   88.91  -0.266  26.786   32.251  102.4  12.07  14.000   -0.06587    2.43    1.97    3.21
20-07-2024 08:28:44.92   89.08  -0.267  26.787   32.252  102.3  12.07  14.000   -0.06587    2.12    2.39    3.22
20-07-2024 08:28:45.17   88.96  -0.268  26.784   32.249  102.3  12.06  14.000   -0.06439    2.12    2.39    3.22
20-07-2024 08:28:45.41   89.25  -0.270  26.782   32.249  102.2  12.06  14.000   -0.07031    1.82    2.48    3.36
20-07-2024 08:28:45.65   89.08  -0.274  26.772   32.240  102.2  12.05  14.000   -0.06587    2.12    2.32    3.13
20-07-2024 08:28:45.90   89.42  -0.282  26.771   32.247  102.1  12.04  14.000   -0.07994    1.91    1.99    2.93
20-07-2024 08:28:46.14   89.47  -0.291  26.768   32.253  102.1  12.04  14.000   -0.06365    2.02    2.36    3.08
20-07-2024 08:28:46.39   89.58  -0.299  26.764   32.256  102.0  12.03  14.000   -0.06439    1.92    2.03    3.11
20-07-2024 08:28:46.64   89.69  -0.306  26.762   32.261  101.9  12.03  14.000   -0.06513    2.16    2.17    3.07
20-07-2024 08:28:46.89   89.55  -0.311  26.755   32.257  101.9  12.02  14.000   -0.06661    2.16    2.17    3.07
20-07-2024 08:28:47.13   89.61  -0.315  26.756   32.262  101.8  12.02  14.000   -0.07402    2.09    2.15    3.53
20-07-2024 08:28:47.38   89.84  -0.318  26.757   32.267  101.7  12.01  14.000   -0.06735    2.00    2.62    3.10
20-07-2024 08:28:47.62   89.89  -0.320  26.755   32.267  101.7  12.01  14.000   -0.07105    2.36    2.33    3.16
20-07-2024 08:28:47.87   89.86  -0.323  26.753   32.267  101.6  12.00  14.000   -0.07179    1.83    2.14    3.23
20-07-2024 08:28:48.11   90.03  -0.325  26.752   32.268  101.5  11.99  14.000   -0.06957    2.16    2.44    2.99
20-07-2024 08:28:48.36   90.12  -0.327  26.752   32.270  101.5  11.98  14.000   -0.08290    2.02    2.12    2.96
20-07-2024 08:28:48.60   90.29  -0.329  26.753   32.273  101.4  11.97  14.000   -0.08660    2.02    2.12    2.96
20-07-2024 08:28:48.85   90.26  -0.331  26.748   32.270  101.4  11.97  14.000   -0.07846    2.39    2.32    3.01
20-07-2024 08:28:49.09   90.29  -0.334  26.746   32.269  101.3  11.96  14.000   -0.05995    2.30    2.08    3.09
20-07-2024 08:28:49.34   90.51  -0.338  26.745   32.272  101.3  11.96  14.000   -0.07105    1.99    2.16    3.27
20-07-2024 08:28:49.58   90.59  -0.341  26.745   32.275  101.2  11.95  14.000   -0.06439    1.73    2.10    3.08
20-07-2024 08:28:49.83   90.70  -0.344  26.742   32.274  101.1  11.95  14.000   -0.07031    2.16    2.38    3.07
20-07-2024 08:28:50.08   90.81  -0.346  26.741   32.275  101.1  11.94  14.000   -0.06809    2.02    1.77    3.31
20-07-2024 08:28:50.32   90.91  -0.350  26.739   32.276  101.0  11.93  14.000   -0.06809    2.02    1.77    3.31
20-07-2024 08:28:50.58   90.72  -0.354  26.735   32.276  101.0  11.93  14.000   -0.07772    2.19    2.25    3.33
20-07-2024 08:28:50.82   91.06  -0.358  26.734   32.278  100.9  11.92  14.000   -0.07920    2.07    2.10    2.91
20-07-2024 08:28:51.06   91.14  -0.362  26.732   32.280  100.8  11.92  14.000   -0.06143    1.84    2.30    3.13
20-07-2024 08:28:51.31   91.21  -0.365  26.731   32.282  100.8  11.91  14.000   -0.07328    1.98    2.51    3.13
20-07-2024 08:28:51.55   91.26  -0.368  26.730   32.283  100.7  11.90  14.000   -0.08290    2.06    2.14    3.04
20-07-2024 08:28:51.80   91.20  -0.371  26.730   32.286  100.6  11.90  14.000   -0.07624    2.06    2.13    3.16
20-07-2024 08:28:52.04   91.46  -0.373  26.728   32.286  100.6  11.89  14.000   -0.06587    2.06    2.13    3.16
20-07-2024 08:28:52.29   91.41  -0.375  26.727   32.287  100.5  11.88  14.000   -0.08364    2.23    2.16    3.14
20-07-2024 08:28:52.53   91.48  -0.377  26.725   32.287  100.5  11.88  14.000   -0.08364    2.37    2.87    3.05
20-07-2024 08:28:52.78   91.72  -0.380  26.726   32.291  100.4  11.87  14.000   -0.08216    2.09    2.43    3.05
20-07-2024 08:28:53.02   91.64  -0.381  26.725   32.289  100.4  11.86  14.000   -0.06957    2.40    2.23    3.31
20-07-2024 08:28:53.27   91.90  -0.381  26.725   32.290  100.3  11.86  14.000   -0.07328    2.15    2.31    3.22
20-07-2024 08:28:53.52   91.89  -0.382  26.724   32.290  100.2  11.85  14.000   -0.07402    2.24    2.63    3.11
20-07-2024 08:28:53.77   91.93  -0.383  26.723   32.289  100.2  11.84  14.000   -0.08364    2.24    2.63    3.11
20-07-2024 08:28:54.01   91.96  -0.384  26.720   32.287  100.1  11.84  14.000   -0.08290    2.00    2.28    2.93
20-07-2024 08:28:54.26   92.17  -0.387  26.719   32.289  100.1  11.83  14.000   -0.09474    1.97    2.63    3.28
20-07-2024 08:28:54.51   92.29  -0.391  26.719   32.292  100.0  11.83  14.000   -0.07550    2.16    2.17    3.00
20-07-2024 08:28:54.75   92.19  -0.393  26.716   32.290  100.0  11.82  14.000   -0.06957    2.46    2.56    2.84
20-07-2024 08:28:55.00   92.23  -0.395  26.715   32.292   99.9  11.82  14.000   -0.06661    2.32    2.41    3.28
20-07-2024 08:28:55.24   92.40  -0.397  26.715   32.293   99.9  11.81  14.000   -0.05107    2.13    2.46    3.45
20-07-2024 08:28:55.49   92.55  -0.398  26.714   32.293   99.8  11.80  14.000   -0.09104    2.13    2.46    3.45
20-07-2024 08:28:55.73   92.67  -0.400  26.711   32.292   99.8  11.80  14.000   -0.08660    2.11    2.53    3.61
20-07-2024 08:28:55.98   92.62  -0.403  26.711   32.294   99.7  11.80  14.000   -0.07920    2.17    2.05    3.10
20-07-2024 08:28:56.23   92.75  -0.405  26.710   32.295   99.7  11.79  14.000   -0.06143    2.04    2.27    3.24
20-07-2024 08:28:56.47   92.97  -0.407  26.709   32.296   99.6  11.79  14.000   -0.06513    2.24    2.69    3.05
20-07-2024 08:28:56.71   92.85  -0.409  26.707   32.295   99.6  11.78  14.000   -0.07550    1.79    2.66    3.12
20-07-2024 08:28:56.96   93.13  -0.412  26.707   32.298   99.5  11.78  14.000   -0.07253    1.79    2.66    3.12
20-07-2024 08:28:57.20   93.19  -0.415  26.704   32.298   99.5  11.77  14.000   -0.07772    2.28    2.64    2.82
20-07-2024 08:28:57.46   93.26  -0.417  26.705   32.300   99.4  11.77  14.000   -0.05773    2.23    2.26    3.02
20-07-2024 08:28:57.70   93.20  -0.417  26.706   32.302   99.4  11.76  14.000   -0.06587    2.04    2.41    3.05
20-07-2024 08:28:57.95   93.40  -0.418  26.705   32.301   99.3  11.75  14.000   -0.07179    2.16    2.04    3.26
20-07-2024 08:28:58.20   93.53  -0.419  26.704   32.302   99.3  11.75  14.000   -0.06587    2.37    2.05    3.12
20-07-2024 08:28:58.44   93.53  -0.420  26.704   32.302   99.3  11.75  14.000   -0.07253    2.38    2.34    3.61
20-07-2024 08:28:58.69   93.71  -0.420  26.705   32.304   99.2  11.74  14.000   -0.04367    2.07    2.48    3.21
20-07-2024 08:28:58.93   93.79  -0.421  26.704   32.303   99.2  11.74  14.000   -0.07328    2.07    2.48    3.21
20-07-2024 08:28:59.18   93.65  -0.422  26.703   32.303   99.1  11.73  14.000   -0.08512    1.93    1.95    2.71
20-07-2024 08:28:59.42   93.91  -0.424  26.701   32.303   99.1  11.73  14.000   -0.06587    2.05    1.84    3.04
20-07-2024 08:28:59.67   94.00  -0.426  26.700   32.304   99.1  11.73  14.000   -0.05921    2.07    2.34    2.99
20-07-2024 08:28:59.91   94.08  -0.429  26.698   32.303   99.0  11.72  14.000   -0.07994    2.18    2.46    2.83
20-07-2024 08:29:00.16   94.00  -0.432  26.695   32.303   99.0  11.72  14.000   -0.08142    2.11    2.29    3.27
20-07-2024 08:29:00.40   94.25  -0.434  26.695   32.306   98.9  11.71  14.000   -0.07476    2.11    2.29    3.27
20-07-2024 08:29:00.65   94.14  -0.435  26.695   32.306   98.9  11.71  14.000   -0.09252    2.32    2.29    3.20
20-07-2024 08:29:00.89   94.33  -0.436  26.694   32.306   98.9  11.71  14.000   -0.05107    2.01    2.20    2.69
20-07-2024 08:29:01.14   94.32  -0.438  26.692   32.305   98.8  11.70  14.000   -0.08512    2.05    1.89    3.30
20-07-2024 08:29:01.39   94.45  -0.440  26.691   32.306   98.8  11.70  14.000   -0.06883    2.22    2.56    3.08
20-07-2024 08:29:01.64   94.61  -0.443  26.691   32.308   98.8  11.70  14.000   -0.06735    2.37    2.40    3.18
20-07-2024 08:29:01.88   94.64  -0.444  26.689   32.308   98.7  11.69  14.000   -0.06365    2.15    2.13    3.29
20-07-2024 08:29:02.13   94.65  -0.445  26.689   32.308   98.7  11.69  14.000   -0.07476    2.14    2.48    3.13
20-07-2024 08:29:02.37   94.69  -0.446  26.689   32.310   98.7  11.68  14.000   -0.07698    2.14    2.48    3.13
20-07-2024 08:29:02.62   94.81  -0.446  26.689   32.310   98.6  11.68  14.000   -0.05847    1.90    2.20    2.83
20-07-2024 08:29:02.86   95.03  -0.448  26.688   32.309   98.6  11.68  14.000   -0.07105    2.35    2.39    2.93
20-07-2024 08:29:03.11   94.96  -0.450  26.684   32.308   98.6  11.67  14.000   -0.07031    2.29    2.37    3.22
20-07-2024 08:29:03.35   95.01  -0.453  26.684   32.309   98.5  11.67  14.000   -0.08586    2.14    2.11    3.07
20-07-2024 08:29:03.60   95.27  -0.456  26.682   32.310   98.5  11.67  14.000   -0.07253    1.86    1.79    3.15
20-07-2024 08:29:03.84   95.24  -0.459  26.682   32.313   98.5  11.66  14.000   -0.08364    1.86    1.79    3.15
20-07-2024 08:29:04.09   95.47  -0.460  26.681   32.313   98.5  11.66  14.000   -0.06883    2.01    2.12    3.51
20-07-2024 08:29:04.33   95.48  -0.461  26.681   32.313   98.4  11.66  14.000   -0.06143    2.36    2.43    3.15
20-07-2024 08:29:04.58   95.46  -0.461  26.680   32.313   98.4  11.66  14.000   -0.07624    2.10    2.64    2.97
20-07-2024 08:29:04.83   95.57  -0.462  26.679   32.313   98.4  11.65  14.000   -0.07550    1.77    2.20    3.19
20-07-2024 08:29:05.08   95.57  -0.465  26.678   32.314   98.3  11.65  14.000   -0.06513    2.15    2.11    2.93
20-07-2024 08:29:05.33   95.85  -0.468  26.677   32.316   98.3  11.65  14.000   -0.07846    2.21    2.28    3.34
20-07-2024 08:29:05.57   95.80  -0.470  26.675   32.316   98.3  11.65  14.000   -0.07253    2.21    2.28    3.34
20-07-2024 08:29:05.82   96.04  -0.473  26.674   32.318   98.2  11.64  14.000   -0.07772    2.09    2.52    2.88
20-07-2024 08:29:06.06   96.05  -0.474  26.674   32.319   98.2  11.64  14.000   -0.04441    2.12    2.27    2.78
20-07-2024 08:29:06.31   96.08  -0.475  26.673   32.318   98.2  11.64  14.000   -0.07179    2.28    2.28    3.23
20-07-2024 08:29:06.55   96.25  -0.477  26.675   32.322   98.2  11.63  14.000   -0.07253    1.80    1.90    3.24
20-07-2024 08:29:06.80   96.23  -0.477  26.675   32.323   98.1  11.63  14.000   -0.05403    2.38    2.33    3.24
20-07-2024 08:29:07.05   96.35  -0.477  26.676   32.324   98.1  11.63  14.000   -0.06513    1.98    2.84    3.04
20-07-2024 08:29:07.28   96.32  -0.478  26.674   32.323   98.1  11.62  14.000   -0.06439    1.98    2.84    3.04
20-07-2024 08:29:07.53   96.39  -0.479  26.674   32.324   98.1  11.62  14.000   -0.06513    1.92    2.29    3.15
20-07-2024 08:29:07.78   96.59  -0.480  26.674   32.326   98.0  11.62  14.000   -0.07846    2.40    2.31    3.21
20-07-2024 08:29:08.02   96.75  -0.482  26.674   32.327   98.0  11.62  14.000   -0.07031    1.98    2.38    3.43
20-07-2024 08:29:08.27   96.77  -0.483  26.672   32.325   98.0  11.61  14.000   -0.06661    1.91    2.43    3.10
20-07-2024 08:29:08.52   96.76  -0.486  26.671   32.326   97.9  11.61  14.000   -0.08956    2.31    2.31    3.20
20-07-2024 08:29:08.76   96.98  -0.489  26.672   32.331   97.9  11.61  14.000   -0.07624    2.09    2.32    2.96
20-07-2024 08:29:09.01   97.07  -0.490  26.671   32.332   97.9  11.61  14.000   -0.07253    2.09    2.32    2.96
20-07-2024 08:29:09.25   97.11  -0.491  26.672   32.334   97.9  11.61  14.000   -0.06439    2.01    2.17    3.09
20-07-2024 08:29:09.50   97.06  -0.491  26.673   32.335   97.9  11.60  14.000   -0.05995    2.36    2.04    3.02
20-07-2024 08:29:09.75   97.16  -0.490  26.673   32.334   97.9  11.60  14.000   -0.08808    1.99    2.45    3.23
20-07-2024 08:29:09.99   97.36  -0.490  26.674   32.334   97.8  11.60  14.000   -0.05773    1.89    2.54    2.83
20-07-2024 08:29:10.24   97.31  -0.490  26.673   32.333   97.8  11.60  14.000   -0.07698    1.94    1.91    3.13
20-07-2024 08:29:10.48   97.36  -0.490  26.673   32.334   97.8  11.60  14.000   -0.07698    2.00    2.34    3.23
20-07-2024 08:29:10.72   97.47  -0.490  26.674   32.335   97.8  11.59  14.000   -0.06291    2.00    2.34    3.23
20-07-2024 08:29:10.97   97.50  -0.490  26.674   32.335   97.7  11.59  14.000   -0.08512    2.33    2.17    3.18
20-07-2024 08:29:11.22   97.67  -0.490  26.674   32.334   97.7  11.59  14.000   -0.07402    2.11    2.47    3.25
20-07-2024 08:29:11.46   97.85  -0.489  26.675   32.335   97.7  11.58  14.000   -0.07179    2.10    2.39    3.06
20-07-2024 08:29:11.71   97.81  -0.489  26.675   32.334   97.7  11.58  14.000   -0.07624    2.29    2.66    3.19
20-07-2024 08:29:11.95   97.85  -0.489  26.675   32.335   97.7  11.58  14.000   -0.07550    2.01    2.47    3.27
20-07-2024 08:29:12.21   98.07  -0.489  26.676   32.335   97.7  11.58  14.000   -0.08216    2.12    2.43    2.96
20-07-2024 08:29:12.45   98.10  -0.488  26.675   32.334   97.7  11.58  14.000   -0.07402    2.12    2.43    2.96
20-07-2024 08:29:12.70   98.18  -0.488  26.676   32.336   97.6  11.57  14.000   -0.06661    2.10    2.42    3.19
20-07-2024 08:29:12.95   98.25  -0.488  26.676   32.334   97.6  11.57  14.000   -0.06439    2.22    2.20    3.10
20-07-2024 08:29:13.19   98.37  -0.488  26.672   32.329   97.6  11.57  14.000   -0.08290    2.18    2.32    3.13
20-07-2024 08:29:13.44   98.35  -0.495  26.667   32.330   97.6  11.57  14.000   -0.06513    2.27    2.19    2.95
20-07-2024 08:29:13.68   98.40  -0.504  26.665   32.337   97.6  11.57  14.000   -0.06735    2.19    2.16    3.28
20-07-2024 08:29:13.93   98.49  -0.511  26.666   32.346   97.6  11.57  14.000   -0.05403    2.34    1.83    3.16
20-07-2024 08:29:14.17   98.68  -0.516  26.666   32.351   97.6  11.57  14.000   -0.06735    2.34    1.83    3.16
20-07-2024 08:29:14.42   98.79  -0.519  26.666   32.354   97.6  11.57  14.000   -0.06587    2.17    2.08    3.11
20-07-2024 08:29:14.66   98.76  -0.520  26.666   32.356   97.5  11.57  14.000   -0.06883    2.23    2.38    3.00
20-07-2024 08:29:14.91   98.89  -0.521  26.666   32.356   97.5  11.57  14.000   -0.06365    1.73    2.09    3.06
20-07-2024 08:29:15.15   99.03  -0.522  26.666   32.356   97.5  11.57  14.000   -0.06291    2.13    2.40    3.23
20-07-2024 08:29:15.40   98.98  -0.523  26.664   32.356   97.5  11.56  14.000   -0.07624    2.10    2.55    2.94
20-07-2024 08:29:15.65   99.08  -0.526  26.662   32.357   97.4  11.56  14.000   -0.07253    2.17    2.33    3.13
20-07-2024 08:29:15.90   99.13  -0.528  26.664   32.361   97.4  11.56  14.000   -0.08586    2.17    2.33    3.13
20-07-2024 08:29:16.14   99.32  -0.530  26.663   32.362   97.4  11.56  14.000   -0.07550    2.09    2.40    3.25
20-07-2024 08:29:16.39   99.44  -0.531  26.664   32.364   97.4  11.56  14.000   -0.05773    2.17    2.32    3.16
20-07-2024 08:29:16.64   99.40  -0.530  26.663   32.362   97.4  11.56  14.000   -0.06735    2.13    2.40    2.83
20-07-2024 08:29:16.88   99.45  -0.531  26.663   32.363   97.4  11.55  14.000   -0.06143    2.03    2.35    3.01
20-07-2024 08:29:17.13   99.63  -0.531  26.663   32.363   97.4  11.55  14.000   -0.06439    1.93    2.44    3.01
20-07-2024 08:29:17.37   99.72  -0.531  26.664   32.364   97.4  11.55  14.000   -0.07253    2.08    2.44    3.16
20-07-2024 08:29:17.61   99.83  -0.531  26.665   32.364   97.4  11.55  14.000   -0.08216    2.08    2.44    3.16
20-07-2024 08:29:17.86   99.78  -0.531  26.664   32.364   97.3  11.55  14.000   -0.07550    2.33    2.35    3.20
20-07-2024 08:29:18.11   99.86  -0.532  26.665   32.366   97.3  11.55  14.000   -0.07476    2.13    2.12    3.03
20-07-2024 08:29:18.35   99.94  -0.532  26.665   32.366   97.3  11.54  14.000   -0.06143    2.00    2.84    2.88
20-07-2024 08:29:18.60  100.00  -0.531  26.665   32.365   97.3  11.54  14.000   -0.07328    2.01    2.36    3.10
20-07-2024 08:29:18.84  100.24  -0.532  26.666   32.367   97.3  11.54  14.000   -0.08438    2.03    2.24    3.14
20-07-2024 08:29:19.09  100.21  -0.532  26.668   32.371   97.3  11.54  14.000   -0.06439    2.34    2.49    3.39
20-07-2024 08:29:19.33  100.39  -0.531  26.669   32.370   97.2  11.54  14.000   -0.07624    2.34    2.49    3.39
20-07-2024 08:29:19.58  100.44  -0.529  26.671   32.371   97.2  11.53  14.000   -0.06883    1.85    2.02    2.92
20-07-2024 08:29:19.83  100.57  -0.529  26.672   32.371   97.2  11.53  14.000   -0.06883    2.09    2.22    3.13
20-07-2024 08:29:20.08  100.51  -0.527  26.673   32.372   97.2  11.53  14.000   -0.07698    2.03    2.72    3.19
20-07-2024 08:29:20.32  100.73  -0.526  26.674   32.372   97.2  11.53  14.000   -0.08808    1.99    2.22    2.71
20-07-2024 08:29:20.57  100.65  -0.526  26.674   32.371   97.2  11.53  14.000   -0.06587    2.29    2.43    3.13
20-07-2024 08:29:20.81  100.78  -0.526  26.674   32.370   97.2  11.53  14.000   -0.07476    2.17    2.13    3.05
20-07-2024 08:29:21.06  100.92  -0.525  26.674   32.370   97.2  11.53  14.000   -0.07402    2.17    2.13    3.05
20-07-2024 08:29:21.30  100.91  -0.526  26.675   32.373   97.2  11.52  14.000   -0.09030    1.75    2.29    3.14
20-07-2024 08:29:21.55  100.99  -0.526  26.676   32.374   97.1  11.52  14.000   -0.07920    1.87    2.24    3.05
20-07-2024 08:29:21.79  101.16  -0.526  26.677   32.375   97.1  11.52  14.000   -0.07698    1.92    1.93    2.96
20-07-2024 08:29:22.04  101.27  -0.527  26.677   32.376   97.1  11.52  14.000   -0.06069    2.25    2.22    2.96
20-07-2024 08:29:22.28  101.33  -0.527  26.677   32.376   97.1  11.52  14.000   -0.07105    2.01    2.27    2.89
20-07-2024 08:29:22.53  101.42  -0.527  26.677   32.376   97.1  11.52  14.000   -0.08216    2.20    2.14    3.35
20-07-2024 08:29:22.77  101.36  -0.527  26.678   32.378   97.1  11.51  14.000   -0.07031    2.20    2.14    3.35
20-07-2024 08:29:23.02  101.58  -0.527  26.678   32.378   97.1  11.51  14.000   -0.07846    1.97    2.44    3.15
20-07-2024 08:29:23.27  101.59  -0.528  26.678   32.378   97.0  11.51  14.000   -0.07031    1.80    2.00    3.30
20-07-2024 08:29:23.51  101.63  -0.529  26.678   32.380   97.0  11.51  14.000   -0.06883    2.08    2.76    3.20
20-07-2024 08:29:23.76  101.82  -0.530  26.678   32.379   97.0  11.51  14.000   -0.07698    1.88    2.16    3.02
20-07-2024 08:29:24.01  101.83  -0.533  26.677   32.382   97.0  11.51  14.000   -0.09918    1.67    1.85    3.53
20-07-2024 08:29:24.25  101.89  -0.533  26.682   32.389   97.0  11.51  14.000   -0.07105    2.13    2.07    3.36
20-07-2024 08:29:24.50  102.05  -0.532  26.684   32.390   97.0  11.51  14.000   -0.06513    2.13    2.07    3.36
20-07-2024 08:29:24.74  102.08  -0.530  26.685   32.390   97.0  11.51  14.000   -0.06883    2.39    2.28    3.17
20-07-2024 08:29:24.99  102.13  -0.530  26.685   32.389   97.0  11.50  14.000   -0.07846    1.73    2.19    3.08
20-07-2024 08:29:25.23  102.25  -0.532  26.679   32.383   96.9  11.50  14.000   -0.07402    2.06    2.38    3.00
20-07-2024 08:29:25.48  102.39  -0.539  26.674   32.385   97.0  11.51  14.000   -0.07253    1.72    2.12    3.07
20-07-2024 08:29:25.72  102.35  -0.545  26.670   32.385   96.9  11.50  14.000   -0.06069    2.17    1.98    3.10
20-07-2024 08:29:25.97  102.50  -0.551  26.668   32.389   96.9  11.50  14.000   -0.07031    1.91    2.23    3.04
20-07-2024 08:29:26.21  102.49  -0.554  26.667   32.391   96.9  11.50  14.000   -0.06217    1.91    2.23    3.04
20-07-2024 08:29:26.46  102.61  -0.557  26.668   32.394   96.9  11.51  14.000   -0.09104    2.03    2.11    3.02
20-07-2024 08:29:26.70  102.73  -0.558  26.667   32.394   96.9  11.50  14.000   -0.08512    2.14    1.87    3.16
20-07-2024 08:29:26.96  102.80  -0.558  26.667   32.395   96.9  11.50  14.000   -0.07994    2.35    2.76    2.92
20-07-2024 08:29:27.20  102.82  -0.558  26.667   32.395   96.9  11.50  14.000   -0.07624    1.60    2.27    2.81
20-07-2024 08:29:27.45  102.99  -0.559  26.668   32.397   96.8  11.50  14.000   -0.07328    2.26    2.18    2.96
20-07-2024 08:29:27.70  103.06  -0.559  26.668   32.396   96.8  11.49  14.000   -0.07328    1.99    2.40    3.27
20-07-2024 08:29:27.94  103.06  -0.559  26.668   32.397   96.8  11.49  14.000   -0.08216    1.99    2.40    3.27
20-07-2024 08:29:28.19  103.16  -0.559  26.668   32.396   96.8  11.49  14.000   -0.08216    2.18    2.59    3.38
20-07-2024 08:29:28.43  103.24  -0.559  26.669   32.398   96.8  11.49  14.000   -0.07698    1.92    2.65    3.07
20-07-2024 08:29:28.68  103.33  -0.558  26.669   32.398   96.8  11.49  14.000   -0.07920    1.92    1.92    3.09
20-07-2024 08:29:28.92  103.49  -0.558  26.670   32.398   96.8  11.49  14.000   -0.07476    2.26    2.48    3.28
20-07-2024 08:29:29.17  103.49  -0.558  26.671   32.400   96.8  11.49  14.000   -0.06587    2.12    2.11    3.04
20-07-2024 08:29:29.41  103.63  -0.557  26.671   32.399   96.8  11.49  14.000   -0.07179    1.94    1.87    3.19
20-07-2024 08:29:29.65  103.74  -0.557  26.671   32.400   96.8  11.49  14.000   -0.06957    1.94    1.87    3.19
20-07-2024 08:29:29.90  103.82  -0.557  26.672   32.399   96.7  11.48  14.000   -0.07920    2.36    2.33    2.85
20-07-2024 08:29:30.15  103.80  -0.556  26.672   32.400   96.7  11.48  14.000   -0.07920    2.17    2.49    2.97
20-07-2024 08:29:30.39  103.95  -0.556  26.672   32.399   96.7  11.48  14.000   -0.07253    2.41    2.56    3.19
20-07-2024 08:29:30.64  103.99  -0.556  26.672   32.399   96.7  11.48  14.000   -0.07031    1.92    2.05    3.12
20-07-2024 08:29:30.89  104.07  -0.556  26.674   32.402   96.7  11.48  14.000   -0.07698    2.06    2.20    3.00
20-07-2024 08:29:31.14  104.19  -0.556  26.673   32.401   96.7  11.48  14.000   -0.06291    2.06    2.17    3.07
20-07-2024 08:29:31.38  104.23  -0.556  26.673   32.400   96.7  11.47  14.000   -0.08142    2.06    2.17    3.07
20-07-2024 08:29:31.63  104.39  -0.556  26.674   32.401   96.7  11.47  14.000   -0.08438    2.07    2.34    3.37
20-07-2024 08:29:31.88  104.35  -0.556  26.675   32.403   96.7  11.47  14.000   -0.09548    1.95    1.95    3.38
20-07-2024 08:29:32.12  104.56  -0.556  26.674   32.402   96.7  11.47  14.000   -0.08290    2.27    2.25    3.09
20-07-2024 08:29:32.37  104.56  -0.557  26.675   32.403   96.7  11.47  14.000   -0.07328    2.01    2.24    3.05
20-07-2024 08:29:32.61  104.61  -0.558  26.674   32.404   96.6  11.47  14.000   -0.08142    2.16    2.58    3.03
20-07-2024 08:29:32.86  104.72  -0.559  26.675   32.406   96.6  11.47  14.000   -0.07476    1.84    2.45    3.07
20-07-2024 08:29:33.10  104.87  -0.559  26.676   32.407   96.6  11.47  14.000   -0.06809    1.84    2.45    3.07
20-07-2024 08:29:33.35  104.89  -0.559  26.678   32.409   96.6  11.47  14.000   -0.06365    2.25    2.53    3.21
20-07-2024 08:29:33.59  105.03  -0.558  26.681   32.412   96.6  11.47  14.000   -0.06143    2.02    2.42    2.71
20-07-2024 08:29:33.84  105.01  -0.556  26.685   32.416   96.6  11.46  14.000   -0.07772    2.26    2.42    3.07
20-07-2024 08:29:34.08  105.10  -0.553  26.689   32.418   96.6  11.46  14.000   -0.06957    2.16    2.74    3.16
20-07-2024 08:29:34.33  105.21  -0.550  26.691   32.417   96.6  11.46  14.000   -0.07476    2.02    1.66    3.22
20-07-2024 08:29:34.58  105.30  -0.548  26.693   32.418   96.6  11.46  14.000   -0.06735    2.19    2.55    3.02
20-07-2024 08:29:34.83  105.42  -0.547  26.694   32.418   96.6  11.46  14.000   -0.07476    2.19    2.55    3.02
20-07-2024 08:29:35.07  105.44  -0.545  26.696   32.418   96.6  11.46  14.000   -0.06809    1.94    1.77    3.22
20-07-2024 08:29:35.32  105.58  -0.544  26.697   32.419   96.5  11.45  14.000   -0.07550    2.10    2.36    3.36
20-07-2024 08:29:35.56  105.67  -0.543  26.698   32.418   96.5  11.45  14.000   -0.08364    2.07    2.27    3.25
20-07-2024 08:29:35.81  105.74  -0.542  26.698   32.418   96.5  11.45  14.000   -0.07846    1.79    2.26    3.13
20-07-2024 08:29:36.05  105.77  -0.541  26.701   32.421   96.5  11.45  14.000   -0.08290    2.06    1.89    2.99
20-07-2024 08:29:36.30  105.90  -0.540  26.703   32.421   96.5  11.45  14.000   -0.06735    2.03    2.16    3.14
20-07-2024 08:29:36.54  105.90  -0.539  26.705   32.424   96.5  11.45  14.000   -0.07031    2.03    2.16    3.14
20-07-2024 08:29:36.79  105.99  -0.538  26.708   32.427   96.5  11.45  14.000   -0.08956    2.11    2.34    3.43
20-07-2024 08:29:37.03  106.10  -0.537  26.711   32.429   96.5  11.45  14.000   -0.07550    2.12    2.37    3.02
20-07-2024 08:29:37.28  106.15  -0.536  26.713   32.431   96.5  11.45  14.000   -0.07772    2.24    1.92    2.99
20-07-2024 08:29:37.52  106.29  -0.534  26.718   32.436   96.5  11.44  14.000   -0.07105    2.52    2.04    3.24
20-07-2024 08:29:37.77  106.33  -0.531  26.721   32.437   96.5  11.44  14.000   -0.08216    2.10    2.42    3.27
20-07-2024 08:29:38.02  106.45  -0.529  26.722   32.435   96.5  11.44  14.000   -0.05181    1.81    3.01    3.07
20-07-2024 08:29:38.26  106.56  -0.526  26.724   32.435   96.5  11.44  14.000   -0.07698    1.81    3.01    3.07
20-07-2024 08:29:38.51  106.56  -0.524  26.726   32.435   96.5  11.44  14.000   -0.06365    2.33    2.22    3.26
20-07-2024 08:29:38.76  106.67  -0.523  26.726   32.434   96.5  11.44  14.000   -0.07402    1.96    2.31    2.98
20-07-2024 08:29:39.00  106.73  -0.523  26.727   32.436   96.5  11.44  14.000   -0.06809    1.94    2.59    3.20
20-07-2024 08:29:39.25  106.82  -0.523  26.727   32.435   96.4  11.43  14.000   -0.06957    2.14    1.87    3.08
20-07-2024 08:29:39.49  106.94  -0.522  26.728   32.436   96.4  11.43  14.000   -0.07253    2.26    2.11    3.09
20-07-2024 08:29:39.74  106.98  -0.522  26.729   32.437   96.4  11.43  14.000   -0.07624    1.90    2.09    2.97
20-07-2024 08:29:39.98  107.05  -0.521  26.730   32.437   96.4  11.43  14.000   -0.07402    1.90    2.09    2.97
20-07-2024 08:29:40.24  107.17  -0.521  26.729   32.436   96.4  11.43  14.000   -0.05921    1.91    2.19    2.99
20-07-2024 08:29:40.47  107.19  -0.520  26.729   32.435   96.4  11.43  14.000   -0.07550    2.06    2.02    3.42
20-07-2024 08:29:40.72  107.29  -0.521  26.731   32.438   96.4  11.43  14.000   -0.07105    2.08    2.24    3.07
20-07-2024 08:29:40.96  107.40  -0.519  26.731   32.437   96.4  11.43  14.000   -0.06883    2.21    2.29    3.03
20-07-2024 08:29:41.21  107.43  -0.519  26.733   32.439   96.4  11.43  14.000   -0.07105    2.06    2.33    2.85
20-07-2024 08:29:41.45  107.57  -0.518  26.734   32.440   96.4  11.42  14.000   -0.06809    2.06    2.33    2.85
20-07-2024 08:29:41.71  107.64  -0.518  26.736   32.441   96.4  11.42  14.000   -0.07253    1.92    2.25    3.38
20-07-2024 08:29:41.95  107.71  -0.516  26.738   32.442   96.3  11.42  14.000   -0.08142    2.36    2.11    3.11
20-07-2024 08:29:42.20  107.76  -0.514  26.742   32.445   96.4  11.42  14.000   -0.06439    2.00    2.41    2.99
20-07-2024 08:29:42.45  107.83  -0.511  26.744   32.445   96.3  11.42  14.000   -0.07920    2.21    2.09    3.12
20-07-2024 08:29:42.69  107.93  -0.509  26.747   32.447   96.3  11.41  14.000   -0.07698    2.20    2.47    3.16
20-07-2024 08:29:42.94  107.98  -0.507  26.752   32.451   96.3  11.41  14.000   -0.07698    2.06    2.31    2.95
20-07-2024 08:29:43.18  108.04  -0.504  26.755   32.451   96.3  11.41  14.000   -0.07328    1.96    2.30    3.34
20-07-2024 08:29:43.43  108.14  -0.501  26.758   32.453   96.3  11.41  14.000   -0.07328    1.96    2.30    3.34
20-07-2024 08:29:43.67  108.19  -0.498  26.762   32.455   96.3  11.40  14.000   -0.05477    2.08    2.43    3.03
20-07-2024 08:29:43.92  108.33  -0.496  26.765   32.457   96.3  11.40  14.000   -0.06513    2.04    2.33    3.01
20-07-2024 08:29:44.16  108.43  -0.495  26.766   32.456   96.3  11.40  14.000   -0.07698    2.26    2.17    2.93
20-07-2024 08:29:44.41  108.47  -0.493  26.769   32.459   96.2  11.40  14.000   -0.07920    2.34    2.10    2.97
20-07-2024 08:29:44.65  108.53  -0.492  26.771   32.460   96.2  11.40  14.000   -0.06365    1.99    2.39    3.19
20-07-2024 08:29:44.90  108.62  -0.491  26.772   32.460   96.2  11.40  14.000   -0.07994    1.99    2.39    3.19
20-07-2024 08:29:45.14  108.69  -0.490  26.772   32.459   96.2  11.39  14.000   -0.07179    2.31    2.62    2.95
20-07-2024 08:29:45.39  108.79  -0.490  26.773   32.460   96.2  11.39  14.000   -0.06735    2.00    2.10    3.30
20-07-2024 08:29:45.64  108.88  -0.489  26.774   32.461   96.2  11.39  14.000   -0.07402    2.03    2.48    3.21
20-07-2024 08:29:45.89  108.99  -0.488  26.777   32.463   96.2  11.39  14.000   -0.08216    2.13    2.03    3.17
20-07-2024 08:29:46.13  109.03  -0.487  26.780   32.467   96.2  11.39  14.000   -0.07698    1.98    1.89    3.53
20-07-2024 08:29:46.38  109.08  -0.484  26.782   32.466   96.2  11.39  14.000   -0.08438    1.89    2.33    3.34
20-07-2024 08:29:46.62  109.16  -0.482  26.784   32.467   96.2  11.39  14.000   -0.07402    1.89    2.33    3.34
20-07-2024 08:29:46.87  109.26  -0.481  26.785   32.466   96.2  11.39  14.000   -0.07846    2.22    2.11    3.14
20-07-2024 08:29:47.11  109.35  -0.480  26.785   32.466   96.1  11.38  14.000   -0.06217    2.46    2.48    3.09
20-07-2024 08:29:47.36  109.40  -0.480  26.786   32.466   96.1  11.38  14.000   -0.08364    2.36    2.45    3.26
20-07-2024 08:29:47.60  109.48  -0.480  26.786   32.466   96.1  11.38  14.000   -0.08808    1.92    2.01    3.11
20-07-2024 08:29:47.85  109.59  -0.480  26.785   32.465   96.1  11.38  14.000   -0.08956    1.95    2.45    2.92
20-07-2024 08:29:48.09  109.65  -0.479  26.786   32.466   96.1  11.38  14.000   -0.07476    2.11    2.20    3.05
20-07-2024 08:29:48.34  109.72  -0.479  26.786   32.466   96.1  11.38  14.000   -0.06883    2.11    2.20    3.05
20-07-2024 08:29:48.58  109.80  -0.479  26.787   32.466   96.1  11.37  14.000   -0.08512    2.27    2.58    3.34
20-07-2024 08:29:48.83  109.89  -0.480  26.786   32.465   96.1  11.37  14.000   -0.05551    2.26    2.53    3.03
20-07-2024 08:29:49.08  109.95  -0.480  26.786   32.466   96.0  11.37  14.000   -0.07624    1.91    2.09    2.99
20-07-2024 08:29:49.33  110.04  -0.479  26.787   32.467   96.0  11.37  14.000   -0.07179    2.32    2.59    3.05
20-07-2024 08:29:49.58  110.13  -0.478  26.789   32.469   96.0  11.37  14.000   -0.09474    2.22    1.77    3.35
20-07-2024 08:29:49.82  110.21  -0.477  26.792   32.472   96.0  11.36  14.000   -0.07402    1.90    2.44    3.10
20-07-2024 08:29:50.07  110.29  -0.475  26.794   32.472   96.0  11.36  14.000   -0.07550    1.90    2.44    3.10
20-07-2024 08:29:50.31  110.39  -0.473  26.797   32.473   96.0  11.36  14.000   -0.07253    2.18    2.00    3.12
20-07-2024 08:29:50.56  110.45  -0.471  26.798   32.473   96.0  11.36  14.000   -0.06069    1.90    2.03    3.05
20-07-2024 08:29:50.80  110.54  -0.469  26.801   32.473   95.9  11.36  14.000   -0.05847    2.18    2.05    3.22
20-07-2024 08:29:51.05  110.61  -0.468  26.802   32.474   95.9  11.35  14.000   -0.08068    2.10    2.58    3.19
20-07-2024 08:29:51.29  110.70  -0.466  26.803   32.474   95.9  11.35  14.000   -0.07328    2.13    2.31    3.48
20-07-2024 08:29:51.54  110.79  -0.465  26.805   32.476   95.9  11.35  14.000   -0.08290    2.20    2.43    3.26
20-07-2024 08:29:51.78  110.87  -0.464  26.809   32.479   95.9  11.35  14.000   -0.06365    2.20    2.43    3.26
20-07-2024 08:29:52.03  110.96  -0.460  26.811   32.477   95.9  11.35  14.000   -0.08364    1.91    2.41    2.91
20-07-2024 08:29:52.27  111.04  -0.458  26.814   32.480   95.9  11.35  14.000   -0.09474    1.81    1.96    3.29
20-07-2024 08:29:52.52  111.09  -0.456  26.815   32.479   95.9  11.34  14.000   -0.07476    1.96    2.68    3.00
20-07-2024 08:29:52.77  111.19  -0.454  26.818   32.480   95.9  11.34  14.000   -0.09474    2.07    2.03    3.10
20-07-2024 08:29:53.02  111.25  -0.453  26.819   32.480   95.8  11.34  14.000   -0.07179    2.34    2.14    3.15
20-07-2024 08:29:53.26  111.36  -0.452  26.819   32.479   95.8  11.34  14.000   -0.07698    2.18    1.91    3.00
20-07-2024 08:29:53.51  111.45  -0.451  26.819   32.479   95.8  11.34  14.000   -0.07253    2.18    1.91    3.00
20-07-2024 08:29:53.75  111.52  -0.451  26.820   32.481   95.8  11.34  14.000   -0.06661    2.17    2.66    3.34
20-07-2024 08:29:54.00  111.59  -0.451  26.821   32.481   95.8  11.33  14.000   -0.07402    2.08    2.09    3.36
20-07-2024 08:29:54.24  111.66  -0.450  26.822   32.481   95.8  11.33  14.000   -0.06957    1.93    2.08    3.21
20-07-2024 08:29:54.49  111.75  -0.450  26.822   32.482   95.8  11.33  14.000   -0.07698    2.31    2.29    3.27
20-07-2024 08:29:54.73  111.81  -0.450  26.824   32.483   95.8  11.33  14.000   -0.08808    2.50    2.51    2.85
20-07-2024 08:29:54.98  111.88  -0.449  26.824   32.482   95.8  11.33  14.000   -0.09030    2.67    2.86    2.81
20-07-2024 08:29:55.22  111.99  -0.449  26.825   32.483   95.7  11.33  14.000   -0.06809    2.67    2.86    2.81
20-07-2024 08:29:55.47  112.08  -0.448  26.828   32.486   95.7  11.32  14.000   -0.06957    2.13    1.85    3.29
20-07-2024 08:29:55.71  112.14  -0.446  26.828   32.485   95.7  11.32  14.000   -0.08882    2.68    1.80    3.07
20-07-2024 08:29:55.96  112.23  -0.446  26.830   32.487   95.7  11.32  14.000   -0.07253    2.12    2.33    3.32
20-07-2024 08:29:56.20  112.28  -0.445  26.831   32.487   95.7  11.32  14.000   -0.06661    2.04    2.44    3.43
20-07-2024 08:29:56.46  112.38  -0.444  26.831   32.486   95.7  11.32  14.000   -0.09030    2.16    2.13    2.91
20-07-2024 08:29:56.70  112.46  -0.443  26.831   32.485   95.7  11.31  14.000   -0.06661    2.31    2.18    3.39
20-07-2024 08:29:56.95  112.53  -0.444  26.832   32.488   95.7  11.31  14.000   -0.06365    2.31    2.18    3.39
20-07-2024 08:29:57.20  112.63  -0.445  26.831   32.487   95.6  11.31  14.000   -0.07920    2.18    2.04    2.60
20-07-2024 08:29:57.44  112.67  -0.445  26.832   32.489   95.6  11.31  14.000   -0.08660    2.09    2.27    2.79
20-07-2024 08:29:57.69  112.77  -0.446  26.831   32.488   95.6  11.31  14.000   -0.07772    1.86    2.43    3.09
20-07-2024 08:29:57.93  112.83  -0.446  26.832   32.490   95.6  11.31  14.000   -0.07624    2.10    2.06    3.14
20-07-2024 08:29:58.18  112.91  -0.447  26.831   32.489   95.6  11.31  14.000   -0.07772    2.31    2.65    3.28
20-07-2024 08:29:58.42  113.01  -0.447  26.831   32.489   95.6  11.31  14.000   -0.07920    1.84    2.19    2.97
20-07-2024 08:29:58.67  113.09  -0.447  26.832   32.491   95.6  11.30  14.000   -0.07179    1.84    2.19    2.97
20-07-2024 08:29:58.91  113.17  -0.447  26.833   32.492   95.6  11.30  14.000   -0.09252    2.11    1.95    3.26
20-07-2024 08:29:59.16  113.24  -0.447  26.832   32.490   95.6  11.30  14.000   -0.06513    1.76    2.48    3.14
20-07-2024 08:29:59.40  113.33  -0.447  26.832   32.491   95.5  11.30  14.000   -0.07920    1.77    2.28    3.13
20-07-2024 08:29:59.65  113.37  -0.447  26.832   32.491   95.5  11.30  14.000   -0.05403    2.01    2.76    3.22
20-07-2024 08:29:59.89  113.47  -0.447  26.833   32.492   95.5  11.30  14.000   -0.06661    2.19    2.25    3.22
20-07-2024 08:30:00.14  113.57  -0.448  26.833   32.492   95.5  11.30  14.000   -0.06809    2.09    2.30    3.14
20-07-2024 08:30:00.39  113.62  -0.448  26.834   32.493   95.5  11.29  14.000   -0.07550    2.09    2.30    3.14
20-07-2024 08:30:00.64  113.73  -0.447  26.835   32.494   95.5  11.29  14.000   -0.08734    2.39    2.05    3.31
20-07-2024 08:30:00.88  113.80  -0.447  26.836   32.494   95.5  11.29  14.000   -0.07624    2.48    2.41    3.01
20-07-2024 08:30:01.13  113.87  -0.446  26.837   32.496   95.5  11.29  14.000   -0.07105    2.08    2.04    3.26
20-07-2024 08:30:01.37  113.97  -0.446  26.837   32.496   95.4  11.29  14.000   -0.05847    2.11    1.75    3.19
20-07-2024 08:30:01.62  114.02  -0.445  26.838   32.495   95.4  11.29  14.000   -0.06661    2.29    2.17    3.00
20-07-2024 08:30:01.86  114.09  -0.444  26.840   32.498   95.4  11.29  14.000   -0.06069    2.06    2.45    2.94
20-07-2024 08:30:02.12  114.19  -0.443  26.842   32.498   95.4  11.28  14.000   -0.06587    2.06    2.45    2.94
20-07-2024 08:30:02.35  114.26  -0.441  26.843   32.498   95.4  11.28  14.000   -0.08734    1.86    1.95    3.20
20-07-2024 08:30:02.60  114.32  -0.440  26.844   32.498   95.4  11.28  14.000   -0.08068    2.07    2.30    2.91
20-07-2024 08:30:02.84  114.40  -0.439  26.844   32.498   95.4  11.28  14.000   -0.09104    1.73    2.58    3.38
20-07-2024 08:30:03.09  114.51  -0.439  26.845   32.498   95.4  11.28  14.000   -0.07253    1.90    2.57    3.41
20-07-2024 08:30:03.34  114.55  -0.438  26.847   32.499   95.4  11.28  14.000   -0.07105    1.94    2.31    3.35
20-07-2024 08:30:03.58  114.65  -0.436  26.848   32.500   95.3  11.27  14.000   -0.08882    1.88    2.64    3.19
20-07-2024 08:30:03.83  114.71  -0.436  26.850   32.501   95.4  11.27  14.000   -0.07179    1.88    2.64    3.19
20-07-2024 08:30:04.08  114.81  -0.434  26.852   32.502   95.3  11.27  14.000   -0.07179    2.11    2.24    3.40
20-07-2024 08:30:04.32  114.87  -0.433  26.851   32.500   95.3  11.27  14.000   -0.07624    2.13    2.52    3.27
20-07-2024 08:30:04.57  114.95  -0.432  26.852   32.501   95.3  11.27  14.000   -0.07179    2.20    2.17    3.28
20-07-2024 08:30:04.81  115.05  -0.431  26.853   32.501   95.3  11.27  14.000   -0.06439    2.03    2.04    3.10
20-07-2024 08:30:05.06  115.14  -0.431  26.856   32.504   95.3  11.27  14.000   -0.06735    2.12    2.52    3.48
20-07-2024 08:30:05.30  115.18  -0.429  26.859   32.505   95.3  11.27  14.000   -0.06513    1.75    2.63    3.05
20-07-2024 08:30:05.55  115.26  -0.427  26.863   32.510   95.3  11.27  14.000   -0.07994    1.75    2.63    3.05
20-07-2024 08:30:05.79  115.37  -0.425  26.867   32.513   95.3  11.26  14.000   -0.06735    2.05    1.89    3.08
20-07-2024 08:30:06.04  115.44  -0.423  26.869   32.513   95.3  11.26  14.000   -0.07402    2.10    2.33    3.20
20-07-2024 08:30:06.28  115.52  -0.420  26.870   32.511   95.3  11.26  14.000   -0.08956    2.09    2.42    3.36
20-07-2024 08:30:06.53  115.60  -0.420  26.870   32.511   95.3  11.26  14.000   -0.07624    2.05    2.30    3.09
20-07-2024 08:30:06.77  115.67  -0.419  26.871   32.511   95.3  11.26  14.000   -0.06883    1.83    2.18    3.33
20-07-2024 08:30:07.02  115.75  -0.418  26.871   32.510   95.3  11.26  14.000   -0.07105    1.81    2.45    3.11
20-07-2024 08:30:07.26  115.86  -0.418  26.871   32.510   95.3  11.26  14.000   -0.05847    1.81    2.45    3.11
20-07-2024 08:30:07.52  115.91  -0.417  26.872   32.510   95.3  11.26  14.000   -0.06291    2.08    2.08    3.14
20-07-2024 08:30:07.76  115.98  -0.417  26.872   32.511   95.2  11.26  14.000   -0.07698    1.79    2.58    3.13
20-07-2024 08:30:08.01  116.06  -0.417  26.874   32.512   95.2  11.25  14.000   -0.07105    2.14    2.03    3.03
20-07-2024 08:30:08.26  116.13  -0.415  26.874   32.512   95.2  11.25  14.000   -0.06291    2.11    2.50    3.17
20-07-2024 08:30:08.50  116.26  -0.415  26.877   32.514   95.2  11.25  14.000   -0.07402    2.17    2.42    3.18
20-07-2024 08:30:08.75  116.29  -0.414  26.876   32.512   95.2  11.25  14.000   -0.07550    2.25    2.46    3.11
20-07-2024 08:30:08.99  116.42  -0.413  26.878   32.513   95.2  11.25  14.000   -0.07328    2.25    2.46    3.11
20-07-2024 08:30:09.24  116.48  -0.413  26.878   32.513   95.2  11.25  14.000   -0.07550    1.87    2.26    2.99
20-07-2024 08:30:09.48  116.55  -0.411  26.879   32.513   95.2  11.25  14.000   -0.08734    1.79    2.82    2.87
20-07-2024 08:30:09.73  116.63  -0.411  26.881   32.515   95.2  11.25  14.000   -0.08734    2.19    2.60    3.05
20-07-2024 08:30:09.97  116.71  -0.411  26.881   32.514   95.2  11.25  14.000   -0.07253    1.95    2.34    3.02
20-07-2024 08:30:10.22  116.83  -0.410  26.881   32.514   95.2  11.25  14.000   -0.07772    1.85    1.91    3.12
20-07-2024 08:30:10.46  116.87  -0.410  26.882   32.515   95.2  11.24  14.000   -0.07328    2.40    2.49    3.21
20-07-2024 08:30:10.71  116.97  -0.409  26.883   32.515   95.2  11.24  14.000   -0.08142    2.40    2.49    3.21
20-07-2024 08:30:10.95  117.05  -0.408  26.883   32.515   95.2  11.24  14.000   -0.06143    2.11    2.41    2.88
20-07-2024 08:30:11.20  117.14  -0.408  26.885   32.516   95.2  11.24  14.000   -0.06513    1.93    2.70    3.20
20-07-2024 08:30:11.45  117.20  -0.407  26.884   32.515   95.1  11.24  14.000   -0.07402    2.22    2.41    3.04
20-07-2024 08:30:11.70  117.29  -0.406  26.886   32.517   95.1  11.24  14.000   -0.07624    1.70    2.56    3.09
20-07-2024 08:30:11.94  117.36  -0.406  26.886   32.516   95.1  11.24  14.000   -0.08216    2.15    2.47    2.90
20-07-2024 08:30:12.19  117.43  -0.405  26.888   32.517   95.1  11.23  14.000   -0.07920    2.10    2.40    3.03
20-07-2024 08:30:12.43  117.51  -0.405  26.890   32.520   95.1  11.24  14.000   -0.06365    2.10    2.40    3.03
20-07-2024 08:30:12.68  117.63  -0.403  26.892   32.520   95.1  11.23  14.000   -0.06587    2.13    2.02    3.17
20-07-2024 08:30:12.93  117.70  -0.401  26.894   32.520   95.1  11.23  14.000   -0.07994    2.33    2.60    2.81
20-07-2024 08:30:13.18  117.77  -0.399  26.896   32.522   95.1  11.23  14.000   -0.07179    1.89    2.04    3.16
20-07-2024 08:30:13.42  117.82  -0.397  26.898   32.523   95.1  11.23  14.000   -0.06661    2.02    2.26    3.18
20-07-2024 08:30:13.66  117.92  -0.396  26.900   32.523   95.1  11.23  14.000   -0.06513    1.85    2.75    3.42
20-07-2024 08:30:13.91  118.01  -0.395  26.901   32.524   95.1  11.23  14.000   -0.06809    1.98    1.94    3.22
20-07-2024 08:30:14.15  118.08  -0.393  26.903   32.524   95.1  11.22  14.000   -0.07328    1.98    1.94    3.22
20-07-2024 08:30:14.40  118.14  -0.392  26.905   32.526   95.1  11.22  14.000   -0.07698    2.12    2.52    2.83
20-07-2024 08:30:14.64  118.26  -0.390  26.907   32.526   95.1  11.22  14.000   -0.07476    1.85    2.21    3.26
20-07-2024 08:30:14.90  118.29  -0.389  26.908   32.527   95.1  11.22  14.000   -0.07476    2.30    2.65    3.05
20-07-2024 08:30:15.14  118.38  -0.388  26.910   32.528   95.0  11.22  14.000   -0.06661    2.34    2.30    3.06
20-07-2024 08:30:15.39  118.44  -0.386  26.911   32.527   95.0  11.22  14.000   -0.07920    1.89    2.25    3.04
20-07-2024 08:30:15.63  118.58  -0.384  26.916   32.531   95.0  11.22  14.000   -0.08068    2.11    2.14    3.03
20-07-2024 08:30:15.88  118.65  -0.381  26.919   32.533   95.0  11.22  14.000   -0.06661    2.11    2.14    3.03
20-07-2024 08:30:16.12  118.73  -0.377  26.926   32.538   95.0  11.21  14.000   -0.08290    2.17    2.79    3.01
20-07-2024 08:30:16.37  118.76  -0.372  26.929   32.537   95.0  11.21  14.000   -0.06809    1.99    2.11    3.04
20-07-2024 08:30:16.61  118.86  -0.368  26.934   32.539   95.0  11.21  14.000   -0.06661    2.24    2.42    3.19
20-07-2024 08:30:16.86  118.98  -0.364  26.939   32.540   95.0  11.21  14.000   -0.06513    2.20    2.30    3.24
20-07-2024 08:30:17.10  119.05  -0.360  26.944   32.542   95.0  11.21  14.000   -0.08882    2.03    1.99    3.25
20-07-2024 08:30:17.35  119.10  -0.356  26.947   32.542   95.0  11.20  14.000   -0.07105    2.03    2.01    3.12
20-07-2024 08:30:17.59  119.14  -0.351  26.951   32.543   95.0  11.20  14.000   -0.06957    2.03    2.01    3.12
20-07-2024 08:30:17.84  119.25  -0.347  26.955   32.544   94.9  11.20  14.000   -0.06883    1.93    2.39    3.16
20-07-2024 08:30:18.09  119.35  -0.344  26.957   32.543   94.9  11.20  14.000   -0.08364    1.90    2.67    2.95
20-07-2024 08:30:18.33  119.44  -0.341  26.959   32.543   94.9  11.19  14.000   -0.06661    1.92    2.73    3.29
20-07-2024 08:30:18.58  119.47  -0.340  26.959   32.541   94.9  11.19  14.000   -0.07624    2.03    2.23    3.17
20-07-2024 08:30:18.83  119.55  -0.338  26.962   32.542   94.9  11.19  14.000   -0.08660    1.96    2.19    3.28
20-07-2024 08:30:19.08  119.63  -0.336  26.968   32.548   94.9  11.19  14.000   -0.06069    1.82    2.28    2.89
20-07-2024 08:30:19.32  119.71  -0.331  26.970   32.546   94.9  11.19  14.000   -0.06883    1.82    2.28    2.89
20-07-2024 08:30:19.57  119.79  -0.328  26.972   32.546   94.9  11.19  14.000   -0.07031    1.85    2.24    3.15
20-07-2024 08:30:19.82  119.89  -0.325  26.976   32.548   94.9  11.18  14.000   -0.05403    1.89    2.06    3.35
20-07-2024 08:30:20.06  119.98  -0.324  26.975   32.545   94.9  11.18  14.000   -0.07402    2.15    2.34    3.06
20-07-2024 08:30:20.31  120.01  -0.323  26.976   32.546   94.9  11.18  14.000   -0.06587    2.09    2.06    2.91
20-07-2024 08:30:20.55  120.10  -0.322  26.978   32.546   94.9  11.18  14.000   -0.08216    2.37    2.34    3.06
20-07-2024 08:30:20.80  120.20  -0.321  26.978   32.547   94.9  11.18  14.000   -0.05921    2.09    1.79    3.27
20-07-2024 08:30:21.04  120.25  -0.321  26.978   32.545   94.8  11.18  14.000   -0.07402    2.09    1.79    3.27
20-07-2024 08:30:21.29  120.36  -0.320  26.979   32.546   94.8  11.17  14.000   -0.08512    1.71    1.79    2.98
20-07-2024 08:30:21.53  120.38  -0.320  26.980   32.547   94.8  11.17  14.000   -0.07846    2.03    2.17    3.07
20-07-2024 08:30:21.78  120.49  -0.319  26.981   32.548   94.8  11.17  14.000   -0.07253    1.95    2.14    3.03
20-07-2024 08:30:22.02  120.60  -0.319  26.981   32.547   94.8  11.17  14.000   -0.06957    2.33    2.69    3.05
20-07-2024 08:30:22.27  120.63  -0.318  26.981   32.547   94.8  11.17  14.000   -0.06809    2.12    2.59    3.28
20-07-2024 08:30:22.52  120.72  -0.318  26.981   32.546   94.8  11.17  14.000   -0.07402    2.10    2.51    3.33
20-07-2024 08:30:22.76  120.82  -0.317  26.982   32.547   94.8  11.17  14.000   -0.07179    2.10    2.51    3.33
20-07-2024 08:30:23.01  120.85  -0.317  26.984   32.549   94.8  11.16  14.000   -0.06661    2.05    1.99    2.92
20-07-2024 08:30:23.25  120.98  -0.317  26.984   32.549   94.7  11.16  14.000   -0.08068    2.11    2.24    3.60
20-07-2024 08:30:23.50  121.08  -0.316  26.986   32.551   94.7  11.16  14.000   -0.07698    1.91    2.58    3.33
20-07-2024 08:30:23.75  121.07  -0.315  26.986   32.549   94.7  11.16  14.000   -0.06291    2.22    2.52    3.28
20-07-2024 08:30:23.99  121.17  -0.314  26.986   32.549   94.7  11.16  14.000   -0.06069    1.93    2.31    3.29
20-07-2024 08:30:24.24  121.24  -0.314  26.988   32.551   94.7  11.16  14.000   -0.06439    2.26    2.48    2.87
20-07-2024 08:30:24.48  121.31  -0.313  26.988   32.551   94.7  11.15  14.000   -0.07402    2.26    2.48    2.87
20-07-2024 08:30:24.73  121.41  -0.313  26.989   32.551   94.7  11.15  14.000   -0.06587    1.89    2.49    3.00
20-07-2024 08:30:24.97  121.46  -0.312  26.991   32.553   94.6  11.15  14.000   -0.07179    2.08    1.82    2.96
20-07-2024 08:30:25.22  121.58  -0.312  26.990   32.552   94.6  11.15  14.000   -0.06587    1.88    2.45    2.98
20-07-2024 08:30:25.46  121.60  -0.311  26.991   32.552   94.6  11.15  14.000   -0.08216    2.24    2.10    2.98
20-07-2024 08:30:25.71  121.68  -0.311  26.992   32.552   94.6  11.14  14.000   -0.07476    2.10    1.91    2.99
20-07-2024 08:30:25.96  121.81  -0.311  26.992   32.552   94.6  11.14  14.000   -0.08142    2.32    2.45    3.08
20-07-2024 08:30:26.20  121.87  -0.310  26.992   32.552   94.6  11.14  14.000   -0.06735    2.32    2.45    3.08
20-07-2024 08:30:26.45  121.96  -0.311  26.992   32.552   94.6  11.14  14.000   -0.07031    2.28    2.46    3.18
20-07-2024 08:30:26.70  122.00  -0.311  26.992   32.553   94.6  11.14  14.000   -0.07328    2.28    2.41    3.04
20-07-2024 08:30:26.94  122.14  -0.311  26.992   32.552   94.5  11.13  14.000   -0.07253    2.12    2.19    3.22
20-07-2024 08:30:27.19  122.16  -0.311  26.994   32.554   94.5  11.13  14.000   -0.07105    2.06    2.41    3.07
20-07-2024 08:30:27.43  122.28  -0.310  26.993   32.553   94.5  11.13  14.000   -0.07328    2.08    2.01    3.17
20-07-2024 08:30:27.68  122.37  -0.311  26.993   32.554   94.5  11.13  14.000   -0.07105    2.08    2.01    3.17
20-07-2024 08:30:27.92  122.45  -0.311  26.992   32.552   94.5  11.13  14.000   -0.07105    2.17    2.38    3.44
20-07-2024 08:30:28.17  122.51  -0.311  26.993   32.554   94.5  11.13  14.000   -0.05551    2.02    2.41    3.09
20-07-2024 08:30:28.41  122.58  -0.311  26.992   32.553   94.4  11.13  14.000   -0.06365    1.87    2.39    3.33
20-07-2024 08:30:28.66  122.64  -0.312  26.994   32.555   94.4  11.12  14.000   -0.06587    2.17    2.16    3.15
20-07-2024 08:30:28.90  122.73  -0.312  26.993   32.555   94.4  11.12  14.000   -0.07476    1.89    2.31    3.15
20-07-2024 08:30:29.15  122.79  -0.312  26.993   32.555   94.4  11.12  14.000   -0.05773    1.90    1.89    3.18
20-07-2024 08:30:29.39  122.89  -0.312  26.994   32.556   94.4  11.12  14.000   -0.08438    1.90    1.89    3.18
20-07-2024 08:30:29.64  122.94  -0.311  26.996   32.558   94.4  11.12  14.000   -0.05255    1.84    2.65    2.97
20-07-2024 08:30:29.89  123.01  -0.311  26.997   32.558   94.4  11.12  14.000   -0.06587    2.34    2.33    3.34
20-07-2024 08:30:30.14  123.13  -0.310  26.997   32.558   94.4  11.12  14.000   -0.07772    2.16    2.56    3.10
20-07-2024 08:30:30.38  123.22  -0.310  26.998   32.559   94.4  11.11  14.000   -0.07031    2.17    1.92    2.96
20-07-2024 08:30:30.63  123.27  -0.309  27.000   32.561   94.3  11.11  14.000   -0.07476    2.19    2.56    2.82
20-07-2024 08:30:30.88  123.33  -0.308  27.003   32.563   94.3  11.11  14.000   -0.05477    1.79    2.15    2.77
20-07-2024 08:30:31.12  123.43  -0.306  27.006   32.566   94.3  11.11  14.000   -0.06661    1.79    2.15    2.77
20-07-2024 08:30:31.37  123.54  -0.304  27.010   32.568   94.3  11.10  14.000   -0.07105    1.92    2.07    3.03
20-07-2024 08:30:31.61  123.59  -0.301  27.012   32.568   94.3  11.10  14.000   -0.06365    1.95    1.99    3.02
20-07-2024 08:30:31.86  123.68  -0.299  27.017   32.572   94.3  11.10  14.000   -0.08290    2.11    2.16    3.22
20-07-2024 08:30:32.10  123.74  -0.297  27.019   32.572   94.3  11.10  14.000   -0.05181    2.27    2.58    3.01
20-07-2024 08:30:32.35  123.82  -0.293  27.024   32.575   94.3  11.10  14.000   -0.08216    2.27    2.22    3.33
20-07-2024 08:30:32.59  123.92  -0.289  27.030   32.578   94.3  11.10  14.000   -0.08734    1.96    2.03    3.15
20-07-2024 08:30:32.83  124.01  -0.285  27.034   32.579   94.3  11.09  14.000   -0.07772    1.96    2.03    3.15
20-07-2024 08:30:33.08  124.08  -0.281  27.038   32.581   94.2  11.09  14.000   -0.07328    2.09    2.54    3.09
20-07-2024 08:30:33.33  124.16  -0.276  27.049   32.590   94.2  11.09  14.000   -0.05699    2.18    2.49    3.43
20-07-2024 08:30:33.58  124.27  -0.270  27.056   32.593   94.2  11.09  14.000   -0.07550    2.13    1.79    3.41
20-07-2024 08:30:33.83  124.29  -0.264  27.058   32.588   94.2  11.08  14.000   -0.07698    2.02    2.45    3.25
20-07-2024 08:30:34.07  124.40  -0.261  27.060   32.588   94.2  11.08  14.000   -0.08142    2.41    2.31    3.29
20-07-2024 08:30:34.32  124.45  -0.258  27.065   32.591   94.2  11.08  14.000   -0.06439    2.12    1.86    3.09
20-07-2024 08:30:34.56  124.54  -0.255  27.072   32.598   94.2  11.08  14.000   -0.07402    2.12    1.86    3.09
20-07-2024 08:30:34.81  124.60  -0.249  27.076   32.597   94.2  11.08  14.000   -0.07476    2.20    2.42    3.14
20-07-2024 08:30:35.06  124.75  -0.245  27.080   32.597   94.2  11.07  14.000   -0.05921    1.89    2.15    3.24
20-07-2024 08:30:35.30  124.79  -0.241  27.082   32.596   94.2  11.07  14.000   -0.06883    1.89    2.24    2.85
20-07-2024 08:30:35.54  124.85  -0.239  27.082   32.594   94.2  11.07  14.000   -0.06661    2.20    2.07    3.18
20-07-2024 08:30:35.79  124.97  -0.238  27.084   32.595   94.2  11.07  14.000   -0.07476    2.38    2.87    3.67
20-07-2024 08:30:36.03  125.03  -0.237  27.085   32.595   94.2  11.07  14.000   -0.06513    2.19    2.36    2.84
20-07-2024 08:30:36.28  125.09  -0.235  27.086   32.595   94.2  11.07  14.000   -0.08290    2.19    2.36    2.84
20-07-2024 08:30:36.53  125.18  -0.235  27.088   32.596   94.2  11.07  14.000   -0.07105    1.96    2.55    2.99
20-07-2024 08:30:36.77  125.28  -0.234  27.089   32.597   94.2  11.06  14.000   -0.06587    2.08    2.47    3.17
20-07-2024 08:30:37.02  125.33  -0.233  27.090   32.597   94.1  11.06  14.000   -0.06883    1.59    2.17    3.07
20-07-2024 08:30:37.27  125.44  -0.231  27.094   32.600   94.1  11.06  14.000   -0.05181    2.03    2.00    3.16
20-07-2024 08:30:37.52  125.53  -0.229  27.096   32.601   94.1  11.06  14.000   -0.06883    1.90    2.70    3.19
20-07-2024 08:30:37.76  125.56  -0.227  27.098   32.602   94.1  11.06  14.000   -0.08290    2.42    2.52    3.05
20-07-2024 08:30:38.00  125.67  -0.225  27.099   32.601   94.1  11.06  14.000   -0.07846    2.42    2.52    3.05
20-07-2024 08:30:38.25  125.73  -0.224  27.101   32.602   94.1  11.05  14.000   -0.07846    2.12    2.66    3.32
20-07-2024 08:30:38.50  125.82  -0.222  27.102   32.602   94.1  11.05  14.000   -0.07772    1.90    2.22    3.09
20-07-2024 08:30:38.74  125.88  -0.221  27.105   32.603   94.1  11.05  14.000   -0.06957    1.91    2.32    3.41
20-07-2024 08:30:38.98  126.04  -0.220  27.107   32.606   94.0  11.05  14.000   -0.07105    1.91    2.38    2.93
20-07-2024 08:30:39.23  126.04  -0.218  27.109   32.606   94.0  11.05  14.000   -0.08068    2.02    2.43    2.90
20-07-2024 08:30:39.47  126.17  -0.216  27.111   32.607   94.0  11.04  14.000   -0.06957    1.86    2.31    3.10
20-07-2024 08:30:39.72  126.23  -0.214  27.113   32.607   94.0  11.04  14.000   -0.06513    1.86    2.31    3.10
20-07-2024 08:30:39.96  126.32  -0.213  27.114   32.607   94.0  11.04  14.000   -0.08290    1.82    2.24    3.13
20-07-2024 08:30:40.21  126.37  -0.211  27.115   32.607   94.0  11.04  14.000   -0.07476    2.23    1.93    3.32
20-07-2024 08:30:40.46  126.44  -0.211  27.117   32.608   94.0  11.03  14.000   -0.05033    1.95    2.23    3.19
20-07-2024 08:30:40.71  126.57  -0.209  27.118   32.608   93.9  11.03  14.000   -0.06661    2.00    1.90    3.20
20-07-2024 08:30:40.95  126.62  -0.208  27.119   32.608   93.9  11.03  14.000   -0.06217    2.04    2.16    3.12
20-07-2024 08:30:41.20  126.69  -0.208  27.118   32.608   93.9  11.03  14.000   -0.06735    2.20    2.36    2.77
20-07-2024 08:30:41.45  126.75  -0.208  27.119   32.608   93.9  11.03  14.000   -0.06809    2.20    2.36    2.77
20-07-2024 08:30:41.69  126.87  -0.207  27.120   32.609   93.9  11.03  14.000   -0.06217    2.19    2.13    3.32
20-07-2024 08:30:41.94  127.00  -0.207  27.121   32.609   93.9  11.02  14.000   -0.07920    2.36    2.32    2.99
20-07-2024 08:30:42.18  127.05  -0.206  27.121   32.609   93.9  11.02  14.000   -0.07179    1.87    2.28    2.60
20-07-2024 08:30:42.43  127.10  -0.206  27.124   32.612   93.9  11.02  14.000   -0.07476    2.21    2.46    3.06
20-07-2024 08:30:42.67  127.17  -0.204  27.125   32.612   93.9  11.02  14.000   -0.07402    2.04    2.77    3.06
20-07-2024 08:30:42.92  127.29  -0.202  27.128   32.614   93.8  11.02  14.000   -0.07402    2.04    2.11    2.89
20-07-2024 08:30:43.16  127.34  -0.201  27.129   32.613   93.8  11.01  14.000   -0.08660    2.04    2.11    2.89
20-07-2024 08:30:43.41  127.45  -0.199  27.131   32.614   93.8  11.01  14.000   -0.05995    2.14    2.04    2.96
20-07-2024 08:30:43.65  127.52  -0.198  27.132   32.615   93.8  11.01  14.000   -0.08068    2.17    1.88    3.44
20-07-2024 08:30:43.90  127.62  -0.197  27.134   32.616   93.8  11.01  14.000   -0.06365    2.27    2.38    3.12
20-07-2024 08:30:44.14  127.69  -0.195  27.136   32.616   93.7  11.00  14.000   -0.06661    1.92    2.14    3.22
20-07-2024 08:30:44.40  127.76  -0.194  27.137   32.617   93.7  11.00  14.000   -0.07772    2.23    2.09    3.33
20-07-2024 08:30:44.64  127.80  -0.193  27.138   32.616   93.7  11.00  14.000   -0.07328    2.15    2.49    3.31
20-07-2024 08:30:44.89  127.91  -0.191  27.139   32.616   93.7  11.00  14.000   -0.07846    2.15    2.49    3.31
20-07-2024 08:30:45.14  128.02  -0.191  27.140   32.617   93.7  11.00  14.000   -0.07550    2.47    2.17    3.29
20-07-2024 08:30:45.38  128.05  -0.190  27.140   32.616   93.7  11.00  14.000   -0.07624    2.39    2.39    3.45
20-07-2024 08:30:45.63  128.18  -0.189  27.140   32.615   93.6  10.99  14.000   -0.07031    2.25    2.29    3.00
20-07-2024 08:30:45.87  128.20  -0.189  27.140   32.615   93.6  10.99  14.000   -0.05847    2.15    2.15    3.38
20-07-2024 08:30:46.12  128.31  -0.189  27.141   32.617   93.6  10.99  14.000   -0.06439    2.24    2.04    3.27
20-07-2024 08:30:46.36  128.38  -0.188  27.142   32.617   93.6  10.99  14.000   -0.06957    1.79    2.36    2.95
20-07-2024 08:30:46.61  128.48  -0.188  27.142   32.616   93.6  10.99  14.000   -0.08956    1.79    2.36    2.95
20-07-2024 08:30:46.85  128.57  -0.187  27.143   32.616   93.6  10.99  14.000   -0.05995    1.93    2.27    3.09
20-07-2024 08:30:47.10  128.65  -0.188  27.142   32.616   93.6  10.98  14.000   -0.06217    2.23    2.34    3.16
20-07-2024 08:30:47.34  128.70  -0.188  27.142   32.616   93.6  10.98  14.000   -0.07920    1.93    2.40    3.48
20-07-2024 08:30:47.59  128.79  -0.187  27.142   32.616   93.5  10.98  14.000   -0.07328    2.14    2.38    3.25
20-07-2024 08:30:47.83  128.86  -0.187  27.143   32.617   93.5  10.98  14.000   -0.06439    1.84    2.13    3.55
20-07-2024 08:30:48.08  128.93  -0.187  27.144   32.618   93.5  10.98  14.000   -0.06883    1.85    2.75    2.90
20-07-2024 08:30:48.33  128.98  -0.186  27.144   32.616   93.5  10.97  14.000   -0.07031    1.85    2.75    2.90
20-07-2024 08:30:48.58  129.09  -0.186  27.146   32.619   93.5  10.97  14.000   -0.08586    2.25    2.38    3.10
20-07-2024 08:30:48.82  129.20  -0.185  27.147   32.619   93.5  10.97  14.000   -0.07328    2.10    2.03    3.10
20-07-2024 08:30:49.07  129.25  -0.184  27.147   32.618   93.5  10.97  14.000   -0.07550    2.17    2.38    3.23
20-07-2024 08:30:49.31  129.31  -0.183  27.147   32.618   93.5  10.97  14.000   -0.08290    1.97    2.26    3.09
20-07-2024 08:30:49.56  129.37  -0.183  27.149   32.620   93.4  10.96  14.000   -0.07772    2.38    2.59    2.99
20-07-2024 08:30:49.80  129.50  -0.183  27.149   32.620   93.4  10.96  14.000   -0.08438    1.93    2.15    3.22
20-07-2024 08:30:50.05  129.55  -0.181  27.150   32.619   93.4  10.96  14.000   -0.08068    1.93    2.15    3.22
20-07-2024 08:30:50.29  129.60  -0.181  27.151   32.620   93.4  10.96  14.000   -0.08290    1.85    2.40    3.09
20-07-2024 08:30:50.54  129.66  -0.180  27.152   32.620   93.4  10.96  14.000   -0.07920    2.22    2.38    3.05
20-07-2024 08:30:50.78  129.74  -0.180  27.153   32.621   93.4  10.95  14.000   -0.07920    2.28    2.27    3.11
20-07-2024 08:30:51.03  129.82  -0.178  27.153   32.620   93.4  10.95  14.000   -0.08142    2.24    2.03    3.23
20-07-2024 08:30:51.27  129.94  -0.178  27.155   32.621   93.4  10.95  14.000   -0.05921    2.04    2.28    3.33
20-07-2024 08:30:51.52  130.00  -0.177  27.155   32.621   93.3  10.95  14.000   -0.06365    1.86    2.51    2.98
20-07-2024 08:30:51.77  130.08  -0.177  27.156   32.621   93.3  10.95  14.000   -0.06661    1.86    2.51    2.98
20-07-2024 08:30:52.02  130.20  -0.176  27.155   32.620   93.3  10.95  14.000   -0.08364    2.02    2.02    3.23
20-07-2024 08:30:52.26  130.25  -0.176  27.156   32.621   93.3  10.95  14.000   -0.05995    1.87    1.85    3.08
20-07-2024 08:30:52.51  130.28  -0.176  27.156   32.621   93.3  10.94  14.000   -0.07402    2.14    2.56    3.02
20-07-2024 08:30:52.76  130.39  -0.175  27.156   32.620   93.3  10.94  14.000   -0.07253    2.26    1.99    3.22
20-07-2024 08:30:53.00  130.46  -0.175  27.158   32.622   93.3  10.94  14.000   -0.08142    2.28    2.01    3.38
20-07-2024 08:30:53.25  130.53  -0.174  27.159   32.623   93.3  10.94  14.000   -0.07328    2.20    2.82    3.28
20-07-2024 08:30:53.49  130.57  -0.173  27.160   32.623   93.2  10.94  14.000   -0.06661    2.20    2.82    3.28
20-07-2024 08:30:53.74  130.69  -0.172  27.160   32.622   93.2  10.94  14.000   -0.08438    1.95    2.48    3.40
20-07-2024 08:30:53.98  130.76  -0.172  27.162   32.624   93.2  10.93  14.000   -0.07105    1.89    2.47    3.20
20-07-2024 08:30:54.23  130.81  -0.171  27.163   32.624   93.2  10.93  14.000   -0.06735    2.07    2.48    3.09
20-07-2024 08:30:54.47  130.88  -0.169  27.166   32.626   93.2  10.93  14.000   -0.06661    2.21    2.12    2.85
20-07-2024 08:30:54.71  130.98  -0.168  27.167   32.626   93.2  10.93  14.000   -0.05995    2.16    2.10    3.30
20-07-2024 08:30:54.96  131.08  -0.166  27.168   32.625   93.2  10.93  14.000   -0.04885    2.36    2.52    3.03
20-07-2024 08:30:55.20  131.16  -0.165  27.170   32.627   93.2  10.93  14.000   -0.05477    2.36    2.52    3.03
20-07-2024 08:30:55.46  131.21  -0.165  27.170   32.627   93.2  10.92  14.000   -0.07920    2.16    2.72    3.26
20-07-2024 08:30:55.70  131.29  -0.164  27.171   32.628   93.2  10.92  14.000   -0.06217    2.18    2.39    3.14
20-07-2024 08:30:55.95  131.34  -0.163  27.172   32.627   93.1  10.92  14.000   -0.05921    2.06    2.38    3.23
20-07-2024 08:30:56.20  131.47  -0.162  27.171   32.626   93.1  10.92  14.000   -0.05921    1.97    2.44    3.18
20-07-2024 08:30:56.44  131.50  -0.162  27.173   32.628   93.1  10.92  14.000   -0.07328    2.32    2.41    3.03
20-07-2024 08:30:56.69  131.62  -0.161  27.174   32.628   93.1  10.92  14.000   -0.04663    1.89    2.40    3.65
20-07-2024 08:30:56.93  131.66  -0.160  27.174   32.628   93.1  10.92  14.000   -0.06809    1.89    2.40    3.65
20-07-2024 08:30:57.19  131.74  -0.159  27.176   32.628   93.1  10.92  14.000   -0.08068    1.57    2.37    3.07
20-07-2024 08:30:57.42  131.85  -0.159  27.176   32.628   93.1  10.91  14.000   -0.07550    2.10    2.33    3.05
20-07-2024 08:30:57.67  131.88  -0.158  27.177   32.629   93.1  10.91  14.000   -0.05551    2.38    1.84    3.31
20-07-2024 08:30:57.91  131.99  -0.158  27.178   32.629   93.1  10.91  14.000   -0.06069    1.78    2.31    3.31
20-07-2024 08:30:58.16  132.03  -0.157  27.178   32.629   93.1  10.91  14.000   -0.06291    1.80    1.99    3.36
20-07-2024 08:30:58.40  132.12  -0.157  27.179   32.630   93.0  10.91  14.000   -0.04589    2.05    2.27    3.34
20-07-2024 08:30:58.69  132.18  -0.156  27.180   32.630   93.0  10.91  14.000   -0.07031    2.15    2.10    3.27
20-07-2024 08:30:58.89  132.27  -0.155  27.180   32.629   93.0  10.91  14.000   -0.07476    2.15    2.10    3.27
20-07-2024 08:30:59.15  132.32  -0.154  27.181   32.629   93.0  10.90  14.000   -0.05921    1.64    2.08    2.98
20-07-2024 08:30:59.39  132.44  -0.154  27.183   32.631   93.0  10.90  14.000   -0.07105    2.15    2.38    3.50
20-07-2024 08:30:59.64  132.56  -0.153  27.183   32.630   93.0  10.90  14.000   -0.07328    2.16    2.21    3.30
20-07-2024 08:30:59.88  132.60  -0.152  27.185   32.632   93.0  10.90  14.000   -0.05921    2.31    2.16    3.48
20-07-2024 08:31:00.13  132.68  -0.150  27.188   32.634   93.0  10.90  14.000   -0.05699    2.19    2.24    2.89
20-07-2024 08:31:00.37  132.73  -0.148  27.189   32.634   93.0  10.90  14.000   -0.07031    2.19    2.24    2.89
20-07-2024 08:31:00.62  132.82  -0.145  27.193   32.635   93.0  10.89  14.000   -0.06957    2.02    2.76    3.34
20-07-2024 08:31:00.87  132.87  -0.144  27.193   32.635   93.0  10.90  14.000   -0.06513    2.16    2.24    3.11
20-07-2024 08:31:01.11  132.97  -0.143  27.194   32.634   93.0  10.90  14.000   -0.07105    1.86    2.24    2.92
20-07-2024 08:31:01.36  133.04  -0.143  27.194   32.634   92.9  10.89  14.000   -0.06143    2.02    2.33    3.29
20-07-2024 08:31:01.60  133.12  -0.142  27.195   32.635   92.9  10.89  14.000   -0.06661    2.19    1.98    3.02
20-07-2024 08:31:01.84  133.18  -0.142  27.195   32.634   92.9  10.89  14.000   -0.06217    2.19    1.98    3.02
20-07-2024 08:31:02.09  133.31  -0.141  27.196   32.635   92.9  10.89  14.000   -0.07846    2.35    1.97    3.30
20-07-2024 08:31:02.34  133.38  -0.140  27.197   32.635   92.9  10.89  14.000   -0.05995    1.58    2.42    3.11
20-07-2024 08:31:02.58  133.48  -0.140  27.199   32.638   92.9  10.89  14.000   -0.07031    2.50    3.03    3.17
20-07-2024 08:31:02.83  133.52  -0.138  27.200   32.637   92.9  10.89  14.000   -0.07328    2.28    2.34    3.32
20-07-2024 08:31:03.08  133.60  -0.138  27.200   32.636   92.9  10.88  14.000   -0.07476    1.89    2.25    3.18
20-07-2024 08:31:03.33  133.66  -0.137  27.202   32.638   92.9  10.88  14.000   -0.06587    2.07    2.24    3.13
20-07-2024 08:31:03.57  133.75  -0.135  27.202   32.637   92.9  10.88  14.000   -0.06661    1.85    2.19    3.08
20-07-2024 08:31:03.82  133.84  -0.135  27.203   32.637   92.9  10.88  14.000   -0.07253    1.85    2.19    3.08
20-07-2024 08:31:04.06  133.91  -0.135  27.203   32.637   92.8  10.88  14.000   -0.07550    1.98    2.07    3.46
20-07-2024 08:31:04.31  133.96  -0.134  27.203   32.637   92.9  10.88  14.000   -0.05921    2.53    2.47    2.95
20-07-2024 08:31:04.55  134.04  -0.134  27.204   32.637   92.8  10.88  14.000   -0.07994    1.92    2.09    2.95
20-07-2024 08:31:04.80  134.15  -0.134  27.206   32.640   92.8  10.88  14.000   -0.06809    2.03    2.78    2.83
20-07-2024 08:31:05.04  134.25  -0.133  27.206   32.638   92.8  10.88  14.000   -0.07031    2.24    2.48    3.25
20-07-2024 08:31:05.29  134.30  -0.132  27.206   32.639   92.8  10.87  14.000   -0.05625    2.24    2.48    3.25
20-07-2024 08:31:05.53  134.34  -0.132  27.207   32.639   92.8  10.87  14.000   -0.06809    1.96    2.53    3.48
20-07-2024 08:31:05.78  134.43  -0.132  27.207   32.638   92.8  10.87  14.000   -0.05403    2.25    2.11    3.14
20-07-2024 08:31:06.03  134.51  -0.131  27.208   32.639   92.8  10.87  14.000   -0.07328    2.45    2.39    3.15
20-07-2024 08:31:06.27  134.58  -0.131  27.208   32.639   92.8  10.87  14.000   -0.06661    1.87    2.48    3.31
20-07-2024 08:31:06.52  134.66  -0.131  27.209   32.640   92.8  10.87  14.000   -0.07328    2.04    2.51    3.23
20-07-2024 08:31:06.76  134.73  -0.130  27.210   32.640   92.8  10.87  14.000   -0.08586    2.50    2.17    3.30
20-07-2024 08:31:07.01  134.79  -0.129  27.210   32.640   92.8  10.87  14.000   -0.07253    2.50    2.17    3.30
20-07-2024 08:31:07.26  134.89  -0.129  27.209   32.639   92.8  10.87  14.000   -0.07328    2.02    2.08    3.11
20-07-2024 08:31:07.50  134.96  -0.128  27.210   32.639   92.8  10.87  14.000   -0.06217    1.94    1.96    2.83
20-07-2024 08:31:07.75  135.02  -0.129  27.210   32.640   92.8  10.87  14.000   -0.06957    1.95    2.10    3.08
20-07-2024 08:31:07.99  135.12  -0.128  27.211   32.639   92.7  10.86  14.000   -0.07476    2.13    2.02    3.09
20-07-2024 08:31:08.25  135.18  -0.129  27.211   32.640   92.7  10.86  14.000   -0.06809    1.87    2.08    3.26
20-07-2024 08:31:08.48  135.29  -0.128  27.211   32.640   92.7  10.86  14.000   -0.07476    2.28    2.71    3.30
20-07-2024 08:31:08.73  135.32  -0.128  27.212   32.641   92.7  10.86  14.000   -0.06291    2.28    2.71    3.30
20-07-2024 08:31:08.97  135.40  -0.127  27.213   32.641   92.7  10.86  14.000   -0.06513    2.18    2.58    3.25
20-07-2024 08:31:09.22  135.48  -0.126  27.215   32.643   92.7  10.86  14.000   -0.05995    2.03    1.92    3.01
20-07-2024 08:31:09.46  135.57  -0.126  27.216   32.644   92.7  10.86  14.000   -0.07328    1.93    1.83    3.28
20-07-2024 08:31:09.71  135.64  -0.125  27.216   32.642   92.7  10.86  14.000   -0.04959    2.01    2.40    3.20
20-07-2024 08:31:09.95  135.72  -0.124  27.217   32.644   92.7  10.86  14.000   -0.07179    1.99    2.33    2.83
20-07-2024 08:31:10.21  135.83  -0.125  27.217   32.644   92.7  10.86  14.000   -0.06513    1.90    2.60    3.04
20-07-2024 08:31:10.45  135.87  -0.124  27.219   32.645   92.7  10.86  14.000   -0.07624    1.90    2.60    3.04
20-07-2024 08:31:10.70  135.96  -0.122  27.221   32.645   92.7  10.85  14.000   -0.06513    2.08    2.51    3.10
20-07-2024 08:31:10.95  136.06  -0.120  27.222   32.645   92.6  10.85  14.000   -0.06291    1.84    2.57    3.36
20-07-2024 08:31:11.19  136.11  -0.119  27.224   32.646   92.7  10.85  14.000   -0.06291    2.34    2.38    3.25
20-07-2024 08:31:11.44  136.19  -0.118  27.224   32.645   92.6  10.85  14.000   -0.07772    1.88    2.55    3.39
20-07-2024 08:31:11.68  136.29  -0.118  27.226   32.648   92.6  10.85  14.000   -0.06587    2.13    2.69    3.01
20-07-2024 08:31:11.93  136.37  -0.117  27.227   32.648   92.6  10.84  14.000   -0.07624    2.15    2.76    3.27
20-07-2024 08:31:12.17  136.41  -0.115  27.230   32.650   92.6  10.85  14.000   -0.06513    2.15    2.76    3.27
20-07-2024 08:31:12.42  136.50  -0.113  27.232   32.650   92.6  10.84  14.000   -0.05847    2.25    2.14    3.35
20-07-2024 08:31:12.66  136.58  -0.112  27.235   32.652   92.6  10.84  14.000   -0.06291    2.15    2.41    3.47
20-07-2024 08:31:12.91  136.63  -0.110  27.236   32.652   92.6  10.84  14.000   -0.06365    2.08    2.54    3.12
20-07-2024 08:31:13.15  136.75  -0.108  27.237   32.652   92.6  10.84  14.000   -0.06957    2.22    2.38    3.05
20-07-2024 08:31:13.40  136.79  -0.107  27.238   32.652   92.6  10.84  14.000   -0.07105    2.12    2.48    3.30
20-07-2024 08:31:13.64  136.88  -0.105  27.240   32.653   92.6  10.84  14.000   -0.08586    2.20    2.14    3.02
20-07-2024 08:31:13.90  137.00  -0.104  27.243   32.655   92.6  10.84  14.000   -0.06735    2.20    2.14    3.02
20-07-2024 08:31:14.14  137.04  -0.102  27.244   32.654   92.6  10.83  14.000   -0.07846    2.07    2.02    3.25
20-07-2024 08:31:14.39  137.12  -0.100  27.246   32.656   92.5  10.83  14.000   -0.07476    2.03    2.00    3.25
20-07-2024 08:31:14.64  137.19  -0.098  27.249   32.657   92.6  10.83  14.000   -0.07920    2.47    2.18    3.35
20-07-2024 08:31:14.88  137.27  -0.096  27.250   32.656   92.5  10.83  14.000   -0.05847    2.12    1.72    3.47
20-07-2024 08:31:15.13  137.30  -0.095  27.252   32.656   92.5  10.83  14.000   -0.07105    1.88    2.26    3.04
20-07-2024 08:31:15.37  137.42  -0.093  27.253   32.657   92.5  10.83  14.000   -0.06291    1.94    2.31    3.27
20-07-2024 08:31:15.62  137.49  -0.092  27.255   32.659   92.5  10.83  14.000   -0.05403    1.94    2.31    3.27
20-07-2024 08:31:15.86  137.57  -0.091  27.257   32.659   92.5  10.83  14.000   -0.08734    1.66    2.29    3.40
20-07-2024 08:31:16.11  137.63  -0.089  27.258   32.659   92.5  10.82  14.000   -0.05995    1.93    1.98    3.17
20-07-2024 08:31:16.35  137.72  -0.088  27.259   32.659   92.5  10.82  14.000   -0.05995    1.97    1.94    3.16
20-07-2024 08:31:16.60  137.79  -0.087  27.262   32.661   92.5  10.82  14.000   -0.07698    2.19    2.49    3.08
20-07-2024 08:31:16.84  137.88  -0.085  27.266   32.664   92.5  10.82  14.000   -0.07476    2.20    2.47    3.31
20-07-2024 08:31:17.09  137.95  -0.081  27.270   32.666   92.5  10.82  14.000   -0.07402    1.96    2.64    3.14
20-07-2024 08:31:17.33  138.02  -0.078  27.273   32.666   92.5  10.82  14.000   -0.06735    1.96    2.64    3.14
20-07-2024 08:31:17.58  138.12  -0.075  27.276   32.667   92.4  10.81  14.000   -0.07402    2.14    2.52    3.00
20-07-2024 08:31:17.83  138.17  -0.072  27.277   32.666   92.4  10.81  14.000   -0.06217    2.22    2.57    2.91
20-07-2024 08:31:18.08  138.23  -0.071  27.278   32.666   92.4  10.81  14.000   -0.07179    2.03    2.22    2.65
20-07-2024 08:31:18.32  138.32  -0.069  27.279   32.665   92.4  10.81  14.000   -0.07550    2.13    2.25    3.16
20-07-2024 08:31:18.57  138.40  -0.068  27.282   32.667   92.4  10.81  14.000   -0.06957    2.30    2.30    3.23
20-07-2024 08:31:18.81  138.50  -0.067  27.283   32.667   92.4  10.81  14.000   -0.05699    1.96    2.36    3.19
20-07-2024 08:31:19.06  138.54  -0.066  27.283   32.667   92.4  10.81  14.000   -0.06957    1.96    2.36    3.19
20-07-2024 08:31:19.30  138.65  -0.065  27.284   32.667   92.4  10.81  14.000   -0.07031    2.28    2.08    2.97
20-07-2024 08:31:19.55  138.70  -0.064  27.285   32.667   92.4  10.80  14.000   -0.08216    2.19    2.07    3.06
20-07-2024 08:31:19.79  138.77  -0.063  27.286   32.668   92.4  10.80  14.000   -0.06735    2.38    2.22    3.24
20-07-2024 08:31:20.04  138.88  -0.062  27.287   32.667   92.4  10.80  14.000   -0.06587    2.00    2.59    2.79
20-07-2024 08:31:20.28  138.95  -0.061  27.290   32.670   92.4  10.80  14.000   -0.05921    2.38    2.57    2.99
20-07-2024 08:31:20.53  139.00  -0.059  27.292   32.671   92.4  10.80  14.000   -0.05921    2.43    1.91    3.15
20-07-2024 08:31:20.77  139.07  -0.058  27.295   32.673   92.4  10.80  14.000   -0.06809    2.43    1.91    3.15
20-07-2024 08:31:21.02  139.16  -0.055  27.297   32.672   92.4  10.80  14.000   -0.06143    2.01    2.63    3.03
20-07-2024 08:31:21.27  139.24  -0.054  27.298   32.672   92.3  10.79  14.000   -0.07253    2.34    2.67    3.17
20-07-2024 08:31:21.52  139.30  -0.053  27.299   32.673   92.3  10.79  14.000   -0.05329    2.26    2.49    3.36
20-07-2024 08:31:21.77  139.38  -0.052  27.299   32.672   92.3  10.79  14.000   -0.05403    2.06    2.02    3.03
20-07-2024 08:31:22.01  139.46  -0.052  27.298   32.671   92.3  10.79  14.000   -0.05403    2.04    2.45    3.23
20-07-2024 08:31:22.26  139.54  -0.052  27.300   32.673   92.3  10.79  14.000   -0.06365    2.03    2.39    3.04
20-07-2024 08:31:22.50  139.62  -0.052  27.299   32.671   92.3  10.79  14.000   -0.05773    2.03    2.39    3.04
20-07-2024 08:31:22.75  139.68  -0.052  27.298   32.671   92.3  10.79  14.000   -0.07402    2.19    2.19    3.11
20-07-2024 08:31:22.99  139.76  -0.051  27.299   32.672   92.3  10.79  14.000   -0.06957    2.00    2.16    3.23
20-07-2024 08:31:23.24  139.83  -0.052  27.299   32.671   92.3  10.79  14.000   -0.05995    2.01    2.16    3.24
20-07-2024 08:31:23.48  139.90  -0.052  27.299   32.672   92.3  10.78  14.000   -0.05773    1.98    2.37    3.34
20-07-2024 08:31:23.73  139.99  -0.052  27.299   32.672   92.2  10.78  14.000   -0.05847    1.88    2.46    2.86
20-07-2024 08:31:23.97  140.04  -0.051  27.300   32.672   92.2  10.78  14.000   -0.06069    2.09    1.78    2.95
20-07-2024 08:31:24.22  140.13  -0.051  27.300   32.672   92.2  10.78  14.000   -0.07846    2.09    1.78    2.95
20-07-2024 08:31:24.46  140.20  -0.051  27.300   32.672   92.2  10.78  14.000   -0.05921    2.00    2.31    2.88
20-07-2024 08:31:24.71  140.29  -0.051  27.300   32.672   92.2  10.78  14.000   -0.06069    2.13    2.36    2.79
20-07-2024 08:31:24.96  140.37  -0.050  27.301   32.673   92.2  10.77  14.000   -0.06587    2.11    2.49    3.54
20-07-2024 08:31:25.20  140.47  -0.050  27.301   32.672   92.2  10.77  14.000   -0.06661    2.10    2.60    3.23
20-07-2024 08:31:25.45  140.52  -0.050  27.303   32.675   92.2  10.77  14.000   -0.05255    1.82    2.02    3.15
20-07-2024 08:31:25.70  140.59  -0.049  27.303   32.674   92.2  10.77  14.000   -0.06217    1.94    1.97    3.26
20-07-2024 08:31:25.94  140.67  -0.049  27.304   32.674   92.2  10.77  14.000   -0.06883    1.94    1.97    3.26
20-07-2024 08:31:26.19  140.74  -0.048  27.304   32.673   92.2  10.77  14.000   -0.05403    1.97    2.10    3.19
20-07-2024 08:31:26.43  140.80  -0.047  27.306   32.675   92.1  10.77  14.000   -0.06587    2.02    2.71    3.36
20-07-2024 08:31:26.68  140.87  -0.047  27.306   32.675   92.1  10.77  14.000   -0.07105    2.24    2.06    3.15
20-07-2024 08:31:26.92  140.96  -0.046  27.306   32.674   92.1  10.77  14.000   -0.06291    1.77    2.22    3.18
20-07-2024 08:31:27.17  141.08  -0.045  27.308   32.676   92.1  10.76  14.000   -0.07846    2.15    2.48    2.96
20-07-2024 08:31:27.41  141.11  -0.045  27.308   32.675   92.1  10.76  14.000   -0.07846    2.10    2.44    3.03
20-07-2024 08:31:27.66  141.20  -0.044  27.310   32.677   92.1  10.76  14.000   -0.06809    2.10    2.44    3.03
20-07-2024 08:31:27.90  141.27  -0.043  27.311   32.677   92.1  10.76  14.000   -0.07253    2.14    2.07    3.10
20-07-2024 08:31:28.15  141.36  -0.042  27.312   32.678   92.1  10.76  14.000   -0.06365    1.95    2.79    2.92
20-07-2024 08:31:28.39  141.41  -0.041  27.314   32.678   92.1  10.76  14.000   -0.06587    1.96    2.34    3.28
20-07-2024 08:31:28.65  141.49  -0.039  27.315   32.678   92.0  10.76  14.000   -0.04811    1.97    1.93    3.28
20-07-2024 08:31:28.89  141.59  -0.037  27.317   32.679   92.0  10.75  14.000   -0.06217    2.14    2.67    3.50
20-07-2024 08:31:29.14  141.67  -0.037  27.318   32.680   92.0  10.75  14.000   -0.06587    1.82    2.76    2.94
20-07-2024 08:31:29.39  141.74  -0.035  27.321   32.682   92.0  10.75  14.000   -0.07698    1.82    2.76    2.94
20-07-2024 08:31:29.63  141.80  -0.033  27.323   32.682   92.0  10.75  14.000   -0.08956    2.02    2.65    3.09
20-07-2024 08:31:29.88  141.89  -0.032  27.322   32.680   92.0  10.75  14.000   -0.07402    2.04    2.13    3.49
20-07-2024 08:31:30.13  141.97  -0.031  27.324   32.681   92.0  10.75  14.000   -0.04515    2.11    2.61    3.32
20-07-2024 08:31:30.37  142.02  -0.031  27.323   32.680   92.0  10.75  14.000   -0.05255    2.25    2.58    3.03
20-07-2024 08:31:30.61  142.09  -0.030  27.325   32.681   92.0  10.75  14.000   -0.06587    1.96    2.08    3.03
20-07-2024 08:31:30.86  142.19  -0.029  27.327   32.683   92.0  10.74  14.000   -0.06439    2.29    2.51    3.52
20-07-2024 08:31:31.10  142.28  -0.029  27.326   32.681   92.0  10.74  14.000   -0.07105    2.29    2.51    3.52
20-07-2024 08:31:31.35  142.32  -0.028  27.328   32.683   92.0  10.74  14.000   -0.07179    2.18    2.57    2.79
20-07-2024 08:31:31.59  142.42  -0.028  27.326   32.680   92.0  10.74  14.000   -0.07476    1.89    1.96    3.18
20-07-2024 08:31:31.84  142.49  -0.028  27.328   32.682   92.0  10.74  14.000   -0.07328    2.15    2.11    3.13
20-07-2024 08:31:32.08  142.59  -0.027  27.328   32.682   91.9  10.74  14.000   -0.06809    1.73    2.07    2.92
20-07-2024 08:31:32.33  142.64  -0.026  27.327   32.680   91.9  10.74  14.000   -0.08290    2.37    2.53    2.93
20-07-2024 08:31:32.58  142.72  -0.026  27.330   32.684   91.9  10.74  14.000   -0.05995    1.92    1.74    3.16
20-07-2024 08:31:32.83  142.79  -0.025  27.329   32.681   91.9  10.73  14.000   -0.07476    1.92    1.74    3.16
20-07-2024 08:31:33.07  142.89  -0.025  27.331   32.684   91.9  10.73  14.000   -0.07105    2.07    2.21    3.23
20-07-2024 08:31:33.32  142.96  -0.025  27.332   32.685   91.9  10.73  14.000   -0.07105    2.11    2.25    3.07
20-07-2024 08:31:33.56  143.02  -0.025  27.331   32.682   91.9  10.73  14.000   -0.06365    1.94    2.63    2.91
20-07-2024 08:31:33.81  143.08  -0.024  27.332   32.684   91.9  10.73  14.000   -0.07698    2.26    2.26    3.07
20-07-2024 08:31:34.05  143.17  -0.022  27.337   32.688   91.9  10.73  14.000   -0.07476    2.10    2.44    3.32
20-07-2024 08:31:34.30  143.25  -0.021  27.337   32.686   91.8  10.73  14.000   -0.05551    2.38    1.99    3.12
20-07-2024 08:31:34.54  143.30  -0.018  27.340   32.687   91.9  10.73  14.000   -0.06365    2.38    1.99    3.12
20-07-2024 08:31:34.79  143.35  -0.016  27.341   32.687   91.8  10.72  14.000   -0.07105    2.32    1.91    2.76
20-07-2024 08:31:35.03  143.48  -0.013  27.344   32.688   91.8  10.72  14.000   -0.07253    2.20    2.63    2.94
20-07-2024 08:31:35.28  143.54  -0.012  27.348   32.692   91.8  10.72  14.000   -0.07994    2.23    2.55    2.95
20-07-2024 08:31:35.52  143.63  -0.010  27.346   32.688   91.8  10.72  14.000   -0.07550    2.22    2.36    3.14
20-07-2024 08:31:35.77  143.69  -0.010  27.349   32.690   91.8  10.72  14.000   -0.06291    1.93    2.05    3.43
20-07-2024 08:31:36.02  143.75  -0.009  27.352   32.693   91.8  10.72  14.000   -0.07179    2.24    2.46    2.91
20-07-2024 08:31:36.27  143.84  -0.007  27.351   32.691   91.8  10.72  14.000   -0.08438    2.24    2.46    2.91
20-07-2024 08:31:36.52  143.91  -0.007  27.353   32.692   91.8  10.72  14.000   -0.08142    2.28    2.68    3.23
20-07-2024 08:31:36.76  143.99  -0.006  27.353   32.691   91.8  10.71  14.000   -0.06587    1.74    2.16    3.38
20-07-2024 08:31:37.01  144.09  -0.006  27.353   32.691   91.8  10.71  14.000   -0.05773    2.15    2.45    3.16
20-07-2024 08:31:37.25  144.16  -0.005  27.353   32.691   91.8  10.71  14.000   -0.07402    1.88    2.43    3.18
20-07-2024 08:31:37.50  144.22  -0.006  27.353   32.691   91.8  10.71  14.000   -0.06735    2.07    2.29    2.88
20-07-2024 08:31:37.74  144.29  -0.005  27.355   32.693   91.8  10.71  14.000   -0.06069    2.00    2.41    3.00
20-07-2024 08:31:37.99  144.37  -0.005  27.356   32.693   91.8  10.71  14.000   -0.07328    2.00    2.41    3.00
20-07-2024 08:31:38.23  144.43  -0.004  27.353   32.690   91.8  10.71  14.000   -0.06957    1.81    2.34    3.00
20-07-2024 08:31:38.48  144.54  -0.004  27.355   32.692   91.7  10.71  14.000   -0.07476    3.03    2.26    3.15
20-07-2024 08:31:38.72  144.59  -0.004  27.356   32.693   91.7  10.71  14.000   -0.05921    2.20    2.22    3.03
20-07-2024 08:31:38.97  144.66  -0.003  27.357   32.693   91.7  10.71  14.000   -0.06883    2.00    2.42    3.40
20-07-2024 08:31:39.21  144.74  -0.002  27.358   32.694   91.7  10.71  14.000   -0.07624    2.27    2.45    2.96
20-07-2024 08:31:39.46  144.82  -0.002  27.358   32.693   91.7  10.70  14.000   -0.07550    1.81    2.28    2.97
20-07-2024 08:31:39.71  144.88  -0.002  27.358   32.693   91.7  10.70  14.000   -0.07624    1.81    2.28    2.97
20-07-2024 08:31:39.95  144.99  -0.001  27.358   32.692   91.7  10.70  14.000   -0.05921    2.08    1.95    2.91
20-07-2024 08:31:40.20  145.04  -0.002  27.359   32.695   91.7  10.70  14.000   -0.06735    2.14    2.46    3.17
20-07-2024 08:31:40.45  145.13  -0.000  27.361   32.695   91.7  10.70  14.000   -0.05403    1.92    2.01    3.27
20-07-2024 08:31:40.69  145.20   0.001  27.361   32.694   91.7  10.70  14.000   -0.06883    2.19    2.16    2.80
20-07-2024 08:31:40.94  145.27   0.002  27.360   32.692   91.7  10.70  14.000   -0.06143    2.01    2.13    3.00
20-07-2024 08:31:41.19  145.36   0.001  27.360   32.693   91.7  10.70  14.000   -0.05033    2.10    2.61    3.22
20-07-2024 08:31:41.43  145.41   0.001  27.361   32.694   91.7  10.70  14.000   -0.05551    2.10    2.61    3.22
20-07-2024 08:31:41.67  145.48   0.001  27.361   32.694   91.7  10.70  14.000   -0.07253    2.10    2.05    3.40
20-07-2024 08:31:41.92  145.56   0.001  27.362   32.695   91.6  10.70  14.000   -0.06661    2.50    2.19    3.26
20-07-2024 08:31:42.16  145.65   0.002  27.362   32.695   91.7  10.70  14.000   -0.06735    1.96    1.92    3.21
20-07-2024 08:31:42.41  145.73   0.002  27.362   32.694   91.7  10.70  14.000   -0.05921    2.02    2.42    3.39
20-07-2024 08:31:42.65  145.78   0.002  27.364   32.696   91.6  10.69  14.000   -0.06809    2.10    2.22    3.00
20-07-2024 08:31:42.90  145.87   0.003  27.364   32.695   91.6  10.69  14.000   -0.07105    2.10    2.22    3.00
20-07-2024 08:31:43.14  145.92   0.003  27.365   32.696   91.6  10.69  14.000   -0.06883    1.78    2.62    3.26
20-07-2024 08:31:43.40  146.02   0.005  27.366   32.696   91.6  10.69  14.000   -0.08364    1.92    2.20    3.03
20-07-2024 08:31:43.64  146.10   0.004  27.367   32.698   91.6  10.69  14.000   -0.05847    2.08    2.45    3.46
20-07-2024 08:31:43.89  146.15   0.005  27.367   32.697   91.6  10.69  14.000   -0.07179    2.06    2.69    3.21
20-07-2024 08:31:44.14  146.26   0.007  27.368   32.696   91.6  10.69  14.000   -0.08290    2.12    2.41    3.14
20-07-2024 08:31:44.38  146.31   0.006  27.368   32.697   91.6  10.69  14.000   -0.07476    1.89    2.10    3.31
20-07-2024 08:31:44.63  146.41   0.007  27.368   32.696   91.6  10.69  14.000   -0.06217    2.15    1.64    3.41
20-07-2024 08:31:44.87  146.47   0.007  27.369   32.697   91.6  10.68  14.000   -0.08216    2.15    1.64    3.41
20-07-2024 08:31:45.12  146.53   0.007  27.369   32.697   91.6  10.69  14.000   -0.07994    2.08    2.49    3.02
20-07-2024 08:31:45.36  146.65   0.007  27.368   32.696   91.6  10.69  14.000   -0.06217    2.00    2.37    3.19
20-07-2024 08:31:45.61  146.71   0.008  27.369   32.696   91.6  10.69  14.000   -0.07550    2.13    2.31    3.24
20-07-2024 08:31:45.85  146.76   0.008  27.369   32.696   91.6  10.68  14.000   -0.07698    2.08    1.79    3.09
20-07-2024 08:31:46.10  146.84   0.008  27.370   32.697   91.6  10.68  14.000   -0.05995    1.89    2.50    3.47
20-07-2024 08:31:46.34  146.93   0.009  27.371   32.697   91.5  10.68  14.000   -0.07624    1.89    2.50    3.47
20-07-2024 08:31:46.59  146.99   0.009  27.371   32.698   91.6  10.68  14.000   -0.08808    2.37    2.35    3.03
20-07-2024 08:31:46.83  147.06   0.010  27.371   32.696   91.5  10.68  14.000   -0.05699    2.31    2.32    3.02
20-07-2024 08:31:47.08  147.15   0.009  27.370   32.696   91.5  10.68  14.000   -0.07994    2.33    2.01    3.25
20-07-2024 08:31:47.33  147.23   0.009  27.371   32.696   91.5  10.68  14.000   -0.07994    1.77    2.19    3.32
20-07-2024 08:31:47.58  147.29   0.009  27.371   32.697   91.5  10.68  14.000   -0.07550    2.01    2.63    3.06
20-07-2024 08:31:47.82  147.40   0.009  27.371   32.697   91.5  10.68  14.000   -0.07920    2.02    2.20    3.26
20-07-2024 08:31:48.07  147.47   0.009  27.370   32.696   91.5  10.68  14.000   -0.07031    2.18    1.89    3.16
20-07-2024 08:31:48.31  147.54   0.009  27.371   32.697   91.5  10.68  14.000   -0.07179    2.18    1.89    3.16
20-07-2024 08:31:48.56  147.60   0.009  27.372   32.698   91.5  10.68  14.000   -0.07179    1.93    2.30    3.39
20-07-2024 08:31:48.80  147.69   0.010  27.373   32.698   91.5  10.68  14.000   -0.07105    2.27    2.40    3.20
20-07-2024 08:31:49.05  147.79   0.010  27.373   32.698   91.5  10.67  14.000   -0.06069    2.06    1.59    3.06
20-07-2024 08:31:49.29  147.85   0.010  27.375   32.701   91.5  10.67  14.000   -0.06439    1.98    1.86    3.27
20-07-2024 08:31:49.54  147.93   0.012  27.379   32.704   91.5  10.67  14.000   -0.06217    2.01    2.21    2.73
20-07-2024 08:31:49.78  148.00   0.015  27.382   32.705   91.5  10.67  14.000   -0.06217    2.01    2.21    2.73
20-07-2024 08:31:50.03  148.08   0.018  27.383   32.703   91.5  10.67  14.000   -0.08290    1.95    2.41    2.99
20-07-2024 08:31:50.28  148.17   0.019  27.384   32.703   91.5  10.67  14.000   -0.06143    2.42    2.10    2.90
20-07-2024 08:31:50.52  148.23   0.019  27.384   32.702   91.5  10.67  14.000   -0.06735    2.17    1.96    3.24
20-07-2024 08:31:50.77  148.30   0.020  27.384   32.702   91.5  10.67  14.000   -0.05477    2.23    2.56    3.15
20-07-2024 08:31:51.02  148.38   0.020  27.386   32.704   91.4  10.67  14.000   -0.05551    2.12    2.34    3.00
20-07-2024 08:31:51.27  148.48   0.021  27.386   32.704   91.4  10.67  14.000   -0.05995    2.08    2.24    2.91
20-07-2024 08:31:51.51  148.57   0.022  27.387   32.704   91.5  10.67  14.000   -0.08512    2.08    2.24    2.91
20-07-2024 08:31:51.76  148.63   0.023  27.387   32.703   91.4  10.66  14.000   -0.06735    1.82    2.37    3.32
20-07-2024 08:31:52.01  148.69   0.023  27.388   32.704   91.4  10.66  14.000   -0.06069    2.29    2.51    3.04
20-07-2024 08:31:52.25  148.77   0.025  27.391   32.706   91.4  10.66  14.000   -0.05625    2.04    2.22    3.20
20-07-2024 08:31:52.49  148.86   0.026  27.393   32.707   91.4  10.66  14.000   -0.05995    2.01    2.54    3.17
20-07-2024 08:31:52.74  148.90   0.028  27.396   32.709   91.4  10.66  14.000   -0.07846    2.20    2.29    3.30
20-07-2024 08:31:52.98  149.00   0.029  27.399   32.711   91.4  10.66  14.000   -0.06661    1.95    2.38    2.96
20-07-2024 08:31:53.23  149.09   0.031  27.398   32.709   91.4  10.66  14.000   -0.07179    1.95    2.38    2.96
20-07-2024 08:31:53.47  149.15   0.032  27.399   32.708   91.4  10.66  14.000   -0.06291    2.18    2.67    3.23
20-07-2024 08:31:53.72  149.24   0.033  27.400   32.708   91.4  10.66  14.000   -0.06513    2.17    2.55    3.11
20-07-2024 08:31:53.97  149.31   0.034  27.400   32.708   91.4  10.66  14.000   -0.07994    1.83    2.14    3.34
20-07-2024 08:31:54.21  149.40   0.034  27.401   32.709   91.4  10.66  14.000   -0.06439    2.10    1.74    3.15
20-07-2024 08:31:54.46  149.47   0.035  27.402   32.710   91.4  10.66  14.000   -0.06735    2.28    2.53    2.82
20-07-2024 08:31:54.70  149.58   0.035  27.403   32.709   91.4  10.66  14.000   -0.07698    1.98    1.97    3.09
20-07-2024 08:31:54.95  149.64   0.036  27.405   32.711   91.4  10.66  14.000   -0.07920    1.98    1.97    3.09
20-07-2024 08:31:55.20  149.70   0.037  27.404   32.710   91.4  10.66  14.000   -0.06143    2.12    2.69    3.30
20-07-2024 08:31:55.44  149.78   0.037  27.404   32.709   91.4  10.66  14.000   -0.06291    1.86    2.62    3.50
20-07-2024 08:31:55.69  149.85   0.038  27.405   32.710   91.4  10.66  14.000   -0.06069    2.24    2.54    3.18
20-07-2024 08:31:55.93  149.94   0.039  27.406   32.710   91.4  10.65  14.000   -0.05625    1.90    1.92    3.27
20-07-2024 08:31:56.18  149.99   0.039  27.406   32.709   91.4  10.65  14.000   -0.07698    1.93    2.18    3.69
20-07-2024 08:31:56.42  150.11   0.039  27.406   32.710   91.4  10.66  14.000   -0.06587    2.12    1.85    3.53
20-07-2024 08:31:56.67  150.15   0.039  27.406   32.709   91.4  10.65  14.000   -0.05847    2.12    1.85    3.53
20-07-2024 08:31:56.91  150.23   0.039  27.405   32.709   91.4  10.65  14.000   -0.05921    2.26    2.03    2.97
20-07-2024 08:31:57.16  150.31   0.039  27.407   32.711   91.4  10.65  14.000   -0.06883    1.91    2.29    3.20
20-07-2024 08:31:57.40  150.40   0.040  27.409   32.713   91.4  10.65  14.000   -0.06143    2.04    2.54    3.04
20-07-2024 08:31:57.65  150.46   0.041  27.409   32.712   91.4  10.65  14.000   -0.07772    2.27    2.45    2.92
20-07-2024 08:31:57.90  150.55   0.041  27.410   32.712   91.4  10.65  14.000   -0.06069    2.05    2.53    3.18
20-07-2024 08:31:58.15  150.61   0.042  27.412   32.714   91.4  10.65  14.000   -0.09030    1.96    2.64    2.89
20-07-2024 08:31:58.39  150.72   0.044  27.414   32.715   91.3  10.65  14.000   -0.06809    1.96    2.64    2.89
20-07-2024 08:31:58.64  150.79   0.046  27.418   32.717   91.3  10.65  14.000   -0.07328    2.39    2.53    3.14
20-07-2024 08:31:58.89  150.86   0.048  27.419   32.717   91.4  10.65  14.000   -0.05255    2.21    1.69    3.12
20-07-2024 08:31:59.13  150.92   0.049  27.421   32.718   91.3  10.64  14.000   -0.06365    2.42    1.93    3.22
20-07-2024 08:31:59.38  151.01   0.052  27.423   32.718   91.3  10.64  14.000   -0.05551    2.11    2.06    3.06
20-07-2024 08:31:59.62  151.07   0.054  27.425   32.718   91.3  10.64  14.000   -0.07328    1.78    2.27    3.19
20-07-2024 08:31:59.87  151.16   0.055  27.426   32.717   91.3  10.64  14.000   -0.06661    2.24    2.18    3.56
20-07-2024 08:32:00.11  151.21   0.057  27.427   32.718   91.4  10.64  14.000   -0.07402    2.24    2.18    3.56
20-07-2024 08:32:00.36  151.31   0.057  27.428   32.718   91.3  10.64  14.000   -0.08734    2.06    2.63    3.12
20-07-2024 08:32:00.60  151.38   0.057  27.427   32.717   91.3  10.64  14.000   -0.07476    2.38    2.33    3.10
20-07-2024 08:32:00.85  151.46   0.058  27.427   32.717   91.3  10.64  14.000   -0.06513    2.12    2.10    3.22
20-07-2024 08:32:01.09  151.51   0.058  27.428   32.717   91.3  10.64  14.000   -0.06661    1.89    2.47    3.32
20-07-2024 08:32:01.34  151.60   0.058  27.428   32.717   91.3  10.64  14.000   -0.07550    1.88    2.57    3.18
20-07-2024 08:32:01.59  151.67   0.059  27.429   32.718   91.3  10.64  14.000   -0.08734    2.28    2.41    3.27
20-07-2024 08:32:01.84  151.77   0.059  27.430   32.718   91.3  10.64  14.000   -0.07846    2.28    2.41    3.27
20-07-2024 08:32:02.08  151.81   0.060  27.430   32.718   91.3  10.64  14.000   -0.06069    2.07    2.65    3.01
20-07-2024 08:32:02.33  151.90   0.060  27.431   32.719   91.3  10.63  14.000   -0.05551    1.89    2.18    3.10
20-07-2024 08:32:02.58  152.00   0.060  27.433   32.721   91.3  10.63  14.000   -0.07994    1.92    2.15    3.23
20-07-2024 08:32:02.82  152.08   0.062  27.435   32.722   91.3  10.63  14.000   -0.05625    1.92    2.03    3.12
20-07-2024 08:32:03.08  152.15   0.063  27.435   32.720   91.3  10.63  14.000   -0.07846    2.09    2.39    3.14
20-07-2024 08:32:03.31  152.21   0.064  27.437   32.722   91.3  10.63  14.000   -0.06957    1.87    2.25    3.08
20-07-2024 08:32:03.56  152.29   0.065  27.438   32.722   91.3  10.63  14.000   -0.05551    1.87    2.25    3.08
20-07-2024 08:32:03.80  152.38   0.066  27.438   32.721   91.3  10.63  14.000   -0.07550    1.86    2.07    3.18
20-07-2024 08:32:04.05  152.43   0.066  27.440   32.723   91.3  10.63  14.000   -0.06365    2.01    2.10    3.04
20-07-2024 08:32:04.29  152.52   0.068  27.439   32.721   91.2  10.63  14.000   -0.06587    2.29    2.57    3.19
20-07-2024 08:32:04.54  152.58   0.068  27.441   32.723   91.2  10.62  14.000   -0.07031    1.88    2.33    3.24
20-07-2024 08:32:04.78  152.68   0.069  27.441   32.722   91.2  10.63  14.000   -0.04737    1.98    2.13    3.10
20-07-2024 08:32:05.03  152.77   0.069  27.441   32.722   91.2  10.63  14.000   -0.05847    2.25    2.20    2.91
20-07-2024 08:32:05.27  152.81   0.069  27.441   32.721   91.2  10.62  14.000   -0.05699    2.25    2.20    2.91
20-07-2024 08:32:05.52  152.88   0.069  27.442   32.723   91.2  10.62  14.000   -0.07031    2.06    1.98    2.97
20-07-2024 08:32:05.77  152.97   0.069  27.441   32.722   91.2  10.62  14.000   -0.07402    2.18    2.59    2.99
20-07-2024 08:32:06.02  153.06   0.070  27.442   32.723   91.2  10.62  14.000   -0.07846    1.79    2.44    3.50
20-07-2024 08:32:06.26  153.11   0.070  27.442   32.722   91.2  10.62  14.000   -0.06217    1.81    2.64    2.96
20-07-2024 08:32:06.51  153.20   0.070  27.443   32.723   91.2  10.62  14.000   -0.04885    2.21    2.18    3.28
20-07-2024 08:32:06.75  153.26   0.071  27.444   32.723   91.2  10.62  14.000   -0.06217    1.94    2.18    3.29
20-07-2024 08:32:07.00  153.34   0.072  27.446   32.725   91.2  10.62  14.000   -0.06587    1.94    2.18    3.29
20-07-2024 08:32:07.24  153.42   0.072  27.444   32.722   91.2  10.62  14.000   -0.05625    2.26    1.99    3.02
20-07-2024 08:32:07.49  153.47   0.072  27.445   32.723   91.1  10.61  14.000   -0.07994    2.27    2.39    3.58
20-07-2024 08:32:07.73  153.56   0.073  27.445   32.723   91.2  10.62  14.000   -0.07772    2.24    2.33    2.92
20-07-2024 08:32:07.98  153.63   0.073  27.445   32.723   91.1  10.61  14.000   -0.05255    2.15    2.62    3.20
20-07-2024 08:32:08.22  153.72   0.073  27.446   32.725   91.1  10.61  14.000   -0.07253    1.92    2.12    2.98
20-07-2024 08:32:08.47  153.78   0.074  27.446   32.723   91.1  10.61  14.000   -0.06439    2.12    2.13    3.47
20-07-2024 08:32:08.71  153.84   0.073  27.446   32.723   91.1  10.61  14.000   -0.07031    2.12    2.13    3.47
20-07-2024 08:32:08.96  153.92   0.073  27.448   32.726   91.1  10.61  14.000   -0.07920    2.19    2.62    3.31
20-07-2024 08:32:09.21  154.00   0.075  27.450   32.727   91.1  10.61  14.000   -0.06809    1.91    2.13    3.44
20-07-2024 08:32:09.45  154.07   0.076  27.450   32.726   91.1  10.61  14.000   -0.08364    2.20    1.99    2.83
20-07-2024 08:32:09.70  154.15   0.077  27.451   32.726   91.1  10.61  14.000   -0.05107    2.26    2.47    2.93
20-07-2024 08:32:09.95  154.23   0.077  27.452   32.727   91.1  10.61  14.000   -0.07179    1.94    2.72    3.13
20-07-2024 08:32:10.19  154.32   0.078  27.452   32.726   91.1  10.60  14.000   -0.06809    2.61    2.16    3.17
20-07-2024 08:32:10.44  154.38   0.079  27.455   32.729   91.1  10.60  14.000   -0.06291    2.61    2.16    3.17
20-07-2024 08:32:10.68  154.47   0.081  27.456   32.728   91.1  10.60  14.000   -0.07550    2.26    2.34    3.14
20-07-2024 08:32:10.93  154.50   0.081  27.457   32.729   91.0  10.60  14.000   -0.06513    2.01    2.58    2.89
20-07-2024 08:32:11.17  154.62   0.082  27.457   32.727   91.0  10.60  14.000   -0.07253    1.99    2.73    3.18
20-07-2024 08:32:11.42  154.67   0.083  27.459   32.729   91.0  10.60  14.000   -0.07328    2.18    2.46    3.34
20-07-2024 08:32:11.66  154.73   0.084  27.459   32.729   91.0  10.60  14.000   -0.07772    2.16    2.13    3.11
20-07-2024 08:32:11.91  154.80   0.085  27.459   32.728   91.0  10.60  14.000   -0.06365    2.04    2.25    3.31
20-07-2024 08:32:12.15  154.88   0.085  27.460   32.728   91.0  10.60  14.000   -0.07179    2.04    2.25    3.31
20-07-2024 08:32:12.40  154.97   0.085  27.460   32.728   91.0  10.60  14.000   -0.05773    2.10    2.32    3.18
20-07-2024 08:32:12.65  155.07   0.085  27.460   32.729   91.0  10.60  14.000   -0.07920    1.92    2.20    3.27
20-07-2024 08:32:12.90  155.13   0.086  27.462   32.730   91.0  10.59  14.000   -0.05551    2.18    2.15    3.46
20-07-2024 08:32:13.14  155.22   0.086  27.461   32.728   91.0  10.59  14.000   -0.06883    1.96    2.37    2.99
20-07-2024 08:32:13.39  155.28   0.086  27.462   32.729   91.0  10.59  14.000   -0.05699    1.87    2.44    2.96
20-07-2024 08:32:13.64  155.34   0.086  27.461   32.729   91.0  10.59  14.000   -0.06661    1.92    2.39    3.22
20-07-2024 08:32:13.88  155.40   0.087  27.463   32.730   91.0  10.59  14.000   -0.07402    1.92    2.39    3.22
20-07-2024 08:32:14.13  155.51   0.087  27.463   32.730   91.0  10.59  14.000   -0.05625    2.14    2.21    3.10
20-07-2024 08:32:14.37  155.57   0.088  27.463   32.730   91.0  10.59  14.000   -0.07253    1.97    1.79    3.13
20-07-2024 08:32:14.62  155.67   0.088  27.465   32.731   91.0  10.59  14.000   -0.08216    2.48    2.12    3.29
20-07-2024 08:32:14.86  155.74   0.089  27.464   32.729   91.0  10.59  14.000   -0.07402    2.00    2.57    3.02
20-07-2024 08:32:15.11  155.80   0.089  27.464   32.729   91.0  10.59  14.000   -0.07550    2.09    2.35    3.45
20-07-2024 08:32:15.35  155.86   0.089  27.466   32.732   90.9  10.58  14.000   -0.04959    1.99    2.33    3.28
20-07-2024 08:32:15.60  155.96   0.090  27.468   32.733   90.9  10.59  14.000   -0.07179    1.99    2.33    3.28
20-07-2024 08:32:15.84  156.01   0.091  27.470   32.735   90.9  10.58  14.000   -0.06735    2.17    2.43    3.23
20-07-2024 08:32:16.09  156.08   0.093  27.471   32.734   90.9  10.58  14.000   -0.07179    2.20    2.11    3.06
20-07-2024 08:32:16.33  156.17   0.094  27.472   32.735   90.9  10.58  14.000   -0.07328    1.96    2.33    3.28
20-07-2024 08:32:16.59  156.23   0.095  27.473   32.733   90.9  10.58  14.000   -0.07031    2.02    2.57    3.28
20-07-2024 08:32:16.83  156.31   0.096  27.474   32.735   90.9  10.58  14.000   -0.09474    1.92    1.91    3.35
20-07-2024 08:32:17.08  156.38   0.096  27.474   32.733   90.9  10.58  14.000   -0.05773    2.18    1.82    3.09
20-07-2024 08:32:17.32  156.45   0.097  27.475   32.735   90.9  10.58  14.000   -0.07179    2.18    1.82    3.09
20-07-2024 08:32:17.57  156.52   0.097  27.475   32.735   90.9  10.58  14.000   -0.07920    1.91    2.35    3.23
20-07-2024 08:32:17.82  156.62   0.097  27.475   32.734   90.9  10.58  14.000   -0.06513    2.34    1.92    3.25
20-07-2024 08:32:18.06  156.68   0.098  27.476   32.735   90.9  10.58  14.000   -0.06735    1.97    2.03    2.82
20-07-2024 08:32:18.31  156.74   0.098  27.476   32.735   90.9  10.58  14.000   -0.07476    1.90    2.38    2.79
20-07-2024 08:32:18.55  156.81   0.098  27.477   32.736   90.9  10.58  14.000   -0.05477    2.15    2.52    3.27
20-07-2024 08:32:18.80  156.92   0.099  27.476   32.735   90.9  10.57  14.000   -0.06069    1.92    2.16    3.23
20-07-2024 08:32:19.04  156.96   0.099  27.478   32.736   90.9  10.58  14.000   -0.06735    1.92    2.16    3.23
20-07-2024 08:32:19.29  157.07   0.100  27.479   32.737   90.9  10.57  14.000   -0.06439    2.07    2.24    3.10
20-07-2024 08:32:19.53  157.11   0.100  27.478   32.735   90.9  10.57  14.000   -0.09696    2.04    2.55    3.15
20-07-2024 08:32:19.78  157.19   0.100  27.479   32.737   90.9  10.57  14.000   -0.06883    1.95    1.73    3.55
20-07-2024 08:32:20.02  157.25   0.101  27.479   32.736   90.9  10.57  14.000   -0.06809    1.92    2.13    2.80
20-07-2024 08:32:20.27  157.30   0.101  27.480   32.736   90.8  10.57  14.000   -0.06883    2.12    2.27    3.13
20-07-2024 08:32:20.52  157.40   0.101  27.480   32.737   90.8  10.57  14.000   -0.06513    1.85    2.61    2.95
20-07-2024 08:32:20.77  157.50   0.102  27.482   32.738   90.8  10.57  14.000   -0.07031    1.85    2.61    2.95
20-07-2024 08:32:21.01  157.54   0.102  27.481   32.737   90.8  10.57  14.000   -0.07031    1.74    2.21    2.97
20-07-2024 08:32:21.26  157.64   0.103  27.482   32.736   90.8  10.57  14.000   -0.07031    1.92    2.18    3.05
20-07-2024 08:32:21.50  157.72   0.104  27.482   32.736   90.8  10.57  14.000   -0.06439    1.99    2.63    3.32
20-07-2024 08:32:21.75  157.79   0.104  27.483   32.737   90.8  10.57  14.000   -0.06291    1.97    1.99    3.01
20-07-2024 08:32:21.99  157.85   0.105  27.485   32.739   90.8  10.57  14.000   -0.06513    2.14    2.10    2.87
20-07-2024 08:32:22.24  157.94   0.106  27.487   32.740   90.8  10.57  14.000   -0.06439    2.07    2.44    3.22
20-07-2024 08:32:22.48  158.02   0.107  27.486   32.738   90.8  10.57  14.000   -0.06809    2.07    2.44    3.22
20-07-2024 08:32:22.73  158.07   0.108  27.488   32.739   90.8  10.57  14.000   -0.06587    1.86    2.61    2.95
20-07-2024 08:32:22.97  158.16   0.109  27.488   32.739   90.8  10.56  14.000   -0.07105    2.26    2.20    3.26
20-07-2024 08:32:23.22  158.21   0.109  27.488   32.738   90.8  10.56  14.000   -0.06439    2.03    2.54    3.39
20-07-2024 08:32:23.47  158.31   0.109  27.489   32.739   90.8  10.56  14.000   -0.07698    1.65    2.65    3.40
20-07-2024 08:32:23.71  158.35   0.110  27.490   32.739   90.8  10.56  14.000   -0.06957    2.20    2.30    3.31
20-07-2024 08:32:23.96  158.49   0.111  27.491   32.740   90.8  10.56  14.000   -0.05847    2.16    1.86    3.43
20-07-2024 08:32:24.21  158.52   0.111  27.491   32.740   90.8  10.56  14.000   -0.06143    2.16    1.86    3.43
20-07-2024 08:32:24.46  158.61   0.112  27.492   32.740   90.8  10.56  14.000   -0.06957    1.77    2.02    3.02
20-07-2024 08:32:24.70  158.66   0.112  27.492   32.741   90.8  10.56  14.000   -0.07550    2.32    2.06    3.16
20-07-2024 08:32:24.94  158.74   0.112  27.494   32.741   90.8  10.56  14.000   -0.06661    1.88    2.15    3.13
20-07-2024 08:32:25.20  158.84   0.113  27.494   32.742   90.8  10.56  14.000   -0.08364    2.10    1.94    2.77
20-07-2024 08:32:25.44  158.92   0.114  27.496   32.743   90.8  10.56  14.000   -0.06291    1.76    2.24    3.07
20-07-2024 08:32:25.68  158.98   0.115  27.497   32.742   90.8  10.56  14.000   -0.06957    1.84    2.05    3.17
20-07-2024 08:32:25.92  159.07   0.116  27.498   32.743   90.8  10.56  14.000   -0.07994    1.84    2.05    3.17
20-07-2024 08:32:26.17  159.14   0.117  27.498   32.742   90.7  10.55  14.000   -0.07328    2.19    2.47    3.28
20-07-2024 08:32:26.42  159.18   0.118  27.498   32.742   90.8  10.56  14.000   -0.06513    2.06    2.33    3.04
20-07-2024 08:32:26.66  159.26   0.118  27.499   32.742   90.8  10.55  14.000   -0.07328    2.14    2.19    3.13
20-07-2024 08:32:26.91  159.36   0.118  27.499   32.743   90.7  10.55  14.000   -0.06291    2.12    2.68    3.11
20-07-2024 08:32:27.15  159.40   0.118  27.499   32.743   90.8  10.55  14.000   -0.05699    2.16    1.97    2.86
20-07-2024 08:32:27.39  159.47   0.118  27.500   32.743   90.7  10.55  14.000   -0.06217    2.16    1.97    2.86
20-07-2024 08:32:27.65  159.55   0.118  27.500   32.743   90.7  10.55  14.000   -0.07476    1.92    2.09    3.12
20-07-2024 08:32:27.89  159.63   0.119  27.501   32.743   90.7  10.55  14.000   -0.08216    2.26    2.29    3.31
20-07-2024 08:32:28.14  159.72   0.119  27.500   32.743   90.7  10.55  14.000   -0.08956    2.22    2.66    3.11
20-07-2024 08:32:28.39  159.80   0.119  27.501   32.743   90.7  10.55  14.000   -0.06957    2.01    2.45    2.92
20-07-2024 08:32:28.63  159.87   0.119  27.500   32.743   90.7  10.55  14.000   -0.07031    2.06    2.45    3.14
20-07-2024 08:32:28.88  159.93   0.119  27.500   32.742   90.7  10.55  14.000   -0.08142    1.84    2.38    3.05
20-07-2024 08:32:29.12  160.04   0.119  27.501   32.743   90.7  10.55  14.000   -0.07031    1.84    2.38    3.05
20-07-2024 08:32:29.37  160.12   0.119  27.501   32.743   90.7  10.55  14.000   -0.06735    2.32    2.53    3.21
20-07-2024 08:32:29.61  160.17   0.120  27.503   32.745   90.7  10.55  14.000   -0.05921    1.97    2.21    3.25
20-07-2024 08:32:29.86  160.26   0.120  27.502   32.744   90.7  10.55  14.000   -0.08512    2.13    2.43    2.96
20-07-2024 08:32:30.10  160.33   0.120  27.502   32.743   90.7  10.54  14.000   -0.07031    1.89    2.43    3.34
20-07-2024 08:32:30.35  160.40   0.121  27.503   32.744   90.7  10.55  14.000   -0.07624    2.29    2.28    3.23
20-07-2024 08:32:30.59  160.45   0.121  27.504   32.745   90.7  10.54  14.000   -0.06439    2.14    2.30    3.25
20-07-2024 08:32:30.84  160.52   0.121  27.505   32.745   90.7  10.54  14.000   -0.06661    2.14    2.30    3.25
20-07-2024 08:32:31.08  160.61   0.122  27.505   32.744   90.7  10.54  14.000   -0.07476    2.38    2.65    2.86
20-07-2024 08:32:31.34  160.68   0.123  27.506   32.745   90.7  10.54  14.000   -0.06735    2.01    2.12    3.46
20-07-2024 08:32:31.58  160.79   0.123  27.506   32.746   90.7  10.54  14.000   -0.07105    2.09    1.73    3.09
20-07-2024 08:32:31.83  160.85   0.124  27.507   32.745   90.7  10.54  14.000   -0.07105    1.85    2.17    3.31
20-07-2024 08:32:32.08  160.94   0.124  27.507   32.745   90.6  10.54  14.000   -0.07920    2.29    2.58    3.30
20-07-2024 08:32:32.32  161.02   0.125  27.510   32.747   90.7  10.54  14.000   -0.06735    2.22    2.82    3.28
20-07-2024 08:32:32.57  161.08   0.127  27.510   32.746   90.6  10.54  14.000   -0.08216    2.22    2.82    3.28
20-07-2024 08:32:32.81  161.18   0.127  27.511   32.747   90.7  10.54  14.000   -0.07105    2.05    1.97    3.08
20-07-2024 08:32:33.06  161.26   0.128  27.512   32.747   90.7  10.54  14.000   -0.07328    1.93    2.15    3.15
20-07-2024 08:32:33.30  161.31   0.128  27.512   32.747   90.6  10.54  14.000   -0.06439    2.10    2.50    3.28
20-07-2024 08:32:33.55  161.37   0.128  27.512   32.747   90.6  10.54  14.000   -0.05329    1.98    2.58    3.04
20-07-2024 08:32:33.79  161.49   0.128  27.513   32.749   90.6  10.54  14.000   -0.07179    2.16    2.21    3.36
20-07-2024 08:32:34.04  161.56   0.129  27.513   32.747   90.6  10.54  14.000   -0.06661    2.25    1.88    3.16
20-07-2024 08:32:34.28  161.61   0.129  27.514   32.749   90.6  10.54  14.000   -0.07328    2.25    1.88    3.16
20-07-2024 08:32:34.53  161.66   0.130  27.515   32.749   90.6  10.54  14.000   -0.07920    1.99    2.38    3.04
20-07-2024 08:32:34.77  161.77   0.130  27.515   32.749   90.7  10.54  14.000   -0.07328    2.15    2.33    3.08
20-07-2024 08:32:35.02  161.81   0.130  27.515   32.748   90.6  10.54  14.000   -0.08364    1.84    2.24    2.95
20-07-2024 08:32:35.27  161.92   0.131  27.515   32.748   90.6  10.54  14.000   -0.05921    2.03    2.36    3.28
20-07-2024 08:32:35.52  161.99   0.131  27.515   32.749   90.6  10.54  14.000   -0.06587    1.98    2.30    3.26
20-07-2024 08:32:35.76  162.05   0.131  27.516   32.749   90.6  10.54  14.000   -0.06291    2.08    1.98    3.16
20-07-2024 08:32:36.02  162.12   0.131  27.516   32.749   90.6  10.53  14.000   -0.07698    2.23    2.18    3.13
20-07-2024 08:32:36.25  162.20   0.132  27.517   32.749   90.6  10.53  14.000   -0.05847    2.23    2.18    3.13
20-07-2024 08:32:36.50  162.28   0.132  27.517   32.749   90.6  10.53  14.000   -0.04811    2.29    2.40    3.33
20-07-2024 08:32:36.74  162.35   0.132  27.517   32.749   90.6  10.53  14.000   -0.07402    2.04    2.42    3.26
20-07-2024 08:32:36.99  162.46   0.132  27.517   32.749   90.6  10.53  14.000   -0.05551    2.04    1.97    3.05
20-07-2024 08:32:37.23  162.51   0.133  27.517   32.749   90.6  10.53  14.000   -0.06957    2.17    1.95    3.13
20-07-2024 08:32:37.48  162.53   0.133  27.517   32.748   90.6  10.53  14.000   -0.05773    2.09    2.36    3.24
20-07-2024 08:32:37.72  162.61   0.132  27.518   32.750   90.6  10.53  14.000   -0.08438    2.09    2.36    3.24
20-07-2024 08:32:37.97  162.73   0.133  27.518   32.749   90.6  10.53  14.000   -0.07105    2.25    2.53    3.06
20-07-2024 08:32:38.21  162.81   0.133  27.520   32.751   90.6  10.53  14.000   -0.07179    2.11    2.28    3.23
20-07-2024 08:32:38.46  162.88   0.134  27.519   32.749   90.6  10.53  14.000   -0.07328    2.21    2.40    2.91
20-07-2024 08:32:38.71  162.93   0.134  27.520   32.750   90.6  10.53  14.000   -0.06439    2.01    2.08    3.05
20-07-2024 08:32:38.96  163.02   0.134  27.521   32.752   90.6  10.53  14.000   -0.06587    2.19    2.35    3.62
20-07-2024 08:32:39.21  163.07   0.135  27.523   32.753   90.6  10.53  14.000   -0.08586    2.01    2.12    3.40
20-07-2024 08:32:39.45  163.19   0.137  27.525   32.754   90.6  10.53  14.000   -0.06439    2.01    2.12    3.40
20-07-2024 08:32:39.70  163.27   0.138  27.527   32.755   90.6  10.53  14.000   -0.07624    1.90    1.81    3.12
20-07-2024 08:32:39.94  163.29   0.140  27.530   32.756   90.6  10.53  14.000   -0.06661    2.09    2.61    3.09
20-07-2024 08:32:40.19  163.39   0.142  27.531   32.755   90.6  10.53  14.000   -0.06809    1.96    2.13    2.88
20-07-2024 08:32:40.43  163.44   0.144  27.533   32.757   90.6  10.53  14.000   -0.07179    2.20    2.54    2.92
20-07-2024 08:32:40.68  163.55   0.146  27.535   32.757   90.6  10.53  14.000   -0.06069    2.13    2.27    3.33
20-07-2024 08:32:40.92  163.61   0.147  27.537   32.758   90.6  10.53  14.000   -0.05773    2.35    2.17    3.19
20-07-2024 08:32:41.17  163.71   0.148  27.537   32.757   90.6  10.53  14.000   -0.06365    2.35    2.17    3.19
20-07-2024 08:32:41.41  163.76   0.149  27.537   32.756   90.6  10.53  14.000   -0.07846    1.94    2.70    3.19
20-07-2024 08:32:41.66  163.84   0.149  27.537   32.756   90.6  10.53  14.000   -0.05773    2.19    1.84    3.02
20-07-2024 08:32:41.90  163.91   0.150  27.538   32.757   90.6  10.53  14.000   -0.06365    2.16    2.26    3.17
20-07-2024 08:32:42.15  163.98   0.151  27.539   32.756   90.6  10.53  14.000   -0.05477    1.90    2.15    2.85
20-07-2024 08:32:42.40  164.06   0.151  27.541   32.759   90.6  10.53  14.000   -0.05625    1.99    2.45    3.04
20-07-2024 08:32:42.64  164.17   0.152  27.542   32.759   90.6  10.53  14.000   -0.06143    2.03    1.91    3.35
20-07-2024 08:32:42.89  164.22   0.153  27.543   32.759   90.6  10.53  14.000   -0.07846    2.03    1.91    3.35
20-07-2024 08:32:43.14  164.27   0.153  27.542   32.758   90.6  10.53  14.000   -0.07846    2.12    2.43    3.15
20-07-2024 08:32:43.38  164.35   0.154  27.543   32.758   90.6  10.52  14.000   -0.08216    2.07    2.40    2.88
20-07-2024 08:32:43.63  164.43   0.154  27.544   32.759   90.6  10.53  14.000   -0.07179    2.16    1.92    2.90
20-07-2024 08:32:43.87  164.46   0.156  27.544   32.758   90.6  10.52  14.000   -0.06513    2.17    2.41    3.14
20-07-2024 08:32:44.12  164.55   0.156  27.544   32.758   90.6  10.52  14.000   -0.06513    1.88    2.86    3.27
20-07-2024 08:32:44.36  164.61   0.156  27.545   32.758   90.6  10.52  14.000   -0.07772    1.90    2.26    2.98
20-07-2024 08:32:44.61  164.74   0.156  27.545   32.759   90.6  10.52  14.000   -0.07179    1.90    2.26    2.98
20-07-2024 08:32:44.85  164.76   0.157  27.545   32.759   90.6  10.52  14.000   -0.06735    2.07    2.70    3.08
20-07-2024 08:32:45.10  164.82   0.157  27.546   32.759   90.6  10.52  14.000   -0.08808    2.16    2.33    3.23
20-07-2024 08:32:45.34  164.91   0.157  27.547   32.760   90.6  10.52  14.000   -0.06439    2.15    2.30    2.89
20-07-2024 08:32:45.59  164.99   0.157  27.547   32.759   90.6  10.52  14.000   -0.06217    2.23    2.20    3.18
20-07-2024 08:32:45.83  165.09   0.158  27.547   32.759   90.6  10.52  14.000   -0.04885    2.14    2.30    2.96
20-07-2024 08:32:46.09  165.14   0.157  27.547   32.760   90.6  10.52  14.000   -0.07179    2.36    2.53    3.13
20-07-2024 08:32:46.33  165.19   0.158  27.548   32.761   90.6  10.52  14.000   -0.06217    2.36    2.53    3.13
20-07-2024 08:32:46.58  165.32   0.159  27.548   32.760   90.6  10.52  14.000   -0.07402    1.99    2.64    3.48
20-07-2024 08:32:46.83  165.36   0.159  27.548   32.760   90.6  10.52  14.000   -0.05477    1.89    2.07    3.01
20-07-2024 08:32:47.08  165.43   0.159  27.549   32.760   90.6  10.52  14.000   -0.07179    1.70    2.50    3.04
20-07-2024 08:32:47.32  165.50   0.160  27.549   32.760   90.5  10.52  14.000   -0.04737    1.91    2.26    3.33
20-07-2024 08:32:47.56  165.57   0.159  27.550   32.761   90.5  10.51  14.000   -0.05921    2.13    2.09    3.55
20-07-2024 08:32:47.81  165.66   0.160  27.549   32.760   90.5  10.51  14.000   -0.06439    1.91    1.85    3.05
20-07-2024 08:32:48.05  165.74   0.160  27.549   32.759   90.5  10.51  14.000   -0.07105    1.91    1.85    3.05
20-07-2024 08:32:48.30  165.80   0.160  27.549   32.760   90.5  10.51  14.000   -0.06439    2.04    2.32    3.11
20-07-2024 08:32:48.54  165.88   0.160  27.549   32.760   90.5  10.51  14.000   -0.07698    1.90    2.60    3.05
20-07-2024 08:32:48.79  165.95   0.160  27.550   32.761   90.5  10.51  14.000   -0.07846    2.21    2.80    3.16
20-07-2024 08:32:49.03  166.01   0.160  27.550   32.760   90.5  10.51  14.000   -0.06809    2.36    2.33    3.13
20-07-2024 08:32:49.28  166.05   0.161  27.551   32.761   90.5  10.51  14.000   -0.07624    2.09    2.55    2.85
20-07-2024 08:32:49.52  166.15   0.161  27.550   32.759   90.4  10.51  14.000   -0.07031    1.94    2.56    3.28
20-07-2024 08:32:49.78  166.20   0.161  27.551   32.761   90.5  10.51  14.000   -0.07550    1.94    2.56    3.28
20-07-2024 08:32:50.02  166.30   0.161  27.551   32.760   90.4  10.50  14.000   -0.06291    2.08    2.27    3.02
20-07-2024 08:32:50.27  166.36   0.161  27.551   32.761   90.5  10.51  14.000   -0.04515    2.40    2.06    3.38
20-07-2024 08:32:50.52  166.45   0.161  27.551   32.760   90.4  10.50  14.000   -0.07994    1.95    2.40    3.26
20-07-2024 08:32:50.76  166.48   0.162  27.552   32.761   90.4  10.50  14.000   -0.07105    1.97    2.54    3.06
20-07-2024 08:32:51.01  166.59   0.162  27.552   32.760   90.4  10.50  14.000   -0.07253    2.01    2.49    2.93
20-07-2024 08:32:51.25  166.59   0.162  27.553   32.762   90.4  10.50  14.000   -0.06735    2.35    2.18    3.25
20-07-2024 08:32:51.50  166.69   0.163  27.554   32.762   90.4  10.50  14.000   -0.06513    2.35    2.18    3.25
20-07-2024 08:32:51.74  166.79   0.164  27.555   32.762   90.4  10.50  14.000   -0.07253    2.12    2.48    3.11
20-07-2024 08:32:51.99  166.86   0.165  27.557   32.764   90.4  10.49  14.000   -0.07698    2.45    2.61    3.07
20-07-2024 08:32:52.23  166.93   0.166  27.557   32.762   90.4  10.49  14.000   -0.06217    2.06    2.20    3.15
20-07-2024 08:32:52.48  167.01   0.166  27.558   32.763   90.3  10.49  14.000   -0.05847    1.91    2.35    3.31
20-07-2024 08:32:52.72  167.06   0.167  27.559   32.764   90.3  10.49  14.000   -0.06883    2.26    1.68    3.24
20-07-2024 08:32:52.97  167.13   0.167  27.559   32.764   90.3  10.49  14.000   -0.06365    1.79    2.07    3.24
20-07-2024 08:32:53.21  167.20   0.168  27.558   32.763   90.3  10.49  14.000   -0.06735    1.79    2.07    3.24
20-07-2024 08:32:53.46  167.29   0.168  27.559   32.763   90.3  10.49  14.000   -0.08142    2.10    2.37    2.93
20-07-2024 08:32:53.71  167.36   0.168  27.559   32.763   90.3  10.49  14.000   -0.07476    2.29    2.36    3.08
20-07-2024 08:32:53.96  167.42   0.169  27.560   32.763   90.3  10.48  14.000   -0.05847    1.99    2.29    3.23
20-07-2024 08:32:54.20  167.51   0.169  27.560   32.763   90.3  10.48  14.000   -0.04885    1.88    2.63    2.91
20-07-2024 08:32:54.45  167.56   0.168  27.560   32.763   90.3  10.48  14.000   -0.06587    2.23    2.29    3.12
20-07-2024 08:32:54.69  167.69   0.168  27.560   32.763   90.2  10.48  14.000   -0.08068    2.32    1.98    3.30
20-07-2024 08:32:54.94  167.76   0.169  27.561   32.764   90.2  10.48  14.000   -0.08068    2.32    1.98    3.30
20-07-2024 08:32:55.18  167.82   0.169  27.560   32.763   90.2  10.48  14.000   -0.06809    1.90    2.28    2.81
20-07-2024 08:32:55.43  167.89   0.169  27.559   32.762   90.2  10.48  14.000   -0.07031    1.97    2.52    3.01
20-07-2024 08:32:55.67  167.97   0.169  27.560   32.763   90.2  10.48  14.000   -0.06809    2.17    2.26    3.04
20-07-2024 08:32:55.92  168.06   0.169  27.560   32.763   90.2  10.48  14.000   -0.05995    2.23    2.12    3.28
20-07-2024 08:32:56.16  168.09   0.169  27.562   32.765   90.2  10.47  14.000   -0.06735    1.89    2.29    3.06
20-07-2024 08:32:56.41  168.19   0.169  27.561   32.763   90.2  10.47  14.000   -0.04959    2.37    2.73    2.80
20-07-2024 08:32:56.65  168.27   0.169  27.561   32.764   90.2  10.47  14.000   -0.07846    2.37    2.73    2.80
20-07-2024 08:32:56.90  168.34   0.170  27.561   32.763   90.2  10.47  14.000   -0.06143    2.02    2.31    3.03
20-07-2024 08:32:57.15  168.43   0.170  27.561   32.763   90.2  10.47  14.000   -0.07846    2.10    2.15    3.00
20-07-2024 08:32:57.39  168.45   0.170  27.562   32.764   90.2  10.47  14.000   -0.07328    2.21    2.62    3.11
20-07-2024 08:32:57.64  168.57   0.170  27.562   32.765   90.2  10.47  14.000   -0.06809    2.07    2.43    3.25
20-07-2024 08:32:57.89  168.65   0.170  27.562   32.763   90.2  10.47  14.000   -0.06883    1.96    2.43    3.15
20-07-2024 08:32:58.14  168.72   0.170  27.562   32.764   90.1  10.47  14.000   -0.05403    2.12    2.25    3.02
20-07-2024 08:32:58.38  168.76   0.170  27.563   32.765   90.1  10.47  14.000   -0.06217    2.12    2.25    3.02
20-07-2024 08:32:58.62  168.84   0.170  27.564   32.766   90.1  10.46  14.000   -0.06883    2.43    2.38    3.24
20-07-2024 08:32:58.87  168.89   0.172  27.565   32.766   90.1  10.46  14.000   -0.08290    1.98    2.14    3.08
20-07-2024 08:32:59.11  169.00   0.172  27.566   32.767   90.1  10.46  14.000   -0.07105    1.98    2.46    3.23
20-07-2024 08:32:59.36  169.07   0.173  27.568   32.768   90.1  10.46  14.000   -0.05403    1.81    2.07    2.97
20-07-2024 08:32:59.60  169.14   0.175  27.570   32.769   90.1  10.46  14.000   -0.07476    2.06    2.47    2.68
20-07-2024 08:32:59.85  169.20   0.176  27.571   32.768   90.1  10.46  14.000   -0.06069    2.17    2.23    3.05
20-07-2024 08:33:00.09  169.24   0.177  27.572   32.769   90.1  10.46  14.000   -0.07402    2.17    2.23    3.05
20-07-2024 08:33:00.34  169.36   0.178  27.573   32.769   90.1  10.46  14.000   -0.06809    2.23    2.48    3.00
20-07-2024 08:33:00.58  169.42   0.179  27.575   32.770   90.1  10.46  14.000   -0.06365    2.26    2.45    3.19
20-07-2024 08:33:00.84  169.49   0.180  27.576   32.770   90.1  10.46  14.000   -0.07031    2.01    2.23    3.24
20-07-2024 08:33:01.08  169.58   0.182  27.576   32.770   90.1  10.46  14.000   -0.07328    1.93    2.43    3.29
20-07-2024 08:33:01.33  169.67   0.182  27.577   32.770   90.1  10.45  14.000   -0.07031    1.94    2.13    3.39
20-07-2024 08:33:01.57  169.73   0.182  27.578   32.772   90.0  10.45  14.000   -0.05699    2.10    1.97    3.05
20-07-2024 08:33:01.82  169.80   0.183  27.578   32.771   90.0  10.45  14.000   -0.07624    2.10    1.97    3.05
20-07-2024 08:33:02.07  169.88   0.183  27.578   32.769   90.0  10.45  14.000   -0.05551    2.25    2.44    3.13
20-07-2024 08:33:02.31  169.96   0.185  27.581   32.772   90.1  10.45  14.000   -0.07624    1.97    2.54    3.06
20-07-2024 08:33:02.56  170.01   0.186  27.582   32.772   90.0  10.45  14.000   -0.05107    2.22    2.48    3.19
20-07-2024 08:33:02.80  170.10   0.187  27.582   32.771   90.0  10.45  14.000   -0.06217    1.95    2.10    3.19
20-07-2024 08:33:03.05  170.17   0.188  27.583   32.772   90.0  10.45  14.000   -0.08660    1.83    2.36    2.79
20-07-2024 08:33:03.29  170.25   0.189  27.585   32.773   90.0  10.45  14.000   -0.06069    1.93    2.13    3.22
20-07-2024 08:33:03.53  170.34   0.189  27.588   32.776   90.0  10.45  14.000   -0.07253    1.93    2.13    3.22
20-07-2024 08:33:03.78  170.41   0.191  27.588   32.775   90.0  10.45  14.000   -0.05625    2.09    1.89    2.88
20-07-2024 08:33:04.03  170.45   0.191  27.589   32.775   90.0  10.45  14.000   -0.07846    1.92    2.63    3.18
20-07-2024 08:33:04.27  170.53   0.193  27.589   32.774   90.0  10.45  14.000   -0.06809    2.27    2.35    3.25
20-07-2024 08:33:04.52  170.60   0.194  27.591   32.775   90.0  10.44  14.000   -0.08216    2.08    2.14    2.98
20-07-2024 08:33:04.77  170.68   0.195  27.591   32.774   90.0  10.45  14.000   -0.05107    1.97    2.13    2.84
20-07-2024 08:33:05.02  170.77   0.195  27.593   32.777   90.0  10.44  14.000   -0.06661    1.95    2.20    2.92
20-07-2024 08:33:05.26  170.86   0.196  27.595   32.778   90.0  10.44  14.000   -0.07179    1.95    2.20    2.92
20-07-2024 08:33:05.51  170.91   0.197  27.592   32.773   90.0  10.45  14.000   -0.08068    1.96    2.57    3.09
20-07-2024 08:33:05.75  170.97   0.198  27.595   32.776   90.0  10.44  14.000   -0.06069    2.18    2.32    3.06
20-07-2024 08:33:06.00  171.04   0.198  27.596   32.777   90.0  10.44  14.000   -0.08142    2.13    1.84    2.82
20-07-2024 08:33:06.24  171.12   0.199  27.596   32.777   90.0  10.44  14.000   -0.06217    2.07    2.17    2.91
20-07-2024 08:33:06.49  171.16   0.199  27.597   32.777   90.0  10.44  14.000   -0.06291    2.19    2.11    3.42
20-07-2024 08:33:06.74  171.24   0.200  27.598   32.778   90.0  10.44  14.000   -0.06291    1.70    2.23    3.23
20-07-2024 08:33:06.98  171.31   0.200  27.597   32.776   90.0  10.44  14.000   -0.07031    1.70    2.23    3.23
20-07-2024 08:33:07.22  171.39   0.201  27.600   32.779   90.0  10.44  14.000   -0.05699    2.16    2.08    2.95
20-07-2024 08:33:07.47  171.47   0.202  27.600   32.778   90.0  10.44  14.000   -0.05773    2.22    1.73    3.16
20-07-2024 08:33:07.71  171.56   0.202  27.601   32.779   90.0  10.44  14.000   -0.07920    2.34    2.20    3.05
20-07-2024 08:33:07.96  171.66   0.203  27.603   32.780   90.0  10.44  14.000   -0.08364    2.03    2.45    3.43
20-07-2024 08:33:08.21  171.71   0.204  27.603   32.779   90.0  10.44  14.000   -0.06587    1.98    2.43    3.11
20-07-2024 08:33:08.46  171.77   0.205  27.603   32.779   90.0  10.44  14.000   -0.08068    1.94    2.53    3.11
20-07-2024 08:33:08.71  171.86   0.206  27.605   32.780   90.0  10.44  14.000   -0.05181    1.94    2.53    3.11
20-07-2024 08:33:08.95  171.95   0.207  27.609   32.784   90.0  10.43  14.000   -0.06513    1.84    2.09    3.07
20-07-2024 08:33:09.20  172.02   0.210  27.612   32.785   90.0  10.43  14.000   -0.06365    2.11    2.03    3.14
20-07-2024 08:33:09.44  172.08   0.212  27.613   32.783   90.0  10.43  14.000   -0.07772    2.03    2.52    2.90
20-07-2024 08:33:09.69  172.15   0.214  27.612   32.781   90.0  10.43  14.000   -0.07328    2.32    2.06    3.35
20-07-2024 08:33:09.93  172.26   0.214  27.613   32.782   89.9  10.43  14.000   -0.05551    1.98    2.00    3.29
20-07-2024 08:33:10.18  172.31   0.214  27.614   32.783   89.9  10.43  14.000   -0.06069    1.98    2.00    3.29
20-07-2024 08:33:10.42  172.42   0.213  27.614   32.783   89.9  10.43  14.000   -0.07402    2.33    2.40    2.97
20-07-2024 08:33:10.67  172.47   0.214  27.613   32.782   89.9  10.43  14.000   -0.06069    2.27    2.49    3.18
20-07-2024 08:33:10.91  172.52   0.213  27.612   32.781   89.9  10.43  14.000   -0.06365    2.04    1.97    3.23
20-07-2024 08:33:11.16  172.58   0.214  27.614   32.783   89.9  10.43  14.000   -0.06291    1.98    2.57    3.03
20-07-2024 08:33:11.40  172.66   0.214  27.614   32.782   89.9  10.43  14.000   -0.06291    2.04    2.40    3.00
20-07-2024 08:33:11.65  172.77   0.214  27.613   32.782   89.9  10.43  14.000   -0.06587    1.99    2.67    3.27
20-07-2024 08:33:11.90  172.80   0.214  27.614   32.782   89.9  10.43  14.000   -0.06661    1.99    2.67    3.27
20-07-2024 08:33:12.14  172.88   0.214  27.614   32.783   89.9  10.42  14.000   -0.07402    2.28    2.35    3.02
20-07-2024 08:33:12.39  172.96   0.214  27.614   32.783   89.9  10.42  14.000   -0.08438    1.93    2.52    3.25
20-07-2024 08:33:12.64  173.06   0.214  27.614   32.782   89.9  10.43  14.000   -0.07105    2.08    1.95    2.88
20-07-2024 08:33:12.88  173.13   0.215  27.614   32.782   89.9  10.42  14.000   -0.06661    1.95    2.77    3.31
20-07-2024 08:33:13.13  173.22   0.215  27.616   32.784   89.9  10.42  14.000   -0.07328    2.13    2.35    3.50
20-07-2024 08:33:13.37  173.25   0.215  27.615   32.783   89.9  10.42  14.000   -0.05995    1.89    2.18    3.35
20-07-2024 08:33:13.62  173.31   0.215  27.615   32.783   89.9  10.42  14.000   -0.07624    1.89    2.18    3.35
20-07-2024 08:33:13.86  173.40   0.216  27.618   32.785   89.9  10.42  14.000   -0.06809    1.97    2.00    3.18
20-07-2024 08:33:14.11  173.47   0.216  27.619   32.786   89.8  10.42  14.000   -0.05699    2.05    2.84    3.15
20-07-2024 08:33:14.35  173.55   0.218  27.621   32.787   89.8  10.42  14.000   -0.06957    2.09    2.46    3.20
20-07-2024 08:33:14.60  173.64   0.220  27.622   32.786   89.8  10.42  14.000   -0.05181    1.97    2.26    3.39
20-07-2024 08:33:14.84  173.70   0.221  27.625   32.789   89.8  10.41  14.000   -0.06957    2.19    2.22    3.23
20-07-2024 08:33:15.09  173.76   0.222  27.625   32.788   89.8  10.41  14.000   -0.06513    2.10    1.92    3.26
20-07-2024 08:33:15.33  173.86   0.223  27.626   32.788   89.8  10.41  14.000   -0.05995    2.10    1.92    3.26
20-07-2024 08:33:15.59  173.89   0.224  27.628   32.790   89.8  10.41  14.000   -0.06217    2.24    2.21    3.38
20-07-2024 08:33:15.83  173.98   0.226  27.631   32.791   89.8  10.41  14.000   -0.05699    2.14    2.46    3.20
20-07-2024 08:33:16.08  174.07   0.228  27.632   32.790   89.8  10.41  14.000   -0.06365    1.98    2.40    2.88
20-07-2024 08:33:16.33  174.12   0.230  27.633   32.790   89.8  10.41  14.000   -0.04589    2.27    2.87    3.50
20-07-2024 08:33:16.57  174.21   0.230  27.634   32.790   89.8  10.41  14.000   -0.07624    2.02    2.44    3.32
20-07-2024 08:33:16.82  174.26   0.231  27.633   32.789   89.8  10.41  14.000   -0.05625    2.05    2.44    3.21
20-07-2024 08:33:17.06  174.34   0.231  27.634   32.790   89.8  10.41  14.000   -0.07253    2.05    2.44    3.21
20-07-2024 08:33:17.31  174.41   0.231  27.634   32.789   89.8  10.40  14.000   -0.05477    2.29    2.32    2.97
20-07-2024 08:33:17.55  174.50   0.231  27.633   32.789   89.8  10.40  14.000   -0.04959    2.16    2.15    3.37
20-07-2024 08:33:17.80  174.59   0.231  27.634   32.789   89.7  10.40  14.000   -0.06143    2.40    2.43    3.16
20-07-2024 08:33:18.04  174.65   0.232  27.634   32.789   89.7  10.40  14.000   -0.06291    2.16    2.52    3.14
20-07-2024 08:33:18.29  174.72   0.231  27.634   32.789   89.7  10.40  14.000   -0.07105    2.27    2.41    2.81
20-07-2024 08:33:18.53  174.77   0.231  27.634   32.790   89.7  10.40  14.000   -0.06957    1.99    2.30    3.22
20-07-2024 08:33:18.78  174.85   0.231  27.634   32.790   89.7  10.40  14.000   -0.05921    1.99    2.30    3.22
20-07-2024 08:33:19.02  174.95   0.232  27.634   32.789   89.7  10.40  14.000   -0.07031    2.12    2.39    2.93
20-07-2024 08:33:19.27  174.99   0.232  27.634   32.789   89.7  10.40  14.000   -0.05699    2.02    2.31    3.42
20-07-2024 08:33:19.52  175.07   0.232  27.635   32.790   89.7  10.39  14.000   -0.07105    2.21    2.15    3.47
20-07-2024 08:33:19.77  175.15   0.232  27.635   32.790   89.7  10.39  14.000   -0.06957    2.00    1.55    3.09
20-07-2024 08:33:20.02  175.22   0.232  27.635   32.790   89.7  10.39  14.000   -0.06735    2.05    2.02    3.14
20-07-2024 08:33:20.26  175.28   0.232  27.636   32.790   89.7  10.39  14.000   -0.06883    1.88    2.60    3.39
20-07-2024 08:33:20.50  175.37   0.232  27.636   32.790   89.6  10.39  14.000   -0.07476    1.88    2.60    3.39
20-07-2024 08:33:20.75  175.43   0.232  27.635   32.790   89.6  10.39  14.000   -0.06365    2.00    2.50    3.21
20-07-2024 08:33:21.00  175.46   0.232  27.636   32.790   89.6  10.39  14.000   -0.08068    2.11    2.31    2.90
20-07-2024 08:33:21.24  175.54   0.233  27.636   32.791   89.6  10.39  14.000   -0.04885    2.06    2.34    3.16
20-07-2024 08:33:21.48  175.62   0.233  27.637   32.791   89.6  10.39  14.000   -0.06661    2.14    2.29    3.48
20-07-2024 08:33:21.73  175.70   0.234  27.638   32.791   89.6  10.39  14.000   -0.05773    1.86    1.97    2.99
20-07-2024 08:33:21.97  175.77   0.234  27.638   32.791   89.6  10.39  14.000   -0.06217    2.19    2.06    3.01
20-07-2024 08:33:22.22  175.84   0.234  27.638   32.790   89.6  10.39  14.000   -0.07920    2.19    2.06    3.01
20-07-2024 08:33:22.46  175.91   0.234  27.638   32.790   89.6  10.38  14.000   -0.06735    2.44    2.35    3.03
20-07-2024 08:33:22.71  175.97   0.235  27.639   32.791   89.6  10.38  14.000   -0.07920    2.20    2.25    3.09
20-07-2024 08:33:22.96  176.05   0.235  27.639   32.791   89.6  10.38  14.000   -0.07698    2.20    2.29    3.31
20-07-2024 08:33:23.21  176.16   0.235  27.639   32.792   89.5  10.38  14.000   -0.06217    2.38    2.39    2.84
20-07-2024 08:33:23.46  176.21   0.236  27.640   32.791   89.5  10.38  14.000   -0.06439    2.00    2.16    3.10
20-07-2024 08:33:23.70  176.27   0.236  27.640   32.791   89.5  10.38  14.000   -0.05403    2.20    2.23    3.38
20-07-2024 08:33:23.95  176.34   0.236  27.640   32.791   89.5  10.37  14.000   -0.06513    2.20    2.23    3.38
20-07-2024 08:33:24.19  176.43   0.236  27.640   32.792   89.5  10.38  14.000   -0.06365    2.15    2.10    2.99
20-07-2024 08:33:24.44  176.49   0.236  27.641   32.792   89.5  10.37  14.000   -0.07550    1.87    1.62    3.09
20-07-2024 08:33:24.68  176.57   0.236  27.641   32.792   89.5  10.37  14.000   -0.04959    2.13    2.39    3.08
20-07-2024 08:33:24.93  176.62   0.236  27.640   32.791   89.5  10.37  14.000   -0.04737    2.17    2.33    3.08
20-07-2024 08:33:25.17  176.69   0.237  27.640   32.791   89.5  10.37  14.000   -0.07105    1.99    2.21    2.84
20-07-2024 08:33:25.42  176.76   0.237  27.641   32.791   89.5  10.37  14.000   -0.07179    1.98    2.44    3.15
20-07-2024 08:33:25.66  176.82   0.237  27.641   32.792   89.5  10.37  14.000   -0.06735    1.98    2.44    3.15
20-07-2024 08:33:25.91  176.91   0.237  27.640   32.791   89.5  10.37  14.000   -0.05477    2.10    2.69    3.38
20-07-2024 08:33:26.15  176.98   0.237  27.642   32.793   89.4  10.37  14.000   -0.06809    1.89    2.23    3.11
20-07-2024 08:33:26.40  177.05   0.237  27.642   32.792   89.5  10.37  14.000   -0.07031    2.14    2.49    3.39
20-07-2024 08:33:26.65  177.10   0.237  27.641   32.791   89.4  10.36  14.000   -0.06365    1.95    2.07    2.97
20-07-2024 08:33:26.89  177.18   0.237  27.642   32.792   89.4  10.37  14.000   -0.06217    1.89    2.15    3.25
20-07-2024 08:33:27.14  177.27   0.237  27.642   32.792   89.4  10.36  14.000   -0.05477    2.29    2.13    3.06
20-07-2024 08:33:27.39  177.33   0.238  27.642   32.792   89.4  10.36  14.000   -0.04589    2.29    2.13    3.06
20-07-2024 08:33:27.63  177.41   0.238  27.643   32.792   89.4  10.36  14.000   -0.07476    1.87    1.78    3.11
20-07-2024 08:33:27.88  177.47   0.239  27.644   32.793   89.4  10.36  14.000   -0.06143    2.43    2.61    3.04
20-07-2024 08:33:28.13  177.56   0.240  27.646   32.794   89.4  10.36  14.000   -0.06735    2.06    2.21    3.16
20-07-2024 08:33:28.37  177.62   0.241  27.646   32.793   89.4  10.36  14.000   -0.04737    2.06    2.05    3.26
20-07-2024 08:33:28.61  177.67   0.241  27.648   32.795   89.4  10.36  14.000   -0.05995    1.78    2.62    3.15
20-07-2024 08:33:28.86  177.76   0.242  27.650   32.797   89.4  10.36  14.000   -0.05181    1.74    2.32    3.19
20-07-2024 08:33:29.10  177.84   0.244  27.651   32.796   89.4  10.36  14.000   -0.07920    1.74    2.32    3.19
20-07-2024 08:33:29.35  177.91   0.245  27.652   32.796   89.4  10.36  14.000   -0.08290    1.85    1.96    3.30
20-07-2024 08:33:29.59  177.97   0.246  27.652   32.796   89.4  10.36  14.000   -0.05551    2.02    2.34    3.43
20-07-2024 08:33:29.84  178.04   0.247  27.653   32.796   89.4  10.36  14.000   -0.07105    2.09    1.81    3.31
20-07-2024 08:33:30.09  178.13   0.248  27.655   32.797   89.4  10.35  14.000   -0.07402    2.21    2.40    3.33
20-07-2024 08:33:30.34  178.17   0.248  27.656   32.798   89.4  10.35  14.000   -0.06069    1.90    2.33    3.27
20-07-2024 08:33:30.58  178.23   0.249  27.656   32.797   89.4  10.35  14.000   -0.05847    2.06    2.38    3.06
20-07-2024 08:33:30.83  178.35   0.249  27.657   32.798   89.3  10.35  14.000   -0.07624    2.06    2.38    3.06
20-07-2024 08:33:31.08  178.43   0.250  27.657   32.797   89.3  10.35  14.000   -0.06957    2.15    2.06    3.22
20-07-2024 08:33:31.32  178.47   0.250  27.657   32.797   89.3  10.35  14.000   -0.05995    2.29    2.34    3.38
20-07-2024 08:33:31.57  178.58   0.250  27.658   32.797   89.3  10.35  14.000   -0.06291    1.95    2.03    3.32
20-07-2024 08:33:31.81  178.63   0.251  27.660   32.799   89.3  10.35  14.000   -0.04293    1.88    2.09    3.34
20-07-2024 08:33:32.06  178.68   0.252  27.660   32.798   89.3  10.35  14.000   -0.07105    2.01    2.65    3.07
20-07-2024 08:33:32.30  178.78   0.253  27.661   32.799   89.3  10.35  14.000   -0.06661    2.12    2.10    3.26
20-07-2024 08:33:32.55  178.84   0.253  27.661   32.800   89.3  10.35  14.000   -0.07105    2.12    2.10    3.26
20-07-2024 08:33:32.79  178.92   0.253  27.661   32.799   89.3  10.35  14.000   -0.07328    2.15    2.26    3.16
20-07-2024 08:33:33.04  178.98   0.254  27.662   32.800   89.3  10.34  14.000   -0.07772    2.04    2.23    3.41
20-07-2024 08:33:33.28  179.06   0.254  27.662   32.799   89.3  10.34  14.000   -0.07994    2.39    2.25    3.25
20-07-2024 08:33:33.53  179.12   0.254  27.662   32.799   89.3  10.34  14.000   -0.07624    1.89    2.18    3.23
20-07-2024 08:33:33.77  179.21   0.255  27.663   32.800   89.3  10.34  14.000   -0.06809    2.21    2.28    2.94
20-07-2024 08:33:34.02  179.28   0.255  27.663   32.799   89.3  10.34  14.000   -0.07179    2.04    2.14    2.97
20-07-2024 08:33:34.27  179.35   0.256  27.663   32.799   89.3  10.34  14.000   -0.07994    2.04    2.14    2.97
20-07-2024 08:33:34.52  179.41   0.256  27.664   32.800   89.3  10.34  14.000   -0.07031    2.38    2.22    3.16
20-07-2024 08:33:34.76  179.47   0.256  27.664   32.799   89.3  10.34  14.000   -0.07550    2.42    2.29    3.40
20-07-2024 08:33:35.01  179.57   0.256  27.664   32.799   89.2  10.34  14.000   -0.06217    2.14    2.34    3.09
20-07-2024 08:33:35.25  179.63   0.256  27.665   32.800   89.2  10.34  14.000   -0.06661    2.28    2.48    3.18
20-07-2024 08:33:35.50  179.73   0.257  27.664   32.799   89.2  10.34  14.000   -0.07624    2.31    2.27    3.06
20-07-2024 08:33:35.74  179.79   0.257  27.664   32.798   89.2  10.34  14.000   -0.07105    2.07    2.19    3.02
20-07-2024 08:33:35.99  179.83   0.256  27.665   32.800   89.2  10.34  14.000   -0.07402    2.07    2.19    3.02
20-07-2024 08:33:36.23  179.91   0.256  27.665   32.800   89.2  10.34  14.000   -0.06809    1.80    2.61    3.19
20-07-2024 08:33:36.48  179.99   0.256  27.665   32.799   89.2  10.33  14.000   -0.05699    2.11    2.27    3.38
20-07-2024 08:33:36.72  180.05   0.256  27.665   32.801   89.2  10.33  14.000   -0.05699    2.25    1.96    3.34
20-07-2024 08:33:36.97  180.14   0.257  27.665   32.800   89.2  10.33  14.000   -0.05773    1.97    1.91    3.20
20-07-2024 08:33:37.22  180.21   0.257  27.667   32.801   89.2  10.33  14.000   -0.07550    2.12    2.49    2.73
20-07-2024 08:33:37.46  180.27   0.258  27.667   32.801   89.2  10.33  14.000   -0.05181    1.89    2.15    3.00
20-07-2024 08:33:37.71  180.37   0.258  27.668   32.801   89.2  10.33  14.000   -0.06365    1.89    2.15    3.00
20-07-2024 08:33:37.96  180.44   0.259  27.668   32.800   89.2  10.33  14.000   -0.08290    2.03    2.18    3.16
20-07-2024 08:33:38.21  180.51   0.259  27.669   32.802   89.2  10.33  14.000   -0.06957    2.03    2.09    3.27
20-07-2024 08:33:38.45  180.56   0.260  27.669   32.802   89.2  10.33  14.000   -0.05847    2.03    2.22    2.96
20-07-2024 08:33:38.70  180.67   0.260  27.669   32.801   89.2  10.33  14.000   -0.06513    1.84    2.07    3.17
20-07-2024 08:33:38.94  180.71   0.260  27.670   32.802   89.1  10.32  14.000   -0.06069    2.06    2.52    2.81
20-07-2024 08:33:39.19  180.80   0.261  27.670   32.801   89.1  10.32  14.000   -0.05107    1.94    2.27    3.13
20-07-2024 08:33:39.43  180.89   0.261  27.671   32.802   89.1  10.32  14.000   -0.04811    1.94    2.27    3.13
20-07-2024 08:33:39.68  180.92   0.261  27.670   32.800   89.1  10.32  14.000   -0.06735    2.03    2.54    3.31
20-07-2024 08:33:39.92  181.01   0.261  27.671   32.802   89.1  10.32  14.000   -0.05699    2.12    2.23    3.14
20-07-2024 08:33:40.17  181.08   0.261  27.671   32.803   89.1  10.32  14.000   -0.06217    1.84    2.39    3.12
20-07-2024 08:33:40.41  181.14   0.262  27.670   32.801   89.1  10.32  14.000   -0.06957    2.07    1.84    3.17
20-07-2024 08:33:40.66  181.24   0.262  27.671   32.802   89.1  10.32  14.000   -0.06661    1.96    2.56    3.08
20-07-2024 08:33:40.90  181.29   0.262  27.672   32.802   89.1  10.32  14.000   -0.05329    2.03    2.58    3.03
20-07-2024 08:33:41.15  181.38   0.262  27.672   32.802   89.1  10.32  14.000   -0.08216    2.03    2.58    3.03
20-07-2024 08:33:41.40  181.43   0.262  27.672   32.802   89.1  10.32  14.000   -0.06735    1.96    2.41    3.48
20-07-2024 08:33:41.64  181.50   0.262  27.672   32.802   89.1  10.32  14.000   -0.05847    2.27    2.53    3.35
20-07-2024 08:33:41.89  181.56   0.262  27.672   32.802   89.1  10.32  14.000   -0.06513    2.10    2.01    3.30
20-07-2024 08:33:42.15  181.67   0.263  27.672   32.801   89.1  10.32  14.000   -0.05477    2.26    2.28    3.02
20-07-2024 08:33:42.38  181.74   0.263  27.673   32.802   89.1  10.32  14.000   -0.05699    2.23    2.62    2.89
20-07-2024 08:33:42.63  181.80   0.263  27.673   32.802   89.1  10.31  14.000   -0.04515    2.06    1.86    2.93
20-07-2024 08:33:42.87  181.85   0.263  27.673   32.802   89.1  10.31  14.000   -0.06735    2.06    1.86    2.93
20-07-2024 08:33:43.12  181.94   0.263  27.674   32.803   89.0  10.31  14.000   -0.06587    2.08    2.36    2.98
20-07-2024 08:33:43.37  182.00   0.263  27.675   32.804   89.0  10.31  14.000   -0.06439    2.14    2.45    3.25
20-07-2024 08:33:43.61  182.07   0.263  27.673   32.802   89.0  10.31  14.000   -0.04959    1.80    2.40    3.11
20-07-2024 08:33:43.86  182.14   0.264  27.674   32.802   89.0  10.31  14.000   -0.06957    2.05    2.13    3.30
20-07-2024 08:33:44.10  182.23   0.264  27.674   32.803   89.1  10.31  14.000   -0.05847    2.12    2.00    3.24
20-07-2024 08:33:44.35  182.29   0.265  27.675   32.802   89.0  10.31  14.000   -0.06735    2.08    2.58    3.16
20-07-2024 08:33:44.59  182.36   0.264  27.676   32.804   89.0  10.31  14.000   -0.06143    2.08    2.58    3.16
20-07-2024 08:33:44.84  182.41   0.265  27.675   32.803   89.0  10.31  14.000   -0.07698    2.01    2.23    3.58
20-07-2024 08:33:45.09  182.49   0.265  27.676   32.804   89.0  10.31  14.000   -0.05921    1.88    1.98    3.29
20-07-2024 08:33:45.33  182.57   0.266  27.676   32.803   89.0  10.31  14.000   -0.05551    1.80    2.44    3.15
20-07-2024 08:33:45.58  182.65   0.266  27.677   32.804   89.0  10.31  14.000   -0.06513    2.05    1.93    3.29
20-07-2024 08:33:45.83  182.70   0.266  27.677   32.804   89.0  10.31  14.000   -0.05551    2.13    2.15    3.17
20-07-2024 08:33:46.07  182.77   0.266  27.677   32.804   89.0  10.30  14.000   -0.03997    2.13    2.21    3.27
20-07-2024 08:33:46.32  182.88   0.266  27.677   32.804   89.0  10.30  14.000   -0.06587    2.13    2.21    3.27
20-07-2024 08:33:46.56  182.93   0.266  27.678   32.804   89.0  10.30  14.000   -0.06587    2.30    1.99    2.96
20-07-2024 08:33:46.81  182.99   0.267  27.678   32.805   89.0  10.30  14.000   -0.06957    2.12    2.46    3.17
20-07-2024 08:33:47.05  183.09   0.267  27.679   32.805   89.0  10.30  14.000   -0.06809    2.16    1.95    2.91
20-07-2024 08:33:47.30  183.15   0.268  27.680   32.805   89.0  10.30  14.000   -0.08142    2.03    2.34    3.02
20-07-2024 08:33:47.54  183.22   0.269  27.681   32.806   89.0  10.30  14.000   -0.05699    2.40    2.02    2.83
20-07-2024 08:33:47.79  183.31   0.270  27.683   32.807   89.0  10.30  14.000   -0.05403    2.40    2.02    2.83
20-07-2024 08:33:48.03  183.36   0.271  27.683   32.806   88.9  10.30  14.000   -0.05773    2.14    2.15    3.39
20-07-2024 08:33:48.28  183.43   0.271  27.683   32.806   88.9  10.30  14.000   -0.06069    2.11    2.77    3.24
20-07-2024 08:33:48.52  183.50   0.271  27.684   32.807   88.9  10.30  14.000   -0.06883    2.13    1.75    2.98
20-07-2024 08:33:48.78  183.57   0.272  27.683   32.805   88.9  10.30  14.000   -0.06883    2.00    2.37    3.35
20-07-2024 08:33:49.02  183.65   0.272  27.684   32.806   88.9  10.30  14.000   -0.06809    2.10    2.26    3.15
20-07-2024 08:33:49.27  183.72   0.273  27.685   32.806   88.9  10.29  14.000   -0.05847    2.20    2.24    2.99
20-07-2024 08:33:49.51  183.81   0.273  27.685   32.806   88.9  10.29  14.000   -0.06365    2.06    2.45    3.14
20-07-2024 08:33:49.76  183.88   0.274  27.685   32.806   88.9  10.29  14.000   -0.09400    2.06    2.45    3.14
20-07-2024 08:33:50.00  183.93   0.273  27.685   32.806   88.9  10.29  14.000   -0.07846    2.25    3.02    3.25
20-07-2024 08:33:50.25  184.03   0.274  27.685   32.806   88.9  10.29  14.000   -0.07698    1.96    2.05    3.34
20-07-2024 08:33:50.49  184.07   0.274  27.686   32.807   88.9  10.29  14.000   -0.07179    1.81    1.97    3.17
20-07-2024 08:33:50.74  184.15   0.274  27.686   32.807   88.9  10.29  14.000   -0.06143    2.12    2.27    3.16
20-07-2024 08:33:50.98  184.22   0.275  27.687   32.807   88.9  10.29  14.000   -0.06439    1.87    2.58    3.32
20-07-2024 08:33:51.23  184.28   0.275  27.687   32.807   88.9  10.29  14.000   -0.05773    1.87    2.58    3.32
20-07-2024 08:33:51.47  184.34   0.276  27.687   32.806   88.9  10.29  14.000   -0.07105    2.13    1.83    3.10
20-07-2024 08:33:51.72  184.43   0.275  27.688   32.808   88.9  10.29  14.000   -0.06439    2.39    2.27    3.27
20-07-2024 08:33:51.97  184.49   0.276  27.689   32.808   88.9  10.29  14.000   -0.05551    1.86    2.39    3.30
20-07-2024 08:33:52.21  184.57   0.276  27.689   32.807   88.9  10.29  14.000   -0.07105    2.11    2.15    3.03
20-07-2024 08:33:52.46  184.62   0.276  27.689   32.808   88.9  10.29  14.000   -0.07772    2.01    2.03    3.31
20-07-2024 08:33:52.71  184.73   0.276  27.688   32.807   88.8  10.28  14.000   -0.06957    2.14    2.34    3.12
20-07-2024 08:33:52.96  184.78   0.277  27.690   32.808   88.9  10.29  14.000   -0.05773    1.80    2.60    3.44
20-07-2024 08:33:53.21  184.85   0.277  27.690   32.807   88.8  10.28  14.000   -0.06291    1.80    2.60    3.44
20-07-2024 08:33:53.45  184.93   0.277  27.690   32.808   88.8  10.28  14.000   -0.06217    2.13    2.58    2.96
20-07-2024 08:33:53.69  184.98   0.277  27.690   32.808   88.8  10.28  14.000   -0.07179    1.99    2.00    2.91
20-07-2024 08:33:53.94  185.05   0.278  27.690   32.807   88.8  10.28  14.000   -0.06587    1.93    2.29    3.31
20-07-2024 08:33:54.18  185.14   0.277  27.691   32.809   88.8  10.28  14.000   -0.06513    1.90    2.12    3.43
20-07-2024 08:33:54.43  185.22   0.278  27.692   32.809   88.8  10.28  14.000   -0.05921    2.21    2.24    2.92
20-07-2024 08:33:54.67  185.27   0.278  27.692   32.809   88.8  10.28  14.000   -0.06439    2.21    2.24    2.92
20-07-2024 08:33:54.92  185.33   0.278  27.692   32.809   88.8  10.28  14.000   -0.06587    1.92    1.98    2.91
20-07-2024 08:33:55.16  185.43   0.278  27.691   32.808   88.8  10.28  14.000   -0.05107    2.21    2.53    2.98
20-07-2024 08:33:55.41  185.50   0.278  27.692   32.808   88.8  10.28  14.000   -0.06587    2.05    2.48    3.16
20-07-2024 08:33:55.65  185.56   0.278  27.692   32.809   88.8  10.28  14.000   -0.06735    1.80    2.02    3.38
20-07-2024 08:33:55.90  185.61   0.278  27.692   32.808   88.8  10.28  14.000   -0.07253    2.16    2.18    3.39
20-07-2024 08:33:56.15  185.69   0.278  27.692   32.808   88.8  10.28  14.000   -0.07772    1.88    2.49    3.16
20-07-2024 08:33:56.39  185.76   0.279  27.691   32.808   88.8  10.28  14.000   -0.08216    1.88    2.49    3.16
20-07-2024 08:33:56.65  185.82   0.279  27.692   32.809   88.8  10.28  14.000   -0.06661    2.17    2.46    2.90
20-07-2024 08:33:56.89  185.92   0.278  27.693   32.810   88.8  10.27  14.000   -0.05403    1.88    2.34    3.35
20-07-2024 08:33:57.13  185.95   0.279  27.694   32.810   88.8  10.27  14.000   -0.07624    2.11    2.75    2.71
20-07-2024 08:33:57.38  186.03   0.280  27.694   32.809   88.8  10.27  14.000   -0.07476    1.78    2.56    3.17
20-07-2024 08:33:57.63  186.11   0.280  27.694   32.809   88.7  10.27  14.000   -0.07179    2.43    2.03    3.39
20-07-2024 08:33:57.87  186.17   0.281  27.695   32.809   88.7  10.27  14.000   -0.07846    2.18    1.96    3.57
20-07-2024 08:33:58.11  186.25   0.281  27.696   32.810   88.7  10.27  14.000   -0.06883    2.18    1.96    3.57
20-07-2024 08:33:58.36  186.31   0.281  27.696   32.810   88.7  10.27  14.000   -0.07402    2.05    2.13    3.32
20-07-2024 08:33:58.61  186.38   0.282  27.695   32.809   88.7  10.27  14.000   -0.06365    2.33    2.14    3.43
20-07-2024 08:33:58.85  186.44   0.282  27.696   32.810   88.7  10.27  14.000   -0.07328    2.08    2.52    3.18
20-07-2024 08:33:59.10  186.51   0.282  27.697   32.811   88.7  10.27  14.000   -0.07105    2.07    2.34    2.89
20-07-2024 08:33:59.34  186.56   0.282  27.697   32.811   88.7  10.27  14.000   -0.07402    2.04    2.37    2.93
20-07-2024 08:33:59.59  186.64   0.282  27.698   32.812   88.7  10.27  14.000   -0.06661    2.10    2.18    3.17
20-07-2024 08:33:59.84  186.72   0.282  27.697   32.810   88.7  10.27  14.000   -0.06809    2.10    2.18    3.17
20-07-2024 08:34:00.08  186.80   0.283  27.698   32.811   88.7  10.27  14.000   -0.07031    2.01    2.38    3.07
20-07-2024 08:34:00.33  186.86   0.283  27.698   32.811   88.7  10.27  14.000   -0.05551    1.95    2.31    3.21
20-07-2024 08:34:00.58  186.94   0.284  27.700   32.812   88.7  10.26  14.000   -0.07846    2.25    2.74    2.97
20-07-2024 08:34:00.82  187.02   0.284  27.700   32.812   88.7  10.26  14.000   -0.05477    2.28    2.12    3.08
20-07-2024 08:34:01.07  187.06   0.285  27.702   32.814   88.7  10.26  14.000   -0.05847    2.04    2.00    3.08
20-07-2024 08:34:01.31  187.12   0.286  27.704   32.815   88.7  10.26  14.000   -0.05255    2.26    2.10    3.12
20-07-2024 08:34:01.56  187.22   0.288  27.705   32.813   88.7  10.26  14.000   -0.07402    2.26    2.10    3.12
20-07-2024 08:34:01.80  187.31   0.289  27.706   32.815   88.6  10.26  14.000   -0.06661    2.21    2.20    3.47
20-07-2024 08:34:02.05  187.37   0.290  27.707   32.815   88.7  10.26  14.000   -0.06735    2.07    2.31    3.06
20-07-2024 08:34:02.29  187.44   0.291  27.708   32.815   88.7  10.26  14.000   -0.07179    1.76    2.48    3.43
20-07-2024 08:34:02.54  187.49   0.292  27.710   32.817   88.6  10.26  14.000   -0.06957    2.00    2.44    3.29
20-07-2024 08:34:02.78  187.57   0.292  27.709   32.815   88.6  10.26  14.000   -0.07253    2.19    2.43    3.01
20-07-2024 08:34:03.03  187.62   0.292  27.710   32.816   88.6  10.26  14.000   -0.06809    2.05    2.56    3.00
20-07-2024 08:34:03.27  187.68   0.293  27.710   32.816   88.6  10.26  14.000   -0.07994    2.05    2.56    3.00
20-07-2024 08:34:03.53  187.77   0.293  27.710   32.816   88.6  10.25  14.000   -0.06809    2.01    2.18    3.36
20-07-2024 08:34:03.77  187.85   0.293  27.711   32.817   88.6  10.26  14.000   -0.07031    2.04    2.23    2.98
20-07-2024 08:34:04.03  187.91   0.295  27.713   32.817   88.6  10.25  14.000   -0.06587    2.37    1.98    2.94
20-07-2024 08:34:04.27  187.99   0.295  27.714   32.817   88.6  10.25  14.000   -0.07179    2.07    2.47    3.33
20-07-2024 08:34:04.51  188.06   0.296  27.715   32.818   88.6  10.25  14.000   -0.05921    2.29    2.50    2.99
20-07-2024 08:34:04.76  188.13   0.298  27.715   32.817   88.6  10.25  14.000   -0.06291    2.40    2.68    3.05
20-07-2024 08:34:05.00  188.18   0.298  27.716   32.818   88.6  10.25  14.000   -0.08660    2.40    2.68    3.05
20-07-2024 08:34:05.24  188.25   0.298  27.716   32.818   88.6  10.25  14.000   -0.05847    2.06    2.40    3.04
20-07-2024 08:34:05.49  188.32   0.299  27.717   32.818   88.6  10.25  14.000   -0.04663    1.66    2.07    3.35
20-07-2024 08:34:05.73  188.38   0.300  27.718   32.819   88.6  10.25  14.000   -0.06439    2.02    1.98    3.31
20-07-2024 08:34:05.98  188.43   0.299  27.717   32.817   88.6  10.25  14.000   -0.05477    2.23    2.08    3.08
20-07-2024 08:34:06.22  188.52   0.300  27.718   32.818   88.6  10.24  14.000   -0.06735    2.08    2.29    3.21
20-07-2024 08:34:06.47  188.57   0.300  27.718   32.817   88.6  10.25  14.000   -0.05773    1.91    2.75    3.10
20-07-2024 08:34:06.72  188.65   0.300  27.719   32.819   88.6  10.25  14.000   -0.05921    1.91    2.75    3.10
20-07-2024 08:34:06.96  188.73   0.300  27.718   32.817   88.6  10.24  14.000   -0.05847    2.07    2.30    3.02
20-07-2024 08:34:07.22  188.80   0.300  27.719   32.819   88.6  10.24  14.000   -0.05921    2.05    2.27    3.16
20-07-2024 08:34:07.46  188.89   0.301  27.719   32.818   88.6  10.25  14.000   -0.06883    2.30    2.08    2.94
20-07-2024 08:34:07.71  188.93   0.300  27.719   32.819   88.5  10.24  14.000   -0.07031    2.10    2.42    3.21
20-07-2024 08:34:07.96  189.00   0.301  27.719   32.818   88.5  10.24  14.000   -0.06069    2.01    2.29    3.09
20-07-2024 08:34:08.20  189.05   0.301  27.719   32.818   88.5  10.24  14.000   -0.07698    2.02    2.32    3.17
20-07-2024 08:34:08.45  189.15   0.301  27.719   32.817   88.5  10.24  14.000   -0.05477    2.02    2.32    3.17
20-07-2024 08:34:08.69  189.23   0.301  27.720   32.819   88.5  10.24  14.000   -0.08142    2.08    1.96    3.03
20-07-2024 08:34:08.94  189.28   0.301  27.720   32.819   88.5  10.24  14.000   -0.05847    2.04    2.30    3.50
20-07-2024 08:34:09.18  189.36   0.302  27.720   32.819   88.5  10.24  14.000   -0.08438    2.17    2.32    3.34
20-07-2024 08:34:09.43  189.43   0.301  27.721   32.820   88.5  10.24  14.000   -0.05181    2.23    2.72    3.22
20-07-2024 08:34:09.67  189.48   0.302  27.720   32.818   88.5  10.23  14.000   -0.07920    1.60    2.30    3.14
20-07-2024 08:34:09.92  189.58   0.302  27.720   32.818   88.5  10.23  14.000   -0.06069    1.96    2.27    3.06
20-07-2024 08:34:10.16  189.64   0.302  27.721   32.819   88.5  10.23  14.000   -0.07550    1.96    2.27    3.06
20-07-2024 08:34:10.41  189.72   0.302  27.721   32.819   88.5  10.23  14.000   -0.06217    1.63    2.40    3.58
20-07-2024 08:34:10.65  189.77   0.302  27.720   32.818   88.4  10.23  14.000   -0.06735    2.28    1.94    3.01
20-07-2024 08:34:10.90  189.85   0.302  27.721   32.819   88.4  10.23  14.000   -0.06513    1.98    2.24    3.15
20-07-2024 08:34:11.15  189.92   0.302  27.721   32.818   88.4  10.23  14.000   -0.04959    2.26    2.63    3.39
20-07-2024 08:34:11.40  189.97   0.302  27.722   32.819   88.4  10.23  14.000   -0.06513    2.25    2.51    3.26
20-07-2024 08:34:11.64  190.04   0.302  27.722   32.819   88.4  10.23  14.000   -0.05995    2.02    2.35    3.20
20-07-2024 08:34:11.88  190.13   0.302  27.722   32.820   88.4  10.23  14.000   -0.06439    2.02    2.35    3.20
20-07-2024 08:34:12.13  190.18   0.303  27.722   32.819   88.4  10.23  14.000   -0.05699    2.39    1.98    3.24
20-07-2024 08:34:12.38  190.25   0.303  27.723   32.821   88.4  10.23  14.000   -0.07624    1.85    2.47    3.34
20-07-2024 08:34:12.62  190.33   0.303  27.723   32.820   88.4  10.23  14.000   -0.08142    2.13    2.07    3.34
20-07-2024 08:34:12.87  190.39   0.304  27.724   32.820   88.4  10.23  14.000   -0.05551    2.27    2.09    2.90
20-07-2024 08:34:13.11  190.46   0.304  27.723   32.819   88.4  10.23  14.000   -0.06439    2.31    2.09    3.24
20-07-2024 08:34:13.36  190.54   0.304  27.725   32.821   88.4  10.22  14.000   -0.07624    2.07    2.69    2.97
20-07-2024 08:34:13.60  190.59   0.304  27.725   32.821   88.4  10.22  14.000   -0.06661    2.07    2.69    2.97
20-07-2024 08:34:13.84  190.68   0.305  27.725   32.820   88.4  10.22  14.000   -0.06217    2.06    2.23    3.03
20-07-2024 08:34:14.09  190.73   0.305  27.725   32.820   88.4  10.22  14.000   -0.05847    1.88    2.09    3.04
20-07-2024 08:34:14.34  190.81   0.305  27.725   32.821   88.4  10.22  14.000   -0.08512    2.44    2.06    3.17
20-07-2024 08:34:14.59  190.86   0.306  27.726   32.821   88.4  10.22  14.000   -0.04515    2.21    2.37    3.33
20-07-2024 08:34:14.83  190.95   0.305  27.726   32.821   88.4  10.22  14.000   -0.07328    2.41    2.35    3.26
20-07-2024 08:34:15.09  191.00   0.306  27.726   32.821   88.4  10.22  14.000   -0.07402    2.08    2.69    3.11
20-07-2024 08:34:15.33  191.08   0.306  27.727   32.822   88.3  10.22  14.000   -0.06587    2.08    2.69    3.11
20-07-2024 08:34:15.57  191.15   0.306  27.727   32.821   88.3  10.22  14.000   -0.06069    1.97    2.57    3.23
20-07-2024 08:34:15.82  191.22   0.306  27.726   32.820   88.3  10.22  14.000   -0.05847    2.07    2.16    3.34
20-07-2024 08:34:16.06  191.32   0.307  27.727   32.821   88.3  10.22  14.000   -0.06587    2.35    2.63    3.25
20-07-2024 08:34:16.31  191.36   0.307  27.726   32.820   88.3  10.22  14.000   -0.06143    1.81    2.80    2.98
20-07-2024 08:34:16.55  191.43   0.307  27.727   32.821   88.3  10.22  14.000   -0.07846    2.17    2.93    3.58
20-07-2024 08:34:16.80  191.51   0.307  27.727   32.821   88.3  10.21  14.000   -0.06069    2.13    2.47    3.12
20-07-2024 08:34:17.04  191.55   0.308  27.727   32.820   88.3  10.21  14.000   -0.06439    2.13    2.47    3.12
20-07-2024 08:34:17.29  191.63   0.308  27.727   32.820   88.3  10.21  14.000   -0.06809    2.03    2.33    3.22
20-07-2024 08:34:17.53  191.69   0.307  27.728   32.822   88.3  10.21  14.000   -0.05551    2.48    1.97    3.15
20-07-2024 08:34:17.78  191.76   0.308  27.729   32.822   88.3  10.21  14.000   -0.05403    2.05    2.05    3.08
20-07-2024 08:34:18.02  191.81   0.308  27.727   32.820   88.3  10.21  14.000   -0.06217    1.65    2.22    3.18
20-07-2024 08:34:18.28  191.90   0.308  27.730   32.823   88.3  10.21  14.000   -0.06883    2.08    2.42    3.19
20-07-2024 08:34:18.52  191.96   0.308  27.729   32.822   88.3  10.21  14.000   -0.04737    1.96    1.72    3.17
20-07-2024 08:34:18.77  192.01   0.309  27.732   32.824   88.3  10.21  14.000   -0.06957    1.96    1.72    3.17
20-07-2024 08:34:19.02  192.07   0.310  27.732   32.824   88.3  10.21  14.000   -0.07105    2.27    2.15    3.06
20-07-2024 08:34:19.26  192.14   0.310  27.733   32.824   88.3  10.21  14.000   -0.06291    1.89    2.61    3.47
20-07-2024 08:34:19.51  192.23   0.311  27.733   32.823   88.3  10.21  14.000   -0.06883    2.41    2.33    3.48
20-07-2024 08:34:19.75  192.29   0.311  27.734   32.825   88.3  10.21  14.000   -0.06143    1.97    1.83    2.90
20-07-2024 08:34:20.00  192.36   0.312  27.733   32.823   88.3  10.21  14.000   -0.06957    2.30    2.10    2.96
20-07-2024 08:34:20.24  192.40   0.313  27.735   32.824   88.2  10.20  14.000   -0.06217    2.09    2.07    2.90
20-07-2024 08:34:20.49  192.46   0.313  27.736   32.825   88.2  10.20  14.000   -0.06069    2.09    2.07    2.90
20-07-2024 08:34:20.73  192.53   0.314  27.736   32.824   88.2  10.20  14.000   -0.05847    2.03    2.10    3.05
20-07-2024 08:34:20.98  192.62   0.314  27.736   32.825   88.2  10.20  14.000   -0.05699    1.89    2.22    3.11
20-07-2024 08:34:21.22  192.67   0.315  27.737   32.825   88.2  10.20  14.000   -0.05625    1.94    2.14    2.71
20-07-2024 08:34:21.47  192.73   0.315  27.736   32.824   88.2  10.20  14.000   -0.06587    2.04    2.32    2.98
20-07-2024 08:34:21.71  192.80   0.315  27.737   32.825   88.2  10.20  14.000   -0.05625    2.09    2.23    3.44
20-07-2024 08:34:21.96  192.87   0.315  27.737   32.825   88.2  10.20  14.000   -0.05033    1.98    2.42    3.41
20-07-2024 08:34:22.21  192.95   0.315  27.738   32.826   88.2  10.20  14.000   -0.06809    1.98    2.42    3.41
20-07-2024 08:34:22.46  193.01   0.315  27.738   32.825   88.2  10.20  14.000   -0.05551    2.14    2.27    3.27
20-07-2024 08:34:22.70  193.09   0.316  27.738   32.824   88.2  10.20  14.000   -0.06217    2.25    1.93    3.10
20-07-2024 08:34:22.95  193.16   0.317  27.740   32.826   88.2  10.19  14.000   -0.07253    1.90    2.12    3.29
20-07-2024 08:34:23.19  193.22   0.317  27.741   32.827   88.2  10.20  14.000   -0.07031    2.22    2.03    2.96
20-07-2024 08:34:23.44  193.29   0.317  27.740   32.825   88.2  10.19  14.000   -0.08068    2.33    2.39    3.07
20-07-2024 08:34:23.68  193.37   0.318  27.741   32.826   88.2  10.19  14.000   -0.05551    2.01    2.18    2.94
20-07-2024 08:34:23.93  193.42   0.318  27.742   32.827   88.2  10.20  14.000   -0.05995    2.01    2.18    2.94
20-07-2024 08:34:24.17  193.47   0.319  27.744   32.828   88.2  10.19  14.000   -0.06217    1.75    2.59    2.99
20-07-2024 08:34:24.42  193.56   0.320  27.744   32.828   88.2  10.19  14.000   -0.06957    1.99    2.23    3.26
20-07-2024 08:34:24.66  193.64   0.321  27.744   32.827   88.2  10.19  14.000   -0.06291    1.89    2.38    3.12
20-07-2024 08:34:24.91  193.67   0.321  27.745   32.828   88.2  10.19  14.000   -0.05773    1.94    2.32    3.29
20-07-2024 08:34:25.15  193.76   0.322  27.747   32.828   88.2  10.19  14.000   -0.06587    1.96    1.94    3.50
20-07-2024 08:34:25.40  193.84   0.323  27.747   32.828   88.2  10.19  14.000   -0.05847    2.06    1.99    2.91
20-07-2024 08:34:25.65  193.88   0.323  27.749   32.830   88.1  10.19  14.000   -0.07179    2.06    1.99    2.91
20-07-2024 08:34:25.90  193.95   0.325  27.750   32.830   88.1  10.19  14.000   -0.07402    2.18    1.99    3.17
20-07-2024 08:34:26.15  194.02   0.326  27.751   32.831   88.1  10.19  14.000   -0.05921    2.29    2.56    3.13
20-07-2024 08:34:26.39  194.11   0.326  27.750   32.828   88.1  10.19  14.000   -0.08734    2.06    1.94    3.26
20-07-2024 08:34:26.64  194.18   0.326  27.754   32.834   88.1  10.19  14.000   -0.07772    1.67    2.22    3.35
20-07-2024 08:34:26.88  194.22   0.329  27.756   32.834   88.1  10.18  14.000   -0.07550    2.00    1.95    2.91
20-07-2024 08:34:27.13  194.29   0.331  27.757   32.833   88.1  10.18  14.000   -0.06291    2.23    2.64    3.17
20-07-2024 08:34:27.37  194.37   0.332  27.759   32.833   88.1  10.18  14.000   -0.06883    2.23    2.64    3.17
20-07-2024 08:34:27.62  194.41   0.333  27.759   32.833   88.1  10.18  14.000   -0.07476    2.07    2.72    2.71
20-07-2024 08:34:27.86  194.48   0.333  27.760   32.834   88.1  10.18  14.000   -0.06143    2.29    2.39    2.96
20-07-2024 08:34:28.11  194.56   0.334  27.761   32.835   88.1  10.18  14.000   -0.04811    2.06    2.11    3.17
20-07-2024 08:34:28.35  194.63   0.335  27.762   32.834   88.1  10.18  14.000   -0.07031    2.20    2.36    3.23
20-07-2024 08:34:28.60  194.67   0.336  27.763   32.835   88.1  10.18  14.000   -0.06217    1.96    2.44    2.86
20-07-2024 08:34:28.84  194.73   0.336  27.763   32.835   88.1  10.18  14.000   -0.06957    1.96    2.44    2.86
20-07-2024 08:34:29.09  194.83   0.336  27.764   32.835   88.1  10.18  14.000   -0.08290    2.02    1.94    3.16
20-07-2024 08:34:29.34  194.87   0.337  27.763   32.834   88.1  10.18  14.000   -0.06365    2.35    2.24    2.95
20-07-2024 08:34:29.58  194.96   0.337  27.764   32.834   88.1  10.18  14.000   -0.07253    2.04    2.22    3.37
20-07-2024 08:34:29.83  195.04   0.337  27.763   32.834   88.0  10.17  14.000   -0.06439    2.20    1.42    3.09
20-07-2024 08:34:30.08  195.10   0.337  27.764   32.835   88.1  10.18  14.000   -0.07105    2.01    2.59    3.26
20-07-2024 08:34:30.32  195.17   0.337  27.764   32.834   88.0  10.17  14.000   -0.06513    1.91    2.32    2.89
20-07-2024 08:34:30.57  195.24   0.337  27.764   32.834   88.0  10.17  14.000   -0.03627    2.00    2.27    2.95
20-07-2024 08:34:30.81  195.32   0.337  27.765   32.835   88.0  10.17  14.000   -0.05995    2.00    2.27    2.95
20-07-2024 08:34:31.06  195.37   0.337  27.764   32.834   88.0  10.17  14.000   -0.06735    1.96    2.53    2.90
20-07-2024 08:34:31.30  195.44   0.337  27.764   32.834   88.0  10.17  14.000   -0.05699    1.86    2.14    3.30
20-07-2024 08:34:31.55  195.51   0.338  27.765   32.835   88.0  10.17  14.000   -0.06069    2.01    2.43    3.43
20-07-2024 08:34:31.79  195.59   0.338  27.765   32.834   88.0  10.17  14.000   -0.07846    2.09    2.14    3.26
20-07-2024 08:34:32.04  195.64   0.338  27.766   32.835   88.0  10.17  14.000   -0.08438    2.20    2.37    3.18
20-07-2024 08:34:32.28  195.69   0.338  27.765   32.834   88.0  10.17  14.000   -0.05773    2.20    2.37    3.18
20-07-2024 08:34:32.53  195.80   0.338  27.765   32.834   88.0  10.17  14.000   -0.06365    2.28    2.25    3.12
20-07-2024 08:34:32.77  195.85   0.339  27.766   32.835   88.0  10.17  14.000   -0.05329    1.89    2.74    2.86
20-07-2024 08:34:33.03  195.89   0.339  27.766   32.835   88.0  10.17  14.000   -0.07105    2.14    2.49    3.01
20-07-2024 08:34:33.27  195.97   0.340  27.767   32.835   88.0  10.17  14.000   -0.06217    2.31    1.98    3.17
20-07-2024 08:34:33.52  196.04   0.340  27.768   32.837   88.0  10.17  14.000   -0.07031    2.11    1.90    3.35
20-07-2024 08:34:33.76  196.11   0.340  27.768   32.836   88.0  10.17  14.000   -0.06735    1.99    1.96    3.10
20-07-2024 08:34:34.01  196.17   0.341  27.769   32.836   88.0  10.16  14.000   -0.07031    1.99    1.96    3.10
20-07-2024 08:34:34.26  196.25   0.341  27.769   32.836   88.0  10.17  14.000   -0.08068    2.16    2.06    3.07
20-07-2024 08:34:34.50  196.30   0.341  27.769   32.836   88.0  10.17  14.000   -0.06069    2.14    2.01    3.08
20-07-2024 08:34:34.75  196.38   0.342  27.770   32.837   88.0  10.16  14.000   -0.06217    2.08    1.98    3.30
20-07-2024 08:34:34.99  196.44   0.342  27.771   32.837   88.0  10.16  14.000   -0.06957    2.15    2.26    3.14
20-07-2024 08:34:35.24  196.52   0.343  27.773   32.839   88.0  10.16  14.000   -0.06365    2.28    2.30    3.21
20-07-2024 08:34:35.48  196.58   0.345  27.775   32.840   88.0  10.16  14.000   -0.05847    1.91    2.68    3.23
20-07-2024 08:34:35.72  196.66   0.345  27.775   32.840   87.9  10.16  14.000   -0.07253    1.91    2.68    3.23
20-07-2024 08:34:35.97  196.71   0.347  27.777   32.840   87.9  10.16  14.000   -0.07476    2.37    2.50    3.09
20-07-2024 08:34:36.22  196.76   0.347  27.777   32.839   87.9  10.16  14.000   -0.05255    2.17    2.05    3.04
20-07-2024 08:34:36.46  196.85   0.348  27.778   32.841   87.9  10.16  14.000   -0.06883    2.19    2.49    3.11
20-07-2024 08:34:36.71  196.92   0.348  27.779   32.841   87.9  10.16  14.000   -0.05847    2.08    2.30    3.46
20-07-2024 08:34:36.96  197.00   0.349  27.781   32.842   87.9  10.16  14.000   -0.05107    2.12    2.41    3.17
20-07-2024 08:34:37.22  197.06   0.350  27.783   32.843   87.9  10.16  14.000   -0.07402    2.22    2.33    3.23
20-07-2024 08:34:37.45  197.14   0.352  27.784   32.843   87.9  10.15  14.000   -0.06069    2.22    2.33    3.23
20-07-2024 08:34:37.70  197.21   0.353  27.784   32.842   87.9  10.15  14.000   -0.05699    1.94    2.04    3.09
20-07-2024 08:34:37.94  197.26   0.355  27.785   32.842   87.9  10.15  14.000   -0.05699    1.79    2.26    3.18
20-07-2024 08:34:38.19  197.35   0.356  27.785   32.842   87.9  10.15  14.000   -0.06587    2.16    2.42    2.86
20-07-2024 08:34:38.43  197.41   0.356  27.787   32.843   87.9  10.15  14.000   -0.07698    2.15    2.45    3.30
20-07-2024 08:34:38.68  197.48   0.357  27.789   32.845   87.9  10.15  14.000   -0.06957    2.09    1.89    3.31
20-07-2024 08:34:38.92  197.54   0.357  27.790   32.845   87.9  10.15  14.000   -0.05477    1.97    2.41    2.91
20-07-2024 08:34:39.17  197.63   0.358  27.789   32.843   87.9  10.15  14.000   -0.06735    1.97    2.41    2.91
20-07-2024 08:34:39.41  197.69   0.359  27.789   32.843   87.9  10.15  14.000   -0.07920    2.19    2.15    3.18
20-07-2024 08:34:39.66  197.75   0.358  27.788   32.842   87.9  10.15  14.000   -0.06513    1.74    2.19    3.21
20-07-2024 08:34:39.90  197.82   0.358  27.790   32.844   87.9  10.15  14.000   -0.06069    2.31    2.07    2.95
20-07-2024 08:34:40.15  197.91   0.359  27.789   32.843   87.9  10.15  14.000   -0.06809    2.29    2.25    3.34
20-07-2024 08:34:40.40  197.99   0.359  27.790   32.844   87.9  10.15  14.000   -0.07179    2.24    2.31    3.55
20-07-2024 08:34:40.65  198.05   0.359  27.790   32.844   87.9  10.15  14.000   -0.06883    2.11    2.16    3.28
20-07-2024 08:34:40.89  198.10   0.359  27.791   32.844   87.9  10.15  14.000   -0.06143    2.11    2.16    3.28
20-07-2024 08:34:41.14  198.17   0.360  27.791   32.844   87.8  10.14  14.000   -0.06217    2.11    2.40    3.19
20-07-2024 08:34:41.39  198.23   0.359  27.791   32.845   87.9  10.14  14.000   -0.05403    2.00    2.17    3.01
20-07-2024 08:34:41.63  198.30   0.360  27.792   32.845   87.8  10.14  14.000   -0.07105    2.00    2.50    3.26
20-07-2024 08:34:41.88  198.42   0.361  27.793   32.845   87.9  10.15  14.000   -0.07031    1.92    2.89    3.66
20-07-2024 08:34:42.12  198.47   0.362  27.794   32.845   87.8  10.14  14.000   -0.06735    1.91    1.90    3.06
20-07-2024 08:34:42.37  198.54   0.362  27.794   32.845   87.8  10.14  14.000   -0.05181    2.01    2.32    3.14
20-07-2024 08:34:42.61  198.62   0.363  27.795   32.846   87.8  10.14  14.000   -0.06513    2.01    2.32    3.14
20-07-2024 08:34:42.86  198.70   0.363  27.794   32.845   87.9  10.15  14.000   -0.06735    2.22    1.98    3.08
20-07-2024 08:34:43.10  198.72   0.363  27.797   32.848   87.8  10.14  14.000   -0.06587    2.13    2.62    3.21
20-07-2024 08:34:43.35  198.80   0.365  27.798   32.848   87.8  10.14  14.000   -0.06143    2.19    2.27    3.24
20-07-2024 08:34:43.59  198.90   0.365  27.798   32.847   87.8  10.14  14.000   -0.05181    1.95    2.53    2.88
20-07-2024 08:34:43.84  198.99   0.366  27.800   32.848   87.8  10.14  14.000   -0.07031    1.69    2.33    3.51
20-07-2024 08:34:44.09  199.04   0.367  27.800   32.848   87.8  10.14  14.000   -0.08068    2.03    2.17    3.08
20-07-2024 08:34:44.33  199.10   0.368  27.802   32.849   87.8  10.14  14.000   -0.05625    2.03    2.17    3.08
20-07-2024 08:34:44.58  199.17   0.369  27.802   32.848   87.8  10.14  14.000   -0.06291    1.93    2.14    3.46
20-07-2024 08:34:44.83  199.25   0.369  27.803   32.849   87.8  10.14  14.000   -0.04737    1.94    2.17    3.19
20-07-2024 08:34:45.07  199.31   0.370  27.804   32.849   87.8  10.14  14.000   -0.06661    2.22    2.48    3.03
20-07-2024 08:34:45.32  199.39   0.370  27.805   32.850   87.8  10.14  14.000   -0.06809    1.90    2.63    3.01
20-07-2024 08:34:45.56  199.47   0.371  27.806   32.851   87.8  10.14  14.000   -0.07624    1.86    1.92    3.19
20-07-2024 08:34:45.81  199.54   0.372  27.807   32.851   87.8  10.14  14.000   -0.07105    2.06    2.24    3.51
20-07-2024 08:34:46.05  199.60   0.373  27.807   32.851   87.8  10.14  14.000   -0.07698    2.06    2.24    3.51
20-07-2024 08:34:46.30  199.68   0.373  27.808   32.851   87.8  10.14  14.000   -0.06217    1.76    2.21    2.94
20-07-2024 08:34:46.54  199.76   0.374  27.808   32.850   87.8  10.14  14.000   -0.07846    1.97    2.54    3.14
20-07-2024 08:34:46.79  199.82   0.374  27.809   32.851   87.8  10.14  14.000   -0.05329    2.13    2.64    3.15
20-07-2024 08:34:47.03  199.89   0.374  27.809   32.851   87.8  10.14  14.000   -0.07031    2.21    2.34    3.20
20-07-2024 08:34:47.28  199.97   0.375  27.809   32.851   87.8  10.13  14.000   -0.06809    2.01    2.11    2.61
20-07-2024 08:34:47.52  200.04   0.375  27.810   32.852   87.8  10.13  14.000   -0.06069    1.99    2.34    2.99
20-07-2024 08:34:47.78  200.11   0.375  27.810   32.852   87.8  10.13  14.000   -0.06513    1.99    2.34    2.99
20-07-2024 08:34:48.03  200.17   0.375  27.810   32.851   87.8  10.13  14.000   -0.06957    2.18    2.31    3.31
20-07-2024 08:34:48.27  200.25   0.375  27.810   32.851   87.8  10.13  14.000   -0.07328    2.33    2.19    3.23
20-07-2024 08:34:48.52  200.34   0.376  27.810   32.850   87.8  10.13  14.000   -0.06735    2.00    2.29    3.21
20-07-2024 08:34:48.76  200.40   0.376  27.811   32.851   87.8  10.13  14.000   -0.05329    2.27    2.08    3.12
20-07-2024 08:34:49.01  200.44   0.376  27.811   32.852   87.8  10.13  14.000   -0.05181    2.03    2.46    2.84
20-07-2024 08:34:49.25  200.53   0.377  27.812   32.852   87.8  10.13  14.000   -0.07105    2.17    2.68    3.15
20-07-2024 08:34:49.50  200.58   0.377  27.812   32.852   87.8  10.13  14.000   -0.07402    2.17    2.68    3.15
20-07-2024 08:34:49.74  200.67   0.377  27.813   32.852   87.8  10.13  14.000   -0.05403    2.22    2.42    3.26
20-07-2024 08:34:49.99  200.74   0.377  27.814   32.853   87.8  10.13  14.000   -0.06291    2.32    2.63    3.17
20-07-2024 08:34:50.23  200.82   0.378  27.812   32.851   87.8  10.13  14.000   -0.07550    2.03    2.16    3.20
20-07-2024 08:34:50.48  200.88   0.378  27.814   32.853   87.8  10.13  14.000   -0.04441    2.12    2.03    2.50
20-07-2024 08:34:50.72  200.93   0.378  27.814   32.852   87.7  10.13  14.000   -0.06365    2.06    2.60    3.18
20-07-2024 08:34:50.97  201.02   0.378  27.814   32.853   87.7  10.12  14.000   -0.06883    1.95    2.81    3.18
20-07-2024 08:34:51.21  201.11   0.378  27.814   32.853   87.7  10.13  14.000   -0.06143    1.95    2.81    3.18
20-07-2024 08:34:51.46  201.16   0.378  27.814   32.852   87.7  10.13  14.000   -0.08068    2.06    2.15    3.21
20-07-2024 08:34:51.71  201.23   0.378  27.814   32.853   87.7  10.12  14.000   -0.06809    1.89    1.96    3.34
20-07-2024 08:34:51.96  201.28   0.379  27.814   32.851   87.7  10.12  14.000   -0.06883    2.15    1.89    3.16
20-07-2024 08:34:52.20  201.40   0.379  27.814   32.852   87.7  10.12  14.000   -0.06513    2.35    2.33    3.15
20-07-2024 08:34:52.45  201.45   0.379  27.814   32.852   87.7  10.12  14.000   -0.08216    2.02    2.50    3.22
20-07-2024 08:34:52.69  201.51   0.379  27.816   32.853   87.7  10.12  14.000   -0.06587    2.07    2.28    3.41
20-07-2024 08:34:52.94  201.57   0.379  27.815   32.852   87.7  10.12  14.000   -0.07031    2.07    2.28    3.41
20-07-2024 08:34:53.18  201.67   0.379  27.815   32.853   87.7  10.12  14.000   -0.06513    2.16    2.39    2.94
20-07-2024 08:34:53.43  201.72   0.380  27.816   32.853   87.7  10.12  14.000   -0.07772    1.85    2.78    2.93
20-07-2024 08:34:53.67  201.81   0.380  27.817   32.854   87.7  10.12  14.000   -0.05921    2.00    2.34    3.08
20-07-2024 08:34:53.92  201.88   0.380  27.818   32.855   87.7  10.12  14.000   -0.05625    2.03    2.02    3.13
20-07-2024 08:34:54.16  201.95   0.381  27.818   32.854   87.7  10.12  14.000   -0.08438    2.22    2.34    3.26
20-07-2024 08:34:54.41  202.01   0.381  27.818   32.854   87.7  10.12  14.000   -0.05699    1.98    2.70    3.26
20-07-2024 08:34:54.65  202.06   0.381  27.818   32.854   87.6  10.11  14.000   -0.07846    1.98    2.70    3.26
20-07-2024 08:34:54.90  202.12   0.381  27.818   32.854   87.7  10.12  14.000   -0.07624    1.98    2.50    3.25
20-07-2024 08:34:55.15  202.22   0.382  27.820   32.856   87.6  10.11  14.000   -0.07476    1.82    2.08    3.44
20-07-2024 08:34:55.40  202.28   0.384  27.821   32.856   87.6  10.11  14.000   -0.06809    1.81    2.24    2.84
20-07-2024 08:34:55.65  202.35   0.384  27.823   32.857   87.6  10.11  14.000   -0.04219    1.89    2.53    3.46
20-07-2024 08:34:55.89  202.42   0.385  27.824   32.857   87.6  10.11  14.000   -0.06069    1.79    2.32    3.22
20-07-2024 08:34:56.14  202.49   0.386  27.824   32.856   87.6  10.11  14.000   -0.05477    2.12    2.13    3.00
20-07-2024 08:34:56.38  202.54   0.387  27.824   32.856   87.6  10.11  14.000   -0.06809    2.12    2.13    3.00
20-07-2024 08:34:56.63  202.64   0.387  27.825   32.857   87.6  10.11  14.000   -0.08364    1.85    2.30    3.26
20-07-2024 08:34:56.87  202.70   0.388  27.825   32.856   87.6  10.11  14.000   -0.06513    2.30    2.26    3.07
20-07-2024 08:34:57.12  202.79   0.387  27.825   32.857   87.6  10.11  14.000   -0.07402    2.35    2.38    3.10
20-07-2024 08:34:57.36  202.85   0.387  27.826   32.857   87.6  10.11  14.000   -0.06291    1.84    2.26    3.17
20-07-2024 08:34:57.61  202.91   0.388  27.827   32.859   87.6  10.11  14.000   -0.07994    2.08    2.04    3.32
20-07-2024 08:34:57.85  203.00   0.389  27.827   32.857   87.6  10.11  14.000   -0.07920    1.90    2.28    3.47
20-07-2024 08:34:58.10  203.07   0.389  27.828   32.858   87.6  10.11  14.000   -0.07253    1.90    2.28    3.47
20-07-2024 08:34:58.34  203.15   0.389  27.827   32.857   87.6  10.11  14.000   -0.06291    1.85    2.33    3.28
20-07-2024 08:34:58.59  203.21   0.390  27.829   32.858   87.6  10.11  14.000   -0.05255    1.96    2.09    3.09
20-07-2024 08:34:58.84  203.27   0.390  27.829   32.859   87.6  10.11  14.000   -0.07550    2.37    1.97    2.97
20-07-2024 08:34:59.09  203.32   0.391  27.830   32.859   87.6  10.10  14.000   -0.07550    1.97    2.53    3.07
20-07-2024 08:34:59.33  203.42   0.391  27.831   32.859   87.6  10.11  14.000   -0.05921    2.03    2.36    3.37
20-07-2024 08:34:59.58  203.47   0.392  27.830   32.858   87.6  10.10  14.000   -0.05847    2.02    2.35    3.13
20-07-2024 08:34:59.82  203.51   0.392  27.832   32.860   87.6  10.10  14.000   -0.06809    2.02    2.35    3.13
20-07-2024 08:35:00.07  203.63   0.393  27.832   32.859   87.6  10.10  14.000   -0.07994    2.10    2.72    2.96
20-07-2024 08:35:00.31  203.68   0.393  27.833   32.860   87.6  10.10  14.000   -0.08512    2.19    2.42    3.21
20-07-2024 08:35:00.56  203.75   0.393  27.833   32.860   87.6  10.10  14.000   -0.04293    2.02    2.37    3.15
20-07-2024 08:35:00.80  203.85   0.394  27.833   32.859   87.6  10.10  14.000   -0.07550    2.11    1.91    3.20
20-07-2024 08:35:01.05  203.91   0.394  27.834   32.861   87.6  10.10  14.000   -0.05773    2.15    2.23    3.02
20-07-2024 08:35:01.29  203.96   0.394  27.834   32.860   87.5  10.10  14.000   -0.06587    2.18    2.32    3.19
20-07-2024 08:35:01.54  204.02   0.395  27.836   32.862   87.5  10.10  14.000   -0.07031    2.18    2.32    3.19
20-07-2024 08:35:01.78  204.13   0.396  27.835   32.860   87.5  10.10  14.000   -0.07179    2.22    2.36    2.90
20-07-2024 08:35:02.03  204.20   0.396  27.837   32.862   87.5  10.09  14.000   -0.06587    2.05    2.36    3.30
20-07-2024 08:35:02.27  204.27   0.397  27.837   32.861   87.5  10.09  14.000   -0.06513    2.15    1.85    2.99
20-07-2024 08:35:02.53  204.34   0.397  27.838   32.862   87.5  10.10  14.000   -0.06587    2.21    1.84    3.16
20-07-2024 08:35:02.77  204.38   0.397  27.837   32.861   87.5  10.09  14.000   -0.08438    2.43    2.11    3.20
20-07-2024 08:35:03.02  204.46   0.397  27.837   32.861   87.5  10.09  14.000   -0.06661    2.10    2.42    3.18
20-07-2024 08:35:03.27  204.53   0.398  27.838   32.861   87.5  10.09  14.000   -0.06661    2.10    2.42    3.18
20-07-2024 08:35:03.51  204.60   0.397  27.838   32.861   87.5  10.09  14.000   -0.05773    2.29    2.72    2.74
20-07-2024 08:35:03.76  204.68   0.398  27.837   32.860   87.5  10.09  14.000   -0.06735    2.15    1.98    2.80
20-07-2024 08:35:04.00  204.74   0.398  27.839   32.861   87.5  10.09  14.000   -0.06587    1.97    2.82    3.20
20-07-2024 08:35:04.25  204.81   0.398  27.839   32.862   87.5  10.09  14.000   -0.07179    2.11    2.25    3.03
20-07-2024 08:35:04.49  204.90   0.398  27.840   32.863   87.5  10.09  14.000   -0.06587    2.04    2.76    3.18
20-07-2024 08:35:04.74  204.97   0.399  27.840   32.862   87.5  10.09  14.000   -0.05699    2.07    2.02    3.16
20-07-2024 08:35:04.98  205.02   0.399  27.841   32.864   87.4  10.09  14.000   -0.05921    2.07    2.02    3.16
20-07-2024 08:35:05.23  205.12   0.400  27.843   32.864   87.4  10.09  14.000   -0.05625    1.79    2.26    2.97
20-07-2024 08:35:05.47  205.16   0.400  27.843   32.864   87.4  10.09  14.000   -0.07772    2.14    1.93    3.16
20-07-2024 08:35:05.72  205.25   0.401  27.844   32.864   87.4  10.08  14.000   -0.07624    1.80    2.47    3.44
20-07-2024 08:35:05.96  205.32   0.402  27.844   32.864   87.4  10.08  14.000   -0.06365    1.98    1.99    3.29
20-07-2024 08:35:06.21  205.39   0.402  27.844   32.864   87.4  10.08  14.000   -0.07624    2.02    2.49    3.32
20-07-2024 08:35:06.46  205.49   0.404  27.846   32.865   87.4  10.08  14.000   -0.04145    1.82    2.22    3.11
20-07-2024 08:35:06.71  205.52   0.404  27.848   32.867   87.4  10.08  14.000   -0.07105    1.82    2.22    3.11
20-07-2024 08:35:06.95  205.60   0.405  27.848   32.866   87.4  10.08  14.000   -0.06809    2.26    2.58    3.35
20-07-2024 08:35:07.20  205.65   0.406  27.849   32.866   87.4  10.08  14.000   -0.07772    2.19    1.98    3.14
20-07-2024 08:35:07.44  205.74   0.407  27.851   32.868   87.4  10.08  14.000   -0.06513    2.26    2.42    3.13
20-07-2024 08:35:07.69  205.82   0.408  27.852   32.868   87.4  10.08  14.000   -0.06069    2.16    2.30    3.12
20-07-2024 08:35:07.93  205.91   0.409  27.854   32.869   87.4  10.08  14.000   -0.06513    1.80    2.26    3.16
20-07-2024 08:35:08.18  205.97   0.410  27.855   32.868   87.4  10.07  14.000   -0.06513    2.11    2.39    3.19
20-07-2024 08:35:08.42  206.07   0.411  27.856   32.869   87.4  10.07  14.000   -0.05773    2.11    2.39    3.19
20-07-2024 08:35:08.67  206.14   0.412  27.857   32.870   87.3  10.07  14.000   -0.07994    2.00    2.24    3.24
20-07-2024 08:35:08.91  206.19   0.412  27.857   32.869   87.4  10.07  14.000   -0.06217    2.04    2.59    3.19
20-07-2024 08:35:09.16  206.27   0.413  27.857   32.868   87.3  10.07  14.000   -0.05329    2.04    1.83    2.86
20-07-2024 08:35:09.40  206.32   0.413  27.858   32.870   87.4  10.07  14.000   -0.06513    2.39    2.20    3.08
20-07-2024 08:35:09.65  206.38   0.414  27.858   32.869   87.3  10.07  14.000   -0.06365    2.11    2.25    3.22
20-07-2024 08:35:09.90  206.50   0.414  27.859   32.870   87.3  10.07  14.000   -0.04737    2.07    2.64    2.94
20-07-2024 08:35:10.15  206.53   0.415  27.860   32.870   87.3  10.07  14.000   -0.06513    2.07    2.64    2.94
20-07-2024 08:35:10.40  206.63   0.415  27.859   32.869   87.3  10.07  14.000   -0.05551    2.07    1.97    3.36
20-07-2024 08:35:10.64  206.67   0.415  27.859   32.869   87.3  10.07  14.000   -0.05403    1.96    2.21    3.16
20-07-2024 08:35:10.89  206.77   0.415  27.859   32.869   87.3  10.07  14.000   -0.05033    2.16    2.48    3.29
20-07-2024 08:35:11.13  206.84   0.415  27.860   32.870   87.3  10.07  14.000   -0.05107    1.73    2.21    3.29
20-07-2024 08:35:11.38  206.92   0.415  27.860   32.869   87.3  10.07  14.000   -0.06587    2.26    2.59    3.15
20-07-2024 08:35:11.62  206.97   0.416  27.860   32.870   87.3  10.06  14.000   -0.05403    2.36    2.33    3.12
20-07-2024 08:35:11.87  207.05   0.416  27.861   32.870   87.3  10.06  14.000   -0.06069    2.36    2.33    3.12
20-07-2024 08:35:12.11  207.14   0.416  27.861   32.870   87.3  10.06  14.000   -0.07179    2.03    2.04    3.26
20-07-2024 08:35:12.36  207.16   0.416  27.860   32.869   87.3  10.07  14.000   -0.06513    1.94    2.58    3.40
20-07-2024 08:35:12.60  207.25   0.416  27.860   32.869   87.3  10.06  14.000   -0.06069    2.26    2.31    3.48
20-07-2024 08:35:12.85  207.31   0.416  27.862   32.871   87.3  10.06  14.000   -0.05477    1.80    2.51    3.21
20-07-2024 08:35:13.09  207.39   0.416  27.861   32.870   87.3  10.06  14.000   -0.06661    2.28    2.49    3.34
20-07-2024 08:35:13.34  207.47   0.416  27.862   32.870   87.3  10.06  14.000   -0.05551    2.28    2.49    3.34
20-07-2024 08:35:13.59  207.55   0.416  27.861   32.870   87.3  10.06  14.000   -0.05403    1.82    2.22    3.18
20-07-2024 08:35:13.83  207.62   0.416  27.862   32.870   87.3  10.06  14.000   -0.04959    2.21    2.13    3.39
20-07-2024 08:35:14.08  207.68   0.416  27.862   32.871   87.3  10.06  14.000   -0.06143    1.96    2.13    3.47
20-07-2024 08:35:14.33  207.73   0.417  27.862   32.870   87.3  10.06  14.000   -0.05329    2.25    2.17    3.12
20-07-2024 08:35:14.57  207.83   0.417  27.862   32.870   87.2  10.06  14.000   -0.08068    1.96    1.96    3.04
20-07-2024 08:35:14.82  207.90   0.417  27.863   32.871   87.2  10.06  14.000   -0.06365    2.24    1.70    3.03
20-07-2024 08:35:15.06  207.97   0.418  27.863   32.870   87.2  10.06  14.000   -0.05625    2.24    1.70    3.03
20-07-2024 08:35:15.31  208.03   0.418  27.863   32.871   87.3  10.06  14.000   -0.06661    2.14    2.56    3.01
20-07-2024 08:35:15.56  208.11   0.418  27.864   32.871   87.2  10.06  14.000   -0.04663    2.06    2.35    3.05
20-07-2024 08:35:15.80  208.20   0.419  27.865   32.872   87.2  10.05  14.000   -0.06883    2.03    2.38    2.93
20-07-2024 08:35:16.05  208.25   0.419  27.866   32.872   87.2  10.05  14.000   -0.07920    1.84    2.66    3.06
20-07-2024 08:35:16.29  208.32   0.420  27.867   32.872   87.2  10.05  14.000   -0.07031    2.07    2.83    3.01
20-07-2024 08:35:16.54  208.39   0.420  27.866   32.872   87.2  10.05  14.000   -0.06143    2.42    2.68    3.12
20-07-2024 08:35:16.78  208.46   0.420  27.866   32.872   87.2  10.05  14.000   -0.07402    2.42    2.68    3.12
20-07-2024 08:35:17.03  208.58   0.421  27.867   32.872   87.2  10.05  14.000   -0.06439    2.27    2.66    3.29
20-07-2024 08:35:17.28  208.62   0.421  27.867   32.872   87.2  10.05  14.000   -0.06513    2.29    2.18    3.49
20-07-2024 08:35:17.52  208.68   0.420  27.868   32.873   87.2  10.05  14.000   -0.07624    2.22    2.34    2.84
20-07-2024 08:35:17.77  208.76   0.421  27.867   32.872   87.2  10.05  14.000   -0.07031    1.88    2.24    3.34
20-07-2024 08:35:18.02  208.86   0.420  27.867   32.873   87.2  10.05  14.000   -0.06513    2.29    2.06    3.45
20-07-2024 08:35:18.26  208.88   0.421  27.868   32.872   87.2  10.05  14.000   -0.06291    2.04    2.32    2.91
20-07-2024 08:35:18.51  208.98   0.421  27.868   32.873   87.2  10.05  14.000   -0.04293    2.04    2.32    2.91
20-07-2024 08:35:18.75  209.07   0.421  27.868   32.872   87.2  10.05  14.000   -0.05107    2.00    2.56    3.00
20-07-2024 08:35:19.00  209.10   0.422  27.869   32.874   87.2  10.05  14.000   -0.04441    1.97    1.98    3.27
20-07-2024 08:35:19.24  209.18   0.422  27.868   32.872   87.2  10.05  14.000   -0.07253    1.93    2.04    3.13
20-07-2024 08:35:19.49  209.26   0.422  27.868   32.872   87.2  10.05  14.000   -0.05995    2.22    2.07    3.11
20-07-2024 08:35:19.73  209.32   0.422  27.870   32.874   87.1  10.04  14.000   -0.06587    2.34    1.99    3.27
20-07-2024 08:35:19.98  209.41   0.422  27.870   32.874   87.1  10.04  14.000   -0.07031    2.32    2.12    3.26
20-07-2024 08:35:20.22  209.49   0.422  27.870   32.874   87.1  10.04  14.000   -0.07031    2.32    2.12    3.26
20-07-2024 08:35:20.47  209.57   0.423  27.871   32.874   87.1  10.04  14.000   -0.07994    2.17    2.61    3.32
20-07-2024 08:35:20.71  209.65   0.423  27.870   32.873   87.1  10.04  14.000   -0.06587    1.79    2.44    3.33
20-07-2024 08:35:20.96  209.71   0.423  27.870   32.874   87.1  10.04  14.000   -0.06809    2.31    2.23    3.25
20-07-2024 08:35:21.22  209.77   0.422  27.870   32.874   87.1  10.04  14.000   -0.04811    2.03    2.95    2.90
20-07-2024 08:35:21.46  209.86   0.423  27.870   32.872   87.1  10.04  14.000   -0.06365    2.12    2.16    3.06
20-07-2024 08:35:21.70  209.94   0.422  27.870   32.874   87.1  10.04  14.000   -0.04737    2.05    2.06    3.39
20-07-2024 08:35:21.95  210.00   0.423  27.871   32.874   87.1  10.04  14.000   -0.07179    2.05    2.06    3.39
20-07-2024 08:35:22.20  210.11   0.423  27.870   32.873   87.1  10.04  14.000   -0.07031    2.04    1.86    3.30
20-07-2024 08:35:22.44  210.15   0.423  27.870   32.872   87.1  10.04  14.000   -0.03553    1.88    2.24    3.39
20-07-2024 08:35:22.69  210.22   0.423  27.871   32.874   87.1  10.04  14.000   -0.07994    1.98    2.49    3.46
20-07-2024 08:35:22.93  210.30   0.423  27.870   32.873   87.1  10.04  14.000   -0.05773    2.25    2.62    3.30
20-07-2024 08:35:23.18  210.38   0.423  27.871   32.873   87.1  10.04  14.000   -0.05847    1.87    2.56    2.79
20-07-2024 08:35:23.42  210.44   0.423  27.871   32.874   87.1  10.04  14.000   -0.05181    2.15    2.13    3.12
20-07-2024 08:35:23.66  210.55   0.423  27.870   32.873   87.1  10.04  14.000   -0.04293    2.15    2.13    3.12
20-07-2024 08:35:23.91  210.59   0.423  27.871   32.874   87.1  10.04  14.000   -0.05847    1.74    2.16    3.11
20-07-2024 08:35:24.16  210.69   0.423  27.872   32.874   87.1  10.04  14.000   -0.05995    2.20    2.24    3.15
20-07-2024 08:35:24.40  210.74   0.423  27.871   32.874   87.1  10.04  14.000   -0.07624    2.24    2.00    3.00
20-07-2024 08:35:24.65  210.80   0.423  27.871   32.874   87.1  10.04  14.000   -0.05403    2.38    2.83    3.18
20-07-2024 08:35:24.90  210.90   0.423  27.871   32.873   87.1  10.04  14.000   -0.05847    2.32    2.36    3.31
20-07-2024 08:35:25.15  210.96   0.423  27.871   32.873   87.1  10.04  14.000   -0.06957    2.04    2.41    3.28
20-07-2024 08:35:25.39  211.03   0.423  27.872   32.874   87.1  10.04  14.000   -0.07105    2.04    2.41    3.28
20-07-2024 08:35:25.64  211.09   0.423  27.871   32.873   87.1  10.04  14.000   -0.06957    2.02    2.41    3.17
20-07-2024 08:35:25.88  211.18   0.423  27.872   32.874   87.1  10.04  14.000   -0.05773    2.00    2.73    3.03
20-07-2024 08:35:26.13  211.21   0.423  27.873   32.875   87.1  10.04  14.000   -0.07031    1.84    2.54    3.40
20-07-2024 08:35:26.37  211.30   0.424  27.873   32.874   87.0  10.03  14.000   -0.06143    1.96    2.70    3.23
20-07-2024 08:35:26.62  211.38   0.424  27.872   32.874   87.1  10.04  14.000   -0.04959    2.06    2.24    3.52
20-07-2024 08:35:26.86  211.44   0.425  27.874   32.875   87.1  10.04  14.000   -0.06217    2.20    2.20    2.89
20-07-2024 08:35:27.11  211.53   0.425  27.873   32.874   87.1  10.04  14.000   -0.05995    2.20    2.20    2.89
20-07-2024 08:35:27.35  211.59   0.425  27.873   32.874   87.1  10.03  14.000   -0.05403    2.29    2.23    2.93
20-07-2024 08:35:27.60  211.68   0.426  27.876   32.877   87.1  10.03  14.000   -0.04367    1.83    2.50    3.12
20-07-2024 08:35:27.84  211.76   0.426  27.877   32.877   87.1  10.03  14.000   -0.05625    2.06    2.43    3.05
20-07-2024 08:35:28.09  211.80   0.427  27.878   32.878   87.1  10.03  14.000   -0.04885    1.78    2.39    3.07
20-07-2024 08:35:28.34  211.88   0.428  27.879   32.878   87.0  10.03  14.000   -0.07920    2.08    2.07    3.19
20-07-2024 08:35:28.58  211.98   0.429  27.880   32.878   87.1  10.03  14.000   -0.07105    1.95    2.37    3.53
20-07-2024 08:35:28.83  212.04   0.430  27.880   32.877   87.0  10.03  14.000   -0.08290    1.95    2.37    3.53
20-07-2024 08:35:29.08  212.10   0.430  27.881   32.878   87.0  10.03  14.000   -0.07402    2.14    2.11    3.16
20-07-2024 08:35:29.32  212.17   0.431  27.881   32.877   87.0  10.03  14.000   -0.05551    1.75    2.28    2.72
20-07-2024 08:35:29.57  212.23   0.431  27.881   32.877   87.0  10.03  14.000   -0.07772    2.10    2.05    2.98
20-07-2024 08:35:29.81  212.32   0.431  27.881   32.877   87.0  10.03  14.000   -0.04885    2.11    2.97    3.08
20-07-2024 08:35:30.06  212.43   0.432  27.881   32.876   87.0  10.03  14.000   -0.05255    2.14    2.42    3.06
20-07-2024 08:35:30.30  212.48   0.431  27.881   32.877   87.0  10.03  14.000   -0.05699    2.32    2.23    3.20
20-07-2024 08:35:30.55  212.53   0.432  27.883   32.878   87.0  10.03  14.000   -0.07179    2.32    2.23    3.20
20-07-2024 08:35:30.79  212.62   0.431  27.881   32.877   87.0  10.03  14.000   -0.06143    2.01    1.97    2.93
20-07-2024 08:35:31.04  212.68   0.431  27.882   32.878   87.0  10.03  14.000   -0.05921    1.91    2.44    3.06
20-07-2024 08:35:31.28  212.76   0.432  27.881   32.876   87.0  10.03  14.000   -0.06069    2.13    2.43    2.87
20-07-2024 08:35:31.53  212.85   0.431  27.881   32.877   87.0  10.03  14.000   -0.05107    2.40    2.60    3.08
20-07-2024 08:35:31.78  212.89   0.432  27.882   32.877   87.0  10.03  14.000   -0.06809    1.68    2.25    2.80
20-07-2024 08:35:32.03  212.96   0.431  27.883   32.878   87.0  10.02  14.000   -0.06143    1.96    2.52    2.86
20-07-2024 08:35:32.27  213.03   0.431  27.882   32.878   87.0  10.02  14.000   -0.05551    1.96    2.52    2.86
20-07-2024 08:35:32.52  213.13   0.431  27.883   32.879   87.0  10.02  14.000   -0.04663    2.27    2.94    3.07
20-07-2024 08:35:32.77  213.21   0.432  27.883   32.878   87.0  10.02  14.000   -0.06069    1.99    2.54    3.39
20-07-2024 08:35:33.01  213.30   0.432  27.883   32.878   87.0  10.02  14.000   -0.06883    1.96    2.42    3.27
20-07-2024 08:35:33.26  213.33   0.432  27.883   32.878   87.0  10.02  14.000   -0.05625    2.29    2.06    3.03
20-07-2024 08:35:33.50  213.42   0.432  27.883   32.879   87.0  10.02  14.000   -0.06661    2.21    2.17    2.84
20-07-2024 08:35:33.75  213.48   0.432  27.884   32.879   87.0  10.02  14.000   -0.06883    2.32    2.18    3.10
20-07-2024 08:35:33.99  213.52   0.432  27.883   32.877   87.0  10.02  14.000   -0.06365    2.32    2.18    3.10
20-07-2024 08:35:34.24  213.62   0.432  27.884   32.879   87.0  10.02  14.000   -0.07031    2.17    2.24    3.45
20-07-2024 08:35:34.48  213.69   0.433  27.884   32.878   87.0  10.02  14.000   -0.06365    2.07    2.16    2.98
20-07-2024 08:35:34.73  213.79   0.433  27.884   32.878   87.0  10.02  14.000   -0.06735    2.07    2.26    3.29
20-07-2024 08:35:34.97  213.84   0.433  27.883   32.877   87.0  10.02  14.000   -0.06365    2.01    2.53    2.96
20-07-2024 08:35:35.22  213.90   0.432  27.884   32.879   87.0  10.02  14.000   -0.05107    2.27    2.37    3.13
20-07-2024 08:35:35.46  213.99   0.433  27.884   32.879   87.0  10.02  14.000   -0.06957    2.14    2.50    2.86
20-07-2024 08:35:35.71  214.08   0.433  27.885   32.879   87.0  10.02  14.000   -0.05773    2.14    2.50    2.86
20-07-2024 08:35:35.96  214.15   0.433  27.885   32.880   86.9  10.02  14.000   -0.03849    1.83    2.21    3.23
20-07-2024 08:35:36.21  214.21   0.433  27.884   32.878   86.9  10.02  14.000   -0.06217    1.95    2.48    3.28
20-07-2024 08:35:36.45  214.28   0.433  27.884   32.878   86.9  10.02  14.000   -0.06291    2.29    2.36    3.21
20-07-2024 08:35:36.70  214.38   0.433  27.885   32.879   86.9  10.02  14.000   -0.03997    2.01    2.39    3.38
20-07-2024 08:35:36.95  214.43   0.433  27.885   32.879   86.9  10.02  14.000   -0.05847    1.76    2.12    3.21
20-07-2024 08:35:37.19  214.51   0.433  27.885   32.878   86.9  10.02  14.000   -0.06957    1.99    2.35    3.27
20-07-2024 08:35:37.43  214.60   0.434  27.885   32.878   86.9  10.01  14.000   -0.06143    1.99    2.35    3.27
20-07-2024 08:35:37.68  214.64   0.433  27.885   32.879   86.9  10.02  14.000   -0.05773    2.03    1.86    3.13
20-07-2024 08:35:37.93  214.71   0.434  27.885   32.879   86.9  10.01  14.000   -0.07698    2.14    2.39    2.94
20-07-2024 08:35:38.17  214.80   0.434  27.887   32.880   86.9  10.01  14.000   -0.06957    2.00    2.05    3.17
20-07-2024 08:35:38.42  214.88   0.434  27.887   32.880   86.9  10.02  14.000   -0.07698    2.33    2.15    3.19
20-07-2024 08:35:38.66  214.93   0.434  27.888   32.881   86.9  10.01  14.000   -0.06291    2.11    2.28    2.99
20-07-2024 08:35:38.91  214.99   0.435  27.887   32.880   86.9  10.01  14.000   -0.05255    1.94    2.14    3.15
20-07-2024 08:35:39.15  215.09   0.435  27.888   32.880   86.9  10.01  14.000   -0.06883    1.94    2.14    3.15
20-07-2024 08:35:39.40  215.18   0.436  27.889   32.881   86.9  10.01  14.000   -0.05995    2.20    2.32    3.36
20-07-2024 08:35:39.65  215.21   0.436  27.889   32.880   86.9  10.01  14.000   -0.06365    2.13    2.26    3.13
20-07-2024 08:35:39.90  215.30   0.436  27.890   32.881   86.9  10.01  14.000   -0.06587    2.34    2.07    3.13
20-07-2024 08:35:40.14  215.37   0.437  27.891   32.881   86.9  10.01  14.000   -0.06513    1.97    2.24    3.10
20-07-2024 08:35:40.39  215.46   0.438  27.890   32.880   86.9  10.01  14.000   -0.05329    2.36    2.00    3.14
20-07-2024 08:35:40.63  215.52   0.438  27.891   32.881   86.9  10.01  14.000   -0.04959    2.33    2.42    2.85
20-07-2024 08:35:40.88  215.58   0.438  27.892   32.881   86.9  10.01  14.000   -0.07698    2.33    2.42    2.85
20-07-2024 08:35:41.12  215.65   0.439  27.891   32.880   86.9  10.01  14.000   -0.06143    1.98    2.26    3.46
20-07-2024 08:35:41.37  215.72   0.438  27.892   32.881   86.9  10.01  14.000   -0.05551    2.10    2.22    3.32
20-07-2024 08:35:41.61  215.83   0.439  27.893   32.882   86.9  10.01  14.000   -0.07550    2.09    2.16    3.05
20-07-2024 08:35:41.86  215.88   0.438  27.893   32.882   86.9  10.01  14.000   -0.06957    1.95    2.21    3.16
20-07-2024 08:35:42.10  215.96   0.439  27.893   32.882   86.9  10.01  14.000   -0.06883    2.08    2.51    3.13
20-07-2024 08:35:42.35  216.04   0.439  27.893   32.881   86.9  10.01  14.000   -0.05625    1.98    2.51    2.85
20-07-2024 08:35:42.60  216.13   0.439  27.893   32.882   86.9  10.01  14.000   -0.05995    1.98    2.51    2.85
20-07-2024 08:35:42.84  216.19   0.439  27.893   32.882   86.9  10.01  14.000   -0.06735    2.14    2.14    3.19
20-07-2024 08:35:43.10  216.25   0.440  27.894   32.883   86.9  10.01  14.000   -0.06069    2.05    2.28    3.50
20-07-2024 08:35:43.33  216.32   0.440  27.894   32.882   86.9  10.01  14.000   -0.06661    2.25    2.48    3.58
20-07-2024 08:35:43.58  216.41   0.440  27.894   32.882   86.9  10.01  14.000   -0.06513    2.05    2.31    3.00
20-07-2024 08:35:43.83  216.47   0.440  27.894   32.882   86.8  10.01  14.000   -0.08216    1.95    2.63    3.37
20-07-2024 08:35:44.07  216.55   0.440  27.894   32.881   86.8  10.00  14.000   -0.07328    2.04    2.27    3.26
20-07-2024 08:35:44.32  216.64   0.440  27.893   32.881   86.9  10.01  14.000   -0.06957    2.04    2.27    3.26
20-07-2024 08:35:44.56  216.71   0.440  27.894   32.881   86.8  10.00  14.000   -0.06883    1.83    2.52    3.04
20-07-2024 08:35:44.81  216.78   0.440  27.894   32.882   86.8  10.01  14.000   -0.06809    1.88    2.15    3.30
20-07-2024 08:35:45.05  216.86   0.440  27.894   32.882   86.8  10.00  14.000   -0.05477    1.78    2.40    3.18
20-07-2024 08:35:45.30  216.96   0.440  27.895   32.883   86.8  10.00  14.000   -0.06809    1.69    2.10    3.39
20-07-2024 08:35:45.54  217.00   0.441  27.895   32.882   86.8  10.00  14.000   -0.06143    2.15    2.29    2.85
20-07-2024 08:35:45.79  217.07   0.441  27.896   32.883   86.8  10.00  14.000   -0.04589    2.05    2.68    3.22
20-07-2024 08:35:46.03  217.17   0.441  27.895   32.882   86.8  10.00  14.000   -0.06661    2.05    2.68    3.22
20-07-2024 08:35:46.28  217.25   0.442  27.896   32.882   86.8  10.00  14.000   -0.06809    1.90    2.08    3.15
20-07-2024 08:35:46.53  217.30   0.441  27.895   32.882   86.8  10.00  14.000   -0.07328    2.11    2.58    3.00
20-07-2024 08:35:46.78  217.39   0.441  27.897   32.884   86.8  10.00  14.000   -0.05773    2.21    2.01    2.96
20-07-2024 08:35:47.02  217.45   0.441  27.895   32.882   86.8  10.00  14.000   -0.06217    2.23    1.92    3.10
20-07-2024 08:35:47.27  217.54   0.442  27.897   32.883   86.8  10.00  14.000   -0.06291    1.98    2.57    3.27
20-07-2024 08:35:47.52  217.62   0.442  27.897   32.883   86.8  10.00  14.000   -0.04219    1.99    2.59    2.79
20-07-2024 08:35:47.76  217.67   0.442  27.897   32.883   86.8  10.00  14.000   -0.04811    1.99    2.59    2.79
20-07-2024 08:35:48.01  217.76   0.442  27.897   32.883   86.8  10.00  14.000   -0.04959    2.01    2.38    3.12
20-07-2024 08:35:48.25  217.87   0.443  27.898   32.883   86.8  10.00  14.000   -0.07402    1.93    1.98    3.35
20-07-2024 08:35:48.50  217.91   0.442  27.898   32.884   86.8  10.00  14.000   -0.05995    1.92    2.43    2.94
20-07-2024 08:35:48.74  218.01   0.443  27.898   32.883   86.8  10.00  14.000   -0.06957    2.00    2.33    3.04
20-07-2024 08:35:48.99  218.05   0.442  27.897   32.883   86.8  10.00  14.000   -0.06957    2.06    2.25    3.23
20-07-2024 08:35:49.23  218.12   0.442  27.898   32.884   86.8  10.00  14.000   -0.05329    1.80    2.20    3.24
20-07-2024 08:35:49.48  218.23   0.442  27.898   32.884   86.8  10.00  14.000   -0.06587    1.80    2.20    3.24
20-07-2024 08:35:49.72  218.30   0.442  27.898   32.884   86.8  10.00  14.000   -0.05329    2.05    2.40    3.20
20-07-2024 08:35:49.97  218.37   0.442  27.898   32.883   86.8  10.00  14.000   -0.06957    2.38    2.62    3.31
20-07-2024 08:35:50.21  218.46   0.443  27.897   32.882   86.8  10.00  14.000   -0.05921    1.56    2.52    3.31
20-07-2024 08:35:50.47  218.52   0.443  27.899   32.884   86.8  10.00  14.000   -0.04811    2.18    2.32    3.55
20-07-2024 08:35:50.71  218.61   0.444  27.898   32.882   86.8  10.00  14.000   -0.06883    1.98    2.58    3.40
20-07-2024 08:35:50.96  218.68   0.443  27.899   32.884   86.8  10.00  14.000   -0.04219    2.00    2.27    3.27
20-07-2024 08:35:51.21  218.72   0.444  27.898   32.883   86.8  10.00  14.000   -0.07476    2.00    2.27    3.27
20-07-2024 08:35:51.45  218.85   0.443  27.898   32.883   86.8  10.00  14.000   -0.04219    2.02    2.56    3.64
20-07-2024 08:35:51.70  218.89   0.443  27.899   32.884   86.8  10.00  14.000   -0.03923    2.01    1.78    3.23
20-07-2024 08:35:51.94  218.97   0.444  27.900   32.884   86.8  10.00  14.000   -0.06365    2.07    2.06    2.86
20-07-2024 08:35:52.19  219.06   0.444  27.899   32.883   86.8   9.99  14.000   -0.05921    2.25    1.92    3.26
20-07-2024 08:35:52.43  219.11   0.444  27.899   32.883   86.8  10.00  14.000   -0.04589    2.15    2.55    3.13
20-07-2024 08:35:52.68  219.20   0.444  27.900   32.885   86.8   9.99  14.000   -0.06365    1.80    2.21    2.92
20-07-2024 08:35:52.92  219.27   0.444  27.900   32.884   86.8   9.99  14.000   -0.05625    1.80    2.21    2.92
20-07-2024 08:35:53.17  219.35   0.444  27.901   32.884   86.8   9.99  14.000   -0.04959    1.86    2.73    3.23
20-07-2024 08:35:53.41  219.42   0.445  27.902   32.885   86.8   9.99  14.000   -0.06439    2.00    2.43    3.21
20-07-2024 08:35:53.66  219.51   0.446  27.902   32.885   86.8   9.99  14.000   -0.05181    2.09    2.07    2.95
20-07-2024 08:35:53.90  219.54   0.446  27.902   32.885   86.8   9.99  14.000   -0.05847    1.98    1.94    3.01
20-07-2024 08:35:54.16  219.62   0.446  27.902   32.885   86.8  10.00  14.000   -0.05033    2.06    2.65    3.20
20-07-2024 08:35:54.40  219.71   0.446  27.903   32.885   86.8   9.99  14.000   -0.06143    2.06    2.65    3.20
20-07-2024 08:35:54.65  219.77   0.446  27.902   32.884   86.8   9.99  14.000   -0.07105    2.08    1.89    3.45
20-07-2024 08:35:54.89  219.83   0.446  27.902   32.884   86.7   9.99  14.000   -0.06587    1.85    2.65    3.31
20-07-2024 08:35:55.14  219.90   0.446  27.902   32.885   86.8   9.99  14.000   -0.06661    1.80    2.75    3.26
20-07-2024 08:35:55.38  220.00   0.446  27.902   32.884   86.7   9.99  14.000   -0.05625    2.08    2.21    3.38
20-07-2024 08:35:55.63  220.06   0.446  27.902   32.884   86.7   9.99  14.000   -0.05329    2.15    2.30    3.08
20-07-2024 08:35:55.87  220.14   0.446  27.902   32.884   86.7   9.99  14.000   -0.07920    1.96    2.51    2.88
20-07-2024 08:35:56.12  220.21   0.446  27.899   32.881   86.7   9.99  14.000   -0.05699    1.96    2.51    2.88
20-07-2024 08:35:56.36  220.27   0.446  27.904   32.886   86.7   9.99  14.000   -0.07105    1.87    2.44    3.34
20-07-2024 08:35:56.61  220.35   0.447  27.903   32.885   86.7   9.99  14.000   -0.05403    1.92    1.87    3.42
20-07-2024 08:35:56.85  220.41   0.446  27.903   32.885   86.7   9.99  14.000   -0.05255    2.24    2.08    3.00
20-07-2024 08:35:57.10  220.47   0.446  27.902   32.884   86.7   9.99  14.000   -0.05255    2.09    2.62    3.09
20-07-2024 08:35:57.34  220.59   0.446  27.903   32.885   86.7   9.99  14.000   -0.05403    2.40    2.42    3.34
20-07-2024 08:35:57.59  220.63   0.447  27.903   32.884   86.7   9.99  14.000   -0.06587    1.96    2.58    3.39
20-07-2024 08:35:57.84  220.71   0.446  27.903   32.885   86.7   9.99  14.000   -0.06661    1.96    2.58    3.39
20-07-2024 08:35:58.09  220.78   0.447  27.904   32.885   86.7   9.99  14.000   -0.07476    2.04    2.32    3.12
20-07-2024 08:35:58.34  220.87   0.447  27.904   32.885   86.7   9.99  14.000   -0.07105    2.00    2.27    3.15
20-07-2024 08:35:58.58  220.91   0.447  27.904   32.885   86.7   9.99  14.000   -0.05995    1.65    2.35    3.43
20-07-2024 08:35:58.83  221.03   0.447  27.905   32.886   86.7   9.99  14.000   -0.05551    2.05    2.45    3.09
20-07-2024 08:35:59.07  221.08   0.447  27.905   32.886   86.7   9.99  14.000   -0.05403    2.16    2.12    3.09
20-07-2024 08:35:59.32  221.13   0.447  27.905   32.885   86.7   9.99  14.000   -0.05921    2.20    2.13    3.25
20-07-2024 08:35:59.56  221.20   0.448  27.905   32.885   86.7   9.99  14.000   -0.06217    2.20    2.13    3.25
20-07-2024 08:35:59.81  221.28   0.448  27.905   32.886   86.7   9.99  14.000   -0.05329    1.98    2.52    3.16
20-07-2024 08:36:00.05  221.37   0.448  27.905   32.885   86.7   9.99  14.000   -0.03775    1.97    2.35    3.04
20-07-2024 08:36:00.30  221.47   0.447  27.905   32.885   86.7   9.99  14.000   -0.06143    2.25    2.21    3.35
20-07-2024 08:36:00.54  221.51   0.448  27.906   32.886   86.7   9.99  14.000   -0.06587    2.17    2.11    3.26
20-07-2024 08:36:00.79  221.57   0.448  27.905   32.885   86.7   9.99  14.000   -0.05107    2.19    2.50    3.38
20-07-2024 08:36:01.03  221.64   0.448  27.906   32.886   86.7   9.99  14.000   -0.06217    2.14    2.01    3.63
20-07-2024 08:36:01.28  221.73   0.448  27.905   32.885   86.7   9.99  14.000   -0.07179    2.14    2.01    3.63
20-07-2024 08:36:01.53  221.79   0.448  27.905   32.886   86.7   9.99  14.000   -0.05773    2.07    2.82    3.39
20-07-2024 08:36:01.77  221.87   0.447  27.905   32.885   86.7   9.99  14.000   -0.03997    1.99    2.43    3.29
20-07-2024 08:36:02.02  221.95   0.447  27.905   32.885   86.7   9.99  14.000   -0.06069    2.17    2.01    2.93
20-07-2024 08:36:02.27  222.02   0.448  27.906   32.886   86.7   9.99  14.000   -0.06809    2.24    2.57    3.12
20-07-2024 08:36:02.51  222.07   0.448  27.906   32.886   86.7   9.99  14.000   -0.06957    1.82    2.50    3.17
20-07-2024 08:36:02.76  222.16   0.448  27.905   32.885   86.7   9.98  14.000   -0.04885    2.09    2.34    3.39
20-07-2024 08:36:03.00  222.24   0.448  27.906   32.886   86.7   9.98  14.000   -0.05699    2.09    2.34    3.39
20-07-2024 08:36:03.25  222.31   0.449  27.906   32.885   86.7   9.98  14.000   -0.06957    2.33    2.06    3.40
20-07-2024 08:36:03.49  222.38   0.449  27.907   32.886   86.7   9.98  14.000   -0.03923    1.97    2.43    3.13
20-07-2024 08:36:03.74  222.48   0.448  27.907   32.886   86.7   9.98  14.000   -0.06439    2.23    2.19    3.45
20-07-2024 08:36:03.98  222.55   0.449  27.906   32.885   86.7   9.98  14.000   -0.05773    2.01    2.33    3.13
20-07-2024 08:36:04.23  222.61   0.448  27.906   32.885   86.7   9.98  14.000   -0.05625    1.81    1.87    3.18
20-07-2024 08:36:04.47  222.69   0.448  27.907   32.886   86.7   9.98  14.000   -0.05625    2.08    2.14    3.23
20-07-2024 08:36:04.72  222.76   0.449  27.907   32.886   86.7   9.98  14.000   -0.06143    2.08    2.14    3.23
20-07-2024 08:36:04.96  222.87   0.449  27.907   32.886   86.7   9.98  14.000   -0.06365    2.00    1.94    3.02
20-07-2024 08:36:05.22  222.92   0.449  27.907   32.885   86.7   9.98  14.000   -0.05477    1.94    2.77    3.13
20-07-2024 08:36:05.46  222.97   0.449  27.906   32.885   86.7   9.98  14.000   -0.05847    1.87    2.05    2.95
20-07-2024 08:36:05.71  223.05   0.449  27.907   32.886   86.7   9.98  14.000   -0.06587    2.19    2.51    3.18
20-07-2024 08:36:05.96  223.14   0.449  27.907   32.886   86.7   9.98  14.000   -0.07253    1.96    2.48    3.24
20-07-2024 08:36:06.20  223.20   0.449  27.907   32.886   86.7   9.98  14.000   -0.05699    2.13    2.32    3.20
20-07-2024 08:36:06.44  223.27   0.449  27.908   32.887   86.7   9.98  14.000   -0.08068    2.13    2.32    3.20
20-07-2024 08:36:06.69  223.35   0.449  27.908   32.887   86.7   9.98  14.000   -0.07550    2.13    2.21    3.18
20-07-2024 08:36:06.94  223.42   0.450  27.909   32.887   86.7   9.98  14.000   -0.06513    1.89    2.02    3.27
20-07-2024 08:36:07.18  223.51   0.450  27.909   32.887   86.7   9.98  14.000   -0.07031    2.26    2.58    3.06
20-07-2024 08:36:07.43  223.58   0.450  27.910   32.888   86.7   9.98  14.000   -0.05995    2.12    2.65    2.90
20-07-2024 08:36:07.67  223.65   0.450  27.910   32.888   86.7   9.98  14.000   -0.07402    2.15    2.21    2.76
20-07-2024 08:36:07.92  223.74   0.451  27.911   32.889   86.7   9.98  14.000   -0.07031    2.10    2.43    3.50
20-07-2024 08:36:08.16  223.78   0.451  27.912   32.889   86.6   9.98  14.000   -0.06143    2.10    2.43    3.50
20-07-2024 08:36:08.41  223.87   0.452  27.912   32.888   86.7   9.98  14.000   -0.05477    2.22    2.12    2.93
20-07-2024 08:36:08.65  223.96   0.453  27.912   32.888   86.7   9.98  14.000   -0.07179    1.97    2.41    3.05
20-07-2024 08:36:08.90  224.01   0.452  27.912   32.888   86.7   9.98  14.000   -0.07179    2.21    2.19    3.38
20-07-2024 08:36:09.15  224.11   0.453  27.913   32.888   86.6   9.98  14.000   -0.04959    2.04    2.44    3.02
20-07-2024 08:36:09.40  224.18   0.454  27.913   32.888   86.7   9.98  14.000   -0.06365    1.94    2.22    3.19
20-07-2024 08:36:09.64  224.28   0.454  27.914   32.889   86.7   9.98  14.000   -0.06513    1.87    2.20    2.98
20-07-2024 08:36:09.89  224.31   0.454  27.914   32.889   86.7   9.98  14.000   -0.08364    1.87    2.20    2.98
20-07-2024 08:36:10.13  224.40   0.455  27.914   32.888   86.7   9.98  14.000   -0.07772    2.16    2.50    3.25
20-07-2024 08:36:10.38  224.46   0.455  27.916   32.890   86.6   9.98  14.000   -0.06291    1.95    2.52    3.04
20-07-2024 08:36:10.62  224.53   0.455  27.915   32.889   86.7   9.98  14.000   -0.05107    2.31    2.54    3.19
20-07-2024 08:36:10.87  224.63   0.455  27.916   32.889   86.6   9.98  14.000   -0.04589    1.97    2.41    3.52
20-07-2024 08:36:11.11  224.71   0.456  27.915   32.889   86.6   9.98  14.000   -0.07105    1.98    2.38    3.05
20-07-2024 08:36:11.36  224.76   0.456  27.917   32.890   86.7   9.98  14.000   -0.07328    2.16    2.63    2.87
20-07-2024 08:36:11.60  224.81   0.456  27.916   32.889   86.6   9.98  14.000   -0.06735    2.16    2.63    2.87
20-07-2024 08:36:11.85  224.90   0.456  27.917   32.890   86.7   9.98  14.000   -0.05033    2.26    2.52    3.30
20-07-2024 08:36:12.09  225.01   0.456  27.918   32.891   86.6   9.98  14.000   -0.05921    2.32    2.42    3.29
20-07-2024 08:36:12.34  225.04   0.457  27.917   32.890   86.6   9.98  14.000   -0.06217    2.17    1.52    3.30
20-07-2024 08:36:12.59  225.12   0.457  27.919   32.891   86.7   9.98  14.000   -0.07031    2.10    2.14    3.19
20-07-2024 08:36:12.84  225.21   0.458  27.919   32.891   86.6   9.98  14.000   -0.04663    2.13    2.83    3.21
20-07-2024 08:36:13.09  225.29   0.458  27.919   32.890   86.7   9.98  14.000   -0.06661    2.02    2.79    3.17
20-07-2024 08:36:13.33  225.34   0.458  27.919   32.890   86.6   9.98  14.000   -0.07476    2.02    2.79    3.17
20-07-2024 08:36:13.58  225.45   0.458  27.920   32.891   86.6   9.97  14.000   -0.06217    2.21    2.12    3.42
20-07-2024 08:36:13.82  225.51   0.459  27.920   32.890   86.6   9.97  14.000   -0.06587    2.34    2.36    2.98
20-07-2024 08:36:14.07  225.58   0.459  27.921   32.891   86.6   9.97  14.000   -0.08216    1.81    2.00    3.15
20-07-2024 08:36:14.31  225.66   0.459  27.920   32.891   86.6   9.97  14.000   -0.06661    1.86    2.57    2.84
20-07-2024 08:36:14.56  225.74   0.458  27.920   32.891   86.6   9.97  14.000   -0.07253    1.95    2.39    3.10
20-07-2024 08:36:14.80  225.78   0.459  27.921   32.892   86.6   9.97  14.000   -0.06291    2.17    2.23    3.45
20-07-2024 08:36:15.05  225.84   0.460  27.922   32.892   86.6   9.97  14.000   -0.07179    2.17    2.23    3.45
20-07-2024 08:36:15.29  225.94   0.460  27.922   32.892   86.6   9.97  14.000   -0.06439    1.97    2.62    3.16
20-07-2024 08:36:15.54  226.04   0.461  27.923   32.892   86.6   9.98  14.000   -0.06143    1.91    1.92    3.30
20-07-2024 08:36:15.78  226.11   0.460  27.922   32.892   86.6   9.97  14.000   -0.06217    2.14    2.35    3.43
20-07-2024 08:36:16.03  226.20   0.460  27.922   32.891   86.6   9.97  14.000   -0.06513    2.19    2.08    3.12
20-07-2024 08:36:16.28  226.26   0.460  27.922   32.891   86.6   9.97  14.000   -0.06883    1.99    2.03    3.39
20-07-2024 08:36:16.52  226.32   0.461  27.924   32.893   86.6   9.97  14.000   -0.06069    2.08    2.50    3.22
20-07-2024 08:36:16.77  226.42   0.461  27.924   32.893   86.6   9.97  14.000   -0.05181    2.08    2.50    3.22
20-07-2024 08:36:17.02  226.51   0.462  27.925   32.893   86.6   9.97  14.000   -0.06069    1.74    2.51    3.16
20-07-2024 08:36:17.26  226.58   0.463  27.926   32.893   86.6   9.97  14.000   -0.06143    2.20    2.54    2.92
20-07-2024 08:36:17.51  226.63   0.463  27.926   32.892   86.6   9.97  14.000   -0.05921    2.41    2.71    3.17
20-07-2024 08:36:17.75  226.73   0.464  27.928   32.895   86.6   9.97  14.000   -0.04293    2.10    2.47    3.00
20-07-2024 08:36:18.00  226.79   0.465  27.929   32.895   86.6   9.97  14.000   -0.06365    2.15    2.24    3.06
20-07-2024 08:36:18.24  226.85   0.466  27.929   32.895   86.6   9.97  14.000   -0.06513    2.00    2.32    2.83
20-07-2024 08:36:18.49  226.95   0.466  27.929   32.895   86.6   9.97  14.000   -0.06809    2.00    2.32    2.83
20-07-2024 08:36:18.73  227.04   0.467  27.932   32.897   86.6   9.97  14.000   -0.05625    2.30    2.32    2.99
20-07-2024 08:36:18.98  227.09   0.469  27.933   32.896   86.6   9.97  14.000   -0.05403    2.09    2.54    3.13
20-07-2024 08:36:19.22  227.15   0.470  27.935   32.897   86.6   9.97  14.000   -0.07698    1.80    2.57    3.32
20-07-2024 08:36:19.47  227.24   0.470  27.935   32.897   86.6   9.97  14.000   -0.07772    1.83    2.24    3.04
20-07-2024 08:36:19.71  227.29   0.471  27.936   32.897   86.6   9.97  14.000   -0.06883    2.33    1.95    2.88
20-07-2024 08:36:19.97  227.38   0.472  27.935   32.895   86.6   9.97  14.000   -0.06957    2.02    2.07    3.23
20-07-2024 08:36:20.21  227.48   0.471  27.936   32.897   86.6   9.97  14.000   -0.06513    2.02    2.07    3.23
20-07-2024 08:36:20.46  227.55   0.472  27.936   32.896   86.6   9.97  14.000   -0.05773    2.10    2.39    3.03
20-07-2024 08:36:20.71  227.60   0.472  27.936   32.897   86.6   9.97  14.000   -0.04737    2.04    2.53    3.26
20-07-2024 08:36:20.95  227.67   0.472  27.936   32.897   86.6   9.97  14.000   -0.06217    2.33    2.36    3.41
20-07-2024 08:36:21.20  227.72   0.472  27.936   32.896   86.6   9.97  14.000   -0.05329    2.16    2.31    3.45
20-07-2024 08:36:21.44  227.85   0.472  27.936   32.896   86.6   9.97  14.000   -0.06439    2.11    2.46    3.44
20-07-2024 08:36:21.69  227.88   0.472  27.937   32.897   86.6   9.96  14.000   -0.05551    1.90    2.37    3.14
20-07-2024 08:36:21.93  227.97   0.472  27.936   32.896   86.6   9.97  14.000   -0.05995    1.90    2.37    3.14
20-07-2024 08:36:22.18  228.03   0.472  27.937   32.897   86.6   9.97  14.000   -0.07846    2.08    2.96    3.05
20-07-2024 08:36:22.42  228.11   0.472  27.936   32.895   86.6   9.96  14.000   -0.05773    2.10    2.40    3.05
20-07-2024 08:36:22.67  228.21   0.472  27.937   32.897   86.6   9.96  14.000   -0.06143    1.99    2.03    3.23
20-07-2024 08:36:22.91  228.27   0.473  27.939   32.899   86.6   9.96  14.000   -0.05625    2.00    2.09    3.18
20-07-2024 08:36:23.16  228.35   0.474  27.940   32.898   86.6   9.96  14.000   -0.06809    2.11    2.60    3.33
20-07-2024 08:36:23.40  228.45   0.474  27.938   32.897   86.6   9.96  14.000   -0.05625    2.19    2.22    3.37
20-07-2024 08:36:23.65  228.51   0.474  27.939   32.897   86.6   9.96  14.000   -0.07476    2.19    2.22    3.37
20-07-2024 08:36:23.90  228.60   0.474  27.940   32.899   86.6   9.96  14.000   -0.06883    2.08    2.46    2.94
20-07-2024 08:36:24.15  228.64   0.474  27.940   32.898   86.6   9.96  14.000   -0.07031    2.26    2.78    3.25
20-07-2024 08:36:24.39  228.72   0.475  27.941   32.898   86.6   9.96  14.000   -0.07179    2.20    1.63    3.38
20-07-2024 08:36:24.64  228.83   0.475  27.939   32.896   86.6   9.96  14.000   -0.07105    1.94    2.25    2.93
20-07-2024 08:36:24.88  228.90   0.475  27.941   32.899   86.6   9.96  14.000   -0.07328    2.21    2.28    3.11
20-07-2024 08:36:25.13  228.97   0.475  27.940   32.898   86.5   9.96  14.000   -0.05995    2.17    2.01    2.73
20-07-2024 08:36:25.41  229.04   0.475  27.941   32.898   86.5   9.96  14.000   -0.05329    2.06    2.46    2.94
20-07-2024 08:36:25.62  229.13   0.476  27.942   32.900   86.5   9.96  14.000   -0.06661    2.06    2.46    2.94
20-07-2024 08:36:25.86  229.16   0.477  27.942   32.899   86.5   9.96  14.000   -0.07846    1.92    2.49    3.19
20-07-2024 08:36:26.11  229.26   0.477  27.942   32.898   86.5   9.96  14.000   -0.07031    2.04    2.24    2.90
20-07-2024 08:36:26.35  229.35   0.477  27.943   32.899   86.5   9.96  14.000   -0.07402    1.88    2.22    3.11
20-07-2024 08:36:26.60  229.42   0.477  27.943   32.899   86.5   9.96  14.000   -0.06587    2.11    2.68    3.12
20-07-2024 08:36:26.84  229.49   0.476  27.943   32.900   86.6   9.96  14.000   -0.07031    2.06    2.36    3.18
20-07-2024 08:36:27.10  229.58   0.477  27.943   32.899   86.5   9.96  14.000   -0.06587    2.06    2.36    3.18
20-07-2024 08:36:27.34  229.62   0.477  27.942   32.898   86.5   9.96  14.000   -0.05551    2.16    2.25    3.00
20-07-2024 08:36:27.59  229.75   0.477  27.943   32.899   86.5   9.96  14.000   -0.06069    2.04    1.80    2.84
20-07-2024 08:36:27.84  229.83   0.476  27.943   32.899   86.5   9.96  14.000   -0.05625    2.02    1.81    3.22
20-07-2024 08:36:28.08  229.86   0.477  27.943   32.899   86.5   9.96  14.000   -0.05403    1.90    1.95    3.01
20-07-2024 08:36:28.33  229.98   0.477  27.942   32.897   86.5   9.96  14.000   -0.08216    2.08    2.02    2.90
20-07-2024 08:36:28.57  230.03   0.476  27.942   32.898   86.5   9.96  14.000   -0.04811    2.15    2.46    3.42
20-07-2024 08:36:28.81  230.11   0.477  27.943   32.899   86.5   9.96  14.000   -0.07550    2.15    2.46    3.42
20-07-2024 08:36:29.06  230.19   0.476  27.943   32.899   86.5   9.96  14.000   -0.07031    2.00    2.52    3.43
20-07-2024 08:36:29.31  230.29   0.477  27.943   32.899   86.5   9.96  14.000   -0.06957    2.01    2.31    3.01
20-07-2024 08:36:29.55  230.36   0.477  27.943   32.899   86.5   9.96  14.000   -0.06661    2.03    2.55    3.08
20-07-2024 08:36:29.80  230.40   0.477  27.942   32.898   86.5   9.96  14.000   -0.07624    2.13    2.00    3.24
20-07-2024 08:36:30.04  230.49   0.477  27.943   32.899   86.5   9.96  14.000   -0.05329    1.83    1.96    3.06
20-07-2024 08:36:30.29  230.59   0.477  27.943   32.898   86.5   9.96  14.000   -0.07476    2.01    1.86    3.12
20-07-2024 08:36:30.53  230.65   0.476  27.943   32.899   86.5   9.96  14.000   -0.07698    2.01    1.86    3.12
20-07-2024 08:36:30.78  230.72   0.476  27.943   32.899   86.5   9.95  14.000   -0.06143    2.09    2.39    3.34
20-07-2024 08:36:31.03  230.82   0.477  27.943   32.898   86.5   9.95  14.000   -0.05551    1.71    2.38    2.85
20-07-2024 08:36:31.27  230.85   0.476  27.944   32.900   86.5   9.96  14.000   -0.06735    2.07    2.02    3.10
20-07-2024 08:36:31.52  230.93   0.477  27.944   32.899   86.5   9.95  14.000   -0.07402    2.42    2.08    3.27
20-07-2024 08:36:31.77  231.02   0.478  27.945   32.900   86.5   9.95  14.000   -0.06587    2.03    2.29    3.11
20-07-2024 08:36:32.01  231.09   0.478  27.945   32.900   86.5   9.95  14.000   -0.06809    2.14    2.32    3.26
20-07-2024 08:36:32.26  231.18   0.478  27.945   32.900   86.5   9.95  14.000   -0.07253    2.14    2.32    3.26
20-07-2024 08:36:32.50  231.24   0.478  27.945   32.899   86.5   9.95  14.000   -0.06439    2.08    2.33    2.80
20-07-2024 08:36:32.75  231.33   0.478  27.945   32.900   86.5   9.96  14.000   -0.06217    2.22    2.52    3.01
20-07-2024 08:36:32.99  231.41   0.478  27.945   32.899   86.5   9.95  14.000   -0.07031    2.22    2.22    3.37
20-07-2024 08:36:33.24  231.48   0.478  27.946   32.900   86.5   9.95  14.000   -0.06439    2.12    2.35    3.08
20-07-2024 08:36:33.48  231.55   0.478  27.944   32.898   86.5   9.95  14.000   -0.07105    2.31    2.52    3.38
20-07-2024 08:36:33.73  231.63   0.478  27.946   32.901   86.5   9.95  14.000   -0.05551    2.31    2.52    3.38
20-07-2024 08:36:33.97  231.70   0.478  27.946   32.900   86.5   9.95  14.000   -0.05477    1.97    2.86    2.94
20-07-2024 08:36:34.22  231.78   0.478  27.946   32.900   86.5   9.95  14.000   -0.06957    2.34    2.40    3.54
20-07-2024 08:36:34.46  231.87   0.479  27.946   32.899   86.5   9.95  14.000   -0.06439    1.90    2.14    3.41
20-07-2024 08:36:34.72  231.94   0.479  27.946   32.899   86.5   9.95  14.000   -0.06217    1.99    2.41    3.12
20-07-2024 08:36:34.96  232.00   0.479  27.947   32.900   86.5   9.95  14.000   -0.05921    2.22    2.39    2.88
20-07-2024 08:36:35.21  232.10   0.479  27.946   32.899   86.5   9.95  14.000   -0.06143    2.13    2.24    3.17
20-07-2024 08:36:35.46  232.19   0.479  27.947   32.900   86.5   9.95  14.000   -0.04959    2.01    2.63    2.86
20-07-2024 08:36:35.70  232.23   0.479  27.947   32.900   86.5   9.95  14.000   -0.05551    2.01    2.63    2.86
20-07-2024 08:36:35.95  232.32   0.479  27.947   32.900   86.5   9.95  14.000   -0.05551    2.20    2.97    3.21
20-07-2024 08:36:36.19  232.41   0.479  27.947   32.900   86.5   9.95  14.000   -0.05699    1.88    2.63    3.30
20-07-2024 08:36:36.44  232.47   0.479  27.946   32.899   86.5   9.95  14.000   -0.05995    1.78    2.62    3.48
20-07-2024 08:36:36.68  232.58   0.479  27.947   32.901   86.5   9.95  14.000   -0.06143    2.22    2.14    3.26
20-07-2024 08:36:36.93  232.61   0.480  27.948   32.900   86.5   9.95  14.000   -0.05329    2.15    2.26    3.14
20-07-2024 08:36:37.17  232.70   0.480  27.948   32.901   86.5   9.95  14.000   -0.05329    2.15    2.26    3.14
20-07-2024 08:36:37.42  232.76   0.480  27.947   32.900   86.5   9.95  14.000   -0.05329    1.77    2.66    3.06
20-07-2024 08:36:37.66  232.86   0.479  27.947   32.900   86.5   9.95  14.000   -0.03405    2.18    2.00    3.25
20-07-2024 08:36:37.91  232.94   0.480  27.947   32.899   86.5   9.95  14.000   -0.05773    2.26    2.58    3.06
20-07-2024 08:36:38.16  233.02   0.480  27.948   32.900   86.5   9.95  14.000   -0.04885    2.02    2.84    3.32
20-07-2024 08:36:38.41  233.10   0.479  27.949   32.901   86.5   9.95  14.000   -0.06957    2.07    2.17    3.43
20-07-2024 08:36:38.65  233.17   0.480  27.947   32.899   86.5   9.95  14.000   -0.06291    2.10    2.30    3.21
20-07-2024 08:36:38.90  233.28   0.480  27.948   32.901   86.5   9.95  14.000   -0.06661    2.09    2.48    3.02
20-07-2024 08:36:39.14  233.33   0.479  27.948   32.900   86.5   9.95  14.000   -0.07179    2.09    2.48    3.02
20-07-2024 08:36:39.39  233.38   0.479  27.948   32.900   86.4   9.95  14.000   -0.05995    2.15    2.04    3.21
20-07-2024 08:36:39.64  233.47   0.480  27.947   32.899   86.4   9.95  14.000   -0.05255    2.14    2.18    3.47
20-07-2024 08:36:39.88  233.55   0.480  27.948   32.900   86.4   9.95  14.000   -0.06365    2.34    2.89    2.83
20-07-2024 08:36:40.13  233.60   0.480  27.948   32.900   86.5   9.95  14.000   -0.06513    2.16    2.74    3.25
20-07-2024 08:36:40.37  233.69   0.480  27.948   32.900   86.5   9.95  14.000   -0.05699    1.93    2.25    2.72
20-07-2024 08:36:40.61  233.80   0.480  27.949   32.901   86.4   9.95  14.000   -0.05625    1.93    2.25    2.72
20-07-2024 08:36:40.86  233.84   0.480  27.948   32.900   86.5   9.95  14.000   -0.05699    1.95    2.40    3.00
20-07-2024 08:36:41.11  233.90   0.480  27.949   32.902   86.4   9.95  14.000   -0.06439    2.12    2.26    3.28
20-07-2024 08:36:41.35  234.00   0.480  27.948   32.899   86.5   9.95  14.000   -0.05699    2.13    1.79    3.20
20-07-2024 08:36:41.60  234.08   0.480  27.949   32.901   86.4   9.95  14.000   -0.06735    1.98    2.05    3.05
20-07-2024 08:36:41.84  234.16   0.481  27.949   32.900   86.5   9.95  14.000   -0.05551    1.91    2.70    2.85
20-07-2024 08:36:42.09  234.25   0.480  27.949   32.901   86.5   9.95  14.000   -0.07476    2.02    2.39    3.11
20-07-2024 08:36:42.34  234.28   0.481  27.949   32.901   86.5   9.95  14.000   -0.07328    2.02    2.39    3.11
20-07-2024 08:36:42.59  234.37   0.480  27.949   32.900   86.5   9.95  14.000   -0.05625    2.13    2.28    3.05
20-07-2024 08:36:42.83  234.47   0.481  27.950   32.901   86.4   9.95  14.000   -0.05181    2.17    2.28    3.11
20-07-2024 08:36:43.08  234.53   0.481  27.951   32.902   86.5   9.95  14.000   -0.06143    1.95    2.16    3.18
20-07-2024 08:36:43.32  234.59   0.481  27.950   32.901   86.5   9.95  14.000   -0.05995    2.19    2.10    3.17
20-07-2024 08:36:43.57  234.65   0.482  27.950   32.900   86.4   9.95  14.000   -0.07402    1.88    2.16    3.06
20-07-2024 08:36:43.81  234.76   0.482  27.951   32.901   86.4   9.95  14.000   -0.05551    2.15    2.41    3.28
20-07-2024 08:36:44.06  234.81   0.482  27.951   32.901   86.4   9.94  14.000   -0.05921    2.15    2.41    3.28
20-07-2024 08:36:44.30  234.89   0.482  27.952   32.903   86.4   9.95  14.000   -0.07476    2.07    2.02    3.04
20-07-2024 08:36:44.55  234.97   0.482  27.951   32.901   86.4   9.95  14.000   -0.06069    2.23    2.53    3.36
20-07-2024 08:36:44.79  235.03   0.482  27.952   32.901   86.4   9.95  14.000   -0.05551    2.27    2.04    3.17
20-07-2024 08:36:45.04  235.10   0.482  27.952   32.901   86.4   9.94  14.000   -0.04145    2.04    2.22    3.01
20-07-2024 08:36:45.28  235.18   0.482  27.953   32.902   86.4   9.95  14.000   -0.05551    2.00    2.00    3.53
20-07-2024 08:36:45.53  235.25   0.483  27.952   32.901   86.5   9.95  14.000   -0.05995    2.18    2.27    3.37
20-07-2024 08:36:45.78  235.33   0.483  27.953   32.902   86.4   9.95  14.000   -0.06661    2.18    2.27    3.37
20-07-2024 08:36:46.03  235.45   0.483  27.952   32.901   86.4   9.95  14.000   -0.06587    2.21    2.65    3.13
20-07-2024 08:36:46.28  235.51   0.483  27.952   32.901   86.4   9.95  14.000   -0.04885    2.20    2.51    3.39
20-07-2024 08:36:46.52  235.57   0.483  27.953   32.902   86.4   9.95  14.000   -0.05847    2.15    2.56    2.87
20-07-2024 08:36:46.77  235.64   0.483  27.953   32.902   86.4   9.95  14.000   -0.06069    2.33    1.97    2.98
20-07-2024 08:36:47.01  235.70   0.483  27.953   32.902   86.4   9.95  14.000   -0.06735    2.13    2.11    3.24
20-07-2024 08:36:47.26  235.81   0.484  27.953   32.901   86.4   9.94  14.000   -0.07846    1.82    2.42    3.10
20-07-2024 08:36:47.50  235.87   0.483  27.954   32.902   86.4   9.95  14.000   -0.06365    1.82    2.42    3.10
20-07-2024 08:36:47.75  235.97   0.484  27.953   32.900   86.5   9.95  14.000   -0.06217    1.65    2.27    3.32
20-07-2024 08:36:47.99  236.03   0.484  27.954   32.901   86.5   9.95  14.000   -0.05921    1.89    2.37    3.06
20-07-2024 08:36:48.24  236.11   0.484  27.955   32.903   86.4   9.94  14.000   -0.05033    1.88    2.78    3.20
20-07-2024 08:36:48.48  236.18   0.484  27.954   32.902   86.4   9.94  14.000   -0.05033    1.97    2.55    3.27
20-07-2024 08:36:48.73  236.27   0.484  27.955   32.903   86.4   9.94  14.000   -0.06661    2.33    1.96    3.30
20-07-2024 08:36:48.97  236.32   0.484  27.954   32.902   86.4   9.95  14.000   -0.05551    2.13    2.63    3.20
20-07-2024 08:36:49.22  236.42   0.485  27.955   32.902   86.4   9.94  14.000   -0.05995    2.13    2.63    3.20
20-07-2024 08:36:49.47  236.48   0.485  27.955   32.902   86.4   9.95  14.000   -0.06735    2.04    2.31    3.10
20-07-2024 08:36:49.71  236.58   0.484  27.955   32.903   86.4   9.95  14.000   -0.06439    2.16    2.31    3.04
20-07-2024 08:36:49.96  236.63   0.485  27.956   32.903   86.4   9.94  14.000   -0.06587    2.28    2.48    3.19
20-07-2024 08:36:50.21  236.72   0.485  27.956   32.903   86.4   9.94  14.000   -0.05625    2.31    1.92    3.29
20-07-2024 08:36:50.45  236.78   0.485  27.955   32.901   86.4   9.94  14.000   -0.07179    2.04    3.09    3.21
20-07-2024 08:36:50.70  236.89   0.485  27.956   32.902   86.4   9.94  14.000   -0.06661    2.09    2.52    3.29
20-07-2024 08:36:50.94  236.93   0.485  27.957   32.904   86.4   9.94  14.000   -0.06439    2.09    2.52    3.29
20-07-2024 08:36:51.19  237.01   0.486  27.956   32.901   86.4   9.94  14.000   -0.06439    2.45    2.66    3.09
20-07-2024 08:36:51.43  237.09   0.486  27.956   32.902   86.4   9.94  14.000   -0.06069    2.40    2.04    3.19
20-07-2024 08:36:51.68  237.15   0.486  27.956   32.902   86.4   9.94  14.000   -0.08068    2.16    2.35    3.50
20-07-2024 08:36:51.92  237.24   0.485  27.957   32.903   86.4   9.94  14.000   -0.05625    2.32    2.20    3.34
20-07-2024 08:36:52.17  237.31   0.486  27.958   32.904   86.4   9.94  14.000   -0.06587    1.91    2.04    3.20
20-07-2024 08:36:52.41  237.39   0.486  27.957   32.902   86.4   9.94  14.000   -0.05329    1.93    2.48    3.14
20-07-2024 08:36:52.66  237.47   0.486  27.958   32.903   86.4   9.94  14.000   -0.07624    1.93    2.48    3.14
20-07-2024 08:36:52.90  237.54   0.487  27.958   32.903   86.4   9.94  14.000   -0.05847    1.77    2.37    2.88
20-07-2024 08:36:53.16  237.63   0.487  27.960   32.905   86.4   9.94  14.000   -0.06291    2.18    2.16    3.25
20-07-2024 08:36:53.40  237.71   0.488  27.960   32.905   86.4   9.94  14.000   -0.06291    2.00    2.13    2.96
20-07-2024 08:36:53.65  237.79   0.489  27.962   32.905   86.4   9.94  14.000   -0.05181    2.14    2.38    3.10
20-07-2024 08:36:53.90  237.85   0.490  27.962   32.905   86.4   9.94  14.000   -0.05255    2.39    2.48    3.18
20-07-2024 08:36:54.14  237.91   0.490  27.962   32.905   86.4   9.94  14.000   -0.05847    1.91    2.37    3.48
20-07-2024 08:36:54.39  238.01   0.490  27.962   32.905   86.4   9.94  14.000   -0.07698    1.91    2.37    3.48
20-07-2024 08:36:54.63  238.09   0.490  27.963   32.905   86.4   9.94  14.000   -0.07328    2.36    1.78    3.42
20-07-2024 08:36:54.88  238.16   0.491  27.964   32.906   86.4   9.94  14.000   -0.07772    2.29    2.55    3.14
20-07-2024 08:36:55.12  238.26   0.492  27.964   32.905   86.4   9.94  14.000   -0.06735    2.26    2.27    2.97
20-07-2024 08:36:55.37  238.33   0.491  27.964   32.906   86.4   9.94  14.000   -0.06143    1.96    2.29    3.17
20-07-2024 08:36:55.61  238.37   0.492  27.964   32.906   86.4   9.94  14.000   -0.06809    2.06    2.90    3.12
20-07-2024 08:36:55.86  238.48   0.491  27.965   32.906   86.4   9.94  14.000   -0.06439    2.08    2.51    2.98
20-07-2024 08:36:56.10  238.56   0.492  27.965   32.906   86.4   9.94  14.000   -0.05625    2.08    2.51    2.98
20-07-2024 08:36:56.35  238.62   0.492  27.966   32.908   86.4   9.94  14.000   -0.05625    2.11    2.17    3.38
20-07-2024 08:36:56.59  238.71   0.493  27.965   32.906   86.4   9.94  14.000   -0.08438    1.97    2.41    3.23
20-07-2024 08:36:56.84  238.79   0.492  27.966   32.907   86.4   9.94  14.000   -0.07253    2.16    2.17    3.02
20-07-2024 08:36:57.09  238.89   0.493  27.965   32.906   86.4   9.94  14.000   -0.06809    2.04    2.40    3.25
20-07-2024 08:36:57.34  238.95   0.493  27.966   32.907   86.4   9.94  14.000   -0.05477    2.01    2.42    3.07
20-07-2024 08:36:57.58  239.00   0.493  27.966   32.906   86.4   9.94  14.000   -0.07402    2.03    2.36    2.93
20-07-2024 08:36:57.83  239.10   0.493  27.966   32.907   86.4   9.94  14.000   -0.06809    2.03    2.36    2.93
20-07-2024 08:36:58.07  239.17   0.493  27.966   32.906   86.4   9.94  14.000   -0.07402    2.13    2.57    3.00
20-07-2024 08:36:58.32  239.24   0.493  27.966   32.906   86.4   9.94  14.000   -0.06513    2.10    2.36    3.21
20-07-2024 08:36:58.56  239.31   0.493  27.967   32.907   86.4   9.94  14.000   -0.06513    2.06    2.38    2.96
20-07-2024 08:36:58.81  239.42   0.494  27.967   32.907   86.4   9.94  14.000   -0.06439    1.98    2.76    3.27
20-07-2024 08:36:59.05  239.48   0.494  27.967   32.907   86.4   9.94  14.000   -0.05625    1.81    2.40    3.27
20-07-2024 08:36:59.30  239.59   0.494  27.967   32.907   86.4   9.94  14.000   -0.07772    2.03    2.18    2.91
20-07-2024 08:36:59.54  239.65   0.495  27.969   32.907   86.4   9.94  14.000   -0.05107    2.03    2.18    2.91
20-07-2024 08:36:59.79  239.73   0.495  27.969   32.907   86.4   9.94  14.000   -0.05477    2.06    2.24    3.46
20-07-2024 08:37:00.04  239.81   0.495  27.970   32.908   86.4   9.94  14.000   -0.07550    2.16    2.20    2.94
20-07-2024 08:37:00.28  239.87   0.496  27.969   32.907   86.4   9.94  14.000   -0.06069    2.09    1.95    3.28
20-07-2024 08:37:00.53  239.98   0.496  27.970   32.909   86.4   9.94  14.000   -0.04441    2.20    2.34    2.93
20-07-2024 08:37:00.78  240.03   0.496  27.970   32.907   86.4   9.94  14.000   -0.06365    2.18    2.24    2.98
20-07-2024 08:37:01.02  240.10   0.496  27.970   32.908   86.4   9.94  14.000   -0.06217    2.05    2.30    3.38
20-07-2024 08:37:01.27  240.17   0.497  27.971   32.907   86.4   9.94  14.000   -0.05847    2.05    2.30    3.38
20-07-2024 08:37:01.52  240.28   0.497  27.971   32.908   86.4   9.94  14.000   -0.05995    1.83    2.45    3.21
20-07-2024 08:37:01.76  240.36   0.496  27.971   32.908   86.4   9.94  14.000   -0.05403    2.12    2.13    3.13
20-07-2024 08:37:02.01  240.43   0.497  27.972   32.909   86.4   9.94  14.000   -0.06587    2.00    2.34    3.15
20-07-2024 08:37:02.25  240.50   0.497  27.973   32.909   86.4   9.94  14.000   -0.04589    1.75    1.95    3.03
20-07-2024 08:37:02.50  240.58   0.498  27.973   32.909   86.4   9.94  14.000   -0.04219    2.25    2.93    3.15
20-07-2024 08:37:02.74  240.65   0.499  27.974   32.909   86.4   9.94  14.000   -0.05773    2.02    2.32    3.24
20-07-2024 08:37:02.98  240.72   0.499  27.973   32.908   86.4   9.94  14.000   -0.06439    2.02    2.32    3.24
20-07-2024 08:37:03.23  240.79   0.499  27.973   32.908   86.4   9.94  14.000   -0.05699    2.06    2.27    3.21
20-07-2024 08:37:03.48  240.86   0.500  27.974   32.908   86.4   9.94  14.000   -0.07031    1.99    1.97    2.90
20-07-2024 08:37:03.72  240.95   0.499  27.974   32.909   86.4   9.94  14.000   -0.05107    2.51    2.07    2.98
20-07-2024 08:37:03.97  241.01   0.499  27.973   32.908   86.4   9.94  14.000   -0.06143    2.10    2.54    3.39
20-07-2024 08:37:04.22  241.12   0.499  27.974   32.908   86.4   9.94  14.000   -0.06735    1.93    2.40    3.06
20-07-2024 08:37:04.46  241.21   0.499  27.974   32.908   86.4   9.94  14.000   -0.05847    2.17    2.39    3.07
20-07-2024 08:37:04.71  241.28   0.499  27.974   32.909   86.4   9.94  14.000   -0.07550    2.17    2.39    3.07
20-07-2024 08:37:04.96  241.34   0.499  27.974   32.909   86.4   9.94  14.000   -0.06587    2.14    2.42    3.15
20-07-2024 08:37:05.20  241.40   0.499  27.975   32.910   86.4   9.94  14.000   -0.06513    2.01    2.54    3.02
20-07-2024 08:37:05.45  241.50   0.499  27.974   32.908   86.4   9.94  14.000   -0.06439    2.00    1.96    2.82
20-07-2024 08:37:05.69  241.60   0.500  27.976   32.910   86.4   9.94  14.000   -0.05403    2.09    2.10    2.93
20-07-2024 08:37:05.94  241.67   0.500  27.975   32.909   86.4   9.94  14.000   -0.06143    2.37    2.78    2.97
20-07-2024 08:37:06.18  241.70   0.500  27.975   32.910   86.4   9.93  14.000   -0.06143    2.08    2.43    3.38
20-07-2024 08:37:06.43  241.78   0.500  27.975   32.909   86.4   9.94  14.000   -0.05995    2.08    2.43    3.38
20-07-2024 08:37:06.67  241.91   0.500  27.975   32.909   86.4   9.94  14.000   -0.06439    1.66    2.32    3.23
20-07-2024 08:37:06.92  241.95   0.500  27.975   32.909   86.4   9.94  14.000   -0.05995    2.06    2.50    3.41
20-07-2024 08:37:07.16  242.06   0.500  27.976   32.910   86.4   9.93  14.000   -0.06957    2.21    2.02    3.27
20-07-2024 08:37:07.41  242.10   0.499  27.975   32.910   86.4   9.94  14.000   -0.06809    1.86    2.33    3.22
20-07-2024 08:37:07.65  242.21   0.500  27.976   32.909   86.4   9.93  14.000   -0.04737    1.90    2.30    2.88
20-07-2024 08:37:07.90  242.26   0.500  27.976   32.909   86.4   9.93  14.000   -0.04071    2.21    2.27    3.40
20-07-2024 08:37:08.15  242.35   0.500  27.975   32.909   86.4   9.93  14.000   -0.05329    2.21    2.27    3.40
20-07-2024 08:37:08.40  242.40   0.500  27.976   32.910   86.4   9.94  14.000   -0.05921    2.04    2.42    3.41
20-07-2024 08:37:08.64  242.52   0.500  27.976   32.911   86.4   9.93  14.000   -0.07772    2.14    1.79    3.30
20-07-2024 08:37:08.89  242.56   0.500  27.975   32.909   86.4   9.93  14.000   -0.05403    2.11    2.70    3.17
20-07-2024 08:37:09.13  242.65   0.500  27.976   32.909   86.4   9.93  14.000   -0.06439    2.15    2.15    3.21
20-07-2024 08:37:09.38  242.73   0.500  27.976   32.910   86.4   9.93  14.000   -0.06809    1.99    2.48    3.18
20-07-2024 08:37:09.62  242.82   0.500  27.975   32.909   86.4   9.93  14.000   -0.05551    2.07    2.49    3.39
20-07-2024 08:37:09.87  242.91   0.501  27.976   32.909   86.4   9.93  14.000   -0.06513    2.07    2.49    3.39
20-07-2024 08:37:10.11  242.98   0.501  27.977   32.910   86.4   9.93  14.000   -0.06365    1.87    2.43    3.15
20-07-2024 08:37:10.36  243.03   0.501  27.977   32.910   86.4   9.93  14.000   -0.06735    2.29    2.19    3.30
20-07-2024 08:37:10.60  243.14   0.501  27.978   32.911   86.4   9.93  14.000   -0.06143    2.03    2.20    3.17
20-07-2024 08:37:10.85  243.20   0.502  27.979   32.911   86.4   9.93  14.000   -0.06809    2.04    2.06    3.25
20-07-2024 08:37:11.10  243.26   0.503  27.981   32.913   86.4   9.93  14.000   -0.05551    2.20    2.39    3.17
20-07-2024 08:37:11.34  243.35   0.503  27.980   32.912   86.4   9.93  14.000   -0.06513    2.20    2.39    3.17
20-07-2024 08:37:11.59  243.43   0.504  27.981   32.912   86.4   9.93  14.000   -0.07402    2.24    2.40    2.96
20-07-2024 08:37:11.84  243.53   0.504  27.980   32.910   86.3   9.93  14.000   -0.06883    1.95    2.55    2.93
20-07-2024 08:37:12.09  243.57   0.504  27.981   32.912   86.4   9.93  14.000   -0.05921    2.09    2.51    3.08
20-07-2024 08:37:12.33  243.65   0.505  27.981   32.911   86.4   9.93  14.000   -0.06513    2.25    2.35    3.32
20-07-2024 08:37:12.58  243.74   0.505  27.982   32.912   86.3   9.93  14.000   -0.06217    1.88    2.20    3.18
20-07-2024 08:37:12.82  243.82   0.505  27.982   32.911   86.3   9.93  14.000   -0.06735    1.84    2.02    3.23
20-07-2024 08:37:13.07  243.90   0.504  27.983   32.913   86.3   9.93  14.000   -0.05107    1.93    2.09    2.91
20-07-2024 08:37:13.31  243.95   0.505  27.983   32.913   86.4   9.93  14.000   -0.05699    1.93    2.09    2.91
20-07-2024 08:37:13.56  244.05   0.506  27.984   32.913   86.3   9.93  14.000   -0.04367    2.30    2.15    2.98
20-07-2024 08:37:13.80  244.14   0.506  27.984   32.913   86.3   9.93  14.000   -0.07253    1.88    2.89    2.85
20-07-2024 08:37:14.05  244.21   0.507  27.985   32.913   86.3   9.93  14.000   -0.04885    2.10    2.80    3.25
20-07-2024 08:37:14.29  244.27   0.507  27.986   32.913   86.3   9.93  14.000   -0.06069    2.34    2.63    3.36
20-07-2024 08:37:14.54  244.36   0.508  27.986   32.914   86.3   9.93  14.000   -0.06513    2.34    2.25    2.93
20-07-2024 08:37:14.78  244.42   0.508  27.986   32.913   86.3   9.93  14.000   -0.05403    2.34    2.25    2.93
20-07-2024 08:37:15.03  244.52   0.508  27.986   32.913   86.3   9.92  14.000   -0.06365    1.97    2.41    3.11
20-07-2024 08:37:15.28  244.58   0.508  27.987   32.914   86.3   9.92  14.000   -0.04959    2.31    2.84    3.07
20-07-2024 08:37:15.52  244.67   0.509  27.987   32.914   86.3   9.93  14.000   -0.06513    2.37    2.53    3.13
20-07-2024 08:37:15.77  244.77   0.509  27.988   32.915   86.3   9.92  14.000   -0.06069    1.74    2.11    3.18
20-07-2024 08:37:16.02  244.84   0.509  27.987   32.914   86.3   9.92  14.000   -0.05847    2.01    2.45    3.24
20-07-2024 08:37:16.27  244.91   0.509  27.988   32.915   86.3   9.92  14.000   -0.06217    2.06    2.29    2.98
20-07-2024 08:37:16.51  244.97   0.509  27.989   32.916   86.3   9.92  14.000   -0.05551    1.80    2.01    3.21
20-07-2024 08:37:16.75  245.08   0.511  27.989   32.914   86.3   9.92  14.000   -0.05107    1.80    2.01    3.21
20-07-2024 08:37:17.00  245.16   0.511  27.990   32.915   86.3   9.92  14.000   -0.06735    2.16    2.13    3.26
20-07-2024 08:37:17.25  245.21   0.511  27.991   32.915   86.3   9.92  14.000   -0.05477    2.00    2.18    3.00
20-07-2024 08:37:17.49  245.29   0.512  27.991   32.915   86.3   9.92  14.000   -0.06587    2.05    2.36    3.16
20-07-2024 08:37:17.74  245.39   0.512  27.991   32.915   86.3   9.92  14.000   -0.05847    1.88    2.34    3.26
20-07-2024 08:37:17.98  245.47   0.512  27.992   32.916   86.3   9.92  14.000   -0.06513    1.96    2.00    3.01
20-07-2024 08:37:18.22  245.54   0.512  27.991   32.915   86.3   9.92  14.000   -0.05477    1.96    2.00    3.01
20-07-2024 08:37:18.47  245.61   0.512  27.992   32.915   86.3   9.92  14.000   -0.07179    1.92    2.39    3.47
20-07-2024 08:37:18.72  245.70   0.512  27.992   32.915   86.3   9.92  14.000   -0.04441    2.26    2.30    3.50
20-07-2024 08:37:18.97  245.77   0.513  27.992   32.915   86.3   9.92  14.000   -0.05995    1.97    2.05    2.96
20-07-2024 08:37:19.21  245.85   0.513  27.992   32.914   86.3   9.92  14.000   -0.06513    1.68    2.47    3.18
20-07-2024 08:37:19.46  245.91   0.512  27.992   32.915   86.3   9.92  14.000   -0.06587    2.04    2.48    3.09
20-07-2024 08:37:19.71  245.98   0.513  27.992   32.915   86.3   9.92  14.000   -0.06735    2.01    2.61    3.05
20-07-2024 08:37:19.95  246.09   0.513  27.992   32.915   86.3   9.92  14.000   -0.05255    2.01    2.61    3.05
20-07-2024 08:37:20.20  246.15   0.513  27.992   32.915   86.3   9.92  14.000   -0.06661    2.11    2.51    3.27
20-07-2024 08:37:20.44  246.21   0.513  27.992   32.915   86.3   9.92  14.000   -0.05921    2.16    2.44    2.96
20-07-2024 08:37:20.69  246.30   0.513  27.992   32.915   86.3   9.92  14.000   -0.07476    2.47    2.63    3.23
20-07-2024 08:37:20.93  246.40   0.513  27.991   32.914   86.3   9.92  14.000   -0.06735    1.94    2.39    3.32
20-07-2024 08:37:21.18  246.46   0.512  27.993   32.916   86.3   9.92  14.000   -0.03479    2.23    2.37    3.28
20-07-2024 08:37:21.42  246.53   0.513  27.993   32.916   86.3   9.92  14.000   -0.05551    2.24    2.54    3.15
20-07-2024 08:37:21.67  246.59   0.513  27.993   32.916   86.3   9.92  14.000   -0.05699    2.24    2.54    3.15
20-07-2024 08:37:21.91  246.67   0.513  27.993   32.915   86.3   9.92  14.000   -0.07179    2.06    1.97    3.35
20-07-2024 08:37:22.17  246.78   0.513  27.993   32.916   86.2   9.91  14.000   -0.05477    1.85    1.92    3.23
20-07-2024 08:37:22.40  246.88   0.513  27.993   32.916   86.2   9.91  14.000   -0.07253    2.08    2.16    3.41
20-07-2024 08:37:22.66  246.91   0.513  27.992   32.915   86.2   9.91  14.000   -0.05773    2.08    2.13    2.94
20-07-2024 08:37:22.90  246.98   0.513  27.993   32.915   86.2   9.91  14.000   -0.06217    2.02    2.17    3.41
20-07-2024 08:37:23.15  247.06   0.512  27.993   32.916   86.2   9.91  14.000   -0.06735    2.33    2.19    3.39
20-07-2024 08:37:23.39  247.16   0.513  27.993   32.916   86.2   9.91  14.000   -0.06587    2.33    2.19    3.39
20-07-2024 08:37:23.64  247.23   0.513  27.993   32.915   86.2   9.91  14.000   -0.05181    2.08    2.45    3.12
20-07-2024 08:37:23.89  247.33   0.513  27.993   32.915   86.2   9.91  14.000   -0.05551    1.72    2.17    3.19
20-07-2024 08:37:24.13  247.38   0.513  27.993   32.916   86.2   9.91  14.000   -0.06735    1.89    2.16    3.33
20-07-2024 08:37:24.38  247.47   0.513  27.993   32.916   86.2   9.91  14.000   -0.07920    2.14    1.94    2.92
20-07-2024 08:37:24.62  247.55   0.513  27.993   32.915   86.2   9.91  14.000   -0.05995    1.95    2.41    2.93
20-07-2024 08:37:24.87  247.64   0.513  27.993   32.915   86.2   9.91  14.000   -0.05699    2.11    2.30    3.10
20-07-2024 08:37:25.11  247.68   0.513  27.993   32.915   86.2   9.91  14.000   -0.05625    2.11    2.30    3.10
20-07-2024 08:37:25.36  247.76   0.513  27.993   32.914   86.2   9.91  14.000   -0.07402    2.19    2.25    3.25
20-07-2024 08:37:25.60  247.87   0.513  27.994   32.916   86.2   9.91  14.000   -0.07402    1.88    1.90    3.29
20-07-2024 08:37:25.85  247.91   0.513  27.993   32.915   86.2   9.91  14.000   -0.05995    2.05    2.25    2.83
20-07-2024 08:37:26.09  248.01   0.513  27.994   32.916   86.2   9.91  14.000   -0.05403    1.78    2.03    2.93
20-07-2024 08:37:26.34  248.09   0.513  27.994   32.916   86.2   9.91  14.000   -0.06291    2.15    2.04    3.14
20-07-2024 08:37:26.59  248.16   0.513  27.994   32.916   86.2   9.91  14.000   -0.06883    2.14    2.43    3.09
20-07-2024 08:37:26.84  248.21   0.514  27.995   32.916   86.2   9.91  14.000   -0.06883    2.14    2.43    3.09
20-07-2024 08:37:27.08  248.31   0.514  27.995   32.917   86.2   9.91  14.000   -0.05403    2.22    2.57    3.49
20-07-2024 08:37:27.33  248.41   0.514  27.995   32.916   86.2   9.91  14.000   -0.05847    2.22    2.56    3.16
20-07-2024 08:37:27.57  248.45   0.514  27.995   32.916   86.2   9.91  14.000   -0.07031    2.17    1.79    3.36
20-07-2024 08:37:27.82  248.52   0.514  27.996   32.917   86.2   9.91  14.000   -0.07179    2.11    2.14    2.94
20-07-2024 08:37:28.06  248.63   0.515  27.997   32.917   86.2   9.91  14.000   -0.06365    1.96    2.21    3.32
20-07-2024 08:37:28.31  248.70   0.515  27.996   32.917   86.2   9.91  14.000   -0.06513    2.18    2.41    3.31
20-07-2024 08:37:28.55  248.79   0.516  27.997   32.917   86.2   9.91  14.000   -0.06809    2.18    2.41    3.31
20-07-2024 08:37:28.80  248.84   0.515  27.997   32.917   86.2   9.91  14.000   -0.06587    1.91    1.90    2.99
20-07-2024 08:37:29.04  248.91   0.516  27.997   32.917   86.2   9.91  14.000   -0.06587    2.03    2.15    3.35
20-07-2024 08:37:29.29  249.00   0.516  27.997   32.916   86.2   9.91  14.000   -0.05329    2.35    2.31    3.05
20-07-2024 08:37:29.53  249.09   0.516  27.998   32.918   86.2   9.91  14.000   -0.04885    1.94    2.50    3.19
20-07-2024 08:37:29.78  249.15   0.516  27.997   32.917   86.2   9.91  14.000   -0.05329    2.18    2.24    3.02
20-07-2024 08:37:30.03  249.24   0.516  27.998   32.918   86.2   9.91  14.000   -0.07253    1.94    2.43    3.07
20-07-2024 08:37:30.27  249.34   0.516  27.998   32.917   86.2   9.91  14.000   -0.06809    1.94    2.43    3.07
20-07-2024 08:37:30.53  249.38   0.516  27.998   32.918   86.2   9.91  14.000   -0.06661    2.07    2.43    3.17
20-07-2024 08:37:30.77  249.47   0.517  27.998   32.917   86.2   9.91  14.000   -0.06439    2.05    2.41    3.01
20-07-2024 08:37:31.02  249.56   0.517  28.000   32.919   86.2   9.91  14.000   -0.07179    1.96    2.35    3.23
20-07-2024 08:37:31.26  249.64   0.517  27.999   32.917   86.2   9.90  14.000   -0.05107    1.89    2.14    3.29
20-07-2024 08:37:31.51  249.68   0.517  27.999   32.917   86.2   9.90  14.000   -0.06143    2.09    2.74    3.03
20-07-2024 08:37:31.75  249.79   0.517  28.000   32.918   86.2   9.91  14.000   -0.05255    1.74    2.18    2.69
20-07-2024 08:37:31.99  249.86   0.517  28.001   32.919   86.2   9.91  14.000   -0.05847    1.74    2.18    2.69
20-07-2024 08:37:32.24  249.93   0.518  28.000   32.918   86.2   9.91  14.000   -0.06439    1.94    2.40    3.41
20-07-2024 08:37:32.48  249.99   0.519  28.001   32.918   86.2   9.90  14.000   -0.06143    2.17    2.49    2.93
20-07-2024 08:37:32.73  250.08   0.519  28.002   32.919   86.2   9.90  14.000   -0.06957    2.08    2.68    3.12
20-07-2024 08:37:32.97  250.18   0.519  28.001   32.918   86.2   9.91  14.000   -0.04885    2.01    2.18    3.11
20-07-2024 08:37:33.23  250.21   0.519  28.001   32.918   86.2   9.91  14.000   -0.05773    2.38    2.49    3.20
20-07-2024 08:37:33.47  250.30   0.520  28.001   32.917   86.2   9.91  14.000   -0.07994    1.73    1.99    3.12
20-07-2024 08:37:33.71  250.37   0.519  28.002   32.919   86.2   9.91  14.000   -0.06069    1.73    1.99    3.12
20-07-2024 08:37:33.96  250.46   0.519  28.001   32.917   86.2   9.91  14.000   -0.06661    2.19    2.46    3.21
20-07-2024 08:37:34.21  250.54   0.519  28.002   32.918   86.2   9.91  14.000   -0.06217    2.27    2.25    2.94
20-07-2024 08:37:34.45  250.58   0.519  28.002   32.918   86.2   9.91  14.000   -0.07550    2.08    2.47    3.46
20-07-2024 08:37:34.70  250.70   0.520  28.002   32.918   86.2   9.91  14.000   -0.05551    2.37    2.75    3.26
20-07-2024 08:37:34.95  250.76   0.519  28.002   32.918   86.2   9.91  14.000   -0.08142    1.80    1.93    2.91
20-07-2024 08:37:35.19  250.85   0.519  28.002   32.919   86.2   9.90  14.000   -0.06513    1.88    2.61    2.87
20-07-2024 08:37:35.44  250.90   0.519  28.001   32.918   86.2   9.91  14.000   -0.06809    1.88    2.61    2.87
20-07-2024 08:37:35.68  250.97   0.520  28.002   32.918   86.2   9.90  14.000   -0.07402    2.23    2.67    3.02
20-07-2024 08:37:35.93  251.07   0.519  28.000   32.916   86.2   9.90  14.000   -0.07772    1.90    1.96    2.91
20-07-2024 08:37:36.17  251.14   0.520  27.991   32.904   86.2   9.91  14.000   -0.06735    2.12    2.10    3.54
20-07-2024 08:37:36.42  251.18   0.519  28.002   32.918   86.2   9.91  14.000   -0.05477    2.12    2.15    3.09
20-07-2024 08:37:36.66  251.26   0.519  28.001   32.917   86.2   9.91  14.000   -0.06513    2.26    2.46    3.04
20-07-2024 08:37:36.91  251.36   0.519  28.003   32.919   86.2   9.90  14.000   -0.06143    2.42    3.16    3.24
20-07-2024 08:37:37.15  251.40   0.520  28.007   32.924   86.2   9.91  14.000   -0.06735    2.42    3.16    3.24
20-07-2024 08:37:37.40  251.53   0.519  28.003   32.919   86.2   9.90  14.000   -0.06735    1.98    2.35    2.97
20-07-2024 08:37:37.65  251.56   0.519  28.002   32.918   86.2   9.90  14.000   -0.06143    2.06    2.08    3.23
20-07-2024 08:37:37.90  251.67   0.519  28.004   32.920   86.2   9.90  14.000   -0.06291    2.42    2.55    2.87
20-07-2024 08:37:38.14  251.71   0.519  28.002   32.917   86.2   9.90  14.000   -0.03923    1.90    2.28    3.24
20-07-2024 08:37:38.39  251.82   0.519  28.004   32.920   86.2   9.91  14.000   -0.07328    2.12    2.13    3.07
20-07-2024 08:37:38.64  251.89   0.520  28.003   32.919   86.2   9.91  14.000   -0.05847    1.99    2.94    3.20
20-07-2024 08:37:38.88  251.94   0.520  28.003   32.918   86.2   9.91  14.000   -0.05699    1.99    2.94    3.20
20-07-2024 08:37:39.13  252.03   0.520  28.003   32.918   86.2   9.91  14.000   -0.06587    2.30    2.18    3.27
20-07-2024 08:37:39.37  252.12   0.521  28.003   32.917   86.2   9.90  14.000   -0.06809    2.18    2.34    3.05
20-07-2024 08:37:39.62  252.17   0.520  28.004   32.919   86.2   9.90  14.000   -0.05403    2.18    2.35    3.11
20-07-2024 08:37:39.86  252.23   0.521  28.004   32.919   86.2   9.90  14.000   -0.04885    2.31    2.22    3.01
20-07-2024 08:37:40.11  252.33   0.520  28.005   32.920   86.2   9.91  14.000   -0.05551    1.84    2.17    3.18
20-07-2024 08:37:40.35  252.42   0.521  28.005   32.918   86.2   9.90  14.000   -0.06143    2.08    1.94    3.03
20-07-2024 08:37:40.60  252.48   0.521  28.005   32.919   86.2   9.90  14.000   -0.06143    2.08    1.94    3.03
20-07-2024 08:37:40.84  252.56   0.522  28.006   32.919   86.2   9.90  14.000   -0.05625    2.06    2.23    3.18
20-07-2024 08:37:41.09  252.64   0.522  28.006   32.920   86.2   9.90  14.000   -0.03479    2.34    2.07    3.19
20-07-2024 08:37:41.34  252.69   0.522  28.006   32.919   86.2   9.90  14.000   -0.06143    1.84    2.40    3.24
20-07-2024 08:37:41.59  252.77   0.522  28.006   32.920   86.2   9.90  14.000   -0.05255    2.02    2.26    3.14
20-07-2024 08:37:41.83  252.85   0.522  28.008   32.921   86.2   9.90  14.000   -0.05699    2.35    2.60    3.20
20-07-2024 08:37:42.08  252.93   0.522  28.006   32.919   86.2   9.91  14.000   -0.06587    1.98    2.63    3.28
20-07-2024 08:37:42.32  253.00   0.522  28.006   32.920   86.2   9.90  14.000   -0.05625    1.98    2.63    3.28
20-07-2024 08:37:42.57  253.07   0.522  28.007   32.920   86.2   9.90  14.000   -0.06217    2.04    2.04    3.00
20-07-2024 08:37:42.81  253.16   0.522  28.007   32.919   86.2   9.90  14.000   -0.05995    1.91    2.47    2.94
20-07-2024 08:37:43.06  253.25   0.522  28.007   32.920   86.2   9.90  14.000   -0.06143    2.25    2.48    3.09
20-07-2024 08:37:43.31  253.32   0.522  28.007   32.920   86.2   9.91  14.000   -0.05699    2.00    2.62    3.35
20-07-2024 08:37:43.55  253.37   0.523  28.007   32.920   86.2   9.91  14.000   -0.07253    2.12    2.73    3.47
20-07-2024 08:37:43.79  253.46   0.522  28.007   32.920   86.2   9.90  14.000   -0.05699    2.10    2.66    2.76
20-07-2024 08:37:44.05  253.53   0.522  28.007   32.920   86.2   9.90  14.000   -0.06291    2.10    2.66    2.76
20-07-2024 08:37:44.29  253.59   0.522  28.006   32.919   86.2   9.90  14.000   -0.05847    2.35    2.43    3.05
20-07-2024 08:37:44.53  253.66   0.522  28.006   32.919   86.2   9.90  14.000   -0.06143    2.07    2.38    2.96
20-07-2024 08:37:44.78  253.76   0.522  28.007   32.920   86.2   9.90  14.000   -0.06217    2.20    2.67    2.85
20-07-2024 08:37:45.03  253.84   0.522  28.007   32.919   86.2   9.91  14.000   -0.05107    1.99    1.75    3.39
20-07-2024 08:37:45.28  253.92   0.522  28.006   32.919   86.2   9.90  14.000   -0.06143    2.40    2.47    2.84
20-07-2024 08:37:45.52  254.01   0.522  28.008   32.920   86.2   9.90  14.000   -0.06661    2.10    1.98    3.05
20-07-2024 08:37:45.76  254.03   0.522  28.008   32.921   86.2   9.90  14.000   -0.06809    2.10    1.98    3.05
20-07-2024 08:37:46.01  254.13   0.523  28.007   32.920   86.2   9.90  14.000   -0.05403    2.25    2.22    2.99
20-07-2024 08:37:46.26  254.22   0.523  28.009   32.921   86.2   9.90  14.000   -0.06291    1.96    2.21    2.98
20-07-2024 08:37:46.50  254.27   0.523  28.009   32.921   86.2   9.90  14.000   -0.05403    1.83    2.54    3.14
20-07-2024 08:37:46.75  254.34   0.524  28.009   32.921   86.2   9.90  14.000   -0.06217    2.14    2.18    3.11
20-07-2024 08:37:46.99  254.43   0.524  28.010   32.921   86.2   9.90  14.000   -0.05921    1.97    2.46    3.17
20-07-2024 08:37:47.24  254.51   0.524  28.011   32.922   86.2   9.90  14.000   -0.04071    2.26    2.28    3.26
20-07-2024 08:37:47.48  254.58   0.525  28.010   32.920   86.2   9.90  14.000   -0.06365    2.26    2.28    3.26
20-07-2024 08:37:47.73  254.67   0.525  28.010   32.921   86.2   9.90  14.000   -0.05773    2.06    2.48    3.21
20-07-2024 08:37:47.97  254.73   0.525  28.011   32.921   86.2   9.90  14.000   -0.05995    2.00    2.21    3.13
20-07-2024 08:37:48.22  254.80   0.525  28.010   32.921   86.1   9.90  14.000   -0.07179    2.22    2.43    3.36
20-07-2024 08:37:48.47  254.86   0.525  28.011   32.922   86.2   9.90  14.000   -0.06957    1.97    2.04    3.15
20-07-2024 08:37:48.71  254.98   0.525  28.011   32.922   86.1   9.90  14.000   -0.05551    2.08    2.34    3.34
20-07-2024 08:37:48.96  255.04   0.525  28.011   32.920   86.1   9.90  14.000   -0.05107    2.05    2.12    3.29
20-07-2024 08:37:49.21  255.09   0.525  28.011   32.921   86.2   9.90  14.000   -0.04441    2.05    2.12    3.29
20-07-2024 08:37:49.45  255.18   0.526  28.012   32.922   86.2   9.90  14.000   -0.06217    1.85    1.79    2.91
20-07-2024 08:37:49.70  255.26   0.526  28.011   32.920   86.2   9.90  14.000   -0.05921    2.02    2.08    3.12
20-07-2024 08:37:49.94  255.34   0.526  28.011   32.920   86.2   9.90  14.000   -0.05181    1.99    1.73    3.22
20-07-2024 08:37:50.19  255.41   0.526  28.012   32.922   86.2   9.90  14.000   -0.06365    2.12    2.48    2.99
20-07-2024 08:37:50.43  255.46   0.525  28.011   32.922   86.2   9.90  14.000   -0.06291    2.24    2.30    3.37
20-07-2024 08:37:50.68  255.55   0.525  28.012   32.922   86.2   9.90  14.000   -0.03405    1.96    2.00    3.19
20-07-2024 08:37:50.92  255.66   0.526  28.012   32.921   86.1   9.90  14.000   -0.06809    1.96    2.00    3.19
20-07-2024 08:37:51.17  255.68   0.525  28.012   32.922   86.1   9.90  14.000   -0.07031    2.21    2.16    3.05
20-07-2024 08:37:51.41  255.77   0.526  28.013   32.922   86.1   9.90  14.000   -0.06217    1.93    2.41    2.95
20-07-2024 08:37:51.66  255.87   0.526  28.011   32.921   86.1   9.90  14.000   -0.06661    2.07    1.89    3.07
20-07-2024 08:37:51.90  255.95   0.526  28.012   32.921   86.1   9.90  14.000   -0.06587    2.21    2.45    3.12
20-07-2024 08:37:52.16  256.00   0.525  28.012   32.921   86.2   9.90  14.000   -0.07772    1.90    2.33    3.28
20-07-2024 08:37:52.40  256.09   0.526  28.012   32.921   86.1   9.90  14.000   -0.05625    1.95    2.51    3.09
20-07-2024 08:37:52.65  256.18   0.526  28.012   32.921   86.1   9.90  14.000   -0.07179    1.95    2.51    3.09
20-07-2024 08:37:52.90  256.29   0.526  28.012   32.921   86.1   9.90  14.000   -0.06587    2.00    2.04    3.56
20-07-2024 08:37:53.14  256.33   0.526  28.012   32.921   86.1   9.90  14.000   -0.06587    2.13    2.24    3.10
20-07-2024 08:37:53.39  256.40   0.526  28.013   32.922   86.1   9.90  14.000   -0.06809    2.00    2.47    3.37
20-07-2024 08:37:53.63  256.52   0.526  28.012   32.921   86.1   9.90  14.000   -0.06883    2.07    2.22    3.31
20-07-2024 08:37:53.88  256.57   0.526  28.012   32.922   86.1   9.90  14.000   -0.07105    1.98    2.13    3.01
20-07-2024 08:37:54.12  256.64   0.526  28.012   32.921   86.1   9.90  14.000   -0.06587    2.16    2.43    3.20
20-07-2024 08:37:54.37  256.71   0.526  28.012   32.921   86.1   9.90  14.000   -0.05847    2.16    2.43    3.20
20-07-2024 08:37:54.61  256.79   0.526  28.012   32.921   86.1   9.90  14.000   -0.05921    2.00    2.45    3.12
20-07-2024 08:37:54.86  256.87   0.527  28.013   32.922   86.1   9.90  14.000   -0.06661    1.95    1.92    3.40
20-07-2024 08:37:55.11  256.94   0.526  28.012   32.921   86.1   9.90  14.000   -0.05625    2.30    2.33    3.03
20-07-2024 08:37:55.35  257.03   0.526  28.013   32.921   86.1   9.90  14.000   -0.06217    1.94    2.22    3.14
20-07-2024 08:37:55.59  257.08   0.526  28.013   32.922   86.1   9.90  14.000   -0.07550    2.19    2.12    3.32
20-07-2024 08:37:55.84  257.18   0.526  28.014   32.922   86.1   9.90  14.000   -0.04367    1.69    1.89    2.90
20-07-2024 08:37:56.09  257.26   0.527  28.013   32.921   86.1   9.90  14.000   -0.06661    1.69    1.89    2.90
20-07-2024 08:37:56.34  257.32   0.526  28.013   32.921   86.1   9.90  14.000   -0.05995    2.06    2.76    2.88
20-07-2024 08:37:56.58  257.40   0.527  28.014   32.923   86.1   9.90  14.000   -0.07031    2.37    2.22    3.32
20-07-2024 08:37:56.83  257.48   0.527  28.016   32.924   86.1   9.90  14.000   -0.04589    2.06    2.50    3.21
20-07-2024 08:37:57.08  257.60   0.527  28.016   32.923   86.1   9.90  14.000   -0.06069    2.12    1.98    3.17
20-07-2024 08:37:57.32  257.64   0.528  28.016   32.923   86.1   9.90  14.000   -0.07994    2.28    2.46    3.20
20-07-2024 08:37:57.57  257.74   0.528  28.016   32.922   86.1   9.90  14.000   -0.05699    1.86    1.98    2.99
20-07-2024 08:37:57.81  257.81   0.529  28.017   32.923   86.1   9.90  14.000   -0.06513    1.86    1.98    2.99
20-07-2024 08:37:58.06  257.88   0.529  28.017   32.924   86.1   9.90  14.000   -0.05329    2.09    2.17    3.52
20-07-2024 08:37:58.30  257.96   0.529  28.017   32.923   86.1   9.90  14.000   -0.05551    2.13    2.11    3.15
20-07-2024 08:37:58.55  258.04   0.529  28.018   32.924   86.1   9.90  14.000   -0.07105    2.38    2.28    3.22
20-07-2024 08:37:58.79  258.14   0.530  28.019   32.925   86.1   9.90  14.000   -0.05181    1.77    2.44    3.34
20-07-2024 08:37:59.04  258.19   0.530  28.019   32.924   86.1   9.90  14.000   -0.06587    1.93    2.29    3.04
20-07-2024 08:37:59.28  258.26   0.531  28.019   32.924   86.1   9.89  14.000   -0.06217    1.93    2.29    3.04
20-07-2024 08:37:59.53  258.34   0.531  28.019   32.924   86.1   9.90  14.000   -0.06883    2.26    2.45    3.21
20-07-2024 08:37:59.78  258.43   0.531  28.020   32.925   86.1   9.89  14.000   -0.06143    2.32    2.09    3.02
20-07-2024 08:38:00.03  258.51   0.532  28.021   32.925   86.1   9.89  14.000   -0.07920    2.02    2.49    3.14
20-07-2024 08:38:00.27  258.57   0.533  28.022   32.925   86.1   9.89  14.000   -0.05995    2.17    2.21    3.13
20-07-2024 08:38:00.52  258.64   0.533  28.021   32.925   86.1   9.89  14.000   -0.06513    2.05    2.39    2.98
20-07-2024 08:38:00.76  258.74   0.533  28.022   32.925   86.1   9.90  14.000   -0.07550    2.00    2.23    3.35
20-07-2024 08:38:01.01  258.80   0.533  28.023   32.926   86.1   9.89  14.000   -0.06735    2.00    2.23    3.35
20-07-2024 08:38:01.25  258.89   0.533  28.022   32.925   86.1   9.89  14.000   -0.05847    2.10    2.33    2.87
20-07-2024 08:38:01.50  258.96   0.533  28.021   32.924   86.1   9.89  14.000   -0.06513    2.07    2.34    3.43
20-07-2024 08:38:01.74  259.04   0.533  28.023   32.926   86.1   9.89  14.000   -0.07698    2.08    2.24    3.02
20-07-2024 08:38:01.99  259.12   0.534  28.022   32.924   86.1   9.89  14.000   -0.05699    1.99    2.68    3.01
20-07-2024 08:38:02.23  259.22   0.533  28.023   32.926   86.1   9.89  14.000   -0.07179    2.04    2.11    3.40
20-07-2024 08:38:02.48  259.28   0.534  28.022   32.924   86.1   9.90  14.000   -0.07105    1.76    2.18    3.18
20-07-2024 08:38:02.72  259.35   0.533  28.023   32.926   86.1   9.90  14.000   -0.05107    1.76    2.18    3.18
20-07-2024 08:38:02.97  259.42   0.534  28.023   32.926   86.1   9.89  14.000   -0.06291    2.02    1.98    2.93
20-07-2024 08:38:03.22  259.52   0.534  28.024   32.926   86.1   9.89  14.000   -0.03997    2.07    2.38    2.97
20-07-2024 08:38:03.46  259.59   0.534  28.024   32.926   86.1   9.89  14.000   -0.06291    2.08    2.09    3.11
20-07-2024 08:38:03.71  259.67   0.534  28.024   32.926   86.1   9.89  14.000   -0.05181    2.26    2.35    3.03
20-07-2024 08:38:03.96  259.77   0.534  28.025   32.926   86.1   9.89  14.000   -0.06735    1.96    2.07    3.16
20-07-2024 08:38:04.20  259.84   0.535  28.024   32.925   86.1   9.89  14.000   -0.06365    2.03    2.61    2.92
20-07-2024 08:38:04.45  259.94   0.535  28.025   32.926   86.1   9.89  14.000   -0.06883    2.03    2.61    2.92
20-07-2024 08:38:04.69  259.99   0.535  28.024   32.925   86.1   9.89  14.000   -0.05107    2.16    2.02    2.94
20-07-2024 08:38:04.94  260.06   0.535  28.026   32.927   86.1   9.89  14.000   -0.05403    2.04    2.31    3.16
20-07-2024 08:38:05.18  260.18   0.535  28.025   32.926   86.1   9.89  14.000   -0.06957    2.00    2.05    3.00
20-07-2024 08:38:05.43  260.24   0.535  28.025   32.927   86.1   9.89  14.000   -0.07253    1.97    2.12    3.30
20-07-2024 08:38:05.67  260.31   0.535  28.024   32.925   86.1   9.89  14.000   -0.05625    1.88    2.54    3.27
20-07-2024 08:38:05.92  260.39   0.535  28.025   32.927   86.1   9.89  14.000   -0.07550    2.00    2.24    3.07
20-07-2024 08:38:06.17  260.48   0.535  28.025   32.926   86.1   9.89  14.000   -0.06365    2.00    2.24    3.07
20-07-2024 08:38:06.41  260.55   0.534  28.025   32.926   86.1   9.89  14.000   -0.07253    2.24    1.97    2.74
20-07-2024 08:38:06.65  260.64   0.535  28.026   32.927   86.1   9.89  14.000   -0.06587    1.83    2.62    3.18
20-07-2024 08:38:06.91  260.72   0.535  28.027   32.928   86.1   9.89  14.000   -0.07253    2.26    2.33    3.25
20-07-2024 08:38:07.15  260.82   0.535  28.026   32.927   86.1   9.89  14.000   -0.06513    2.11    1.56    3.03
20-07-2024 08:38:07.40  260.89   0.534  28.025   32.927   86.1   9.89  14.000   -0.07253    2.12    2.12    3.31
20-07-2024 08:38:07.65  261.00   0.535  28.025   32.926   86.1   9.89  14.000   -0.05773    2.04    2.56    3.01
20-07-2024 08:38:07.89  261.04   0.535  28.025   32.926   86.1   9.89  14.000   -0.07624    2.04    2.56    3.01
20-07-2024 08:38:08.14  261.13   0.535  28.026   32.927   86.1   9.89  14.000   -0.07105    2.12    2.11    3.35
20-07-2024 08:38:08.38  261.21   0.535  28.025   32.926   86.1   9.89  14.000   -0.04589    1.71    2.37    3.39
20-07-2024 08:38:08.63  261.31   0.535  28.026   32.926   86.0   9.89  14.000   -0.07105    2.02    2.46    3.56
20-07-2024 08:38:08.87  261.37   0.535  28.026   32.926   86.0   9.88  14.000   -0.07105    2.34    2.32    3.18
20-07-2024 08:38:09.12  261.43   0.535  28.026   32.927   86.0   9.88  14.000   -0.06439    2.17    2.65    3.22
20-07-2024 08:38:09.36  261.54   0.535  28.026   32.926   86.0   9.88  14.000   -0.04811    2.41    2.05    3.26
20-07-2024 08:38:09.60  261.59   0.535  28.026   32.927   86.0   9.88  14.000   -0.06291    2.41    2.05    3.26
20-07-2024 08:38:09.85  261.68   0.536  28.026   32.926   86.0   9.88  14.000   -0.08068    2.22    2.37    3.10
20-07-2024 08:38:10.10  261.76   0.535  28.027   32.927   86.0   9.88  14.000   -0.05773    1.90    1.99    2.90
20-07-2024 08:38:10.34  261.88   0.535  28.026   32.926   86.0   9.88  14.000   -0.07253    1.92    1.86    3.43
20-07-2024 08:38:10.59  261.95   0.535  28.026   32.926   86.0   9.88  14.000   -0.07846    1.97    2.56    3.21
20-07-2024 08:38:10.84  262.02   0.536  28.026   32.926   86.0   9.88  14.000   -0.07698    2.08    2.43    3.21
20-07-2024 08:38:11.09  262.09   0.535  28.026   32.926   86.0   9.88  14.000   -0.05403    2.40    1.90    2.90
20-07-2024 08:38:11.33  262.17   0.535  28.027   32.927   86.0   9.88  14.000   -0.05625    2.40    1.90    2.90
20-07-2024 08:38:11.58  262.26   0.536  28.028   32.927   86.0   9.88  14.000   -0.06513    1.90    2.45    3.12
20-07-2024 08:38:11.82  262.32   0.537  28.028   32.926   86.0   9.88  14.000   -0.04515    2.16    2.00    3.07
20-07-2024 08:38:12.07  262.40   0.536  28.028   32.927   86.0   9.88  14.000   -0.07031    2.14    2.15    3.09
20-07-2024 08:38:12.31  262.47   0.537  28.029   32.927   86.0   9.88  14.000   -0.06217    1.88    2.18    3.17
20-07-2024 08:38:12.56  262.59   0.537  28.029   32.927   86.0   9.88  14.000   -0.06735    2.07    2.46    3.16
20-07-2024 08:38:12.80  262.68   0.537  28.029   32.927   86.0   9.88  14.000   -0.07031    1.98    2.14    3.14
20-07-2024 08:38:13.05  262.77   0.537  28.029   32.928   86.0   9.88  14.000   -0.07402    1.98    2.14    3.14
20-07-2024 08:38:13.29  262.85   0.538  28.030   32.928   86.0   9.88  14.000   -0.06883    2.22    1.69    3.21
20-07-2024 08:38:13.54  262.87   0.537  28.028   32.927   86.0   9.88  14.000   -0.05921    1.94    2.46    3.34
20-07-2024 08:38:13.78  262.97   0.537  28.029   32.927   86.0   9.88  14.000   -0.06809    2.27    2.76    3.46
20-07-2024 08:38:14.03  263.06   0.538  28.030   32.928   86.0   9.88  14.000   -0.04959    2.11    2.81    2.96
20-07-2024 08:38:14.28  263.12   0.538  28.030   32.928   86.0   9.88  14.000   -0.07846    2.08    2.55    3.31
20-07-2024 08:38:14.53  263.22   0.538  28.031   32.929   86.0   9.88  14.000   -0.07550    2.02    2.36    3.05
20-07-2024 08:38:14.77  263.31   0.538  28.030   32.928   86.0   9.88  14.000   -0.07550    2.02    2.36    3.05
20-07-2024 08:38:15.02  263.37   0.538  28.032   32.930   86.0   9.88  14.000   -0.07253    2.30    2.19    3.24
20-07-2024 08:38:15.27  263.46   0.539  28.032   32.929   86.0   9.87  14.000   -0.07476    2.26    1.98    3.01
20-07-2024 08:38:15.51  263.53   0.539  28.031   32.928   86.0   9.88  14.000   -0.05921    1.71    2.36    2.83
20-07-2024 08:38:15.76  263.61   0.539  28.031   32.928   86.0   9.87  14.000   -0.04737    2.07    2.56    3.11
20-07-2024 08:38:16.00  263.69   0.539  28.033   32.929   86.0   9.88  14.000   -0.08734    2.11    2.13    2.96
20-07-2024 08:38:16.25  263.75   0.539  28.033   32.930   86.0   9.88  14.000   -0.07698    2.38    2.85    3.20
20-07-2024 08:38:16.49  263.86   0.540  28.033   32.930   86.0   9.88  14.000   -0.06069    2.38    2.85    3.20
20-07-2024 08:38:16.74  263.96   0.541  28.033   32.928   86.0   9.87  14.000   -0.05255    1.92    2.36    3.16
20-07-2024 08:38:16.98  264.02   0.541  28.032   32.927   86.0   9.87  14.000   -0.05625    2.08    2.21    3.06
20-07-2024 08:38:17.23  264.07   0.541  28.033   32.928   85.9   9.87  14.000   -0.07105    2.12    2.40    3.18
20-07-2024 08:38:17.47  264.17   0.540  28.034   32.929   86.0   9.87  14.000   -0.06957    2.16    2.32    2.98
20-07-2024 08:38:17.72  264.25   0.541  28.033   32.928   85.9   9.87  14.000   -0.07105    2.10    2.17    3.20
20-07-2024 08:38:17.97  264.28   0.540  28.033   32.929   85.9   9.87  14.000   -0.05847    2.04    2.88    3.13
20-07-2024 08:38:18.21  264.41   0.541  28.034   32.929   85.9   9.87  14.000   -0.06069    2.04    2.88    3.13
20-07-2024 08:38:18.46  264.45   0.541  28.034   32.929   85.9   9.87  14.000   -0.05921    2.09    2.13    3.08
20-07-2024 08:38:18.71  264.53   0.540  28.033   32.929   86.0   9.87  14.000   -0.05921    2.08    2.42    3.09
20-07-2024 08:38:18.95  264.65   0.541  28.034   32.929   85.9   9.87  14.000   -0.07772    1.92    2.53    3.44
20-07-2024 08:38:19.20  264.71   0.541  28.034   32.929   85.9   9.87  14.000   -0.04367    2.29    2.12    3.39
20-07-2024 08:38:19.44  264.78   0.541  28.034   32.928   85.9   9.87  14.000   -0.07031    1.92    2.27    3.49
20-07-2024 08:38:19.69  264.85   0.541  28.034   32.929   86.0   9.87  14.000   -0.05107    2.13    2.13    3.19
20-07-2024 08:38:19.93  264.94   0.540  28.034   32.929   85.9   9.87  14.000   -0.05921    2.13    2.13    3.19
20-07-2024 08:38:20.18  265.01   0.541  28.034   32.928   85.9   9.87  14.000   -0.07105    2.03    2.35    3.14
20-07-2024 08:38:20.42  265.09   0.541  28.034   32.929   85.9   9.87  14.000   -0.04885    2.08    2.65    3.17
20-07-2024 08:38:20.67  265.20   0.540  28.033   32.928   85.9   9.87  14.000   -0.04811    2.36    1.94    3.05
20-07-2024 08:38:20.91  265.23   0.541  28.034   32.928   85.9   9.87  14.000   -0.06291    2.02    2.09    3.34
20-07-2024 08:38:21.16  265.33   0.541  28.036   32.931   85.9   9.87  14.000   -0.07624    2.05    2.04    3.07
20-07-2024 08:38:21.40  265.43   0.541  28.035   32.929   85.9   9.87  14.000   -0.06291    2.30    2.06    3.30
20-07-2024 08:38:21.66  265.51   0.541  28.035   32.929   85.9   9.87  14.000   -0.07476    2.30    2.06    3.30
20-07-2024 08:38:21.90  265.59   0.541  28.035   32.930   85.9   9.87  14.000   -0.06883    1.96    2.15    2.98
20-07-2024 08:38:22.15  265.67   0.542  28.035   32.929   85.9   9.87  14.000   -0.05847    2.25    2.10    3.02
20-07-2024 08:38:22.40  265.70   0.542  28.036   32.929   85.9   9.87  14.000   -0.07550    2.13    2.57    3.10
20-07-2024 08:38:22.64  265.79   0.542  28.036   32.930   85.9   9.87  14.000   -0.05921    2.15    2.13    3.00
20-07-2024 08:38:22.89  265.89   0.542  28.036   32.929   85.9   9.87  14.000   -0.06217    2.15    2.32    3.35
20-07-2024 08:38:23.13  265.97   0.542  28.036   32.930   85.9   9.87  14.000   -0.04959    2.16    1.75    3.04
20-07-2024 08:38:23.38  266.03   0.542  28.036   32.930   85.9   9.86  14.000   -0.05847    2.16    1.75    3.04
20-07-2024 08:38:23.62  266.14   0.543  28.036   32.929   85.9   9.87  14.000   -0.05625    2.03    2.37    3.27
20-07-2024 08:38:23.87  266.19   0.543  28.037   32.930   85.9   9.86  14.000   -0.06809    1.81    2.49    2.77
20-07-2024 08:38:24.11  266.28   0.543  28.037   32.930   85.9   9.86  14.000   -0.07253    2.06    2.11    3.03
20-07-2024 08:38:24.36  266.37   0.543  28.036   32.929   85.9   9.86  14.000   -0.06365    2.27    2.44    3.23
20-07-2024 08:38:24.60  266.45   0.543  28.036   32.929   85.9   9.86  14.000   -0.05773    1.99    2.62    3.39
20-07-2024 08:38:24.85  266.52   0.543  28.037   32.930   85.9   9.86  14.000   -0.04663    1.81    2.55    3.30
20-07-2024 08:38:25.09  266.59   0.543  28.037   32.930   85.9   9.86  14.000   -0.05477    1.81    2.55    3.30
20-07-2024 08:38:25.34  266.68   0.542  28.037   32.930   85.9   9.86  14.000   -0.07328    1.83    1.96    2.80
20-07-2024 08:38:25.59  266.75   0.543  28.037   32.930   85.9   9.86  14.000   -0.05699    2.08    2.35    3.16
20-07-2024 08:38:25.84  266.84   0.543  28.038   32.930   85.9   9.86  14.000   -0.05699    2.15    2.28    3.25
20-07-2024 08:38:26.08  266.91   0.543  28.038   32.930   85.9   9.86  14.000   -0.06217    1.76    2.00    3.02
20-07-2024 08:38:26.33  266.98   0.543  28.038   32.931   85.9   9.86  14.000   -0.06291    2.40    1.76    2.90
20-07-2024 08:38:26.57  267.08   0.543  28.037   32.929   85.9   9.86  14.000   -0.06735    1.78    2.35    3.20
20-07-2024 08:38:26.82  267.15   0.543  28.037   32.929   85.8   9.86  14.000   -0.07994    1.78    2.35    3.20
20-07-2024 08:38:27.06  267.23   0.543  28.037   32.929   85.9   9.86  14.000   -0.05921    2.30    2.45    3.11
20-07-2024 08:38:27.31  267.30   0.543  28.037   32.929   85.8   9.86  14.000   -0.05995    2.29    2.31    3.10
20-07-2024 08:38:27.55  267.40   0.543  28.037   32.930   85.8   9.86  14.000   -0.06809    2.16    2.38    2.91
20-07-2024 08:38:27.80  267.48   0.543  28.038   32.930   85.8   9.86  14.000   -0.05921    2.17    2.56    3.21
20-07-2024 08:38:28.05  267.57   0.543  28.037   32.929   85.8   9.86  14.000   -0.06217    2.15    2.35    3.49
20-07-2024 08:38:28.29  267.63   0.543  28.037   32.930   85.8   9.86  14.000   -0.04663    2.16    2.46    3.03
20-07-2024 08:38:28.53  267.73   0.543  28.038   32.930   85.8   9.86  14.000   -0.06365    2.16    2.46    3.03
20-07-2024 08:38:28.78  267.78   0.544  28.037   32.928   85.8   9.86  14.000   -0.04663    2.03    2.42    3.01
20-07-2024 08:38:29.03  267.86   0.543  28.038   32.929   85.8   9.86  14.000   -0.06809    2.04    2.46    3.36
20-07-2024 08:38:29.27  267.94   0.543  28.038   32.930   85.8   9.86  14.000   -0.05773    1.89    2.41    3.03
20-07-2024 08:38:29.52  268.02   0.543  28.038   32.929   85.8   9.86  14.000   -0.06217    2.36    2.24    3.26
20-07-2024 08:38:29.77  268.09   0.544  28.038   32.929   85.8   9.86  14.000   -0.06069    1.98    2.52    3.30
20-07-2024 08:38:30.01  268.17   0.543  28.037   32.929   85.8   9.86  14.000   -0.03701    2.08    2.14    2.92
20-07-2024 08:38:30.26  268.24   0.543  28.038   32.929   85.8   9.86  14.000   -0.06883    2.08    2.14    2.92
20-07-2024 08:38:30.50  268.34   0.543  28.038   32.930   85.8   9.86  14.000   -0.06587    2.43    2.46    3.12
20-07-2024 08:38:30.75  268.39   0.543  28.038   32.930   85.8   9.86  14.000   -0.06069    1.94    2.78    3.16
20-07-2024 08:38:31.00  268.48   0.543  28.038   32.929   85.8   9.86  14.000   -0.06735    1.65    2.78    2.97
20-07-2024 08:38:31.24  268.55   0.543  28.038   32.929   85.8   9.86  14.000   -0.05847    2.10    2.00    2.91
20-07-2024 08:38:31.49  268.66   0.543  28.038   32.929   85.8   9.86  14.000   -0.07550    2.07    2.06    3.14
20-07-2024 08:38:31.73  268.74   0.544  28.038   32.929   85.8   9.86  14.000   -0.05921    2.14    2.23    2.98
20-07-2024 08:38:31.97  268.80   0.543  28.039   32.930   85.8   9.85  14.000   -0.08068    2.14    2.23    2.98
20-07-2024 08:38:32.22  268.86   0.543  28.038   32.929   85.8   9.86  14.000   -0.06513    2.07    1.74    2.98
20-07-2024 08:38:32.47  268.95   0.544  28.039   32.930   85.8   9.86  14.000   -0.07772    2.06    2.21    3.40
20-07-2024 08:38:32.72  269.03   0.544  28.039   32.930   85.8   9.86  14.000   -0.05921    1.94    1.75    3.24
20-07-2024 08:38:32.96  269.10   0.544  28.039   32.930   85.8   9.86  14.000   -0.05921    2.24    2.10    3.14
20-07-2024 08:38:33.21  269.17   0.544  28.039   32.929   85.8   9.86  14.000   -0.05033    1.75    2.51    2.87
20-07-2024 08:38:33.46  269.26   0.543  28.039   32.930   85.8   9.86  14.000   -0.04959    1.97    2.24    2.93
20-07-2024 08:38:33.70  269.38   0.543  28.039   32.930   85.8   9.86  14.000   -0.07253    1.97    2.24    2.93
20-07-2024 08:38:33.95  269.40   0.544  28.039   32.930   85.8   9.86  14.000   -0.06291    1.95    2.72    3.41
20-07-2024 08:38:34.19  269.51   0.543  28.038   32.930   85.8   9.86  14.000   -0.04071    2.43    2.19    3.06
20-07-2024 08:38:34.44  269.58   0.544  28.038   32.928   85.8   9.86  14.000   -0.06365    2.29    2.19    3.13
20-07-2024 08:38:34.68  269.67   0.543  28.040   32.930   85.8   9.86  14.000   -0.06439    2.03    2.31    3.19
20-07-2024 08:38:34.93  269.74   0.543  28.039   32.931   85.8   9.86  14.000   -0.07550    1.94    2.04    3.60
20-07-2024 08:38:35.18  269.80   0.543  28.039   32.930   85.8   9.86  14.000   -0.06513    2.17    2.23    3.35
20-07-2024 08:38:35.42  269.92   0.543  28.040   32.931   85.8   9.86  14.000   -0.06735    2.17    2.23    3.35
20-07-2024 08:38:35.66  269.98   0.544  28.038   32.928   85.8   9.86  14.000   -0.03775    2.02    2.10    2.96
20-07-2024 08:38:35.91  270.07   0.543  28.040   32.931   85.8   9.86  14.000   -0.05995    2.10    2.10    2.86
20-07-2024 08:38:36.16  270.13   0.543  28.039   32.930   85.8   9.85  14.000   -0.08216    2.07    2.55    3.09
20-07-2024 08:38:36.41  270.21   0.544  28.039   32.930   85.8   9.85  14.000   -0.06217    2.23    2.25    3.06
20-07-2024 08:38:36.65  270.31   0.544  28.040   32.930   85.8   9.86  14.000   -0.06365    1.94    1.91    3.08
20-07-2024 08:38:36.90  270.41   0.543  28.039   32.930   85.8   9.86  14.000   -0.04145    2.20    2.27    3.05
20-07-2024 08:38:37.15  270.46   0.544  28.039   32.929   85.8   9.85  14.000   -0.06069    2.20    2.27    3.05
20-07-2024 08:38:37.39  270.55   0.543  28.039   32.929   85.8   9.85  14.000   -0.06291    2.03    2.35    3.46
20-07-2024 08:38:37.64  270.63   0.543  28.039   32.930   85.8   9.85  14.000   -0.04811    2.09    2.42    3.34
20-07-2024 08:38:37.88  270.70   0.543  28.040   32.931   85.8   9.85  14.000   -0.05403    2.29    2.31    2.82
20-07-2024 08:38:38.13  270.79   0.544  28.040   32.930   85.8   9.85  14.000   -0.05921    1.79    2.26    3.09
20-07-2024 08:38:38.37  270.89   0.544  28.039   32.929   85.8   9.85  14.000   -0.05699    2.16    2.60    2.97
20-07-2024 08:38:38.62  270.95   0.544  28.040   32.930   85.8   9.85  14.000   -0.05625    2.30    2.61    2.91
20-07-2024 08:38:38.86  271.04   0.543  28.039   32.929   85.8   9.85  14.000   -0.06143    2.30    2.61    2.91
20-07-2024 08:38:39.12  271.09   0.544  28.039   32.929   85.8   9.85  14.000   -0.04811    2.06    2.70    3.12
20-07-2024 08:38:39.35  271.20   0.543  28.040   32.931   85.8   9.85  14.000   -0.05921    2.14    2.37    3.13
20-07-2024 08:38:39.60  271.25   0.544  28.040   32.930   85.8   9.85  14.000   -0.06291    1.72    2.72    3.06
20-07-2024 08:38:39.84  271.33   0.544  28.040   32.929   85.8   9.85  14.000   -0.06587    1.89    2.45    3.14
20-07-2024 08:38:40.09  271.44   0.544  28.040   32.929   85.8   9.85  14.000   -0.05699    2.18    2.40    2.99
20-07-2024 08:38:40.34  271.51   0.544  28.040   32.930   85.8   9.85  14.000   -0.05921    2.18    2.40    2.99
20-07-2024 08:38:40.59  271.60   0.544  28.040   32.930   85.8   9.85  14.000   -0.06735    2.44    2.33    3.24
20-07-2024 08:38:40.83  271.66   0.544  28.041   32.930   85.8   9.85  14.000   -0.06883    1.82    2.16    3.17
20-07-2024 08:38:41.08  271.77   0.544  28.041   32.930   85.8   9.85  14.000   -0.05699    2.18    2.52    3.09
20-07-2024 08:38:41.32  271.81   0.544  28.042   32.931   85.8   9.85  14.000   -0.06957    1.97    2.12    2.98
20-07-2024 08:38:41.57  271.90   0.544  28.043   32.932   85.8   9.85  14.000   -0.05255    2.17    2.36    3.47
20-07-2024 08:38:41.81  271.98   0.545  28.042   32.931   85.8   9.85  14.000   -0.05477    2.26    2.26    2.84
20-07-2024 08:38:42.06  272.10   0.545  28.042   32.930   85.8   9.85  14.000   -0.06439    2.26    2.26    2.84
20-07-2024 08:38:42.30  272.13   0.545  28.043   32.931   85.8   9.85  14.000   -0.07550    1.75    2.07    2.88
20-07-2024 08:38:42.55  272.23   0.545  28.043   32.931   85.8   9.85  14.000   -0.05551    1.97    2.06    2.96
20-07-2024 08:38:42.79  272.31   0.545  28.042   32.931   85.8   9.85  14.000   -0.06217    2.14    2.15    3.34
20-07-2024 08:38:43.04  272.40   0.545  28.043   32.931   85.8   9.85  14.000   -0.06587    2.17    1.83    3.27
20-07-2024 08:38:43.29  272.46   0.545  28.042   32.930   85.8   9.85  14.000   -0.05995    2.07    2.18    3.13
20-07-2024 08:38:43.53  272.52   0.545  28.042   32.930   85.8   9.85  14.000   -0.07105    2.17    2.00    3.02
20-07-2024 08:38:43.78  272.63   0.545  28.042   32.930   85.8   9.85  14.000   -0.07550    2.17    2.00    3.02
20-07-2024 08:38:44.03  272.68   0.545  28.041   32.930   85.8   9.85  14.000   -0.06365    2.28    2.36    3.57
20-07-2024 08:38:44.28  272.75   0.545  28.042   32.931   85.8   9.85  14.000   -0.06513    2.20    2.22    3.04
20-07-2024 08:38:44.52  272.85   0.544  28.042   32.931   85.8   9.85  14.000   -0.06143    1.94    2.15    3.28
20-07-2024 08:38:44.77  272.92   0.544  28.040   32.930   85.8   9.85  14.000   -0.06587    2.02    2.35    3.46
20-07-2024 08:38:45.01  273.02   0.542  28.040   32.931   85.8   9.85  14.000   -0.06143    2.14    2.19    2.85
20-07-2024 08:38:45.26  273.08   0.542  28.040   32.930   85.8   9.85  14.000   -0.05995    2.12    2.66    3.07
20-07-2024 08:38:45.50  273.19   0.541  28.040   32.932   85.8   9.85  14.000   -0.07179    2.12    2.66    3.07
20-07-2024 08:38:45.75  273.23   0.542  28.039   32.930   85.8   9.85  14.000   -0.05699    1.98    2.55    2.80
20-07-2024 08:38:45.99  273.32   0.542  28.039   32.930   85.8   9.85  14.000   -0.03701    2.44    2.38    3.43
20-07-2024 08:38:46.24  273.42   0.542  28.040   32.931   85.7   9.85  14.000   -0.04367    1.73    2.16    2.97
20-07-2024 08:38:46.48  273.48   0.542  28.041   32.931   85.8   9.85  14.000   -0.07031    2.24    2.40    3.44
20-07-2024 08:38:46.73  273.57   0.542  28.040   32.930   85.7   9.85  14.000   -0.06957    2.10    2.29    3.12
20-07-2024 08:38:46.97  273.63   0.541  28.040   32.931   85.7   9.85  14.000   -0.06883    2.24    2.57    3.00
20-07-2024 08:38:47.22  273.72   0.541  28.040   32.931   85.7   9.85  14.000   -0.06587    2.24    2.57    3.00
20-07-2024 08:38:47.47  273.79   0.541  28.039   32.930   85.7   9.85  14.000   -0.05847    2.34    2.12    3.60
20-07-2024 08:38:47.71  273.87   0.541  28.039   32.930   85.7   9.85  14.000   -0.06365    2.21    2.46    3.09
20-07-2024 08:38:47.96  273.96   0.541  28.040   32.931   85.7   9.85  14.000   -0.07550    2.10    1.97    3.50
20-07-2024 08:38:48.21  274.02   0.541  28.040   32.931   85.8   9.85  14.000   -0.07105    2.06    2.15    3.03
20-07-2024 08:38:48.46  274.09   0.541  28.040   32.931   85.8   9.85  14.000   -0.05773    2.47    2.19    3.17
20-07-2024 08:38:48.70  274.16   0.540  28.039   32.931   85.7   9.85  14.000   -0.06957    1.90    2.52    3.03
20-07-2024 08:38:48.95  274.25   0.540  28.040   32.932   85.7   9.85  14.000   -0.07031    1.90    2.52    3.03
20-07-2024 08:38:49.19  274.32   0.540  28.039   32.931   85.7   9.85  14.000   -0.07550    2.15    2.23    3.23
20-07-2024 08:38:49.44  274.42   0.540  28.040   32.932   85.7   9.85  14.000   -0.06883    2.33    2.54    3.20
20-07-2024 08:38:49.68  274.49   0.540  28.039   32.931   85.7   9.85  14.000   -0.06513    2.32    2.05    3.24
20-07-2024 08:38:49.93  274.58   0.540  28.040   32.932   85.7   9.84  14.000   -0.06661    2.27    1.86    3.39
20-07-2024 08:38:50.18  274.66   0.540  28.039   32.931   85.7   9.85  14.000   -0.07031    2.14    2.31    3.17
20-07-2024 08:38:50.42  274.76   0.540  28.040   32.932   85.7   9.84  14.000   -0.06735    1.88    2.21    2.97
20-07-2024 08:38:50.66  274.82   0.540  28.040   32.931   85.7   9.85  14.000   -0.05699    1.88    2.21    2.97
20-07-2024 08:38:50.91  274.93   0.540  28.040   32.932   85.7   9.84  14.000   -0.06587    1.82    2.46    3.12
20-07-2024 08:38:51.16  275.00   0.540  28.039   32.931   85.7   9.84  14.000   -0.06365    1.98    2.50    3.35
20-07-2024 08:38:51.40  275.08   0.541  28.040   32.931   85.7   9.84  14.000   -0.05995    1.90    2.21    3.33
20-07-2024 08:38:51.65  275.20   0.540  28.040   32.932   85.7   9.84  14.000   -0.05033    2.21    2.01    3.66
20-07-2024 08:38:51.90  275.24   0.540  28.041   32.932   85.7   9.84  14.000   -0.07105    2.03    2.26    2.91
20-07-2024 08:38:52.14  275.31   0.540  28.041   32.932   85.7   9.84  14.000   -0.06365    2.00    2.48    3.26
20-07-2024 08:38:52.39  275.40   0.541  28.040   32.931   85.7   9.84  14.000   -0.05477    2.00    2.48    3.26
20-07-2024 08:38:52.63  275.48   0.541  28.040   32.931   85.7   9.84  14.000   -0.07105    1.97    2.85    2.86
20-07-2024 08:38:52.88  275.58   0.540  28.040   32.931   85.7   9.84  14.000   -0.07328    1.78    2.11    3.16
20-07-2024 08:38:53.12  275.63   0.540  28.040   32.931   85.7   9.84  14.000   -0.05033    2.17    2.83    3.02
20-07-2024 08:38:53.37  275.71   0.541  28.042   32.933   85.7   9.84  14.000   -0.05995    2.09    2.08    3.07
20-07-2024 08:38:53.61  275.81   0.541  28.041   32.932   85.7   9.84  14.000   -0.07920    1.81    2.09    3.31
20-07-2024 08:38:53.86  275.89   0.540  28.041   32.933   85.6   9.84  14.000   -0.06809    2.05    2.44    3.07
20-07-2024 08:38:54.10  275.96   0.541  28.041   32.931   85.6   9.84  14.000   -0.07253    2.05    2.44    3.07
20-07-2024 08:38:54.35  276.04   0.540  28.043   32.934   85.6   9.83  14.000   -0.07179    1.84    2.35    3.05
20-07-2024 08:38:54.59  276.14   0.541  28.042   32.932   85.7   9.84  14.000   -0.06513    2.03    2.23    2.89
20-07-2024 08:38:54.84  276.20   0.541  28.041   32.932   85.6   9.84  14.000   -0.07994    2.07    1.80    3.18
20-07-2024 08:38:55.09  276.28   0.541  28.042   32.932   85.6   9.83  14.000   -0.06365    2.37    2.12    3.21
20-07-2024 08:38:55.34  276.35   0.541  28.042   32.932   85.6   9.83  14.000   -0.08068    1.79    2.43    3.29
20-07-2024 08:38:55.58  276.47   0.541  28.041   32.931   85.6   9.83  14.000   -0.06365    2.14    2.30    3.15
20-07-2024 08:38:55.83  276.53   0.540  28.041   32.932   85.6   9.83  14.000   -0.06957    2.14    2.30    3.15
20-07-2024 08:38:56.07  276.62   0.541  28.043   32.934   85.6   9.83  14.000   -0.07328    2.33    2.38    3.11
20-07-2024 08:38:56.32  276.68   0.541  28.042   32.932   85.6   9.83  14.000   -0.05773    2.34    1.96    3.22
20-07-2024 08:38:56.56  276.77   0.541  28.042   32.932   85.6   9.83  14.000   -0.05625    1.96    2.16    3.30
20-07-2024 08:38:56.81  276.81   0.541  28.041   32.931   85.6   9.83  14.000   -0.04071    1.96    2.34    3.36
20-07-2024 08:38:57.05  276.89   0.542  28.042   32.932   85.6   9.83  14.000   -0.06439    2.07    2.15    3.04
20-07-2024 08:38:57.30  276.99   0.541  28.042   32.931   85.6   9.83  14.000   -0.06809    2.08    2.53    3.15
20-07-2024 08:38:57.54  277.07   0.541  28.042   32.932   85.6   9.83  14.000   -0.04885    2.08    2.53    3.15
20-07-2024 08:38:57.79  277.17   0.541  28.042   32.931   85.6   9.83  14.000   -0.06661    2.13    2.38    3.21
20-07-2024 08:38:58.04  277.24   0.541  28.042   32.933   85.5   9.83  14.000   -0.08068    2.12    2.82    3.16
20-07-2024 08:38:58.28  277.31   0.541  28.042   32.932   85.6   9.83  14.000   -0.06143    2.04    2.14    2.94
20-07-2024 08:38:58.53  277.39   0.541  28.043   32.933   85.5   9.82  14.000   -0.05551    1.90    2.32    3.16
20-07-2024 08:38:58.78  277.49   0.541  28.043   32.933   85.5   9.82  14.000   -0.06291    2.07    2.29    3.34
20-07-2024 08:38:59.03  277.54   0.541  28.042   32.933   85.5   9.82  14.000   -0.06883    2.11    2.43    3.13
20-07-2024 08:38:59.27  277.63   0.541  28.042   32.932   85.5   9.82  14.000   -0.05995    2.11    2.43    3.13
20-07-2024 08:38:59.52  277.73   0.541  28.042   32.932   85.5   9.82  14.000   -0.06439    2.08    2.12    3.34
20-07-2024 08:38:59.76  277.80   0.541  28.042   32.932   85.5   9.82  14.000   -0.04811    1.99    2.66    3.38
20-07-2024 08:39:00.01  277.86   0.541  28.042   32.932   85.5   9.82  14.000   -0.07253    1.98    2.60    3.25
20-07-2024 08:39:00.25  277.96   0.541  28.043   32.934   85.5   9.82  14.000   -0.04219    2.00    2.11    3.29
20-07-2024 08:39:00.50  278.04   0.541  28.044   32.935   85.5   9.82  14.000   -0.05773    1.98    2.33    3.11
20-07-2024 08:39:00.74  278.09   0.541  28.042   32.932   85.5   9.82  14.000   -0.04811    2.10    3.08    2.91
20-07-2024 08:39:00.99  278.19   0.541  28.043   32.933   85.5   9.82  14.000   -0.07031    2.10    3.08    2.91
20-07-2024 08:39:01.24  278.30   0.541  28.043   32.933   85.5   9.82  14.000   -0.05477    1.97    2.29    3.14
20-07-2024 08:39:01.48  278.32   0.541  28.042   32.931   85.5   9.82  14.000   -0.05921    2.15    2.21    2.90
20-07-2024 08:39:01.72  278.39   0.541  28.042   32.932   85.5   9.82  14.000   -0.06439    2.08    2.15    3.38
20-07-2024 08:39:01.97  278.48   0.542  28.043   32.932   85.5   9.82  14.000   -0.06735    2.30    2.15    3.06
20-07-2024 08:39:02.22  278.56   0.541  28.042   32.931   85.5   9.82  14.000   -0.05921    2.11    2.04    3.59
20-07-2024 08:39:02.46  278.64   0.542  28.043   32.932   85.5   9.82  14.000   -0.03849    2.20    2.37    3.09
20-07-2024 08:39:02.71  278.73   0.541  28.043   32.932   85.5   9.82  14.000   -0.07402    2.20    2.37    3.09
20-07-2024 08:39:02.96  278.80   0.541  28.043   32.932   85.5   9.82  14.000   -0.05551    2.13    2.21    3.37
20-07-2024 08:39:03.21  278.86   0.541  28.043   32.932   85.5   9.82  14.000   -0.06513    1.84    2.28    3.08
20-07-2024 08:39:03.45  278.97   0.541  28.043   32.932   85.5   9.82  14.000   -0.07031    2.23    2.50    2.74
20-07-2024 08:39:03.70  279.05   0.541  28.044   32.932   85.5   9.82  14.000   -0.05921    2.01    2.06    3.20
20-07-2024 08:39:03.94  279.11   0.541  28.044   32.933   85.5   9.82  14.000   -0.05773    2.15    1.98    3.15
20-07-2024 08:39:04.19  279.19   0.541  28.044   32.933   85.5   9.81  14.000   -0.06883    2.15    2.54    3.17
20-07-2024 08:39:04.43  279.26   0.542  28.044   32.933   85.5   9.82  14.000   -0.06439    2.15    2.54    3.17
20-07-2024 08:39:04.68  279.35   0.542  28.044   32.932   85.5   9.82  14.000   -0.05995    2.25    2.34    3.07
20-07-2024 08:39:04.92  279.41   0.542  28.044   32.932   85.5   9.82  14.000   -0.06661    1.96    2.13    3.18
20-07-2024 08:39:05.17  279.51   0.542  28.044   32.933   85.4   9.81  14.000   -0.05255    1.86    2.04    3.23
20-07-2024 08:39:05.41  279.60   0.542  28.046   32.934   85.4   9.81  14.000   -0.07994    2.21    1.84    3.18
20-07-2024 08:39:05.66  279.64   0.542  28.045   32.934   85.4   9.81  14.000   -0.06735    2.18    2.41    3.35
20-07-2024 08:39:05.91  279.74   0.542  28.045   32.933   85.4   9.81  14.000   -0.07550    1.87    1.99    3.10
20-07-2024 08:39:06.15  279.84   0.542  28.045   32.932   85.4   9.81  14.000   -0.08438    1.87    1.99    3.10
20-07-2024 08:39:06.40  279.91   0.542  28.045   32.934   85.4   9.81  14.000   -0.05699    1.95    2.34    3.16
20-07-2024 08:39:06.65  280.00   0.542  28.045   32.933   85.4   9.81  14.000   -0.05477    1.75    2.56    3.03
20-07-2024 08:39:06.89  280.05   0.542  28.045   32.933   85.4   9.81  14.000   -0.05847    2.02    2.36    3.59
20-07-2024 08:39:07.14  280.13   0.542  28.045   32.933   85.4   9.81  14.000   -0.06217    2.06    2.04    3.13
20-07-2024 08:39:07.38  280.21   0.543  28.044   32.932   85.4   9.81  14.000   -0.06661    1.96    2.19    3.10
20-07-2024 08:39:07.63  280.31   0.542  28.045   32.933   85.4   9.81  14.000   -0.05921    2.13    2.04    2.96
20-07-2024 08:39:07.87  280.40   0.542  28.045   32.933   85.4   9.81  14.000   -0.06439    2.13    2.04    2.96
20-07-2024 08:39:08.12  280.49   0.542  28.045   32.933   85.4   9.81  14.000   -0.07105    2.24    2.14    3.23
20-07-2024 08:39:08.36  280.54   0.542  28.046   32.934   85.4   9.81  14.000   -0.06661    1.77    2.15    3.02
20-07-2024 08:39:08.61  280.62   0.542  28.046   32.934   85.4   9.81  14.000   -0.07031    2.12    1.97    3.06
20-07-2024 08:39:08.85  280.73   0.542  28.045   32.932   85.4   9.81  14.000   -0.07772    1.93    2.17    3.02
20-07-2024 08:39:09.10  280.77   0.542  28.046   32.934   85.4   9.81  14.000   -0.05477    2.01    2.34    3.06
20-07-2024 08:39:09.34  280.87   0.542  28.046   32.934   85.4   9.81  14.000   -0.04441    2.00    2.18    2.92
20-07-2024 08:39:09.60  280.94   0.543  28.045   32.932   85.4   9.81  14.000   -0.05477    2.00    2.18    2.92
20-07-2024 08:39:09.84  281.01   0.543  28.045   32.932   85.4   9.81  14.000   -0.08142    2.16    2.24    3.16
20-07-2024 08:39:10.09  281.09   0.543  28.045   32.932   85.4   9.81  14.000   -0.06513    2.03    2.42    3.29
20-07-2024 08:39:10.33  281.19   0.542  28.047   32.935   85.4   9.81  14.000   -0.06809    2.01    2.11    3.28
20-07-2024 08:39:10.58  281.28   0.543  28.046   32.933   85.4   9.81  14.000   -0.06809    1.78    2.43    3.39
20-07-2024 08:39:10.83  281.34   0.543  28.046   32.933   85.4   9.81  14.000   -0.06439    2.14    2.42    2.88
20-07-2024 08:39:11.07  281.40   0.543  28.046   32.933   85.4   9.81  14.000   -0.05773    2.10    1.87    3.03
20-07-2024 08:39:11.31  281.51   0.542  28.045   32.933   85.4   9.80  14.000   -0.05773    2.10    1.87    3.03
20-07-2024 08:39:11.56  281.59   0.543  28.047   32.934   85.4   9.81  14.000   -0.06217    2.01    2.24    3.19
20-07-2024 08:39:11.81  281.66   0.542  28.046   32.933   85.4   9.80  14.000   -0.06809    2.20    2.21    3.41
20-07-2024 08:39:12.06  281.75   0.543  28.047   32.934   85.4   9.81  14.000   -0.07402    2.47    1.98    3.44
20-07-2024 08:39:12.30  281.81   0.543  28.046   32.933   85.4   9.81  14.000   -0.06439    2.01    2.17    3.12
20-07-2024 08:39:12.54  281.92   0.543  28.046   32.933   85.4   9.80  14.000   -0.04663    2.02    1.92    2.74
20-07-2024 08:39:12.79  281.98   0.543  28.047   32.934   85.4   9.80  14.000   -0.04515    2.08    2.18    3.16
20-07-2024 08:39:13.03  282.06   0.542  28.046   32.933   85.4   9.80  14.000   -0.05551    2.08    2.18    3.16
20-07-2024 08:39:13.28  282.15   0.543  28.046   32.932   85.4   9.80  14.000   -0.06587    1.90    2.36    3.42
20-07-2024 08:39:13.53  282.25   0.543  28.047   32.933   85.4   9.80  14.000   -0.06883    2.05    2.11    3.21
20-07-2024 08:39:13.78  282.32   0.543  28.046   32.933   85.4   9.80  14.000   -0.06661    2.21    2.26    3.44
20-07-2024 08:39:14.02  282.40   0.543  28.047   32.934   85.3   9.80  14.000   -0.06217    2.05    2.14    3.19
20-07-2024 08:39:14.27  282.46   0.543  28.047   32.934   85.3   9.80  14.000   -0.07105    2.07    2.47    3.18
20-07-2024 08:39:14.51  282.54   0.543  28.046   32.932   85.4   9.80  14.000   -0.06143    2.31    2.50    3.30
20-07-2024 08:39:14.76  282.65   0.543  28.047   32.933   85.3   9.80  14.000   -0.06143    2.31    2.50    3.30
20-07-2024 08:39:15.00  282.73   0.543  28.046   32.932   85.3   9.80  14.000   -0.06513    1.95    2.21    3.07
20-07-2024 08:39:15.25  282.78   0.543  28.046   32.932   85.3   9.80  14.000   -0.07253    2.03    2.50    3.11
20-07-2024 08:39:15.49  282.86   0.543  28.048   32.934   85.3   9.80  14.000   -0.06661    1.95    2.08    3.31
20-07-2024 08:39:15.74  282.94   0.543  28.047   32.933   85.3   9.80  14.000   -0.05033    1.77    2.08    3.17
20-07-2024 08:39:15.98  283.03   0.543  28.047   32.934   85.3   9.80  14.000   -0.06291    2.09    2.65    3.30
20-07-2024 08:39:16.23  283.09   0.543  28.046   32.933   85.3   9.80  14.000   -0.05921    2.24    2.49    3.21
20-07-2024 08:39:16.47  283.18   0.543  28.047   32.933   85.3   9.80  14.000   -0.06809    2.24    2.49    3.21
20-07-2024 08:39:16.72  283.26   0.543  28.048   32.933   85.3   9.80  14.000   -0.05255    2.11    2.48    3.27
20-07-2024 08:39:16.97  283.34   0.543  28.048   32.934   85.3   9.80  14.000   -0.06069    2.04    2.40    3.06
20-07-2024 08:39:17.22  283.40   0.543  28.047   32.933   85.3   9.80  14.000   -0.06217    2.00    2.16    3.28
20-07-2024 08:39:17.46  283.50   0.543  28.048   32.934   85.3   9.80  14.000   -0.05699    1.84    2.27    3.01
20-07-2024 08:39:17.71  283.57   0.543  28.048   32.934   85.3   9.80  14.000   -0.06957    2.32    2.31    3.23
20-07-2024 08:39:17.96  283.66   0.543  28.048   32.934   85.3   9.80  14.000   -0.03701    2.09    2.37    2.94
20-07-2024 08:39:18.20  283.74   0.543  28.048   32.934   85.3   9.80  14.000   -0.06735    2.09    2.37    2.94
20-07-2024 08:39:18.44  283.80   0.543  28.047   32.933   85.3   9.80  14.000   -0.05921    2.31    2.44    3.02
20-07-2024 08:39:18.69  283.89   0.543  28.049   32.935   85.3   9.80  14.000   -0.05773    2.05    2.09    3.18
20-07-2024 08:39:18.93  283.98   0.543  28.048   32.934   85.3   9.80  14.000   -0.07031    1.92    2.34    3.26
20-07-2024 08:39:19.18  284.06   0.543  28.048   32.934   85.3   9.80  14.000   -0.06365    2.28    1.88    3.01
20-07-2024 08:39:19.42  284.12   0.543  28.047   32.932   85.3   9.80  14.000   -0.05995    2.09    2.50    2.98
20-07-2024 08:39:19.68  284.20   0.543  28.047   32.933   85.3   9.80  14.000   -0.07846    1.97    1.98    3.22
20-07-2024 08:39:19.91  284.30   0.543  28.048   32.933   85.3   9.80  14.000   -0.06883    1.97    1.98    3.22
20-07-2024 08:39:20.16  284.36   0.543  28.047   32.932   85.3   9.80  14.000   -0.05699    2.14    2.44    3.53
20-07-2024 08:39:20.41  284.45   0.543  28.047   32.933   85.3   9.80  14.000   -0.07698    2.07    2.02    3.33
20-07-2024 08:39:20.66  284.53   0.543  28.049   32.935   85.3   9.80  14.000   -0.04737    2.18    2.42    3.19
20-07-2024 08:39:20.90  284.61   0.543  28.049   32.934   85.3   9.80  14.000   -0.06957    2.10    1.87    3.03
20-07-2024 08:39:21.15  284.69   0.543  28.048   32.932   85.3   9.80  14.000   -0.06513    2.14    2.38    3.00
20-07-2024 08:39:21.40  284.78   0.543  28.048   32.933   85.3   9.80  14.000   -0.05773    2.36    2.01    3.20
20-07-2024 08:39:21.64  284.84   0.543  28.049   32.934   85.3   9.80  14.000   -0.05921    2.36    2.01    3.20
20-07-2024 08:39:21.89  284.90   0.543  28.048   32.933   85.3   9.79  14.000   -0.06661    1.79    2.02    3.41
20-07-2024 08:39:22.13  285.04   0.543  28.050   32.935   85.3   9.80  14.000   -0.07105    2.05    2.33    3.30
20-07-2024 08:39:22.38  285.11   0.544  28.048   32.932   85.3   9.80  14.000   -0.06587    1.98    2.10    3.05
20-07-2024 08:39:22.62  285.15   0.543  28.048   32.933   85.3   9.80  14.000   -0.08512    1.95    2.25    3.13
20-07-2024 08:39:22.87  285.22   0.544  28.049   32.933   85.3   9.80  14.000   -0.04663    2.15    2.23    3.25
20-07-2024 08:39:23.12  285.33   0.543  28.048   32.933   85.3   9.80  14.000   -0.05329    2.18    2.61    3.17
20-07-2024 08:39:23.36  285.39   0.543  28.050   32.935   85.3   9.79  14.000   -0.06513    2.18    2.61    3.17
20-07-2024 08:39:23.60  285.50   0.544  28.049   32.933   85.3   9.79  14.000   -0.05107    1.86    2.28    3.25
20-07-2024 08:39:23.85  285.54   0.543  28.050   32.935   85.3   9.80  14.000   -0.07402    2.24    2.15    3.18
20-07-2024 08:39:24.10  285.62   0.543  28.049   32.934   85.3   9.80  14.000   -0.06513    2.11    1.98    3.16
20-07-2024 08:39:24.34  285.72   0.543  28.049   32.934   85.3   9.80  14.000   -0.06291    1.95    2.37    2.71
20-07-2024 08:39:24.59  285.81   0.544  28.048   32.932   85.3   9.80  14.000   -0.05921    2.24    2.30    3.20
20-07-2024 08:39:24.84  285.87   0.543  28.049   32.934   85.3   9.80  14.000   -0.07550    2.24    2.30    3.20
20-07-2024 08:39:25.08  285.97   0.544  28.049   32.933   85.3   9.79  14.000   -0.06365    2.06    2.22    3.29
20-07-2024 08:39:25.33  286.06   0.544  28.049   32.933   85.3   9.79  14.000   -0.03701    2.20    2.51    3.09
20-07-2024 08:39:25.57  286.14   0.544  28.050   32.934   85.3   9.79  14.000   -0.07179    2.46    2.75    3.42
20-07-2024 08:39:25.82  286.18   0.544  28.050   32.934   85.3   9.80  14.000   -0.07698    2.26    2.15    2.86
20-07-2024 08:39:26.06  286.27   0.544  28.050   32.934   85.3   9.80  14.000   -0.07253    2.11    2.38    3.02
20-07-2024 08:39:26.31  286.38   0.544  28.049   32.933   85.3   9.80  14.000   -0.05847    2.28    2.42    3.25
20-07-2024 08:39:26.55  286.42   0.544  28.050   32.934   85.3   9.80  14.000   -0.06069    2.28    2.42    3.25
20-07-2024 08:39:26.80  286.52   0.544  28.051   32.935   85.3   9.79  14.000   -0.06809    2.16    2.25    3.33
20-07-2024 08:39:27.04  286.60   0.544  28.051   32.935   85.3   9.79  14.000   -0.04885    2.26    2.81    3.15
20-07-2024 08:39:27.29  286.67   0.544  28.050   32.933   85.3   9.80  14.000   -0.07328    2.04    2.13    3.26
20-07-2024 08:39:27.53  286.76   0.544  28.050   32.933   85.3   9.79  14.000   -0.06513    2.07    2.59    2.77
20-07-2024 08:39:27.78  286.85   0.545  28.052   32.935   85.3   9.79  14.000   -0.06513    1.86    2.34    3.15
20-07-2024 08:39:28.03  286.93   0.544  28.050   32.934   85.3   9.79  14.000   -0.07846    2.29    2.37    3.10
20-07-2024 08:39:28.28  287.00   0.546  28.052   32.935   85.3   9.79  14.000   -0.06957    2.29    2.37    3.10
20-07-2024 08:39:28.53  287.08   0.545  28.052   32.935   85.3   9.79  14.000   -0.06661    2.02    2.42    3.14
20-07-2024 08:39:28.77  287.17   0.545  28.052   32.934   85.3   9.79  14.000   -0.04441    2.12    2.24    3.20
20-07-2024 08:39:29.02  287.25   0.545  28.052   32.934   85.3   9.79  14.000   -0.07179    2.17    2.75    3.01
20-07-2024 08:39:29.26  287.31   0.545  28.052   32.934   85.3   9.79  14.000   -0.06735    2.03    2.11    3.49
20-07-2024 08:39:29.51  287.39   0.546  28.052   32.934   85.3   9.79  14.000   -0.06217    2.31    2.36    3.13
20-07-2024 08:39:29.75  287.48   0.546  28.053   32.935   85.3   9.79  14.000   -0.06661    2.06    2.53    3.05
20-07-2024 08:39:30.00  287.56   0.546  28.053   32.936   85.3   9.79  14.000   -0.06661    2.06    2.53    3.05
20-07-2024 08:39:30.24  287.63   0.546  28.053   32.935   85.3   9.79  14.000   -0.06513    1.89    2.21    3.36
20-07-2024 08:39:30.49  287.70   0.546  28.053   32.935   85.3   9.79  14.000   -0.06513    2.04    2.08    3.00
20-07-2024 08:39:30.73  287.79   0.546  28.054   32.937   85.2   9.79  14.000   -0.06217    2.17    1.94    2.98
20-07-2024 08:39:30.98  287.88   0.547  28.054   32.935   85.2   9.79  14.000   -0.07624    2.17    2.45    2.95
20-07-2024 08:39:31.22  287.94   0.546  28.054   32.936   85.3   9.79  14.000   -0.07328    2.16    2.15    3.05
20-07-2024 08:39:31.47  288.02   0.546  28.054   32.936   85.3   9.79  14.000   -0.06809    2.23    2.23    3.17
20-07-2024 08:39:31.72  288.09   0.546  28.053   32.934   85.3   9.79  14.000   -0.06217    2.23    2.23    3.17
20-07-2024 08:39:31.97  288.18   0.547  28.054   32.935   85.3   9.79  14.000   -0.07031    2.29    2.03    3.02
20-07-2024 08:39:32.22  288.26   0.546  28.054   32.936   85.2   9.79  14.000   -0.03775    2.03    2.41    3.25
20-07-2024 08:39:32.46  288.34   0.546  28.055   32.936   85.2   9.79  14.000   -0.06143    2.24    2.24    3.30
20-07-2024 08:39:32.71  288.42   0.547  28.056   32.937   85.2   9.79  14.000   -0.04885    1.86    2.30    2.95
20-07-2024 08:39:32.95  288.53   0.547  28.055   32.937   85.3   9.79  14.000   -0.04737    1.97    2.70    3.29
20-07-2024 08:39:33.20  288.62   0.547  28.055   32.936   85.3   9.79  14.000   -0.06513    2.26    2.25    3.11
20-07-2024 08:39:33.44  288.70   0.547  28.056   32.936   85.2   9.79  14.000   -0.07179    2.26    2.25    3.11
20-07-2024 08:39:33.69  288.73   0.548  28.055   32.935   85.2   9.79  14.000   -0.05477    1.90    1.63    2.79
20-07-2024 08:39:33.93  288.83   0.547  28.056   32.937   85.2   9.79  14.000   -0.07031    2.19    2.56    3.08
20-07-2024 08:39:34.19  288.91   0.547  28.055   32.936   85.2   9.79  14.000   -0.07698    2.09    2.18    3.05
20-07-2024 08:39:34.42  288.98   0.548  28.056   32.936   85.2   9.79  14.000   -0.07550    2.22    2.23    3.34
20-07-2024 08:39:34.67  289.04   0.547  28.055   32.935   85.2   9.79  14.000   -0.06217    1.82    2.07    3.12
20-07-2024 08:39:34.91  289.14   0.547  28.056   32.937   85.2   9.79  14.000   -0.05847    2.06    2.44    3.01
20-07-2024 08:39:35.16  289.23   0.548  28.057   32.937   85.2   9.79  14.000   -0.06513    2.06    2.44    3.01
20-07-2024 08:39:35.41  289.33   0.548  28.055   32.935   85.2   9.79  14.000   -0.07328    1.83    2.19    2.86
20-07-2024 08:39:35.65  289.38   0.548  28.056   32.936   85.2   9.79  14.000   -0.05995    2.29    2.31    3.27
20-07-2024 08:39:35.90  289.48   0.548  28.056   32.936   85.2   9.79  14.000   -0.06883    2.06    2.47    3.33
20-07-2024 08:39:36.15  289.53   0.548  28.056   32.935   85.2   9.78  14.000   -0.05921    1.89    2.40    3.43
20-07-2024 08:39:36.39  289.62   0.548  28.056   32.936   85.2   9.79  14.000   -0.07772    2.18    2.50    3.14
20-07-2024 08:39:36.64  289.69   0.547  28.055   32.935   85.2   9.79  14.000   -0.05995    2.09    2.40    3.29
20-07-2024 08:39:36.88  289.78   0.548  28.057   32.936   85.2   9.78  14.000   -0.05847    2.09    2.40    3.29
20-07-2024 08:39:37.13  289.86   0.548  28.055   32.934   85.2   9.79  14.000   -0.05477    1.96    2.49    2.95
20-07-2024 08:39:37.37  289.93   0.548  28.056   32.935   85.2   9.78  14.000   -0.05625    2.06    2.44    3.12
20-07-2024 08:39:37.62  290.03   0.548  28.057   32.936   85.2   9.78  14.000   -0.07105    1.93    2.39    3.22
20-07-2024 08:39:37.86  290.10   0.548  28.057   32.936   85.2   9.78  14.000   -0.04663    1.90    2.00    3.35
20-07-2024 08:39:38.11  290.19   0.548  28.056   32.935   85.2   9.78  14.000   -0.07476    2.24    2.28    2.96
20-07-2024 08:39:38.35  290.25   0.548  28.057   32.936   85.2   9.79  14.000   -0.05477    2.17    2.16    3.09
20-07-2024 08:39:38.60  290.34   0.548  28.056   32.935   85.2   9.78  14.000   -0.08068    2.17    2.16    3.09
20-07-2024 08:39:38.84  290.40   0.548  28.057   32.936   85.2   9.78  14.000   -0.06217    1.85    2.40    2.93
20-07-2024 08:39:39.10  290.50   0.548  28.057   32.936   85.2   9.78  14.000   -0.08068    1.80    2.27    3.16
20-07-2024 08:39:39.34  290.58   0.548  28.057   32.936   85.2   9.78  14.000   -0.05403    2.07    2.81    3.19
20-07-2024 08:39:39.59  290.63   0.548  28.057   32.937   85.2   9.78  14.000   -0.05477    2.05    2.09    2.80
20-07-2024 08:39:39.84  290.73   0.548  28.057   32.937   85.2   9.78  14.000   -0.06217    1.97    2.34    2.83
20-07-2024 08:39:40.08  290.81   0.548  28.057   32.936   85.2   9.78  14.000   -0.07920    1.86    2.66    3.01
20-07-2024 08:39:40.33  290.91   0.548  28.057   32.936   85.2   9.78  14.000   -0.06587    1.86    2.66    3.01
20-07-2024 08:39:40.57  290.97   0.548  28.058   32.938   85.2   9.78  14.000   -0.06957    2.39    2.54    3.04
20-07-2024 08:39:40.82  291.05   0.549  28.057   32.935   85.2   9.78  14.000   -0.06883    1.75    1.83    3.25
20-07-2024 08:39:41.06  291.11   0.548  28.056   32.935   85.2   9.78  14.000   -0.07402    2.17    2.18    2.99
20-07-2024 08:39:41.31  291.24   0.548  28.058   32.937   85.2   9.78  14.000   -0.05181    1.83    2.27    3.27
20-07-2024 08:39:41.55  291.29   0.549  28.058   32.936   85.2   9.78  14.000   -0.07772    2.16    2.38    3.23
20-07-2024 08:39:41.80  291.36   0.549  28.058   32.936   85.2   9.78  14.000   -0.06883    2.22    2.07    3.21
20-07-2024 08:39:42.04  291.45   0.549  28.058   32.937   85.2   9.78  14.000   -0.07179    2.22    2.07    3.21
20-07-2024 08:39:42.29  291.53   0.549  28.059   32.937   85.2   9.78  14.000   -0.06439    2.19    1.96    3.13
20-07-2024 08:39:42.53  291.61   0.549  28.057   32.935   85.2   9.78  14.000   -0.06439    1.92    2.18    3.75
20-07-2024 08:39:42.78  291.67   0.549  28.059   32.937   85.2   9.78  14.000   -0.07179    2.01    2.23    3.05
20-07-2024 08:39:43.03  291.75   0.549  28.059   32.937   85.2   9.78  14.000   -0.04811    2.23    2.54    3.03
20-07-2024 08:39:43.28  291.86   0.549  28.059   32.937   85.2   9.78  14.000   -0.06291    1.98    2.48    2.88
20-07-2024 08:39:43.52  291.94   0.549  28.059   32.937   85.2   9.78  14.000   -0.06957    2.14    2.32    3.26
20-07-2024 08:39:43.77  292.01   0.549  28.058   32.936   85.2   9.78  14.000   -0.06365    2.14    2.32    3.26
20-07-2024 08:39:44.01  292.08   0.549  28.059   32.936   85.2   9.78  14.000   -0.07402    2.02    2.54    3.00
20-07-2024 08:39:44.26  292.17   0.549  28.060   32.938   85.2   9.78  14.000   -0.07179    1.79    2.07    3.45
20-07-2024 08:39:44.50  292.23   0.549  28.058   32.935   85.1   9.78  14.000   -0.06883    2.06    2.49    3.15
20-07-2024 08:39:44.75  292.32   0.549  28.059   32.936   85.1   9.78  14.000   -0.06513    1.78    2.34    3.35
20-07-2024 08:39:44.99  292.39   0.549  28.059   32.937   85.2   9.78  14.000   -0.06291    2.09    2.29    3.03
20-07-2024 08:39:45.25  292.49   0.549  28.059   32.937   85.1   9.78  14.000   -0.04959    2.13    2.38    3.28
20-07-2024 08:39:45.48  292.56   0.549  28.060   32.938   85.2   9.78  14.000   -0.05033    2.13    2.38    3.28
20-07-2024 08:39:45.73  292.65   0.550  28.059   32.936   85.1   9.78  14.000   -0.07550    2.04    2.07    3.06
20-07-2024 08:39:45.97  292.71   0.549  28.059   32.936   85.2   9.78  14.000   -0.06883    1.93    2.37    3.19
20-07-2024 08:39:46.22  292.77   0.550  28.060   32.937   85.1   9.78  14.000   -0.05699    2.23    2.61    2.88
20-07-2024 08:39:46.47  292.89   0.549  28.060   32.937   85.2   9.78  14.000   -0.06957    1.80    2.77    2.94
20-07-2024 08:39:46.72  292.97   0.550  28.060   32.936   85.2   9.78  14.000   -0.07031    2.10    2.26    3.24
20-07-2024 08:39:46.96  293.01   0.550  28.060   32.937   85.1   9.78  14.000   -0.06069    1.94    2.49    3.01
20-07-2024 08:39:47.21  293.11   0.550  28.061   32.938   85.1   9.78  14.000   -0.07550    1.94    2.49    3.01
20-07-2024 08:39:47.46  293.20   0.550  28.060   32.937   85.2   9.78  14.000   -0.07402    2.05    2.24    3.22
20-07-2024 08:39:47.70  293.26   0.550  28.060   32.936   85.1   9.78  14.000   -0.04959    2.18    2.53    3.35
20-07-2024 08:39:47.95  293.34   0.551  28.060   32.936   85.2   9.78  14.000   -0.06883    2.06    2.39    3.24
20-07-2024 08:39:48.19  293.41   0.551  28.061   32.937   85.1   9.78  14.000   -0.06143    2.08    2.08    3.18
20-07-2024 08:39:48.44  293.48   0.550  28.062   32.939   85.1   9.78  14.000   -0.07550    2.13    2.67    3.33
20-07-2024 08:39:48.68  293.57   0.551  28.063   32.939   85.1   9.78  14.000   -0.06809    1.77    2.16    3.45
20-07-2024 08:39:48.93  293.66   0.551  28.061   32.937   85.1   9.78  14.000   -0.06735    1.77    2.16    3.45
20-07-2024 08:39:49.17  293.73   0.551  28.061   32.937   85.2   9.78  14.000   -0.07624    2.02    2.36    3.54
20-07-2024 08:39:49.42  293.81   0.551  28.063   32.939   85.1   9.78  14.000   -0.06291    2.14    2.44    3.35
20-07-2024 08:39:49.66  293.88   0.551  28.062   32.938   85.1   9.78  14.000   -0.07253    1.87    2.20    3.20
20-07-2024 08:39:49.91  293.98   0.551  28.062   32.938   85.1   9.78  14.000   -0.08586    2.20    2.32    3.21
20-07-2024 08:39:50.16  294.03   0.551  28.063   32.938   85.1   9.78  14.000   -0.07328    2.31    2.17    3.09
20-07-2024 08:39:50.40  294.13   0.551  28.062   32.938   85.1   9.78  14.000   -0.05699    2.04    2.04    3.22
20-07-2024 08:39:50.65  294.23   0.551  28.062   32.937   85.1   9.78  14.000   -0.07328    2.04    2.04    3.22
20-07-2024 08:39:50.90  294.27   0.552  28.062   32.937   85.1   9.77  14.000   -0.07550    2.13    2.27    3.22
20-07-2024 08:39:51.14  294.35   0.552  28.063   32.938   85.1   9.78  14.000   -0.06291    1.86    1.91    3.54
20-07-2024 08:39:51.39  294.43   0.552  28.062   32.937   85.1   9.77  14.000   -0.07402    2.04    2.28    3.10
20-07-2024 08:39:51.63  294.52   0.552  28.063   32.938   85.1   9.78  14.000   -0.05477    2.26    2.05    3.21
20-07-2024 08:39:51.88  294.62   0.552  28.062   32.937   85.1   9.78  14.000   -0.06439    2.22    2.13    3.32
20-07-2024 08:39:52.12  294.66   0.552  28.063   32.938   85.1   9.77  14.000   -0.04811    1.93    2.35    2.94
20-07-2024 08:39:52.37  294.75   0.552  28.063   32.937   85.1   9.78  14.000   -0.05847    1.93    2.35    2.94
20-07-2024 08:39:52.61  294.80   0.552  28.062   32.936   85.1   9.78  14.000   -0.06587    1.97    2.26    3.07
20-07-2024 08:39:52.86  294.91   0.551  28.064   32.939   85.1   9.77  14.000   -0.06069    2.09    2.22    3.19
20-07-2024 08:39:53.11  294.98   0.552  28.062   32.936   85.1   9.77  14.000   -0.07031    2.28    2.54    3.01
20-07-2024 08:39:53.35  295.04   0.551  28.063   32.938   85.1   9.77  14.000   -0.06439    2.41    2.33    2.88
20-07-2024 08:39:53.60  295.15   0.552  28.063   32.938   85.1   9.77  14.000   -0.06439    2.29    2.42    2.93
20-07-2024 08:39:53.85  295.18   0.551  28.064   32.939   85.1   9.77  14.000   -0.05107    2.00    2.00    3.22
20-07-2024 08:39:54.09  295.27   0.551  28.062   32.937   85.1   9.77  14.000   -0.08068    2.00    2.00    3.22
20-07-2024 08:39:54.34  295.37   0.552  28.063   32.937   85.1   9.78  14.000   -0.06365    2.06    2.06    3.51
20-07-2024 08:39:54.59  295.41   0.551  28.062   32.937   85.1   9.78  14.000   -0.08438    2.18    2.66    3.09
20-07-2024 08:39:54.83  295.50   0.552  28.063   32.938   85.1   9.78  14.000   -0.08142    1.75    2.04    3.07
20-07-2024 08:39:55.08  295.57   0.551  28.063   32.938   85.1   9.77  14.000   -0.07328    1.87    2.43    3.32
20-07-2024 08:39:55.32  295.68   0.552  28.062   32.936   85.1   9.77  14.000   -0.06513    2.15    2.71    3.15
20-07-2024 08:39:55.57  295.76   0.551  28.063   32.937   85.1   9.77  14.000   -0.05329    1.92    2.15    3.32
20-07-2024 08:39:55.81  295.82   0.551  28.063   32.938   85.1   9.77  14.000   -0.06069    1.92    2.15    3.32
20-07-2024 08:39:56.06  295.90   0.551  28.063   32.938   85.1   9.77  14.000   -0.07994    2.05    2.46    3.07
20-07-2024 08:39:56.30  295.96   0.552  28.064   32.938   85.1   9.77  14.000   -0.07772    2.22    2.00    2.90
20-07-2024 08:39:56.55  296.05   0.552  28.063   32.937   85.1   9.77  14.000   -0.07846    1.95    2.40    3.00
20-07-2024 08:39:56.79  296.11   0.551  28.064   32.939   85.1   9.77  14.000   -0.07179    2.16    2.30    3.18
20-07-2024 08:39:57.04  296.19   0.552  28.064   32.939   85.1   9.77  14.000   -0.06883    1.74    2.57    3.17
20-07-2024 08:39:57.28  296.27   0.551  28.063   32.937   85.1   9.77  14.000   -0.06809    1.74    2.57    3.17
20-07-2024 08:39:57.53  296.36   0.551  28.064   32.939   85.1   9.77  14.000   -0.06365    1.94    3.03    3.32
20-07-2024 08:39:57.78  296.42   0.551  28.063   32.938   85.1   9.77  14.000   -0.06587    2.05    2.51    2.93
20-07-2024 08:39:58.03  296.51   0.551  28.063   32.937   85.1   9.77  14.000   -0.07402    2.12    2.18    3.09
20-07-2024 08:39:58.27  296.60   0.552  28.063   32.937   85.1   9.77  14.000   -0.07846    2.16    2.67    3.01
20-07-2024 08:39:58.52  296.68   0.551  28.063   32.937   85.1   9.77  14.000   -0.07328    2.03    1.97    3.40
20-07-2024 08:39:58.76  296.74   0.552  28.063   32.936   85.1   9.77  14.000   -0.07179    1.78    2.66    3.29
20-07-2024 08:39:59.01  296.81   0.552  28.064   32.938   85.1   9.77  14.000   -0.05847    2.03    2.39    3.32
20-07-2024 08:39:59.25  296.90   0.551  28.064   32.938   85.1   9.77  14.000   -0.06069    2.03    2.39    3.32
20-07-2024 08:39:59.50  296.98   0.552  28.064   32.939   85.1   9.77  14.000   -0.04737    2.02    1.82    3.43
20-07-2024 08:39:59.74  297.03   0.552  28.063   32.937   85.1   9.77  14.000   -0.06365    2.01    1.96    2.86
20-07-2024 08:39:59.99  297.11   0.552  28.063   32.937   85.1   9.77  14.000   -0.07179    1.72    2.08    3.05
20-07-2024 08:40:00.23  297.21   0.552  28.064   32.938   85.1   9.77  14.000   -0.07328    2.35    2.18    3.00
20-07-2024 08:40:00.48  297.27   0.552  28.064   32.937   85.1   9.77  14.000   -0.04885    1.98    1.91    3.52
20-07-2024 08:40:00.72  297.34   0.552  28.063   32.936   85.1   9.77  14.000   -0.07476    1.98    1.91    3.52
20-07-2024 08:40:00.97  297.44   0.551  28.063   32.937   85.1   9.77  14.000   -0.07031    1.95    2.54    3.37
20-07-2024 08:40:01.22  297.47   0.552  28.064   32.938   85.1   9.77  14.000   -0.07031    1.88    2.60    3.16
20-07-2024 08:40:01.47  297.57   0.552  28.064   32.938   85.1   9.77  14.000   -0.07846    1.97    2.05    3.32
20-07-2024 08:40:01.72  297.65   0.552  28.064   32.938   85.1   9.77  14.000   -0.06735    2.13    2.26    3.12
20-07-2024 08:40:01.96  297.72   0.552  28.065   32.939   85.1   9.77  14.000   -0.06513    1.84    2.19    3.09
20-07-2024 08:40:02.21  297.83   0.552  28.065   32.939   85.1   9.77  14.000   -0.06439    2.13    2.41    3.16
20-07-2024 08:40:02.45  297.88   0.552  28.065   32.939   85.1   9.77  14.000   -0.05477    2.21    2.48    3.25
20-07-2024 08:40:02.70  297.96   0.552  28.064   32.937   85.1   9.77  14.000   -0.07328    2.21    2.48    3.25
20-07-2024 08:40:02.94  298.04   0.552  28.065   32.938   85.1   9.77  14.000   -0.05995    1.94    2.57    3.20
20-07-2024 08:40:03.19  298.10   0.551  28.065   32.938   85.1   9.77  14.000   -0.07550    1.89    2.34    3.12
20-07-2024 08:40:03.43  298.17   0.552  28.065   32.938   85.1   9.77  14.000   -0.05995    2.17    2.06    2.96
20-07-2024 08:40:03.68  298.24   0.552  28.064   32.937   85.1   9.77  14.000   -0.07846    1.78    2.42    2.88
20-07-2024 08:40:03.92  298.30   0.552  28.065   32.938   85.1   9.77  14.000   -0.06883    1.78    2.25    2.94
20-07-2024 08:40:04.16  298.40   0.552  28.065   32.938   85.1   9.77  14.000   -0.07846    1.78    2.25    2.94
20-07-2024 08:40:04.41  298.46   0.552  28.064   32.937   85.1   9.77  14.000   -0.07105    1.97    2.31    2.96
20-07-2024 08:40:04.66  298.54   0.552  28.065   32.938   85.1   9.77  14.000   -0.06143    1.82    2.68    2.95
20-07-2024 08:40:04.91  298.59   0.551  28.063   32.936   85.1   9.77  14.000   -0.07920    1.92    2.47    2.90
20-07-2024 08:40:05.15  298.68   0.551  28.064   32.937   85.1   9.77  14.000   -0.06291    2.03    2.30    3.06
20-07-2024 08:40:05.40  298.77   0.551  28.065   32.938   85.1   9.77  14.000   -0.06883    1.91    2.35    2.93
20-07-2024 08:40:05.65  298.86   0.551  28.065   32.939   85.1   9.77  14.000   -0.06291    2.14    1.85    3.02
20-07-2024 08:40:05.89  298.95   0.552  28.065   32.937   85.1   9.77  14.000   -0.06809    2.14    1.85    3.02
20-07-2024 08:40:06.14  299.02   0.551  28.064   32.938   85.1   9.77  14.000   -0.07550    2.25    2.30    3.11
20-07-2024 08:40:06.38  299.07   0.551  28.064   32.937   85.1   9.77  14.000   -0.06069    2.13    1.99    2.93
20-07-2024 08:40:06.63  299.13   0.551  28.065   32.938   85.1   9.77  14.000   -0.07179    1.97    2.30    2.87
20-07-2024 08:40:06.87  299.22   0.551  28.064   32.937   85.1   9.77  14.000   -0.07994    1.79    2.29    3.22
20-07-2024 08:40:07.13  299.29   0.551  28.064   32.937   85.1   9.77  14.000   -0.07476    2.10    1.82    3.22
20-07-2024 08:40:07.36  299.36   0.552  28.064   32.936   85.1   9.77  14.000   -0.07179    2.20    2.48    3.33
20-07-2024 08:40:07.61  299.43   0.551  28.064   32.937   85.1   9.77  14.000   -0.06439    2.20    2.48    3.33
20-07-2024 08:40:07.85  299.48   0.551  28.064   32.937   85.1   9.77  14.000   -0.06809    2.09    2.59    3.19
20-07-2024 08:40:08.10  299.56   0.551  28.065   32.938   85.1   9.77  14.000   -0.06291    1.85    2.21    3.09
20-07-2024 08:40:08.34  299.65   0.551  28.065   32.938   85.1   9.77  14.000   -0.05847    2.12    2.54    3.23
20-07-2024 08:40:08.60  299.74   0.551  28.064   32.937   85.1   9.77  14.000   -0.07402    1.91    2.34    3.48
20-07-2024 08:40:08.84  299.80   0.551  28.064   32.937   85.1   9.77  14.000   -0.05921    1.85    2.71    3.15
20-07-2024 08:40:09.09  299.89   0.551  28.065   32.939   85.1   9.77  14.000   -0.06883    2.22    2.45    3.45
20-07-2024 08:40:09.34  299.96   0.551  28.064   32.938   85.1   9.77  14.000   -0.07624    2.22    2.45    3.45
20-07-2024 08:40:09.58  300.02   0.551  28.064   32.937   85.0   9.77  14.000   -0.07698    2.03    2.78    3.05
20-07-2024 08:40:09.83  300.10   0.551  28.064   32.937   85.1   9.77  14.000   -0.06217    2.07    2.45    3.03
20-07-2024 08:40:10.07  300.19   0.551  28.065   32.938   85.1   9.77  14.000   -0.06809    2.31    2.19    3.17
20-07-2024 08:40:10.32  300.25   0.551  28.065   32.938   85.1   9.77  14.000   -0.07402    1.82    2.46    3.17
20-07-2024 08:40:10.56  300.35   0.551  28.064   32.937   85.1   9.77  14.000   -0.05477    2.18    1.79    3.17
20-07-2024 08:40:10.81  300.42   0.551  28.065   32.938   85.1   9.77  14.000   -0.07328    2.05    2.10    3.16
20-07-2024 08:40:11.05  300.48   0.552  28.065   32.937   85.1   9.77  14.000   -0.06069    2.05    2.10    3.16
20-07-2024 08:40:11.30  300.56   0.551  28.066   32.939   85.1   9.77  14.000   -0.07328    2.21    2.15    3.14
20-07-2024 08:40:11.54  300.65   0.551  28.065   32.938   85.1   9.77  14.000   -0.06957    2.23    1.98    3.38
20-07-2024 08:40:11.79  300.71   0.551  28.065   32.937   85.1   9.77  14.000   -0.06809    2.11    2.56    3.26
20-07-2024 08:40:12.03  300.82   0.551  28.064   32.937   85.1   9.77  14.000   -0.05847    2.23    1.95    3.46
20-07-2024 08:40:12.28  300.87   0.551  28.066   32.939   85.1   9.77  14.000   -0.06439    2.16    1.93    3.25
20-07-2024 08:40:12.53  300.98   0.551  28.065   32.937   85.1   9.77  14.000   -0.07994    2.08    2.20    3.13
20-07-2024 08:40:12.78  301.05   0.551  28.066   32.938   85.0   9.77  14.000   -0.06069    2.08    2.20    3.13
20-07-2024 08:40:13.02  301.11   0.552  28.065   32.937   85.0   9.76  14.000   -0.07846    1.89    2.37    3.05
20-07-2024 08:40:13.27  301.20   0.551  28.066   32.939   85.0   9.76  14.000   -0.05255    2.03    2.29    3.09
20-07-2024 08:40:13.51  301.23   0.551  28.065   32.937   85.0   9.77  14.000   -0.06735    1.87    2.36    3.23
20-07-2024 08:40:13.76  301.33   0.552  28.066   32.938   85.0   9.76  14.000   -0.05477    2.27    2.52    2.89
20-07-2024 08:40:14.00  301.41   0.551  28.065   32.938   85.1   9.77  14.000   -0.06513    2.09    2.26    3.37
20-07-2024 08:40:14.25  301.47   0.552  28.067   32.939   85.1   9.77  14.000   -0.05255    1.84    2.40    3.23
20-07-2024 08:40:14.49  301.56   0.552  28.066   32.938   85.1   9.77  14.000   -0.05773    1.84    2.40    3.23
20-07-2024 08:40:14.74  301.59   0.551  28.066   32.939   85.0   9.76  14.000   -0.06809    2.15    2.40    3.32
20-07-2024 08:40:14.98  301.69   0.552  28.065   32.937   85.0   9.76  14.000   -0.06809    2.31    2.22    3.32
20-07-2024 08:40:15.23  301.76   0.552  28.065   32.937   85.1   9.77  14.000   -0.06809    1.88    2.52    3.19
20-07-2024 08:40:15.47  301.82   0.551  28.066   32.938   85.1   9.77  14.000   -0.05995    2.21    2.31    3.11
20-07-2024 08:40:15.72  301.93   0.552  28.066   32.937   85.1   9.77  14.000   -0.07550    2.14    2.20    3.18
20-07-2024 08:40:15.97  302.00   0.551  28.067   32.939   85.0   9.76  14.000   -0.07994    2.18    2.18    2.96
20-07-2024 08:40:16.22  302.08   0.551  28.065   32.937   85.0   9.76  14.000   -0.06809    2.18    2.18    2.96
20-07-2024 08:40:16.47  302.15   0.551  28.065   32.936   85.0   9.77  14.000   -0.06291    1.84    2.14    3.16
20-07-2024 08:40:16.71  302.22   0.552  28.067   32.938   85.0   9.77  14.000   -0.06735    2.31    2.17    3.29
20-07-2024 08:40:16.96  302.29   0.552  28.066   32.938   85.0   9.76  14.000   -0.07624    1.83    1.77    3.32
20-07-2024 08:40:17.20  302.39   0.551  28.066   32.939   85.0   9.76  14.000   -0.08068    2.15    2.38    2.98
20-07-2024 08:40:17.45  302.45   0.551  28.065   32.937   85.0   9.76  14.000   -0.06217    1.92    1.97    3.27
20-07-2024 08:40:17.69  302.52   0.552  28.066   32.938   85.1   9.77  14.000   -0.05181    1.85    2.58    3.03
20-07-2024 08:40:17.94  302.60   0.552  28.065   32.937   85.1   9.77  14.000   -0.07179    1.85    2.58    3.03
20-07-2024 08:40:18.19  302.67   0.552  28.066   32.938   85.0   9.77  14.000   -0.07402    2.00    2.21    3.15
20-07-2024 08:40:18.43  302.72   0.551  28.067   32.939   85.0   9.76  14.000   -0.05329    1.98    2.06    3.13
20-07-2024 08:40:18.67  302.82   0.551  28.066   32.937   85.0   9.76  14.000   -0.05033    2.49    2.38    3.01
20-07-2024 08:40:18.92  302.88   0.552  28.067   32.939   85.0   9.77  14.000   -0.04663    1.94    2.14    3.02
20-07-2024 08:40:19.16  302.96   0.552  28.067   32.938   85.0   9.76  14.000   -0.06957    2.22    2.77    3.30
20-07-2024 08:40:19.41  303.02   0.552  28.066   32.937   85.0   9.76  14.000   -0.06365    1.99    2.31    3.43
20-07-2024 08:40:19.66  303.11   0.552  28.068   32.939   85.0   9.76  14.000   -0.06735    1.99    2.31    3.43
20-07-2024 08:40:19.90  303.17   0.552  28.067   32.938   85.0   9.76  14.000   -0.06069    2.30    2.27    3.13
20-07-2024 08:40:20.15  303.28   0.552  28.067   32.938   85.0   9.76  14.000   -0.06957    1.98    2.17    3.14
20-07-2024 08:40:20.40  303.31   0.552  28.068   32.939   85.0   9.76  14.000   -0.05847    2.01    2.18    3.23
20-07-2024 08:40:20.64  303.39   0.552  28.068   32.938   85.0   9.76  14.000   -0.05181    2.03    2.74    3.07
20-07-2024 08:40:20.89  303.46   0.552  28.067   32.938   85.0   9.76  14.000   -0.06217    2.33    2.44    3.33
20-07-2024 08:40:21.13  303.57   0.553  28.068   32.938   85.0   9.76  14.000   -0.08142    2.02    2.38    2.99
20-07-2024 08:40:21.38  303.61   0.553  28.068   32.939   85.0   9.76  14.000   -0.07105    2.02    2.38    2.99
20-07-2024 08:40:21.62  303.67   0.552  28.067   32.938   85.0   9.76  14.000   -0.06069    2.28    2.11    2.80
20-07-2024 08:40:21.87  303.77   0.552  28.067   32.938   85.0   9.76  14.000   -0.07698    1.95    1.74    2.84
20-07-2024 08:40:22.11  303.81   0.552  28.068   32.939   85.0   9.76  14.000   -0.07994    1.97    2.44    2.87
20-07-2024 08:40:22.36  303.89   0.552  28.068   32.938   85.0   9.76  14.000   -0.06143    2.26    2.54    3.19
20-07-2024 08:40:22.60  303.96   0.552  28.068   32.938   85.0   9.76  14.000   -0.05551    2.08    2.14    3.41
20-07-2024 08:40:22.85  304.03   0.552  28.068   32.938   85.0   9.76  14.000   -0.06883    2.18    1.98    3.54
20-07-2024 08:40:23.09  304.11   0.552  28.068   32.939   85.0   9.76  14.000   -0.06439    2.18    1.98    3.54
20-07-2024 08:40:23.35  304.14   0.553  28.067   32.937   85.0   9.76  14.000   -0.04885    1.98    2.12    3.41
20-07-2024 08:40:23.59  304.23   0.553  28.069   32.939   85.0   9.76  14.000   -0.06143    2.44    2.34    3.08
20-07-2024 08:40:23.84  304.33   0.553  28.069   32.939   85.0   9.76  14.000   -0.08734    1.99    2.88    3.36
20-07-2024 08:40:24.09  304.40   0.553  28.067   32.937   85.0   9.76  14.000   -0.03331    2.25    2.27    3.12
20-07-2024 08:40:24.33  304.47   0.553  28.069   32.939   85.0   9.76  14.000   -0.05403    2.19    2.64    3.24
20-07-2024 08:40:24.58  304.56   0.553  28.068   32.937   85.0   9.76  14.000   -0.06217    2.49    2.18    3.10
20-07-2024 08:40:24.85  304.61   0.553  28.069   32.939   85.0   9.76  14.000   -0.06735    2.03    2.49    3.38
20-07-2024 08:40:25.07  304.70   0.553  28.069   32.939   85.0   9.76  14.000   -0.06365    2.03    2.49    3.38
20-07-2024 08:40:25.31  304.74   0.554  28.070   32.939   85.0   9.76  14.000   -0.06735    2.19    2.40    3.31
20-07-2024 08:40:25.56  304.84   0.553  28.071   32.941   85.0   9.76  14.000   -0.07328    2.06    2.35    2.91
20-07-2024 08:40:25.80  304.94   0.554  28.069   32.937   85.0   9.76  14.000   -0.07328    1.86    2.50    3.31
20-07-2024 08:40:26.05  304.99   0.554  28.071   32.940   85.0   9.76  14.000   -0.07402    2.09    2.04    2.97
20-07-2024 08:40:26.29  305.07   0.554  28.071   32.940   85.0   9.76  14.000   -0.07179    2.07    2.82    3.19
20-07-2024 08:40:26.54  305.12   0.555  28.071   32.939   85.0   9.76  14.000   -0.06809    2.07    2.82    3.19
20-07-2024 08:40:26.78  305.25   0.555  28.071   32.939   85.0   9.76  14.000   -0.05699    2.29    1.92    3.11
20-07-2024 08:40:27.03  305.29   0.555  28.072   32.940   85.0   9.76  14.000   -0.06439    2.24    2.13    2.84
20-07-2024 08:40:27.28  305.36   0.555  28.071   32.939   85.0   9.76  14.000   -0.05107    2.18    2.04    2.98
20-07-2024 08:40:27.53  305.42   0.555  28.071   32.939   85.0   9.76  14.000   -0.07031    2.02    2.17    3.02
20-07-2024 08:40:27.77  305.54   0.555  28.071   32.939   85.0   9.76  14.000   -0.07994    2.13    2.09    3.16
20-07-2024 08:40:28.02  305.61   0.554  28.072   32.940   85.0   9.76  14.000   -0.06365    1.82    2.32    2.96
20-07-2024 08:40:28.26  305.65   0.555  28.072   32.940   85.0   9.76  14.000   -0.04441    1.82    2.32    2.96
20-07-2024 08:40:28.51  305.77   0.555  28.072   32.940   85.0   9.76  14.000   -0.06291    1.99    2.19    3.23
20-07-2024 08:40:28.75  305.84   0.556  28.072   32.939   85.0   9.76  14.000   -0.05921    2.19    2.51    3.09
20-07-2024 08:40:29.00  305.92   0.555  28.073   32.940   85.0   9.76  14.000   -0.06439    1.86    2.26    2.87
20-07-2024 08:40:29.25  305.99   0.556  28.073   32.940   85.0   9.76  14.000   -0.06587    2.15    2.56    3.18
20-07-2024 08:40:29.49  306.06   0.556  28.072   32.939   85.0   9.76  14.000   -0.06661    2.20    3.11    3.06
20-07-2024 08:40:29.73  306.13   0.556  28.074   32.941   85.0   9.76  14.000   -0.07328    1.81    2.09    3.09
20-07-2024 08:40:29.98  306.21   0.556  28.073   32.939   85.0   9.76  14.000   -0.07402    1.81    2.09    3.09
20-07-2024 08:40:30.23  306.28   0.556  28.073   32.939   85.0   9.76  14.000   -0.07550    2.09    2.21    3.42
20-07-2024 08:40:30.47  306.36   0.556  28.073   32.940   85.0   9.76  14.000   -0.07179    1.98    2.08    3.06
20-07-2024 08:40:30.72  306.44   0.556  28.073   32.939   85.0   9.76  14.000   -0.06661    2.16    2.51    3.31
20-07-2024 08:40:30.97  306.50   0.557  28.073   32.939   85.0   9.76  14.000   -0.05625    1.86    2.35    3.02
20-07-2024 08:40:31.22  306.56   0.556  28.072   32.939   85.0   9.76  14.000   -0.06809    1.99    2.65    3.07
20-07-2024 08:40:31.46  306.65   0.556  28.074   32.940   85.0   9.76  14.000   -0.07105    2.05    2.53    3.07
20-07-2024 08:40:31.71  306.73   0.557  28.075   32.941   85.0   9.76  14.000   -0.06439    2.05    2.53    3.07
20-07-2024 08:40:31.95  306.83   0.558  28.075   32.940   85.0   9.76  14.000   -0.07253    2.03    2.33    3.01
20-07-2024 08:40:32.20  306.88   0.558  28.075   32.941   85.0   9.76  14.000   -0.05995    1.99    2.48    3.49
20-07-2024 08:40:32.44  306.96   0.558  28.075   32.940   85.0   9.76  14.000   -0.06883    2.09    1.71    3.06
20-07-2024 08:40:32.69  307.04   0.558  28.074   32.939   85.0   9.76  14.000   -0.07179    1.85    2.17    2.84
20-07-2024 08:40:32.93  307.12   0.558  28.075   32.939   85.0   9.76  14.000   -0.05033    2.19    2.09    3.03
20-07-2024 08:40:33.18  307.22   0.558  28.074   32.938   85.0   9.76  14.000   -0.05033    2.28    2.34    2.91
20-07-2024 08:40:33.42  307.27   0.557  28.075   32.940   85.0   9.76  14.000   -0.07328    2.28    2.34    2.91
20-07-2024 08:40:33.67  307.34   0.558  28.075   32.940   85.0   9.76  14.000   -0.06217    2.07    2.37    3.43
20-07-2024 08:40:33.91  307.42   0.559  28.075   32.939   85.0   9.76  14.000   -0.07328    2.13    1.81    3.30
20-07-2024 08:40:34.16  307.51   0.559  28.075   32.939   85.0   9.76  14.000   -0.06513    1.93    2.28    3.16
20-07-2024 08:40:34.41  307.60   0.558  28.076   32.941   85.0   9.76  14.000   -0.05403    2.02    2.82    3.31
20-07-2024 08:40:34.66  307.65   0.558  28.076   32.940   85.0   9.76  14.000   -0.08586    2.21    2.19    3.10
20-07-2024 08:40:34.90  307.72   0.559  28.077   32.941   85.0   9.76  14.000   -0.04589    2.08    2.49    3.01
20-07-2024 08:40:35.15  307.82   0.559  28.075   32.938   85.0   9.76  14.000   -0.06217    2.08    2.49    3.01
20-07-2024 08:40:35.39  307.89   0.559  28.076   32.940   85.0   9.76  14.000   -0.05329    2.02    2.21    3.26
20-07-2024 08:40:35.64  307.97   0.559  28.077   32.940   85.0   9.76  14.000   -0.07179    2.26    2.61    3.14
20-07-2024 08:40:35.89  308.04   0.559  28.076   32.938   85.0   9.76  14.000   -0.07328    2.38    2.44    2.86
20-07-2024 08:40:36.13  308.16   0.559  28.077   32.940   85.0   9.76  14.000   -0.07402    2.13    2.71    3.01
20-07-2024 08:40:36.38  308.20   0.559  28.077   32.940   85.0   9.76  14.000   -0.07846    2.15    2.70    3.09
20-07-2024 08:40:36.62  308.26   0.560  28.076   32.939   85.0   9.76  14.000   -0.05625    2.11    2.14    2.90
20-07-2024 08:40:36.86  308.36   0.559  28.077   32.940   85.0   9.76  14.000   -0.05847    2.11    2.14    2.90
20-07-2024 08:40:37.11  308.42   0.559  28.076   32.939   85.0   9.76  14.000   -0.06587    2.11    2.09    3.08
20-07-2024 08:40:37.36  308.50   0.559  28.076   32.940   85.0   9.76  14.000   -0.07994    2.29    2.56    3.22
20-07-2024 08:40:37.60  308.57   0.559  28.077   32.941   85.0   9.76  14.000   -0.05847    2.06    2.42    3.03
20-07-2024 08:40:37.85  308.67   0.559  28.077   32.940   85.0   9.76  14.000   -0.08956    1.94    2.24    2.98
20-07-2024 08:40:38.10  308.73   0.559  28.077   32.940   85.0   9.76  14.000   -0.06513    2.27    2.25    3.13
20-07-2024 08:40:38.34  308.79   0.560  28.077   32.939   85.0   9.76  14.000   -0.06291    1.95    2.13    3.44
20-07-2024 08:40:38.59  308.89   0.559  28.077   32.940   85.0   9.76  14.000   -0.06587    1.95    2.13    3.44
20-07-2024 08:40:38.84  308.96   0.559  28.077   32.940   85.0   9.76  14.000   -0.07994    1.93    2.28    3.41
20-07-2024 08:40:39.08  309.02   0.560  28.078   32.940   85.0   9.76  14.000   -0.07920    2.20    2.60    3.17
20-07-2024 08:40:39.33  309.09   0.560  28.077   32.939   85.0   9.76  14.000   -0.07328    2.11    2.36    2.65
20-07-2024 08:40:39.57  309.19   0.560  28.077   32.940   85.0   9.76  14.000   -0.05033    2.28    2.57    2.90
20-07-2024 08:40:39.82  309.25   0.560  28.078   32.940   85.0   9.76  14.000   -0.06735    2.21    2.36    2.87
20-07-2024 08:40:40.07  309.33   0.559  28.078   32.940   85.0   9.76  14.000   -0.06809    2.09    2.22    3.00
20-07-2024 08:40:40.31  309.40   0.560  28.077   32.939   85.0   9.76  14.000   -0.06217    2.09    2.22    3.00
20-07-2024 08:40:40.55  309.47   0.559  28.077   32.940   85.0   9.76  14.000   -0.04959    2.01    2.25    3.05
20-07-2024 08:40:40.80  309.55   0.560  28.077   32.940   85.0   9.76  14.000   -0.06365    1.90    2.20    3.16
20-07-2024 08:40:41.04  309.61   0.560  28.077   32.939   85.0   9.76  14.000   -0.07920    1.89    2.46    3.12
20-07-2024 08:40:41.29  309.68   0.560  28.077   32.939   85.0   9.76  14.000   -0.06809    1.96    2.11    2.70
20-07-2024 08:40:41.53  309.79   0.559  28.078   32.940   85.0   9.76  14.000   -0.04515    2.26    1.94    2.93
20-07-2024 08:40:41.79  309.87   0.559  28.078   32.940   85.0   9.76  14.000   -0.05551    2.22    2.14    2.92
20-07-2024 08:40:42.03  309.94   0.559  28.077   32.940   85.0   9.76  14.000   -0.05033    2.22    2.14    2.92
20-07-2024 08:40:42.28  310.02   0.559  28.078   32.940   85.0   9.76  14.000   -0.06883    2.32    2.40    3.26
20-07-2024 08:40:42.53  310.06   0.559  28.078   32.940   85.0   9.76  14.000   -0.07402    2.33    2.14    3.16
20-07-2024 08:40:42.77  310.17   0.559  28.077   32.939   85.0   9.76  14.000   -0.05995    2.05    2.25    3.35
20-07-2024 08:40:43.02  310.24   0.559  28.077   32.940   85.0   9.76  14.000   -0.06069    2.09    2.13    2.90
20-07-2024 08:40:43.26  310.30   0.560  28.077   32.939   85.0   9.76  14.000   -0.06957    1.87    2.02    3.22
20-07-2024 08:40:43.51  310.38   0.559  28.077   32.940   85.0   9.76  14.000   -0.05107    1.93    2.20    2.88
20-07-2024 08:40:43.75  310.44   0.559  28.078   32.941   85.0   9.76  14.000   -0.07031    1.93    2.20    2.88
20-07-2024 08:40:44.00  310.51   0.560  28.078   32.940   85.0   9.76  14.000   -0.07031    2.15    1.86    3.07
20-07-2024 08:40:44.24  310.63   0.559  28.078   32.941   85.0   9.76  14.000   -0.06957    2.26    2.49    3.13
20-07-2024 08:40:44.49  310.69   0.560  28.078   32.940   85.0   9.76  14.000   -0.07253    2.01    2.11    3.23
20-07-2024 08:40:44.73  310.76   0.559  28.078   32.939   85.0   9.76  14.000   -0.06439    2.30    2.44    3.46
20-07-2024 08:40:44.98  310.82   0.560  28.078   32.940   85.0   9.76  14.000   -0.07179    1.97    2.62    3.07
20-07-2024 08:40:45.22  310.93   0.559  28.078   32.940   85.0   9.76  14.000   -0.06809    1.97    2.62    3.07
20-07-2024 08:40:45.47  310.97   0.559  28.077   32.939   85.0   9.76  14.000   -0.07328    2.03    2.53    2.97
20-07-2024 08:40:45.72  311.07   0.560  28.078   32.939   85.0   9.76  14.000   -0.06661    2.09    2.03    3.05
20-07-2024 08:40:45.97  311.12   0.559  28.078   32.940   85.0   9.76  14.000   -0.07846    2.11    1.82    3.15
20-07-2024 08:40:46.21  311.20   0.559  28.078   32.940   85.0   9.76  14.000   -0.07772    2.38    2.42    3.10
20-07-2024 08:40:46.46  311.27   0.559  28.079   32.941   85.0   9.76  14.000   -0.07772    2.35    2.40    2.87
20-07-2024 08:40:46.70  311.35   0.559  28.078   32.939   85.0   9.76  14.000   -0.06143    2.22    2.12    3.50
20-07-2024 08:40:46.95  311.43   0.559  28.077   32.939   85.0   9.76  14.000   -0.06069    2.22    2.12    3.50
20-07-2024 08:40:47.19  311.51   0.559  28.078   32.940   85.0   9.76  14.000   -0.06587    2.13    2.69    3.00
20-07-2024 08:40:47.44  311.58   0.560  28.078   32.939   85.0   9.76  14.000   -0.04885    1.68    2.19    3.18
20-07-2024 08:40:47.68  311.64   0.560  28.078   32.940   85.0   9.76  14.000   -0.05477    2.07    2.07    2.99
20-07-2024 08:40:47.93  311.75   0.560  28.078   32.939   85.0   9.76  14.000   -0.05625    2.06    2.09    3.14
20-07-2024 08:40:48.17  311.82   0.560  28.078   32.940   85.0   9.76  14.000   -0.06735    2.10    2.27    3.06
20-07-2024 08:40:48.42  311.90   0.560  28.078   32.939   85.0   9.76  14.000   -0.07476    2.10    1.79    3.17
20-07-2024 08:40:48.66  311.96   0.559  28.079   32.941   85.0   9.76  14.000   -0.06291    2.10    1.79    3.17
20-07-2024 08:40:48.91  312.06   0.559  28.079   32.941   85.0   9.76  14.000   -0.05477    1.99    2.46    2.95
20-07-2024 08:40:49.16  312.09   0.560  28.079   32.940   85.0   9.76  14.000   -0.05847    1.87    2.23    3.24
20-07-2024 08:40:49.40  312.20   0.560  28.079   32.940   85.0   9.76  14.000   -0.06291    1.92    2.46    3.56
20-07-2024 08:40:49.66  312.27   0.560  28.079   32.940   85.0   9.76  14.000   -0.05551    1.84    1.95    3.10
20-07-2024 08:40:49.90  312.34   0.560  28.078   32.939   85.0   9.76  14.000   -0.07328    2.12    2.63    3.50
20-07-2024 08:40:50.14  312.44   0.560  28.078   32.939   85.0   9.76  14.000   -0.05995    2.30    2.25    2.96
20-07-2024 08:40:50.39  312.50   0.560  28.079   32.940   85.0   9.76  14.000   -0.05477    2.30    2.25    2.96
20-07-2024 08:40:50.64  312.58   0.560  28.078   32.939   85.0   9.76  14.000   -0.06661    2.29    2.31    3.11
20-07-2024 08:40:50.88  312.67   0.560  28.079   32.939   85.0   9.76  14.000   -0.04885    2.17    2.65    3.20
20-07-2024 08:40:51.13  312.74   0.560  28.079   32.940   85.0   9.76  14.000   -0.05033    2.03    1.97    3.25
20-07-2024 08:40:51.37  312.80   0.560  28.079   32.940   85.0   9.76  14.000   -0.08438    2.02    2.74    3.50
20-07-2024 08:40:51.62  312.89   0.560  28.078   32.939   85.0   9.76  14.000   -0.06957    2.23    2.03    3.31
20-07-2024 08:40:51.86  312.97   0.560  28.079   32.940   85.0   9.76  14.000   -0.06883    2.04    2.54    3.29
20-07-2024 08:40:52.11  313.06   0.560  28.078   32.939   85.0   9.76  14.000   -0.06513    2.04    2.54    3.29
20-07-2024 08:40:52.35  313.12   0.559  28.079   32.940   85.0   9.76  14.000   -0.06291    2.39    2.54    2.90
20-07-2024 08:40:52.60  313.20   0.559  28.079   32.940   85.0   9.76  14.000   -0.07920    2.06    2.06    2.92
20-07-2024 08:40:52.85  313.28   0.560  28.078   32.939   85.0   9.76  14.000   -0.07698    2.07    2.24    3.05
20-07-2024 08:40:53.09  313.34   0.559  28.079   32.939   85.0   9.76  14.000   -0.06883    2.06    1.99    3.49
20-07-2024 08:40:53.34  313.42   0.560  28.079   32.939   85.0   9.76  14.000   -0.04737    2.25    2.36    3.38
20-07-2024 08:40:53.59  313.51   0.560  28.079   32.939   85.0   9.76  14.000   -0.05995    2.21    2.55    2.92
20-07-2024 08:40:53.83  313.56   0.559  28.079   32.939   85.0   9.76  14.000   -0.06069    2.21    2.55    2.92
20-07-2024 08:40:54.08  313.67   0.559  28.079   32.940   85.0   9.76  14.000   -0.05995    1.88    2.47    3.16
20-07-2024 08:40:54.32  313.73   0.559  28.079   32.940   85.0   9.76  14.000   -0.05699    1.86    2.45    3.31
20-07-2024 08:40:54.57  313.79   0.559  28.078   32.939   85.0   9.76  14.000   -0.07253    1.90    1.94    3.15
20-07-2024 08:40:54.81  313.87   0.559  28.078   32.939   85.0   9.76  14.000   -0.05551    2.05    1.99    3.27
20-07-2024 08:40:55.06  313.95   0.559  28.079   32.939   85.0   9.76  14.000   -0.05921    2.34    2.47    2.99
20-07-2024 08:40:55.30  314.03   0.559  28.079   32.940   85.0   9.76  14.000   -0.06069    2.19    2.30    3.36
20-07-2024 08:40:55.55  314.10   0.559  28.079   32.940   85.0   9.76  14.000   -0.05329    2.19    2.30    3.36
20-07-2024 08:40:55.79  314.17   0.560  28.079   32.939   85.0   9.76  14.000   -0.07253    2.12    2.56    3.27
20-07-2024 08:40:56.04  314.27   0.559  28.080   32.940   85.0   9.76  14.000   -0.07105    2.49    2.10    2.64
20-07-2024 08:40:56.28  314.30   0.560  28.079   32.939   85.0   9.76  14.000   -0.08142    2.13    2.06    3.35
20-07-2024 08:40:56.54  314.41   0.559  28.079   32.939   85.0   9.76  14.000   -0.05181    2.36    2.33    2.96
20-07-2024 08:40:56.78  314.44   0.559  28.080   32.941   85.0   9.76  14.000   -0.06143    2.15    2.38    3.31
20-07-2024 08:40:57.03  314.54   0.559  28.080   32.940   85.0   9.76  14.000   -0.06143    1.68    2.09    3.49
20-07-2024 08:40:57.27  314.64   0.559  28.079   32.939   85.0   9.76  14.000   -0.06439    1.68    2.09    3.49
20-07-2024 08:40:57.52  314.71   0.559  28.079   32.939   85.0   9.76  14.000   -0.05551    2.27    2.32    3.19
20-07-2024 08:40:57.77  314.81   0.559  28.080   32.940   85.0   9.76  14.000   -0.07328    2.06    1.96    3.26
20-07-2024 08:40:58.01  314.90   0.559  28.080   32.940   85.0   9.76  14.000   -0.07698    2.35    2.15    3.00
20-07-2024 08:40:58.26  314.93   0.559  28.079   32.939   85.0   9.76  14.000   -0.06291    2.16    3.02    3.23
20-07-2024 08:40:58.50  315.03   0.560  28.080   32.940   85.0   9.75  14.000   -0.07624    1.89    2.43    3.14
20-07-2024 08:40:58.75  315.08   0.560  28.080   32.939   85.0   9.76  14.000   -0.07031    2.16    2.74    2.99
20-07-2024 08:40:58.99  315.16   0.560  28.080   32.939   85.0   9.75  14.000   -0.07624    2.16    2.74    2.99
20-07-2024 08:40:59.24  315.23   0.560  28.080   32.939   85.0   9.76  14.000   -0.06883    2.09    2.71    3.13
20-07-2024 08:40:59.48  315.31   0.560  28.079   32.939   85.0   9.76  14.000   -0.06217    2.10    2.29    3.10
20-07-2024 08:40:59.73  315.38   0.560  28.080   32.939   85.0   9.76  14.000   -0.06439    1.98    2.38    3.22
20-07-2024 08:40:59.97  315.47   0.560  28.080   32.940   85.0   9.75  14.000   -0.03775    2.13    1.98    3.54
20-07-2024 08:41:00.22  315.57   0.560  28.081   32.941   85.0   9.76  14.000   -0.06809    2.26    2.88    2.98
20-07-2024 08:41:00.47  315.60   0.560  28.081   32.941   85.0   9.76  14.000   -0.06957    2.10    1.85    3.20
20-07-2024 08:41:00.72  315.69   0.561  28.081   32.940   85.0   9.76  14.000   -0.05403    2.10    1.85    3.20
20-07-2024 08:41:00.96  315.77   0.560  28.082   32.941   85.0   9.76  14.000   -0.05995    2.18    2.21    3.34
20-07-2024 08:41:01.21  315.87   0.560  28.081   32.940   85.0   9.76  14.000   -0.07105    2.27    2.13    2.86
20-07-2024 08:41:01.45  315.95   0.560  28.082   32.941   85.0   9.76  14.000   -0.06809    2.10    2.21    3.01
20-07-2024 08:41:01.70  316.00   0.560  28.082   32.941   85.0   9.76  14.000   -0.05773    2.16    2.42    3.32
20-07-2024 08:41:01.94  316.08   0.560  28.081   32.940   85.0   9.76  14.000   -0.05921    1.66    1.99    3.39
20-07-2024 08:41:02.19  316.18   0.560  28.081   32.940   85.0   9.76  14.000   -0.05181    2.24    2.17    3.06
20-07-2024 08:41:02.43  316.26   0.561  28.081   32.940   85.0   9.76  14.000   -0.06735    2.24    2.17    3.06
20-07-2024 08:41:02.68  316.29   0.561  28.081   32.939   85.0   9.76  14.000   -0.05477    2.29    2.14    3.33
20-07-2024 08:41:02.92  316.39   0.560  28.080   32.939   85.0   9.76  14.000   -0.06809    2.03    2.61    3.38
20-07-2024 08:41:03.17  316.47   0.561  28.082   32.940   85.0   9.76  14.000   -0.06587    2.16    2.29    3.20
20-07-2024 08:41:03.41  316.55   0.560  28.081   32.939   85.0   9.76  14.000   -0.06291    2.36    2.53    3.05
20-07-2024 08:41:03.66  316.62   0.560  28.081   32.940   85.0   9.76  14.000   -0.06957    2.32    2.52    3.45
20-07-2024 08:41:03.91  316.71   0.561  28.081   32.939   85.0   9.76  14.000   -0.06735    1.97    2.56    3.10
20-07-2024 08:41:04.15  316.78   0.561  28.082   32.940   85.0   9.76  14.000   -0.05329    1.97    2.56    3.10
20-07-2024 08:41:04.41  316.83   0.561  28.082   32.940   85.0   9.76  14.000   -0.06143    2.23    2.40    3.11
20-07-2024 08:41:04.65  316.92   0.561  28.081   32.939   85.0   9.76  14.000   -0.05847    2.29    2.27    3.29
20-07-2024 08:41:04.90  317.02   0.561  28.082   32.941   85.0   9.76  14.000   -0.06735    2.09    2.28    2.91
20-07-2024 08:41:05.14  317.09   0.561  28.081   32.939   85.0   9.76  14.000   -0.04737    2.05    2.35    2.95
20-07-2024 08:41:05.39  317.18   0.560  28.082   32.941   85.0   9.76  14.000   -0.05477    1.86    2.13    3.19
20-07-2024 08:41:05.63  317.22   0.561  28.082   32.940   85.0   9.76  14.000   -0.06587    2.21    2.05    3.25
20-07-2024 08:41:05.87  317.31   0.560  28.082   32.940   85.0   9.76  14.000   -0.07031    2.21    2.05    3.25
20-07-2024 08:41:06.12  317.41   0.561  28.082   32.940   85.0   9.76  14.000   -0.06809    2.21    2.38    2.91
20-07-2024 08:41:06.37  317.46   0.561  28.082   32.941   85.0   9.76  14.000   -0.06439    1.94    2.38    3.02
20-07-2024 08:41:06.61  317.55   0.560  28.082   32.940   85.0   9.76  14.000   -0.07179    1.88    1.98    2.89
20-07-2024 08:41:06.86  317.62   0.560  28.082   32.940   85.0   9.76  14.000   -0.05477    2.07    2.43    3.13
20-07-2024 08:41:07.10  317.66   0.560  28.083   32.941   85.0   9.76  14.000   -0.06587    2.12    2.08    3.13
20-07-2024 08:41:07.35  317.76   0.561  28.082   32.940   85.0   9.75  14.000   -0.05921    2.27    2.63    3.23
20-07-2024 08:41:07.60  317.83   0.560  28.083   32.942   85.0   9.76  14.000   -0.05773    2.27    2.63    3.23
20-07-2024 08:41:07.84  317.91   0.561  28.083   32.941   85.0   9.75  14.000   -0.06069    2.03    2.58    3.07
20-07-2024 08:41:08.09  318.02   0.561  28.082   32.940   85.0   9.76  14.000   -0.05625    1.87    2.03    3.06
20-07-2024 08:41:08.34  318.05   0.561  28.083   32.941   85.0   9.75  14.000   -0.06217    1.86    2.27    3.11
20-07-2024 08:41:08.58  318.13   0.561  28.083   32.940   85.0   9.76  14.000   -0.05699    1.83    2.35    3.22
20-07-2024 08:41:08.83  318.19   0.561  28.083   32.940   85.0   9.76  14.000   -0.05625    2.10    2.00    3.35
20-07-2024 08:41:09.07  318.27   0.561  28.084   32.942   85.0   9.75  14.000   -0.06291    2.26    2.43    3.38
20-07-2024 08:41:09.32  318.35   0.562  28.082   32.939   85.0   9.76  14.000   -0.06661    2.26    2.43    3.38
20-07-2024 08:41:09.56  318.43   0.561  28.082   32.939   85.0   9.76  14.000   -0.05625    1.84    2.24    2.94
20-07-2024 08:41:09.81  318.52   0.562  28.083   32.940   85.0   9.76  14.000   -0.06291    1.88    2.61    3.06
20-07-2024 08:41:10.05  318.57   0.561  28.084   32.942   85.0   9.76  14.000   -0.07402    1.90    2.17    3.32
20-07-2024 08:41:10.30  318.63   0.562  28.084   32.941   85.0   9.76  14.000   -0.07920    2.04    2.05    3.09
20-07-2024 08:41:10.54  318.71   0.562  28.084   32.940   85.0   9.76  14.000   -0.07328    2.29    2.19    2.95
20-07-2024 08:41:10.79  318.77   0.562  28.083   32.940   85.0   9.76  14.000   -0.06143    2.11    2.48    3.01
20-07-2024 08:41:11.03  318.87   0.562  28.084   32.940   85.0   9.75  14.000   -0.06291    2.11    2.48    3.01
20-07-2024 08:41:11.29  318.95   0.562  28.085   32.941   85.0   9.76  14.000   -0.06513    2.28    2.48    3.29
20-07-2024 08:41:11.53  319.02   0.563  28.085   32.941   85.0   9.76  14.000   -0.06143    2.07    2.15    3.27
20-07-2024 08:41:11.78  319.07   0.562  28.085   32.941   85.0   9.76  14.000   -0.05625    2.07    2.45    3.03
20-07-2024 08:41:12.03  319.15   0.563  28.084   32.940   85.0   9.76  14.000   -0.06069    1.91    2.11    2.85
20-07-2024 08:41:12.27  319.22   0.563  28.084   32.940   85.0   9.75  14.000   -0.05033    2.05    2.65    3.16
20-07-2024 08:41:12.52  319.32   0.563  28.084   32.939   85.0   9.75  14.000   -0.05181    2.01    2.45    3.26
20-07-2024 08:41:12.76  319.40   0.562  28.084   32.939   85.0   9.75  14.000   -0.06883    2.01    2.45    3.26
20-07-2024 08:41:13.01  319.48   0.562  28.085   32.941   85.0   9.76  14.000   -0.06069    1.88    2.14    3.10
20-07-2024 08:41:13.25  319.54   0.563  28.085   32.940   85.0   9.75  14.000   -0.05921    2.17    2.07    3.09
20-07-2024 08:41:13.50  319.62   0.563  28.086   32.942   85.0   9.75  14.000   -0.06291    2.02    1.97    3.08
20-07-2024 08:41:13.74  319.68   0.563  28.085   32.941   85.0   9.76  14.000   -0.06513    1.87    2.60    3.00
20-07-2024 08:41:13.99  319.78   0.563  28.084   32.939   85.0   9.75  14.000   -0.05551    2.02    2.20    3.18
20-07-2024 08:41:14.23  319.82   0.563  28.085   32.940   85.0   9.76  14.000   -0.05551    2.13    2.62    3.19
20-07-2024 08:41:14.48  319.91   0.563  28.084   32.940   85.0   9.76  14.000   -0.06735    2.13    2.62    3.19
20-07-2024 08:41:14.72  319.96   0.563  28.084   32.939   85.0   9.76  14.000   -0.06291    2.11    2.13    3.32
20-07-2024 08:41:14.97  320.07   0.562  28.084   32.940   85.0   9.75  14.000   -0.05403    1.75    2.05    3.34
20-07-2024 08:41:15.22  320.13   0.563  28.085   32.940   85.0   9.75  14.000   -0.06217    2.10    2.16    2.81
20-07-2024 08:41:15.46  320.22   0.563  28.085   32.941   85.0   9.76  14.000   -0.06735    1.96    2.15    2.95
20-07-2024 08:41:15.71  320.29   0.562  28.085   32.940   85.0   9.75  14.000   -0.04811    2.09    2.52    3.08
20-07-2024 08:41:15.95  320.35   0.563  28.087   32.942   85.0   9.75  14.000   -0.04219    2.29    2.47    3.30
20-07-2024 08:41:16.20  320.42   0.563  28.085   32.941   85.0   9.75  14.000   -0.07179    2.29    2.47    3.30
20-07-2024 08:41:16.45  320.53   0.563  28.087   32.942   85.0   9.75  14.000   -0.04737    1.94    2.64    3.05
20-07-2024 08:41:16.69  320.62   0.563  28.085   32.940   85.0   9.76  14.000   -0.07994    2.14    2.53    3.56
20-07-2024 08:41:16.94  320.66   0.562  28.086   32.941   85.0   9.76  14.000   -0.06365    2.24    2.59    3.02
20-07-2024 08:41:17.18  320.74   0.563  28.086   32.941   85.0   9.75  14.000   -0.06587    2.05    2.20    3.00
20-07-2024 08:41:17.43  320.82   0.563  28.085   32.940   85.0   9.75  14.000   -0.06439    2.04    1.86    2.96
20-07-2024 08:41:17.67  320.90   0.563  28.085   32.939   85.0   9.75  14.000   -0.05847    2.17    2.11    2.85
20-07-2024 08:41:17.92  320.97   0.563  28.086   32.941   85.0   9.75  14.000   -0.06957    2.17    2.11    2.85
20-07-2024 08:41:18.16  321.04   0.563  28.087   32.942   85.0   9.76  14.000   -0.06439    2.05    2.44    3.35
20-07-2024 08:41:18.41  321.11   0.563  28.087   32.941   85.0   9.76  14.000   -0.04959    2.31    2.24    3.06
20-07-2024 08:41:18.66  321.18   0.563  28.086   32.940   85.0   9.76  14.000   -0.04589    2.26    2.53    3.05
20-07-2024 08:41:18.90  321.27   0.563  28.086   32.941   85.0   9.76  14.000   -0.05921    2.35    2.39    3.26
20-07-2024 08:41:19.15  321.35   0.563  28.087   32.942   85.0   9.76  14.000   -0.07253    2.24    2.57    3.31
20-07-2024 08:41:19.40  321.44   0.563  28.086   32.941   85.0   9.76  14.000   -0.05181    2.06    2.43    3.14
20-07-2024 08:41:19.64  321.49   0.563  28.085   32.940   85.0   9.75  14.000   -0.06069    2.06    2.43    3.14
20-07-2024 08:41:19.89  321.56   0.563  28.086   32.940   85.0   9.75  14.000   -0.04367    2.46    2.52    3.08
20-07-2024 08:41:20.13  321.62   0.563  28.086   32.940   85.0   9.75  14.000   -0.07179    1.95    2.62    3.50
20-07-2024 08:41:20.38  321.71   0.563  28.086   32.941   85.0   9.76  14.000   -0.06143    2.19    2.46    3.12
20-07-2024 08:41:20.62  321.81   0.563  28.088   32.942   85.0   9.76  14.000   -0.06809    2.07    2.26    3.33
20-07-2024 08:41:20.87  321.87   0.564  28.088   32.942   85.0   9.75  14.000   -0.06069    1.76    2.59    3.36
20-07-2024 08:41:21.11  321.95   0.563  28.087   32.941   85.0   9.75  14.000   -0.06809    1.76    2.59    3.36
20-07-2024 08:41:21.36  322.02   0.564  28.086   32.939   85.0   9.75  14.000   -0.07476    2.61    2.08    2.96
20-07-2024 08:41:21.60  322.11   0.563  28.088   32.942   85.0   9.75  14.000   -0.04441    2.22    2.75    3.26
20-07-2024 08:41:21.85  322.16   0.563  28.087   32.941   85.0   9.76  14.000   -0.06291    2.22    2.67    3.05
20-07-2024 08:41:22.09  322.26   0.563  28.087   32.941   85.0   9.76  14.000   -0.07846    2.10    2.01    3.07
20-07-2024 08:41:22.35  322.32   0.563  28.086   32.940   85.0   9.75  14.000   -0.06587    2.10    2.24    3.20
20-07-2024 08:41:22.59  322.42   0.563  28.088   32.942   85.0   9.75  14.000   -0.06217    2.06    2.19    3.32
20-07-2024 08:41:22.84  322.48   0.563  28.087   32.941   85.0   9.75  14.000   -0.05847    2.16    1.94    3.19
20-07-2024 08:41:23.09  322.56   0.564  28.086   32.939   85.0   9.75  14.000   -0.05107    2.16    1.94    3.19
20-07-2024 08:41:23.33  322.63   0.563  28.087   32.941   85.0   9.75  14.000   -0.03553    2.10    2.27    3.33
20-07-2024 08:41:23.58  322.72   0.563  28.087   32.940   85.0   9.76  14.000   -0.06661    2.05    2.20    3.31
20-07-2024 08:41:23.82  322.80   0.563  28.087   32.940   85.0   9.75  14.000   -0.07253    1.92    2.26    3.18
20-07-2024 08:41:24.08  322.86   0.563  28.087   32.941   85.0   9.76  14.000   -0.06587    1.92    2.12    3.48
20-07-2024 08:41:24.31  322.92   0.563  28.087   32.941   85.0   9.76  14.000   -0.05699    1.89    2.40    3.23
20-07-2024 08:41:24.56  323.01   0.564  28.087   32.940   85.0   9.75  14.000   -0.06661    1.89    2.40    3.23
20-07-2024 08:41:24.80  323.09   0.563  28.087   32.941   85.0   9.76  14.000   -0.06735    2.16    2.08    3.17
20-07-2024 08:41:25.05  323.15   0.563  28.087   32.941   85.0   9.76  14.000   -0.06439    2.21    2.38    3.12
20-07-2024 08:41:25.29  323.20   0.563  28.086   32.939   85.0   9.76  14.000   -0.07550    2.30    2.18    3.11
20-07-2024 08:41:25.54  323.33   0.563  28.087   32.940   85.0   9.76  14.000   -0.07846    1.81    2.38    3.14
20-07-2024 08:41:25.78  323.38   0.563  28.088   32.942   85.0   9.76  14.000   -0.06883    2.02    2.12    3.34
20-07-2024 08:41:26.04  323.44   0.563  28.087   32.941   85.0   9.76  14.000   -0.06661    2.11    2.40    3.30
20-07-2024 08:41:26.28  323.54   0.563  28.088   32.941   85.0   9.75  14.000   -0.07328    2.11    2.40    3.30
20-07-2024 08:41:26.53  323.58   0.564  28.087   32.940   85.0   9.75  14.000   -0.07920    1.94    2.20    3.04
20-07-2024 08:41:26.78  323.68   0.563  28.087   32.941   85.0   9.75  14.000   -0.06365    2.07    2.05    3.02
20-07-2024 08:41:27.02  323.74   0.564  28.087   32.940   85.0   9.76  14.000   -0.06439    1.96    2.05    3.08
20-07-2024 08:41:27.27  323.83   0.563  28.089   32.942   85.0   9.76  14.000   -0.06439    2.03    1.98    3.34
20-07-2024 08:41:27.51  323.88   0.563  28.088   32.942   85.0   9.76  14.000   -0.07031    1.84    2.07    3.29
20-07-2024 08:41:27.76  323.97   0.564  28.089   32.942   85.0   9.75  14.000   -0.05847    2.19    2.14    3.16
20-07-2024 08:41:28.00  324.03   0.563  28.087   32.941   85.0   9.76  14.000   -0.07031    2.19    2.14    3.16
20-07-2024 08:41:28.25  324.14   0.564  28.088   32.941   85.0   9.75  14.000   -0.07846    2.01    2.09    3.16
20-07-2024 08:41:28.49  324.18   0.564  28.088   32.941   85.0   9.75  14.000   -0.04441    2.19    2.31    3.27
20-07-2024 08:41:28.74  324.27   0.564  28.089   32.942   85.0   9.76  14.000   -0.05921    2.07    2.46    3.17
20-07-2024 08:41:28.98  324.34   0.564  28.088   32.940   85.0   9.76  14.000   -0.07179    1.94    2.35    2.89
20-07-2024 08:41:29.23  324.40   0.564  28.089   32.942   85.0   9.75  14.000   -0.06957    2.04    2.10    3.02
20-07-2024 08:41:29.47  324.50   0.563  28.088   32.941   85.0   9.76  14.000   -0.07105    2.30    2.26    3.14
20-07-2024 08:41:29.72  324.54   0.564  28.089   32.942   85.0   9.76  14.000   -0.07031    2.30    2.26    3.14
20-07-2024 08:41:29.97  324.65   0.564  28.087   32.940   85.0   9.75  14.000   -0.06809    2.00    2.11    3.11
20-07-2024 08:41:30.22  324.70   0.564  28.088   32.940   85.0   9.75  14.000   -0.07772    2.02    1.95    3.31
20-07-2024 08:41:30.47  324.79   0.564  28.088   32.940   85.0   9.75  14.000   -0.06735    1.86    2.44    3.28
20-07-2024 08:41:30.71  324.85   0.564  28.088   32.941   85.0   9.75  14.000   -0.05921    2.30    2.17    3.05
20-07-2024 08:41:30.96  324.93   0.563  28.089   32.942   85.0   9.76  14.000   -0.04811    1.76    2.39    3.19
20-07-2024 08:41:31.20  325.01   0.564  28.088   32.940   85.0   9.76  14.000   -0.06439    2.07    2.15    2.98
20-07-2024 08:41:31.45  325.07   0.564  28.088   32.941   85.0   9.75  14.000   -0.06957    2.07    2.15    2.98
20-07-2024 08:41:31.69  325.16   0.564  28.088   32.941   85.0   9.76  14.000   -0.06809    1.77    2.12    3.36
20-07-2024 08:41:31.94  325.21   0.564  28.090   32.942   85.0   9.76  14.000   -0.03775    1.83    2.89    3.30
20-07-2024 08:41:32.18  325.31   0.564  28.088   32.940   85.0   9.76  14.000   -0.05403    2.20    2.46    3.02
20-07-2024 08:41:32.43  325.37   0.564  28.089   32.941   85.0   9.76  14.000   -0.05847    1.81    2.21    2.87
20-07-2024 08:41:32.67  325.44   0.564  28.089   32.941   85.0   9.76  14.000   -0.04737    2.04    2.39    2.83
20-07-2024 08:41:32.92  325.52   0.564  28.090   32.942   85.0   9.76  14.000   -0.06661    2.20    2.56    3.18
20-07-2024 08:41:33.16  325.59   0.564  28.089   32.941   85.0   9.75  14.000   -0.04885    2.20    2.56    3.18
20-07-2024 08:41:33.41  325.68   0.564  28.089   32.941   85.0   9.75  14.000   -0.06069    2.01    2.31    2.95
20-07-2024 08:41:33.66  325.74   0.564  28.090   32.943   85.0   9.75  14.000   -0.04145    2.03    2.17    2.89
20-07-2024 08:41:33.91  325.81   0.564  28.088   32.940   85.0   9.75  14.000   -0.05181    2.10    2.06    2.96
20-07-2024 08:41:34.15  325.88   0.564  28.090   32.942   85.0   9.75  14.000   -0.06957    2.00    2.27    3.11
20-07-2024 08:41:34.40  325.96   0.565  28.090   32.942   85.0   9.75  14.000   -0.04219    1.90    2.42    3.03
20-07-2024 08:41:34.64  326.01   0.564  28.091   32.943   85.0   9.75  14.000   -0.06957    1.70    2.24    2.93
20-07-2024 08:41:34.89  326.09   0.564  28.090   32.942   85.0   9.76  14.000   -0.04811    1.70    2.24    2.93
20-07-2024 08:41:35.14  326.17   0.564  28.091   32.943   85.0   9.76  14.000   -0.05625    1.81    2.15    3.21
20-07-2024 08:41:35.38  326.27   0.565  28.091   32.943   85.0   9.75  14.000   -0.05921    2.00    2.44    3.20
20-07-2024 08:41:35.62  326.33   0.565  28.090   32.941   85.0   9.75  14.000   -0.06439    2.31    2.46    3.04
20-07-2024 08:41:35.87  326.41   0.565  28.092   32.943   85.0   9.75  14.000   -0.04885    1.92    1.82    2.83
20-07-2024 08:41:36.11  326.47   0.565  28.091   32.942   85.0   9.75  14.000   -0.05551    2.28    2.43    3.23
20-07-2024 08:41:36.36  326.55   0.565  28.091   32.942   85.0   9.75  14.000   -0.07846    2.13    2.53    3.17
20-07-2024 08:41:36.60  326.63   0.565  28.092   32.944   85.0   9.75  14.000   -0.05551    2.13    2.53    3.17
20-07-2024 08:41:36.85  326.69   0.565  28.091   32.942   85.0   9.75  14.000   -0.04737    2.20    1.83    3.10
20-07-2024 08:41:37.10  326.79   0.565  28.092   32.943   85.0   9.76  14.000   -0.05921    1.84    2.20    3.10
20-07-2024 08:41:37.34  326.86   0.564  28.090   32.942   85.0   9.75  14.000   -0.05699    2.21    2.06    3.04
20-07-2024 08:41:37.59  326.94   0.564  28.091   32.943   85.0   9.76  14.000   -0.05255    1.88    2.28    3.31
20-07-2024 08:41:37.84  326.99   0.565  28.093   32.944   85.0   9.75  14.000   -0.07920    1.97    2.31    3.13
20-07-2024 08:41:38.09  327.08   0.565  28.092   32.942   85.0   9.75  14.000   -0.05847    2.14    2.54    3.34
20-07-2024 08:41:38.33  327.15   0.565  28.092   32.943   85.0   9.75  14.000   -0.06143    2.14    2.54    3.34
20-07-2024 08:41:38.58  327.24   0.566  28.093   32.944   85.0   9.75  14.000   -0.05107    2.27    2.56    2.91
20-07-2024 08:41:38.82  327.34   0.565  28.091   32.942   85.0   9.75  14.000   -0.07402    2.19    2.25    3.33
20-07-2024 08:41:39.07  327.40   0.565  28.092   32.943   85.0   9.75  14.000   -0.06143    2.21    1.95    3.24
20-07-2024 08:41:39.31  327.45   0.565  28.092   32.942   85.0   9.75  14.000   -0.05107    2.06    2.18    3.23
20-07-2024 08:41:39.56  327.54   0.565  28.093   32.944   85.0   9.75  14.000   -0.06291    2.09    2.44    3.38
20-07-2024 08:41:39.80  327.62   0.565  28.091   32.942   85.0   9.75  14.000   -0.05847    1.99    2.25    3.08
20-07-2024 08:41:40.04  327.70   0.565  28.093   32.943   85.0   9.75  14.000   -0.06291    1.99    2.25    3.08
20-07-2024 08:41:40.29  327.78   0.566  28.092   32.942   85.0   9.75  14.000   -0.05403    2.19    2.54    2.86
20-07-2024 08:41:40.54  327.82   0.565  28.093   32.944   85.0   9.75  14.000   -0.04811    2.11    2.55    3.10
20-07-2024 08:41:40.79  327.92   0.565  28.093   32.943   85.0   9.75  14.000   -0.05181    2.05    2.04    3.00
20-07-2024 08:41:41.03  328.00   0.565  28.094   32.945   85.0   9.75  14.000   -0.05181    1.94    1.95    3.18
20-07-2024 08:41:41.28  328.05   0.565  28.092   32.942   85.0   9.75  14.000   -0.06883    2.30    2.03    3.40
20-07-2024 08:41:41.53  328.16   0.565  28.093   32.944   85.0   9.75  14.000   -0.08216    1.98    2.19    3.00
20-07-2024 08:41:41.77  328.22   0.566  28.091   32.941   85.0   9.75  14.000   -0.06513    1.98    2.19    3.00
20-07-2024 08:41:42.02  328.30   0.566  28.093   32.943   85.0   9.75  14.000   -0.05477    2.30    2.44    3.08
20-07-2024 08:41:42.26  328.37   0.566  28.092   32.941   85.0   9.75  14.000   -0.04737    2.28    2.18    2.70
20-07-2024 08:41:42.51  328.46   0.566  28.093   32.943   84.9   9.75  14.000   -0.06735    1.83    1.90    3.53
20-07-2024 08:41:42.75  328.51   0.565  28.092   32.941   85.0   9.75  14.000   -0.03627    2.12    2.06    3.33
20-07-2024 08:41:43.00  328.60   0.565  28.093   32.943   85.0   9.75  14.000   -0.06217    1.93    2.86    2.87
20-07-2024 08:41:43.24  328.65   0.565  28.092   32.942   84.9   9.75  14.000   -0.06217    2.08    2.64    2.96
20-07-2024 08:41:43.49  328.76   0.565  28.093   32.943   84.9   9.75  14.000   -0.04959    2.08    2.64    2.96
20-07-2024 08:41:43.73  328.82   0.565  28.092   32.942   84.9   9.75  14.000   -0.07031    2.03    2.35    2.99
20-07-2024 08:41:43.98  328.89   0.565  28.095   32.945   85.0   9.75  14.000   -0.06735    2.29    2.55    2.86
20-07-2024 08:41:44.22  328.96   0.565  28.094   32.943   85.0   9.75  14.000   -0.04737    2.15    2.33    3.17
20-07-2024 08:41:44.47  329.04   0.566  28.095   32.945   85.0   9.75  14.000   -0.05773    2.16    1.91    3.31
20-07-2024 08:41:44.72  329.14   0.565  28.092   32.942   84.9   9.75  14.000   -0.06069    1.97    2.51    3.12
20-07-2024 08:41:44.97  329.22   0.565  28.094   32.944   84.9   9.75  14.000   -0.05995    2.10    1.96    3.10
20-07-2024 08:41:45.21  329.28   0.566  28.093   32.942   85.0   9.75  14.000   -0.07402    2.10    1.96    3.10
20-07-2024 08:41:45.46  329.34   0.566  28.093   32.943   85.0   9.75  14.000   -0.06883    1.98    2.27    3.36
20-07-2024 08:41:45.71  329.44   0.566  28.094   32.944   85.0   9.75  14.000   -0.06735    1.99    2.48    3.25
20-07-2024 08:41:45.95  329.53   0.565  28.092   32.942   84.9   9.75  14.000   -0.05995    2.12    1.89    3.16
20-07-2024 08:41:46.20  329.57   0.566  28.093   32.942   84.9   9.75  14.000   -0.04145    2.12    2.41    3.15
20-07-2024 08:41:46.44  329.64   0.565  28.094   32.944   84.9   9.75  14.000   -0.04589    1.87    2.55    2.94
20-07-2024 08:41:46.69  329.73   0.565  28.094   32.944   84.9   9.75  14.000   -0.06809    2.23    1.71    2.99
20-07-2024 08:41:46.93  329.79   0.566  28.094   32.943   84.9   9.75  14.000   -0.05551    2.23    1.71    2.99
20-07-2024 08:41:47.18  329.85   0.566  28.094   32.943   84.9   9.75  14.000   -0.07031    2.01    2.72    3.01
20-07-2024 08:41:47.42  329.93   0.566  28.094   32.943   84.9   9.75  14.000   -0.07031    2.16    2.10    3.41
20-07-2024 08:41:47.67  330.00   0.566  28.095   32.944   84.9   9.75  14.000   -0.04663    2.02    2.22    2.89
20-07-2024 08:41:47.91  330.10   0.566  28.094   32.943   84.9   9.75  14.000   -0.06735    2.05    1.96    2.95
20-07-2024 08:41:48.16  330.19   0.566  28.095   32.943   84.9   9.75  14.000   -0.05329    2.08    2.16    2.95
20-07-2024 08:41:48.41  330.22   0.566  28.094   32.943   84.9   9.75  14.000   -0.06735    1.88    1.99    2.96
20-07-2024 08:41:48.66  330.31   0.566  28.094   32.943   84.9   9.75  14.000   -0.06513    1.88    1.99    2.96
20-07-2024 08:41:48.90  330.42   0.566  28.094   32.943   84.9   9.75  14.000   -0.06291    2.26    2.46    3.34
20-07-2024 08:41:49.15  330.49   0.566  28.095   32.944   84.9   9.75  14.000   -0.07253    2.20    2.76    2.94
20-07-2024 08:41:49.39  330.53   0.566  28.094   32.943   84.9   9.75  14.000   -0.04071    2.25    2.87    3.21
20-07-2024 08:41:49.64  330.61   0.566  28.094   32.942   84.9   9.75  14.000   -0.06439    2.22    2.63    2.99
20-07-2024 08:41:49.88  330.71   0.567  28.095   32.943   84.9   9.75  14.000   -0.06217    2.18    2.11    2.99
20-07-2024 08:41:50.13  330.76   0.566  28.094   32.942   84.9   9.75  14.000   -0.05625    2.40    2.40    3.26
20-07-2024 08:41:50.37  330.85   0.566  28.094   32.942   84.9   9.75  14.000   -0.05551    2.40    2.40    3.26
20-07-2024 08:41:50.62  330.92   0.566  28.095   32.944   84.9   9.75  14.000   -0.05699    2.09    2.39    3.37
20-07-2024 08:41:50.86  330.97   0.566  28.094   32.943   84.9   9.75  14.000   -0.06809    2.23    2.42    3.09
20-07-2024 08:41:51.11  331.04   0.566  28.097   32.946   84.9   9.75  14.000   -0.05403    2.09    2.63    2.93
20-07-2024 08:41:51.35  331.12   0.566  28.095   32.944   84.9   9.75  14.000   -0.03849    1.91    2.28    3.03
20-07-2024 08:41:51.60  331.21   0.566  28.094   32.942   84.9   9.75  14.000   -0.06143    1.91    2.18    3.21
20-07-2024 08:41:51.85  331.26   0.566  28.095   32.944   84.9   9.75  14.000   -0.06365    1.88    2.45    3.18
20-07-2024 08:41:52.12  331.37   0.566  28.095   32.943   84.9   9.75  14.000   -0.06587    1.77    2.25    3.07
20-07-2024 08:41:52.34  331.44   0.566  28.097   32.946   84.9   9.75  14.000   -0.06069    1.77    2.25    3.07
20-07-2024 08:41:52.59  331.52   0.566  28.096   32.944   84.9   9.75  14.000   -0.06661    1.78    2.10    2.97
20-07-2024 08:41:52.83  331.59   0.566  28.096   32.944   84.9   9.74  14.000   -0.07550    2.28    2.30    3.19
20-07-2024 08:41:53.08  331.65   0.566  28.095   32.943   84.9   9.75  14.000   -0.05329    2.06    2.01    3.07
20-07-2024 08:41:53.32  331.74   0.566  28.095   32.943   84.9   9.75  14.000   -0.06365    2.04    2.16    3.37
20-07-2024 08:41:53.57  331.83   0.566  28.095   32.943   84.9   9.74  14.000   -0.04441    2.11    2.07    3.47
20-07-2024 08:41:53.81  331.88   0.567  28.096   32.944   84.9   9.74  14.000   -0.06439    2.11    2.07    3.47
20-07-2024 08:41:54.06  331.95   0.567  28.095   32.943   84.9   9.75  14.000   -0.06883    2.26    2.37    3.22
20-07-2024 08:41:54.30  332.05   0.567  28.096   32.943   84.9   9.74  14.000   -0.05033    2.05    2.10    3.25
20-07-2024 08:41:54.55  332.11   0.567  28.095   32.943   84.9   9.74  14.000   -0.06735    2.37    1.88    3.19
20-07-2024 08:41:54.79  332.19   0.567  28.096   32.943   84.9   9.74  14.000   -0.06069    1.99    2.22    2.85
20-07-2024 08:41:55.04  332.25   0.566  28.096   32.944   84.9   9.74  14.000   -0.06883    1.96    2.03    3.15
20-07-2024 08:41:55.28  332.33   0.566  28.095   32.942   84.9   9.74  14.000   -0.06957    1.96    2.23    2.90
20-07-2024 08:41:55.54  332.41   0.566  28.097   32.946   84.9   9.74  14.000   -0.06809    1.96    2.23    2.90
20-07-2024 08:41:55.78  332.47   0.566  28.096   32.943   84.9   9.75  14.000   -0.05847    1.87    2.66    3.20
20-07-2024 08:41:56.03  332.56   0.566  28.095   32.943   84.9   9.74  14.000   -0.05107    1.79    2.28    3.13
20-07-2024 08:41:56.28  332.64   0.566  28.096   32.944   84.9   9.74  14.000   -0.04737    2.05    2.23    3.08
20-07-2024 08:41:56.52  332.69   0.566  28.096   32.943   84.9   9.74  14.000   -0.07550    1.95    2.51    3.22
20-07-2024 08:41:56.77  332.78   0.566  28.096   32.943   84.9   9.74  14.000   -0.06439    2.20    2.08    3.04
20-07-2024 08:41:57.02  332.84   0.566  28.095   32.943   84.9   9.74  14.000   -0.04071    2.34    2.17    2.96
20-07-2024 08:41:57.26  332.91   0.565  28.096   32.944   84.9   9.74  14.000   -0.05033    2.34    2.17    2.96
20-07-2024 08:41:57.50  333.01   0.566  28.095   32.943   84.9   9.74  14.000   -0.05181    1.95    2.19    3.20
20-07-2024 08:41:57.75  333.08   0.566  28.095   32.943   84.9   9.74  14.000   -0.05625    1.91    2.23    2.91
20-07-2024 08:41:57.99  333.13   0.566  28.095   32.942   84.9   9.74  14.000   -0.06957    2.22    2.06    3.17
20-07-2024 08:41:58.24  333.22   0.566  28.095   32.943   84.9   9.74  14.000   -0.06291    1.92    2.12    3.09
20-07-2024 08:41:58.48  333.27   0.566  28.097   32.945   84.9   9.74  14.000   -0.05403    2.22    2.30    3.31
20-07-2024 08:41:58.73  333.37   0.565  28.095   32.944   84.9   9.74  14.000   -0.04885    2.15    2.18    3.07
20-07-2024 08:41:58.97  333.46   0.566  28.096   32.943   84.9   9.74  14.000   -0.05921    2.15    2.18    3.07
20-07-2024 08:41:59.22  333.53   0.566  28.096   32.943   84.9   9.74  14.000   -0.06661    2.05    2.24    3.08
20-07-2024 08:41:59.47  333.58   0.566  28.096   32.943   84.9   9.74  14.000   -0.07253    1.79    2.23    3.23
20-07-2024 08:41:59.72  333.67   0.566  28.098   32.946   84.9   9.74  14.000   -0.07698    2.24    2.53    2.86
20-07-2024 08:41:59.96  333.78   0.565  28.096   32.944   84.8   9.74  14.000   -0.05477    1.78    2.41    3.02
20-07-2024 08:42:00.21  333.84   0.566  28.096   32.944   84.8   9.74  14.000   -0.06661    1.85    2.33    3.21
20-07-2024 08:42:00.45  333.90   0.566  28.096   32.944   84.8   9.74  14.000   -0.04885    2.27    2.66    2.98
20-07-2024 08:42:00.70  333.98   0.565  28.095   32.943   84.8   9.74  14.000   -0.06439    2.27    2.66    2.98
20-07-2024 08:42:00.94  334.04   0.565  28.095   32.943   84.9   9.74  14.000   -0.06661    1.86    2.24    3.01
20-07-2024 08:42:01.19  334.14   0.566  28.097   32.944   84.8   9.74  14.000   -0.06365    1.83    2.71    2.83
20-07-2024 08:42:01.43  334.21   0.565  28.096   32.945   84.8   9.74  14.000   -0.05773    1.93    2.24    3.17
20-07-2024 08:42:01.68  334.28   0.565  28.094   32.942   84.8   9.74  14.000   -0.04367    2.17    2.22    3.25
20-07-2024 08:42:01.92  334.36   0.566  28.097   32.945   84.8   9.74  14.000   -0.06291    2.00    2.38    3.09
20-07-2024 08:42:02.17  334.44   0.565  28.096   32.944   84.8   9.74  14.000   -0.05403    2.00    2.38    3.09
20-07-2024 08:42:02.41  334.48   0.565  28.097   32.945   84.8   9.74  14.000   -0.05625    1.99    2.32    3.31
20-07-2024 08:42:02.66  334.58   0.565  28.096   32.944   84.8   9.74  14.000   -0.04441    1.67    2.35    3.09
20-07-2024 08:42:02.91  334.66   0.565  28.098   32.947   84.8   9.74  14.000   -0.05625    1.75    2.72    3.16
20-07-2024 08:42:03.16  334.72   0.565  28.095   32.943   84.8   9.74  14.000   -0.05551    2.00    2.38    3.24
20-07-2024 08:42:03.41  334.78   0.565  28.096   32.943   84.8   9.73  14.000   -0.06291    2.17    1.93    3.16
20-07-2024 08:42:03.65  334.87   0.565  28.096   32.943   84.8   9.73  14.000   -0.04145    2.22    2.66    3.29
20-07-2024 08:42:03.90  334.95   0.565  28.096   32.943   84.8   9.74  14.000   -0.05181    2.00    2.07    3.03
20-07-2024 08:42:04.14  335.02   0.565  28.095   32.942   84.8   9.73  14.000   -0.03997    2.00    2.07    3.03
20-07-2024 08:42:04.39  335.07   0.565  28.097   32.946   84.8   9.73  14.000   -0.06587    2.29    1.93    3.08
20-07-2024 08:42:04.63  335.17   0.565  28.095   32.942   84.8   9.73  14.000   -0.05847    2.35    2.12    3.05
20-07-2024 08:42:04.88  335.27   0.565  28.096   32.944   84.8   9.73  14.000   -0.04811    2.07    2.26    3.06
20-07-2024 08:42:05.12  335.35   0.565  28.096   32.943   84.8   9.73  14.000   -0.05181    1.98    2.53    3.02
20-07-2024 08:42:05.37  335.38   0.566  28.096   32.943   84.8   9.73  14.000   -0.05773    1.75    2.33    3.27
20-07-2024 08:42:05.61  335.48   0.565  28.097   32.946   84.8   9.73  14.000   -0.06143    1.75    2.33    3.27
20-07-2024 08:42:05.86  335.55   0.565  28.097   32.945   84.8   9.73  14.000   -0.06439    1.72    2.07    2.98
20-07-2024 08:42:06.10  335.61   0.565  28.096   32.943   84.8   9.73  14.000   -0.05921    1.96    1.97    3.24
20-07-2024 08:42:06.35  335.71   0.565  28.096   32.943   84.8   9.73  14.000   -0.06513    2.32    2.03    3.33
20-07-2024 08:42:06.60  335.79   0.564  28.098   32.946   84.8   9.73  14.000   -0.04293    1.92    2.15    3.08
20-07-2024 08:42:06.84  335.84   0.565  28.096   32.943   84.8   9.73  14.000   -0.06217    1.78    1.98    3.09
20-07-2024 08:42:07.09  335.91   0.565  28.097   32.944   84.8   9.73  14.000   -0.05477    1.87    2.56    3.36
20-07-2024 08:42:07.34  336.01   0.565  28.096   32.943   84.8   9.73  14.000   -0.05551    1.90    2.54    3.16
20-07-2024 08:42:07.58  336.10   0.564  28.095   32.943   84.8   9.73  14.000   -0.06957    1.90    2.54    3.16
20-07-2024 08:42:07.83  336.17   0.564  28.096   32.944   84.8   9.73  14.000   -0.06809    1.88    2.11    2.90
20-07-2024 08:42:08.08  336.23   0.565  28.097   32.944   84.8   9.73  14.000   -0.05329    2.18    1.98    2.99
20-07-2024 08:42:08.32  336.31   0.565  28.097   32.944   84.8   9.73  14.000   -0.05847    1.98    2.34    3.07
20-07-2024 08:42:08.57  336.40   0.565  28.099   32.946   84.7   9.73  14.000   -0.05551    2.09    2.14    3.27
20-07-2024 08:42:08.81  336.48   0.565  28.096   32.943   84.7   9.73  14.000   -0.05773    2.20    2.79    3.41
20-07-2024 08:42:09.05  336.54   0.565  28.097   32.944   84.7   9.73  14.000   -0.07698    2.20    2.79    3.41
20-07-2024 08:42:09.30  336.62   0.565  28.097   32.944   84.7   9.73  14.000   -0.05033    1.86    2.28    3.27
20-07-2024 08:42:09.55  336.68   0.564  28.097   32.945   84.7   9.72  14.000   -0.04293    1.83    2.55    2.92
20-07-2024 08:42:09.79  336.78   0.565  28.098   32.945   84.7   9.73  14.000   -0.05107    2.00    2.33    2.93
20-07-2024 08:42:10.04  336.86   0.565  28.096   32.943   84.7   9.73  14.000   -0.06069    2.12    2.40    3.33
20-07-2024 08:42:10.29  336.92   0.565  28.096   32.942   84.7   9.73  14.000   -0.05625    2.11    2.39    3.09
20-07-2024 08:42:10.53  336.97   0.565  28.096   32.943   84.7   9.73  14.000   -0.05699    2.19    1.98    3.26
20-07-2024 08:42:10.78  337.08   0.565  28.097   32.944   84.7   9.73  14.000   -0.05921    2.19    1.98    3.26
20-07-2024 08:42:11.03  337.14   0.564  28.097   32.945   84.7   9.72  14.000   -0.04367    2.21    2.29    3.38
20-07-2024 08:42:11.27  337.22   0.565  28.098   32.945   84.7   9.72  14.000   -0.03035    2.20    2.43    3.28
20-07-2024 08:42:11.52  337.29   0.564  28.096   32.943   84.7   9.72  14.000   -0.07476    2.03    2.54    2.96
20-07-2024 08:42:11.76  337.36   0.565  28.098   32.944   84.7   9.72  14.000   -0.07253    2.23    2.40    2.87
20-07-2024 08:42:12.01  337.45   0.565  28.097   32.944   84.7   9.72  14.000   -0.06069    2.13    2.19    3.14
20-07-2024 08:42:12.25  337.50   0.565  28.096   32.943   84.7   9.72  14.000   -0.06217    2.05    2.56    2.83
20-07-2024 08:42:12.50  337.57   0.565  28.098   32.945   84.7   9.72  14.000   -0.06661    2.05    2.56    2.83
20-07-2024 08:42:12.74  337.66   0.565  28.097   32.943   84.7   9.72  14.000   -0.06587    2.18    2.44    3.32
20-07-2024 08:42:12.99  337.74   0.565  28.096   32.943   84.7   9.72  14.000   -0.04811    2.12    1.95    3.13
20-07-2024 08:42:13.23  337.82   0.565  28.097   32.943   84.7   9.72  14.000   -0.07550    2.02    2.07    3.22
20-07-2024 08:42:13.48  337.89   0.565  28.098   32.945   84.7   9.72  14.000   -0.06217    1.80    2.34    3.17
20-07-2024 08:42:13.72  337.98   0.565  28.097   32.942   84.7   9.72  14.000   -0.06439    1.68    2.22    3.14
20-07-2024 08:42:13.97  338.04   0.565  28.097   32.944   84.7   9.72  14.000   -0.06661    2.20    2.39    3.00
20-07-2024 08:42:14.22  338.13   0.565  28.097   32.943   84.7   9.72  14.000   -0.06735    2.20    2.39    3.00
20-07-2024 08:42:14.47  338.20   0.565  28.098   32.945   84.7   9.72  14.000   -0.06809    2.05    2.41    3.10
20-07-2024 08:42:14.71  338.25   0.565  28.097   32.943   84.7   9.72  14.000   -0.03627    1.87    2.23    3.21
20-07-2024 08:42:14.96  338.36   0.565  28.097   32.943   84.7   9.72  14.000   -0.04071    2.33    2.39    2.94
20-07-2024 08:42:15.21  338.42   0.565  28.097   32.943   84.7   9.72  14.000   -0.04737    1.97    2.16    3.20
20-07-2024 08:42:15.45  338.50   0.565  28.097   32.943   84.7   9.72  14.000   -0.04885    2.09    2.16    2.80
20-07-2024 08:42:15.70  338.56   0.565  28.098   32.944   84.7   9.72  14.000   -0.06809    2.02    2.51    3.16
20-07-2024 08:42:15.94  338.63   0.565  28.098   32.944   84.7   9.72  14.000   -0.07402    2.02    2.51    3.16
20-07-2024 08:42:16.19  338.70   0.565  28.099   32.945   84.7   9.72  14.000   -0.06957    2.07    2.48    3.02
20-07-2024 08:42:16.43  338.81   0.566  28.098   32.944   84.7   9.72  14.000   -0.07328    2.03    2.11    3.16
20-07-2024 08:42:16.68  338.88   0.565  28.099   32.945   84.7   9.72  14.000   -0.07253    1.84    2.25    3.30
20-07-2024 08:42:16.92  338.93   0.565  28.098   32.944   84.7   9.72  14.000   -0.03775    1.77    2.23    2.91
20-07-2024 08:42:17.17  339.01   0.565  28.097   32.943   84.7   9.72  14.000   -0.06365    1.99    2.38    3.32
20-07-2024 08:42:17.41  339.08   0.566  28.099   32.944   84.7   9.72  14.000   -0.06661    2.00    2.30    3.22
20-07-2024 08:42:17.66  339.13   0.565  28.101   32.947   84.7   9.72  14.000   -0.05773    2.00    2.30    3.22
20-07-2024 08:42:17.91  339.24   0.565  28.100   32.945   84.7   9.72  14.000   -0.05773    2.29    2.73    3.33
20-07-2024 08:42:18.16  339.30   0.565  28.099   32.944   84.7   9.72  14.000   -0.03553    2.07    2.17    3.21
20-07-2024 08:42:18.40  339.39   0.565  28.097   32.943   84.7   9.72  14.000   -0.06365    2.07    2.19    3.17
20-07-2024 08:42:18.65  339.47   0.565  28.098   32.944   84.7   9.72  14.000   -0.07328    1.92    2.13    3.13
20-07-2024 08:42:18.90  339.54   0.565  28.099   32.944   84.7   9.72  14.000   -0.06735    2.05    2.51    3.46
20-07-2024 08:42:19.15  339.61   0.566  28.098   32.943   84.6   9.72  14.000   -0.07402    2.06    2.21    3.18
20-07-2024 08:42:19.38  339.67   0.565  28.099   32.944   84.7   9.72  14.000   -0.05699    2.06    2.21    3.18
20-07-2024 08:42:19.63  339.73   0.566  28.099   32.944   84.6   9.71  14.000   -0.05625    2.04    1.83    2.79
20-07-2024 08:42:19.88  339.82   0.566  28.098   32.943   84.6   9.72  14.000   -0.06291    1.92    2.11    3.04
20-07-2024 08:42:20.12  339.92   0.566  28.100   32.945   84.6   9.71  14.000   -0.06291    2.09    2.44    3.18
20-07-2024 08:42:20.36  340.00   0.565  28.099   32.944   84.6   9.71  14.000   -0.06143    1.90    2.52    3.12
20-07-2024 08:42:20.61  340.06   0.565  28.099   32.945   84.6   9.71  14.000   -0.04885    1.97    2.26    3.24
20-07-2024 08:42:20.85  340.12   0.566  28.099   32.944   84.6   9.71  14.000   -0.05403    2.08    2.27    3.48
20-07-2024 08:42:21.10  340.23   0.566  28.099   32.944   84.6   9.71  14.000   -0.05773    2.08    2.27    3.48
20-07-2024 08:42:21.35  340.30   0.566  28.099   32.943   84.6   9.71  14.000   -0.05847    2.06    2.31    2.97
20-07-2024 08:42:21.60  340.36   0.565  28.098   32.942   84.6   9.71  14.000   -0.06883    2.15    2.73    3.07
20-07-2024 08:42:21.84  340.43   0.565  28.097   32.942   84.6   9.71  14.000   -0.06291    2.05    2.49    3.18
20-07-2024 08:42:22.09  340.50   0.565  28.099   32.944   84.6   9.71  14.000   -0.05773    2.11    2.30    3.20
20-07-2024 08:42:22.34  340.56   0.565  28.101   32.947   84.6   9.71  14.000   -0.06661    2.01    2.03    3.04
20-07-2024 08:42:22.58  340.66   0.566  28.099   32.944   84.6   9.71  14.000   -0.05551    2.11    2.25    3.11
20-07-2024 08:42:22.82  340.72   0.566  28.100   32.944   84.6   9.71  14.000   -0.05847    2.11    2.25    3.11
20-07-2024 08:42:23.07  340.80   0.565  28.100   32.945   84.6   9.71  14.000   -0.06217    1.97    2.65    3.11
20-07-2024 08:42:23.32  340.88   0.566  28.101   32.945   84.6   9.71  14.000   -0.04367    2.07    2.20    3.08
20-07-2024 08:42:23.56  340.95   0.566  28.099   32.943   84.6   9.71  14.000   -0.03405    2.00    2.60    3.16
20-07-2024 08:42:23.81  341.05   0.566  28.100   32.944   84.6   9.71  14.000   -0.03331    1.76    2.23    3.45
20-07-2024 08:42:24.05  341.11   0.566  28.101   32.945   84.6   9.71  14.000   -0.05477    2.05    2.32    3.01
20-07-2024 08:42:24.30  341.15   0.566  28.100   32.944   84.6   9.71  14.000   -0.05921    2.04    2.02    3.14
20-07-2024 08:42:24.54  341.25   0.566  28.100   32.944   84.6   9.71  14.000   -0.04441    2.04    2.02    3.14
20-07-2024 08:42:24.79  341.32   0.566  28.100   32.944   84.6   9.71  14.000   -0.05921    1.94    2.20    3.02
20-07-2024 08:42:25.04  341.39   0.566  28.099   32.943   84.6   9.71  14.000   -0.04515    2.13    2.32    3.31
20-07-2024 08:42:25.28  341.44   0.566  28.099   32.943   84.6   9.71  14.000   -0.06513    1.85    2.47    3.05
20-07-2024 08:42:25.53  341.54   0.566  28.101   32.945   84.6   9.71  14.000   -0.05107    1.91    2.23    3.17
20-07-2024 08:42:25.78  341.62   0.566  28.099   32.943   84.6   9.71  14.000   -0.05255    2.30    1.88    2.83
20-07-2024 08:42:26.02  341.69   0.566  28.100   32.944   84.6   9.71  14.000   -0.06291    2.01    2.45    3.01
20-07-2024 08:42:26.27  341.74   0.565  28.100   32.944   84.6   9.71  14.000   -0.06587    2.01    2.45    3.01
20-07-2024 08:42:26.51  341.81   0.565  28.100   32.944   84.6   9.71  14.000   -0.05181    2.16    2.59    2.92
20-07-2024 08:42:26.76  341.89   0.565  28.099   32.945   84.6   9.71  14.000   -0.06143    1.95    2.05    3.05
20-07-2024 08:42:27.00  341.97   0.565  28.099   32.944   84.6   9.71  14.000   -0.05699    2.01    2.42    2.96
20-07-2024 08:42:27.25  342.06   0.565  28.100   32.944   84.6   9.71  14.000   -0.03701    2.03    1.93    3.16
20-07-2024 08:42:27.49  342.13   0.565  28.099   32.944   84.6   9.71  14.000   -0.06587    2.22    2.34    2.99
20-07-2024 08:42:27.74  342.18   0.565  28.100   32.945   84.6   9.71  14.000   -0.05033    2.12    2.36    2.98
20-07-2024 08:42:27.98  342.25   0.565  28.099   32.943   84.5   9.70  14.000   -0.05329    2.12    2.36    2.98
20-07-2024 08:42:28.23  342.34   0.565  28.101   32.947   84.6   9.70  14.000   -0.07179    2.17    1.81    3.02
20-07-2024 08:42:28.47  342.41   0.564  28.099   32.944   84.5   9.70  14.000   -0.05995    2.05    1.98    2.96
20-07-2024 08:42:28.72  342.48   0.564  28.099   32.944   84.6   9.70  14.000   -0.06513    2.37    2.15    3.19
20-07-2024 08:42:28.97  342.55   0.565  28.099   32.944   84.6   9.71  14.000   -0.05921    2.20    2.40    2.99
20-07-2024 08:42:29.22  342.61   0.565  28.101   32.946   84.5   9.70  14.000   -0.06217    2.10    2.21    3.31
20-07-2024 08:42:29.46  342.71   0.565  28.099   32.944   84.6   9.71  14.000   -0.04959    1.92    2.30    3.33
20-07-2024 08:42:29.71  342.78   0.565  28.099   32.944   84.6   9.70  14.000   -0.06365    1.92    2.30    3.33
20-07-2024 08:42:29.95  342.85   0.564  28.100   32.946   84.5   9.70  14.000   -0.06735    2.36    2.33    3.30
20-07-2024 08:42:30.21  342.93   0.565  28.099   32.943   84.5   9.70  14.000   -0.05699    1.96    2.64    3.21
20-07-2024 08:42:30.44  343.01   0.564  28.100   32.945   84.5   9.70  14.000   -0.06365    2.10    2.67    3.38
20-07-2024 08:42:30.69  343.08   0.565  28.101   32.945   84.5   9.70  14.000   -0.04441    1.88    2.51    2.69
20-07-2024 08:42:30.93  343.14   0.565  28.100   32.944   84.5   9.70  14.000   -0.05699    2.16    2.11    3.15
20-07-2024 08:42:31.18  343.22   0.564  28.098   32.943   84.5   9.70  14.000   -0.04663    1.92    2.77    3.25
20-07-2024 08:42:31.42  343.28   0.564  28.100   32.945   84.5   9.70  14.000   -0.06069    1.92    2.77    3.25
20-07-2024 08:42:31.67  343.37   0.565  28.099   32.943   84.5   9.70  14.000   -0.04293    1.77    2.61    3.14
20-07-2024 08:42:31.92  343.41   0.565  28.101   32.945   84.5   9.70  14.000   -0.05477    2.11    2.47    3.30
20-07-2024 08:42:32.16  343.50   0.565  28.100   32.944   84.5   9.70  14.000   -0.05773    2.06    2.22    3.20
20-07-2024 08:42:32.41  343.59   0.565  28.100   32.944   84.5   9.70  14.000   -0.05625    2.15    2.66    3.52
20-07-2024 08:42:32.66  343.62   0.565  28.100   32.945   84.5   9.70  14.000   -0.05329    2.12    2.13    3.20
20-07-2024 08:42:32.91  343.72   0.565  28.101   32.945   84.5   9.70  14.000   -0.05847    2.40    2.10    3.21
20-07-2024 08:42:33.15  343.80   0.565  28.100   32.944   84.5   9.70  14.000   -0.05995    2.40    2.10    3.21
20-07-2024 08:42:33.40  343.85   0.565  28.101   32.945   84.5   9.70  14.000   -0.05107    1.99    2.53    3.25
20-07-2024 08:42:33.64  343.92   0.565  28.102   32.946   84.5   9.70  14.000   -0.04811    1.83    2.11    3.19
20-07-2024 08:42:33.89  344.01   0.565  28.100   32.944   84.5   9.70  14.000   -0.06735    1.89    2.29    3.23
20-07-2024 08:42:34.13  344.07   0.564  28.099   32.943   84.5   9.70  14.000   -0.05773    2.11    2.07    3.03
20-07-2024 08:42:34.38  344.15   0.565  28.099   32.943   84.5   9.70  14.000   -0.05181    2.27    2.61    2.79
20-07-2024 08:42:34.62  344.23   0.565  28.102   32.946   84.5   9.70  14.000   -0.06217    1.97    2.40    3.06
20-07-2024 08:42:34.87  344.28   0.565  28.100   32.943   84.5   9.70  14.000   -0.05921    1.97    2.40    3.06
20-07-2024 08:42:35.11  344.37   0.565  28.099   32.943   84.5   9.70  14.000   -0.05995    2.12    2.07    3.18
20-07-2024 08:42:35.36  344.44   0.565  28.100   32.944   84.5   9.69  14.000   -0.06365    2.12    2.25    3.09
20-07-2024 08:42:35.61  344.51   0.565  28.102   32.946   84.5   9.70  14.000   -0.06217    1.67    2.37    3.30
20-07-2024 08:42:35.85  344.60   0.565  28.101   32.945   84.5   9.69  14.000   -0.06439    2.02    2.24    2.71
20-07-2024 08:42:36.10  344.66   0.565  28.102   32.946   84.5   9.69  14.000   -0.07772    2.20    2.52    3.24
20-07-2024 08:42:36.35  344.75   0.565  28.102   32.946   84.5   9.69  14.000   -0.03627    2.01    2.01    3.23
20-07-2024 08:42:36.59  344.81   0.565  28.102   32.946   84.5   9.70  14.000   -0.05477    2.01    2.01    3.23
20-07-2024 08:42:36.84  344.90   0.565  28.101   32.946   84.5   9.69  14.000   -0.06439    1.80    2.71    3.03
20-07-2024 08:42:37.09  344.97   0.565  28.102   32.945   84.4   9.69  14.000   -0.05551    1.99    2.24    2.93
20-07-2024 08:42:37.33  345.04   0.565  28.103   32.946   84.5   9.69  14.000   -0.05921    2.09    1.99    2.86
20-07-2024 08:42:37.58  345.12   0.564  28.100   32.943   84.5   9.69  14.000   -0.06069    2.26    2.06    2.98
20-07-2024 08:42:37.82  345.17   0.565  28.100   32.943   84.4   9.69  14.000   -0.07031    2.13    2.49    3.38
20-07-2024 08:42:38.06  345.25   0.565  28.101   32.944   84.4   9.69  14.000   -0.02961    2.13    2.40    3.80
20-07-2024 08:42:38.31  345.33   0.565  28.101   32.945   84.4   9.69  14.000   -0.05699    2.13    2.40    3.80
20-07-2024 08:42:38.55  345.40   0.565  28.103   32.947   84.5   9.69  14.000   -0.05551    1.95    2.33    3.07
20-07-2024 08:42:38.80  345.48   0.565  28.103   32.947   84.4   9.69  14.000   -0.07253    1.96    2.21    3.05
20-07-2024 08:42:39.04  345.53   0.565  28.102   32.945   84.4   9.69  14.000   -0.05551    2.38    2.16    3.26
20-07-2024 08:42:39.29  345.60   0.565  28.100   32.943   84.5   9.69  14.000   -0.06587    2.05    2.28    3.06
20-07-2024 08:42:39.54  345.67   0.565  28.102   32.945   84.4   9.69  14.000   -0.05995    2.07    2.30    3.23
20-07-2024 08:42:39.79  345.77   0.565  28.102   32.945   84.4   9.69  14.000   -0.05181    1.88    2.41    3.29
20-07-2024 08:42:40.03  345.82   0.566  28.101   32.943   84.4   9.69  14.000   -0.05847    1.88    2.41    3.29
20-07-2024 08:42:40.28  345.88   0.565  28.101   32.943   84.4   9.69  14.000   -0.06217    2.26    2.44    3.16
20-07-2024 08:42:40.53  345.99   0.565  28.102   32.945   84.4   9.69  14.000   -0.07328    1.83    2.22    3.21
20-07-2024 08:42:40.77  346.03   0.565  28.102   32.945   84.4   9.69  14.000   -0.06365    2.10    2.23    2.99
20-07-2024 08:42:41.03  346.12   0.565  28.101   32.944   84.4   9.69  14.000   -0.06587    2.19    2.11    3.04
20-07-2024 08:42:41.26  346.18   0.566  28.102   32.945   84.4   9.69  14.000   -0.05921    1.89    2.47    3.28
20-07-2024 08:42:41.51  346.27   0.565  28.103   32.946   84.4   9.69  14.000   -0.03109    2.07    2.39    3.14
20-07-2024 08:42:41.75  346.33   0.566  28.104   32.946   84.4   9.69  14.000   -0.06365    2.07    2.39    3.14
20-07-2024 08:42:42.00  346.42   0.566  28.103   32.946   84.4   9.69  14.000   -0.05551    2.21    2.45    3.01
20-07-2024 08:42:42.24  346.47   0.566  28.103   32.945   84.4   9.69  14.000   -0.06439    1.82    1.87    3.02
20-07-2024 08:42:42.49  346.57   0.566  28.102   32.944   84.4   9.69  14.000   -0.06217    2.33    2.50    3.29
20-07-2024 08:42:42.73  346.63   0.566  28.101   32.943   84.4   9.69  14.000   -0.07994    2.44    2.64    3.04
20-07-2024 08:42:42.98  346.69   0.566  28.103   32.946   84.4   9.69  14.000   -0.05699    1.92    2.28    3.23
20-07-2024 08:42:43.22  346.80   0.566  28.102   32.944   84.4   9.69  14.000   -0.06069    1.92    2.28    3.23
20-07-2024 08:42:43.48  346.83   0.566  28.102   32.944   84.4   9.69  14.000   -0.06069    1.97    2.02    3.14
20-07-2024 08:42:43.72  346.93   0.565  28.102   32.945   84.4   9.69  14.000   -0.06365    2.10    2.33    3.13
20-07-2024 08:42:43.97  347.01   0.566  28.101   32.943   84.4   9.68  14.000   -0.03997    2.16    2.16    3.27
20-07-2024 08:42:44.22  347.10   0.566  28.103   32.945   84.4   9.69  14.000   -0.05477    2.21    2.31    3.37
20-07-2024 08:42:44.46  347.15   0.566  28.103   32.946   84.4   9.69  14.000   -0.05033    2.34    2.81    3.29
20-07-2024 08:42:44.71  347.22   0.566  28.103   32.945   84.4   9.69  14.000   -0.06291    2.33    2.18    3.18
20-07-2024 08:42:44.95  347.30   0.566  28.103   32.944   84.4   9.69  14.000   -0.04663    2.25    2.08    3.22
20-07-2024 08:42:45.20  347.37   0.566  28.104   32.946   84.4   9.69  14.000   -0.05921    2.25    2.08    3.22
20-07-2024 08:42:45.44  347.45   0.566  28.105   32.947   84.4   9.68  14.000   -0.07179    2.28    2.44    2.93
20-07-2024 08:42:45.69  347.52   0.566  28.104   32.946   84.4   9.68  14.000   -0.05625    2.21    2.70    2.91
20-07-2024 08:42:45.93  347.60   0.566  28.103   32.945   84.4   9.69  14.000   -0.06735    1.93    2.25    3.36
20-07-2024 08:42:46.18  347.68   0.566  28.104   32.945   84.4   9.68  14.000   -0.06217    2.28    2.70    2.98
20-07-2024 08:42:46.42  347.75   0.566  28.103   32.945   84.4   9.68  14.000   -0.05921    2.24    2.15    3.14
20-07-2024 08:42:46.67  347.79   0.566  28.103   32.945   84.4   9.69  14.000   -0.04737    2.24    2.15    3.14
20-07-2024 08:42:46.91  347.88   0.565  28.103   32.946   84.4   9.68  14.000   -0.05551    2.00    2.01    3.11
20-07-2024 08:42:47.16  347.97   0.566  28.104   32.945   84.4   9.68  14.000   -0.05033    2.14    2.04    2.88
20-07-2024 08:42:47.41  348.04   0.566  28.102   32.943   84.4   9.68  14.000   -0.06883    2.16    2.67    2.85
20-07-2024 08:42:47.66  348.09   0.566  28.104   32.946   84.4   9.68  14.000   -0.06291    2.13    2.45    3.21
20-07-2024 08:42:47.90  348.20   0.566  28.104   32.945   84.4   9.68  14.000   -0.06957    2.24    2.52    3.22
20-07-2024 08:42:48.15  348.26   0.566  28.105   32.947   84.4   9.68  14.000   -0.05773    2.23    2.03    3.25
20-07-2024 08:42:48.40  348.30   0.566  28.105   32.946   84.4   9.68  14.000   -0.05847    1.93    2.14    3.10
20-07-2024 08:42:48.64  348.38   0.566  28.105   32.947   84.4   9.68  14.000   -0.05921    1.93    2.14    3.10
20-07-2024 08:42:48.88  348.47   0.567  28.106   32.947   84.4   9.68  14.000   -0.06143    1.96    2.43    3.18
20-07-2024 08:42:49.13  348.56   0.566  28.104   32.945   84.4   9.68  14.000   -0.05551    2.09    1.64    3.26
20-07-2024 08:42:49.37  348.61   0.566  28.104   32.945   84.4   9.68  14.000   -0.06291    2.16    2.40    3.11
20-07-2024 08:42:49.62  348.68   0.567  28.104   32.944   84.4   9.68  14.000   -0.07328    2.41    2.21    3.04
20-07-2024 08:42:49.86  348.74   0.566  28.105   32.946   84.4   9.68  14.000   -0.04959    2.00    2.15    3.06
20-07-2024 08:42:50.11  348.83   0.566  28.104   32.945   84.4   9.68  14.000   -0.05847    2.00    2.15    3.06
20-07-2024 08:42:50.36  348.90   0.567  28.104   32.945   84.4   9.68  14.000   -0.06365    2.06    2.18    3.10
20-07-2024 08:42:50.60  348.99   0.566  28.103   32.944   84.4   9.68  14.000   -0.02517    2.26    2.47    2.74
20-07-2024 08:42:50.85  349.06   0.566  28.104   32.945   84.4   9.68  14.000   -0.06587    2.19    2.46    3.09
20-07-2024 08:42:51.10  349.14   0.567  28.104   32.945   84.4   9.68  14.000   -0.06439    2.40    2.06    3.27
20-07-2024 08:42:51.34  349.22   0.566  28.105   32.946   84.4   9.68  14.000   -0.05033    2.21    2.36    2.81
20-07-2024 08:42:51.59  349.29   0.567  28.103   32.942   84.3   9.68  14.000   -0.06217    2.15    2.43    2.91
20-07-2024 08:42:51.83  349.36   0.567  28.104   32.945   84.3   9.68  14.000   -0.06365    2.15    2.43    2.91
20-07-2024 08:42:52.09  349.42   0.566  28.104   32.945   84.3   9.68  14.000   -0.06291    2.11    2.21    3.43
20-07-2024 08:42:52.33  349.50   0.567  28.104   32.943   84.3   9.68  14.000   -0.03997    1.80    2.47    3.04
20-07-2024 08:42:52.57  349.58   0.567  28.103   32.943   84.3   9.68  14.000   -0.05625    1.95    2.36    3.06
20-07-2024 08:42:52.82  349.65   0.566  28.104   32.945   84.3   9.68  14.000   -0.06957    1.98    2.45    3.27
20-07-2024 08:42:53.06  349.73   0.567  28.104   32.944   84.3   9.68  14.000   -0.04959    1.84    2.40    2.98
20-07-2024 08:42:53.31  349.80   0.567  28.104   32.944   84.4   9.68  14.000   -0.05625    2.13    2.32    3.13
20-07-2024 08:42:53.55  349.87   0.566  28.105   32.945   84.3   9.68  14.000   -0.06587    2.13    2.32    3.13
20-07-2024 08:42:53.80  349.97   0.567  28.105   32.945   84.3   9.68  14.000   -0.05329    2.17    2.41    3.38
20-07-2024 08:42:54.04  350.01   0.567  28.103   32.942   84.3   9.68  14.000   -0.06957    2.07    2.20    3.03
20-07-2024 08:42:54.29  350.10   0.567  28.104   32.944   84.3   9.68  14.000   -0.05699    1.95    2.05    3.03
20-07-2024 08:42:54.54  350.19   0.566  28.104   32.944   84.3   9.68  14.000   -0.06587    1.95    2.54    3.12
20-07-2024 08:42:54.78  350.25   0.566  28.104   32.944   84.3   9.68  14.000   -0.06661    2.04    2.04    3.21
20-07-2024 08:42:55.03  350.32   0.567  28.104   32.943   84.3   9.68  14.000   -0.05329    1.89    2.30    3.09
20-07-2024 08:42:55.28  350.38   0.566  28.105   32.945   84.4   9.68  14.000   -0.05551    1.89    2.30    3.09
20-07-2024 08:42:55.52  350.47   0.567  28.105   32.944   84.4   9.68  14.000   -0.04515    2.23    2.59    3.15
20-07-2024 08:42:55.77  350.53   0.567  28.106   32.946   84.3   9.68  14.000   -0.03183    2.10    2.49    2.91
20-07-2024 08:42:56.01  350.60   0.567  28.107   32.948   84.4   9.68  14.000   -0.05551    2.00    1.69    3.04
20-07-2024 08:42:56.26  350.70   0.567  28.106   32.946   84.3   9.68  14.000   -0.06957    2.07    2.15    3.04
20-07-2024 08:42:56.50  350.78   0.567  28.106   32.945   84.3   9.68  14.000   -0.05773    2.07    2.31    3.40
20-07-2024 08:42:56.75  350.83   0.567  28.106   32.945   84.3   9.68  14.000   -0.03701    2.23    2.17    3.38
20-07-2024 08:42:56.99  350.89   0.567  28.107   32.947   84.3   9.68  14.000   -0.04737    2.23    2.17    3.38
20-07-2024 08:42:57.24  350.98   0.567  28.106   32.946   84.3   9.68  14.000   -0.07253    2.11    2.05    3.30
20-07-2024 08:42:57.48  351.08   0.567  28.106   32.945   84.4   9.68  14.000   -0.05773    2.09    2.33    3.18
20-07-2024 08:42:57.73  351.13   0.567  28.106   32.946   84.3   9.68  14.000   -0.06291    2.24    2.29    3.02
20-07-2024 08:42:57.98  351.21   0.567  28.107   32.946   84.3   9.68  14.000   -0.05551    2.25    2.23    3.18
20-07-2024 08:42:58.23  351.27   0.567  28.105   32.945   84.3   9.68  14.000   -0.07624    2.13    2.47    3.12
20-07-2024 08:42:58.47  351.35   0.567  28.105   32.945   84.3   9.68  14.000   -0.06069    1.70    2.44    3.12
20-07-2024 08:42:58.72  351.43   0.566  28.105   32.945   84.3   9.68  14.000   -0.06217    1.70    2.44    3.12
20-07-2024 08:42:58.97  351.53   0.567  28.105   32.944   84.3   9.68  14.000   -0.06365    2.16    2.48    3.60
20-07-2024 08:42:59.21  351.60   0.567  28.106   32.946   84.3   9.68  14.000   -0.06439    1.89    2.13    3.03
20-07-2024 08:42:59.46  351.67   0.567  28.105   32.944   84.3   9.68  14.000   -0.06143    1.84    2.02    3.21
20-07-2024 08:42:59.70  351.76   0.567  28.105   32.944   84.3   9.68  14.000   -0.05699    2.17    1.73    3.13
20-07-2024 08:42:59.95  351.82   0.567  28.105   32.944   84.3   9.68  14.000   -0.04589    1.96    2.70    3.29
20-07-2024 08:43:00.19  351.91   0.566  28.106   32.945   84.3   9.68  14.000   -0.07253    2.19    2.26    3.28
20-07-2024 08:43:00.43  351.98   0.567  28.106   32.944   84.3   9.68  14.000   -0.05773    2.19    2.26    3.28
20-07-2024 08:43:00.68  352.05   0.567  28.105   32.943   84.3   9.68  14.000   -0.05033    2.11    2.23    3.34
20-07-2024 08:43:00.93  352.11   0.566  28.105   32.944   84.4   9.68  14.000   -0.05107    1.89    2.23    3.00
20-07-2024 08:43:01.17  352.22   0.567  28.106   32.945   84.3   9.68  14.000   -0.07179    1.96    2.32    3.17
20-07-2024 08:43:01.42  352.26   0.566  28.105   32.944   84.4   9.68  14.000   -0.04145    1.98    2.46    2.66
20-07-2024 08:43:01.66  352.37   0.566  28.106   32.945   84.3   9.68  14.000   -0.06735    2.11    2.74    3.03
20-07-2024 08:43:01.91  352.42   0.567  28.105   32.943   84.4   9.68  14.000   -0.06587    1.87    2.62    3.11
20-07-2024 08:43:02.16  352.49   0.566  28.106   32.945   84.4   9.68  14.000   -0.06439    1.87    2.62    3.11
20-07-2024 08:43:02.41  352.60   0.567  28.104   32.943   84.4   9.68  14.000   -0.06069    2.08    1.64    3.00
20-07-2024 08:43:02.65  352.68   0.566  28.105   32.944   84.4   9.68  14.000   -0.07105    2.10    2.07    3.25
20-07-2024 08:43:02.90  352.74   0.566  28.106   32.945   84.3   9.68  14.000   -0.06809    1.82    2.71    3.18
20-07-2024 08:43:03.15  352.80   0.566  28.105   32.944   84.4   9.68  14.000   -0.05995    1.94    2.63    3.09
20-07-2024 08:43:03.39  352.88   0.567  28.105   32.944   84.3   9.68  14.000   -0.06217    2.33    2.33    2.95
20-07-2024 08:43:03.63  352.96   0.567  28.106   32.944   84.3   9.68  14.000   -0.05551    2.12    2.22    3.13
20-07-2024 08:43:03.88  353.07   0.567  28.105   32.944   84.3   9.68  14.000   -0.05033    2.12    2.22    3.13
20-07-2024 08:43:04.12  353.10   0.567  28.106   32.944   84.3   9.68  14.000   -0.06661    2.08    2.11    3.28
20-07-2024 08:43:04.37  353.18   0.567  28.106   32.944   84.3   9.68  14.000   -0.06513    2.03    2.51    3.29
20-07-2024 08:43:04.61  353.28   0.567  28.108   32.946   84.3   9.68  14.000   -0.06883    1.94    2.06    3.33
20-07-2024 08:43:04.86  353.35   0.567  28.107   32.945   84.3   9.68  14.000   -0.03257    2.10    2.22    3.31
20-07-2024 08:43:05.10  353.39   0.567  28.107   32.945   84.3   9.68  14.000   -0.07402    2.34    1.98    3.08
20-07-2024 08:43:05.35  353.50   0.567  28.107   32.946   84.3   9.68  14.000   -0.06365    1.86    2.22    3.23
20-07-2024 08:43:05.60  353.56   0.566  28.108   32.948   84.3   9.68  14.000   -0.06069    1.86    2.22    3.23
20-07-2024 08:43:05.84  353.65   0.566  28.108   32.947   84.3   9.68  14.000   -0.07179    2.20    2.71    3.00
20-07-2024 08:43:06.09  353.73   0.567  28.106   32.944   84.3   9.68  14.000   -0.06513    2.06    1.86    3.57
20-07-2024 08:43:06.34  353.81   0.567  28.105   32.943   84.3   9.68  14.000   -0.06957    2.21    2.35    3.17
20-07-2024 08:43:06.58  353.86   0.566  28.106   32.945   84.3   9.68  14.000   -0.04367    1.90    2.61    3.35
20-07-2024 08:43:06.83  353.97   0.566  28.105   32.944   84.3   9.68  14.000   -0.08290    1.96    2.33    3.17
20-07-2024 08:43:07.07  354.03   0.566  28.106   32.944   84.3   9.68  14.000   -0.06513    2.02    2.67    3.20
20-07-2024 08:43:07.32  354.10   0.567  28.106   32.945   84.3   9.68  14.000   -0.05255    2.02    2.67    3.20
20-07-2024 08:43:07.56  354.21   0.567  28.107   32.945   84.3   9.68  14.000   -0.07846    1.99    2.28    3.28
20-07-2024 08:43:07.81  354.30   0.566  28.107   32.946   84.3   9.68  14.000   -0.05403    2.17    2.08    3.44
20-07-2024 08:43:08.05  354.34   0.566  28.107   32.946   84.3   9.68  14.000   -0.04959    2.21    2.73    3.34
20-07-2024 08:43:08.30  354.42   0.567  28.107   32.945   84.3   9.68  14.000   -0.07253    2.37    2.36    2.99
20-07-2024 08:43:08.54  354.51   0.567  28.107   32.945   84.3   9.68  14.000   -0.06143    2.07    2.15    3.10
20-07-2024 08:43:08.79  354.55   0.567  28.107   32.945   84.3   9.68  14.000   -0.04737    1.96    2.32    3.27
20-07-2024 08:43:09.03  354.66   0.567  28.108   32.946   84.3   9.68  14.000   -0.05033    1.96    2.32    3.27
20-07-2024 08:43:09.29  354.74   0.567  28.107   32.945   84.3   9.68  14.000   -0.06365    2.12    2.30    2.90
20-07-2024 08:43:09.53  354.78   0.567  28.106   32.943   84.3   9.68  14.000   -0.06883    2.13    2.34    3.17
20-07-2024 08:43:09.78  354.89   0.566  28.106   32.944   84.4   9.68  14.000   -0.05921    2.04    2.70    3.38
20-07-2024 08:43:10.03  354.97   0.567  28.107   32.944   84.3   9.68  14.000   -0.06587    1.86    1.99    2.94
20-07-2024 08:43:10.27  355.03   0.566  28.107   32.945   84.3   9.68  14.000   -0.05181    2.04    2.19    3.27
20-07-2024 08:43:10.52  355.10   0.567  28.106   32.944   84.3   9.68  14.000   -0.05181    1.97    1.78    3.39
20-07-2024 08:43:10.76  355.18   0.567  28.107   32.945   84.3   9.68  14.000   -0.05699    1.97    1.78    3.39
20-07-2024 08:43:11.01  355.26   0.566  28.108   32.946   84.3   9.68  14.000   -0.05403    2.02    2.18    3.11
20-07-2024 08:43:11.25  355.36   0.567  28.108   32.946   84.3   9.68  14.000   -0.06735    2.39    2.25    3.19
20-07-2024 08:43:11.50  355.45   0.567  28.109   32.947   84.3   9.68  14.000   -0.04885    2.14    2.52    3.04
20-07-2024 08:43:11.74  355.50   0.567  28.108   32.946   84.3   9.68  14.000   -0.06143    1.86    2.68    3.17
20-07-2024 08:43:11.99  355.58   0.566  28.109   32.947   84.3   9.68  14.000   -0.05921    2.32    2.18    3.19
20-07-2024 08:43:12.23  355.66   0.567  28.108   32.945   84.3   9.68  14.000   -0.06809    2.40    1.89    3.36
20-07-2024 08:43:12.48  355.74   0.567  28.108   32.946   84.3   9.68  14.000   -0.06513    2.40    1.89    3.36
20-07-2024 08:43:12.72  355.82   0.567  28.107   32.945   84.3   9.68  14.000   -0.05551    2.21    2.23    3.14
20-07-2024 08:43:12.98  355.89   0.567  28.109   32.946   84.3   9.68  14.000   -0.06957    2.11    2.07    3.29
20-07-2024 08:43:13.23  355.95   0.567  28.109   32.947   84.3   9.68  14.000   -0.05921    2.11    2.27    3.37
20-07-2024 08:43:13.48  356.06   0.566  28.108   32.946   84.3   9.68  14.000   -0.03997    1.99    2.34    3.01
20-07-2024 08:43:13.72  356.14   0.567  28.106   32.943   84.3   9.68  14.000   -0.05847    1.96    2.27    3.10
20-07-2024 08:43:13.97  356.22   0.566  28.107   32.945   84.3   9.68  14.000   -0.06069    1.90    2.13    3.30
20-07-2024 08:43:14.22  356.29   0.567  28.109   32.947   84.3   9.68  14.000   -0.07105    1.90    2.13    3.30
20-07-2024 08:43:14.46  356.37   0.567  28.107   32.944   84.3   9.68  14.000   -0.06883    2.21    2.41    3.10
20-07-2024 08:43:14.70  356.44   0.566  28.106   32.943   84.3   9.68  14.000   -0.05921    1.94    2.19    3.32
20-07-2024 08:43:14.95  356.52   0.566  28.107   32.944   84.3   9.68  14.000   -0.07994    2.18    1.89    2.94
20-07-2024 08:43:15.19  356.60   0.567  28.108   32.945   84.3   9.68  14.000   -0.05699    1.93    2.65    3.22
20-07-2024 08:43:15.44  356.68   0.567  28.109   32.946   84.3   9.68  14.000   -0.05551    2.05    2.61    3.00
20-07-2024 08:43:15.68  356.74   0.567  28.108   32.945   84.3   9.68  14.000   -0.05403    2.18    2.54    2.87
20-07-2024 08:43:15.93  356.84   0.567  28.108   32.945   84.3   9.68  14.000   -0.05181    2.18    2.54    2.87
20-07-2024 08:43:16.17  356.90   0.567  28.108   32.944   84.3   9.68  14.000   -0.07253    1.76    2.39    2.82
20-07-2024 08:43:16.42  356.98   0.567  28.109   32.946   84.3   9.68  14.000   -0.06365    2.10    2.35    3.11
20-07-2024 08:43:16.67  357.06   0.567  28.107   32.944   84.3   9.68  14.000   -0.06291    2.20    2.26    3.04
20-07-2024 08:43:16.91  357.14   0.566  28.108   32.946   84.3   9.68  14.000   -0.07328    2.27    2.39    3.33
20-07-2024 08:43:17.16  357.25   0.567  28.109   32.945   84.3   9.68  14.000   -0.07031    1.88    2.79    3.09
20-07-2024 08:43:17.40  357.29   0.567  28.110   32.947   84.3   9.68  14.000   -0.05181    2.26    2.15    3.33
20-07-2024 08:43:17.65  357.38   0.567  28.109   32.946   84.3   9.68  14.000   -0.06661    2.26    2.15    3.33
20-07-2024 08:43:17.90  357.46   0.566  28.109   32.947   84.3   9.68  14.000   -0.06661    2.14    2.52    2.81
20-07-2024 08:43:18.14  357.53   0.566  28.108   32.945   84.3   9.68  14.000   -0.05847    1.75    2.19    3.13
20-07-2024 08:43:18.39  357.59   0.566  28.107   32.944   84.3   9.68  14.000   -0.06735    2.07    2.75    2.73
20-07-2024 08:43:18.63  357.69   0.567  28.109   32.945   84.3   9.68  14.000   -0.05995    2.35    2.34    3.22
20-07-2024 08:43:18.88  357.74   0.566  28.108   32.945   84.3   9.68  14.000   -0.06291    1.98    2.08    3.22
20-07-2024 08:43:19.12  357.83   0.567  28.109   32.946   84.3   9.68  14.000   -0.02443    2.04    1.76    3.08
20-07-2024 08:43:19.36  357.90   0.567  28.109   32.945   84.3   9.68  14.000   -0.06291    2.04    1.76    3.08
20-07-2024 08:43:19.61  357.99   0.567  28.109   32.945   84.3   9.68  14.000   -0.06957    2.09    1.86    3.00
20-07-2024 08:43:19.86  358.05   0.567  28.110   32.946   84.3   9.68  14.000   -0.06365    1.90    2.56    3.02
20-07-2024 08:43:20.10  358.14   0.567  28.110   32.947   84.3   9.68  14.000   -0.06809    2.31    1.74    3.49
20-07-2024 08:43:20.35  358.22   0.567  28.110   32.946   84.3   9.68  14.000   -0.07328    1.88    2.22    3.32
20-07-2024 08:43:20.60  358.29   0.567  28.110   32.946   84.3   9.68  14.000   -0.06957    1.95    2.45    3.04
20-07-2024 08:43:20.85  358.34   0.567  28.108   32.944   84.3   9.67  14.000   -0.04737    1.92    2.02    3.35
20-07-2024 08:43:21.09  358.44   0.567  28.109   32.945   84.3   9.68  14.000   -0.06587    1.92    2.02    3.35
20-07-2024 08:43:21.34  358.51   0.567  28.109   32.945   84.3   9.68  14.000   -0.07031    1.73    2.30    3.08
20-07-2024 08:43:21.58  358.59   0.567  28.109   32.946   84.3   9.68  14.000   -0.06809    2.13    2.00    3.04
20-07-2024 08:43:21.83  358.68   0.567  28.110   32.946   84.3   9.68  14.000   -0.08068    2.03    2.46    2.90
20-07-2024 08:43:22.07  358.74   0.567  28.109   32.945   84.3   9.68  14.000   -0.05625    2.05    2.47    2.95
20-07-2024 08:43:22.32  358.81   0.567  28.108   32.944   84.3   9.68  14.000   -0.05181    2.18    2.39    3.32
20-07-2024 08:43:22.56  358.90   0.566  28.109   32.945   84.3   9.68  14.000   -0.06143    1.93    2.21    3.12
20-07-2024 08:43:22.81  358.98   0.567  28.110   32.946   84.3   9.68  14.000   -0.04885    1.93    2.21    3.12
20-07-2024 08:43:23.05  359.04   0.567  28.110   32.946   84.3   9.68  14.000   -0.04959    1.83    2.12    3.20
20-07-2024 08:43:23.30  359.14   0.567  28.109   32.945   84.3   9.68  14.000   -0.06513    1.90    2.58    3.30
20-07-2024 08:43:23.54  359.19   0.567  28.109   32.944   84.3   9.68  14.000   -0.06439    2.00    2.44    2.79
20-07-2024 08:43:23.79  359.29   0.567  28.109   32.945   84.3   9.68  14.000   -0.05329    1.90    1.61    3.04
20-07-2024 08:43:24.04  359.35   0.567  28.110   32.945   84.3   9.68  14.000   -0.05773    1.83    1.94    2.87
20-07-2024 08:43:24.28  359.42   0.567  28.110   32.945   84.3   9.68  14.000   -0.05255    2.07    2.31    3.22
20-07-2024 08:43:24.53  359.49   0.567  28.109   32.945   84.3   9.68  14.000   -0.08068    2.07    2.31    3.22
20-07-2024 08:43:24.78  359.55   0.567  28.109   32.945   84.3   9.68  14.000   -0.06439    1.84    1.97    3.24
20-07-2024 08:43:25.03  359.64   0.567  28.111   32.947   84.3   9.68  14.000   -0.05551    1.99    2.24    3.14
20-07-2024 08:43:25.27  359.72   0.567  28.110   32.946   84.3   9.67  14.000   -0.06661    2.08    2.78    3.47
20-07-2024 08:43:25.51  359.82   0.567  28.109   32.945   84.3   9.67  14.000   -0.05921    2.15    2.24    3.29
20-07-2024 08:43:25.76  359.90   0.567  28.110   32.945   84.3   9.67  14.000   -0.05995    2.17    1.97    3.30
20-07-2024 08:43:26.01  359.96   0.567  28.108   32.944   84.3   9.67  14.000   -0.07328    2.18    1.97    3.02
20-07-2024 08:43:26.25  360.04   0.567  28.111   32.947   84.3   9.68  14.000   -0.06365    2.18    1.97    3.02
20-07-2024 08:43:26.49  360.12   0.567  28.111   32.947   84.3   9.67  14.000   -0.05181    1.99    2.09    3.25
20-07-2024 08:43:26.74  360.19   0.567  28.109   32.944   84.3   9.67  14.000   -0.05847    2.23    2.49    3.26
20-07-2024 08:43:26.98  360.23   0.567  28.111   32.947   84.3   9.67  14.000   -0.06587    2.08    2.44    3.32
20-07-2024 08:43:27.23  360.35   0.567  28.110   32.945   84.3   9.68  14.000   -0.06957    2.37    2.30    3.24
20-07-2024 08:43:27.47  360.41   0.567  28.110   32.946   84.3   9.67  14.000   -0.06661    2.18    1.67    3.33
20-07-2024 08:43:27.73  360.49   0.567  28.110   32.945   84.3   9.67  14.000   -0.05329    1.82    2.46    3.11
20-07-2024 08:43:27.97  360.59   0.567  28.111   32.947   84.3   9.67  14.000   -0.05995    1.82    2.46    3.11
20-07-2024 08:43:28.22  360.69   0.567  28.111   32.946   84.3   9.67  14.000   -0.07031    2.03    2.62    3.23
20-07-2024 08:43:28.47  360.72   0.567  28.109   32.944   84.3   9.67  14.000   -0.06439    1.93    2.54    3.08
20-07-2024 08:43:28.71  360.81   0.567  28.110   32.946   84.3   9.67  14.000   -0.05995    1.92    2.82    3.26
20-07-2024 08:43:28.96  360.89   0.567  28.111   32.946   84.3   9.67  14.000   -0.06661    2.01    2.47    3.06
20-07-2024 08:43:29.20  360.96   0.567  28.110   32.945   84.3   9.67  14.000   -0.07105    2.38    2.42    2.90
20-07-2024 08:43:29.45  361.04   0.567  28.112   32.947   84.3   9.67  14.000   -0.07328    2.08    2.52    3.15
20-07-2024 08:43:29.69  361.12   0.567  28.110   32.945   84.3   9.67  14.000   -0.07031    2.08    2.52    3.15
20-07-2024 08:43:29.94  361.18   0.567  28.112   32.948   84.3   9.67  14.000   -0.07031    2.31    2.50    2.80
20-07-2024 08:43:30.18  361.28   0.567  28.111   32.946   84.3   9.67  14.000   -0.07550    2.39    2.01    3.23
20-07-2024 08:43:30.43  361.34   0.567  28.111   32.946   84.3   9.67  14.000   -0.06587    1.89    2.14    3.08
20-07-2024 08:43:30.67  361.43   0.567  28.112   32.947   84.3   9.67  14.000   -0.06513    1.99    2.32    3.07
20-07-2024 08:43:30.92  361.47   0.567  28.111   32.946   84.3   9.67  14.000   -0.05699    2.29    2.37    3.22
20-07-2024 08:43:31.16  361.57   0.567  28.110   32.944   84.3   9.67  14.000   -0.05921    2.29    2.37    3.22
20-07-2024 08:43:31.41  361.63   0.567  28.109   32.944   84.3   9.67  14.000   -0.06069    1.99    2.73    3.23
20-07-2024 08:43:31.66  361.71   0.567  28.110   32.944   84.3   9.67  14.000   -0.04441    2.13    2.24    3.23
20-07-2024 08:43:31.91  361.80   0.567  28.111   32.946   84.3   9.67  14.000   -0.06735    2.11    2.07    3.58
20-07-2024 08:43:32.15  361.87   0.567  28.112   32.946   84.3   9.67  14.000   -0.06069    2.11    2.79    2.73
20-07-2024 08:43:32.40  361.96   0.568  28.111   32.945   84.3   9.67  14.000   -0.07179    2.09    2.35    3.17
20-07-2024 08:43:32.64  362.03   0.567  28.112   32.946   84.3   9.67  14.000   -0.06217    1.99    2.30    3.09
20-07-2024 08:43:32.89  362.13   0.567  28.110   32.945   84.3   9.67  14.000   -0.05699    1.99    2.30    3.09
20-07-2024 08:43:33.13  362.16   0.567  28.111   32.946   84.3   9.67  14.000   -0.06217    2.36    2.61    3.05
20-07-2024 08:43:33.38  362.25   0.567  28.110   32.944   84.2   9.67  14.000   -0.04367    1.92    2.02    2.80
20-07-2024 08:43:33.62  362.33   0.567  28.110   32.944   84.2   9.67  14.000   -0.07031    2.16    2.57    3.21
20-07-2024 08:43:33.87  362.41   0.567  28.111   32.945   84.3   9.67  14.000   -0.06217    2.11    2.39    3.24
20-07-2024 08:43:34.12  362.48   0.567  28.113   32.948   84.2   9.67  14.000   -0.06069    2.35    1.98    3.28
20-07-2024 08:43:34.36  362.57   0.568  28.112   32.945   84.2   9.67  14.000   -0.06217    1.99    2.45    2.97
20-07-2024 08:43:34.61  362.66   0.567  28.113   32.948   84.2   9.67  14.000   -0.06735    1.99    2.45    2.97
20-07-2024 08:43:34.85  362.71   0.567  28.112   32.946   84.2   9.67  14.000   -0.05995    2.25    1.50    3.47
20-07-2024 08:43:35.10  362.78   0.567  28.111   32.945   84.2   9.67  14.000   -0.04367    2.05    2.46    2.98
20-07-2024 08:43:35.35  362.86   0.567  28.110   32.943   84.2   9.67  14.000   -0.07031    2.13    2.55    3.26
20-07-2024 08:43:35.60  362.95   0.568  28.110   32.944   84.3   9.67  14.000   -0.06143    2.21    1.92    2.93
20-07-2024 08:43:35.84  363.00   0.567  28.111   32.945   84.3   9.67  14.000   -0.06957    2.26    2.61    3.14
20-07-2024 08:43:36.09  363.12   0.567  28.113   32.947   84.2   9.67  14.000   -0.06365    2.13    1.93    3.13
20-07-2024 08:43:36.33  363.21   0.568  28.112   32.946   84.2   9.67  14.000   -0.07179    2.13    1.93    3.13
20-07-2024 08:43:36.58  363.28   0.568  28.112   32.945   84.2   9.67  14.000   -0.05477    2.29    2.29    3.04
20-07-2024 08:43:36.82  363.34   0.567  28.112   32.946   84.2   9.67  14.000   -0.04663    2.19    2.25    3.28
20-07-2024 08:43:37.07  363.39   0.567  28.111   32.944   84.2   9.67  14.000   -0.06217    1.90    2.10    3.33
20-07-2024 08:43:37.31  363.47   0.567  28.112   32.946   84.2   9.67  14.000   -0.06365    2.03    2.64    3.22
20-07-2024 08:43:37.56  363.58   0.567  28.113   32.947   84.2   9.67  14.000   -0.07179    2.23    2.22    3.02
20-07-2024 08:43:37.80  363.66   0.568  28.112   32.945   84.2   9.67  14.000   -0.06143    2.34    2.33    3.09
20-07-2024 08:43:38.05  363.70   0.567  28.113   32.946   84.2   9.67  14.000   -0.04515    2.34    2.33    3.09
20-07-2024 08:43:38.29  363.78   0.567  28.111   32.945   84.2   9.67  14.000   -0.07328    1.88    2.65    3.32
20-07-2024 08:43:38.54  363.88   0.567  28.111   32.945   84.2   9.67  14.000   -0.05995    1.91    2.21    2.99
20-07-2024 08:43:38.79  363.97   0.568  28.115   32.948   84.2   9.67  14.000   -0.06735    1.97    2.53    3.10
20-07-2024 08:43:39.03  364.05   0.567  28.113   32.946   84.2   9.67  14.000   -0.07179    1.98    1.86    2.98
20-07-2024 08:43:39.28  364.12   0.568  28.113   32.946   84.2   9.67  14.000   -0.06513    2.15    2.21    3.44
20-07-2024 08:43:39.53  364.21   0.567  28.111   32.945   84.2   9.67  14.000   -0.06291    1.99    2.52    2.98
20-07-2024 08:43:39.77  364.28   0.567  28.112   32.945   84.2   9.67  14.000   -0.06439    1.99    2.52    2.98
20-07-2024 08:43:40.02  364.37   0.568  28.111   32.944   84.2   9.67  14.000   -0.06217    2.12    2.50    3.35
20-07-2024 08:43:40.26  364.43   0.568  28.110   32.943   84.2   9.67  14.000   -0.05921    1.95    2.86    3.51
20-07-2024 08:43:40.51  364.51   0.567  28.112   32.946   84.2   9.67  14.000   -0.07253    2.02    2.43    2.98
20-07-2024 08:43:40.75  364.60   0.567  28.112   32.945   84.2   9.67  14.000   -0.06883    2.09    2.22    2.93
20-07-2024 08:43:41.00  364.67   0.568  28.111   32.943   84.2   9.66  14.000   -0.06143    2.25    2.46    3.28
20-07-2024 08:43:41.24  364.75   0.567  28.114   32.947   84.2   9.67  14.000   -0.05921    2.06    2.54    3.23
20-07-2024 08:43:41.49  364.82   0.567  28.114   32.947   84.2   9.66  14.000   -0.05551    2.06    2.54    3.23
20-07-2024 08:43:41.73  364.92   0.568  28.113   32.946   84.2   9.67  14.000   -0.07476    1.78    2.52    3.14
20-07-2024 08:43:41.98  365.01   0.568  28.112   32.944   84.2   9.67  14.000   -0.04145    1.92    2.33    3.34
20-07-2024 08:43:42.22  365.09   0.568  28.112   32.945   84.2   9.66  14.000   -0.07476    2.24    2.52    2.96
20-07-2024 08:43:42.48  365.18   0.567  28.113   32.946   84.2   9.67  14.000   -0.05773    1.95    2.26    3.18
20-07-2024 08:43:42.72  365.24   0.568  28.112   32.945   84.2   9.67  14.000   -0.05995    1.94    2.04    3.20
20-07-2024 08:43:42.97  365.32   0.568  28.112   32.944   84.2   9.67  14.000   -0.06957    2.11    2.42    3.14
20-07-2024 08:43:43.22  365.38   0.568  28.112   32.944   84.2   9.67  14.000   -0.07920    2.11    2.42    3.14
20-07-2024 08:43:43.46  365.49   0.568  28.114   32.946   84.2   9.67  14.000   -0.06587    1.94    2.42    3.37
20-07-2024 08:43:43.71  365.56   0.567  28.111   32.944   84.2   9.67  14.000   -0.06143    1.84    2.33    3.53
20-07-2024 08:43:43.95  365.61   0.568  28.114   32.947   84.2   9.67  14.000   -0.06069    2.30    2.50    3.18
20-07-2024 08:43:44.20  365.73   0.568  28.115   32.948   84.2   9.67  14.000   -0.06809    2.08    2.51    3.27
20-07-2024 08:43:44.44  365.82   0.568  28.113   32.946   84.2   9.66  14.000   -0.05625    2.10    2.84    3.25
20-07-2024 08:43:44.69  365.88   0.568  28.113   32.946   84.2   9.66  14.000   -0.06365    1.91    2.73    3.08
20-07-2024 08:43:44.93  365.97   0.568  28.113   32.944   84.2   9.66  14.000   -0.06365    1.91    2.73    3.08
20-07-2024 08:43:45.18  366.04   0.568  28.113   32.945   84.2   9.67  14.000   -0.06143    1.82    2.46    3.10
20-07-2024 08:43:45.42  366.14   0.568  28.114   32.946   84.2   9.67  14.000   -0.04811    1.85    2.50    3.15
20-07-2024 08:43:45.67  366.19   0.568  28.113   32.945   84.2   9.66  14.000   -0.04367    2.23    2.12    3.12
20-07-2024 08:43:45.91  366.29   0.568  28.114   32.946   84.2   9.67  14.000   -0.04663    1.80    2.15    2.87
20-07-2024 08:43:46.16  366.38   0.568  28.114   32.947   84.2   9.66  14.000   -0.05625    1.96    2.17    3.07
20-07-2024 08:43:46.41  366.46   0.568  28.114   32.946   84.2   9.66  14.000   -0.05403    1.77    2.76    3.25
20-07-2024 08:43:46.66  366.55   0.568  28.113   32.945   84.2   9.67  14.000   -0.05625    1.77    2.76    3.25
20-07-2024 08:43:46.90  366.63   0.568  28.113   32.945   84.2   9.66  14.000   -0.06143    2.14    2.15    3.00
20-07-2024 08:43:47.16  366.69   0.568  28.114   32.946   84.2   9.66  14.000   -0.06883    2.05    2.68    3.12
20-07-2024 08:43:47.39  366.76   0.568  28.113   32.945   84.2   9.66  14.000   -0.07031    2.13    1.98    3.08
20-07-2024 08:43:47.64  366.84   0.568  28.115   32.947   84.2   9.66  14.000   -0.03997    2.10    1.92    3.44
20-07-2024 08:43:47.88  366.92   0.568  28.114   32.946   84.2   9.66  14.000   -0.05995    1.82    2.71    2.99
20-07-2024 08:43:48.13  367.00   0.568  28.113   32.945   84.2   9.66  14.000   -0.04737    2.09    2.20    3.26
20-07-2024 08:43:48.37  367.09   0.568  28.114   32.946   84.2   9.66  14.000   -0.06957    2.09    2.20    3.26
20-07-2024 08:43:48.62  367.16   0.568  28.113   32.945   84.2   9.66  14.000   -0.07179    2.00    1.77    3.24
20-07-2024 08:43:48.86  367.23   0.568  28.114   32.945   84.2   9.67  14.000   -0.06143    1.89    2.09    2.96
20-07-2024 08:43:49.11  367.32   0.569  28.115   32.946   84.2   9.66  14.000   -0.06957    2.02    2.44    2.81
20-07-2024 08:43:49.36  367.40   0.568  28.114   32.944   84.2   9.66  14.000   -0.05107    2.28    2.29    3.27
20-07-2024 08:43:49.60  367.47   0.568  28.115   32.946   84.2   9.66  14.000   -0.06513    2.41    1.96    3.39
20-07-2024 08:43:49.85  367.53   0.568  28.114   32.945   84.2   9.66  14.000   -0.05847    2.27    2.30    3.11
20-07-2024 08:43:50.10  367.62   0.568  28.114   32.945   84.2   9.66  14.000   -0.06661    2.27    2.30    3.11
20-07-2024 08:43:50.35  367.67   0.568  28.115   32.947   84.2   9.66  14.000   -0.05033    1.90    1.98    3.18
20-07-2024 08:43:50.59  367.77   0.568  28.115   32.946   84.2   9.66  14.000   -0.07179    2.17    2.29    3.33
20-07-2024 08:43:50.84  367.87   0.569  28.114   32.945   84.2   9.66  14.000   -0.07402    2.31    2.35    2.85
20-07-2024 08:43:51.08  367.93   0.568  28.114   32.945   84.2   9.66  14.000   -0.04145    2.16    2.39    3.20
20-07-2024 08:43:51.33  368.01   0.568  28.114   32.945   84.2   9.66  14.000   -0.06291    2.06    2.23    3.28
20-07-2024 08:43:51.57  368.10   0.568  28.115   32.946   84.2   9.66  14.000   -0.06513    2.25    2.21    3.20
20-07-2024 08:43:51.82  368.15   0.568  28.114   32.945   84.2   9.66  14.000   -0.05847    2.25    2.21    3.20
20-07-2024 08:43:52.06  368.22   0.568  28.117   32.948   84.2   9.66  14.000   -0.06217    2.01    1.95    3.07
20-07-2024 08:43:52.31  368.33   0.569  28.114   32.944   84.2   9.66  14.000   -0.07624    2.23    2.26    3.30
20-07-2024 08:43:52.55  368.40   0.568  28.116   32.947   84.2   9.66  14.000   -0.07253    2.19    2.64    3.12
20-07-2024 08:43:52.80  368.48   0.568  28.115   32.946   84.2   9.66  14.000   -0.07328    2.27    2.14    3.19
20-07-2024 08:43:53.04  368.54   0.568  28.115   32.946   84.2   9.66  14.000   -0.07031    2.16    2.68    3.19
20-07-2024 08:43:53.29  368.63   0.568  28.115   32.946   84.2   9.66  14.000   -0.05699    2.37    2.33    3.06
20-07-2024 08:43:53.54  368.71   0.569  28.115   32.945   84.2   9.66  14.000   -0.06439    2.37    2.33    3.06
20-07-2024 08:43:53.78  368.78   0.568  28.115   32.945   84.2   9.66  14.000   -0.06143    2.11    2.36    2.97
20-07-2024 08:43:54.03  368.87   0.568  28.116   32.947   84.2   9.66  14.000   -0.05847    1.82    2.15    3.41
20-07-2024 08:43:54.28  368.94   0.568  28.116   32.947   84.2   9.66  14.000   -0.07105    1.62    2.13    3.07
20-07-2024 08:43:54.52  369.01   0.569  28.116   32.947   84.2   9.66  14.000   -0.05551    1.98    2.42    3.04
20-07-2024 08:43:54.77  369.08   0.569  28.116   32.947   84.2   9.66  14.000   -0.06809    1.88    2.68    2.98
20-07-2024 08:43:55.01  369.15   0.569  28.114   32.944   84.2   9.66  14.000   -0.05181    1.89    2.38    3.16
20-07-2024 08:43:55.26  369.24   0.569  28.116   32.946   84.2   9.66  14.000   -0.06069    1.89    2.38    3.16
20-07-2024 08:43:55.50  369.32   0.568  28.115   32.945   84.2   9.66  14.000   -0.07179    2.00    2.14    3.21
20-07-2024 08:43:55.75  369.41   0.568  28.115   32.946   84.2   9.66  14.000   -0.07031    2.17    2.26    3.38
20-07-2024 08:43:55.99  369.46   0.568  28.114   32.944   84.2   9.66  14.000   -0.06957    2.07    2.37    3.38
20-07-2024 08:43:56.24  369.54   0.568  28.118   32.949   84.2   9.66  14.000   -0.07624    1.90    2.21    3.08
20-07-2024 08:43:56.48  369.62   0.569  28.116   32.946   84.2   9.66  14.000   -0.06217    2.27    1.97    3.21
20-07-2024 08:43:56.73  369.69   0.568  28.116   32.947   84.2   9.66  14.000   -0.04441    2.00    2.25    3.04
20-07-2024 08:43:56.97  369.78   0.569  28.115   32.945   84.2   9.66  14.000   -0.07402    2.00    2.25    3.04
20-07-2024 08:43:57.23  369.84   0.568  28.117   32.947   84.2   9.66  14.000   -0.05921    2.06    2.10    3.06
20-07-2024 08:43:57.47  369.90   0.568  28.115   32.945   84.2   9.66  14.000   -0.04515    1.98    2.19    3.26
20-07-2024 08:43:57.72  369.98   0.568  28.116   32.946   84.2   9.66  14.000   -0.06217    2.12    2.38    3.02
20-07-2024 08:43:57.97  370.07   0.568  28.116   32.946   84.2   9.66  14.000   -0.07846    1.90    2.21    3.23
20-07-2024 08:43:58.22  370.15   0.569  28.116   32.946   84.2   9.66  14.000   -0.05847    2.18    2.72    3.14
20-07-2024 08:43:58.46  370.23   0.568  28.116   32.946   84.2   9.66  14.000   -0.05773    2.39    1.98    3.29
20-07-2024 08:43:58.70  370.30   0.569  28.116   32.945   84.2   9.66  14.000   -0.06217    2.39    1.98    3.29
20-07-2024 08:43:58.95  370.37   0.569  28.117   32.946   84.2   9.66  14.000   -0.06365    1.89    2.43    3.18
20-07-2024 08:43:59.19  370.45   0.569  28.117   32.946   84.2   9.66  14.000   -0.05995    2.16    2.06    3.14
20-07-2024 08:43:59.44  370.53   0.568  28.117   32.947   84.2   9.66  14.000   -0.07328    2.17    2.67    3.11
20-07-2024 08:43:59.68  370.61   0.569  28.116   32.946   84.2   9.66  14.000   -0.06217    1.93    2.00    3.30
20-07-2024 08:43:59.93  370.69   0.569  28.116   32.945   84.2   9.66  14.000   -0.05329    1.83    2.42    2.98
20-07-2024 08:44:00.17  370.79   0.569  28.116   32.945   84.2   9.66  14.000   -0.05107    2.08    2.17    3.39
20-07-2024 08:44:00.42  370.85   0.568  28.117   32.947   84.1   9.66  14.000   -0.05551    2.08    2.17    3.39
20-07-2024 08:44:00.66  370.94   0.569  28.117   32.946   84.2   9.66  14.000   -0.05921    2.27    2.45    2.95
20-07-2024 08:44:00.91  371.02   0.569  28.115   32.945   84.1   9.66  14.000   -0.05477    2.14    2.35    3.23
20-07-2024 08:44:01.16  371.11   0.569  28.116   32.945   84.2   9.66  14.000   -0.07328    2.19    2.37    3.07
20-07-2024 08:44:01.41  371.19   0.569  28.118   32.947   84.2   9.66  14.000   -0.06735    2.15    2.23    2.79
20-07-2024 08:44:01.65  371.26   0.569  28.116   32.946   84.2   9.66  14.000   -0.06587    2.13    2.24    3.04
20-07-2024 08:44:01.90  371.34   0.569  28.117   32.946   84.2   9.66  14.000   -0.05329    2.46    2.38    3.32
20-07-2024 08:44:02.14  371.42   0.569  28.117   32.946   84.2   9.66  14.000   -0.06439    2.46    2.38    3.32
20-07-2024 08:44:02.39  371.53   0.569  28.118   32.947   84.2   9.66  14.000   -0.05847    1.75    2.34    2.84
20-07-2024 08:44:02.63  371.55   0.569  28.117   32.947   84.2   9.66  14.000   -0.06809    1.75    2.43    3.32
20-07-2024 08:44:02.88  371.64   0.569  28.116   32.945   84.2   9.66  14.000   -0.05699    2.22    2.58    3.03
20-07-2024 08:44:03.12  371.71   0.569  28.117   32.945   84.2   9.66  14.000   -0.05329    1.97    1.80    3.14
20-07-2024 08:44:03.37  371.80   0.569  28.118   32.948   84.2   9.66  14.000   -0.06439    2.14    1.96    3.10
20-07-2024 08:44:03.62  371.88   0.569  28.117   32.946   84.2   9.66  14.000   -0.04663    2.10    2.27    3.35
20-07-2024 08:44:03.86  371.95   0.569  28.117   32.945   84.2   9.66  14.000   -0.04515    2.10    2.27    3.35
20-07-2024 08:44:04.11  372.03   0.569  28.117   32.945   84.1   9.66  14.000   -0.06809    2.54    2.02    2.93
20-07-2024 08:44:04.35  372.10   0.569  28.117   32.946   84.2   9.66  14.000   -0.04811    1.80    2.49    2.90
20-07-2024 08:44:04.60  372.21   0.569  28.116   32.944   84.2   9.66  14.000   -0.06587    2.05    2.15    3.07
20-07-2024 08:44:04.85  372.29   0.569  28.116   32.944   84.2   9.66  14.000   -0.06957    1.86    2.46    3.06
20-07-2024 08:44:05.10  372.36   0.569  28.119   32.948   84.2   9.66  14.000   -0.05625    1.88    2.71    3.60
20-07-2024 08:44:05.34  372.42   0.569  28.117   32.946   84.2   9.66  14.000   -0.04145    2.05    1.89    3.42
20-07-2024 08:44:05.59  372.49   0.569  28.119   32.947   84.2   9.66  14.000   -0.05847    2.05    1.89    3.42
20-07-2024 08:44:05.83  372.59   0.569  28.117   32.946   84.2   9.66  14.000   -0.06143    2.07    1.98    3.08
20-07-2024 08:44:06.08  372.66   0.569  28.117   32.946   84.2   9.66  14.000   -0.05995    2.40    2.36    3.55
20-07-2024 08:44:06.32  372.72   0.569  28.118   32.946   84.2   9.66  14.000   -0.05995    1.91    2.10    3.10
20-07-2024 08:44:06.57  372.81   0.569  28.117   32.945   84.2   9.66  14.000   -0.06217    2.24    1.68    3.23
20-07-2024 08:44:06.81  372.88   0.570  28.118   32.945   84.2   9.66  14.000   -0.05921    2.27    1.86    3.26
20-07-2024 08:44:07.06  372.98   0.569  28.117   32.945   84.2   9.66  14.000   -0.05477    1.97    2.41    3.19
20-07-2024 08:44:07.30  373.04   0.569  28.118   32.946   84.1   9.66  14.000   -0.04959    1.97    2.41    3.19
20-07-2024 08:44:07.55  373.12   0.570  28.119   32.947   84.1   9.66  14.000   -0.05921    2.04    2.60    3.16
20-07-2024 08:44:07.80  373.21   0.570  28.119   32.947   84.1   9.66  14.000   -0.05995    2.10    2.17    3.30
20-07-2024 08:44:08.04  373.29   0.569  28.118   32.946   84.2   9.66  14.000   -0.05477    2.28    2.37    2.77
20-07-2024 08:44:08.29  373.36   0.570  28.119   32.946   84.2   9.66  14.000   -0.05773    2.25    2.21    2.97
20-07-2024 08:44:08.54  373.45   0.569  28.118   32.946   84.2   9.66  14.000   -0.06365    2.20    2.36    3.51
20-07-2024 08:44:08.79  373.51   0.569  28.119   32.946   84.2   9.66  14.000   -0.03257    1.96    2.23    2.97
20-07-2024 08:44:09.04  373.59   0.569  28.118   32.945   84.2   9.66  14.000   -0.03405    1.96    2.23    2.97
20-07-2024 08:44:09.28  373.70   0.570  28.118   32.945   84.1   9.66  14.000   -0.05921    2.22    2.60    3.16
20-07-2024 08:44:09.52  373.74   0.570  28.118   32.945   84.1   9.66  14.000   -0.07105    1.83    2.54    3.09
20-07-2024 08:44:09.77  373.82   0.570  28.118   32.946   84.2   9.66  14.000   -0.06513    2.06    2.04    3.31
20-07-2024 08:44:10.01  373.90   0.570  28.119   32.946   84.1   9.66  14.000   -0.05403    1.79    2.26    3.21
20-07-2024 08:44:10.26  374.01   0.569  28.118   32.945   84.2   9.66  14.000   -0.06661    2.25    2.70    3.18
20-07-2024 08:44:10.50  374.06   0.569  28.118   32.945   84.2   9.66  14.000   -0.06661    2.25    2.70    3.18
20-07-2024 08:44:10.75  374.14   0.570  28.119   32.946   84.1   9.66  14.000   -0.05699    2.09    2.24    3.22
20-07-2024 08:44:10.99  374.23   0.569  28.118   32.946   84.1   9.66  14.000   -0.05551    2.28    2.36    2.90
20-07-2024 08:44:11.24  374.33   0.570  28.118   32.945   84.1   9.66  14.000   -0.08216    1.92    2.31    3.29
20-07-2024 08:44:11.48  374.39   0.570  28.120   32.948   84.1   9.66  14.000   -0.04885    2.03    2.63    3.40
20-07-2024 08:44:11.73  374.47   0.570  28.119   32.946   84.1   9.66  14.000   -0.05551    2.16    2.65    2.94
20-07-2024 08:44:11.98  374.53   0.570  28.118   32.945   84.2   9.66  14.000   -0.06217    1.77    2.56    3.13
20-07-2024 08:44:12.22  374.61   0.569  28.120   32.948   84.2   9.66  14.000   -0.06513    1.77    2.56    3.13
20-07-2024 08:44:12.47  374.69   0.570  28.119   32.946   84.2   9.66  14.000   -0.05847    2.07    2.05    3.14
20-07-2024 08:44:12.72  374.77   0.570  28.119   32.945   84.1   9.66  14.000   -0.07550    1.87    2.24    3.05
20-07-2024 08:44:12.96  374.84   0.570  28.120   32.947   84.2   9.66  14.000   -0.06883    1.85    2.46    3.27
20-07-2024 08:44:13.21  374.91   0.570  28.120   32.947   84.2   9.66  14.000   -0.06439    1.83    2.60    3.10
20-07-2024 08:44:13.45  374.98   0.569  28.119   32.946   84.2   9.66  14.000   -0.05255    2.03    2.39    3.33
20-07-2024 08:44:13.70  375.08   0.570  28.119   32.945   84.2   9.66  14.000   -0.05699    2.14    2.06    3.03
20-07-2024 08:44:13.94  375.11   0.570  28.119   32.945   84.2   9.66  14.000   -0.05847    2.14    2.06    3.03
20-07-2024 08:44:14.19  375.22   0.570  28.119   32.945   84.2   9.66  14.000   -0.04515    1.85    2.44    3.12
20-07-2024 08:44:14.43  375.31   0.570  28.121   32.947   84.2   9.66  14.000   -0.03627    1.91    2.38    2.92
20-07-2024 08:44:14.68  375.38   0.570  28.121   32.947   84.2   9.66  14.000   -0.05625    2.29    2.13    2.97
20-07-2024 08:44:14.92  375.46   0.570  28.119   32.945   84.2   9.66  14.000   -0.07402    1.98    2.42    3.16
20-07-2024 08:44:15.17  375.53   0.570  28.120   32.947   84.2   9.66  14.000   -0.06217    2.08    2.47    2.99
20-07-2024 08:44:15.41  375.61   0.571  28.121   32.947   84.2   9.66  14.000   -0.05403    2.41    2.61    3.16
20-07-2024 08:44:15.67  375.70   0.570  28.120   32.946   84.2   9.66  14.000   -0.04959    2.41    2.61    3.16
20-07-2024 08:44:15.91  375.78   0.570  28.120   32.946   84.2   9.66  14.000   -0.05847    2.31    2.16    3.05
20-07-2024 08:44:16.16  375.85   0.571  28.121   32.947   84.2   9.66  14.000   -0.05255    2.02    2.26    3.28
20-07-2024 08:44:16.41  375.90   0.570  28.119   32.945   84.2   9.66  14.000   -0.05625    2.10    2.45    2.88
20-07-2024 08:44:16.65  376.00   0.570  28.120   32.946   84.1   9.66  14.000   -0.05773    2.20    2.69    3.20
20-07-2024 08:44:16.90  376.08   0.570  28.120   32.946   84.2   9.66  14.000   -0.06365    2.41    2.42    2.76
20-07-2024 08:44:17.14  376.16   0.570  28.120   32.946   84.1   9.66  14.000   -0.07179    2.05    2.29    3.07
20-07-2024 08:44:17.39  376.26   0.571  28.120   32.945   84.2   9.66  14.000   -0.06735    2.05    2.29    3.07
20-07-2024 08:44:17.63  376.33   0.570  28.120   32.946   84.2   9.66  14.000   -0.06069    1.82    2.24    3.52
20-07-2024 08:44:17.88  376.38   0.570  28.119   32.944   84.2   9.66  14.000   -0.05255    1.86    2.29    3.30
20-07-2024 08:44:18.12  376.49   0.571  28.120   32.945   84.2   9.66  14.000   -0.06735    2.07    2.83    3.16
20-07-2024 08:44:18.37  376.57   0.571  28.122   32.947   84.2   9.66  14.000   -0.04959    1.95    2.15    3.02
20-07-2024 08:44:18.61  376.62   0.570  28.120   32.946   84.2   9.66  14.000   -0.05551    2.04    2.24    3.05
20-07-2024 08:44:18.86  376.69   0.570  28.122   32.948   84.2   9.66  14.000   -0.05847    2.31    2.23    3.21
20-07-2024 08:44:19.10  376.80   0.570  28.120   32.946   84.2   9.66  14.000   -0.06365    2.31    2.23    3.21
20-07-2024 08:44:19.35  376.85   0.570  28.120   32.946   84.2   9.66  14.000   -0.06143    1.76    2.28    3.09
20-07-2024 08:44:19.60  376.95   0.571  28.121   32.946   84.2   9.66  14.000   -0.04959    2.25    2.46    3.24
20-07-2024 08:44:19.85  377.03   0.570  28.120   32.946   84.2   9.66  14.000   -0.05403    1.97    2.25    3.28
20-07-2024 08:44:20.10  377.07   0.570  28.121   32.947   84.1   9.66  14.000   -0.06661    1.93    2.73    3.09
20-07-2024 08:44:20.34  377.17   0.570  28.122   32.947   84.2   9.66  14.000   -0.05033    2.14    1.72    3.31
20-07-2024 08:44:20.59  377.26   0.571  28.122   32.947   84.2   9.66  14.000   -0.08290    2.20    2.20    3.14
20-07-2024 08:44:20.83  377.32   0.570  28.121   32.947   84.2   9.66  14.000   -0.06291    2.20    2.20    3.14
20-07-2024 08:44:21.08  377.40   0.571  28.122   32.947   84.2   9.66  14.000   -0.06217    1.89    1.97    3.23
20-07-2024 08:44:21.32  377.48   0.571  28.121   32.946   84.2   9.66  14.000   -0.06143    2.10    2.30    3.42
20-07-2024 08:44:21.57  377.54   0.570  28.121   32.946   84.2   9.66  14.000   -0.06365    1.99    2.84    3.20
20-07-2024 08:44:21.81  377.64   0.570  28.121   32.946   84.1   9.66  14.000   -0.06661    2.32    2.47    3.00
20-07-2024 08:44:22.06  377.72   0.570  28.122   32.947   84.2   9.66  14.000   -0.07550    1.90    2.26    3.02
20-07-2024 08:44:22.30  377.78   0.570  28.120   32.945   84.1   9.66  14.000   -0.05181    1.94    2.23    3.30
20-07-2024 08:44:22.54  377.85   0.570  28.121   32.946   84.1   9.66  14.000   -0.05995    1.94    2.23    3.30
20-07-2024 08:44:22.79  377.95   0.571  28.121   32.946   84.2   9.66  14.000   -0.05995    2.16    2.33    3.20
20-07-2024 08:44:23.04  378.03   0.570  28.122   32.947   84.1   9.65  14.000   -0.03627    2.41    2.45    3.31
20-07-2024 08:44:23.29  378.11   0.570  28.121   32.946   84.1   9.66  14.000   -0.06143    2.09    2.46    3.18
20-07-2024 08:44:23.54  378.16   0.570  28.121   32.946   84.2   9.66  14.000   -0.04959    2.20    2.39    3.04
20-07-2024 08:44:23.78  378.24   0.570  28.121   32.946   84.1   9.66  14.000   -0.04663    1.80    2.27    3.09
20-07-2024 08:44:24.03  378.33   0.571  28.121   32.946   84.1   9.65  14.000   -0.07920    1.97    2.28    3.11
20-07-2024 08:44:24.27  378.40   0.571  28.120   32.945   84.1   9.66  14.000   -0.06365    1.97    2.28    3.11
20-07-2024 08:44:24.52  378.50   0.570  28.121   32.946   84.1   9.66  14.000   -0.07105    2.16    2.55    2.94
20-07-2024 08:44:24.76  378.55   0.571  28.122   32.947   84.1   9.65  14.000   -0.05995    2.11    2.59    2.83
20-07-2024 08:44:25.01  378.66   0.570  28.121   32.947   84.1   9.65  14.000   -0.05773    2.08    2.21    3.10
20-07-2024 08:44:25.25  378.71   0.570  28.120   32.945   84.1   9.65  14.000   -0.06069    1.99    2.21    3.19
20-07-2024 08:44:25.50  378.78   0.570  28.122   32.947   84.1   9.65  14.000   -0.06069    2.41    2.44    3.37
20-07-2024 08:44:25.74  378.86   0.570  28.122   32.947   84.1   9.65  14.000   -0.07031    2.30    2.23    3.24
20-07-2024 08:44:25.99  378.94   0.570  28.121   32.946   84.1   9.66  14.000   -0.05625    2.30    2.23    3.24
20-07-2024 08:44:26.23  378.99   0.569  28.122   32.948   84.1   9.65  14.000   -0.05107    2.27    2.55    3.28
20-07-2024 08:44:26.48  379.09   0.570  28.121   32.946   84.1   9.65  14.000   -0.06069    2.05    2.54    3.12
20-07-2024 08:44:26.73  379.16   0.570  28.121   32.945   84.1   9.65  14.000   -0.07031    1.63    1.87    3.08
20-07-2024 08:44:26.97  379.25   0.570  28.121   32.946   84.1   9.65  14.000   -0.05551    2.08    2.35    3.47
20-07-2024 08:44:27.22  379.32   0.570  28.121   32.946   84.1   9.65  14.000   -0.07179    1.75    2.17    3.21
20-07-2024 08:44:27.47  379.40   0.570  28.122   32.946   84.1   9.65  14.000   -0.06365    1.99    2.77    3.17
20-07-2024 08:44:27.71  379.48   0.570  28.122   32.947   84.1   9.65  14.000   -0.05403    1.99    2.77    3.17
20-07-2024 08:44:27.96  379.53   0.570  28.123   32.948   84.1   9.65  14.000   -0.03331    1.98    2.30    2.97
20-07-2024 08:44:28.20  379.60   0.570  28.123   32.948   84.1   9.65  14.000   -0.05181    2.03    2.27    2.89
20-07-2024 08:44:28.45  379.68   0.570  28.122   32.946   84.1   9.65  14.000   -0.07105    1.74    2.55    2.98
20-07-2024 08:44:28.69  379.75   0.570  28.121   32.946   84.1   9.65  14.000   -0.06217    2.08    2.21    3.17
20-07-2024 08:44:28.94  379.82   0.570  28.122   32.946   84.1   9.65  14.000   -0.06217    2.18    2.37    2.68
20-07-2024 08:44:29.18  379.91   0.570  28.122   32.946   84.1   9.65  14.000   -0.06069    2.02    1.94    3.00
20-07-2024 08:44:29.43  379.97   0.570  28.122   32.947   84.1   9.65  14.000   -0.03849    2.02    1.94    3.00
20-07-2024 08:44:29.67  380.07   0.570  28.122   32.946   84.1   9.65  14.000   -0.05921    1.75    2.45    2.95
20-07-2024 08:44:29.92  380.11   0.570  28.122   32.946   84.1   9.65  14.000   -0.04959    2.03    2.32    3.02
20-07-2024 08:44:30.16  380.23   0.570  28.122   32.946   84.1   9.65  14.000   -0.06513    2.10    1.86    3.08
20-07-2024 08:44:30.42  380.30   0.569  28.122   32.947   84.1   9.65  14.000   -0.03627    2.16    2.24    3.02
20-07-2024 08:44:30.66  380.36   0.570  28.122   32.946   84.1   9.65  14.000   -0.06661    2.32    2.25    3.33
20-07-2024 08:44:30.91  380.44   0.570  28.122   32.947   84.1   9.65  14.000   -0.05995    2.22    2.25    3.24
20-07-2024 08:44:31.16  380.55   0.570  28.122   32.946   84.1   9.65  14.000   -0.06069    2.22    2.25    3.24
20-07-2024 08:44:31.40  380.59   0.570  28.121   32.946   84.1   9.65  14.000   -0.05995    1.68    1.96    3.20
20-07-2024 08:44:31.65  380.71   0.569  28.122   32.947   84.1   9.65  14.000   -0.04441    1.98    2.37    2.97
20-07-2024 08:44:31.89  380.77   0.570  28.121   32.945   84.1   9.65  14.000   -0.05847    1.89    1.98    3.44
20-07-2024 08:44:32.14  380.84   0.569  28.122   32.947   84.1   9.65  14.000   -0.03627    1.94    2.81    3.42
20-07-2024 08:44:32.38  380.94   0.570  28.122   32.947   84.1   9.65  14.000   -0.05995    2.08    2.13    2.95
20-07-2024 08:44:32.63  381.00   0.570  28.122   32.947   84.0   9.64  14.000   -0.06735    2.34    2.28    2.89
20-07-2024 08:44:32.87  381.07   0.570  28.122   32.946   84.0   9.65  14.000   -0.07328    2.34    2.28    2.89
20-07-2024 08:44:33.12  381.16   0.570  28.123   32.947   84.1   9.65  14.000   -0.06513    2.10    2.61    3.23
20-07-2024 08:44:33.36  381.24   0.570  28.123   32.948   84.1   9.65  14.000   -0.05773    2.34    2.03    3.25
20-07-2024 08:44:33.61  381.31   0.570  28.123   32.948   84.1   9.65  14.000   -0.05995    2.23    2.24    3.21
20-07-2024 08:44:33.85  381.41   0.569  28.121   32.946   84.0   9.65  14.000   -0.04737    2.05    2.15    3.03
20-07-2024 08:44:34.10  381.46   0.569  28.123   32.948   84.1   9.65  14.000   -0.06365    2.19    2.69    3.06
20-07-2024 08:44:34.35  381.54   0.569  28.122   32.947   84.0   9.64  14.000   -0.06217    2.05    2.18    3.37
20-07-2024 08:44:34.60  381.62   0.570  28.122   32.946   84.0   9.64  14.000   -0.05477    2.05    2.18    3.37
20-07-2024 08:44:34.84  381.70   0.570  28.123   32.946   84.0   9.65  14.000   -0.05255    2.12    2.03    3.02
20-07-2024 08:44:35.09  381.78   0.570  28.122   32.945   84.0   9.64  14.000   -0.04515    2.04    2.03    3.27
20-07-2024 08:44:35.33  381.85   0.570  28.122   32.946   84.0   9.64  14.000   -0.07846    2.15    2.27    3.32
20-07-2024 08:44:35.58  381.93   0.570  28.123   32.947   84.0   9.64  14.000   -0.06217    2.12    2.03    3.11
20-07-2024 08:44:35.82  382.02   0.569  28.122   32.946   84.0   9.65  14.000   -0.05847    2.10    2.78    3.13
20-07-2024 08:44:36.07  382.07   0.570  28.123   32.947   84.0   9.64  14.000   -0.04663    2.22    2.08    3.50
20-07-2024 08:44:36.31  382.16   0.569  28.123   32.947   84.0   9.64  14.000   -0.06069    2.22    2.08    3.50
20-07-2024 08:44:36.56  382.25   0.570  28.123   32.946   84.0   9.65  14.000   -0.04959    2.03    2.18    3.34
20-07-2024 08:44:36.80  382.31   0.570  28.124   32.947   84.0   9.64  14.000   -0.06661    1.92    2.33    3.15
20-07-2024 08:44:37.05  382.39   0.570  28.124   32.948   84.0   9.64  14.000   -0.05995    1.99    1.96    3.24
20-07-2024 08:44:37.29  382.48   0.570  28.124   32.948   84.0   9.64  14.000   -0.05773    1.83    2.68    3.36
20-07-2024 08:44:37.54  382.55   0.570  28.122   32.946   84.0   9.64  14.000   -0.06143    1.89    2.22    2.98
20-07-2024 08:44:37.79  382.63   0.570  28.123   32.947   84.0   9.64  14.000   -0.06661    2.01    2.26    3.37
20-07-2024 08:44:38.03  382.73   0.570  28.123   32.946   84.0   9.64  14.000   -0.06735    2.01    2.26    3.37
20-07-2024 08:44:38.29  382.79   0.570  28.122   32.946   84.0   9.64  14.000   -0.06143    2.25    1.97    2.90
20-07-2024 08:44:38.53  382.91   0.570  28.123   32.946   84.0   9.64  14.000   -0.05773    2.21    2.12    3.17
20-07-2024 08:44:38.78  382.94   0.570  28.123   32.947   84.0   9.64  14.000   -0.06439    2.34    2.36    2.97
20-07-2024 08:44:39.02  383.02   0.570  28.123   32.947   84.0   9.64  14.000   -0.05847    2.34    2.03    3.20
20-07-2024 08:44:39.27  383.13   0.570  28.123   32.946   84.0   9.64  14.000   -0.07253    2.12    1.87    3.18
20-07-2024 08:44:39.51  383.20   0.570  28.123   32.946   84.0   9.64  14.000   -0.06143    1.95    2.13    3.07
20-07-2024 08:44:39.76  383.25   0.569  28.123   32.946   84.0   9.64  14.000   -0.05551    1.95    2.13    3.07
20-07-2024 08:44:40.00  383.33   0.570  28.124   32.947   84.0   9.64  14.000   -0.07328    2.20    2.45    2.63
20-07-2024 08:44:40.25  383.40   0.570  28.123   32.946   84.0   9.64  14.000   -0.05551    1.89    2.17    3.28
20-07-2024 08:44:40.49  383.51   0.570  28.124   32.947   84.0   9.64  14.000   -0.05403    1.95    2.33    3.03
20-07-2024 08:44:40.74  383.57   0.570  28.125   32.948   84.0   9.64  14.000   -0.07105    2.17    2.35    3.46
20-07-2024 08:44:40.98  383.65   0.570  28.123   32.946   84.0   9.64  14.000   -0.06365    1.98    2.12    3.07
20-07-2024 08:44:41.23  383.72   0.570  28.123   32.946   84.0   9.64  14.000   -0.05033    2.12    2.54    3.36
20-07-2024 08:44:41.48  383.79   0.570  28.124   32.947   84.0   9.64  14.000   -0.04663    2.12    2.54    3.36
20-07-2024 08:44:41.72  383.86   0.570  28.124   32.946   84.0   9.64  14.000   -0.06365    2.13    2.28    3.23
20-07-2024 08:44:41.97  383.93   0.570  28.124   32.947   84.0   9.64  14.000   -0.06291    2.07    2.52    3.01
20-07-2024 08:44:42.23  384.01   0.570  28.124   32.947   84.0   9.64  14.000   -0.05847    1.80    2.55    3.01
20-07-2024 08:44:42.46  384.06   0.570  28.124   32.946   84.0   9.64  14.000   -0.05847    2.16    2.22    2.98
20-07-2024 08:44:42.71  384.17   0.571  28.124   32.947   84.0   9.64  14.000   -0.05773    2.08    2.52    2.97
20-07-2024 08:44:42.95  384.23   0.570  28.125   32.947   84.0   9.63  14.000   -0.06661    2.08    1.94    3.27
20-07-2024 08:44:43.20  384.31   0.571  28.124   32.946   84.0   9.64  14.000   -0.07031    2.08    1.94    3.27
20-07-2024 08:44:43.44  384.37   0.571  28.124   32.946   84.0   9.64  14.000   -0.06661    2.09    2.27    3.22
20-07-2024 08:44:43.69  384.44   0.571  28.125   32.947   84.0   9.64  14.000   -0.05921    2.23    2.06    2.88
20-07-2024 08:44:43.93  384.51   0.571  28.124   32.946   84.0   9.64  14.000   -0.05921    1.96    2.14    3.12
20-07-2024 08:44:44.18  384.57   0.571  28.124   32.946   84.0   9.64  14.000   -0.05033    1.90    2.17    2.78
20-07-2024 08:44:44.42  384.66   0.571  28.124   32.946   84.0   9.63  14.000   -0.06291    2.25    2.43    3.12
20-07-2024 08:44:44.67  384.76   0.571  28.125   32.947   83.9   9.63  14.000   -0.06143    1.96    2.35    2.88
20-07-2024 08:44:44.91  384.82   0.571  28.125   32.947   84.0   9.63  14.000   -0.05699    1.96    2.35    2.88
20-07-2024 08:44:45.17  384.89   0.570  28.124   32.946   84.0   9.64  14.000   -0.05033    2.14    2.48    3.07
20-07-2024 08:44:45.41  384.97   0.571  28.124   32.945   83.9   9.63  14.000   -0.05921    2.14    1.88    3.02
20-07-2024 08:44:45.66  385.05   0.571  28.125   32.947   83.9   9.63  14.000   -0.06143    2.03    1.89    2.99
20-07-2024 08:44:45.91  385.13   0.570  28.125   32.948   83.9   9.63  14.000   -0.05551    2.04    2.78    3.30
20-07-2024 08:44:46.15  385.22   0.571  28.125   32.947   84.0   9.63  14.000   -0.05403    1.99    2.32    3.22
20-07-2024 08:44:46.40  385.27   0.571  28.125   32.946   84.0   9.63  14.000   -0.03923    2.34    2.56    2.99
20-07-2024 08:44:46.64  385.37   0.571  28.125   32.946   83.9   9.63  14.000   -0.06069    2.34    2.56    2.99
20-07-2024 08:44:46.89  385.45   0.572  28.126   32.947   84.0   9.63  14.000   -0.06883    2.02    2.07    3.12
20-07-2024 08:44:47.13  385.51   0.572  28.127   32.948   83.9   9.63  14.000   -0.05477    2.11    2.06    3.09
20-07-2024 08:44:47.38  385.57   0.572  28.125   32.945   83.9   9.63  14.000   -0.06587    2.19    2.28    3.06
20-07-2024 08:44:47.62  385.65   0.571  28.126   32.947   83.9   9.63  14.000   -0.05477    2.08    2.42    3.11
20-07-2024 08:44:47.87  385.74   0.571  28.127   32.948   83.9   9.63  14.000   -0.07328    1.77    2.17    3.20
20-07-2024 08:44:48.11  385.79   0.571  28.127   32.948   83.9   9.63  14.000   -0.05625    1.77    2.17    3.20
20-07-2024 08:44:48.36  385.88   0.571  28.127   32.948   83.9   9.63  14.000   -0.07253    2.14    2.47    3.23
20-07-2024 08:44:48.60  385.95   0.572  28.126   32.947   83.9   9.63  14.000   -0.04515    2.30    2.49    2.94
20-07-2024 08:44:48.85  386.05   0.571  28.126   32.947   83.9   9.63  14.000   -0.06143    2.07    2.25    3.13
20-07-2024 08:44:49.10  386.14   0.571  28.126   32.947   83.9   9.63  14.000   -0.05995    1.96    2.51    3.13
20-07-2024 08:44:49.35  386.22   0.571  28.126   32.947   83.9   9.63  14.000   -0.06069    2.33    2.25    3.31
20-07-2024 08:44:49.59  386.27   0.572  28.126   32.946   83.9   9.63  14.000   -0.07031    2.08    2.22    2.92
20-07-2024 08:44:49.84  386.37   0.572  28.126   32.946   83.9   9.63  14.000   -0.04959    2.01    2.19    3.36
20-07-2024 08:44:50.08  386.43   0.571  28.127   32.948   83.9   9.63  14.000   -0.06217    2.01    2.19    3.36
20-07-2024 08:44:50.33  386.49   0.572  28.127   32.948   83.9   9.63  14.000   -0.05625    1.94    2.30    3.43
20-07-2024 08:44:50.57  386.60   0.572  28.126   32.946   83.9   9.63  14.000   -0.06365    2.09    2.14    2.97
20-07-2024 08:44:50.82  386.68   0.572  28.126   32.946   83.9   9.63  14.000   -0.05255    1.85    2.08    3.29
20-07-2024 08:44:51.06  386.75   0.572  28.127   32.947   83.9   9.63  14.000   -0.06809    1.99    2.15    3.28
20-07-2024 08:44:51.31  386.82   0.571  28.126   32.947   83.9   9.63  14.000   -0.06069    1.78    2.07    3.18
20-07-2024 08:44:51.55  386.89   0.571  28.126   32.947   83.9   9.63  14.000   -0.05329    1.78    2.07    3.18
20-07-2024 08:44:51.80  387.00   0.572  28.126   32.946   83.9   9.62  14.000   -0.07031    2.01    2.77    3.24
20-07-2024 08:44:52.04  387.06   0.572  28.126   32.946   83.9   9.63  14.000   -0.03997    1.88    2.17    2.79
20-07-2024 08:44:52.29  387.11   0.572  28.126   32.946   83.9   9.62  14.000   -0.06587    1.95    2.23    3.38
20-07-2024 08:44:52.54  387.19   0.571  28.128   32.949   83.9   9.62  14.000   -0.06365    2.16    2.60    3.18
20-07-2024 08:44:52.79  387.29   0.572  28.127   32.947   83.8   9.62  14.000   -0.06069    1.93    2.51    2.92
20-07-2024 08:44:53.04  387.37   0.572  28.127   32.947   83.9   9.62  14.000   -0.05773    1.99    2.27    3.06
20-07-2024 08:44:53.28  387.45   0.572  28.126   32.946   83.8   9.62  14.000   -0.06291    1.96    2.53    3.43
20-07-2024 08:44:53.52  387.54   0.572  28.128   32.948   83.8   9.62  14.000   -0.07920    1.96    2.53    3.43
20-07-2024 08:44:53.77  387.60   0.572  28.128   32.948   83.8   9.62  14.000   -0.07253    1.85    2.83    3.24
20-07-2024 08:44:54.02  387.68   0.572  28.127   32.946   83.8   9.62  14.000   -0.06661    2.07    2.24    2.88
20-07-2024 08:44:54.26  387.76   0.572  28.128   32.948   83.8   9.62  14.000   -0.06069    2.17    2.30    3.17
20-07-2024 08:44:54.51  387.83   0.572  28.127   32.946   83.8   9.62  14.000   -0.07253    2.09    2.41    3.06
20-07-2024 08:44:54.75  387.91   0.572  28.128   32.948   83.8   9.62  14.000   -0.07328    2.30    2.04    3.13
20-07-2024 08:44:54.99  387.99   0.572  28.129   32.948   83.8   9.62  14.000   -0.05477    2.30    2.04    3.13
20-07-2024 08:44:55.24  388.06   0.572  28.127   32.946   83.8   9.62  14.000   -0.05255    1.87    2.39    3.11
20-07-2024 08:44:55.49  388.14   0.572  28.128   32.947   83.8   9.62  14.000   -0.03035    2.30    2.40    3.21
20-07-2024 08:44:55.73  388.24   0.573  28.128   32.946   83.8   9.62  14.000   -0.06069    2.40    2.35    3.21
20-07-2024 08:44:55.98  388.29   0.573  28.128   32.946   83.8   9.61  14.000   -0.06513    2.08    2.92    3.04
20-07-2024 08:44:56.23  388.37   0.573  28.128   32.947   83.8   9.62  14.000   -0.06069    2.34    2.10    3.02
20-07-2024 08:44:56.47  388.49   0.572  28.127   32.946   83.8   9.62  14.000   -0.08068    2.23    2.28    3.31
20-07-2024 08:44:56.72  388.53   0.572  28.128   32.948   83.8   9.61  14.000   -0.05551    2.23    2.28    3.31
20-07-2024 08:44:56.96  388.63   0.572  28.129   32.949   83.8   9.62  14.000   -0.06365    2.02    2.67    3.42
20-07-2024 08:44:57.21  388.69   0.573  28.128   32.947   83.8   9.62  14.000   -0.04441    1.95    2.43    3.30
20-07-2024 08:44:57.46  388.79   0.573  28.129   32.947   83.8   9.62  14.000   -0.05329    2.05    2.18    3.29
20-07-2024 08:44:57.70  388.83   0.573  28.128   32.946   83.8   9.61  14.000   -0.05403    1.92    2.71    3.47
20-07-2024 08:44:57.95  388.93   0.573  28.130   32.948   83.8   9.61  14.000   -0.06069    1.78    2.08    3.12
20-07-2024 08:44:58.19  388.90   0.573  28.129   32.947   83.8   9.61  14.000   -0.05551    2.25    2.55    3.14
20-07-2024 08:44:58.44  388.86   0.574  28.129   32.947   83.8   9.61  14.000   -0.06365    2.25    2.55    3.14
20-07-2024 08:44:58.68  388.87   0.573  28.129   32.946   83.8   9.61  14.000   -0.06513    2.13    2.37    3.29
20-07-2024 08:44:58.93  388.88   0.573  28.130   32.948   83.8   9.62  14.000   -0.05995    2.05    2.28    3.26
20-07-2024 08:44:59.17  388.91   0.574  28.130   32.947   83.8   9.61  14.000   -0.06217    2.13    2.31    3.21
20-07-2024 08:44:59.42  388.85   0.573  28.129   32.947   83.8   9.61  14.000   -0.05329    1.92    2.97    2.88
20-07-2024 08:44:59.66  388.88   0.573  28.129   32.947   83.7   9.61  14.000   -0.06809    1.88    2.67    3.24
20-07-2024 08:44:59.92  388.87   0.573  28.129   32.948   83.7   9.61  14.000   -0.06217    2.07    2.44    2.97
20-07-2024 08:45:00.16  388.88   0.574  28.129   32.946   83.7   9.61  14.000   -0.05403    2.07    2.44    2.97
20-07-2024 08:45:00.41  388.86   0.573  28.129   32.947   83.8   9.61  14.000   -0.05773    2.18    2.39    3.31
20-07-2024 08:45:00.66  388.87   0.574  28.129   32.947   83.7   9.61  14.000   -0.03997    2.41    2.64    3.06
20-07-2024 08:45:00.90  388.84   0.574  28.129   32.947   83.7   9.61  14.000   -0.06883    2.05    1.76    3.39
20-07-2024 08:45:01.15  388.87   0.573  28.129   32.947   83.7   9.61  14.000   -0.06587    2.16    2.35    3.03
20-07-2024 08:45:01.39  388.86   0.574  28.130   32.948   83.7   9.61  14.000   -0.06439    2.12    2.01    3.14
20-07-2024 08:45:01.64  388.86   0.574  28.129   32.947   83.7   9.60  14.000   -0.05625    2.19    2.69    3.16
20-07-2024 08:45:01.88  388.83   0.574  28.129   32.947   83.7   9.60  14.000   -0.05625    2.19    2.69    3.16
20-07-2024 08:45:02.13  388.85   0.574  28.129   32.947   83.7   9.60  14.000   -0.06069    1.79    2.32    3.40
20-07-2024 08:45:02.37  388.84   0.573  28.129   32.948   83.6   9.60  14.000   -0.07402    2.21    2.73    3.36
20-07-2024 08:45:02.62  388.84   0.573  28.129   32.948   83.6   9.60  14.000   -0.05625    2.05    2.00    3.37
20-07-2024 08:45:02.86  388.85   0.573  28.130   32.948   83.6   9.59  14.000   -0.04663    2.45    2.88    3.16
20-07-2024 08:45:03.11  388.83   0.573  28.128   32.947   83.6   9.59  14.000   -0.06513    1.98    2.17    3.24
20-07-2024 08:45:03.35  388.84   0.573  28.130   32.948   83.6   9.59  14.000   -0.07476    2.00    2.07    2.93
20-07-2024 08:45:03.61  388.82   0.574  28.129   32.946   83.5   9.59  14.000   -0.06291    2.00    2.07    2.93
20-07-2024 08:45:03.85  388.82   0.574  28.129   32.947   83.5   9.58  14.000   -0.05921    1.99    1.82    3.07
20-07-2024 08:45:04.11  388.80   0.573  28.129   32.947   83.5   9.58  14.000   -0.02072    1.97    2.28    3.39
20-07-2024 08:45:04.35  388.81   0.573  28.129   32.947   83.4   9.58  14.000   -0.06439    2.19    2.12    2.99
20-07-2024 08:45:04.59  388.79   0.573  28.129   32.947   83.4   9.57  14.000   -0.05847    1.96    2.29    3.19
20-07-2024 08:45:04.84  388.81   0.573  28.130   32.949   83.4   9.57  14.000   -0.06143    2.42    2.16    3.39
20-07-2024 08:45:05.08  388.80   0.573  28.130   32.949   83.4   9.57  14.000   -0.05699    2.19    2.22    3.14
20-07-2024 08:45:05.33  388.79   0.573  28.130   32.948   83.3   9.56  14.000   -0.04737    2.19    2.22    3.14
20-07-2024 08:45:05.57  388.79   0.573  28.129   32.948   83.3   9.56  14.000   -0.05477    2.30    2.30    2.71
20-07-2024 08:45:05.82  388.77   0.573  28.128   32.946   83.3   9.56  14.000   -0.05551    2.16    2.76    2.96
20-07-2024 08:45:06.06  388.78   0.573  28.129   32.947   83.3   9.55  14.000   -0.06217    2.06    1.82    3.35
20-07-2024 08:45:06.31  388.80   0.573  28.129   32.947   83.2   9.55  14.000   -0.04071    2.05    2.15    2.89
20-07-2024 08:45:06.55  388.79   0.573  28.129   32.948   83.2   9.55  14.000   -0.05477    1.91    1.91    3.24
20-07-2024 08:45:06.80  388.76   0.573  28.129   32.948   83.2   9.54  14.000   -0.05625    2.10    2.56    3.16
20-07-2024 08:45:07.04  388.79   0.573  28.129   32.948   83.1   9.54  14.000   -0.05921    2.10    2.56    3.16
20-07-2024 08:45:07.29  388.79   0.572  28.130   32.949   83.1   9.54  14.000   -0.06883    2.07    1.90    3.21
20-07-2024 08:45:07.54  388.79   0.573  28.129   32.948   83.1   9.53  14.000   -0.05921    1.67    2.42    3.24
20-07-2024 08:45:07.79  388.74   0.573  28.130   32.949   83.1   9.53  14.000   -0.06883    1.85    2.10    3.20
20-07-2024 08:45:08.03  388.76   0.573  28.129   32.947   83.0   9.53  14.000   -0.07105    2.30    2.09    3.26
20-07-2024 08:45:08.28  388.74   0.573  28.129   32.948   83.0   9.53  14.000   -0.06513    1.93    2.78    2.92
20-07-2024 08:45:08.52  388.76   0.573  28.129   32.948   83.0   9.52  14.000   -0.06513    2.14    2.39    2.93
20-07-2024 08:45:08.77  388.77   0.573  28.129   32.948   82.9   9.52  14.000   -0.06291    2.14    2.39    2.93
20-07-2024 08:45:09.01  388.75   0.573  28.130   32.948   82.9   9.51  14.000   -0.06513    1.84    2.80    3.54
20-07-2024 08:45:09.26  388.75   0.573  28.129   32.948   82.9   9.51  14.000   -0.06735    2.04    2.34    2.97
20-07-2024 08:45:09.50  388.74   0.573  28.129   32.947   82.9   9.51  14.000   -0.07476    2.17    2.73    3.12
20-07-2024 08:45:09.75  388.75   0.573  28.129   32.948   82.8   9.51  14.000   -0.03479    2.19    2.61    2.98
20-07-2024 08:45:09.99  388.75   0.573  28.129   32.948   82.8   9.50  14.000   -0.05329    2.13    1.82    3.03
20-07-2024 08:45:10.24  388.73   0.572  28.129   32.949   82.8   9.50  14.000   -0.07031    1.98    2.46    3.08
20-07-2024 08:45:10.48  388.73   0.573  28.130   32.949   82.8   9.50  14.000   -0.06809    1.98    2.46    3.08
20-07-2024 08:45:10.73  388.74   0.573  28.130   32.949   82.8   9.50  14.000   -0.06957    2.18    1.78    3.00
20-07-2024 08:45:10.98  388.71   0.573  28.129   32.947   82.7   9.49  14.000   -0.07105    1.97    2.10    3.10
20-07-2024 08:45:11.22  388.72   0.573  28.129   32.947   82.7   9.49  14.000   -0.06513    2.25    2.35    3.18
20-07-2024 08:45:11.48  388.72   0.573  28.130   32.948   82.7   9.49  14.000   -0.07179    1.73    2.62    3.13
20-07-2024 08:45:11.72  388.72   0.573  28.129   32.948   82.7   9.49  14.000   -0.06439    2.19    2.24    3.35
20-07-2024 08:45:11.97  388.71   0.573  28.129   32.948   82.6   9.48  14.000   -0.06365    1.67    2.16    3.16
20-07-2024 08:45:12.21  388.70   0.573  28.130   32.948   82.6   9.48  14.000   -0.08512    1.67    2.16    3.16
20-07-2024 08:45:12.46  388.68   0.574  28.129   32.947   82.6   9.48  14.000   -0.07031    2.18    1.85    3.16
20-07-2024 08:45:12.70  388.69   0.573  28.129   32.947   82.6   9.48  14.000   -0.06365    2.11    2.20    3.40
20-07-2024 08:45:12.95  388.69   0.573  28.129   32.948   82.6   9.47  14.000   -0.06513    1.95    2.42    3.18
20-07-2024 08:45:13.19  388.69   0.573  28.129   32.947   82.5   9.47  14.000   -0.03997    1.80    2.59    3.26
20-07-2024 08:45:13.44  388.70   0.573  28.129   32.947   82.5   9.47  14.000   -0.07179    2.15    2.20    2.81
20-07-2024 08:45:13.68  388.68   0.573  28.130   32.948   82.5   9.47  14.000   -0.04885    2.26    2.67    3.23
20-07-2024 08:45:13.93  388.67   0.573  28.130   32.948   82.5   9.47  14.000   -0.07105    2.26    2.67    3.23
20-07-2024 08:45:14.17  388.68   0.573  28.130   32.949   82.5   9.47  14.000   -0.06587    1.95    2.15    3.18
20-07-2024 08:45:14.42  388.66   0.574  28.129   32.947   82.5   9.47  14.000   -0.06735    2.03    2.68    3.09
20-07-2024 08:45:14.67  388.68   0.573  28.129   32.947   82.5   9.47  14.000   -0.07253    2.07    2.47    3.18
20-07-2024 08:45:14.91  388.69   0.573  28.129   32.948   82.5   9.46  14.000   -0.05847    1.85    2.08    3.14
20-07-2024 08:45:15.17  388.67   0.573  28.129   32.947   82.5   9.46  14.000   -0.06735    2.10    2.39    2.88
20-07-2024 08:45:15.41  388.68   0.573  28.129   32.947   82.4   9.46  14.000   -0.06513    2.19    2.48    2.97
20-07-2024 08:45:15.65  388.66   0.574  28.129   32.947   82.4   9.46  14.000   -0.05255    2.19    2.48    2.97
20-07-2024 08:45:15.90  388.65   0.573  28.129   32.948   82.4   9.45  14.000   -0.06217    1.76    1.78    3.27
20-07-2024 08:45:16.14  388.64   0.573  28.129   32.948   82.4   9.45  14.000   -0.06513    1.91    2.30    2.93
20-07-2024 08:45:16.39  388.65   0.574  28.129   32.947   82.4   9.45  14.000   -0.05403    2.06    2.56    3.23
20-07-2024 08:45:16.63  388.65   0.573  28.129   32.948   82.3   9.45  14.000   -0.06661    1.96    1.62    3.39
20-07-2024 08:45:16.88  388.65   0.574  28.130   32.948   82.3   9.45  14.000   -0.06291    2.07    2.77    3.00
20-07-2024 08:45:17.12  388.63   0.573  28.129   32.947   82.3   9.45  14.000   -0.05033    2.10    1.94    3.29
20-07-2024 08:45:17.37  388.61   0.573  28.130   32.949   82.3   9.44  14.000   -0.06365    2.10    1.94    3.29
20-07-2024 08:45:17.61  388.61   0.573  28.130   32.948   82.3   9.44  14.000   -0.06143    2.23    2.37    3.20
20-07-2024 08:45:17.86  388.63   0.573  28.130   32.948   82.3   9.44  14.000   -0.05477    2.00    2.74    3.19
20-07-2024 08:45:18.10  388.65   0.574  28.130   32.948   82.2   9.44  14.000   -0.06069    2.13    2.10    3.32
20-07-2024 08:45:18.36  388.61   0.574  28.130   32.948   82.2   9.44  14.000   -0.06217    1.97    2.30    3.28
20-07-2024 08:45:18.60  388.62   0.574  28.130   32.948   82.2   9.44  14.000   -0.06661    2.36    2.82    3.02
20-07-2024 08:45:18.85  388.65   0.574  28.130   32.948   82.2   9.43  14.000   -0.06587    2.10    2.55    3.20
20-07-2024 08:45:19.09  388.62   0.574  28.130   32.948   82.2   9.43  14.000   -0.04811    2.10    2.55    3.20
20-07-2024 08:45:19.34  388.59   0.573  28.129   32.948   82.2   9.43  14.000   -0.07179    1.90    2.38    3.21
20-07-2024 08:45:19.59  388.60   0.573  28.129   32.948   82.2   9.43  14.000   -0.06069    2.18    2.24    3.19
20-07-2024 08:45:19.83  388.57   0.573  28.128   32.947   82.2   9.43  14.000   -0.06439    1.68    2.33    3.10
20-07-2024 08:45:20.08  388.54   0.573  28.129   32.947   82.1   9.43  14.000   -0.06365    2.26    2.19    3.39
20-07-2024 08:45:20.32  388.48   0.573  28.129   32.948   82.1   9.43  14.000   -0.05033    2.03    2.61    3.41
20-07-2024 08:45:20.57  388.47   0.573  28.130   32.948   82.1   9.42  14.000   -0.06809    2.18    2.04    3.03
20-07-2024 08:45:20.81  388.42   0.574  28.129   32.947   82.1   9.42  14.000   -0.05033    2.18    2.04    3.03
20-07-2024 08:45:21.06  388.37   0.573  28.129   32.947   82.1   9.42  14.000   -0.07105    1.84    1.70    3.03
20-07-2024 08:45:21.30  388.30   0.573  28.129   32.947   82.1   9.42  14.000   -0.05995    2.17    2.33    3.12
20-07-2024 08:45:21.55  388.23   0.574  28.130   32.949   82.1   9.42  14.000   -0.06069    2.31    2.09    3.61
20-07-2024 08:45:21.79  388.18   0.573  28.129   32.948   82.1   9.42  14.000   -0.05255    2.24    2.28    3.11
20-07-2024 08:45:22.04  388.03   0.573  28.129   32.948   82.0   9.41  14.000   -0.07179    2.12    2.53    3.21
20-07-2024 08:45:22.29  387.96   0.573  28.129   32.948   82.0   9.41  14.000   -0.06587    2.24    2.34    2.86
20-07-2024 08:45:22.54  387.88   0.573  28.129   32.947   82.0   9.41  14.000   -0.05699    2.24    2.34    2.86
20-07-2024 08:45:22.78  387.77   0.574  28.128   32.946   82.0   9.41  14.000   -0.05625    2.39    2.56    3.00
20-07-2024 08:45:23.03  387.56   0.573  28.128   32.947   82.0   9.41  14.000   -0.05329    1.74    2.58    3.04
20-07-2024 08:45:23.27  387.34   0.574  28.128   32.946   82.0   9.41  14.000   -0.05403    1.96    2.38    3.47
20-07-2024 08:45:23.52  387.10   0.574  28.128   32.947   82.0   9.41  14.000   -0.06439    2.26    2.23    3.33
20-07-2024 08:45:23.76  386.87   0.573  28.128   32.948   82.0   9.41  14.000   -0.06143    1.96    2.61    2.94
20-07-2024 08:45:24.01  386.62   0.572  28.128   32.949   82.0   9.41  14.000   -0.04811    1.94    2.28    3.41
20-07-2024 08:45:24.25  386.36   0.572  28.128   32.948   82.0   9.41  14.000   -0.05033    1.94    2.28    3.41
20-07-2024 08:45:24.50  386.12   0.572  28.126   32.946   82.0   9.41  14.000   -0.05551    2.14    2.78    2.93
20-07-2024 08:45:24.74  385.85   0.572  28.127   32.948   82.0   9.41  14.000   -0.06587    2.43    2.36    3.33
20-07-2024 08:45:24.99  385.62   0.572  28.126   32.947   82.0   9.41  14.000   -0.07179    2.22    2.51    3.12
20-07-2024 08:45:25.23  385.34   0.572  28.127   32.948   82.0   9.41  14.000   -0.05847    2.35    2.45    3.37
20-07-2024 08:45:25.48  385.08   0.571  28.126   32.947   82.0   9.41  14.000   -0.05995    2.16    2.12    3.21
20-07-2024 08:45:25.73  384.82   0.571  28.126   32.947   82.0   9.41  14.000   -0.04811    2.25    2.26    2.98
20-07-2024 08:45:25.97  384.59   0.571  28.126   32.947   82.0   9.41  14.000   -0.06957    2.25    2.26    2.98
20-07-2024 08:45:26.23  384.31   0.571  28.125   32.948   82.0   9.41  14.000   -0.03775    2.10    2.66    2.99
20-07-2024 08:45:26.47  384.04   0.571  28.125   32.946   82.1   9.42  14.000   -0.06069    2.30    2.20    3.05
20-07-2024 08:45:26.71  383.80   0.571  28.125   32.947   82.0   9.41  14.000   -0.05181    2.20    2.51    3.15
20-07-2024 08:45:26.96  383.56   0.571  28.124   32.946   82.1   9.42  14.000   -0.05773    1.96    2.39    3.20
20-07-2024 08:45:27.20  383.29   0.571  28.125   32.947   82.1   9.42  14.000   -0.07031    2.30    2.42    3.31
20-07-2024 08:45:27.45  383.04   0.571  28.124   32.947   82.1   9.42  14.000   -0.03997    1.94    1.97    3.14
20-07-2024 08:45:27.69  382.77   0.571  28.124   32.947   82.1   9.42  14.000   -0.07105    1.94    1.97    3.14
20-07-2024 08:45:27.94  382.53   0.571  28.125   32.948   82.1   9.42  14.000   -0.07031    2.05    2.18    3.25
20-07-2024 08:45:28.18  382.27   0.570  28.123   32.947   82.1   9.42  14.000   -0.05847    2.07    2.46    3.19
20-07-2024 08:45:28.43  382.02   0.570  28.123   32.946   82.1   9.43  14.000   -0.07105    2.11    2.08    3.10
20-07-2024 08:45:28.67  381.76   0.570  28.123   32.947   82.2   9.43  14.000   -0.05403    1.93    2.27    3.21
20-07-2024 08:45:28.92  381.51   0.570  28.123   32.946   82.2   9.43  14.000   -0.05403    2.23    1.95    3.10
20-07-2024 08:45:29.16  381.25   0.570  28.123   32.947   82.2   9.43  14.000   -0.05477    2.23    1.95    3.10
20-07-2024 08:45:29.42  380.94   0.570  28.122   32.946   82.2   9.43  14.000   -0.06365    2.10    2.43    2.94
20-07-2024 08:45:29.66  380.67   0.570  28.123   32.947   82.2   9.43  14.000   -0.07253    2.44    2.49    3.00
20-07-2024 08:45:29.91  380.40   0.570  28.123   32.947   82.2   9.44  14.000   -0.06069    2.10    2.48    3.46
20-07-2024 08:45:30.16  380.16   0.570  28.123   32.947   82.2   9.44  14.000   -0.07476    2.05    2.95    3.07
20-07-2024 08:45:30.40  379.91   0.571  28.122   32.946   82.2   9.44  14.000   -0.05773    2.19    2.31    3.18
20-07-2024 08:45:30.65  379.68   0.570  28.122   32.947   82.3   9.44  14.000   -0.05477    2.19    2.38    3.22
20-07-2024 08:45:30.89  379.40   0.570  28.122   32.946   82.3   9.44  14.000   -0.05477    1.83    2.20    3.24
20-07-2024 08:45:31.14  379.15   0.570  28.122   32.947   82.3   9.44  14.000   -0.07846    1.83    2.20    3.24
20-07-2024 08:45:31.38  378.88   0.570  28.122   32.946   82.3   9.44  14.000   -0.07698    2.24    2.40    3.18
20-07-2024 08:45:31.63  378.62   0.570  28.121   32.946   82.3   9.44  14.000   -0.06957    2.33    2.05    3.19
20-07-2024 08:45:31.87  378.37   0.570  28.121   32.946   82.3   9.45  14.000   -0.05995    2.16    2.47    3.16
20-07-2024 08:45:32.12  378.09   0.570  28.121   32.946   82.3   9.45  14.000   -0.07550    2.22    2.46    3.26
20-07-2024 08:45:32.36  377.84   0.570  28.122   32.947   82.3   9.45  14.000   -0.05773    2.04    2.41    3.09
20-07-2024 08:45:32.61  377.55   0.570  28.121   32.946   82.3   9.45  14.000   -0.05995    2.04    2.41    3.09
20-07-2024 08:45:32.85  377.33   0.570  28.120   32.945   82.4   9.45  14.000   -0.06069    2.12    2.34    3.16
20-07-2024 08:45:33.11  377.04   0.570  28.120   32.945   82.3   9.45  14.000   -0.06809    2.11    2.29    3.28
20-07-2024 08:45:33.35  376.77   0.570  28.121   32.946   82.4   9.45  14.000   -0.06809    2.20    2.24    3.09
20-07-2024 08:45:33.60  376.51   0.571  28.121   32.946   82.4   9.45  14.000   -0.06217    2.15    2.12    3.18
20-07-2024 08:45:33.84  376.26   0.571  28.121   32.947   82.4   9.45  14.000   -0.06735    2.16    2.29    3.20
20-07-2024 08:45:34.09  375.96   0.571  28.121   32.947   82.4   9.46  14.000   -0.06217    2.32    2.12    2.86
20-07-2024 08:45:34.34  375.70   0.570  28.120   32.946   82.4   9.46  14.000   -0.07550    2.17    2.17    3.29
20-07-2024 08:45:34.58  375.45   0.570  28.120   32.946   82.4   9.46  14.000   -0.06661    2.17    2.17    3.29
20-07-2024 08:45:34.83  375.18   0.570  28.120   32.947   82.4   9.46  14.000   -0.06217    2.04    2.53    3.11
20-07-2024 08:45:35.07  374.91   0.570  28.119   32.945   82.5   9.46  14.000   -0.07179    2.18    2.55    3.11
20-07-2024 08:45:35.32  374.65   0.570  28.120   32.947   82.5   9.46  14.000   -0.07105    2.04    1.98    3.20
20-07-2024 08:45:35.56  374.38   0.571  28.119   32.945   82.5   9.47  14.000   -0.06587    2.28    1.87    2.91
20-07-2024 08:45:35.81  374.13   0.571  28.119   32.946   82.5   9.47  14.000   -0.05699    2.04    2.25    3.41
20-07-2024 08:45:36.05  373.86   0.570  28.120   32.947   82.5   9.47  14.000   -0.06143    2.04    2.25    3.41
20-07-2024 08:45:36.30  373.58   0.570  28.119   32.946   82.5   9.47  14.000   -0.05625    2.10    2.00    3.01
20-07-2024 08:45:36.54  373.36   0.570  28.119   32.946   82.5   9.47  14.000   -0.06439    2.13    2.42    3.35
20-07-2024 08:45:36.79  373.05   0.570  28.118   32.946   82.5   9.47  14.000   -0.05033    2.19    2.01    3.04
20-07-2024 08:45:37.04  372.86   0.570  28.119   32.946   82.6   9.47  14.000   -0.05995    2.27    2.49    3.26
20-07-2024 08:45:37.29  372.51   0.570  28.119   32.947   82.6   9.47  14.000   -0.06143    1.88    2.08    3.20
20-07-2024 08:45:37.53  372.26   0.570  28.118   32.946   82.6   9.48  14.000   -0.05995    2.30    2.35    3.03
20-07-2024 08:45:37.78  372.01   0.570  28.119   32.946   82.6   9.48  14.000   -0.06661    2.30    2.35    3.03
20-07-2024 08:45:38.02  371.74   0.570  28.118   32.946   82.6   9.48  14.000   -0.05773    2.09    2.25    3.30
20-07-2024 08:45:38.27  371.47   0.570  28.117   32.946   82.6   9.48  14.000   -0.05921    2.07    2.37    3.58
20-07-2024 08:45:38.51  371.22   0.570  28.117   32.945   82.6   9.48  14.000   -0.07179    2.49    2.46    3.00
20-07-2024 08:45:38.76  370.95   0.570  28.117   32.946   82.6   9.48  14.000   -0.06735    2.15    2.60    3.00
20-07-2024 08:45:39.00  370.72   0.569  28.117   32.946   82.7   9.49  14.000   -0.05625    2.11    2.45    3.35
20-07-2024 08:45:39.25  370.41   0.569  28.117   32.946   82.7   9.49  14.000   -0.06735    1.94    2.33    2.95
20-07-2024 08:45:39.49  370.14   0.569  28.117   32.947   82.7   9.49  14.000   -0.05403    1.94    2.33    2.95
20-07-2024 08:45:39.74  369.90   0.569  28.115   32.944   82.7   9.49  14.000   -0.06809    1.83    2.21    3.18
20-07-2024 08:45:39.98  369.63   0.569  28.115   32.945   82.7   9.49  14.000   -0.06587    2.05    2.37    3.19
20-07-2024 08:45:40.23  369.36   0.569  28.116   32.946   82.7   9.49  14.000   -0.06809    2.04    2.38    3.25
20-07-2024 08:45:40.48  369.07   0.569  28.116   32.946   82.8   9.50  14.000   -0.06587    2.05    2.25    3.17
20-07-2024 08:45:40.72  368.82   0.569  28.116   32.946   82.8   9.50  14.000   -0.06069    2.16    2.27    2.98
20-07-2024 08:45:40.97  368.53   0.569  28.115   32.945   82.8   9.50  14.000   -0.06735    2.23    1.53    3.10
20-07-2024 08:45:41.22  368.25   0.568  28.115   32.946   82.8   9.50  14.000   -0.06587    2.23    1.53    3.10
20-07-2024 08:45:41.47  367.97   0.569  28.115   32.945   82.8   9.50  14.000   -0.06291    2.31    2.47    3.13
20-07-2024 08:45:41.71  367.70   0.568  28.114   32.945   82.8   9.51  14.000   -0.04959    1.91    2.29    3.01
20-07-2024 08:45:41.96  367.45   0.569  28.114   32.945   82.8   9.51  14.000   -0.06587    2.02    2.22    3.12
20-07-2024 08:45:42.20  367.21   0.568  28.114   32.945   82.9   9.51  14.000   -0.06291    2.06    2.81    3.11
20-07-2024 08:45:42.45  366.91   0.568  28.114   32.945   82.9   9.51  14.000   -0.07105    1.75    2.18    2.99
20-07-2024 08:45:42.69  366.65   0.567  28.113   32.946   82.9   9.51  14.000   -0.06439    2.01    2.75    3.14
20-07-2024 08:45:42.94  366.35   0.568  28.114   32.946   82.9   9.51  14.000   -0.06513    2.01    2.75    3.14
20-07-2024 08:45:43.18  366.09   0.568  28.113   32.945   82.9   9.51  14.000   -0.07253    2.10    2.73    2.85
20-07-2024 08:45:43.43  365.84   0.568  28.113   32.945   82.9   9.52  14.000   -0.04515    1.89    2.13    2.84
20-07-2024 08:45:43.67  365.57   0.567  28.112   32.945   82.9   9.52  14.000   -0.06809    2.10    2.38    3.42
20-07-2024 08:45:43.92  365.32   0.567  28.113   32.946   82.9   9.52  14.000   -0.06587    2.10    2.26    3.10
20-07-2024 08:45:44.17  365.04   0.568  28.113   32.945   82.9   9.52  14.000   -0.06587    2.13    2.44    3.22
20-07-2024 08:45:44.41  364.81   0.568  28.113   32.945   83.0   9.52  14.000   -0.06291    2.02    3.10    3.38
20-07-2024 08:45:44.66  364.54   0.567  28.112   32.945   83.0   9.52  14.000   -0.05699    2.02    3.10    3.38
20-07-2024 08:45:44.91  364.27   0.568  28.112   32.945   83.0   9.52  14.000   -0.05107    1.90    2.78    3.35
20-07-2024 08:45:45.15  364.01   0.568  28.112   32.945   83.0   9.52  14.000   -0.06069    2.19    2.32    3.17
20-07-2024 08:45:45.40  363.76   0.568  28.111   32.944   83.0   9.53  14.000   -0.05921    2.11    2.55    3.39
20-07-2024 08:45:45.64  363.49   0.568  28.113   32.946   83.0   9.53  14.000   -0.06735    1.90    2.74    3.45
20-07-2024 08:45:45.89  363.24   0.568  28.111   32.945   83.0   9.53  14.000   -0.07476    1.60    2.45    3.16
20-07-2024 08:45:46.13  362.99   0.568  28.112   32.945   83.0   9.53  14.000   -0.06365    2.08    2.42    3.51
20-07-2024 08:45:46.38  362.71   0.567  28.111   32.945   83.0   9.53  14.000   -0.06735    2.08    2.42    3.51
20-07-2024 08:45:46.62  362.44   0.568  28.111   32.945   83.1   9.53  14.000   -0.05995    1.81    2.24    3.44
20-07-2024 08:45:46.87  362.20   0.568  28.111   32.945   83.1   9.53  14.000   -0.06291    2.15    2.25    2.89
20-07-2024 08:45:47.11  361.93   0.567  28.111   32.946   83.1   9.53  14.000   -0.05847    2.11    1.74    3.13
20-07-2024 08:45:47.36  361.67   0.567  28.110   32.945   83.1   9.54  14.000   -0.04441    2.15    2.04    3.45
20-07-2024 08:45:47.60  361.43   0.568  28.111   32.945   83.1   9.54  14.000   -0.04663    2.07    2.05    3.23
20-07-2024 08:45:47.85  361.16   0.567  28.110   32.945   83.1   9.54  14.000   -0.05995    1.62    2.04    3.02
20-07-2024 08:45:48.11  360.89   0.567  28.110   32.944   83.1   9.54  14.000   -0.05255    1.62    2.04    3.02
20-07-2024 08:45:48.35  360.61   0.567  28.111   32.946   83.1   9.54  14.000   -0.07920    2.06    2.13    3.16
20-07-2024 08:45:48.60  360.37   0.567  28.110   32.945   83.1   9.54  14.000   -0.05847    2.01    2.33    3.14
20-07-2024 08:45:48.84  360.10   0.567  28.109   32.945   83.1   9.54  14.000   -0.05773    1.76    2.10    3.19
20-07-2024 08:45:49.09  359.84   0.567  28.109   32.944   83.1   9.54  14.000   -0.06735    1.99    2.06    3.14
20-07-2024 08:45:49.33  359.58   0.567  28.110   32.945   83.1   9.54  14.000   -0.05477    2.02    2.25    3.13
20-07-2024 08:45:49.58  359.35   0.567  28.110   32.946   83.1   9.54  14.000   -0.06291    2.41    1.89    3.12
20-07-2024 08:45:49.82  359.05   0.567  28.109   32.945   83.1   9.54  14.000   -0.06217    2.41    1.89    3.12
20-07-2024 08:45:50.07  358.81   0.567  28.109   32.945   83.1   9.54  14.000   -0.06513    2.28    2.43    2.86
20-07-2024 08:45:50.31  358.56   0.567  28.108   32.944   83.2   9.55  14.000   -0.05477    1.66    2.00    3.11
20-07-2024 08:45:50.56  358.31   0.567  28.109   32.945   83.2   9.55  14.000   -0.06365    1.74    2.55    3.17
20-07-2024 08:45:50.80  358.02   0.567  28.109   32.945   83.2   9.55  14.000   -0.05255    2.10    2.40    3.29
20-07-2024 08:45:51.05  357.77   0.567  28.110   32.946   83.2   9.55  14.000   -0.06809    1.73    2.21    3.15
20-07-2024 08:45:51.29  357.51   0.568  28.108   32.944   83.2   9.55  14.000   -0.06883    1.96    2.25    2.95
20-07-2024 08:45:51.56  357.25   0.567  28.108   32.945   83.2   9.55  14.000   -0.07920    2.18    2.05    3.22
20-07-2024 08:45:51.79  356.95   0.567  28.108   32.945   83.2   9.55  14.000   -0.06735    2.18    2.05    3.22
20-07-2024 08:45:52.04  356.71   0.567  28.108   32.945   83.2   9.55  14.000   -0.06957    2.34    1.78    2.91
20-07-2024 08:45:52.28  356.45   0.567  28.108   32.945   83.2   9.55  14.000   -0.05995    2.05    2.19    3.05
20-07-2024 08:45:52.53  356.16   0.567  28.109   32.945   83.2   9.55  14.000   -0.05995    2.09    2.01    3.22
20-07-2024 08:45:52.78  355.88   0.567  28.108   32.945   83.2   9.55  14.000   -0.04367    2.12    2.12    3.34
20-07-2024 08:45:53.02  355.64   0.567  28.108   32.946   83.2   9.55  14.000   -0.06661    2.02    2.54    3.31
20-07-2024 08:45:53.26  355.36   0.568  28.108   32.945   83.2   9.55  14.000   -0.05773    2.02    2.54    3.31
20-07-2024 08:45:53.51  355.12   0.567  28.106   32.944   83.2   9.55  14.000   -0.06217    2.22    1.96    3.15
20-07-2024 08:45:53.76  354.82   0.568  28.107   32.944   83.2   9.55  14.000   -0.07846    2.33    1.92    3.54
20-07-2024 08:45:54.00  354.58   0.567  28.106   32.944   83.2   9.55  14.000   -0.06883    2.02    2.19    3.11
20-07-2024 08:45:54.25  354.31   0.567  28.107   32.945   83.2   9.55  14.000   -0.05403    1.95    2.13    3.22
20-07-2024 08:45:54.49  354.03   0.567  28.107   32.944   83.2   9.55  14.000   -0.06143    2.25    2.49    3.06
20-07-2024 08:45:54.74  353.75   0.567  28.106   32.944   83.3   9.55  14.000   -0.06365    1.97    1.99    3.32
20-07-2024 08:45:54.98  353.51   0.567  28.107   32.945   83.3   9.56  14.000   -0.07772    1.97    1.99    3.32
20-07-2024 08:45:55.23  353.22   0.567  28.106   32.944   83.3   9.56  14.000   -0.05181    2.03    2.86    3.37
20-07-2024 08:45:55.47  352.98   0.567  28.105   32.944   83.3   9.56  14.000   -0.04811    2.03    2.34    3.57
20-07-2024 08:45:55.72  352.67   0.567  28.106   32.944   83.3   9.56  14.000   -0.05107    1.88    2.01    3.11
20-07-2024 08:45:55.97  352.43   0.566  28.106   32.945   83.3   9.56  14.000   -0.05477    2.29    2.03    3.05
20-07-2024 08:45:56.22  352.13   0.567  28.105   32.944   83.3   9.56  14.000   -0.06661    2.32    2.45    3.13
20-07-2024 08:45:56.46  351.82   0.567  28.106   32.945   83.3   9.56  14.000   -0.06661    2.29    1.75    3.19
20-07-2024 08:45:56.71  351.58   0.567  28.105   32.944   83.3   9.56  14.000   -0.06439    2.29    1.75    3.19
20-07-2024 08:45:56.95  351.34   0.567  28.105   32.944   83.3   9.56  14.000   -0.06957    2.17    2.09    3.15
20-07-2024 08:45:57.20  351.07   0.567  28.105   32.944   83.3   9.56  14.000   -0.05773    2.03    2.69    3.12
20-07-2024 08:45:57.44  350.82   0.567  28.106   32.945   83.3   9.56  14.000   -0.04959    1.83    2.34    3.39
20-07-2024 08:45:57.69  350.55   0.567  28.106   32.946   83.3   9.56  14.000   -0.05329    2.19    2.22    3.30
20-07-2024 08:45:57.93  350.29   0.567  28.105   32.945   83.3   9.56  14.000   -0.06291    2.19    2.28    3.16
20-07-2024 08:45:58.18  350.00   0.566  28.105   32.945   83.3   9.56  14.000   -0.06439    1.67    2.75    2.92
20-07-2024 08:45:58.42  349.77   0.567  28.105   32.945   83.3   9.56  14.000   -0.06661    1.67    2.75    2.92
20-07-2024 08:45:58.67  349.50   0.567  28.104   32.944   83.3   9.56  14.000   -0.06217    2.10    2.39    3.21
20-07-2024 08:45:58.92  349.24   0.566  28.105   32.946   83.3   9.56  14.000   -0.06735    1.97    2.61    3.20
20-07-2024 08:45:59.17  348.97   0.567  28.104   32.945   83.3   9.56  14.000   -0.05477    1.87    2.62    2.95
20-07-2024 08:45:59.41  348.72   0.567  28.103   32.943   83.3   9.56  14.000   -0.04885    2.07    2.03    3.07
20-07-2024 08:45:59.66  348.43   0.566  28.103   32.944   83.3   9.56  14.000   -0.06587    1.88    2.40    3.31
20-07-2024 08:45:59.90  348.19   0.566  28.103   32.944   83.3   9.56  14.000   -0.06365    2.15    1.78    3.30
20-07-2024 08:46:00.15  347.91   0.567  28.104   32.945   83.3   9.56  14.000   -0.05699    2.15    1.78    3.30
20-07-2024 08:46:00.39  347.65   0.566  28.103   32.945   83.3   9.56  14.000   -0.06291    1.76    1.95    3.12
20-07-2024 08:46:00.64  347.38   0.567  28.104   32.945   83.3   9.56  14.000   -0.05033    1.99    2.45    2.93
20-07-2024 08:46:00.88  347.13   0.567  28.103   32.944   83.3   9.56  14.000   -0.05403    1.81    2.42    2.97
20-07-2024 08:46:01.13  346.91   0.567  28.104   32.945   83.3   9.56  14.000   -0.07772    2.08    2.24    3.38
20-07-2024 08:46:01.37  346.61   0.566  28.103   32.944   83.3   9.56  14.000   -0.07624    2.22    2.08    3.71
20-07-2024 08:46:01.62  346.39   0.566  28.102   32.944   83.3   9.56  14.000   -0.05033    1.94    2.47    3.11
20-07-2024 08:46:01.86  346.13   0.566  28.102   32.943   83.3   9.56  14.000   -0.07031    1.94    2.47    3.11
20-07-2024 08:46:02.11  345.86   0.566  28.102   32.944   83.3   9.56  14.000   -0.06217    2.09    2.15    3.22
20-07-2024 08:46:02.35  345.62   0.566  28.101   32.943   83.3   9.57  14.000   -0.07920    2.03    2.61    3.10
20-07-2024 08:46:02.61  345.34   0.566  28.102   32.944   83.3   9.57  14.000   -0.05921    1.95    2.86    3.19
20-07-2024 08:46:02.85  345.11   0.566  28.102   32.945   83.3   9.57  14.000   -0.07105    1.96    2.28    3.20
20-07-2024 08:46:03.10  344.86   0.566  28.101   32.944   83.4   9.57  14.000   -0.06069    2.10    2.35    3.23
20-07-2024 08:46:03.35  344.62   0.565  28.101   32.945   83.3   9.57  14.000   -0.07328    1.85    2.18    3.37
20-07-2024 08:46:03.59  344.36   0.566  28.101   32.944   83.4   9.57  14.000   -0.06143    1.85    2.18    3.37
20-07-2024 08:46:03.84  344.07   0.566  28.101   32.944   83.4   9.57  14.000   -0.06809    1.63    2.06    3.39
20-07-2024 08:46:04.08  343.84   0.566  28.101   32.945   83.4   9.57  14.000   -0.06291    1.80    2.69    2.65
20-07-2024 08:46:04.33  343.56   0.566  28.101   32.944   83.4   9.57  14.000   -0.07179    2.09    1.98    3.08
20-07-2024 08:46:04.57  343.33   0.566  28.101   32.945   83.4   9.57  14.000   -0.06661    2.23    2.46    3.08
20-07-2024 08:46:04.82  343.09   0.566  28.101   32.944   83.4   9.57  14.000   -0.05329    2.22    2.31    3.12
20-07-2024 08:46:05.06  342.81   0.566  28.101   32.944   83.4   9.57  14.000   -0.05625    2.05    2.31    2.99
20-07-2024 08:46:05.30  342.57   0.566  28.100   32.943   83.4   9.57  14.000   -0.06883    2.05    2.31    2.99
20-07-2024 08:46:05.55  342.34   0.566  28.100   32.944   83.4   9.57  14.000   -0.07846    2.21    2.29    3.45
20-07-2024 08:46:05.80  342.06   0.567  28.100   32.943   83.4   9.57  14.000   -0.06069    1.86    2.44    3.25
20-07-2024 08:46:06.04  341.82   0.567  28.100   32.944   83.4   9.57  14.000   -0.06513    1.77    2.43    3.25
20-07-2024 08:46:06.29  341.57   0.566  28.100   32.944   83.4   9.57  14.000   -0.06439    2.21    2.22    2.95
20-07-2024 08:46:06.54  341.29   0.567  28.100   32.944   83.4   9.57  14.000   -0.06365    1.91    2.26    3.08
20-07-2024 08:46:06.79  341.04   0.566  28.100   32.944   83.4   9.57  14.000   -0.04515    1.87    2.23    3.04
20-07-2024 08:46:07.03  340.81   0.566  28.099   32.942   83.4   9.57  14.000   -0.07328    1.87    2.23    3.04
20-07-2024 08:46:07.28  340.55   0.566  28.100   32.944   83.4   9.57  14.000   -0.06217    2.13    2.02    3.16
20-07-2024 08:46:07.52  340.27   0.567  28.099   32.943   83.4   9.57  14.000   -0.07179    2.10    2.34    3.38
20-07-2024 08:46:07.77  340.04   0.566  28.100   32.945   83.4   9.57  14.000   -0.06587    1.97    2.17    2.98
20-07-2024 08:46:08.01  339.81   0.567  28.099   32.943   83.4   9.57  14.000   -0.06809    1.96    2.11    3.00
20-07-2024 08:46:08.26  339.55   0.566  28.098   32.942   83.4   9.57  14.000   -0.07550    2.06    2.17    3.16
20-07-2024 08:46:08.50  339.26   0.567  28.099   32.944   83.4   9.57  14.000   -0.04885    2.18    2.30    2.89
20-07-2024 08:46:08.75  339.03   0.566  28.098   32.943   83.4   9.57  14.000   -0.07846    2.18    2.30    2.89
20-07-2024 08:46:08.99  338.79   0.567  28.099   32.944   83.4   9.57  14.000   -0.06735    1.96    2.36    3.43
20-07-2024 08:46:09.24  338.53   0.566  28.098   32.943   83.4   9.58  14.000   -0.06069    2.22    2.28    3.34
20-07-2024 08:46:09.49  338.27   0.566  28.098   32.943   83.4   9.58  14.000   -0.05699    1.98    1.98    3.61
20-07-2024 08:46:09.73  338.04   0.566  28.098   32.943   83.4   9.58  14.000   -0.07772    2.15    2.87    3.00
20-07-2024 08:46:09.98  337.78   0.566  28.097   32.942   83.4   9.57  14.000   -0.06883    1.88    2.21    3.21
20-07-2024 08:46:10.23  337.54   0.566  28.099   32.944   83.4   9.58  14.000   -0.06883    2.12    2.13    2.96
20-07-2024 08:46:10.47  337.24   0.566  28.097   32.943   83.4   9.57  14.000   -0.07698    2.12    2.13    2.96
20-07-2024 08:46:10.72  337.01   0.566  28.097   32.943   83.4   9.58  14.000   -0.07402    2.11    2.51    3.08
20-07-2024 08:46:10.97  336.75   0.566  28.098   32.944   83.4   9.58  14.000   -0.06735    2.38    2.25    3.27
20-07-2024 08:46:11.21  336.49   0.566  28.097   32.943   83.4   9.58  14.000   -0.07105    2.44    2.18    3.58
20-07-2024 08:46:11.46  336.25   0.566  28.098   32.944   83.4   9.58  14.000   -0.06809    2.16    2.17    3.00
20-07-2024 08:46:11.70  335.96   0.566  28.096   32.942   83.5   9.58  14.000   -0.07698    2.36    2.02    3.07
20-07-2024 08:46:11.95  335.70   0.566  28.097   32.943   83.4   9.58  14.000   -0.07624    2.06    2.22    3.27
20-07-2024 08:46:12.19  335.46   0.566  28.097   32.943   83.4   9.58  14.000   -0.06587    2.06    2.22    3.27
20-07-2024 08:46:12.44  335.20   0.566  28.096   32.942   83.4   9.58  14.000   -0.06069    2.04    2.00    3.26
20-07-2024 08:46:12.68  334.92   0.566  28.096   32.943   83.5   9.58  14.000   -0.05921    2.02    2.57    3.09
20-07-2024 08:46:12.93  334.68   0.566  28.096   32.943   83.5   9.58  14.000   -0.06217    2.19    2.00    3.47
20-07-2024 08:46:13.17  334.41   0.566  28.096   32.943   83.5   9.58  14.000   -0.06291    2.14    2.43    3.28
20-07-2024 08:46:13.42  334.14   0.565  28.096   32.944   83.4   9.58  14.000   -0.07031    1.90    2.19    2.94
20-07-2024 08:46:13.67  333.88   0.565  28.095   32.943   83.5   9.58  14.000   -0.06661    1.82    2.14    3.03
20-07-2024 08:46:13.91  333.61   0.566  28.095   32.943   83.5   9.58  14.000   -0.07624    1.82    2.14    3.03
20-07-2024 08:46:14.16  333.33   0.565  28.095   32.943   83.5   9.58  14.000   -0.07328    1.91    1.80    3.21
20-07-2024 08:46:14.41  333.10   0.565  28.096   32.944   83.5   9.58  14.000   -0.06217    2.24    2.42    2.90
20-07-2024 08:46:14.65  332.80   0.565  28.095   32.944   83.5   9.58  14.000   -0.06735    1.88    2.17    3.22
20-07-2024 08:46:14.90  332.57   0.565  28.094   32.942   83.5   9.58  14.000   -0.07476    2.10    2.29    3.17
20-07-2024 08:46:15.14  332.32   0.565  28.094   32.943   83.5   9.58  14.000   -0.07179    2.01    2.30    2.88
20-07-2024 08:46:15.39  332.03   0.566  28.095   32.943   83.5   9.58  14.000   -0.07328    2.01    2.30    2.88
20-07-2024 08:46:15.63  331.75   0.566  28.094   32.942   83.5   9.58  14.000   -0.04737    1.92    2.16    3.47
20-07-2024 08:46:15.88  331.50   0.565  28.094   32.942   83.5   9.59  14.000   -0.04145    2.28    2.56    3.34
20-07-2024 08:46:16.12  331.27   0.566  28.094   32.942   83.5   9.58  14.000   -0.05995    1.96    2.53    3.23
20-07-2024 08:46:16.37  330.97   0.565  28.093   32.941   83.5   9.58  14.000   -0.06883    2.10    1.88    3.16
20-07-2024 08:46:16.61  330.74   0.566  28.094   32.943   83.5   9.58  14.000   -0.06587    1.93    1.89    3.06
20-07-2024 08:46:16.86  330.48   0.565  28.094   32.944   83.5   9.58  14.000   -0.06439    1.93    2.47    3.67
20-07-2024 08:46:17.10  330.25   0.566  28.093   32.941   83.5   9.58  14.000   -0.05403    1.93    2.47    3.67
20-07-2024 08:46:17.36  329.96   0.566  28.094   32.943   83.5   9.58  14.000   -0.07476    2.14    2.07    3.07
20-07-2024 08:46:17.60  329.71   0.566  28.094   32.943   83.5   9.58  14.000   -0.05329    1.99    2.22    3.49
20-07-2024 08:46:17.85  329.46   0.565  28.094   32.943   83.5   9.58  14.000   -0.07920    1.97    2.09    2.97
20-07-2024 08:46:18.10  329.18   0.566  28.092   32.941   83.5   9.58  14.000   -0.07031    2.23    1.77    3.40
20-07-2024 08:46:18.34  328.90   0.565  28.092   32.942   83.5   9.58  14.000   -0.05329    2.16    2.33    3.14
20-07-2024 08:46:18.59  328.62   0.565  28.092   32.942   83.5   9.59  14.000   -0.06291    1.90    2.42    3.16
20-07-2024 08:46:18.83  328.36   0.566  28.092   32.941   83.5   9.59  14.000   -0.06513    1.90    2.42    3.16
20-07-2024 08:46:19.08  328.09   0.565  28.093   32.943   83.5   9.59  14.000   -0.06365    1.87    2.25    2.95
20-07-2024 08:46:19.32  327.83   0.566  28.093   32.943   83.5   9.59  14.000   -0.05033    1.76    2.17    3.00
20-07-2024 08:46:19.57  327.58   0.566  28.091   32.941   83.5   9.59  14.000   -0.06587    2.18    1.84    3.38
20-07-2024 08:46:19.81  327.30   0.566  28.092   32.942   83.5   9.59  14.000   -0.08216    2.26    2.49    3.09
20-07-2024 08:46:20.06  327.03   0.565  28.091   32.942   83.6   9.59  14.000   -0.08216    1.88    2.71    3.21
20-07-2024 08:46:20.30  326.75   0.565  28.091   32.941   83.6   9.59  14.000   -0.07772    2.18    2.63    3.15
20-07-2024 08:46:20.55  326.49   0.566  28.092   32.943   83.5   9.59  14.000   -0.06957    2.18    2.63    3.15
20-07-2024 08:46:20.79  326.22   0.565  28.091   32.942   83.5   9.59  14.000   -0.06513    1.98    2.16    2.95
20-07-2024 08:46:21.05  325.98   0.566  28.091   32.942   83.5   9.59  14.000   -0.04145    1.85    2.24    3.33
20-07-2024 08:46:21.29  325.68   0.566  28.091   32.942   83.5   9.59  14.000   -0.06143    2.21    2.14    3.29
20-07-2024 08:46:21.54  325.46   0.566  28.092   32.943   83.5   9.59  14.000   -0.06661    2.13    2.39    3.05
20-07-2024 08:46:21.78  325.21   0.566  28.091   32.942   83.5   9.59  14.000   -0.05625    1.96    2.22    3.17
20-07-2024 08:46:22.03  324.94   0.565  28.091   32.943   83.5   9.59  14.000   -0.05403    2.26    2.24    2.92
20-07-2024 08:46:22.27  324.67   0.566  28.089   32.940   83.5   9.59  14.000   -0.07179    2.26    2.24    2.92
20-07-2024 08:46:22.52  324.43   0.566  28.090   32.941   83.5   9.59  14.000   -0.07179    1.98    2.20    3.05
20-07-2024 08:46:22.77  324.16   0.565  28.091   32.943   83.5   9.59  14.000   -0.04515    1.87    2.20    2.99
20-07-2024 08:46:23.01  323.92   0.566  28.091   32.943   83.5   9.59  14.000   -0.06069    2.36    2.08    2.78
20-07-2024 08:46:23.26  323.68   0.566  28.090   32.942   83.5   9.59  14.000   -0.06365    1.76    2.50    2.94
20-07-2024 08:46:23.50  323.39   0.566  28.091   32.943   83.5   9.59  14.000   -0.04663    2.17    1.83    2.97
20-07-2024 08:46:23.74  323.12   0.566  28.089   32.940   83.5   9.59  14.000   -0.07105    2.48    2.30    2.95
20-07-2024 08:46:23.99  322.90   0.565  28.090   32.942   83.5   9.59  14.000   -0.06957    2.48    2.30    2.95
20-07-2024 08:46:24.24  322.59   0.565  28.090   32.943   83.5   9.59  14.000   -0.07031    2.17    2.61    3.15
20-07-2024 08:46:24.48  322.35   0.566  28.090   32.942   83.5   9.59  14.000   -0.06217    2.13    2.17    3.08
20-07-2024 08:46:24.73  322.08   0.566  28.090   32.942   83.5   9.59  14.000   -0.06291    2.16    2.06    3.10
20-07-2024 08:46:24.98  321.82   0.566  28.089   32.942   83.5   9.59  14.000   -0.07624    2.23    2.27    3.40
20-07-2024 08:46:25.23  321.56   0.565  28.088   32.941   83.6   9.59  14.000   -0.05329    1.97    2.22    2.91
20-07-2024 08:46:25.47  321.31   0.566  28.088   32.941   83.6   9.59  14.000   -0.06809    1.99    2.43    3.36
20-07-2024 08:46:25.71  321.06   0.565  28.089   32.941   83.6   9.59  14.000   -0.06883    1.99    2.43    3.36
20-07-2024 08:46:25.96  320.80   0.566  28.088   32.941   83.6   9.59  14.000   -0.06957    2.05    2.32    2.80
20-07-2024 08:46:26.21  320.52   0.565  28.088   32.942   83.6   9.59  14.000   -0.06291    2.03    2.19    3.06
20-07-2024 08:46:26.45  320.26   0.566  28.089   32.942   83.6   9.59  14.000   -0.05551    1.70    2.49    3.13
20-07-2024 08:46:26.70  320.02   0.565  28.089   32.942   83.6   9.59  14.000   -0.05625    2.12    1.91    3.23
20-07-2024 08:46:26.94  319.79   0.565  28.089   32.942   83.6   9.60  14.000   -0.05403    2.05    1.86    2.98
20-07-2024 08:46:27.19  319.51   0.565  28.088   32.943   83.6   9.60  14.000   -0.06143    1.78    2.40    3.11
20-07-2024 08:46:27.43  319.22   0.565  28.087   32.941   83.6   9.60  14.000   -0.07031    1.78    2.40    3.11
20-07-2024 08:46:27.68  318.98   0.565  28.087   32.941   83.6   9.60  14.000   -0.06143    2.21    2.23    3.52
20-07-2024 08:46:27.92  318.69   0.565  28.088   32.943   83.6   9.60  14.000   -0.06291    2.07    2.40    3.16
20-07-2024 08:46:28.17  318.45   0.565  28.088   32.942   83.6   9.60  14.000   -0.05995    1.96    2.20    2.94
20-07-2024 08:46:28.42  318.17   0.565  28.087   32.941   83.6   9.60  14.000   -0.05921    2.05    2.33    3.20
20-07-2024 08:46:28.66  317.89   0.565  28.087   32.942   83.6   9.60  14.000   -0.07476    2.29    2.13    3.02
20-07-2024 08:46:28.91  317.62   0.565  28.088   32.944   83.6   9.60  14.000   -0.07031    2.10    2.55    3.44
20-07-2024 08:46:29.16  317.36   0.565  28.087   32.941   83.7   9.60  14.000   -0.05551    2.10    2.55    3.44
20-07-2024 08:46:29.40  317.12   0.565  28.086   32.941   83.6   9.60  14.000   -0.07550    2.18    2.39    3.18
20-07-2024 08:46:29.65  316.83   0.565  28.086   32.941   83.7   9.60  14.000   -0.06439    2.02    2.31    2.87
20-07-2024 08:46:29.89  316.60   0.565  28.086   32.941   83.7   9.60  14.000   -0.04737    2.24    2.92    3.07
20-07-2024 08:46:30.14  316.31   0.565  28.087   32.942   83.7   9.60  14.000   -0.05033    1.85    2.23    3.39
20-07-2024 08:46:30.38  316.07   0.565  28.087   32.943   83.7   9.61  14.000   -0.04367    2.34    2.50    3.14
20-07-2024 08:46:30.63  315.79   0.564  28.086   32.942   83.7   9.61  14.000   -0.07105    2.13    2.80    3.28
20-07-2024 08:46:30.87  315.54   0.564  28.085   32.942   83.7   9.61  14.000   -0.06957    2.13    2.80    3.28
20-07-2024 08:46:31.12  315.31   0.565  28.086   32.942   83.7   9.61  14.000   -0.07698    2.14    2.63    3.14
20-07-2024 08:46:31.36  315.03   0.564  28.084   32.941   83.7   9.61  14.000   -0.06735    2.26    2.36    3.24
20-07-2024 08:46:31.61  314.76   0.564  28.085   32.943   83.7   9.61  14.000   -0.07328    1.96    2.56    3.29
20-07-2024 08:46:31.85  314.52   0.564  28.084   32.941   83.7   9.61  14.000   -0.04737    2.58    2.54    3.44
20-07-2024 08:46:32.11  314.24   0.564  28.083   32.940   83.7   9.61  14.000   -0.06957    1.96    2.10    3.17
20-07-2024 08:46:32.35  313.99   0.564  28.084   32.941   83.7   9.61  14.000   -0.04589    2.13    2.57    3.31
20-07-2024 08:46:32.60  313.70   0.564  28.083   32.940   83.8   9.61  14.000   -0.07624    2.13    2.57    3.31
20-07-2024 08:46:32.85  313.44   0.564  28.083   32.940   83.7   9.61  14.000   -0.06439    1.58    2.17    3.30
20-07-2024 08:46:33.09  313.17   0.564  28.082   32.940   83.7   9.61  14.000   -0.05551    1.67    2.23    3.02
20-07-2024 08:46:33.34  312.93   0.563  28.083   32.941   83.7   9.61  14.000   -0.06513    2.20    2.11    2.96
20-07-2024 08:46:33.58  312.67   0.563  28.083   32.942   83.7   9.61  14.000   -0.06513    2.24    2.43    3.26
20-07-2024 08:46:33.83  312.39   0.564  28.083   32.941   83.8   9.61  14.000   -0.05625    1.84    2.14    3.13
20-07-2024 08:46:34.07  312.09   0.563  28.083   32.942   83.8   9.61  14.000   -0.05033    2.27    2.78    3.50
20-07-2024 08:46:34.32  311.82   0.563  28.083   32.942   83.8   9.61  14.000   -0.06883    2.27    2.78    3.50
20-07-2024 08:46:34.56  311.54   0.563  28.082   32.941   83.8   9.61  14.000   -0.06957    2.36    2.49    3.20
20-07-2024 08:46:34.81  311.31   0.563  28.082   32.941   83.8   9.62  14.000   -0.06291    2.02    2.42    3.22
20-07-2024 08:46:35.05  311.03   0.562  28.081   32.941   83.7   9.61  14.000   -0.07846    1.85    2.33    3.21
20-07-2024 08:46:35.30  310.78   0.562  28.082   32.942   83.8   9.62  14.000   -0.07772    2.19    2.72    3.44
20-07-2024 08:46:35.54  310.52   0.563  28.081   32.941   83.8   9.62  14.000   -0.06809    2.01    2.86    3.02
20-07-2024 08:46:35.79  310.27   0.562  28.081   32.941   83.8   9.62  14.000   -0.05921    2.15    2.33    2.99
20-07-2024 08:46:36.04  309.99   0.562  28.081   32.941   83.8   9.62  14.000   -0.07476    2.15    2.33    2.99
20-07-2024 08:46:36.29  309.71   0.562  28.080   32.941   83.8   9.62  14.000   -0.06291    1.94    2.10    3.26
20-07-2024 08:46:36.53  309.47   0.561  28.080   32.941   83.8   9.62  14.000   -0.06291    2.16    1.77    2.99
20-07-2024 08:46:36.78  309.21   0.561  28.080   32.941   83.8   9.62  14.000   -0.06587    1.98    2.40    3.19
20-07-2024 08:46:37.02  308.91   0.561  28.079   32.941   83.8   9.62  14.000   -0.05773    2.03    2.40    3.40
20-07-2024 08:46:37.27  308.67   0.561  28.080   32.942   83.8   9.62  14.000   -0.05551    2.13    2.21    3.26
20-07-2024 08:46:37.51  308.40   0.561  28.078   32.940   83.8   9.62  14.000   -0.07328    1.88    2.09    3.06
20-07-2024 08:46:37.76  308.15   0.561  28.080   32.942   83.8   9.62  14.000   -0.06365    1.88    2.09    3.06
20-07-2024 08:46:38.00  307.88   0.561  28.077   32.939   83.8   9.62  14.000   -0.05699    2.22    2.04    2.96
20-07-2024 08:46:38.25  307.62   0.560  28.078   32.941   83.8   9.62  14.000   -0.06587    2.29    2.23    3.09
20-07-2024 08:46:38.49  307.38   0.560  28.076   32.938   83.8   9.62  14.000   -0.07624    2.15    2.14    3.22
20-07-2024 08:46:38.74  307.14   0.560  28.077   32.940   83.8   9.62  14.000   -0.06513    2.00    2.38    2.97
20-07-2024 08:46:38.98  306.84   0.560  28.078   32.942   83.8   9.62  14.000   -0.06661    2.36    2.20    3.11
20-07-2024 08:46:39.23  306.62   0.560  28.077   32.941   83.8   9.62  14.000   -0.04441    1.77    2.38    3.19
20-07-2024 08:46:39.48  306.33   0.560  28.076   32.940   83.8   9.62  14.000   -0.08364    1.77    2.38    3.19
20-07-2024 08:46:39.73  306.12   0.560  28.077   32.941   83.8   9.62  14.000   -0.06957    1.89    1.99    3.32
20-07-2024 08:46:39.98  305.85   0.560  28.076   32.940   83.8   9.63  14.000   -0.06365    1.87    1.83    3.30
20-07-2024 08:46:40.22  305.60   0.559  28.076   32.940   83.8   9.62  14.000   -0.08290    1.81    2.26    3.29
20-07-2024 08:46:40.47  305.35   0.559  28.077   32.941   83.8   9.62  14.000   -0.05995    1.88    2.38    3.11
20-07-2024 08:46:40.71  305.04   0.559  28.075   32.940   83.8   9.62  14.000   -0.05921    1.79    2.04    2.80
20-07-2024 08:46:40.96  304.79   0.559  28.074   32.938   83.8   9.63  14.000   -0.06957    2.03    2.07    3.26
20-07-2024 08:46:41.20  304.52   0.559  28.076   32.942   83.9   9.63  14.000   -0.05921    2.03    2.07    3.26
20-07-2024 08:46:41.45  304.26   0.559  28.074   32.940   83.8   9.62  14.000   -0.07328    2.24    2.22    3.12
20-07-2024 08:46:41.69  304.02   0.559  28.075   32.941   83.8   9.62  14.000   -0.05181    2.23    2.56    3.18
20-07-2024 08:46:41.94  303.74   0.559  28.074   32.940   83.8   9.62  14.000   -0.07698    1.96    2.15    3.30
20-07-2024 08:46:42.18  303.48   0.558  28.073   32.939   83.8   9.62  14.000   -0.06809    1.91    2.21    3.13
20-07-2024 08:46:42.43  303.22   0.558  28.074   32.940   83.8   9.62  14.000   -0.06957    2.07    2.12    3.02
20-07-2024 08:46:42.67  302.97   0.558  28.075   32.941   83.8   9.63  14.000   -0.04367    1.99    2.22    3.06
20-07-2024 08:46:42.92  302.72   0.559  28.073   32.939   83.8   9.62  14.000   -0.06957    1.99    2.22    3.06
20-07-2024 08:46:43.18  302.45   0.558  28.074   32.941   83.8   9.62  14.000   -0.06809    2.11    2.73    3.19
20-07-2024 08:46:43.41  302.19   0.558  28.072   32.939   83.8   9.62  14.000   -0.05995    1.80    2.13    3.03
20-07-2024 08:46:43.66  301.90   0.558  28.073   32.940   83.8   9.62  14.000   -0.07031    2.30    2.61    3.38
20-07-2024 08:46:43.91  301.65   0.558  28.073   32.940   83.8   9.63  14.000   -0.08808    1.89    2.37    3.35
20-07-2024 08:46:44.15  301.40   0.558  28.072   32.939   83.8   9.63  14.000   -0.06661    2.15    2.82    2.97
20-07-2024 08:46:44.40  301.14   0.558  28.072   32.940   83.8   9.62  14.000   -0.06439    1.92    2.26    3.08
20-07-2024 08:46:44.64  300.86   0.557  28.072   32.940   83.8   9.62  14.000   -0.06661    1.92    2.26    3.08
20-07-2024 08:46:44.89  300.62   0.558  28.071   32.939   83.8   9.62  14.000   -0.06365    1.99    2.40    3.36
20-07-2024 08:46:45.13  300.39   0.557  28.071   32.940   83.8   9.62  14.000   -0.06735    2.24    2.53    3.30
20-07-2024 08:46:45.38  300.13   0.557  28.070   32.938   83.8   9.62  14.000   -0.05181    2.22    2.33    2.95
20-07-2024 08:46:45.62  299.92   0.557  28.071   32.939   83.8   9.62  14.000   -0.07179    1.73    1.76    3.16
20-07-2024 08:46:45.87  299.67   0.557  28.072   32.940   83.8   9.62  14.000   -0.08068    1.88    2.41    3.10
20-07-2024 08:46:46.11  299.42   0.557  28.071   32.940   83.8   9.62  14.000   -0.05255    2.02    2.12    3.12
20-07-2024 08:46:46.36  299.17   0.557  28.070   32.939   83.8   9.62  14.000   -0.05181    2.02    2.12    3.12
20-07-2024 08:46:46.60  298.91   0.557  28.070   32.939   83.8   9.62  14.000   -0.07105    1.87    2.20    3.03
20-07-2024 08:46:46.85  298.67   0.557  28.071   32.939   83.8   9.62  14.000   -0.06883    2.15    2.25    3.04
20-07-2024 08:46:47.10  298.42   0.557  28.069   32.938   83.9   9.63  14.000   -0.06735    2.32    2.45    3.02
20-07-2024 08:46:47.35  298.13   0.557  28.070   32.939   83.8   9.62  14.000   -0.07772    2.07    2.27    3.03
20-07-2024 08:46:47.59  297.89   0.556  28.071   32.941   83.8   9.63  14.000   -0.07402    2.11    2.05    2.99
20-07-2024 08:46:47.84  297.64   0.556  28.068   32.938   83.8   9.63  14.000   -0.02443    1.84    2.34    3.19
20-07-2024 08:46:48.08  297.37   0.556  28.069   32.939   83.8   9.62  14.000   -0.07550    1.84    2.34    3.19
20-07-2024 08:46:48.33  297.14   0.556  28.069   32.939   83.8   9.63  14.000   -0.06439    1.97    2.63    2.83
20-07-2024 08:46:48.57  296.86   0.556  28.067   32.938   83.8   9.63  14.000   -0.06513    2.19    2.15    3.36
20-07-2024 08:46:48.82  296.61   0.556  28.068   32.939   83.8   9.63  14.000   -0.07402    2.11    2.25    3.11
20-07-2024 08:46:49.06  296.38   0.556  28.067   32.938   83.8   9.63  14.000   -0.06809    2.14    2.45    3.32
20-07-2024 08:46:49.31  296.10   0.556  28.067   32.939   83.8   9.63  14.000   -0.07328    2.20    2.41    2.97
20-07-2024 08:46:49.55  295.86   0.556  28.067   32.939   83.9   9.63  14.000   -0.08142    2.20    2.41    2.97
20-07-2024 08:46:49.80  295.60   0.555  28.067   32.939   83.9   9.63  14.000   -0.08068    2.26    1.81    3.19
20-07-2024 08:46:50.05  295.36   0.555  28.067   32.938   83.9   9.63  14.000   -0.06513    2.27    2.49    3.09
20-07-2024 08:46:50.29  295.07   0.555  28.066   32.938   83.9   9.63  14.000   -0.06217    1.76    2.40    3.01
20-07-2024 08:46:50.54  294.81   0.555  28.066   32.939   83.9   9.63  14.000   -0.06513    2.15    2.15    2.98
20-07-2024 08:46:50.79  294.55   0.554  28.065   32.938   83.9   9.63  14.000   -0.07772    1.91    1.99    2.89
20-07-2024 08:46:51.04  294.29   0.554  28.067   32.940   83.9   9.63  14.000   -0.05551    2.09    2.18    3.35
20-07-2024 08:46:51.28  294.03   0.554  28.065   32.938   83.9   9.63  14.000   -0.05477    1.92    2.24    3.10
20-07-2024 08:46:51.53  293.79   0.555  28.066   32.938   83.9   9.63  14.000   -0.06365    1.92    2.24    3.10
20-07-2024 08:46:51.77  293.52   0.554  28.065   32.939   83.9   9.63  14.000   -0.08364    1.75    2.00    3.19
20-07-2024 08:46:52.02  293.25   0.555  28.065   32.937   83.9   9.63  14.000   -0.06439    2.04    2.08    3.10
20-07-2024 08:46:52.26  292.97   0.555  28.065   32.938   83.9   9.63  14.000   -0.07179    1.90    2.29    3.35
20-07-2024 08:46:52.51  292.71   0.555  28.064   32.937   83.9   9.63  14.000   -0.07698    1.96    2.37    3.16
20-07-2024 08:46:52.75  292.50   0.555  28.065   32.938   83.9   9.63  14.000   -0.08216    1.93    2.32    3.16
20-07-2024 08:46:53.00  292.22   0.555  28.064   32.937   83.9   9.63  14.000   -0.07031    1.93    2.32    3.16
20-07-2024 08:46:53.24  291.96   0.555  28.065   32.938   83.9   9.63  14.000   -0.06957    2.06    2.65    3.23
20-07-2024 08:46:53.49  291.70   0.555  28.064   32.937   83.9   9.63  14.000   -0.06883    2.15    2.35    3.20
20-07-2024 08:46:53.73  291.45   0.555  28.065   32.939   83.9   9.63  14.000   -0.05995    2.06    2.40    3.14
20-07-2024 08:46:53.98  291.17   0.555  28.063   32.936   83.9   9.64  14.000   -0.06513    1.89    2.28    3.14
20-07-2024 08:46:54.24  290.91   0.555  28.064   32.938   83.9   9.64  14.000   -0.06883    2.13    2.64    3.31
20-07-2024 08:46:54.48  290.67   0.555  28.064   32.939   83.9   9.64  14.000   -0.06069    2.24    2.44    3.12
20-07-2024 08:46:54.73  290.39   0.555  28.063   32.937   83.9   9.64  14.000   -0.04959    2.13    2.53    3.19
20-07-2024 08:46:54.97  290.13   0.555  28.063   32.938   84.0   9.64  14.000   -0.06809    2.13    2.53    3.19
20-07-2024 08:46:55.22  289.86   0.555  28.064   32.938   84.0   9.64  14.000   -0.06365    2.28    2.34    3.50
20-07-2024 08:46:55.47  289.60   0.555  28.062   32.936   84.0   9.64  14.000   -0.06661    2.33    2.32    2.97
20-07-2024 08:46:55.71  289.32   0.555  28.063   32.938   84.0   9.64  14.000   -0.06587    2.27    2.36    3.27
20-07-2024 08:46:55.96  289.08   0.555  28.063   32.939   84.0   9.64  14.000   -0.07105    1.75    2.35    3.06
20-07-2024 08:46:56.20  288.80   0.555  28.063   32.937   84.0   9.64  14.000   -0.06735    2.21    2.39    3.33
20-07-2024 08:46:56.45  288.57   0.555  28.063   32.938   84.0   9.64  14.000   -0.07624    2.20    2.08    3.23
20-07-2024 08:46:56.69  288.26   0.555  28.063   32.938   84.0   9.64  14.000   -0.07550    2.20    2.08    3.23
20-07-2024 08:46:56.94  287.97   0.554  28.063   32.938   84.0   9.64  14.000   -0.07772    2.11    2.21    3.38
20-07-2024 08:46:57.18  287.73   0.554  28.061   32.936   84.0   9.64  14.000   -0.07328    2.36    2.44    3.03
20-07-2024 08:46:57.43  287.46   0.554  28.061   32.937   84.0   9.64  14.000   -0.06069    2.06    2.35    2.79
20-07-2024 08:46:57.67  287.20   0.555  28.060   32.936   84.0   9.65  14.000   -0.06735    1.99    2.23    3.02
20-07-2024 08:46:57.92  286.94   0.554  28.061   32.937   84.0   9.64  14.000   -0.05773    2.26    2.44    3.31
20-07-2024 08:46:58.17  286.65   0.554  28.060   32.937   84.0   9.65  14.000   -0.07179    2.26    2.44    3.31
20-07-2024 08:46:58.41  286.41   0.554  28.061   32.937   84.0   9.64  14.000   -0.06587    2.05    2.79    3.15
20-07-2024 08:46:58.66  286.12   0.554  28.060   32.936   84.0   9.65  14.000   -0.06069    2.35    2.42    3.14
20-07-2024 08:46:58.91  285.86   0.554  28.060   32.937   84.0   9.65  14.000   -0.07994    1.88    2.16    3.13
20-07-2024 08:46:59.15  285.62   0.554  28.059   32.936   84.0   9.65  14.000   -0.06661    1.88    2.50    3.14
20-07-2024 08:46:59.40  285.32   0.553  28.059   32.936   84.0   9.65  14.000   -0.07624    1.94    1.77    2.88
20-07-2024 08:46:59.64  285.07   0.553  28.060   32.938   84.0   9.65  14.000   -0.08068    2.13    2.27    3.08
20-07-2024 08:46:59.89  284.79   0.552  28.059   32.938   84.0   9.65  14.000   -0.06809    2.13    2.27    3.08
20-07-2024 08:47:00.13  284.54   0.552  28.059   32.939   84.0   9.65  14.000   -0.06439    2.28    1.95    3.01
20-07-2024 08:47:00.38  284.26   0.550  28.057   32.938   84.0   9.65  14.000   -0.04145    2.12    2.46    3.14
20-07-2024 08:47:00.62  283.97   0.551  28.057   32.937   84.0   9.65  14.000   -0.07031    2.19    2.15    3.13
20-07-2024 08:47:00.87  283.73   0.550  28.057   32.938   84.0   9.65  14.000   -0.07105    2.19    2.54    3.00
20-07-2024 08:47:01.11  283.46   0.550  28.057   32.939   84.0   9.65  14.000   -0.07105    2.28    2.23    3.09
20-07-2024 08:47:01.36  283.18   0.549  28.056   32.938   84.0   9.65  14.000   -0.07253    1.80    1.76    3.13
20-07-2024 08:47:01.61  282.92   0.550  28.055   32.937   84.0   9.65  14.000   -0.07550    1.80    1.76    3.13
20-07-2024 08:47:01.85  282.68   0.550  28.056   32.938   84.0   9.65  14.000   -0.07179    2.08    2.25    2.85
20-07-2024 08:47:02.10  282.40   0.549  28.055   32.938   84.0   9.65  14.000   -0.06735    2.00    2.49    3.23
20-07-2024 08:47:02.35  282.13   0.548  28.055   32.938   84.0   9.65  14.000   -0.06735    1.72    2.23    3.37
20-07-2024 08:47:02.59  281.86   0.548  28.053   32.936   84.0   9.65  14.000   -0.07031    2.27    1.64    3.19
20-07-2024 08:47:02.84  281.56   0.548  28.053   32.936   84.0   9.65  14.000   -0.08142    1.99    2.20    3.44
20-07-2024 08:47:03.08  281.31   0.548  28.053   32.936   84.0   9.65  14.000   -0.07179    2.11    2.14    3.16
20-07-2024 08:47:03.33  281.04   0.548  28.052   32.936   84.0   9.65  14.000   -0.07994    2.11    2.14    3.16
20-07-2024 08:47:03.57  280.75   0.548  28.051   32.934   84.0   9.65  14.000   -0.08882    2.25    1.96    3.09
20-07-2024 08:47:03.82  280.49   0.547  28.051   32.935   84.0   9.65  14.000   -0.05551    1.98    2.10    2.89
20-07-2024 08:47:04.06  280.21   0.547  28.050   32.934   84.0   9.65  14.000   -0.06957    2.14    2.48    3.34
20-07-2024 08:47:04.31  279.98   0.547  28.050   32.935   84.0   9.65  14.000   -0.07105    1.93    2.26    3.12
20-07-2024 08:47:04.55  279.68   0.547  28.050   32.934   84.0   9.65  14.000   -0.06661    2.13    2.57    3.43
20-07-2024 08:47:04.80  279.40   0.547  28.049   32.934   84.1   9.65  14.000   -0.06883    2.14    2.14    3.15
20-07-2024 08:47:05.05  279.13   0.547  28.049   32.933   84.1   9.65  14.000   -0.06809    2.14    2.14    3.15
20-07-2024 08:47:05.30  278.83   0.547  28.049   32.934   84.0   9.65  14.000   -0.05625    2.00    1.95    3.40
20-07-2024 08:47:05.54  278.54   0.546  28.049   32.935   84.0   9.65  14.000   -0.06069    1.81    2.42    3.10
20-07-2024 08:47:05.79  278.31   0.546  28.048   32.934   84.0   9.65  14.000   -0.06883    2.14    2.58    3.29
20-07-2024 08:47:06.03  278.04   0.546  28.048   32.934   84.1   9.65  14.000   -0.05699    1.77    2.18    3.09
20-07-2024 08:47:06.28  277.75   0.546  28.048   32.934   84.1   9.65  14.000   -0.07031    1.67    2.15    3.22
20-07-2024 08:47:06.52  277.46   0.545  28.049   32.936   84.1   9.65  14.000   -0.07624    2.11    2.06    3.13
20-07-2024 08:47:06.77  277.18   0.545  28.047   32.935   84.1   9.66  14.000   -0.06291    2.11    2.06    3.13
20-07-2024 08:47:07.01  276.91   0.545  28.047   32.934   84.1   9.66  14.000   -0.05995    1.91    2.29    3.00
20-07-2024 08:47:07.26  276.64   0.544  28.047   32.935   84.1   9.66  14.000   -0.06883    1.88    2.09    3.10
20-07-2024 08:47:07.50  276.39   0.544  28.046   32.934   84.1   9.66  14.000   -0.06439    1.78    2.27    3.05
20-07-2024 08:47:07.75  276.11   0.544  28.045   32.934   84.1   9.66  14.000   -0.06661    1.65    2.38    3.27
20-07-2024 08:47:07.99  275.86   0.544  28.044   32.932   84.1   9.66  14.000   -0.07846    2.03    2.45    3.15
20-07-2024 08:47:08.24  275.57   0.544  28.045   32.933   84.1   9.66  14.000   -0.06661    2.17    2.28    3.08
20-07-2024 08:47:08.48  275.32   0.544  28.044   32.932   84.1   9.66  14.000   -0.07179    2.17    2.28    3.08
20-07-2024 08:47:08.73  275.05   0.544  28.043   32.932   84.1   9.66  14.000   -0.06809    2.52    2.10    3.01
20-07-2024 08:47:08.98  274.77   0.544  28.043   32.931   84.2   9.67  14.000   -0.05551    1.80    2.45    3.09
20-07-2024 08:47:09.23  274.50   0.544  28.043   32.931   84.2   9.67  14.000   -0.06883    2.31    2.49    2.99
20-07-2024 08:47:09.48  274.24   0.544  28.043   32.932   84.2   9.67  14.000   -0.07031    1.98    1.77    3.28
20-07-2024 08:47:09.72  274.01   0.544  28.043   32.931   84.2   9.67  14.000   -0.07031    2.05    2.72    2.98
20-07-2024 08:47:09.97  273.75   0.544  28.042   32.931   84.2   9.67  14.000   -0.07920    2.23    2.08    3.24
20-07-2024 08:47:10.21  273.45   0.545  28.042   32.931   84.2   9.67  14.000   -0.06217    2.23    2.08    3.24
20-07-2024 08:47:10.46  273.18   0.545  28.042   32.931   84.2   9.67  14.000   -0.08438    2.06    2.09    3.18
20-07-2024 08:47:10.70  272.94   0.545  28.043   32.932   84.2   9.67  14.000   -0.06513    2.25    2.49    3.11
20-07-2024 08:47:10.95  272.69   0.544  28.042   32.932   84.2   9.67  14.000   -0.08068    2.19    2.47    3.01
20-07-2024 08:47:11.19  272.43   0.545  28.042   32.931   84.2   9.67  14.000   -0.06291    2.34    2.16    3.05
20-07-2024 08:47:11.44  272.17   0.545  28.042   32.930   84.2   9.67  14.000   -0.06735    2.24    2.20    3.03
20-07-2024 08:47:11.68  271.86   0.545  28.043   32.932   84.2   9.67  14.000   -0.06957    1.71    2.40    3.25
20-07-2024 08:47:11.93  271.62   0.545  28.043   32.932   84.2   9.67  14.000   -0.06957    1.71    2.40    3.25
20-07-2024 08:47:12.17  271.36   0.545  28.042   32.931   84.2   9.67  14.000   -0.06291    2.06    2.31    3.52
20-07-2024 08:47:12.42  271.11   0.546  28.042   32.931   84.2   9.67  14.000   -0.06513    1.73    2.35    2.84
20-07-2024 08:47:12.67  270.81   0.545  28.042   32.931   84.2   9.67  14.000   -0.05107    2.03    2.53    2.91
20-07-2024 08:47:12.92  270.56   0.546  28.041   32.929   84.2   9.67  14.000   -0.05107    2.29    2.64    3.15
20-07-2024 08:47:13.16  270.27   0.545  28.042   32.931   84.2   9.67  14.000   -0.06291    2.07    2.60    3.00
20-07-2024 08:47:13.41  270.02   0.546  28.042   32.931   84.2   9.67  14.000   -0.06143    2.45    2.44    3.12
20-07-2024 08:47:13.65  269.74   0.545  28.042   32.932   84.2   9.68  14.000   -0.06883    2.45    2.44    3.12
20-07-2024 08:47:13.90  269.52   0.545  28.041   32.931   84.3   9.68  14.000   -0.06735    2.02    2.02    3.52
20-07-2024 08:47:14.14  269.25   0.546  28.041   32.930   84.2   9.67  14.000   -0.07476    2.11    2.61    3.05
20-07-2024 08:47:14.39  268.98   0.545  28.040   32.929   84.2   9.68  14.000   -0.05551    1.82    2.03    3.13
20-07-2024 08:47:14.63  268.74   0.545  28.040   32.930   84.2   9.68  14.000   -0.03701    2.12    2.29    2.99
20-07-2024 08:47:14.88  268.49   0.545  28.040   32.931   84.2   9.68  14.000   -0.07624    1.99    2.40    3.53
20-07-2024 08:47:15.12  268.23   0.545  28.040   32.931   84.3   9.68  14.000   -0.07105    2.23    2.63    3.02
20-07-2024 08:47:15.37  267.96   0.544  28.040   32.931   84.2   9.67  14.000   -0.05847    2.23    2.63    3.02
20-07-2024 08:47:15.61  267.68   0.544  28.039   32.930   84.2   9.68  14.000   -0.06883    1.81    2.55    3.35
20-07-2024 08:47:15.86  267.42   0.544  28.038   32.929   84.3   9.68  14.000   -0.06069    2.26    2.10    3.32
20-07-2024 08:47:16.11  267.19   0.544  28.039   32.930   84.3   9.68  14.000   -0.07328    2.08    2.16    3.06
20-07-2024 08:47:16.36  266.90   0.544  28.038   32.929   84.3   9.68  14.000   -0.05551    1.79    2.48    3.11
20-07-2024 08:47:16.60  266.65   0.544  28.037   32.929   84.3   9.68  14.000   -0.06291    2.35    2.05    3.53
20-07-2024 08:47:16.85  266.37   0.543  28.038   32.930   84.3   9.68  14.000   -0.07402    1.98    2.22    3.10
20-07-2024 08:47:17.10  266.10   0.543  28.038   32.930   84.3   9.68  14.000   -0.05255    1.98    2.22    3.10
20-07-2024 08:47:17.34  265.83   0.543  28.038   32.931   84.3   9.68  14.000   -0.06587    2.13    2.12    3.23
20-07-2024 08:47:17.59  265.55   0.542  28.036   32.930   84.3   9.68  14.000   -0.05329    2.35    1.92    3.06
20-07-2024 08:47:17.83  265.26   0.542  28.036   32.931   84.3   9.68  14.000   -0.04959    1.63    2.20    3.15
20-07-2024 08:47:18.08  265.02   0.542  28.037   32.932   84.3   9.68  14.000   -0.06439    2.26    2.51    3.43
20-07-2024 08:47:18.32  264.77   0.542  28.036   32.930   84.3   9.68  14.000   -0.06513    2.15    2.16    3.25
20-07-2024 08:47:18.57  264.49   0.541  28.035   32.931   84.3   9.68  14.000   -0.06143    1.90    2.57    3.30
20-07-2024 08:47:18.81  264.25   0.540  28.034   32.930   84.3   9.68  14.000   -0.07105    1.90    2.57    3.30
20-07-2024 08:47:19.06  263.96   0.541  28.034   32.930   84.3   9.69  14.000   -0.06587    1.93    2.26    3.16
20-07-2024 08:47:19.30  263.74   0.540  28.034   32.930   84.3   9.69  14.000   -0.06513    2.19    2.40    3.13
20-07-2024 08:47:19.55  263.45   0.540  28.033   32.929   84.3   9.69  14.000   -0.07846    2.11    2.15    2.98
20-07-2024 08:47:19.79  263.18   0.540  28.033   32.930   84.3   9.69  14.000   -0.06217    2.16    2.53    3.28
20-07-2024 08:47:20.04  262.88   0.539  28.032   32.929   84.3   9.69  14.000   -0.05995    2.23    2.35    3.19
20-07-2024 08:47:20.29  262.62   0.539  28.032   32.929   84.3   9.69  14.000   -0.07402    2.16    2.70    3.32
20-07-2024 08:47:20.54  262.36   0.539  28.031   32.929   84.3   9.69  14.000   -0.07550    2.16    2.70    3.32
20-07-2024 08:47:20.78  262.08   0.539  28.031   32.929   84.3   9.69  14.000   -0.07476    2.32    2.13    3.17
20-07-2024 08:47:21.03  261.78   0.539  28.030   32.927   84.3   9.69  14.000   -0.07105    2.01    2.24    3.26
20-07-2024 08:47:21.27  261.54   0.538  28.030   32.929   84.3   9.69  14.000   -0.07328    2.11    2.22    2.97
20-07-2024 08:47:21.52  261.28   0.538  28.031   32.930   84.4   9.69  14.000   -0.07253    1.98    1.93    3.21
20-07-2024 08:47:21.76  261.00   0.538  28.030   32.929   84.3   9.69  14.000   -0.06513    2.06    2.25    3.20
20-07-2024 08:47:22.01  260.78   0.537  28.030   32.929   84.3   9.69  14.000   -0.06883    2.10    2.08    3.41
20-07-2024 08:47:22.25  260.47   0.537  28.029   32.929   84.4   9.69  14.000   -0.06143    2.10    2.08    3.41
20-07-2024 08:47:22.50  260.21   0.538  28.029   32.928   84.4   9.69  14.000   -0.08512    2.42    2.18    3.02
20-07-2024 08:47:22.74  259.95   0.538  28.029   32.929   84.4   9.69  14.000   -0.06513    2.38    2.64    2.78
20-07-2024 08:47:22.99  259.67   0.537  28.028   32.928   84.4   9.70  14.000   -0.06143    1.65    2.65    2.79
20-07-2024 08:47:23.24  259.42   0.537  28.028   32.928   84.4   9.70  14.000   -0.06217    2.22    2.38    3.26
20-07-2024 08:47:23.48  259.16   0.537  28.028   32.928   84.4   9.70  14.000   -0.05921    2.12    1.83    3.16
20-07-2024 08:47:23.73  258.92   0.537  28.026   32.926   84.4   9.70  14.000   -0.08808    2.32    2.42    2.88
20-07-2024 08:47:23.98  258.64   0.537  28.026   32.927   84.4   9.70  14.000   -0.06439    2.32    2.42    2.88
20-07-2024 08:47:24.23  258.39   0.536  28.026   32.928   84.4   9.70  14.000   -0.07328    2.06    2.35    3.09
20-07-2024 08:47:24.47  258.12   0.535  28.026   32.928   84.4   9.70  14.000   -0.06661    2.07    2.34    3.05
20-07-2024 08:47:24.72  257.92   0.535  28.025   32.928   84.4   9.70  14.000   -0.06291    2.43    2.43    3.04
20-07-2024 08:47:24.97  257.65   0.535  28.025   32.928   84.5   9.70  14.000   -0.05773    2.21    1.82    3.30
20-07-2024 08:47:25.21  257.39   0.535  28.024   32.926   84.4   9.70  14.000   -0.07846    1.96    2.25    2.97
20-07-2024 08:47:25.45  257.14   0.535  28.023   32.925   84.4   9.70  14.000   -0.06513    1.88    2.37    2.99
20-07-2024 08:47:25.70  256.85   0.534  28.023   32.926   84.5   9.70  14.000   -0.07920    1.88    2.37    2.99
20-07-2024 08:47:25.94  256.61   0.533  28.022   32.926   84.5   9.70  14.000   -0.07402    2.18    2.23    3.15
20-07-2024 08:47:26.19  256.38   0.532  28.022   32.927   84.5   9.71  14.000   -0.07328    1.79    2.16    2.95
20-07-2024 08:47:26.43  256.11   0.531  28.022   32.928   84.5   9.71  14.000   -0.06735    2.07    1.84    3.14
20-07-2024 08:47:26.68  255.84   0.532  28.019   32.925   84.5   9.71  14.000   -0.06735    2.10    2.26    2.94
20-07-2024 08:47:26.92  255.59   0.531  28.019   32.925   84.5   9.71  14.000   -0.07328    2.08    2.00    3.09
20-07-2024 08:47:27.18  255.35   0.531  28.019   32.925   84.5   9.71  14.000   -0.03997    2.05    2.49    3.11
20-07-2024 08:47:27.42  255.07   0.531  28.018   32.925   84.5   9.71  14.000   -0.07698    2.05    2.49    3.11
20-07-2024 08:47:27.66  254.80   0.530  28.017   32.924   84.5   9.71  14.000   -0.07328    2.24    1.76    3.07
20-07-2024 08:47:27.91  254.56   0.530  28.017   32.925   84.5   9.71  14.000   -0.06439    2.07    2.64    3.24
20-07-2024 08:47:28.16  254.32   0.529  28.017   32.925   84.5   9.71  14.000   -0.06291    2.06    2.13    3.09
20-07-2024 08:47:28.40  254.06   0.529  28.016   32.924   84.5   9.71  14.000   -0.07402    2.07    2.29    3.10
20-07-2024 08:47:28.65  253.81   0.529  28.014   32.922   84.5   9.71  14.000   -0.05255    2.33    2.38    3.15
20-07-2024 08:47:28.90  253.57   0.527  28.013   32.923   84.5   9.71  14.000   -0.04367    2.15    2.23    3.12
20-07-2024 08:47:29.14  253.28   0.527  28.014   32.924   84.5   9.71  14.000   -0.07846    2.15    2.23    3.12
20-07-2024 08:47:29.39  253.04   0.527  28.014   32.924   84.5   9.71  14.000   -0.07105    1.92    2.33    3.17
20-07-2024 08:47:29.63  252.79   0.527  28.013   32.924   84.5   9.71  14.000   -0.06143    1.83    2.27    3.18
20-07-2024 08:47:29.88  252.54   0.526  28.013   32.924   84.5   9.71  14.000   -0.07105    1.87    2.53    3.26
20-07-2024 08:47:30.12  252.29   0.525  28.013   32.925   84.5   9.71  14.000   -0.06439    2.28    2.55    3.14
20-07-2024 08:47:30.37  252.02   0.525  28.011   32.923   84.5   9.72  14.000   -0.06957    1.87    2.35    3.22
20-07-2024 08:47:30.61  251.77   0.525  28.011   32.924   84.5   9.72  14.000   -0.07476    2.11    2.61    2.97
20-07-2024 08:47:30.85  251.53   0.524  28.011   32.925   84.5   9.72  14.000   -0.06217    2.11    2.61    2.97
20-07-2024 08:47:31.11  251.25   0.524  28.010   32.924   84.5   9.72  14.000   -0.08068    2.05    2.14    3.24
20-07-2024 08:47:31.35  251.02   0.523  28.010   32.924   84.6   9.72  14.000   -0.06661    2.17    1.97    3.15
20-07-2024 08:47:31.60  250.75   0.523  28.009   32.924   84.6   9.72  14.000   -0.06291    1.85    2.83    3.25
20-07-2024 08:47:31.85  250.49   0.523  28.009   32.924   84.6   9.72  14.000   -0.06735    2.28    2.32    3.25
20-07-2024 08:47:32.09  250.25   0.522  28.008   32.924   84.6   9.72  14.000   -0.06809    1.90    2.35    3.15
20-07-2024 08:47:32.34  249.98   0.522  28.006   32.921   84.6   9.72  14.000   -0.04589    1.94    1.84    3.08
20-07-2024 08:47:32.58  249.74   0.521  28.005   32.921   84.6   9.72  14.000   -0.07179    1.94    1.84    3.08
20-07-2024 08:47:32.83  249.51   0.521  28.005   32.921   84.5   9.72  14.000   -0.06809    2.04    2.37    3.12
20-07-2024 08:47:33.07  249.23   0.521  28.003   32.920   84.6   9.72  14.000   -0.08364    1.93    2.28    3.07
20-07-2024 08:47:33.32  248.96   0.520  28.003   32.919   84.6   9.72  14.000   -0.07846    2.02    1.93    3.03
20-07-2024 08:47:33.56  248.72   0.520  28.003   32.920   84.6   9.72  14.000   -0.06661    1.91    2.74    3.04
20-07-2024 08:47:33.81  248.44   0.520  28.002   32.919   84.6   9.72  14.000   -0.07328    2.21    1.89    3.29
20-07-2024 08:47:34.05  248.18   0.519  28.001   32.918   84.6   9.72  14.000   -0.07179    2.21    1.89    3.29
20-07-2024 08:47:34.30  247.90   0.518  28.000   32.918   84.6   9.72  14.000   -0.06069    1.96    2.01    3.19
20-07-2024 08:47:34.54  247.69   0.518  28.000   32.919   84.6   9.72  14.000   -0.04515    1.72    2.33    3.02
20-07-2024 08:47:34.80  247.38   0.517  27.999   32.919   84.6   9.72  14.000   -0.07253    1.84    2.47    2.94
20-07-2024 08:47:35.04  247.15   0.517  27.999   32.919   84.6   9.72  14.000   -0.06365    2.09    2.28    3.33
20-07-2024 08:47:35.29  246.86   0.517  28.000   32.920   84.6   9.72  14.000   -0.05995    1.85    2.72    3.42
20-07-2024 08:47:35.53  246.61   0.516  27.999   32.920   84.6   9.72  14.000   -0.05847    1.93    2.10    3.09
20-07-2024 08:47:35.78  246.32   0.516  27.998   32.918   84.6   9.72  14.000   -0.04663    2.13    2.46    3.06
20-07-2024 08:47:36.02  246.08   0.516  27.997   32.917   84.6   9.72  14.000   -0.06513    2.13    2.46    3.06
20-07-2024 08:47:36.27  245.82   0.515  27.996   32.917   84.6   9.72  14.000   -0.07920    2.05    2.33    3.19
20-07-2024 08:47:36.51  245.53   0.515  27.996   32.918   84.6   9.73  14.000   -0.07105    2.15    1.97    3.26
20-07-2024 08:47:36.76  245.30   0.514  27.995   32.917   84.6   9.72  14.000   -0.07031    2.14    2.49    3.27
20-07-2024 08:47:37.00  245.02   0.514  27.995   32.918   84.6   9.73  14.000   -0.07179    2.13    2.12    2.93
20-07-2024 08:47:37.25  244.76   0.513  27.995   32.919   84.6   9.73  14.000   -0.05995    2.30    2.36    3.35
20-07-2024 08:47:37.49  244.50   0.513  27.992   32.916   84.6   9.73  14.000   -0.06439    2.30    2.36    3.35
20-07-2024 08:47:37.74  244.22   0.513  27.993   32.918   84.6   9.73  14.000   -0.06661    2.05    2.35    3.30
20-07-2024 08:47:37.98  243.96   0.512  27.993   32.919   84.6   9.73  14.000   -0.04293    1.86    2.46    3.11
20-07-2024 08:47:38.24  243.72   0.511  27.992   32.918   84.6   9.73  14.000   -0.08216    2.02    1.96    3.36
20-07-2024 08:47:38.48  243.47   0.511  27.992   32.919   84.6   9.73  14.000   -0.07179    2.23    2.07    3.49
20-07-2024 08:47:38.73  243.17   0.509  27.990   32.918   84.6   9.73  14.000   -0.07476    2.00    2.66    3.20
20-07-2024 08:47:38.98  242.93   0.508  27.991   32.920   84.7   9.73  14.000   -0.06661    2.09    2.31    2.95
20-07-2024 08:47:39.22  242.66   0.508  27.990   32.919   84.6   9.73  14.000   -0.06069    2.09    2.31    2.95
20-07-2024 08:47:39.47  242.39   0.508  27.987   32.915   84.6   9.73  14.000   -0.06587    2.10    2.24    3.47
20-07-2024 08:47:39.71  242.11   0.506  27.984   32.914   84.6   9.73  14.000   -0.06513    2.12    2.57    3.26
20-07-2024 08:47:39.96  241.87   0.506  27.984   32.914   84.6   9.73  14.000   -0.07253    2.13    2.10    3.21
20-07-2024 08:47:40.20  241.62   0.506  27.985   32.915   84.6   9.73  14.000   -0.06587    2.18    1.78    2.94
20-07-2024 08:47:40.45  241.36   0.505  27.985   32.916   84.6   9.73  14.000   -0.05773    2.15    1.85    3.40
20-07-2024 08:47:40.69  241.09   0.505  27.984   32.915   84.6   9.73  14.000   -0.07105    2.03    2.37    3.37
20-07-2024 08:47:40.94  240.83   0.504  27.980   32.911   84.6   9.73  14.000   -0.06513    2.03    2.37    3.37
20-07-2024 08:47:41.18  240.57   0.502  27.980   32.914   84.7   9.74  14.000   -0.07698    1.99    2.32    3.23
20-07-2024 08:47:41.43  240.32   0.501  27.982   32.917   84.7   9.73  14.000   -0.05995    2.12    2.04    3.25
20-07-2024 08:47:41.68  240.04   0.501  27.981   32.916   84.7   9.74  14.000   -0.06439    1.75    1.99    3.12
20-07-2024 08:47:41.92  239.78   0.500  27.980   32.916   84.7   9.74  14.000   -0.06661    2.26    2.25    2.98
20-07-2024 08:47:42.17  239.52   0.499  27.978   32.914   84.7   9.74  14.000   -0.05921    1.88    2.13    3.16
20-07-2024 08:47:42.42  239.28   0.499  27.977   32.914   84.7   9.74  14.000   -0.06587    2.02    2.25    3.10
20-07-2024 08:47:42.67  239.00   0.499  27.975   32.911   84.7   9.74  14.000   -0.03997    2.02    2.25    3.10
20-07-2024 08:47:42.91  238.71   0.498  27.974   32.912   84.7   9.74  14.000   -0.06809    1.79    2.29    2.95
20-07-2024 08:47:43.16  238.44   0.497  27.973   32.913   84.7   9.74  14.000   -0.07476    2.26    2.34    2.98
20-07-2024 08:47:43.40  238.24   0.496  27.972   32.912   84.7   9.74  14.000   -0.07031    2.16    2.04    3.18
20-07-2024 08:47:43.65  237.92   0.496  27.972   32.911   84.7   9.74  14.000   -0.07624    2.09    2.24    3.19
20-07-2024 08:47:43.89  237.68   0.495  27.970   32.910   84.7   9.74  14.000   -0.06513    1.92    2.35    3.23
20-07-2024 08:47:44.14  237.41   0.493  27.969   32.910   84.7   9.75  14.000   -0.04885    1.95    1.85    2.82
20-07-2024 08:47:44.38  237.13   0.493  27.969   32.912   84.7   9.75  14.000   -0.07772    1.95    1.85    2.82
20-07-2024 08:47:44.63  236.90   0.492  27.969   32.912   84.8   9.75  14.000   -0.06661    2.01    2.45    3.13
20-07-2024 08:47:44.87  236.62   0.491  27.969   32.914   84.8   9.75  14.000   -0.03849    1.88    2.04    2.85
20-07-2024 08:47:45.12  236.34   0.490  27.967   32.912   84.8   9.75  14.000   -0.06661    2.32    2.16    3.42
20-07-2024 08:47:45.36  236.07   0.489  27.963   32.908   84.8   9.75  14.000   -0.05773    2.29    2.46    2.94
20-07-2024 08:47:45.61  235.83   0.489  27.962   32.907   84.8   9.75  14.000   -0.07105    2.10    2.25    2.90
20-07-2024 08:47:45.86  235.52   0.488  27.960   32.906   84.8   9.76  14.000   -0.07328    1.97    2.29    3.21
20-07-2024 08:47:46.10  235.25   0.486  27.958   32.905   84.8   9.76  14.000   -0.06883    1.97    2.29    3.21
20-07-2024 08:47:46.35  235.00   0.486  27.959   32.908   84.8   9.76  14.000   -0.06365    2.18    2.30    3.26
20-07-2024 08:47:46.60  234.73   0.485  27.959   32.908   84.8   9.76  14.000   -0.05921    1.94    2.66    2.90
20-07-2024 08:47:46.84  234.44   0.485  27.959   32.908   84.8   9.76  14.000   -0.06809    2.32    2.43    3.29
20-07-2024 08:47:47.09  234.21   0.484  27.959   32.909   84.9   9.76  14.000   -0.07846    2.03    2.53    3.14
20-07-2024 08:47:47.33  233.95   0.483  27.959   32.910   84.9   9.76  14.000   -0.07920    2.44    2.29    3.15
20-07-2024 08:47:47.58  233.66   0.482  27.957   32.909   84.9   9.76  14.000   -0.08068    1.91    2.34    2.87
20-07-2024 08:47:47.82  233.40   0.482  27.956   32.908   84.9   9.76  14.000   -0.05625    1.91    2.34    2.87
20-07-2024 08:47:48.07  233.14   0.481  27.953   32.906   84.9   9.77  14.000   -0.06439    2.23    1.95    3.38
20-07-2024 08:47:48.31  232.86   0.480  27.952   32.905   84.9   9.77  14.000   -0.07253    2.09    2.33    3.15
20-07-2024 08:47:48.56  232.59   0.479  27.951   32.906   84.9   9.77  14.000   -0.05847    2.12    2.16    3.22
20-07-2024 08:47:48.80  232.33   0.479  27.951   32.906   84.9   9.77  14.000   -0.06661    2.12    2.02    3.49
20-07-2024 08:47:49.06  232.05   0.478  27.951   32.906   84.9   9.77  14.000   -0.07105    2.04    2.38    2.88
20-07-2024 08:47:49.30  231.83   0.478  27.951   32.906   84.9   9.77  14.000   -0.06661    2.30    2.51    3.33
20-07-2024 08:47:49.55  231.51   0.477  27.949   32.906   84.9   9.77  14.000   -0.07105    2.30    2.51    3.33
20-07-2024 08:47:49.79  231.22   0.477  27.948   32.905   84.9   9.77  14.000   -0.06661    1.81    2.15    2.88
20-07-2024 08:47:50.04  230.91   0.476  27.948   32.906   84.9   9.77  14.000   -0.02665    2.27    2.22    3.24
20-07-2024 08:47:50.29  230.67   0.475  27.946   32.904   84.9   9.77  14.000   -0.05847    1.93    2.47    3.54
20-07-2024 08:47:50.53  230.39   0.475  27.946   32.905   85.0   9.78  14.000   -0.05847    2.05    2.15    3.12
20-07-2024 08:47:50.78  230.14   0.475  27.946   32.904   84.9   9.78  14.000   -0.04959    1.97    2.23    3.40
20-07-2024 08:47:51.02  229.90   0.474  27.944   32.903   84.9   9.78  14.000   -0.06587    1.98    2.13    3.07
20-07-2024 08:47:51.27  229.65   0.475  27.943   32.901   85.0   9.78  14.000   -0.06661    1.98    2.13    3.07
20-07-2024 08:47:51.51  229.41   0.474  27.942   32.901   85.0   9.78  14.000   -0.07328    2.23    2.41    3.14
20-07-2024 08:47:51.76  229.14   0.474  27.942   32.901   85.0   9.78  14.000   -0.07328    2.18    2.11    3.37
20-07-2024 08:47:52.00  228.88   0.474  27.941   32.900   85.0   9.78  14.000   -0.04885    2.01    2.33    3.39
20-07-2024 08:47:52.25  228.59   0.473  27.941   32.900   85.0   9.78  14.000   -0.05847    2.20    2.40    3.12
20-07-2024 08:47:52.49  228.37   0.473  27.940   32.900   85.0   9.78  14.000   -0.06809    1.94    2.70    3.13
20-07-2024 08:47:52.74  228.10   0.472  27.941   32.902   85.0   9.78  14.000   -0.08142    2.18    2.48    3.28
20-07-2024 08:47:52.98  227.88   0.472  27.940   32.901   85.0   9.78  14.000   -0.06439    2.18    2.48    3.28
20-07-2024 08:47:53.23  227.58   0.472  27.940   32.900   85.0   9.78  14.000   -0.08512    2.08    2.17    3.09
20-07-2024 08:47:53.48  227.30   0.472  27.940   32.901   85.0   9.79  14.000   -0.07698    2.17    2.78    3.22
20-07-2024 08:47:53.73  227.00   0.472  27.939   32.901   85.0   9.79  14.000   -0.04663    2.09    2.48    3.03
20-07-2024 08:47:53.97  226.79   0.471  27.939   32.901   85.0   9.79  14.000   -0.05699    2.19    2.01    3.53
20-07-2024 08:47:54.22  226.52   0.471  27.938   32.901   85.0   9.79  14.000   -0.07031    2.35    2.39    3.21
20-07-2024 08:47:54.46  226.30   0.471  27.938   32.900   85.0   9.79  14.000   -0.06143    1.98    2.30    3.26
20-07-2024 08:47:54.71  226.02   0.470  27.938   32.901   85.0   9.79  14.000   -0.05847    1.98    2.30    3.26
20-07-2024 08:47:54.95  225.71   0.469  27.937   32.902   85.0   9.79  14.000   -0.05625    2.04    2.70    3.01
20-07-2024 08:47:55.20  225.43   0.468  27.935   32.900   85.1   9.79  14.000   -0.07624    2.14    2.50    2.81
20-07-2024 08:47:55.44  225.16   0.467  27.932   32.898   85.1   9.79  14.000   -0.07402    2.14    1.95    3.48
20-07-2024 08:47:55.69  224.91   0.466  27.934   32.901   85.0   9.79  14.000   -0.06365    2.10    2.02    3.17
20-07-2024 08:47:55.93  224.65   0.465  27.932   32.901   85.1   9.79  14.000   -0.05847    1.93    2.21    2.90
20-07-2024 08:47:56.18  224.37   0.464  27.932   32.902   85.1   9.79  14.000   -0.07105    2.06    2.28    2.88
20-07-2024 08:47:56.42  224.09   0.464  27.932   32.902   85.1   9.79  14.000   -0.05773    2.06    2.28    2.88
20-07-2024 08:47:56.67  223.86   0.464  27.932   32.901   85.1   9.79  14.000   -0.07772    1.89    2.57    3.09
20-07-2024 08:47:56.92  223.57   0.463  27.930   32.901   85.1   9.79  14.000   -0.06439    2.20    2.45    3.40
20-07-2024 08:47:57.17  223.29   0.462  27.928   32.899   85.1   9.79  14.000   -0.06217    2.27    2.07    3.11
20-07-2024 08:47:57.42  223.05   0.462  27.929   32.900   85.1   9.79  14.000   -0.05625    2.02    2.93    3.23
20-07-2024 08:47:57.66  222.76   0.462  27.926   32.897   85.1   9.80  14.000   -0.05625    2.36    2.51    3.01
20-07-2024 08:47:57.91  222.53   0.461  27.925   32.896   85.1   9.80  14.000   -0.05181    2.20    2.53    3.41
20-07-2024 08:47:58.15  222.26   0.460  27.925   32.897   85.1   9.80  14.000   -0.05995    2.20    2.53    3.41
20-07-2024 08:47:58.40  222.00   0.460  27.922   32.894   85.1   9.80  14.000   -0.08512    1.96    2.08    3.04
20-07-2024 08:47:58.64  221.73   0.459  27.921   32.893   85.1   9.80  14.000   -0.06291    1.86    2.26    3.50
20-07-2024 08:47:58.89  221.47   0.459  27.921   32.894   85.1   9.80  14.000   -0.06957    1.97    2.12    2.78
20-07-2024 08:47:59.13  221.20   0.458  27.921   32.895   85.1   9.80  14.000   -0.04885    2.23    2.47    3.36
20-07-2024 08:47:59.38  220.96   0.458  27.921   32.895   85.1   9.80  14.000   -0.08438    2.47    2.62    3.21
20-07-2024 08:47:59.62  220.70   0.458  27.920   32.894   85.1   9.80  14.000   -0.06439    2.13    2.24    3.17
20-07-2024 08:47:59.87  220.41   0.458  27.920   32.895   85.1   9.80  14.000   -0.05847    2.13    2.24    3.17
20-07-2024 08:48:00.12  220.14   0.458  27.920   32.894   85.1   9.80  14.000   -0.04441    2.33    2.38    2.69
20-07-2024 08:48:00.36  219.94   0.457  27.918   32.893   85.1   9.80  14.000   -0.07772    2.25    2.42    2.86
20-07-2024 08:48:00.61  219.63   0.456  27.917   32.894   85.1   9.80  14.000   -0.08142    2.01    2.09    3.13
20-07-2024 08:48:00.85  219.41   0.456  27.918   32.894   85.1   9.80  14.000   -0.05847    2.40    2.53    3.03
20-07-2024 08:48:01.10  219.13   0.456  27.916   32.893   85.1   9.80  14.000   -0.05255    2.03    2.27    3.05
20-07-2024 08:48:01.35  218.88   0.455  27.917   32.894   85.1   9.80  14.000   -0.05773    2.08    2.06    3.29
20-07-2024 08:48:01.59  218.62   0.455  27.915   32.893   85.1   9.80  14.000   -0.06069    2.08    2.06    3.29
20-07-2024 08:48:01.84  218.36   0.455  27.914   32.891   85.1   9.80  14.000   -0.05033    2.31    2.14    3.40
20-07-2024 08:48:02.08  218.11   0.455  27.913   32.890   85.1   9.80  14.000   -0.07772    1.91    2.06    2.76
20-07-2024 08:48:02.33  217.84   0.453  27.912   32.891   85.1   9.80  14.000   -0.06957    1.87    2.38    3.21
20-07-2024 08:48:02.57  217.57   0.452  27.912   32.892   85.1   9.80  14.000   -0.05625    1.95    1.99    3.12
20-07-2024 08:48:02.82  217.32   0.452  27.912   32.893   85.1   9.81  14.000   -0.05921    2.21    2.03    3.23
20-07-2024 08:48:03.06  217.04   0.452  27.911   32.891   85.1   9.80  14.000   -0.04219    1.93    2.28    3.16
20-07-2024 08:48:03.31  216.79   0.452  27.912   32.892   85.1   9.80  14.000   -0.07402    1.93    2.28    3.16
20-07-2024 08:48:03.55  216.50   0.451  27.910   32.890   85.2   9.81  14.000   -0.08068    2.02    1.95    3.09
20-07-2024 08:48:03.80  216.23   0.450  27.910   32.893   85.2   9.81  14.000   -0.06069    2.30    3.05    2.82
20-07-2024 08:48:04.05  216.01   0.450  27.908   32.890   85.1   9.81  14.000   -0.04219    1.96    1.99    3.24
20-07-2024 08:48:04.30  215.72   0.450  27.907   32.890   85.2   9.81  14.000   -0.07105    2.26    2.18    3.01
20-07-2024 08:48:04.54  215.46   0.448  27.907   32.890   85.2   9.81  14.000   -0.07031    2.04    2.76    3.26
20-07-2024 08:48:04.79  215.25   0.449  27.905   32.888   85.2   9.81  14.000   -0.05551    2.07    2.52    3.28
20-07-2024 08:48:05.04  214.99   0.448  27.904   32.888   85.2   9.81  14.000   -0.06439    2.07    2.52    3.28
20-07-2024 08:48:05.28  214.74   0.447  27.905   32.889   85.1   9.81  14.000   -0.08290    2.25    2.25    3.13
20-07-2024 08:48:05.53  214.45   0.448  27.904   32.888   85.1   9.81  14.000   -0.06661    2.18    2.49    3.12
20-07-2024 08:48:05.77  214.21   0.446  27.904   32.890   85.1   9.81  14.000   -0.08808    1.87    2.13    3.18
20-07-2024 08:48:06.02  213.95   0.445  27.900   32.886   85.1   9.81  14.000   -0.06809    1.90    2.35    3.00
20-07-2024 08:48:06.26  213.69   0.444  27.900   32.887   85.1   9.81  14.000   -0.06809    1.88    2.17    3.01
20-07-2024 08:48:06.51  213.40   0.444  27.901   32.889   85.1   9.81  14.000   -0.04811    1.96    2.32    3.28
20-07-2024 08:48:06.75  213.16   0.443  27.900   32.889   85.1   9.80  14.000   -0.05995    1.96    2.32    3.28
20-07-2024 08:48:07.00  212.95   0.443  27.900   32.889   85.1   9.80  14.000   -0.06957    1.99    2.02    3.10
20-07-2024 08:48:07.24  212.66   0.439  27.895   32.887   85.1   9.80  14.000   -0.07253    2.32    2.47    3.10
20-07-2024 08:48:07.49  212.38   0.438  27.893   32.885   85.1   9.81  14.000   -0.05181    2.05    2.26    3.09
20-07-2024 08:48:07.73  212.16   0.437  27.894   32.887   85.1   9.80  14.000   -0.07253    2.20    2.27    3.01
20-07-2024 08:48:07.98  211.86   0.436  27.891   32.885   85.1   9.80  14.000   -0.07253    1.81    1.99    2.95
20-07-2024 08:48:08.23  211.63   0.436  27.890   32.884   85.1   9.80  14.000   -0.05033    2.04    1.88    3.35
20-07-2024 08:48:08.48  211.36   0.436  27.891   32.885   85.1   9.80  14.000   -0.05773    2.04    1.88    3.35
20-07-2024 08:48:08.72  211.10   0.436  27.890   32.884   85.1   9.80  14.000   -0.06587    2.19    1.73    3.20
20-07-2024 08:48:08.97  210.82   0.434  27.888   32.883   85.1   9.80  14.000   -0.06735    2.23    2.32    3.28
20-07-2024 08:48:09.21  210.57   0.432  27.885   32.882   85.1   9.80  14.000   -0.07179    1.96    2.14    3.35
20-07-2024 08:48:09.46  210.28   0.431  27.886   32.885   85.1   9.80  14.000   -0.06587    2.24    2.84    3.16
20-07-2024 08:48:09.70  210.05   0.430  27.885   32.884   85.0   9.80  14.000   -0.05551    1.81    2.26    3.17
20-07-2024 08:48:09.95  209.76   0.430  27.886   32.886   85.0   9.80  14.000   -0.03775    2.25    2.39    3.24
20-07-2024 08:48:10.19  209.51   0.428  27.885   32.886   85.1   9.80  14.000   -0.07179    2.25    2.39    3.24
20-07-2024 08:48:10.44  209.23   0.427  27.883   32.885   85.0   9.80  14.000   -0.06735    2.05    2.56    2.99
20-07-2024 08:48:10.68  208.97   0.426  27.881   32.884   85.0   9.80  14.000   -0.06291    2.12    2.55    3.21
20-07-2024 08:48:10.93  208.71   0.424  27.880   32.885   85.0   9.80  14.000   -0.06365    2.08    2.52    3.26
20-07-2024 08:48:11.18  208.43   0.424  27.876   32.880   85.0   9.80  14.000   -0.07105    1.97    2.76    3.13
20-07-2024 08:48:11.42  208.16   0.423  27.873   32.877   85.1   9.80  14.000   -0.07550    1.81    2.56    3.00
20-07-2024 08:48:11.67  207.91   0.423  27.873   32.878   85.0   9.80  14.000   -0.04885    1.94    2.18    2.88
20-07-2024 08:48:11.91  207.65   0.422  27.874   32.881   85.0   9.80  14.000   -0.06217    1.94    2.18    2.88
20-07-2024 08:48:12.17  207.36   0.421  27.872   32.880   85.0   9.80  14.000   -0.06661    2.27    2.39    3.12
20-07-2024 08:48:12.41  207.12   0.420  27.871   32.879   85.0   9.80  14.000   -0.07402    2.13    2.67    3.12
20-07-2024 08:48:12.66  206.90   0.419  27.871   32.880   85.1   9.80  14.000   -0.06735    2.00    2.11    3.15
20-07-2024 08:48:12.90  206.63   0.417  27.871   32.882   85.1   9.81  14.000   -0.06957    2.02    2.23    2.92
20-07-2024 08:48:13.15  206.37   0.416  27.869   32.881   85.1   9.80  14.000   -0.05847    2.10    2.32    3.09
20-07-2024 08:48:13.39  206.09   0.415  27.864   32.876   85.1   9.81  14.000   -0.04589    2.40    2.79    3.19
20-07-2024 08:48:13.64  205.83   0.413  27.866   32.881   85.1   9.81  14.000   -0.05699    2.40    2.79    3.19
20-07-2024 08:48:13.88  205.53   0.412  27.865   32.881   85.1   9.81  14.000   -0.06143    2.00    2.18    3.24
20-07-2024 08:48:14.13  205.33   0.409  27.864   32.883   85.1   9.81  14.000   -0.07624    1.90    2.42    3.11
20-07-2024 08:48:14.37  205.06   0.406  27.858   32.878   85.1   9.81  14.000   -0.05403    1.86    1.96    3.22
20-07-2024 08:48:14.62  204.79   0.405  27.856   32.876   85.1   9.81  14.000   -0.05477    2.00    2.21    3.19
20-07-2024 08:48:14.86  204.55   0.405  27.856   32.876   85.1   9.81  14.000   -0.05995    1.90    2.66    2.95
20-07-2024 08:48:15.11  204.28   0.402  27.854   32.878   85.1   9.82  14.000   -0.06735    1.90    2.66    2.95
20-07-2024 08:48:15.36  204.02   0.400  27.850   32.875   85.1   9.82  14.000   -0.06217    2.26    2.41    2.95
20-07-2024 08:48:15.60  203.75   0.399  27.848   32.873   85.1   9.82  14.000   -0.05921    1.99    2.23    3.13
20-07-2024 08:48:15.85  203.48   0.396  27.842   32.869   85.1   9.82  14.000   -0.06735    2.26    2.65    3.29
20-07-2024 08:48:16.10  203.24   0.394  27.844   32.874   85.1   9.82  14.000   -0.08364    2.43    2.38    3.01
20-07-2024 08:48:16.34  202.98   0.394  27.837   32.865   85.1   9.82  14.000   -0.05995    2.26    2.53    3.25
20-07-2024 08:48:16.59  202.71   0.393  27.838   32.866   85.1   9.82  14.000   -0.07550    2.29    2.70    3.24
20-07-2024 08:48:16.84  202.40   0.391  27.837   32.868   85.2   9.82  14.000   -0.07920    2.06    2.50    3.11
20-07-2024 08:48:17.08  202.13   0.387  27.837   32.872   85.2   9.83  14.000   -0.06439    2.06    2.50    3.11
20-07-2024 08:48:17.32  201.89   0.386  27.832   32.867   85.1   9.82  14.000   -0.06957    2.06    2.38    3.10
20-07-2024 08:48:17.57  201.60   0.384  27.831   32.869   85.2   9.83  14.000   -0.06661    2.14    2.42    3.20
20-07-2024 08:48:17.81  201.34   0.384  27.831   32.868   85.2   9.83  14.000   -0.06291    2.02    2.07    3.09
20-07-2024 08:48:18.06  201.06   0.382  27.828   32.866   85.2   9.83  14.000   -0.07624    2.27    1.70    3.05
20-07-2024 08:48:18.30  200.81   0.381  27.829   32.869   85.2   9.83  14.000   -0.07920    2.11    2.56    2.99
20-07-2024 08:48:18.55  200.55   0.381  27.827   32.868   85.2   9.83  14.000   -0.06365    2.11    2.56    2.99
20-07-2024 08:48:18.79  200.29   0.381  27.823   32.863   85.2   9.83  14.000   -0.06809    2.31    1.85    3.18
20-07-2024 08:48:19.05  200.01   0.378  27.817   32.858   85.2   9.83  14.000   -0.06439    2.04    2.24    3.02
20-07-2024 08:48:19.29  199.77   0.377  27.818   32.860   85.2   9.84  14.000   -0.07328    1.95    2.18    3.09
20-07-2024 08:48:19.54  199.48   0.375  27.816   32.860   85.2   9.83  14.000   -0.06809    2.16    2.50    3.20
20-07-2024 08:48:19.79  199.22   0.374  27.816   32.860   85.2   9.84  14.000   -0.04515    2.06    2.27    3.37
20-07-2024 08:48:20.03  198.99   0.372  27.814   32.860   85.3   9.84  14.000   -0.06365    2.32    2.21    2.89
20-07-2024 08:48:20.28  198.74   0.371  27.813   32.859   85.2   9.84  14.000   -0.05995    2.32    2.21    2.89
20-07-2024 08:48:20.52  198.47   0.371  27.812   32.859   85.3   9.84  14.000   -0.06883    1.91    2.06    2.77
20-07-2024 08:48:20.77  198.22   0.365  27.805   32.856   85.3   9.85  14.000   -0.05329    2.04    2.79    3.09
20-07-2024 08:48:21.01  197.96   0.363  27.805   32.858   85.3   9.85  14.000   -0.06587    1.91    1.94    3.13
20-07-2024 08:48:21.26  197.69   0.362  27.803   32.858   85.3   9.85  14.000   -0.06957    1.67    2.25    2.94
20-07-2024 08:48:21.50  197.40   0.359  27.804   32.861   85.3   9.85  14.000   -0.06735    2.10    2.19    3.24
20-07-2024 08:48:21.75  197.20   0.356  27.802   32.863   85.3   9.85  14.000   -0.05699    2.05    2.11    2.94
20-07-2024 08:48:21.99  196.91   0.355  27.802   32.864   85.4   9.86  14.000   -0.06587    2.05    2.11    2.94
20-07-2024 08:48:22.24  196.63   0.354  27.802   32.865   85.4   9.86  14.000   -0.07402    2.20    2.62    3.21
20-07-2024 08:48:22.48  196.40   0.353  27.788   32.848   85.4   9.86  14.000   -0.05477    2.16    1.77    3.34
20-07-2024 08:48:22.73  196.11   0.350  27.785   32.847   85.4   9.86  14.000   -0.07624    2.12    2.16    3.05
20-07-2024 08:48:22.98  195.91   0.347  27.786   32.852   85.4   9.86  14.000   -0.07402    2.09    1.94    3.12
20-07-2024 08:48:23.23  195.58   0.345  27.783   32.851   85.4   9.86  14.000   -0.06439    2.36    2.14    2.96
20-07-2024 08:48:23.47  195.35   0.344  27.773   32.839   85.4   9.87  14.000   -0.06661    2.05    2.06    3.48
20-07-2024 08:48:23.72  195.08   0.339  27.775   32.848   85.4   9.87  14.000   -0.07328    2.05    2.06    3.48
20-07-2024 08:48:23.96  194.83   0.336  27.776   32.852   85.4   9.87  14.000   -0.07328    1.80    2.65    3.29
20-07-2024 08:48:24.21  194.55   0.334  27.776   32.853   85.4   9.87  14.000   -0.05921    1.66    2.71    2.80
20-07-2024 08:48:24.45  194.30   0.332  27.772   32.851   85.4   9.87  14.000   -0.05625    2.30    2.32    3.08
20-07-2024 08:48:24.70  194.04   0.328  27.760   32.840   85.4   9.88  14.000   -0.06883    1.82    2.22    2.88
20-07-2024 08:48:24.94  193.77   0.324  27.751   32.832   85.5   9.88  14.000   -0.07031    2.00    1.58    2.92
20-07-2024 08:48:25.19  193.48   0.321  27.754   32.840   85.5   9.88  14.000   -0.06735    2.03    1.98    3.14
20-07-2024 08:48:25.43  193.24   0.319  27.754   32.842   85.5   9.89  14.000   -0.07846    2.03    1.98    3.14
20-07-2024 08:48:25.68  192.97   0.317  27.755   32.845   85.5   9.89  14.000   -0.07031    2.35    2.18    3.31
20-07-2024 08:48:25.92  192.75   0.314  27.756   32.850   85.5   9.89  14.000   -0.06513    2.25    2.23    2.91
20-07-2024 08:48:26.17  192.50   0.312  27.755   32.851   85.5   9.89  14.000   -0.06513    2.27    2.63    3.23
20-07-2024 08:48:26.42  192.24   0.309  27.741   32.836   85.6   9.89  14.000   -0.07476    1.97    2.71    3.24
20-07-2024 08:48:26.67  191.96   0.309  27.739   32.833   85.6   9.89  14.000   -0.06809    2.18    2.02    2.84
20-07-2024 08:48:26.92  191.71   0.308  27.740   32.836   85.6   9.90  14.000   -0.07476    2.25    2.60    2.88
20-07-2024 08:48:27.16  191.47   0.306  27.736   32.833   85.6   9.90  14.000   -0.05181    2.25    2.60    2.88
20-07-2024 08:48:27.41  191.24   0.305  27.731   32.828   85.6   9.90  14.000   -0.06809    2.18    2.73    3.24
20-07-2024 08:48:27.65  190.95   0.304  27.729   32.827   85.6   9.90  14.000   -0.04811    1.86    2.14    3.19
20-07-2024 08:48:27.90  190.73   0.302  27.730   32.830   85.7   9.91  14.000   -0.05699    2.00    1.91    3.18
20-07-2024 08:48:28.14  190.46   0.301  27.729   32.831   85.7   9.91  14.000   -0.05921    2.31    2.23    3.12
20-07-2024 08:48:28.39  190.20   0.300  27.725   32.827   85.7   9.91  14.000   -0.06513    2.08    2.13    3.18
20-07-2024 08:48:28.63  189.95   0.299  27.722   32.824   85.7   9.91  14.000   -0.08512    1.86    2.28    3.22
20-07-2024 08:48:28.88  189.72   0.298  27.721   32.823   85.7   9.91  14.000   -0.06661    1.86    2.28    3.22
20-07-2024 08:48:29.12  189.45   0.298  27.719   32.821   85.7   9.91  14.000   -0.06809    2.13    1.88    3.19
20-07-2024 08:48:29.37  189.22   0.298  27.718   32.821   85.7   9.92  14.000   -0.07698    1.88    2.14    2.97
20-07-2024 08:48:29.61  188.96   0.297  27.720   32.824   85.7   9.91  14.000   -0.06957    2.03    2.44    3.22
20-07-2024 08:48:29.86  188.72   0.296  27.719   32.823   85.7   9.92  14.000   -0.04589    1.97    2.57    3.42
20-07-2024 08:48:30.11  188.45   0.296  27.717   32.821   85.7   9.92  14.000   -0.06587    2.34    2.04    3.15
20-07-2024 08:48:30.35  188.21   0.295  27.717   32.821   85.7   9.92  14.000   -0.07328    1.96    2.12    3.30
20-07-2024 08:48:30.60  187.95   0.294  27.717   32.822   85.7   9.92  14.000   -0.08216    1.96    2.12    3.30
20-07-2024 08:48:30.85  187.71   0.294  27.715   32.820   85.8   9.92  14.000   -0.06291    2.17    2.39    3.30
20-07-2024 08:48:31.09  187.45   0.294  27.712   32.818   85.8   9.92  14.000   -0.06513    2.26    1.99    3.33
20-07-2024 08:48:31.34  187.17   0.293  27.712   32.818   85.8   9.93  14.000   -0.07179    1.99    2.86    3.09
20-07-2024 08:48:31.58  186.95   0.292  27.712   32.820   85.8   9.93  14.000   -0.05625    1.93    2.23    3.34
20-07-2024 08:48:31.83  186.70   0.291  27.713   32.822   85.8   9.93  14.000   -0.07253    2.28    1.91    3.08
20-07-2024 08:48:32.07  186.45   0.290  27.713   32.823   85.8   9.93  14.000   -0.06365    2.18    2.48    2.77
20-07-2024 08:48:32.32  186.20   0.289  27.712   32.823   85.8   9.93  14.000   -0.06365    2.18    2.48    2.77
20-07-2024 08:48:32.56  185.94   0.288  27.712   32.823   85.8   9.93  14.000   -0.07031    2.19    2.32    3.19
20-07-2024 08:48:32.81  185.68   0.286  27.706   32.818   85.8   9.93  14.000   -0.05995    1.82    2.42    3.29
20-07-2024 08:48:33.06  185.41   0.286  27.705   32.818   85.9   9.94  14.000   -0.04885    2.19    2.24    3.20
20-07-2024 08:48:33.30  185.15   0.285  27.705   32.819   85.9   9.94  14.000   -0.04441    2.13    2.29    3.17
20-07-2024 08:48:33.54  184.91   0.284  27.705   32.820   85.9   9.94  14.000   -0.06587    2.14    2.56    3.15
20-07-2024 08:48:33.80  184.65   0.282  27.702   32.818   85.9   9.94  14.000   -0.08438    1.98    2.74    3.31
20-07-2024 08:48:34.04  184.40   0.281  27.699   32.815   85.9   9.94  14.000   -0.07476    1.98    2.74    3.31
20-07-2024 08:48:34.29  184.10   0.278  27.694   32.813   85.9   9.95  14.000   -0.07550    2.10    2.62    3.11
20-07-2024 08:48:34.54  183.88   0.275  27.692   32.814   86.0   9.95  14.000   -0.05995    1.87    2.32    3.26
20-07-2024 08:48:34.78  183.59   0.275  27.695   32.818   85.9   9.95  14.000   -0.06291    1.82    2.01    2.86
20-07-2024 08:48:35.03  183.33   0.275  27.694   32.817   86.0   9.95  14.000   -0.05551    2.12    2.56    2.79
20-07-2024 08:48:35.27  183.09   0.274  27.695   32.818   86.0   9.95  14.000   -0.06365    2.02    1.93    2.98
20-07-2024 08:48:35.52  182.83   0.273  27.694   32.818   86.0   9.96  14.000   -0.05403    1.93    2.30    3.10
20-07-2024 08:48:35.76  182.56   0.271  27.694   32.820   86.0   9.96  14.000   -0.06735    1.93    2.30    3.10
20-07-2024 08:48:36.01  182.32   0.269  27.689   32.816   86.0   9.96  14.000   -0.06587    2.04    2.11    2.96
20-07-2024 08:48:36.25  182.07   0.267  27.690   32.821   86.0   9.96  14.000   -0.05477    1.81    2.46    3.07
20-07-2024 08:48:36.50  181.81   0.263  27.686   32.820   86.1   9.97  14.000   -0.07476    2.27    2.32    2.97
20-07-2024 08:48:36.74  181.52   0.262  27.680   32.813   86.1   9.97  14.000   -0.05773    2.14    2.60    3.13
20-07-2024 08:48:36.99  181.28   0.260  27.678   32.813   86.1   9.97  14.000   -0.04589    2.03    2.18    2.88
20-07-2024 08:48:37.24  181.02   0.258  27.675   32.811   86.1   9.97  14.000   -0.08068    2.11    2.25    3.10
20-07-2024 08:48:37.48  180.77   0.258  27.671   32.805   86.1   9.97  14.000   -0.05255    2.11    2.25    3.10
20-07-2024 08:48:37.73  180.49   0.257  27.668   32.803   86.1   9.98  14.000   -0.07402    2.01    2.19    3.31
20-07-2024 08:48:37.98  180.23   0.254  27.665   32.803   86.1   9.98  14.000   -0.06661    1.93    2.50    3.09
20-07-2024 08:48:38.22  179.97   0.251  27.666   32.806   86.2   9.98  14.000   -0.03257    1.96    2.24    3.38
20-07-2024 08:48:38.47  179.69   0.250  27.667   32.810   86.2   9.98  14.000   -0.04589    2.40    2.18    3.30
20-07-2024 08:48:38.71  179.42   0.249  27.667   32.811   86.2   9.99  14.000   -0.06069    2.05    2.40    3.63
20-07-2024 08:48:38.96  179.22   0.247  27.662   32.807   86.2   9.99  14.000   -0.05329    2.39    2.42    3.12
20-07-2024 08:48:39.20  178.94   0.247  27.661   32.806   86.2   9.99  14.000   -0.06735    2.39    2.42    3.12
20-07-2024 08:48:39.45  178.68   0.245  27.660   32.807   86.3   9.99  14.000   -0.04071    2.27    2.75    3.16
20-07-2024 08:48:39.69  178.40   0.244  27.660   32.807   86.3  10.00  14.000   -0.04737    1.87    2.60    3.14
20-07-2024 08:48:39.94  178.16   0.243  27.659   32.807   86.3  10.00  14.000   -0.04663    1.96    2.45    3.19
20-07-2024 08:48:40.18  177.88   0.239  27.657   32.809   86.3  10.00  14.000   -0.05033    2.26    2.51    3.12
20-07-2024 08:48:40.43  177.60   0.238  27.658   32.812   86.3  10.01  14.000   -0.05329    2.11    2.59    3.02
20-07-2024 08:48:40.67  177.34   0.237  27.656   32.811   86.4  10.01  14.000   -0.06735    2.07    2.60    3.25
20-07-2024 08:48:40.92  177.08   0.233  27.652   32.810   86.4  10.01  14.000   -0.05921    2.07    2.60    3.25
20-07-2024 08:48:41.17  176.80   0.232  27.645   32.801   86.4  10.02  14.000   -0.06809    1.97    2.07    3.29
20-07-2024 08:48:41.42  176.54   0.232  27.645   32.802   86.4  10.02  14.000   -0.06217    1.95    2.28    3.27
20-07-2024 08:48:41.67  176.26   0.232  27.646   32.803   86.5  10.02  14.000   -0.04959    2.23    2.32    3.13
20-07-2024 08:48:41.91  175.96   0.230  27.645   32.804   86.5  10.03  14.000   -0.04367    1.94    2.36    3.06
20-07-2024 08:48:42.16  175.74   0.228  27.640   32.800   86.5  10.02  14.000   -0.07772    2.31    2.39    3.24
20-07-2024 08:48:42.40  175.47   0.225  27.638   32.801   86.5  10.03  14.000   -0.05477    1.86    2.70    3.13
20-07-2024 08:48:42.65  175.20   0.223  27.635   32.799   86.5  10.03  14.000   -0.07402    1.86    2.70    3.13
20-07-2024 08:48:42.89  174.95   0.223  27.637   32.802   86.5  10.03  14.000   -0.07328    2.29    2.60    3.08
20-07-2024 08:48:43.14  174.65   0.220  27.637   32.805   86.6  10.04  14.000   -0.06513    2.09    2.63    3.02
20-07-2024 08:48:43.38  174.39   0.217  27.636   32.807   86.6  10.04  14.000   -0.07253    2.20    2.46    3.17
20-07-2024 08:48:43.63  174.14   0.218  27.630   32.799   86.6  10.04  14.000   -0.06291    1.92    2.72    3.42
20-07-2024 08:48:43.87  173.85   0.217  27.627   32.795   86.6  10.05  14.000   -0.04885    2.10    2.29    3.28
20-07-2024 08:48:44.13  173.62   0.215  27.628   32.799   86.6  10.05  14.000   -0.05995    2.00    2.06    3.06
20-07-2024 08:48:44.36  173.34   0.212  27.620   32.792   86.7  10.05  14.000   -0.06587    2.00    2.06    3.06
20-07-2024 08:48:44.61  173.09   0.211  27.621   32.795   86.7  10.05  14.000   -0.06587    2.36    2.11    3.00
20-07-2024 08:48:44.86  172.81   0.211  27.619   32.793   86.7  10.05  14.000   -0.05995    1.98    2.31    3.02
20-07-2024 08:48:45.10  172.54   0.211  27.620   32.795   86.7  10.05  14.000   -0.06735    2.10    1.60    3.26
20-07-2024 08:48:45.35  172.24   0.209  27.616   32.791   86.7  10.06  14.000   -0.06587    2.32    1.95    3.26
20-07-2024 08:48:45.60  171.99   0.208  27.615   32.792   86.7  10.06  14.000   -0.07328    2.54    1.95    3.15
20-07-2024 08:48:45.84  171.76   0.207  27.616   32.793   86.7  10.06  14.000   -0.04663    2.04    2.02    3.15
20-07-2024 08:48:46.09  171.47   0.205  27.612   32.790   86.7  10.06  14.000   -0.06883    2.04    2.02    3.15
20-07-2024 08:48:46.33  171.22   0.205  27.614   32.793   86.8  10.06  14.000   -0.07253    2.63    2.58    3.32
20-07-2024 08:48:46.58  170.99   0.204  27.609   32.788   86.8  10.07  14.000   -0.07402    2.24    1.99    3.01
20-07-2024 08:48:46.82  170.72   0.203  27.609   32.789   86.8  10.07  14.000   -0.07698    1.94    2.86    2.98
20-07-2024 08:48:47.07  170.49   0.201  27.604   32.784   86.8  10.07  14.000   -0.05551    2.21    2.51    3.25
20-07-2024 08:48:47.31  170.18   0.201  27.601   32.782   86.8  10.07  14.000   -0.05403    2.32    2.92    3.06
20-07-2024 08:48:47.56  169.96   0.200  27.600   32.781   86.9  10.08  14.000   -0.05255    2.22    2.61    3.06
20-07-2024 08:48:47.80  169.69   0.198  27.598   32.781   86.9  10.08  14.000   -0.06735    2.22    2.61    3.06
20-07-2024 08:48:48.05  169.41   0.196  27.599   32.784   86.9  10.08  14.000   -0.06587    2.24    2.27    3.06
20-07-2024 08:48:48.29  169.16   0.195  27.599   32.785   86.9  10.08  14.000   -0.07179    2.17    2.66    3.41
20-07-2024 08:48:48.55  168.90   0.195  27.594   32.779   86.9  10.09  14.000   -0.07846    2.17    2.12    2.90
20-07-2024 08:48:48.79  168.61   0.192  27.592   32.780   87.0  10.09  14.000   -0.06957    2.08    2.42    3.39
20-07-2024 08:48:49.04  168.37   0.189  27.593   32.785   87.0  10.09  14.000   -0.06883    1.87    2.64    3.20
20-07-2024 08:48:49.29  168.08   0.187  27.593   32.786   87.0  10.09  14.000   -0.05625    2.13    2.43    3.65
20-07-2024 08:48:49.53  167.83   0.185  27.587   32.781   87.0  10.10  14.000   -0.08956    2.13    2.43    3.65
20-07-2024 08:48:49.78  167.55   0.182  27.580   32.775   87.0  10.10  14.000   -0.05995    1.90    2.75    3.48
20-07-2024 08:48:50.02  167.29   0.179  27.575   32.772   87.1  10.11  14.000   -0.06587    1.80    2.34    3.24
20-07-2024 08:48:50.27  167.02   0.175  27.569   32.769   87.1  10.11  14.000   -0.06809    2.22    2.28    3.09
20-07-2024 08:48:50.51  166.79   0.173  27.571   32.774   87.1  10.12  14.000   -0.06661    2.06    1.93    3.10
20-07-2024 08:48:50.76  166.50   0.168  27.571   32.779   87.2  10.12  14.000   -0.06513    2.22    2.31    3.23
20-07-2024 08:48:51.00  166.25   0.166  27.571   32.781   87.2  10.12  14.000   -0.03109    1.67    2.50    3.23
20-07-2024 08:48:51.25  165.98   0.165  27.569   32.780   87.2  10.13  14.000   -0.06143    1.67    2.50    3.23
20-07-2024 08:48:51.49  165.70   0.164  27.571   32.784   87.2  10.13  14.000   -0.07031    2.13    2.12    3.01
20-07-2024 08:48:51.74  165.43   0.162  27.560   32.771   87.2  10.13  14.000   -0.05107    2.01    1.99    3.02
20-07-2024 08:48:51.98  165.16   0.158  27.551   32.764   87.3  10.14  14.000   -0.05847    2.12    2.55    3.06
20-07-2024 08:48:52.24  164.88   0.155  27.551   32.767   87.3  10.14  14.000   -0.05329    2.26    2.07    3.18
20-07-2024 08:48:52.48  164.61   0.154  27.552   32.770   87.3  10.14  14.000   -0.06143    2.32    2.71    3.43
20-07-2024 08:48:52.73  164.35   0.153  27.546   32.764   87.3  10.14  14.000   -0.05033    2.21    2.12    3.13
20-07-2024 08:48:52.97  164.07   0.151  27.540   32.758   87.3  10.15  14.000   -0.07031    2.21    2.12    3.13
20-07-2024 08:48:53.22  163.77   0.149  27.537   32.756   87.3  10.15  14.000   -0.06439    2.22    2.61    3.17
20-07-2024 08:48:53.47  163.50   0.148  27.540   32.762   87.3  10.15  14.000   -0.07179    2.35    2.33    3.25
20-07-2024 08:48:53.71  163.24   0.146  27.539   32.762   87.4  10.15  14.000   -0.07402    2.19    1.85    3.04
20-07-2024 08:48:53.96  162.96   0.144  27.539   32.764   87.4  10.15  14.000   -0.06069    2.06    2.48    3.04
20-07-2024 08:48:54.20  162.70   0.142  27.539   32.767   87.4  10.16  14.000   -0.06439    2.26    2.09    3.11
20-07-2024 08:48:54.45  162.43   0.140  27.538   32.768   87.4  10.16  14.000   -0.06069    2.12    2.22    3.11
20-07-2024 08:48:54.69  162.16   0.139  27.531   32.760   87.4  10.16  14.000   -0.05773    2.12    2.22    3.11
20-07-2024 08:48:54.94  161.90   0.136  27.530   32.763   87.4  10.16  14.000   -0.06217    2.13    2.46    2.94
20-07-2024 08:48:55.19  161.64   0.135  27.530   32.764   87.5  10.17  14.000   -0.06365    1.81    2.71    2.99
20-07-2024 08:48:55.43  161.38   0.134  27.526   32.759   87.5  10.17  14.000   -0.07253    2.17    2.48    3.14
20-07-2024 08:48:55.67  161.12   0.133  27.527   32.762   87.5  10.17  14.000   -0.06587    2.09    2.31    3.19
20-07-2024 08:48:55.92  160.84   0.131  27.527   32.764   87.5  10.17  14.000   -0.06291    2.54    2.13    3.23
20-07-2024 08:48:56.17  160.58   0.128  27.525   32.765   87.5  10.18  14.000   -0.06217    2.05    1.96    3.14
20-07-2024 08:48:56.42  160.33   0.126  27.527   32.770   87.5  10.18  14.000   -0.06513    2.05    1.96    3.14
20-07-2024 08:48:56.66  160.05   0.125  27.515   32.755   87.6  10.18  14.000   -0.07698    2.16    1.81    3.34
20-07-2024 08:48:56.91  159.79   0.123  27.515   32.758   87.6  10.18  14.000   -0.05773    2.42    2.47    3.12
20-07-2024 08:48:57.15  159.50   0.121  27.511   32.754   87.6  10.18  14.000   -0.06735    2.24    2.66    3.25
20-07-2024 08:48:57.40  159.25   0.121  27.513   32.757   87.6  10.19  14.000   -0.07402    2.10    1.97    3.49
20-07-2024 08:48:57.64  158.99   0.119  27.511   32.757   87.6  10.19  14.000   -0.06957    2.38    2.53    3.20
20-07-2024 08:48:57.89  158.71   0.117  27.508   32.755   87.6  10.19  14.000   -0.07402    2.17    2.93    3.05
20-07-2024 08:48:58.13  158.47   0.116  27.505   32.752   87.6  10.19  14.000   -0.07253    2.17    2.93    3.05
20-07-2024 08:48:58.38  158.22   0.116  27.504   32.752   87.7  10.20  14.000   -0.05329    2.00    2.56    3.31
20-07-2024 08:48:58.62  157.94   0.115  27.504   32.752   87.7  10.20  14.000   -0.04959    2.23    2.13    2.82
20-07-2024 08:48:58.87  157.68   0.115  27.504   32.753   87.7  10.20  14.000   -0.06069    2.14    2.58    3.17
20-07-2024 08:48:59.11  157.41   0.114  27.502   32.751   87.8  10.21  14.000   -0.06957    2.21    2.69    3.32
20-07-2024 08:48:59.36  157.17   0.112  27.501   32.752   87.8  10.21  14.000   -0.07179    2.09    2.28    3.14
20-07-2024 08:48:59.61  156.83   0.110  27.501   32.755   87.8  10.21  14.000   -0.05921    2.16    2.78    2.86
20-07-2024 08:48:59.85  156.59   0.108  27.501   32.757   87.8  10.22  14.000   -0.06809    2.16    2.78    2.86
20-07-2024 08:49:00.10  156.33   0.107  27.499   32.756   87.8  10.22  14.000   -0.07920    2.28    2.53    2.84
20-07-2024 08:49:00.35  156.07   0.106  27.498   32.755   87.9  10.23  14.000   -0.06957    2.12    2.20    2.99
20-07-2024 08:49:00.59  155.83   0.104  27.492   32.750   87.9  10.23  14.000   -0.07179    2.13    2.58    3.33
20-07-2024 08:49:00.84  155.55   0.104  27.489   32.746   87.9  10.23  14.000   -0.06735    1.88    2.67    2.98
20-07-2024 08:49:01.08  155.26   0.102  27.484   32.742   88.0  10.24  14.000   -0.06809    2.25    1.89    3.01
20-07-2024 08:49:01.33  155.01   0.101  27.483   32.742   88.0  10.23  14.000   -0.05477    2.25    1.89    3.01
20-07-2024 08:49:01.57  154.77   0.100  27.484   32.745   88.0  10.24  14.000   -0.06661    2.17    2.59    3.12
20-07-2024 08:49:01.82  154.50   0.098  27.484   32.746   88.0  10.24  14.000   -0.03553    2.03    2.14    3.23
20-07-2024 08:49:02.06  154.22   0.098  27.481   32.743   88.0  10.24  14.000   -0.07402    2.13    2.38    2.88
20-07-2024 08:49:02.31  153.97   0.096  27.482   32.747   88.0  10.25  14.000   -0.07253    2.26    2.28    3.30
20-07-2024 08:49:02.55  153.69   0.095  27.479   32.744   88.1  10.25  14.000   -0.05551    2.06    2.30    3.23
20-07-2024 08:49:02.80  153.43   0.092  27.475   32.741   88.1  10.25  14.000   -0.05773    2.22    2.11    3.09
20-07-2024 08:49:03.04  153.21   0.091  27.472   32.740   88.1  10.25  14.000   -0.05773    2.22    2.11    3.09
20-07-2024 08:49:03.30  152.90   0.090  27.473   32.741   88.1  10.25  14.000   -0.04959    1.95    2.02    3.31
20-07-2024 08:49:03.54  152.63   0.090  27.470   32.738   88.1  10.26  14.000   -0.05403    2.08    2.42    3.07
20-07-2024 08:49:03.79  152.36   0.087  27.472   32.743   88.2  10.26  14.000   -0.06217    1.94    2.01    3.37
20-07-2024 08:49:04.04  152.11   0.086  27.465   32.736   88.2  10.26  14.000   -0.07698    2.26    2.37    3.66
20-07-2024 08:49:04.28  151.83   0.083  27.466   32.740   88.2  10.27  14.000   -0.07105    2.18    2.52    3.33
20-07-2024 08:49:04.53  151.52   0.083  27.464   32.739   88.2  10.27  14.000   -0.06513    2.22    2.61    2.99
20-07-2024 08:49:04.77  151.28   0.082  27.463   32.738   88.2  10.27  14.000   -0.07105    2.22    2.61    2.99
20-07-2024 08:49:05.02  151.03   0.077  27.456   32.733   88.2  10.27  14.000   -0.07031    2.10    2.59    3.29
20-07-2024 08:49:05.26  150.78   0.076  27.455   32.734   88.3  10.28  14.000   -0.05403    2.02    2.08    3.20
20-07-2024 08:49:05.51  150.48   0.075  27.454   32.734   88.3  10.28  14.000   -0.07328    1.82    2.20    3.04
20-07-2024 08:49:05.75  150.24   0.075  27.454   32.735   88.3  10.28  14.000   -0.06883    2.20    2.46    3.01
20-07-2024 08:49:06.00  149.99   0.074  27.451   32.731   88.3  10.28  14.000   -0.05551    1.69    1.78    3.09
20-07-2024 08:49:06.25  149.71   0.072  27.451   32.734   88.3  10.28  14.000   -0.05847    2.30    2.23    3.32
20-07-2024 08:49:06.49  149.46   0.069  27.448   32.733   88.3  10.29  14.000   -0.07402    2.30    2.23    3.32
20-07-2024 08:49:06.73  149.20   0.068  27.446   32.732   88.3  10.29  14.000   -0.07402    1.66    2.48    2.87
20-07-2024 08:49:06.99  148.94   0.067  27.446   32.733   88.4  10.29  14.000   -0.03997    2.00    2.40    3.16
20-07-2024 08:49:07.23  148.67   0.065  27.447   32.736   88.4  10.29  14.000   -0.07476    2.31    2.22    3.11
20-07-2024 08:49:07.48  148.40   0.065  27.447   32.737   88.4  10.29  14.000   -0.07179    2.43    1.88    3.17
20-07-2024 08:49:07.72  148.17   0.063  27.448   32.739   88.4  10.30  14.000   -0.05255    2.20    1.92    3.21
20-07-2024 08:49:07.97  147.87   0.062  27.441   32.733   88.4  10.30  14.000   -0.07179    2.23    2.20    3.20
20-07-2024 08:49:08.21  147.60   0.055  27.432   32.728   88.4  10.30  14.000   -0.07328    2.23    2.20    3.20
20-07-2024 08:49:08.46  147.30   0.051  27.430   32.730   88.4  10.31  14.000   -0.05255    2.12    2.26    3.11
20-07-2024 08:49:08.70  147.09   0.051  27.434   32.735   88.4  10.31  14.000   -0.06143    2.11    2.72    3.07
20-07-2024 08:49:08.95  146.82   0.050  27.432   32.734   88.5  10.31  14.000   -0.06291    1.97    2.23    3.25
20-07-2024 08:49:09.19  146.58   0.047  27.432   32.737   88.5  10.31  14.000   -0.06439    1.99    2.28    2.83
20-07-2024 08:49:09.44  146.26   0.041  27.429   32.740   88.5  10.31  14.000   -0.07994    2.13    2.44    3.24
20-07-2024 08:49:09.68  146.02   0.041  27.420   32.728   88.5  10.32  14.000   -0.07772    2.36    1.70    3.41
20-07-2024 08:49:09.93  145.77   0.040  27.418   32.727   88.5  10.31  14.000   -0.06291    2.36    1.70    3.41
20-07-2024 08:49:10.18  145.49   0.039  27.420   32.731   88.5  10.31  14.000   -0.08068    1.76    2.57    3.31
20-07-2024 08:49:10.42  145.23   0.037  27.412   32.723   88.5  10.32  14.000   -0.07179    2.19    2.08    3.39
20-07-2024 08:49:10.67  144.95   0.033  27.414   32.730   88.5  10.32  14.000   -0.05329    1.81    2.43    2.98
20-07-2024 08:49:10.92  144.68   0.031  27.413   32.730   88.5  10.32  14.000   -0.07698    2.34    2.77    3.17
20-07-2024 08:49:11.17  144.39   0.029  27.404   32.721   88.5  10.32  14.000   -0.06513    2.01    1.91    2.99
20-07-2024 08:49:11.41  144.13   0.027  27.396   32.713   88.5  10.32  14.000   -0.07031    1.85    2.42    3.04
20-07-2024 08:49:11.66  143.85   0.024  27.394   32.714   88.6  10.33  14.000   -0.05995    1.85    2.42    3.04
20-07-2024 08:49:11.90  143.57   0.022  27.397   32.720   88.6  10.33  14.000   -0.07031    2.28    1.99    2.86
20-07-2024 08:49:12.15  143.29   0.017  27.395   32.723   88.6  10.34  14.000   -0.07772    2.24    2.25    3.14
20-07-2024 08:49:12.39  143.04   0.013  27.387   32.716   88.6  10.33  14.000   -0.07328    2.23    2.19    3.26
20-07-2024 08:49:12.64  142.73   0.008  27.389   32.724   88.6  10.33  14.000   -0.07476    2.00    2.60    3.14
20-07-2024 08:49:12.88  142.49   0.006  27.380   32.714   88.6  10.34  14.000   -0.06143    2.03    1.99    3.00
20-07-2024 08:49:13.13  142.22   0.006  27.372   32.705   88.6  10.34  14.000   -0.06661    1.98    1.95    3.13
20-07-2024 08:49:13.37  142.01  -0.001  27.370   32.709   88.7  10.35  14.000   -0.06809    1.98    1.95    3.13
20-07-2024 08:49:13.62  141.73  -0.004  27.366   32.708   88.7  10.35  14.000   -0.07328    2.14    2.30    2.99
20-07-2024 08:49:13.86  141.50  -0.007  27.362   32.706   88.7  10.35  14.000   -0.07179    2.14    2.34    3.12
20-07-2024 08:49:14.11  141.25  -0.007  27.363   32.707   88.7  10.35  14.000   -0.07105    2.05    2.29    3.07
20-07-2024 08:49:14.36  140.99  -0.008  27.360   32.705   88.7  10.35  14.000   -0.06069    1.85    2.45    3.21
20-07-2024 08:49:14.60  140.72  -0.009  27.353   32.698   88.7  10.36  14.000   -0.07031    2.24    2.41    3.36
20-07-2024 08:49:14.85  140.44  -0.010  27.351   32.696   88.7  10.36  14.000   -0.06513    2.41    2.57    3.35
20-07-2024 08:49:15.10  140.20  -0.012  27.353   32.700   88.7  10.36  14.000   -0.05995    2.41    2.57    3.35
20-07-2024 08:49:15.34  139.94  -0.013  27.350   32.698   88.7  10.36  14.000   -0.07550    2.30    2.47    3.13
20-07-2024 08:49:15.59  139.69  -0.014  27.348   32.696   88.8  10.36  14.000   -0.05773    2.09    2.04    3.32
20-07-2024 08:49:15.84  139.41  -0.018  27.351   32.704   88.8  10.36  14.000   -0.06957    1.93    2.11    3.25
20-07-2024 08:49:16.08  139.17  -0.021  27.350   32.707   88.8  10.36  14.000   -0.06513    2.04    2.36    3.61
20-07-2024 08:49:16.33  138.88  -0.023  27.348   32.705   88.8  10.37  14.000   -0.07105    1.85    2.06    3.24
20-07-2024 08:49:16.57  138.65  -0.024  27.345   32.703   88.8  10.37  14.000   -0.05477    2.02    2.39    3.15
20-07-2024 08:49:16.81  138.38  -0.027  27.337   32.697   88.8  10.37  14.000   -0.05773    2.02    2.39    3.15
20-07-2024 08:49:17.07  138.14  -0.031  27.338   32.702   88.8  10.37  14.000   -0.06735    2.29    2.09    2.92
20-07-2024 08:49:17.31  137.84  -0.034  27.338   32.705   88.8  10.38  14.000   -0.06069    1.95    2.58    3.08
20-07-2024 08:49:17.55  137.58  -0.037  27.338   32.708   88.8  10.38  14.000   -0.05847    2.20    2.44    3.05
20-07-2024 08:49:17.80  137.32  -0.040  27.326   32.697   88.9  10.38  14.000   -0.05255    2.03    2.54    3.33
20-07-2024 08:49:18.05  137.04  -0.044  27.312   32.683   88.9  10.38  14.000   -0.07105    1.79    2.25    3.15
20-07-2024 08:49:18.29  136.80  -0.050  27.309   32.685   88.9  10.38  14.000   -0.05995    2.09    2.41    3.16
20-07-2024 08:49:18.54  136.51  -0.054  27.314   32.696   88.8  10.38  14.000   -0.05181    2.09    2.41    3.16
20-07-2024 08:49:18.79  136.24  -0.061  27.314   32.703   88.9  10.39  14.000   -0.06809    2.34    2.63    2.93
20-07-2024 08:49:19.03  135.97  -0.067  27.310   32.704   88.9  10.39  14.000   -0.07698    2.05    1.85    3.01
20-07-2024 08:49:19.28  135.72  -0.071  27.303   32.699   88.9  10.39  14.000   -0.06587    2.30    2.03    3.39
20-07-2024 08:49:19.52  135.43  -0.070  27.296   32.691   88.9  10.40  14.000   -0.04145    2.11    2.12    3.45
20-07-2024 08:49:19.77  135.19  -0.072  27.299   32.696   88.9  10.40  14.000   -0.06735    1.88    2.61    3.17
20-07-2024 08:49:20.01  134.91  -0.077  27.292   32.692   88.9  10.40  14.000   -0.06069    1.93    2.17    3.10
20-07-2024 08:49:20.26  134.65  -0.081  27.291   32.695   88.9  10.40  14.000   -0.08068    1.93    2.17    3.10
20-07-2024 08:49:20.50  134.37  -0.086  27.278   32.684   88.9  10.40  14.000   -0.05329    2.12    2.55    2.90
20-07-2024 08:49:20.75  134.13  -0.091  27.277   32.688   88.9  10.41  14.000   -0.06291    2.22    2.81    2.97
20-07-2024 08:49:20.99  133.84  -0.095  27.271   32.683   89.0  10.41  14.000   -0.05329    2.19    2.21    3.22
20-07-2024 08:49:21.24  133.60  -0.099  27.272   32.691   89.0  10.41  14.000   -0.06217    1.87    2.10    3.13
20-07-2024 08:49:21.48  133.31  -0.103  27.271   32.693   89.0  10.41  14.000   -0.07179    2.09    2.48    3.13
20-07-2024 08:49:21.74  133.04  -0.108  27.267   32.693   89.0  10.41  14.000   -0.06513    1.99    2.10    3.09
20-07-2024 08:49:21.98  132.77  -0.111  27.248   32.673   89.0  10.42  14.000   -0.07772    1.99    2.10    3.09
20-07-2024 08:49:22.23  132.56  -0.114  27.247   32.674   89.0  10.42  14.000   -0.06661    2.29    2.31    3.12
20-07-2024 08:49:22.47  132.27  -0.118  27.247   32.679   89.0  10.42  14.000   -0.08216    1.90    1.71    3.43
20-07-2024 08:49:22.72  132.04  -0.122  27.246   32.680   89.0  10.42  14.000   -0.06217    2.27    2.28    3.39
20-07-2024 08:49:22.96  131.75  -0.126  27.233   32.669   89.0  10.42  14.000   -0.04293    1.97    2.38    2.95
20-07-2024 08:49:23.21  131.50  -0.128  27.236   32.675   89.0  10.42  14.000   -0.05625    2.05    2.09    3.07
20-07-2024 08:49:23.45  131.24  -0.132  27.234   32.677   89.0  10.42  14.000   -0.06809    2.08    2.53    3.15
20-07-2024 08:49:23.70  130.98  -0.138  27.230   32.678   89.0  10.43  14.000   -0.06809    2.08    2.53    3.15
20-07-2024 08:49:23.94  130.72  -0.143  27.211   32.658   89.0  10.43  14.000   -0.06291    2.11    2.31    3.07
20-07-2024 08:49:24.19  130.48  -0.146  27.207   32.657   89.0  10.43  14.000   -0.05921    2.16    2.34    3.21
20-07-2024 08:49:24.43  130.21  -0.149  27.209   32.662   89.0  10.44  14.000   -0.05255    1.88    2.18    3.19
20-07-2024 08:49:24.68  129.90  -0.154  27.194   32.647   89.1  10.44  14.000   -0.05699    2.04    2.43    3.26
20-07-2024 08:49:24.92  129.66  -0.159  27.197   32.657   89.1  10.45  14.000   -0.06513    2.20    2.29    3.32
20-07-2024 08:49:25.17  129.42  -0.158  27.188   32.645   89.1  10.44  14.000   -0.06957    1.98    2.30    3.28
20-07-2024 08:49:25.42  129.10  -0.160  27.184   32.642   89.1  10.45  14.000   -0.05773    1.98    2.30    3.28
20-07-2024 08:49:25.67  128.84  -0.163  27.182   32.643   89.1  10.45  14.000   -0.07402    2.39    2.69    3.12
20-07-2024 08:49:25.91  128.57  -0.166  27.184   32.647   89.1  10.45  14.000   -0.03849    1.93    2.81    2.97
20-07-2024 08:49:26.16  128.34  -0.173  27.184   32.655   89.2  10.46  14.000   -0.07328    1.96    2.22    2.88
20-07-2024 08:49:26.41  128.06  -0.180  27.182   32.661   89.2  10.46  14.000   -0.04663    2.20    2.34    3.28
20-07-2024 08:49:26.65  127.82  -0.181  27.167   32.642   89.2  10.46  14.000   -0.08216    1.83    2.32    3.26
20-07-2024 08:49:26.90  127.57  -0.181  27.164   32.638   89.2  10.47  14.000   -0.05329    2.05    2.07    3.13
20-07-2024 08:49:27.14  127.29  -0.181  27.164   32.639   89.2  10.47  14.000   -0.05699    2.05    2.07    3.13
20-07-2024 08:49:27.39  127.06  -0.185  27.165   32.645   89.3  10.47  14.000   -0.08068    2.06    2.03    2.78
20-07-2024 08:49:27.63  126.76  -0.191  27.164   32.649   89.3  10.48  14.000   -0.07698    1.97    2.16    3.23
20-07-2024 08:49:27.88  126.54  -0.195  27.158   32.646   89.3  10.48  14.000   -0.06513    2.20    2.38    3.40
20-07-2024 08:49:28.13  126.25  -0.197  27.141   32.626   89.3  10.49  14.000   -0.07031    1.95    2.05    3.27
20-07-2024 08:49:28.37  126.00  -0.198  27.139   32.625   89.4  10.49  14.000   -0.07698    2.05    2.29    3.02
20-07-2024 08:49:28.61  125.76  -0.201  27.139   32.628   89.4  10.49  14.000   -0.06439    1.99    2.38    3.11
20-07-2024 08:49:28.86  125.48  -0.206  27.138   32.632   89.4  10.50  14.000   -0.06365    1.99    2.38    3.11
20-07-2024 08:49:29.11  125.24  -0.212  27.133   32.632   89.4  10.50  14.000   -0.06809    1.73    2.15    2.99
20-07-2024 08:49:29.35  124.99  -0.216  27.124   32.624   89.4  10.50  14.000   -0.04885    1.96    2.29    3.11
20-07-2024 08:49:29.60  124.72  -0.221  27.121   32.626   89.5  10.51  14.000   -0.05107    2.09    2.39    3.04
20-07-2024 08:49:29.85  124.46  -0.224  27.123   32.632   89.5  10.51  14.000   -0.06291    2.29    2.05    3.00
20-07-2024 08:49:30.09  124.22  -0.240  27.116   32.639   89.6  10.52  14.000   -0.06809    1.97    2.50    3.01
20-07-2024 08:49:30.34  123.96  -0.240  27.104   32.625   89.6  10.52  14.000   -0.06291    2.10    2.23    3.16
20-07-2024 08:49:30.58  123.70  -0.241  27.094   32.612   89.6  10.53  14.000   -0.07994    2.10    2.23    3.16
20-07-2024 08:49:30.83  123.46  -0.245  27.092   32.615   89.6  10.53  14.000   -0.06661    2.08    2.17    3.11
20-07-2024 08:49:31.07  123.18  -0.248  27.094   32.620   89.6  10.53  14.000   -0.05847    2.31    2.26    3.06
20-07-2024 08:49:31.32  122.96  -0.256  27.084   32.615   89.7  10.54  14.000   -0.05255    2.46    2.26    2.91
20-07-2024 08:49:31.56  122.69  -0.261  27.075   32.608   89.7  10.55  14.000   -0.06957    2.31    2.39    3.40
20-07-2024 08:49:31.81  122.43  -0.266  27.073   32.612   89.7  10.55  14.000   -0.05921    2.19    1.88    3.36
20-07-2024 08:49:32.05  122.19  -0.268  27.075   32.617   89.7  10.55  14.000   -0.07328    1.99    2.16    3.36
20-07-2024 08:49:32.30  121.93  -0.273  27.058   32.599   89.7  10.55  14.000   -0.05329    1.99    2.16    3.36
20-07-2024 08:49:32.54  121.66  -0.283  27.033   32.577   89.7  10.56  14.000   -0.06291    2.12    2.34    3.08
20-07-2024 08:49:32.80  121.37  -0.291  27.037   32.591   89.7  10.56  14.000   -0.06587    1.95    2.46    3.29
20-07-2024 08:49:33.04  121.12  -0.296  27.036   32.595   89.7  10.56  14.000   -0.06365    2.21    2.51    3.42
20-07-2024 08:49:33.29  120.85  -0.299  27.037   32.600   89.8  10.57  14.000   -0.06439    1.95    2.21    3.00
20-07-2024 08:49:33.54  120.60  -0.303  27.013   32.572   89.8  10.58  14.000   -0.07105    2.01    1.91    3.24
20-07-2024 08:49:33.78  120.33  -0.308  27.015   32.580   89.8  10.57  14.000   -0.04885    2.05    1.91    3.41
20-07-2024 08:49:34.03  120.08  -0.312  27.016   32.586   89.8  10.58  14.000   -0.06883    2.05    1.91    3.41
20-07-2024 08:49:34.27  119.82  -0.313  27.011   32.582   89.9  10.58  14.000   -0.06661    2.27    2.05    3.25
20-07-2024 08:49:34.52  119.52  -0.317  27.009   32.583   89.9  10.59  14.000   -0.06069    2.19    2.08    3.53
20-07-2024 08:49:34.76  119.28  -0.323  26.994   32.570   89.9  10.59  14.000   -0.06439    2.12    2.20    3.01
20-07-2024 08:49:35.01  119.05  -0.327  26.988   32.566   89.9  10.59  14.000   -0.05551    2.00    2.59    3.35
20-07-2024 08:49:35.25  118.79  -0.338  26.991   32.582   89.9  10.60  14.000   -0.05773    2.40    2.28    2.95
20-07-2024 08:49:35.50  118.54  -0.341  26.985   32.577   90.0  10.61  14.000   -0.06291    1.97    2.76    3.10
20-07-2024 08:49:35.74  118.28  -0.343  26.980   32.573   90.0  10.61  14.000   -0.06291    1.97    2.76    3.10
20-07-2024 08:49:35.99  118.02  -0.344  26.982   32.576   90.0  10.61  14.000   -0.07846    2.16    2.33    3.05
20-07-2024 08:49:36.23  117.75  -0.343  26.984   32.579   90.0  10.61  14.000   -0.05773    2.14    3.08    3.16
20-07-2024 08:49:36.49  117.50  -0.344  26.973   32.565   90.1  10.62  14.000   -0.06439    2.13    2.09    3.02
20-07-2024 08:49:36.73  117.23  -0.344  26.970   32.562   90.1  10.62  14.000   -0.05847    2.14    2.18    3.23
20-07-2024 08:49:36.98  116.96  -0.345  26.969   32.562   90.1  10.62  14.000   -0.06735    2.01    2.50    3.64
20-07-2024 08:49:37.23  116.74  -0.346  26.967   32.560   90.1  10.63  14.000   -0.04145    2.15    1.92    2.85
20-07-2024 08:49:37.47  116.49  -0.345  26.964   32.555   90.2  10.63  14.000   -0.05847    2.15    1.92    2.85
20-07-2024 08:49:37.72  116.20  -0.346  26.959   32.550   90.2  10.64  14.000   -0.06809    1.97    2.54    3.37
20-07-2024 08:49:37.96  115.95  -0.351  26.959   32.555   90.2  10.64  14.000   -0.08290    1.94    2.33    3.11
20-07-2024 08:49:38.21  115.73  -0.352  26.957   32.554   90.3  10.65  14.000   -0.05773    2.10    2.40    3.02
20-07-2024 08:49:38.45  115.49  -0.354  26.960   32.560   90.3  10.65  14.000   -0.06735    1.92    2.17    3.32
20-07-2024 08:49:38.70  115.26  -0.356  26.950   32.548   90.4  10.66  14.000   -0.06957    1.95    2.17    3.13
20-07-2024 08:49:38.94  114.97  -0.360  26.937   32.536   90.4  10.67  14.000   -0.05625    1.95    2.17    3.13
20-07-2024 08:49:39.19  114.73  -0.362  26.944   32.548   90.4  10.67  14.000   -0.07031    2.34    2.23    3.40
20-07-2024 08:49:39.43  114.48  -0.364  26.934   32.536   90.5  10.68  14.000   -0.05107    2.21    2.62    3.14
20-07-2024 08:49:39.68  114.23  -0.365  26.931   32.535   90.5  10.68  14.000   -0.05699    2.00    1.85    3.60
20-07-2024 08:49:39.92  113.98  -0.365  26.927   32.529   90.6  10.69  14.000   -0.04441    2.21    1.95    3.03
20-07-2024 08:49:40.18  113.73  -0.367  26.926   32.529   90.6  10.69  14.000   -0.06439    2.31    2.29    3.07
20-07-2024 08:49:40.42  113.43  -0.368  26.926   32.531   90.6  10.69  14.000   -0.06143    2.09    2.26    3.15
20-07-2024 08:49:40.67  113.20  -0.369  26.923   32.528   90.7  10.70  14.000   -0.03997    2.53    2.03    3.07
20-07-2024 08:49:40.91  112.96  -0.371  26.926   32.534   90.7  10.70  14.000   -0.06069    2.53    2.03    3.07
20-07-2024 08:49:41.16  112.69  -0.375  26.915   32.523   90.8  10.71  14.000   -0.06513    2.23    2.56    3.21
20-07-2024 08:49:41.41  112.43  -0.379  26.917   32.531   90.8  10.72  14.000   -0.06291    2.06    2.06    3.04
20-07-2024 08:49:41.65  112.16  -0.381  26.912   32.527   90.8  10.72  14.000   -0.06661    1.89    2.53    3.21
20-07-2024 08:49:41.90  111.96  -0.383  26.910   32.526   90.8  10.72  14.000   -0.05181    1.88    2.26    3.15
20-07-2024 08:49:42.14  111.68  -0.389  26.906   32.528   90.9  10.73  14.000   -0.06735    1.97    2.04    3.07
20-07-2024 08:49:42.39  111.41  -0.395  26.895   32.519   90.9  10.74  14.000   -0.06661    1.97    2.04    3.07
20-07-2024 08:49:42.63  111.15  -0.402  26.895   32.527   90.9  10.74  14.000   -0.05995    1.94    2.44    3.20
20-07-2024 08:49:42.88  110.89  -0.405  26.885   32.518   91.0  10.75  14.000   -0.06735    2.22    2.48    3.10
20-07-2024 08:49:43.12  110.67  -0.407  26.880   32.513   91.0  10.75  14.000   -0.05699    2.49    2.16    3.11
20-07-2024 08:49:43.37  110.38  -0.408  26.880   32.514   91.0  10.75  14.000   -0.08142    1.90    2.15    3.29
20-07-2024 08:49:43.61  110.11  -0.410  26.876   32.511   91.0  10.75  14.000   -0.03997    2.21    2.46    3.18
20-07-2024 08:49:43.86  109.86  -0.414  26.878   32.519   91.1  10.76  14.000   -0.07179    1.80    1.96    3.18
20-07-2024 08:49:44.11  109.61  -0.417  26.859   32.497   91.1  10.76  14.000   -0.07402    1.80    1.96    3.18
20-07-2024 08:49:44.36  109.33  -0.431  26.842   32.489   91.1  10.77  14.000   -0.05847    1.96    2.20    3.26
20-07-2024 08:49:44.60  109.06  -0.437  26.851   32.507   91.1  10.77  14.000   -0.05995    2.08    2.48    3.19
20-07-2024 08:49:44.85  108.85  -0.439  26.846   32.503   91.1  10.78  14.000   -0.05181    2.29    2.26    3.12
20-07-2024 08:49:45.09  108.56  -0.442  26.843   32.502   91.1  10.78  14.000   -0.06291    2.05    2.17    3.08
20-07-2024 08:49:45.34  108.33  -0.455  26.820   32.486   91.2  10.79  14.000   -0.05699    2.03    2.06    3.06
20-07-2024 08:49:45.58  108.04  -0.469  26.807   32.484   91.2  10.80  14.000   -0.06291    1.74    2.14    3.16
20-07-2024 08:49:45.83  107.79  -0.469  26.813   32.491   91.3  10.80  14.000   -0.07846    1.74    2.14    3.16
20-07-2024 08:49:46.07  107.53  -0.472  26.806   32.486   91.3  10.80  14.000   -0.04885    1.82    2.18    3.05
20-07-2024 08:49:46.32  107.26  -0.476  26.805   32.489   91.3  10.81  14.000   -0.04219    1.53    2.45    2.95
20-07-2024 08:49:46.56  107.00  -0.478  26.800   32.484   91.3  10.81  14.000   -0.06439    2.03    2.19    3.28
20-07-2024 08:49:46.81  106.75  -0.480  26.801   32.488   91.3  10.81  14.000   -0.05477    2.38    2.55    3.06
20-07-2024 08:49:47.05  106.47  -0.485  26.801   32.494   91.3  10.82  14.000   -0.05477    2.28    2.66    3.16
20-07-2024 08:49:47.30  106.18  -0.487  26.789   32.480   91.3  10.82  14.000   -0.06217    1.93    2.61    2.97
20-07-2024 08:49:47.55  105.91  -0.487  26.774   32.459   91.4  10.82  14.000   -0.07624    1.93    2.61    2.97
20-07-2024 08:49:47.79  105.67  -0.489  26.773   32.461   91.4  10.82  14.000   -0.06069    2.38    2.53    3.41
20-07-2024 08:49:48.04  105.42  -0.491  26.768   32.456   91.4  10.82  14.000   -0.05551    2.16    2.66    3.22
20-07-2024 08:49:48.29  105.17  -0.492  26.766   32.455   91.4  10.83  14.000   -0.05107    2.06    2.31    3.27
20-07-2024 08:49:48.53  104.88  -0.502  26.763   32.462   91.4  10.83  14.000   -0.06957    2.05    2.13    3.21
20-07-2024 08:49:48.78  104.68  -0.498  26.758   32.452   91.5  10.84  14.000   -0.05773    1.91    1.24    3.24
20-07-2024 08:49:49.03  104.41  -0.499  26.744   32.435   91.5  10.84  14.000   -0.05847    1.99    2.62    3.27
20-07-2024 08:49:49.27  104.12  -0.501  26.743   32.434   91.5  10.85  14.000   -0.04811    1.99    2.62    3.27
20-07-2024 08:49:49.52  103.89  -0.501  26.742   32.434   91.6  10.85  14.000   -0.06365    2.04    2.00    3.15
20-07-2024 08:49:49.76  103.64  -0.497  26.744   32.432   91.6  10.85  14.000   -0.04219    2.26    2.49    3.25
20-07-2024 08:49:50.01  103.36  -0.494  26.743   32.428   91.6  10.85  14.000   -0.05847    2.09    2.01    3.06
20-07-2024 08:49:50.25  103.11  -0.492  26.744   32.427   91.6  10.86  14.000   -0.05995    2.31    2.54    2.78
20-07-2024 08:49:50.50  102.85  -0.492  26.744   32.427   91.7  10.86  14.000   -0.06143    1.92    2.08    3.02
20-07-2024 08:49:50.74  102.62  -0.494  26.742   32.428   91.7  10.87  14.000   -0.05773    2.19    2.40    2.94
20-07-2024 08:49:50.98  102.31  -0.497  26.740   32.427   91.7  10.87  14.000   -0.05995    2.19    2.40    2.94
20-07-2024 08:49:51.24  102.06  -0.501  26.734   32.424   91.8  10.88  14.000   -0.04811    2.12    2.63    3.21
20-07-2024 08:49:51.48  101.84  -0.501  26.731   32.420   91.8  10.88  14.000   -0.06365    2.37    2.26    3.15
20-07-2024 08:49:51.73  101.54  -0.503  26.729   32.419   91.8  10.88  14.000   -0.06439    1.91    2.61    3.25
20-07-2024 08:49:51.98  101.31  -0.505  26.725   32.418   91.9  10.89  14.000   -0.06735    2.09    2.35    2.88
20-07-2024 08:49:52.22  101.05  -0.508  26.720   32.413   91.9  10.89  14.000   -0.05921    1.72    2.46    3.26
20-07-2024 08:49:52.47  100.78  -0.510  26.715   32.408   92.0  10.90  14.000   -0.05033    1.98    2.49    3.32
20-07-2024 08:49:52.71  100.52  -0.509  26.716   32.410   92.0  10.91  14.000   -0.05847    1.98    2.49    3.32
20-07-2024 08:49:52.96  100.25  -0.507  26.717   32.409   92.0  10.91  14.000   -0.04219    2.29    2.21    3.19
20-07-2024 08:49:53.20  100.02  -0.504  26.712   32.400   92.1  10.91  14.000   -0.05403    2.30    2.40    3.01
20-07-2024 08:49:53.45   99.76  -0.502  26.712   32.397   92.1  10.92  14.000   -0.06365    1.98    2.40    3.32
20-07-2024 08:49:53.69   99.48  -0.499  26.713   32.395   92.1  10.92  14.000   -0.04589    2.16    2.34    3.14
20-07-2024 08:49:53.94   99.24  -0.497  26.714   32.394   92.2  10.92  14.000   -0.05477    1.97    2.31    3.24
20-07-2024 08:49:54.18   99.01  -0.497  26.714   32.395   92.2  10.93  14.000   -0.05477    2.24    2.19    3.35
20-07-2024 08:49:54.43   98.76  -0.498  26.715   32.398   92.2  10.93  14.000   -0.07476    2.24    2.19    3.35
20-07-2024 08:49:54.67   98.49  -0.498  26.714   32.397   92.2  10.93  14.000   -0.04515    2.26    2.72    3.23
20-07-2024 08:49:54.93   98.24  -0.500  26.715   32.400   92.3  10.94  14.000   -0.04589    2.02    2.43    3.03
20-07-2024 08:49:55.17   97.98  -0.502  26.713   32.400   92.3  10.94  14.000   -0.05551    2.02    1.89    2.95
20-07-2024 08:49:55.42   97.72  -0.502  26.706   32.390   92.4  10.95  14.000   -0.06513    2.10    1.75    3.34
20-07-2024 08:49:55.67   97.47  -0.502  26.700   32.383   92.4  10.95  14.000   -0.05255    2.04    2.39    3.31
20-07-2024 08:49:55.91   97.22  -0.504  26.701   32.386   92.4  10.96  14.000   -0.04589    2.41    2.60    2.97
20-07-2024 08:49:56.16   96.94  -0.502  26.701   32.383   92.5  10.96  14.000   -0.05107    2.41    2.60    2.97
20-07-2024 08:49:56.40   96.69  -0.497  26.696   32.371   92.5  10.96  14.000   -0.04885    2.32    2.39    3.25
20-07-2024 08:49:56.65   96.46  -0.494  26.693   32.365   92.5  10.96  14.000   -0.05995    2.11    2.30    3.30
20-07-2024 08:49:56.89   96.23  -0.492  26.693   32.363   92.5  10.97  14.000   -0.07031    1.95    2.46    3.33
20-07-2024 08:49:57.14   96.02  -0.483  26.697   32.358   92.5  10.96  14.000   -0.03553    2.02    2.41    3.62
20-07-2024 08:49:57.38   95.69  -0.473  26.701   32.354   92.6  10.97  14.000   -0.07550    2.17    2.46    3.11
20-07-2024 08:49:57.63   95.42  -0.471  26.702   32.353   92.6  10.97  14.000   -0.05921    1.77    2.44    3.29
20-07-2024 08:49:57.87   95.18  -0.468  26.702   32.350   92.6  10.97  14.000   -0.06587    1.77    2.44    3.29
20-07-2024 08:49:58.12   94.96  -0.465  26.702   32.347   92.6  10.97  14.000   -0.03701    1.94    2.54    3.04
20-07-2024 08:49:58.36   94.68  -0.462  26.702   32.344   92.7  10.98  14.000   -0.05033    2.10    2.11    3.21
20-07-2024 08:49:58.61   94.39  -0.459  26.703   32.342   92.7  10.98  14.000   -0.06069    1.94    2.26    3.26
20-07-2024 08:49:58.86   94.13  -0.458  26.702   32.340   92.7  10.98  14.000   -0.04663    1.97    2.32    3.24
20-07-2024 08:49:59.11   93.91  -0.455  26.698   32.332   92.8  10.99  14.000   -0.04663    1.92    2.58    3.02
20-07-2024 08:49:59.35   93.62  -0.448  26.699   32.326   92.8  10.99  14.000   -0.06291    2.34    2.42    3.04
20-07-2024 08:49:59.60   93.36  -0.447  26.697   32.322   92.8  10.99  14.000   -0.06365    2.34    2.42    3.04
20-07-2024 08:49:59.84   93.10  -0.445  26.696   32.320   92.8  10.99  14.000   -0.05181    2.21    2.37    3.18
20-07-2024 08:50:00.09   92.84  -0.440  26.699   32.317   92.8  10.99  14.000   -0.04737    2.27    2.32    3.00
20-07-2024 08:50:00.33   92.58  -0.436  26.701   32.316   92.9  11.00  14.000   -0.05329    2.09    1.92    3.14
20-07-2024 08:50:00.58   92.29  -0.427  26.701   32.306   92.9  11.00  14.000   -0.03923    2.54    2.37    3.17
20-07-2024 08:50:00.82   92.06  -0.424  26.701   32.304   92.9  11.00  14.000   -0.06291    2.23    1.92    3.05
20-07-2024 08:50:01.07   91.77  -0.422  26.701   32.302   93.0  11.00  14.000   -0.07105    1.75    2.19    3.35
20-07-2024 08:50:01.31   91.52  -0.418  26.702   32.299   93.0  11.00  14.000   -0.05551    1.75    2.19    3.35
20-07-2024 08:50:01.56   91.29  -0.412  26.705   32.297   93.0  11.01  14.000   -0.05551    1.93    2.55    3.50
20-07-2024 08:50:01.80   91.02  -0.404  26.712   32.297   93.0  11.01  14.000   -0.05699    1.83    2.17    3.13
20-07-2024 08:50:02.05   90.79  -0.399  26.710   32.289   93.1  11.01  14.000   -0.06735    2.03    2.32    3.20
20-07-2024 08:50:02.30   90.48  -0.397  26.709   32.287   93.1  11.01  14.000   -0.02739    2.29    1.80    3.16
20-07-2024 08:50:02.54   90.25  -0.391  26.710   32.281   93.1  11.01  14.000   -0.05107    1.92    2.27    3.29
20-07-2024 08:50:02.79   90.01  -0.384  26.710   32.275   93.2  11.02  14.000   -0.06365    2.09    1.72    3.00
20-07-2024 08:50:03.04   89.72  -0.380  26.710   32.271   93.2  11.02  14.000   -0.05921    2.09    1.72    3.00
20-07-2024 08:50:03.28   89.49  -0.375  26.719   32.277   93.2  11.02  14.000   -0.04959    2.20    2.17    3.38
20-07-2024 08:50:03.53   89.22  -0.370  26.726   32.281   93.3  11.03  14.000   -0.04589    2.15    2.39    3.01
20-07-2024 08:50:03.77   88.96  -0.364  26.726   32.275   93.3  11.03  14.000   -0.05403    1.76    2.31    3.23
20-07-2024 08:50:04.02   88.67  -0.361  26.725   32.270   93.4  11.03  14.000   -0.03997    2.02    1.98    3.03
20-07-2024 08:50:04.26   88.44  -0.357  26.727   32.269   93.4  11.04  14.000   -0.06587    2.21    2.19    3.21
20-07-2024 08:50:04.51   88.18  -0.355  26.730   32.271   93.4  11.04  14.000   -0.05033    1.92    2.34    2.88
20-07-2024 08:50:04.75   87.93  -0.346  26.731   32.264   93.5  11.04  14.000   -0.04071    1.92    2.34    2.88
20-07-2024 08:50:05.00   87.65  -0.338  26.731   32.254   93.5  11.04  14.000   -0.05551    2.38    2.08    3.38
20-07-2024 08:50:05.24   87.40  -0.324  26.741   32.254   93.5  11.04  14.000   -0.06291    2.13    2.46    3.05
20-07-2024 08:50:05.49   87.12  -0.315  26.742   32.245   93.5  11.04  14.000   -0.02517    2.27    2.18    3.24
20-07-2024 08:50:05.73   86.87  -0.310  26.743   32.242   93.6  11.05  14.000   -0.03849    2.09    2.39    3.44
20-07-2024 08:50:05.99   86.58  -0.307  26.743   32.238   93.6  11.05  14.000   -0.05033    2.17    2.19    2.98
20-07-2024 08:50:06.23   86.31  -0.295  26.748   32.233   93.6  11.05  14.000   -0.04441    2.12    1.84    3.13
20-07-2024 08:50:06.48   86.06  -0.288  26.747   32.224   93.7  11.05  14.000   -0.04885    2.12    1.84    3.13
20-07-2024 08:50:06.73   85.77  -0.282  26.748   32.220   93.7  11.05  14.000   -0.03257    2.23    2.35    3.32
20-07-2024 08:50:06.97   85.53  -0.277  26.758   32.226   93.8  11.06  14.000   -0.04959    2.19    2.05    2.96
20-07-2024 08:50:07.22   85.29  -0.273  26.760   32.225   93.8  11.07  14.000   -0.04811    1.92    1.69    3.18
20-07-2024 08:50:07.46   85.01  -0.262  26.757   32.210   93.8  11.07  14.000   -0.05625    2.07    2.36    3.17
20-07-2024 08:50:07.71   84.75  -0.254  26.771   32.221   93.9  11.07  14.000   -0.05995    2.45    2.19    3.10
20-07-2024 08:50:07.95   84.49  -0.245  26.771   32.211   93.9  11.06  14.000   -0.04737    2.00    2.90    3.12
20-07-2024 08:50:08.20   84.27  -0.234  26.774   32.203   93.9  11.06  14.000   -0.05625    2.00    2.90    3.12
20-07-2024 08:50:08.44   83.99  -0.229  26.771   32.195   93.9  11.07  14.000   -0.05107    2.15    2.35    3.09
20-07-2024 08:50:08.69   83.74  -0.220  26.780   32.198   94.0  11.07  14.000   -0.04589    1.99    2.03    3.36
20-07-2024 08:50:08.93   83.51  -0.210  26.798   32.211   94.0  11.07  14.000   -0.03997    2.18    2.12    3.01
20-07-2024 08:50:09.18   83.22  -0.202  26.799   32.205   94.1  11.07  14.000   -0.06217    2.03    2.51    3.16
20-07-2024 08:50:09.42   82.99  -0.197  26.800   32.201   94.1  11.08  14.000   -0.04811    2.15    2.27    3.37
20-07-2024 08:50:09.68   82.72  -0.191  26.797   32.190   94.2  11.08  14.000   -0.06587    2.24    2.43    3.18
20-07-2024 08:50:09.92   82.48  -0.187  26.798   32.187   94.2  11.09  14.000   -0.05033    2.24    2.43    3.18
20-07-2024 08:50:10.17   82.20  -0.183  26.797   32.181   94.3  11.09  14.000   -0.04663    2.13    2.17    2.92
20-07-2024 08:50:10.42   81.98  -0.172  26.798   32.171   94.3  11.09  14.000   -0.02591    2.07    2.55    3.50
20-07-2024 08:50:10.66   81.73  -0.161  26.799   32.161   94.3  11.10  14.000   -0.04071    1.90    2.06    3.34
20-07-2024 08:50:10.91   81.49  -0.148  26.799   32.147   94.4  11.10  14.000   -0.03479    2.33    2.50    3.30
20-07-2024 08:50:11.15   81.21  -0.135  26.801   32.136   94.5  11.11  14.000   -0.05921    2.27    2.20    3.14
20-07-2024 08:50:11.40   81.00  -0.124  26.831   32.165   94.5  11.11  14.000   -0.05699    2.12    2.13    3.02
20-07-2024 08:50:11.64   80.74  -0.105  26.831   32.145   94.6  11.11  14.000   -0.02813    2.12    2.13    3.02
20-07-2024 08:50:11.89   80.47  -0.095  26.842   32.150   94.6  11.11  14.000   -0.03553    1.83    2.81    2.95
20-07-2024 08:50:12.14   80.22  -0.074  26.842   32.127   94.6  11.11  14.000   -0.04441    2.35    2.64    3.15
20-07-2024 08:50:12.38   80.00  -0.053  26.850   32.116   94.7  11.11  14.000   -0.04219    2.28    2.34    3.37
20-07-2024 08:50:12.62   79.75  -0.025  26.849   32.086   94.7  11.11  14.000   -0.04737    2.06    2.58    3.48
20-07-2024 08:50:12.87   79.48  -0.015  26.872   32.104   94.8  11.11  14.000   -0.04515    2.64    1.79    3.15
20-07-2024 08:50:13.11   79.25  -0.011  26.878   32.109   94.9  11.12  14.000   -0.02072    2.15    2.45    3.38
20-07-2024 08:50:13.36   79.00  -0.007  26.881   32.108   95.0  11.13  14.000   -0.05921    2.15    2.45    3.38
20-07-2024 08:50:13.61   78.79   0.010  26.883   32.095   95.0  11.13  14.000   -0.03627    2.19    2.28    3.17
20-07-2024 08:50:13.86   78.50   0.028  26.882   32.074   95.1  11.14  14.000   -0.04811    2.19    2.79    3.26
20-07-2024 08:50:14.10   78.26   0.036  26.884   32.068   95.2  11.15  14.000   -0.03997    1.84    2.31    2.95
20-07-2024 08:50:14.35   78.00   0.043  26.890   32.069   95.3  11.16  14.000   -0.03035    2.16    2.34    3.51
20-07-2024 08:50:14.59   77.75   0.052  26.890   32.060   95.4  11.17  14.000   -0.03553    2.33    2.67    3.22
20-07-2024 08:50:14.84   77.49   0.057  26.911   32.081   95.5  11.17  14.000   -0.02146    2.22    2.44    3.11
20-07-2024 08:50:15.08   77.24   0.057  26.910   32.081   95.6  11.18  14.000   -0.02961    2.22    2.44    3.11
20-07-2024 08:50:15.33   77.02   0.058  26.912   32.083   95.7  11.20  14.000   -0.03553    2.27    2.59    3.34
20-07-2024 08:50:15.57   76.71   0.059  26.913   32.083   95.8  11.21  14.000   -0.02220    2.41    2.37    3.19
20-07-2024 08:50:15.82   76.49   0.059  26.908   32.077   95.9  11.22  14.000   -0.03701    2.16    2.01    2.82
20-07-2024 08:50:16.06   76.23   0.058  26.907   32.077   96.0  11.23  14.000   -0.03923    2.38    2.53    3.25
20-07-2024 08:50:16.31   75.93   0.058  26.903   32.071   96.1  11.25  14.000   -0.04811    2.19    2.63    3.03
20-07-2024 08:50:16.55   75.70   0.055  26.890   32.058   96.2  11.26  14.000   -0.03627    2.35    2.74    3.34
20-07-2024 08:50:16.80   75.44   0.045  26.889   32.067   96.3  11.28  14.000   -0.02368    2.35    2.74    3.34
20-07-2024 08:50:17.05   75.24   0.037  26.887   32.073   96.4  11.29  14.000   -0.03849    2.37    2.32    3.23
20-07-2024 08:50:17.29   74.96   0.033  26.877   32.064   96.5  11.30  14.000   -0.03701    2.36    2.31    2.98
20-07-2024 08:50:17.54   74.76   0.023  26.872   32.068   96.6  11.32  14.000   -0.03701    1.85    2.12    3.22
20-07-2024 08:50:17.79   74.52   0.011  26.863   32.068   96.8  11.34  14.000   -0.01480    2.43    2.20    3.24
20-07-2024 08:50:18.03   74.26  -0.007  26.822   32.035   96.9  11.36  14.000   -0.04367    1.90    2.46    3.13
20-07-2024 08:50:18.28   74.02  -0.018  26.829   32.056   97.0  11.38  14.000   -0.00814    2.10    2.63    3.38
20-07-2024 08:50:18.52   73.75  -0.018  26.820   32.044   97.1  11.39  14.000   -0.02813    2.10    2.63    3.38
20-07-2024 08:50:18.77   73.50  -0.020  26.818   32.043   97.2  11.40  14.000   -0.03035    2.06    2.46    3.15
20-07-2024 08:50:19.01   73.28  -0.024  26.812   32.039   97.4  11.42  14.000   -0.01258    2.24    2.02    3.09
20-07-2024 08:50:19.26   73.02  -0.031  26.811   32.045   97.5  11.44  14.000   -0.02665    2.12    2.70    3.51
20-07-2024 08:50:19.50   72.75  -0.033  26.809   32.045   97.6  11.45  14.000   -0.02368    2.30    2.10    3.23
20-07-2024 08:50:19.75   72.51  -0.035  26.807   32.045   97.7  11.47  14.000   -0.02368    2.20    2.16    3.22
20-07-2024 08:50:19.99   72.24  -0.033  26.802   32.036   97.8  11.48  14.000   -0.01702    2.20    2.16    3.22
20-07-2024 08:50:20.24   72.01  -0.030  26.796   32.026   97.9  11.49  14.000   -0.01998    2.24    2.13    3.12
20-07-2024 08:50:20.48   71.72  -0.029  26.794   32.021   98.0  11.50  14.000    0.00222    2.12    2.27    3.35
20-07-2024 08:50:20.74   71.48  -0.027  26.788   32.012   98.2  11.52  14.000   -0.01554    2.08    2.92    3.10
20-07-2024 08:50:20.98   71.20  -0.026  26.782   32.003   98.3  11.53  14.000   -0.02294    2.19    2.18    3.54
20-07-2024 08:50:21.23   70.91  -0.027  26.781   32.002   98.4  11.55  14.000   -0.00518    1.97    2.32    3.21
20-07-2024 08:50:21.48   70.70  -0.028  26.774   31.995   98.6  11.57  14.000   -0.00222    2.13    2.50    3.20
20-07-2024 08:50:21.72   70.41  -0.030  26.770   31.992   98.7  11.58  14.000    0.00074    2.43    2.41    3.30
20-07-2024 08:50:21.97   70.19  -0.031  26.769   31.991   98.8  11.59  14.000   -0.00888    2.43    2.41    3.30
20-07-2024 08:50:22.21   69.93  -0.032  26.764   31.986   98.9  11.61  14.000   -0.00962    2.32    2.44    2.94
20-07-2024 08:50:22.46   69.69  -0.033  26.755   31.975   99.0  11.63  14.000   -0.01036    2.35    1.83    3.02
20-07-2024 08:50:22.70   69.45  -0.033  26.753   31.973   99.1  11.64  14.000   -0.00888    2.53    2.03    2.90
20-07-2024 08:50:22.95   69.17  -0.034  26.750   31.971   99.3  11.65  14.000    0.00222    2.33    1.98    3.45
20-07-2024 08:50:23.20   68.89  -0.034  26.749   31.969   99.4  11.67  14.000   -0.00888    2.39    2.35    3.40
20-07-2024 08:50:23.44   68.66  -0.032  26.743   31.960   99.5  11.68  14.000   -0.01332    2.39    2.35    3.40
20-07-2024 08:50:23.68   68.39  -0.029  26.743   31.956   99.6  11.69  14.000    0.00518    2.30    2.38    3.14
20-07-2024 08:50:23.93   68.14  -0.028  26.741   31.953   99.7  11.70  14.000    0.03553    2.10    1.80    2.87
20-07-2024 08:50:24.17   67.88  -0.026  26.738   31.948   99.8  11.71  14.000   -0.01036    2.27    2.25    3.06
20-07-2024 08:50:24.42   67.59  -0.025  26.736   31.944   99.9  11.73  14.000    0.00444    2.39    2.42    3.38
20-07-2024 08:50:24.67   67.35  -0.024  26.737   31.944  100.0  11.74  14.000   -0.00444    2.33    2.22    3.43
20-07-2024 08:50:24.92   67.11  -0.023  26.736   31.942  100.1  11.76  14.000   -0.00814    2.07    2.11    3.20
20-07-2024 08:50:25.16   66.86  -0.023  26.733   31.938  100.2  11.77  14.000   -0.01110    2.07    2.11    3.20
20-07-2024 08:50:25.41   66.59  -0.022  26.733   31.938  100.3  11.78  14.000   -0.00148    2.06    1.42    2.98
20-07-2024 08:50:25.65   66.35  -0.022  26.731   31.934  100.4  11.79  14.000    0.00370    2.30    2.21    2.65
20-07-2024 08:50:25.90   66.08  -0.022  26.726   31.928  100.5  11.80  14.000    0.00074    2.63    2.60    3.14
20-07-2024 08:50:26.14   65.77  -0.021  26.724   31.925  100.6  11.82  14.000    0.00000    2.36    2.35    3.11
20-07-2024 08:50:26.39   65.56  -0.021  26.723   31.924  100.8  11.83  14.000    0.00000    2.22    2.42    2.96
20-07-2024 08:50:26.63   65.32  -0.021  26.721   31.921  100.9  11.84  14.000    0.00074    2.38    2.38    3.42
20-07-2024 08:50:26.88   65.11  -0.022  26.720   31.920  100.9  11.85  14.000    0.00740    2.38    2.38    3.42
20-07-2024 08:50:27.12   64.79  -0.022  26.714   31.914  101.0  11.86  14.000    0.00222    2.38    2.22    3.20
20-07-2024 08:50:27.37   64.51  -0.022  26.713   31.912  101.1  11.87  14.000   -0.01036    2.35    1.95    3.32
20-07-2024 08:50:27.62   64.25  -0.022  26.712   31.911  101.2  11.88  14.000    0.02961    2.29    2.51    3.31
20-07-2024 08:50:27.86   64.01  -0.020  26.705   31.900  101.3  11.89  14.000    0.00814    2.16    1.88    3.41
20-07-2024 08:50:28.11   63.75  -0.018  26.707   31.901  101.4  11.90  14.000    0.02739    2.43    2.47    3.21
20-07-2024 08:50:28.36   63.45  -0.016  26.703   31.894  101.5  11.91  14.000    0.03553    2.40    2.56    3.01
20-07-2024 08:50:28.61   63.18  -0.015  26.703   31.892  101.6  11.92  14.000    0.03405    2.40    2.56    3.01
20-07-2024 08:50:28.85   62.92  -0.007  26.702   31.883  101.6  11.93  14.000    0.03331    2.16    2.40    3.14
20-07-2024 08:50:29.10   62.65  -0.004  26.700   31.878  101.7  11.94  14.000    0.04441    2.13    2.61    3.61
20-07-2024 08:50:29.34   62.42   0.003  26.702   31.872  101.8  11.94  14.000    0.05107    2.15    2.48    3.47
20-07-2024 08:50:29.59   62.13   0.007  26.702   31.868  101.9  11.96  14.000    0.02665    2.45    2.05    3.40
20-07-2024 08:50:29.83   61.84   0.012  26.702   31.864  102.0  11.96  14.000    0.02961    1.99    2.33    3.44
20-07-2024 08:50:30.08   61.62   0.020  26.702   31.856  102.0  11.97  14.000    0.03775    2.38    2.06    3.38
20-07-2024 08:50:30.32   61.37   0.027  26.709   31.858  102.1  11.97  14.000    0.04145    2.38    2.06    3.38
20-07-2024 08:50:30.57   61.07   0.034  26.708   31.848  102.2  11.98  14.000    0.02739    2.38    2.32    3.08
20-07-2024 08:50:30.81   60.83   0.037  26.710   31.848  102.2  11.99  14.000    0.04811    2.36    1.80    3.47
20-07-2024 08:50:31.06   60.55   0.038  26.708   31.845  102.3  12.00  14.000    0.05033    2.46    2.48    3.01
20-07-2024 08:50:31.30   60.25   0.039  26.709   31.845  102.4  12.01  14.000    0.04589    2.35    2.55    3.42
20-07-2024 08:50:31.55   60.04   0.042  26.711   31.845  102.5  12.02  14.000    0.04219    2.29    2.41    3.16
20-07-2024 08:50:31.80   59.75   0.044  26.709   31.841  102.6  12.03  14.000    0.03849    2.83    2.14    3.11
20-07-2024 08:50:32.04   59.47   0.048  26.709   31.837  102.6  12.03  14.000    0.03775    2.83    2.14    3.11
20-07-2024 08:50:32.29   59.22   0.057  26.708   31.826  102.7  12.04  14.000    0.04071    2.15    2.35    3.03
20-07-2024 08:50:32.54   58.96   0.062  26.709   31.822  102.7  12.04  14.000    0.06661    2.34    2.33    3.15
20-07-2024 08:50:32.79   58.66   0.064  26.708   31.819  102.8  12.05  14.000    0.05625    2.19    2.35    3.00
20-07-2024 08:50:33.03   58.39   0.064  26.708   31.819  102.9  12.06  14.000    0.05995    2.40    1.68    3.30
20-07-2024 08:50:33.28   58.14   0.058  26.710   31.829  103.0  12.07  14.000    0.05699    2.18    2.35    3.15
20-07-2024 08:50:33.52   57.88   0.058  26.704   31.821  103.1  12.08  14.000    0.07031    2.38    2.42    3.58
20-07-2024 08:50:33.77   57.63   0.053  26.703   31.825  103.1  12.09  14.000    0.05551    2.38    2.42    3.58
20-07-2024 08:50:34.02   57.36   0.046  26.702   31.831  103.2  12.10  14.000    0.05699    2.41    2.10    3.03
20-07-2024 08:50:34.26   57.10   0.037  26.699   31.836  103.3  12.11  14.000    0.07550    2.65    2.40    3.22
20-07-2024 08:50:34.50   56.84   0.032  26.692   31.832  103.4  12.13  14.000    0.06587    2.17    2.42    2.93
20-07-2024 08:50:34.75   56.59   0.028  26.691   31.834  103.4  12.13  14.000    0.07402    2.35    1.84    3.13
20-07-2024 08:50:34.99   56.32   0.020  26.688   31.840  103.5  12.14  14.000    0.07994    2.48    2.30    3.14
20-07-2024 08:50:35.24   56.07   0.002  26.668   31.833  103.6  12.16  14.000    0.07328    2.45    2.53    3.55
20-07-2024 08:50:35.48   55.80  -0.013  26.665   31.844  103.6  12.17  14.000    0.07920    2.45    2.53    3.55
20-07-2024 08:50:35.73   55.52  -0.032  26.655   31.851  103.7  12.18  14.000    0.09548    2.31    1.81    3.24
20-07-2024 08:50:35.98   55.24  -0.059  26.626   31.841  103.8  12.21  14.000    0.07846    3.02    2.22    3.50
20-07-2024 08:50:36.23   54.96  -0.071  26.636   31.867  103.9  12.22  14.000    0.09844    2.70    2.23    3.18
20-07-2024 08:50:36.47   54.72  -0.081  26.631   31.872  103.9  12.22  14.000    0.10288    2.08    1.96    3.03
20-07-2024 08:50:36.72   54.44  -0.090  26.630   31.880  103.9  12.23  14.000    0.10214    2.43    2.13    2.86
20-07-2024 08:50:36.96   54.19  -0.100  26.567   31.807  104.0  12.24  14.000    0.09104    2.51    2.25    3.33
20-07-2024 08:50:37.21   53.91  -0.106  26.550   31.792  104.0  12.25  14.000    0.10362    2.51    2.25    3.33
20-07-2024 08:50:37.45   53.68  -0.114  26.533   31.778  104.1  12.26  14.000    0.09252    2.04    2.56    3.05
20-07-2024 08:50:37.70   53.42  -0.121  26.534   31.786  104.1  12.27  14.000    0.07846    2.43    2.10    3.23
20-07-2024 08:50:37.94   53.15  -0.123  26.530   31.783  104.1  12.27  14.000    0.11694    2.33    1.84    3.14
20-07-2024 08:50:38.19   52.87  -0.118  26.519   31.764  104.1  12.27  14.000    0.13027    2.35    2.65    3.45
20-07-2024 08:50:38.43   52.59  -0.113  26.511   31.749  104.1  12.27  14.000    0.11546    2.38    2.51    3.27
20-07-2024 08:50:38.68   52.38  -0.114  26.511   31.748  104.2  12.27  14.000    0.11250    2.29    2.65    3.25
20-07-2024 08:50:38.92   52.09  -0.116  26.513   31.754  104.2  12.27  14.000    0.10954    2.29    2.65    3.25
20-07-2024 08:50:39.17   51.83  -0.123  26.502   31.746  104.2  12.28  14.000    0.13323    2.36    2.09    3.06
20-07-2024 08:50:39.42   51.56  -0.126  26.487   31.731  104.2  12.29  14.000    0.13323    2.48    2.09    3.24
20-07-2024 08:50:39.67   51.28  -0.129  26.479   31.723  104.3  12.29  14.000    0.11472    2.49    2.09    3.36
20-07-2024 08:50:39.91   51.03  -0.131  26.477   31.723  104.3  12.30  14.000    0.13693    2.59    2.12    3.32
20-07-2024 08:50:40.16   50.80  -0.130  26.475   31.719  104.3  12.29  14.000    0.14359    2.37    2.12    3.01
20-07-2024 08:50:40.41   50.52  -0.130  26.472   31.715  104.3  12.30  14.000    0.13841    2.62    2.69    3.20
20-07-2024 08:50:40.65   50.28  -0.136  26.462   31.708  104.3  12.30  14.000    0.13027    2.62    2.69    3.20
20-07-2024 08:50:40.90   49.99  -0.146  26.448   31.700  104.4  12.31  14.000    0.15395    2.40    2.29    3.02
20-07-2024 08:50:41.14   49.75  -0.152  26.456   31.717  104.4  12.31  14.000    0.14359    2.32    2.29    3.40
20-07-2024 08:50:41.39   49.49  -0.156  26.443   31.705  104.4  12.32  14.000    0.15765    3.17    2.55    3.30
20-07-2024 08:50:41.63   49.18  -0.161  26.433   31.697  104.4  12.32  14.000    0.17246    2.52    2.26    3.15
20-07-2024 08:50:41.88   48.93  -0.166  26.427   31.694  104.4  12.33  14.000    0.17024    2.39    2.14    3.29
20-07-2024 08:50:42.12   48.68  -0.174  26.423   31.698  104.4  12.33  14.000    0.17838    2.11    2.39    3.38
20-07-2024 08:50:42.37   48.41  -0.181  26.417   31.697  104.4  12.33  14.000    0.18208    2.11    2.39    3.38
20-07-2024 08:50:42.61   48.10  -0.187  26.417   31.703  104.5  12.34  14.000    0.18060    2.33    2.76    3.29
20-07-2024 08:50:42.86   47.83  -0.197  26.397   31.687  104.5  12.35  14.000    0.18800    2.56    2.86    3.24
20-07-2024 08:50:43.11   47.56  -0.212  26.396   31.702  104.5  12.35  14.000    0.18800    2.41    2.37    3.19
20-07-2024 08:50:43.36   47.30  -0.220  26.375   31.683  104.5  12.36  14.000    0.20428    2.64    2.34    3.30
20-07-2024 08:50:43.60   47.04  -0.229  26.370   31.686  104.6  12.36  14.000    0.19910    2.44    2.84    3.20
20-07-2024 08:50:43.85   46.78  -0.231  26.366   31.683  104.6  12.36  14.000    0.20650    2.49    2.60    3.14
20-07-2024 08:50:44.09   46.51  -0.232  26.364   31.681  104.6  12.36  14.000    0.20280    2.49    2.60    3.14
20-07-2024 08:50:44.34   46.29  -0.238  26.327   31.639  104.6  12.37  14.000    0.21020    2.31    1.86    2.97
20-07-2024 08:50:44.58   46.03  -0.243  26.334   31.653  104.6  12.37  14.000    0.23093    2.78    2.38    3.35
20-07-2024 08:50:44.83   45.73  -0.246  26.321   31.640  104.6  12.37  14.000    0.22427    2.41    2.12    3.04
20-07-2024 08:50:45.08   45.49  -0.248  26.315   31.633  104.6  12.38  14.000    0.23167    2.49    2.20    3.12
20-07-2024 08:50:45.32   45.29  -0.255  26.315   31.641  104.6  12.38  14.000    0.22871    3.15    2.60    3.32
20-07-2024 08:50:45.56   44.98  -0.267  26.315   31.654  104.6  12.38  14.000    0.25017    2.98    2.16    3.13
20-07-2024 08:50:45.81   44.70  -0.291  26.293   31.650  104.7  12.40  14.000    0.25387    2.98    2.16    3.13
20-07-2024 08:50:46.05   44.47  -0.307  26.301   31.677  104.7  12.40  14.000    0.26053    2.39    2.82    3.35
20-07-2024 08:50:46.30   44.20  -0.313  26.261   31.631  104.7  12.41  14.000    0.26868    2.50    2.13    2.94
20-07-2024 08:50:46.55   43.94  -0.333  26.255   31.643  104.7  12.41  14.000    0.27534    2.42    2.11    3.33
20-07-2024 08:50:46.79   43.69  -0.365  26.256   31.679  104.8  12.43  14.000    0.27830    2.43    2.72    3.31
20-07-2024 08:50:47.04   43.40  -0.388  26.195   31.621  104.8  12.45  14.000    0.28570    2.25    2.22    3.02
20-07-2024 08:50:47.29   43.14  -0.406  26.203   31.651  104.8  12.45  14.000    0.28718    2.78    2.32    3.24
20-07-2024 08:50:47.53   42.88  -0.414  26.194   31.647  104.8  12.45  14.000    0.29754    2.78    2.32    3.24
20-07-2024 08:50:47.78   42.61  -0.422  26.154   31.602  104.8  12.46  14.000    0.30124    2.15    2.28    3.36
20-07-2024 08:50:48.03   42.35  -0.425  26.133   31.579  104.8  12.46  14.000    0.32715    2.68    2.23    3.14
20-07-2024 08:50:48.27   42.08  -0.426  26.133   31.580  104.8  12.46  14.000    0.31827    2.23    2.34    3.22
20-07-2024 08:50:48.52   41.83  -0.421  26.135   31.577  104.7  12.46  14.000    0.32049    2.46    2.63    3.33
20-07-2024 08:50:48.76   41.57  -0.397  26.142   31.561  104.7  12.44  14.000    0.34121    2.42    2.28    3.12
20-07-2024 08:50:49.01   41.30  -0.388  26.121   31.524  104.7  12.44  14.000    0.34861    2.57    2.63    3.42
20-07-2024 08:50:49.25   41.06  -0.388  26.126   31.531  104.7  12.44  14.000    0.35379    2.57    2.63    3.42
20-07-2024 08:50:49.50   40.77  -0.380  26.133   31.532  104.7  12.44  14.000    0.35231    2.90    2.44    3.36
20-07-2024 08:50:49.74   40.51  -0.367  26.143   31.533  104.7  12.43  14.000    0.38192    2.85    2.30    3.13
20-07-2024 08:50:49.99   40.23  -0.356  26.142   31.520  104.6  12.43  14.000    0.39376    2.69    2.27    3.14
20-07-2024 08:50:50.24   39.95  -0.352  26.139   31.512  104.7  12.43  14.000    0.41078    2.43    2.29    3.04
20-07-2024 08:50:50.48   39.69  -0.348  26.140   31.510  104.7  12.43  14.000    0.40930    2.30    2.70    3.43
20-07-2024 08:50:50.73   39.44  -0.345  26.143   31.510  104.7  12.43  14.000    0.42485    2.42    2.55    3.18
20-07-2024 08:50:50.98   39.17  -0.339  26.142   31.503  104.7  12.43  14.000    0.43299    2.42    2.55    3.18
20-07-2024 08:50:51.22   38.92  -0.333  26.141   31.496  104.7  12.43  14.000    0.44557    3.66    2.63    3.50
20-07-2024 08:50:51.47   38.63  -0.333  26.141   31.496  104.7  12.43  14.000    0.45297    2.65    2.08    3.46
20-07-2024 08:50:51.71   38.40  -0.330  26.141   31.492  104.7  12.43  14.000    0.46556    2.72    2.36    3.51
20-07-2024 08:50:51.96   38.12  -0.329  26.141   31.491  104.7  12.43  14.000    0.48998    2.70    2.02    3.27
20-07-2024 08:50:52.20   37.87  -0.327  26.136   31.483  104.7  12.43  14.000    0.48554    2.49    2.05    3.05
20-07-2024 08:50:52.45   37.61  -0.325  26.134   31.479  104.7  12.43  14.000    0.50182    2.81    2.56    2.84
20-07-2024 08:50:52.69   37.38  -0.324  26.134   31.476  104.8  12.44  14.000    0.51071    2.81    2.56    2.84
20-07-2024 08:50:52.94   37.10  -0.323  26.134   31.477  104.8  12.44  14.000    0.53735    2.79    2.11    3.58
20-07-2024 08:50:53.18   36.85  -0.316  26.136   31.472  104.8  12.44  14.000    0.52921    4.29    2.42    3.52
20-07-2024 08:50:53.43   36.59  -0.303  26.131   31.453  104.8  12.43  14.000    0.54401    2.91    2.53    3.50
20-07-2024 08:50:53.67   36.33  -0.296  26.134   31.449  104.8  12.43  14.000    0.56622    3.74    2.50    3.37
20-07-2024 08:50:53.92   36.04  -0.293  26.135   31.448  104.8  12.43  14.000    0.58546    3.14    2.33    3.50
20-07-2024 08:50:54.17   35.80  -0.287  26.136   31.443  104.8  12.43  14.000    0.61729    2.91    2.28    3.58
20-07-2024 08:50:54.42   35.51  -0.283  26.138   31.441  104.8  12.43  14.000    0.61951    2.91    2.28    3.58
20-07-2024 08:50:54.66   35.28  -0.279  26.138   31.437  104.9  12.44  14.000    0.63653    3.15    2.28    3.34
20-07-2024 08:50:54.91   34.98  -0.274  26.139   31.434  104.9  12.44  14.000    0.66688    2.69    1.97    3.09
20-07-2024 08:50:55.16   34.75  -0.275  26.138   31.433  104.9  12.44  14.000    0.68908    3.51    2.88    3.24
20-07-2024 08:50:55.40   34.45  -0.278  26.138   31.436  104.9  12.45  14.000    0.68760    3.09    2.63    3.62
20-07-2024 08:50:55.65   34.21  -0.288  26.134   31.442  105.0  12.45  14.000    0.71351    3.32    2.39    3.44
20-07-2024 08:50:55.89   33.91  -0.288  26.130   31.437  105.0  12.46  14.000    0.75348    3.52    2.68    3.49
20-07-2024 08:50:56.14   33.68  -0.290  26.126   31.433  105.1  12.46  14.000    0.75273    3.52    2.68    3.49
20-07-2024 08:50:56.38   33.43  -0.295  26.107   31.413  105.1  12.47  14.000    0.77568    3.71    2.60    3.38
20-07-2024 08:50:56.63   33.14  -0.301  26.098   31.408  105.1  12.48  14.000    0.79788    3.22    2.31    3.79
20-07-2024 08:50:56.87   32.88  -0.311  26.094   31.414  105.2  12.49  14.000    0.82897    3.04    2.22    3.35
20-07-2024 08:50:57.12   32.62  -0.316  26.094   31.418  105.2  12.49  14.000    0.83489    3.51    2.85    3.45
20-07-2024 08:50:57.36   32.34  -0.317  26.093   31.418  105.2  12.49  14.000    0.86746    4.43    2.92    2.97
20-07-2024 08:50:57.61   32.07  -0.319  26.090   31.417  105.2  12.49  14.000    0.91483    3.68    2.63    3.34
20-07-2024 08:50:57.86   31.80  -0.319  26.080   31.404  105.2  12.50  14.000    0.92297    3.68    2.63    3.34
20-07-2024 08:50:58.11   31.53  -0.305  26.081   31.390  105.2  12.49  14.000    0.96146    3.33    2.40    3.12
20-07-2024 08:50:58.35   31.24  -0.309  26.076   31.389  105.3  12.50  14.000    0.99476    3.95    2.42    3.42
20-07-2024 08:50:58.60   30.96  -0.305  26.075   31.384  105.3  12.50  14.000    1.02289    6.00    2.49    3.50
20-07-2024 08:50:58.84   30.69  -0.263  26.108   31.384  105.3  12.48  14.000    1.06582    3.82    2.25    3.55
20-07-2024 08:50:59.09   30.40  -0.221  26.110   31.342  105.3  12.47  14.000    1.12651    5.00    2.52    3.16
20-07-2024 08:50:59.33   30.16  -0.204  26.110   31.326  105.3  12.47  14.000    1.14946    4.58    2.41    3.35
20-07-2024 08:50:59.58   29.88  -0.194  26.114   31.322  105.3  12.47  14.000    1.17462    4.58    2.41    3.35
20-07-2024 08:50:59.82   29.64  -0.155  26.125   31.296  105.3  12.46  14.000    1.21459    5.19    2.17    3.24
20-07-2024 08:51:00.07   29.39  -0.139  26.143   31.303  105.4  12.46  14.000    1.25308    4.90    2.48    3.44
20-07-2024 08:51:00.31   29.13  -0.126  26.153   31.303  105.4  12.46  14.000    1.30711    5.57    2.95    3.21
20-07-2024 08:51:00.56   28.85  -0.107  26.176   31.314  105.4  12.46  14.000    1.34560    4.50    2.57    3.54
20-07-2024 08:51:00.81   28.58  -0.079  26.208   31.327  105.5  12.45  14.000    1.38038    5.70    2.32    3.40
20-07-2024 08:51:01.05   28.33  -0.070  26.199   31.306  105.5  12.45  14.000    1.43293    5.70    2.32    3.40
20-07-2024 08:51:01.30   28.06  -0.062  26.197   31.297  105.6  12.46  14.000    1.46994    5.87    2.22    3.43
20-07-2024 08:51:01.54   27.81  -0.055  26.199   31.292  105.6  12.46  14.000    1.51731    4.47    2.52    3.66
20-07-2024 08:51:01.80   27.51  -0.044  26.214   31.301  105.7  12.46  14.000    1.56764    4.67    2.42    3.29
20-07-2024 08:51:02.04   27.26  -0.032  26.211   31.284  105.7  12.47  14.000    1.62019    5.35    2.48    3.37
20-07-2024 08:51:02.28   26.99  -0.023  26.216   31.282  105.7  12.47  14.000    1.67793    5.32    2.23    3.07
20-07-2024 08:51:02.53   26.72  -0.014  26.215   31.271  105.8  12.47  14.000    1.74306    6.38    2.82    3.77
20-07-2024 08:51:02.78   26.47  -0.007  26.226   31.278  105.8  12.47  14.000    1.77637    5.57    2.51    3.17
20-07-2024 08:51:03.02   26.20   0.005  26.227   31.269  105.9  12.48  14.000    1.81189    5.57    2.51    3.17
20-07-2024 08:51:03.26   25.95   0.009  26.226   31.263  105.9  12.48  14.000    1.87777    4.96    2.54    3.71
20-07-2024 08:51:03.51   25.68   0.011  26.232   31.268  106.0  12.49  14.000    1.92662    6.63    2.12    3.54
20-07-2024 08:51:03.75   25.44   0.014  26.229   31.262  106.1  12.49  14.000    1.98287    4.54    2.11    3.69
20-07-2024 08:51:04.00   25.13   0.014  26.228   31.260  106.1  12.50  14.000    2.05096    5.76    2.62    3.69
20-07-2024 08:51:04.24   24.87   0.022  26.225   31.249  106.2  12.51  14.000    2.09463    4.89    2.53    3.78
20-07-2024 08:51:04.49   24.61   0.033  26.224   31.236  106.3  12.51  14.000    2.16495    4.89    2.53    3.78
20-07-2024 08:51:04.74   24.37   0.038  26.222   31.228  106.3  12.52  14.000    2.22416    5.75    2.39    3.61
20-07-2024 08:51:04.99   24.09   0.046  26.221   31.219  106.3  12.52  14.000    2.29225    5.30    2.24    3.41
20-07-2024 08:51:05.23   23.81   0.055  26.234   31.228  106.4  12.52  14.000    2.35368    4.36    2.75    3.73
20-07-2024 08:51:05.48   23.50   0.083  26.234   31.199  106.4  12.52  14.000    2.40475    4.81    2.18    3.47
20-07-2024 08:51:05.73   23.24   0.107  26.235   31.176  106.4  12.51  14.000    2.46693    5.06    2.88    3.60
20-07-2024 08:51:05.97   22.97   0.119  26.243   31.174  106.5  12.52  14.000    2.54094    4.85    2.57    3.25
20-07-2024 08:51:06.22   22.69   0.125  26.264   31.196  106.5  12.52  14.000    2.61052    4.85    2.57    3.25
20-07-2024 08:51:06.46   22.43   0.137  26.270   31.191  106.6  12.53  14.000    2.69415    4.05    2.32    3.19
20-07-2024 08:51:06.71   22.17   0.152  26.281   31.190  106.7  12.53  14.000    2.75485    5.41    2.49    3.19
20-07-2024 08:51:06.95   21.91   0.157  26.284   31.190  106.7  12.53  14.000    2.83108    4.22    2.29    2.90
20-07-2024 08:51:07.20   21.61   0.157  26.283   31.188  106.8  12.54  14.000    2.89992    3.79    2.01    3.18
20-07-2024 08:51:07.44   21.36   0.163  26.280   31.179  106.9  12.55  14.000    2.97319    3.88    2.45    3.48
20-07-2024 08:51:07.69   21.10   0.168  26.281   31.175  107.0  12.56  14.000    3.06201    4.72    3.00    3.27
20-07-2024 08:51:07.93   20.86   0.178  26.286   31.172  107.0  12.56  14.000    3.14861    4.72    3.00    3.27
20-07-2024 08:51:08.18   20.56   0.201  26.280   31.140  107.1  12.56  14.000    3.21818    4.03    2.18    3.50
20-07-2024 08:51:08.42   20.32   0.220  26.287   31.130  107.1  12.56  14.000    3.30108    5.15    2.42    3.33
20-07-2024 08:51:08.68   20.02   0.241  26.290   31.113  107.2  12.56  14.000    3.40544    4.18    2.66    3.43
20-07-2024 08:51:08.92   19.80   0.256  26.287   31.095  107.3  12.57  14.000    3.49352    4.84    2.32    3.27
20-07-2024 08:51:09.17   19.48   0.269  26.318   31.121  107.4  12.57  14.000    3.59196    3.93    2.72    3.13
20-07-2024 08:51:09.42   19.19   0.298  26.376   31.168  107.5  12.58  14.000    3.69114    3.77    2.27    2.88
20-07-2024 08:51:09.66   18.93   0.338  26.383   31.137  107.5  12.57  14.000    3.78736    3.77    2.27    2.88
20-07-2024 08:51:09.91   18.66   0.398  26.374   31.064  107.5  12.55  14.000    3.89838    4.86    1.84    3.31
20-07-2024 08:51:10.15   18.39   0.423  26.405   31.079  107.5  12.55  14.000    4.04715    4.87    2.20    3.58
20-07-2024 08:51:10.39   18.12   0.438  26.398   31.055  107.6  12.55  14.000    4.12561    4.72    2.58    3.18
20-07-2024 08:51:10.64   17.85   0.471  26.405   31.032  107.7  12.55  14.000    4.22331    4.69    2.56    3.60
20-07-2024 08:51:10.88   17.57   0.513  26.413   31.000  107.7  12.55  14.000    4.33729    3.53    2.43    3.36
20-07-2024 08:51:11.13   17.28   0.522  26.436   31.020  107.8  12.55  14.000    4.48754    4.15    2.17    3.21
20-07-2024 08:51:11.37   17.01   0.532  26.443   31.020  108.0  12.56  14.000    4.60671    4.15    2.17    3.21
20-07-2024 08:51:11.62   16.76   0.563  26.464   31.015  108.0  12.56  14.000    4.73105    4.05    2.43    3.35
20-07-2024 08:51:11.87   16.46   0.568  26.462   31.007  108.1  12.57  14.000    4.88130    4.12    2.82    3.13
20-07-2024 08:51:12.11   16.17   0.575  26.470   31.012  108.2  12.58  14.000    5.00269    3.70    2.45    3.04
20-07-2024 08:51:12.36   15.92   0.578  26.474   31.014  108.3  12.59  14.000    5.16626    3.93    2.68    3.48
20-07-2024 08:51:12.61   15.61   0.626  26.477   30.970  108.3  12.58  14.000    5.29727    4.48    2.40    3.21
20-07-2024 08:51:12.86   15.32   0.647  26.472   30.942  108.5  12.59  14.000    5.46232    4.26    2.60    3.60
20-07-2024 08:51:13.10   15.04   0.687  26.506   30.946  108.5  12.58  14.000    5.61627    4.26    2.60    3.60
20-07-2024 08:51:13.35   14.79   0.693  26.505   30.939  108.7  12.60  14.000    5.77689    4.27    2.32    3.36
20-07-2024 08:51:13.59   14.55   0.708  26.512   30.934  108.9  12.62  14.000    5.92714    4.29    2.40    3.15
20-07-2024 08:51:13.84   14.25   0.753  26.568   30.960  108.9  12.60  14.000    6.08701    4.86    2.35    3.45
20-07-2024 08:51:14.08   13.97   0.944  26.622   30.838  108.5  12.51  14.000    6.25059    4.31    2.10    3.26
20-07-2024 08:51:14.33   13.67   0.995  26.600   30.761  108.5  12.49  14.000    6.42896    3.96    3.10    3.36
20-07-2024 08:51:14.57   13.37   0.978  26.609   30.789  108.7  12.52  14.000    6.60734    4.47    2.73    3.22
20-07-2024 08:51:14.82   13.08   0.979  26.647   30.836  108.9  12.55  14.000    6.78942    4.47    2.73    3.22
20-07-2024 08:51:15.06   12.79   1.010  26.756   30.945  109.1  12.54  14.000    6.98704    4.03    2.54    3.58
20-07-2024 08:51:15.31   12.55   1.222  26.966   31.001  108.8  12.44  14.000    7.18096    3.53    2.56    3.13
20-07-2024 08:51:15.55   12.40   1.302  26.994   30.956  109.1  12.44  14.000    7.30234    3.72    2.30    3.38
20-07-2024 08:51:15.80   12.25   1.327  27.002   30.942  109.6  12.50  14.000    7.35563    4.43    2.19    3.30
20-07-2024 08:51:16.05   12.10   1.514  26.956   30.701  109.7  12.47  14.000    7.41929    4.71    2.25    3.46
20-07-2024 08:51:16.30   11.97   1.672  27.115   30.745  109.7  12.42  14.000    7.51847    3.64    2.22    3.38
20-07-2024 08:51:16.54   11.80   1.699  27.106   30.707  110.0  12.44  14.000    7.61469    3.64    2.22    3.38
20-07-2024 08:51:16.79   11.65   1.685  27.115   30.733  110.3  12.48  14.000    7.70498    3.62    2.57    3.39
20-07-2024 08:51:17.04   11.51   1.726  27.104   30.678  110.4  12.48  14.000    7.82563    4.20    2.67    3.32
20-07-2024 08:51:17.28   11.32   1.850  27.125   30.585  110.3  12.44  14.000    7.94998    3.31    1.98    3.71
20-07-2024 08:51:17.53   11.15   1.921  27.160   30.560  110.5  12.44  14.000    8.08764    3.64    2.16    3.17
20-07-2024 08:51:17.77   10.93   1.968  27.234   30.606  110.7  12.44  14.000    8.22457    4.23    2.22    3.11
20-07-2024 08:51:18.02   10.74   1.994  27.294   30.656  110.7  12.43  14.000    8.34892    3.65    2.06    3.34
20-07-2024 08:51:18.28   10.54   2.016  27.354   30.708  110.9  12.44  14.000    8.49843    3.02    2.18    3.51
20-07-2024 08:51:18.50   10.39   2.049  27.386   30.715  111.1  12.45  14.000    8.64942    3.02    2.18    3.51
20-07-2024 08:51:18.75   10.19   2.077  27.399   30.705  111.4  12.48  14.000    8.79967    3.39    1.76    3.40
20-07-2024 08:51:18.99   10.01   2.093  27.385   30.672  111.6  12.50  14.000    8.96324    3.07    2.75    3.23
20-07-2024 08:51:19.24    9.80   2.116  27.357   30.616  111.6  12.50  14.000    9.14754    4.73    1.74    3.08
20-07-2024 08:51:19.49    9.60   2.130  27.370   30.617  111.8  12.52  14.000    9.29335    3.53    2.23    3.27
20-07-2024 08:51:19.74    9.43   2.158  27.359   30.577  112.0  12.53  14.000    9.46063    3.16    2.29    3.38
20-07-2024 08:51:19.98    9.27   2.186  27.360   30.552  112.1  12.54  14.000    9.66417    3.16    2.29    3.38
20-07-2024 08:51:20.23    9.06   2.210  27.358   30.527  112.1  12.53  14.000    9.83144    2.88    2.66    3.29
20-07-2024 08:51:20.48    8.87   2.243  27.345   30.480  112.2  12.53  14.000   10.01426    3.13    2.13    3.44
20-07-2024 08:51:20.72    8.64   2.280  27.366   30.469  112.4  12.54  14.000   10.19338    3.14    2.49    3.59
20-07-2024 08:51:20.97    8.49   2.301  27.395   30.485  112.5  12.55  14.000   10.41986    3.66    1.97    3.10
20-07-2024 08:51:21.21    8.28   2.332  27.456   30.530  112.7  12.56  14.000   10.60194    3.15    1.95    3.21
20-07-2024 08:51:21.46    8.10   2.353  27.416   30.462  113.0  12.59  14.000   10.76996    3.16    2.44    3.47
20-07-2024 08:51:21.70    7.97   2.363  27.388   30.418  113.5  12.65  14.000   10.93131    3.16    2.44    3.47
20-07-2024 08:51:21.95    7.79   2.377  27.472   30.506  113.8  12.66  14.000   11.13115    3.41    2.01    3.30
20-07-2024 08:51:22.19    7.63   2.435  27.513   30.502  114.0  12.68  14.000   11.35394    3.15    2.66    3.16
20-07-2024 08:51:22.44    7.49   2.506  27.547   30.475  114.1  12.66  14.000   11.57672    3.04    1.90    3.30
20-07-2024 08:51:22.68    7.37   2.567  27.548   30.419  114.1  12.64  14.000   11.76842    4.94    1.97    3.27
20-07-2024 08:51:22.93    7.22   2.595  27.573   30.423  114.3  12.66  14.000   11.94828    3.41    2.39    3.02
20-07-2024 08:51:23.17    7.10   2.614  27.624   30.467  114.8  12.71  14.000   12.17995    3.24    2.32    3.25
20-07-2024 08:51:23.42    6.97   2.724  27.655   30.399  114.9  12.69  14.000   12.33464    3.24    2.32    3.25
20-07-2024 08:51:23.67    6.88   2.823  27.659   30.311  114.9  12.66  14.000   12.45454    2.88    2.59    3.35
20-07-2024 08:51:23.92    6.77   2.937  27.701   30.254  114.8  12.62  14.000   12.59147    3.49    1.79    3.29
20-07-2024 08:51:24.16    6.70   3.033  27.763   30.238  114.7  12.59  14.000   12.73728    3.57    2.36    3.68
20-07-2024 08:51:24.41    6.55   3.051  27.797   30.261  114.9  12.60  14.000   12.91270    3.75    2.66    3.35
20-07-2024 08:51:24.65    6.48   3.082  27.827   30.269  115.7  12.67  14.000   13.03408    3.87    2.58    3.11
20-07-2024 08:51:24.90    6.37   3.232  27.831   30.133  115.7  12.64  14.000   13.26353    3.33    2.13    3.20
20-07-2024 08:51:25.14    6.26   3.264  27.842   30.116  115.7  12.63  14.000   13.42562    3.33    2.13    3.20
20-07-2024 08:51:25.39    6.15   3.283  27.876   30.139  115.8  12.62  14.000   13.63435    3.93    2.50    3.36
20-07-2024 08:51:25.63    6.06   3.318  27.903   30.140  116.1  12.65  14.000   13.85343    3.87    2.53    3.23
20-07-2024 08:51:25.88    5.94   3.353  27.897   30.099  116.4  12.67  14.000   14.08214    3.74    2.49    3.08
20-07-2024 08:51:26.12    5.87   3.404  27.901   30.057  116.4  12.66  14.000   14.25163    3.82    2.41    3.54
20-07-2024 08:51:26.37    5.74   3.510  27.955   30.023  116.2  12.61  14.000   14.42113    4.06    2.56    3.29
20-07-2024 08:51:26.61    5.65   3.669  27.970   29.895  116.5  12.60  14.000   14.67870    3.95    2.94    3.40
20-07-2024 08:51:26.86    5.54   3.904  28.016   29.735  116.6  12.55  14.000   14.90741    3.95    2.94    3.40
20-07-2024 08:51:27.11    5.42   4.085  28.147   29.722  116.2  12.46  14.000   15.17608    3.67    2.72    3.25
20-07-2024 08:51:27.36    5.33   4.151  28.170   29.690  116.5  12.47  14.000   15.35964    3.75    2.25    2.99
20-07-2024 08:51:27.61    5.22   4.255  28.193   29.623  116.6  12.45  14.000   15.53950    3.45    2.73    3.38
20-07-2024 08:51:27.85    5.11   4.323  28.214   29.586  116.5  12.43  14.000   15.83260    3.38    2.85    3.47
20-07-2024 08:51:28.10    5.02   4.407  28.262   29.566  116.6  12.41  14.000   16.16344    3.39    2.28    3.48
20-07-2024 08:51:28.34    4.94   4.474  28.277   29.523  116.7  12.41  14.000   16.41806    4.04    2.28    3.15
20-07-2024 08:51:28.59    4.81   4.598  28.229   29.358  116.6  12.37  14.000   16.59939    4.04    2.28    3.15
20-07-2024 08:51:28.83    4.70   4.728  28.288   29.310  116.1  12.28  14.000   16.83254    3.96    2.42    3.13
20-07-2024 08:51:29.08    4.60   4.814  28.361   29.318  115.9  12.24  14.000   17.20410    4.95    2.19    3.61
20-07-2024 08:51:29.32    4.49   4.896  28.307   29.183  116.5  12.29  14.000   17.65189    4.32    2.66    3.36
20-07-2024 08:51:29.57    4.39   4.984  28.287   29.084  116.7  12.29  14.000   17.96646    4.14    2.60    3.28
20-07-2024 08:51:29.81    4.29   5.047  28.283   29.025  116.6  12.26  14.000   18.21663    3.67    1.87    3.39
20-07-2024 08:51:30.06    4.16   5.096  28.279   28.978  116.6  12.26  14.000   18.46162    3.53    2.54    3.10
20-07-2024 08:51:30.30    4.06   5.128  28.278   28.948  117.0  12.29  14.000   19.03746    3.53    2.54    3.10
20-07-2024 08:51:30.55    3.95   5.188  28.262   28.879  117.5  12.33  14.000   19.34240    3.52    1.98    3.39
20-07-2024 08:51:30.80    3.82   5.341  28.265   28.751  117.3  12.27  14.000   19.79241    3.16    2.05    3.18
20-07-2024 08:51:31.04    3.74   5.464  28.260   28.640  116.9  12.21  14.000   20.15731    3.46    2.70    3.21
20-07-2024 08:51:31.29    3.61   5.612  28.417   28.688  116.8  12.14  14.000   20.40452    3.55    2.77    3.47
20-07-2024 08:51:31.54    3.53   5.815  28.588   28.706  116.9  12.09  14.000   20.74573    5.23    2.15    3.65
20-07-2024 08:51:31.78    3.40   5.904  28.781   28.844  116.7  12.04  14.000   21.08398    6.45    2.30    3.31
20-07-2024 08:51:32.03    3.28   5.905  28.786   28.848  117.1  12.08  14.000   21.74567    6.45    2.30    3.31
20-07-2024 08:51:32.27    3.13   5.957  28.647   28.651  117.2  12.09  14.000   22.37702    3.90    2.64    3.64
20-07-2024 08:51:32.52    3.02   6.032  28.737   28.686  117.6  12.10  14.000   22.79817    3.58    2.26    3.26
20-07-2024 08:51:32.76    2.89   6.073  28.786   28.706  117.5  12.08  14.000   22.83666    3.89    2.47    3.33
20-07-2024 08:51:33.01    2.79   6.191  28.782   28.603  117.1  12.02  14.000   23.19341    3.99    2.62    3.65
20-07-2024 08:51:33.25    2.69   6.466  28.717   28.302  116.4  11.89  14.000   23.75371    5.47    2.40    3.52
20-07-2024 08:51:33.50    2.54   6.577  28.777   28.275  116.2  11.84  14.000   24.23777    3.86    2.48    3.90
20-07-2024 08:51:33.74    2.42   6.663  28.780   28.207  116.1  11.81  14.000   24.35249    3.86    2.48    3.90
20-07-2024 08:51:33.99    2.30   6.862  28.763   28.027  116.0  11.76  14.000   24.47758    3.73    2.23    3.37
20-07-2024 08:51:34.24    2.18   7.608  28.933   27.608  114.0  11.38  14.000   25.56190    3.28    2.05    3.21
20-07-2024 08:51:34.49    2.08   7.642  28.722   27.359  114.8  11.47  14.000   26.86530    3.83    2.51    3.09
20-07-2024 08:51:34.73    1.95   7.699  28.552   27.135  115.6  11.55  14.000   28.35301    4.31    2.26    3.09
20-07-2024 08:51:34.98    1.84   7.899  28.673   27.107  116.2  11.56  14.000   29.19901    3.85    2.20    3.29
20-07-2024 08:51:35.23    1.74   7.988  28.567   26.927  116.1  11.55  14.000   28.46996    4.06    2.08    3.32
20-07-2024 08:51:35.47    1.64   8.033  28.389   26.708  116.9  11.63  14.000   28.94365    4.06    2.08    3.32
20-07-2024 08:51:35.72    1.49   8.071  28.394   26.685  117.6  11.68  14.000   30.60011    3.64    2.22    3.38
20-07-2024 08:51:35.96    1.40   8.315  28.209   26.311  118.0  11.69  14.000   31.40688    3.14    2.72    2.89
20-07-2024 08:51:36.21    1.33   8.900  27.122   24.783  117.6  11.61  14.000   32.21291    3.90    2.34    3.67
20-07-2024 08:51:36.45    1.23   9.401  26.640   23.961  116.8  11.45  14.000   32.74137    3.83    2.36    3.18
20-07-2024 08:51:36.70    1.14   9.563  26.524   23.740  116.7  11.43  14.000   35.78044    3.56    2.36    3.11
20-07-2024 08:51:36.94    1.09   9.621  26.712   23.886  117.5  11.48  14.000   36.23859    3.56    2.92    3.17
20-07-2024 08:51:37.19    0.97   9.559  26.855   24.068  118.2  11.55  14.000   35.28972    3.56    2.92    3.17
20-07-2024 08:51:37.43    0.87   9.635  26.388   23.558  117.9  11.54  14.000   34.83897    2.99    2.30    2.93
20-07-2024 08:51:37.68    0.80   9.787  25.453   22.548  117.9  11.57  14.000   34.58065    3.11    1.96    3.31
20-07-2024 08:51:37.92    0.75   9.880  24.889   21.944  117.5  11.55  14.000   40.36864    4.76    1.79    2.92
20-07-2024 08:51:38.18    0.67   9.958  24.250   21.282  117.9  11.62  14.000   42.06730    3.18    2.01    3.48
20-07-2024 08:51:38.42    0.59   9.977  24.302   21.320  118.0  11.62  14.000   40.40935    6.30    2.57    3.10
20-07-2024 08:51:38.67    0.50  10.048  24.467   21.437  118.3  11.62  14.000   38.41538    2.93    1.83    3.97
20-07-2024 08:51:38.92    0.38  10.226  23.629   20.533  117.9  11.60  14.000   41.30790    2.93    1.83    3.97
20-07-2024 08:51:39.16    0.28  10.481  23.572   20.336  116.9  11.45  14.000   62.26752    3.38    2.63    3.60
20-07-2024 08:51:39.41    0.22  10.469  23.844   20.600  118.4  11.58  14.000   97.92954    2.95    2.26    3.38
20-07-2024 08:51:39.65    0.15  10.293  23.630   20.496  119.7  11.76  14.000  104.39922    2.93    2.54    3.19
20-07-2024 08:51:39.90    0.08  10.508  23.118   19.893  119.7  11.75  14.000  108.93190    3.26    1.53    3.09
20-07-2024 08:51:40.15    0.01  10.612  23.118   19.837  119.7  11.73  14.000  109.99477    2.87    2.15    3.25
20-07-2024 08:51:40.39   -0.04  10.603  22.939   19.673  120.0  11.77  14.000  107.05266    3.48    2.63    3.31
20-07-2024 08:51:40.63   -0.17  10.613  22.540   19.294  119.7  11.77  14.000  102.20689    3.48    2.63    3.31
20-07-2024 08:51:40.88   -0.20  10.702  22.353   19.073  119.4  11.73  14.000   99.80065    3.08    2.65    3.52
20-07-2024 08:51:41.12   -0.19  10.542   3.266    2.419  119.7  13.11  14.000   99.02422    3.65    2.65   13.54
20-07-2024 08:51:41.37   -0.20  10.401   1.841    1.325  119.1  13.19  14.000   99.81323    3.65    2.65   13.54
20-07-2024 08:51:41.62   -0.21  10.333   1.765    1.270  118.1  13.10  14.000  101.50448    3.01    2.65    7.72
20-07-2024 08:51:41.86   -0.20  10.294   1.524    1.090  117.2  13.03  14.000  102.81010   37.12    3.32    7.72
20-07-2024 08:51:42.11   -0.21  10.261   1.346    0.957  116.6  12.98  14.000  104.07725   37.12   31.98    7.72
20-07-2024 08:51:42.36   -0.21  10.234   1.326    0.943  116.0  12.92  14.000  104.86922   37.12   31.98    7.72
20-07-2024 08:51:42.60   -0.21  10.214   1.286    0.913  115.3  12.85  14.000  105.54202   30.88   31.98   31.70
20-07-2024 08:51:42.85   -0.17  10.195   1.168    0.826  114.5  12.77  14.000  107.60926   48.92   47.30   31.70
20-07-2024 08:51:43.10   -0.18  10.166   1.036    0.730  113.2  12.65  14.000  108.71430    8.20   47.30   29.39
20-07-2024 08:51:43.34   -0.18  10.122   0.840    0.587  112.8  12.63  14.000  110.95474    8.20   30.48   20.53
20-07-2024 08:51:43.59   -0.19  10.076   0.664    0.460  112.8  12.65  14.000  113.18704   31.46   30.48   24.20
20-07-2024 08:51:43.83   -0.22  10.041   0.838    0.587  111.8  12.54  14.000  113.50531    4.70   29.83   24.20
20-07-2024 08:51:44.07   -0.16  10.019   0.858    0.602  111.0  12.46  14.000  111.92434    4.70   29.83   24.20
20-07-2024 08:51:44.32   -0.21   9.998   0.780    0.545  110.2  12.38  14.000  113.87168    4.70   20.75   24.20
20-07-2024 08:51:44.57   -0.18   9.974   0.652    0.453  109.8  12.34  14.000  116.43705    4.70    0.66   24.20
20-07-2024 08:51:44.81   -0.18   9.950   0.552    0.381  109.5  12.32  14.000  118.81664   23.95   22.75   76.46
20-07-2024 08:51:45.06   -0.18   9.931   0.497    0.342  108.5  12.22  14.000  121.51523   21.70   22.75    7.11
20-07-2024 08:51:45.30   -0.18   9.908   0.481    0.331  107.8  12.15   0.000  125.59496    1.72   22.75   18.27
20-07-2024 08:51:45.55   -0.17   9.884   0.477    0.328  107.2  12.09   0.000  135.39308    1.72   22.75   18.27
20-07-2024 08:51:45.80   -0.23   9.854   0.458    0.315  106.3  12.00   0.000  144.60280    1.72    0.00   18.27
20-07-2024 08:51:46.05   -0.20   9.821   0.427    0.293  106.0  11.98   0.000  146.92171    1.72    0.08   18.27
20-07-2024 08:51:46.29   -0.17   9.787   0.405    0.278  105.7  11.95  14.000  146.11862   10.81    0.08   24.39
20-07-2024 08:51:46.54   -0.15   9.756   0.391    0.268  105.3  11.91  14.000  149.44785    1.44   87.14   22.51
20-07-2024 08:51:46.78   -0.17   9.729   0.385    0.264  104.8  11.87  14.000  152.18936    1.44   23.21   33.15
20-07-2024 08:51:47.03   -0.21   9.701   0.378    0.259  104.6  11.85  14.000  153.34399    1.44 1000.00   11.39
20-07-2024 08:51:47.27   -0.20   9.670   0.367    0.252  104.2  11.81  14.000  152.68379    1.44 1000.00   11.39
20-07-2024 08:51:47.52   -0.19   9.642   0.359    0.247  103.7  11.76  14.000  147.65001    1.44   29.40    3.99
20-07-2024 08:51:47.76   -0.19   9.621   0.354    0.243  103.8  11.79  14.000  152.37218 1000.00    0.00    3.99
20-07-2024 08:51:48.01   -0.17   9.601   0.351    0.241  103.3  11.74  14.000  155.52005 1000.00    0.00   27.91
20-07-2024 08:51:48.25   -0.15   9.583   0.349    0.239  103.0  11.71  14.000  156.16991 1000.00    0.00   27.91
20-07-2024 08:51:48.50   -0.17   9.566   0.343    0.235  102.6  11.66  14.000  156.58513   12.97    0.00 1000.00
20-07-2024 08:51:48.74   -0.17   9.551   0.334    0.229  102.4  11.65  14.000  154.15077   15.30    2.47   14.34
20-07-2024 08:51:49.00   -0.17   9.537   0.326    0.224  102.4  11.65  14.000  157.96773   15.30    2.47   26.26
20-07-2024 08:51:49.29   -0.19   9.522   0.322    0.221  101.9  11.60  14.000  158.24159   15.30    2.47   34.73
20-07-2024 08:51:49.48   -0.24   9.509   0.321    0.220  101.4  11.54  14.000  158.85516   15.30    2.47   34.73
20-07-2024 08:51:49.73   -0.20   9.497   0.317    0.217  101.2  11.53  14.000  160.96239   19.96 1000.00   10.19
20-07-2024 08:51:49.98   -0.17   9.487   0.863    0.614  101.2  11.50  14.000  162.45676   19.96   45.92    8.24
20-07-2024 08:51:50.22   -0.15   9.476   0.739    0.523  101.2  11.51  14.000  162.45897   32.19   45.92   23.58
20-07-2024 08:51:50.47   -0.21   9.466   0.744    0.527  100.8  11.47  14.000  162.55742    0.00 1000.00   23.58
20-07-2024 08:51:50.71   -0.20   9.456   0.761    0.539  100.4  11.42  14.000  163.06516    0.00 1000.00   23.58
20-07-2024 08:51:50.96   -0.20   9.447   0.629    0.442  100.4  11.43  14.000  163.78163   20.65 1000.00   22.57
20-07-2024 08:51:51.21   -0.19   9.439   0.514    0.359  100.4  11.44  14.000  163.86378   20.65   34.99   22.57
20-07-2024 08:51:51.45   -0.20   9.433   0.467    0.325  100.2  11.42  14.000  156.24391 1000.00   46.59 1000.00
20-07-2024 08:51:51.69   -0.23   9.427   0.433    0.300   99.4  11.33  14.000  153.68373    7.49   46.59   31.49
20-07-2024 08:51:51.94   -0.21   9.417   0.422    0.293   99.9  11.40  14.000  148.14369    3.80   46.59   31.49
20-07-2024 08:51:52.18   -0.17   9.400   0.436    0.303   99.4  11.34  14.000  151.89700    3.80   46.59    6.74
20-07-2024 08:51:52.43   -0.21   9.379   0.410    0.285   99.4  11.35  14.000  145.79816    3.80   46.59    6.74
20-07-2024 08:51:52.67   -0.17   9.357   0.401    0.278   99.2  11.33  14.000  146.58345    5.96 1000.00   25.89
20-07-2024 08:51:52.93   -0.18   9.346   0.910    0.652   98.9  11.27  14.000  156.29276    0.00   12.46    0.00
20-07-2024 08:51:53.17   -0.21   9.336   1.008    0.725   98.8  11.26  14.000  166.06055    0.00   12.46    8.94
20-07-2024 08:51:53.42   -0.23   9.322   1.049    0.756   98.4  11.21  14.000  169.79536    0.00    0.40    4.06
20-07-2024 08:51:53.67   -0.20   9.310   0.787    0.561   98.6  11.25  14.000  166.66379    4.36    0.40    2.47
20-07-2024 08:51:53.91   -0.23   9.300   0.809    0.577   98.4  11.23  14.000  160.90984    4.36   19.92    8.73
20-07-2024 08:51:54.16   -0.18   9.292   0.632    0.447   98.4  11.24  14.000  153.85397    4.36   19.92    8.73
20-07-2024 08:51:54.40   -0.16   9.283   0.518    0.363   98.3  11.25  14.000  147.64780    7.77   19.92    3.45
20-07-2024 08:51:54.65   -0.23   9.277   0.592    0.417   98.4  11.25  14.000  144.42590    7.77   20.64   16.77
20-07-2024 08:51:54.89   -0.20   9.277   0.560    0.393   98.5  11.26  14.000  146.31700 1000.00   20.64    3.66
20-07-2024 08:51:55.14   -0.22   9.278   0.513    0.360   98.5  11.26  14.000  149.87564    3.34   20.64   24.71
20-07-2024 08:51:55.38   -0.20   9.274   0.556    0.391   98.5  11.26  14.000  152.22784    6.09   20.64    8.74
20-07-2024 08:51:55.63   -0.18   9.264   0.893    0.640   98.4  11.24  14.000  149.99260    0.78   20.64   12.94
20-07-2024 08:51:55.87   -0.20   9.252   0.880    0.630   98.4  11.24  14.000  146.96240    0.78   20.64   12.94
20-07-2024 08:51:56.12   -0.21   9.245   0.872    0.625   98.4  11.24  14.000  145.44066    0.00   20.64   12.94
20-07-2024 08:51:56.36   -0.20   9.244   0.778    0.555   98.4  11.25  14.000  152.50615   10.61 1000.00   12.94
20-07-2024 08:51:56.61   -0.20   9.234   0.880    0.631   98.4  11.25  14.000  159.64565    2.33 1000.00    1.19
20-07-2024 08:51:56.86   -0.18   9.226   0.704    0.500   98.1  11.22  14.000  156.96262 1000.00 1000.00    1.19
20-07-2024 08:51:57.11   -0.19   9.213   0.795    0.568   97.5  11.15  14.000  147.84023   17.82    0.00    1.19
20-07-2024 08:51:57.35   -0.17   9.199   0.820    0.587   97.3  11.13  14.000  143.54660   11.45    9.68    0.00
20-07-2024 08:51:57.60   -0.21   9.188   0.744    0.530   96.9  11.10  14.000  144.11652   11.45    9.68    0.00
20-07-2024 08:51:57.84   -0.19   9.174   0.581    0.410   97.0  11.12  14.000  141.32764   11.45    0.65    6.09
20-07-2024 08:51:58.09   -0.20   9.160   0.510    0.359   96.7  11.10  14.000  136.75867    2.94    9.59    5.21
20-07-2024 08:51:58.33   -0.18   9.149   0.451    0.316   96.4  11.07  14.000  131.58722    2.94    5.79    5.21
20-07-2024 08:51:58.58   -0.25   9.136   0.437    0.305   96.3  11.05  14.000  124.93178    2.94   11.65    5.21
20-07-2024 08:51:58.82   -0.16   9.129   0.422    0.295   96.2  11.04  14.000  127.50307    2.10   11.65 1000.00
20-07-2024 08:51:59.07   -0.19   9.127   0.411    0.287   96.1  11.04  14.000  126.66003   11.47   11.65    0.09
20-07-2024 08:51:59.31   -0.20   9.123   0.400    0.279   95.9  11.02  14.000  118.62939   11.47   11.65    0.09
20-07-2024 08:51:59.56   -0.17   9.122   0.388    0.270   95.7  11.00  14.000  106.66779    1.53    6.51    3.15
20-07-2024 08:51:59.80   -0.18   9.118   0.380    0.265   95.7  10.99  14.000  102.85748    7.63    6.51    7.30
20-07-2024 08:52:00.05   -0.21   9.119   0.373    0.260   95.6  10.98  14.000   99.44537    7.63    6.51    8.52
20-07-2024 08:52:00.30   -0.19   9.125   0.369    0.257   95.5  10.96  14.000   99.43723    7.85   28.06    2.60
20-07-2024 08:52:00.55   -0.18   9.130   0.359    0.250   95.3  10.95  14.000   99.70146    3.58   28.06    2.60
20-07-2024 08:52:00.80   -0.19   9.137   0.348    0.241   95.2  10.93  14.000  100.68365    3.90    0.45   10.06
20-07-2024 08:52:01.04   -0.18   9.142   0.342    0.237   95.0  10.91  14.000  101.18104    3.90    0.45   10.06
20-07-2024 08:52:01.29   -0.17   9.149   0.325    0.225   94.9  10.90  14.000  102.50591    2.02    5.70   10.65
20-07-2024 08:52:01.53   -0.24   9.149   0.306    0.212   94.9  10.90  14.000  118.25486    2.02    7.68    9.23
20-07-2024 08:52:01.78   -0.20   9.154   0.300    0.207   94.8  10.89  14.000  123.36932    2.02    7.34   13.99
20-07-2024 08:52:02.03   -0.18   9.152   0.293    0.203   94.8  10.89  14.000  108.52038    5.30    1.32    2.65
20-07-2024 08:52:02.27   -0.21   9.147   0.286    0.198   94.8  10.88  14.000   99.32029    3.82    1.32    9.77
20-07-2024 08:52:02.51   -0.18   9.138   0.320    0.222   94.8  10.88  14.000   98.38177    3.82    2.50    9.77
20-07-2024 08:52:02.76   -0.22   9.130   0.490    0.344   94.7  10.88  14.000   94.88307    3.82    2.50    9.77
20-07-2024 08:52:03.00   -0.23   9.137   0.535    0.377   94.7  10.87  14.000   93.00087    2.34    4.57    1.17
20-07-2024 08:52:03.25   -0.16   9.131   0.460    0.322   94.7  10.87  14.000   93.44199    5.83    1.50    1.77
20-07-2024 08:52:03.49   -0.20   9.124   0.479    0.336   94.7  10.88  14.000   98.42989    3.48    2.63    1.77
20-07-2024 08:52:03.74   -0.24   9.120   0.541    0.382   94.7  10.87  14.000  100.03380    3.48    2.63    3.36
20-07-2024 08:52:03.99   -0.19   9.115   0.492    0.346   94.7  10.88  14.000   98.93171    1.61    1.44    3.48
20-07-2024 08:52:04.23   -0.18   9.123   0.435    0.304   94.7  10.88  14.000   99.85246    0.98    1.00    1.99
20-07-2024 08:52:04.48   -0.19   9.127   0.395    0.276   94.7  10.87  14.000   99.26700    0.98    1.00    1.99
20-07-2024 08:52:04.73   -0.17   9.131   0.370    0.258   94.7  10.88  14.000   97.24342    2.74    1.00    2.21
20-07-2024 08:52:04.97   -0.21   9.138   0.351    0.244   94.7  10.88  14.000   94.81424    2.15    0.83   11.07
20-07-2024 08:52:05.22   -0.18   9.148   0.337    0.234   94.7  10.87  14.000   94.22878    1.40    2.29    3.04
20-07-2024 08:52:05.46   -0.19   9.160   0.328    0.227   94.7  10.87  14.000   87.11369    1.63    2.44    3.57
20-07-2024 08:52:05.71   -0.19   9.173   0.318    0.220   94.7  10.87  14.000   74.48226    3.01    1.54    0.43
20-07-2024 08:52:05.95   -0.24   9.191   0.353    0.245   94.5  10.84  14.000   71.32255    3.01    4.82    1.62
20-07-2024 08:52:06.20   -0.21   9.194   0.403    0.280   94.6  10.84  14.000   72.88649    3.01    4.82    1.62
20-07-2024 08:52:06.44   -0.18   9.195   0.409    0.285   94.6  10.84  14.000   76.87148    6.40    5.55    3.26
20-07-2024 08:52:06.69   -0.17   9.198   0.491    0.345   94.6  10.84  14.000   76.65461    6.40    5.55    3.26
20-07-2024 08:52:06.93   -0.21   9.206   0.492    0.345   94.7  10.85  14.000   74.31943    5.70    4.17    3.78
20-07-2024 08:52:07.18   -0.18   9.219   0.477    0.334   94.6  10.84  14.000   72.17076    3.74    0.26    3.03
20-07-2024 08:52:07.42   -0.21   9.245   0.447    0.312   94.5  10.82  14.000   70.04875    3.58    3.18    2.93
20-07-2024 08:52:07.68   -0.19   9.272   0.419    0.292   94.4  10.81  14.000   69.35818    2.41    2.29    3.51
20-07-2024 08:52:07.92   -0.18   9.282   0.399    0.277   94.4  10.80  14.000   70.46101    2.41    2.29    3.51
20-07-2024 08:52:08.17   -0.18   9.268   0.382    0.265   94.4  10.81  14.000   70.93324    2.81    2.11    3.38
20-07-2024 08:52:08.42   -0.19   9.262   0.366    0.254   94.3  10.80  14.000   69.33524    2.62    3.13    2.58
20-07-2024 08:52:08.66   -0.20   9.257   0.352    0.244   94.4  10.81  14.000   69.01698    2.44    3.49    2.86
20-07-2024 08:52:08.91   -0.20   9.253   0.344    0.238   94.4  10.81  14.000   68.62988    1.52    2.10    2.86
20-07-2024 08:52:09.15   -0.18   9.243   0.339    0.234   94.4  10.81  14.000   71.79921    1.65    2.22    3.46
20-07-2024 08:52:09.40   -0.18   9.233   0.332    0.230   94.4  10.82  14.000   68.56770    1.29    2.60    4.69
20-07-2024 08:52:09.64   -0.20   9.229   0.326    0.225   94.3  10.81  14.000   66.08154    1.29    2.60    4.69
20-07-2024 08:52:09.89   -0.13   9.213   0.320    0.221   94.4  10.82  14.000   66.49010    1.76    0.80    2.99
20-07-2024 08:52:10.13   -0.19   9.209   0.314    0.217   94.3  10.82  14.000   67.13625    0.17    4.00    1.96
20-07-2024 08:52:10.38   -0.20   9.202   0.308    0.213   94.4  10.82  14.000   70.84219   13.07    2.88    2.60
20-07-2024 08:52:10.62   -0.21   9.199   0.304    0.210   94.4  10.83  14.000   72.78880    3.20    1.44    2.66
20-07-2024 08:52:10.87   -0.19   9.190   0.300    0.207   94.3  10.82  14.000   72.95459    2.48    2.96    3.57
20-07-2024 08:52:11.11   -0.12   9.183   0.296    0.205   94.3  10.82  14.000   72.38689    2.30    2.96    2.91
20-07-2024 08:52:11.36   -0.20   9.180   0.293    0.202   94.3  10.82  14.000   68.00593    2.30    2.96    2.91
20-07-2024 08:52:11.61   -0.19   9.176   0.291    0.201   94.3  10.83  14.000   65.01572    1.30    1.84    3.05
20-07-2024 08:52:11.86   -0.21   9.174   0.288    0.199   94.3  10.83  14.000   65.43316    1.96    1.46    3.57
